case_num,cutoff,parameter,minimum,maximum,median,relative_window_range
1,2003-01-01,D_oil,0.09398031746642736,0.11319774015841647,0.09398031746642736,0.20448348345763093
1,2003-01-01,D_liquid,0.0,0.0,0.0,0.0
1,2003-01-01,water_plateau,27386.921386718746,27386.921386718746,27386.921386718746,0.0
1,2003-01-01,water_k,0.06738098179522653,0.07726438080124631,0.06738098179522653,0.14667935584636957
1,2003-01-01,beta_time,0.8998292082064656,2.118187146491283,2.118187146491283,0.5751889960728884
1,2003-01-01,beta_volume,1.4517217053387412,3.4512849281699167,3.4512849281699167,0.5793677614126941
1,2004-01-01,D_oil,0.14156343649785347,0.1970950966880708,0.14156343649785347,0.39227403321096516
1,2004-01-01,D_liquid,0.021540702400436935,0.060981346289929114,0.021540702400436935,1.8309822565810183
1,2004-01-01,water_plateau,7756.624099080474,29432.583007812496,29432.583007812496,0.7364613191774035
1,2004-01-01,water_k,0.050386582390466964,0.3996959118722769,0.050386582390466964,6.93258627415656
1,2004-01-01,beta_time,0.5105816183442541,1.5328257171260622,1.5328257171260622,0.6669017145004863
1,2004-01-01,beta_volume,0.8506217253785444,2.5494627118811803,2.5494627118811803,0.6663525528675438
1,2005-01-01,D_oil,0.1553282440805762,0.21381139767255422,0.17403825754988989,0.33603619350885094
1,2005-01-01,D_liquid,0.03782111699804046,0.0892276592669326,0.049969593745548775,1.028756457990443
1,2005-01-01,water_plateau,6438.996461380971,11326.140957303904,7812.081125682227,0.6255880369516951
1,2005-01-01,water_k,0.14831762524832076,1.0033721068658539,0.33281507029069696,2.5691579436913323
1,2005-01-01,beta_time,0.35625377092844074,1.1739190176072498,0.5454133284882873,1.4991662358987774
1,2005-01-01,beta_volume,0.645540939155057,2.0351069054739863,0.9497113891195528,1.4631455221434713
1,2008-01-01,D_oil,0.136710230869675,0.16307716972662217,0.1579052929992838,0.1669794492390244
1,2008-01-01,D_liquid,0.024169500802707803,0.046734213393472064,0.03870221761804865,0.583034099323582
1,2008-01-01,water_plateau,9440.021194275412,38311.787109374985,11867.912859294353,2.4327585024765885
1,2008-01-01,water_k,0.013876313365121207,0.19850817103656648,0.09532711040363105,1.9368242348864124
1,2008-01-01,beta_time,0.19990880866672173,0.673131026546891,0.2274605133149762,2.0804587617582415
1,2008-01-01,beta_volume,0.43772219999092954,1.3149873380848043,0.4788965664283009,1.8318467902926936
2,2003-01-01,D_oil,0.05106763033291016,0.06112119957324384,0.05106763033291016,0.1968677452780638
2,2003-01-01,D_liquid,0.0,0.0,0.0,0.0
2,2003-01-01,water_plateau,21293.04443351979,21293.04443359367,21293.04443359367,3.4696810897486873e-12
2,2003-01-01,water_k,0.06716650109180654,0.07658128740948611,0.06716650109180654,0.14017086143598534
2,2003-01-01,beta_time,0.8854166943716345,2.095709076221525,2.095709076221525,0.5775097295622713
2,2003-01-01,beta_volume,1.416284853573588,3.392669712279245,3.392669712279245,0.5825456134301659
2,2004-01-01,D_oil,0.11709846037212704,0.1695326229408462,0.11709846037212704,0.44777841145040426
2,2004-01-01,D_liquid,0.01254050899850118,0.048140298742468335,0.01254050899850118,2.838783477466663
2,2004-01-01,water_plateau,11697.798613876626,26912.770994765164,26912.770994765164,0.5653439545057631
2,2004-01-01,water_k,0.05188538129890743,0.16402391371265576,0.05188538129890743,2.161274131681281
2,2004-01-01,beta_time,0.5276451461897376,1.5681561842558358,1.5681561842558358,0.6635251313056358
2,2004-01-01,beta_volume,0.8647972663594019,2.578804844239272,2.578804844239272,0.664651914901102
2,2005-01-01,D_oil,0.1329407637328359,0.19544873170252533,0.15105562457812366,0.4138076165271242
2,2005-01-01,D_liquid,0.027541036511696284,0.07558340305874338,0.03828044584840696,1.2550106322506789
2,2005-01-01,water_plateau,6921.580383072131,22517.890580429364,9419.869359944116,1.6556822182351116
2,2005-01-01,water_k,0.05700842357604321,0.49188127711235247,0.20633110434654067,2.1076456451564587
2,2005-01-01,beta_time,0.38946353948295737,1.2067981411553041,0.586914712139053,1.3925951842193764
2,2005-01-01,beta_volume,0.683817141252317,2.05133077848915,1.0001392844438797,1.3673231903866565
2,2008-01-01,D_oil,0.11547290581512246,0.14397434314375604,0.13580363331430412,0.2098724211794085
2,2008-01-01,D_liquid,0.019476012210703636,0.040554484771864054,0.03138196016040691,0.6716748237974662
2,2008-01-01,water_plateau,10413.29269495207,37134.21510689514,10456.576320273727,2.5554179105578974
2,2008-01-01,water_k,0.016193875320097403,0.14845697118315937,0.13448164854153424,0.9835029336527868
2,2008-01-01,beta_time,0.18723199027242152,0.6834235015637686,0.2279917528190733,2.1763572811561662
2,2008-01-01,beta_volume,0.38988822519141053,1.2893282291887131,0.45912100998388655,1.9590477988120596
3,2003-01-01,D_oil,0.14537053777581355,0.1692023644125004,0.14537053777581355,0.16393849126044804
3,2003-01-01,D_liquid,0.0,0.0,0.0,0.0
3,2003-01-01,water_plateau,33559.824218405854,33559.82421874999,33559.82421874999,1.025447097077989e-11
3,2003-01-01,water_k,0.06493837268146924,0.07147050709282868,0.06493837268146924,0.10058974596422934
3,2003-01-01,beta_time,0.7924474532674827,1.8026779966337678,1.8026779966337678,0.5604054330572293
3,2003-01-01,beta_volume,1.2984988652953537,2.9737360324496493,2.9737360324496493,0.5633442742980451
3,2004-01-01,D_oil,0.1689822595205929,0.21426034319188933,0.1689822595205929,0.26794578199955155
3,2004-01-01,D_liquid,0.026955527940204414,0.06613915640211085,0.026955527940204414,1.4536398080878876
3,2004-01-01,water_plateau,7131.353826712527,12459.171634219223,12459.171634219223,0.42762215369710443
3,2004-01-01,water_k,0.17205629823659765,0.8709523070826833,0.17205629823659765,4.062019327447238
3,2004-01-01,beta_time,0.44830302689764906,1.2888753371392796,1.2888753371392796,0.6521750288955959
3,2004-01-01,beta_volume,0.7658238122598509,2.182119086550839,2.182119086550839,0.6490458211103647
3,2005-01-01,D_oil,0.1858671575208721,0.22581427708370427,0.20279642340375784,0.19698138109319313
3,2005-01-01,D_liquid,0.042192057048913476,0.08932460474141413,0.05433670740077329,0.8674163368947506
3,2005-01-01,water_plateau,7281.598890348426,9587.281573033584,7988.048899067095,0.28864153334795356
3,2005-01-01,water_k,0.2529100399101928,1.2210849274041502,0.47037422841022175,2.0583076814522987
3,2005-01-01,beta_time,0.30617246958104194,1.0064012341398587,0.4870962340241491,1.4375573359988265
3,2005-01-01,beta_volume,0.5672331433730351,1.778744754761972,0.8657658760274121,1.39935246344888
3,2008-01-01,D_oil,0.15336940566109208,0.19263710346961327,0.18998357511028624,0.206689961412328
3,2008-01-01,D_liquid,0.012419448394895345,0.039710905303340455,0.037197811298782725,0.733684481843108
3,2008-01-01,water_plateau,10154.979261973871,44107.27050781249,10349.568706059468,3.280551316690156
3,2008-01-01,water_k,0.013250867308922597,0.2422509706290507,0.2384107017157812,0.9605277853387981
3,2008-01-01,beta_time,0.21442263535531364,0.6094175814082541,0.2536310308665856,1.5573604881995482
3,2008-01-01,beta_volume,0.478348897493985,1.2133535565037863,0.5454868974934336,1.3474286227354324
4,2003-01-01,D_oil,0.0378005517334684,0.046792959415081804,0.0378005517334684,0.2378909108263512
4,2003-01-01,D_liquid,0.0,0.0,0.0,0.0
4,2003-01-01,water_plateau,18215.001220673967,18215.001220703147,18215.001220703147,1.6019888035207168e-12
4,2003-01-01,water_k,0.0677903820622541,0.0780583184795567,0.0677903820622541,0.15146597651379545
4,2003-01-01,beta_time,0.947500017272987,2.184259090319084,2.184259090319084,0.5662144562096921
4,2003-01-01,beta_volume,1.5153269594025631,3.5376994398534563,3.5376994398534563,0.5716631711750693
4,2004-01-01,D_oil,0.10221298318680959,0.15253760169379632,0.10221298318680959,0.49235055017434454
4,2004-01-01,D_liquid,0.012540501491689704,0.04814028220736474,0.012540501491689704,2.8387844568469753
4,2004-01-01,water_plateau,12113.402456799897,23587.773437499833,23587.773437499833,0.48645417979375644
4,2004-01-01,water_k,0.05252875409904104,0.1316463290830275,0.05252875409904104,1.5061764997283809
4,2004-01-01,beta_time,0.5298008269522538,1.6315357345168071,1.6315357345168071,0.6752747636819866
4,2004-01-01,beta_volume,0.8681631314415088,2.6837721955911253,2.6837721955911253,0.6765138513366676
4,2005-01-01,D_oil,0.12477715385415057,0.19199662121300295,0.1435778326763997,0.4681744117864891
4,2005-01-01,D_liquid,0.027541021183559174,0.07558336846121094,0.0382804278165296,1.2550107200449558
4,2005-01-01,water_plateau,11355.62029549484,27578.806152343746,12334.499633086678,1.315269069637087
4,2005-01-01,water_k,0.042249135765137155,0.13790029815763233,0.12240907466543247,0.7814058120603247
4,2005-01-01,beta_time,0.4168717836005803,1.2698399873282888,0.6326428708952796,1.3482617808063455
4,2005-01-01,beta_volume,0.7303581966263568,2.1586743622472677,1.0778153483499309,1.3251956077704545
4,2008-01-01,D_oil,0.10410864691535834,0.1379776619793964,0.12686991836880848,0.2669585942790746
4,2008-01-01,D_liquid,0.019476038079357053,0.04055449734324657,0.03138196731439456,0.6716742469558644
4,2008-01-01,water_plateau,8335.09848370572,34704.05029288663,11039.601964942422,2.388578129258526
4,2008-01-01,water_k,0.01642286117262677,0.242249567155249,0.1194739546234778,1.8901751992249285
4,2008-01-01,beta_time,0.17700954902899055,0.7123097442867883,0.2379637213107337,2.249503379377738
4,2008-01-01,beta_volume,0.3686234287327456,1.3439991305200554,0.47972909434847827,2.033180212077758
5,2003-01-01,D_oil,0.11919604414898367,0.14039686383718242,0.11919604414898367,0.17786512832338416
5,2003-01-01,D_liquid,0.0,0.0,0.0,0.0
5,2003-01-01,water_plateau,31878.579101562318,31878.579101562493,31878.579101562318,5.47775301352262e-15
5,2003-01-01,water_k,0.06620726847543681,0.07445718352332108,0.06620726847543681,0.12460739187488179
5,2003-01-01,beta_time,0.8309126311651406,1.8779407448904006,1.8779407448904006,0.5575405489092607
5,2003-01-01,beta_volume,1.3361012304264175,3.0490405877932765,3.0490405877932765,0.5617961808132531
5,2004-01-01,D_oil,0.1518269219822197,0.2016715616562878,0.1518269219822197,0.3282990857175209
5,2004-01-01,D_liquid,0.01993410015015909,0.05923280147993433,0.01993410015015909,1.971430916557405
5,2004-01-01,water_plateau,7214.066265179312,16733.269494759857,16733.269494759857,0.5688788573303951
5,2004-01-01,water_k,0.10921112046333169,0.679534026549564,0.10921112046333169,5.222205428042667
5,2004-01-01,beta_time,0.4706640084455804,1.3466042803706042,1.3466042803706042,0.650480831446602
5,2004-01-01,beta_volume,0.7808255303420104,2.2302000235007715,2.2302000235007715,0.6498854263680173
5,2005-01-01,D_oil,0.16623182071103412,0.21556122619083568,0.18337293465401397,0.2690113760401759
5,2005-01-01,D_liquid,0.03518290987738379,0.08632507339432371,0.04702485644458284,1.0875559732374556
5,2005-01-01,water_plateau,7043.129448544078,10300.098956181631,8064.262924987986,0.4038768995918379
5,2005-01-01,water_k,0.2063499549853708,1.3164173573989362,0.40707378661997057,2.7269439568455547
5,2005-01-01,beta_time,0.3216226154998743,1.043042831349262,0.5020953202231807,1.4368192388822052
5,2005-01-01,beta_volume,0.5778682585295045,1.7975402766404411,0.8689099128054893,1.403680634938236
5,2008-01-01,D_oil,0.14968367963742762,0.17875524518245073,0.17314012887520328,0.1679077273066918
5,2008-01-01,D_liquid,0.019107908831830604,0.04359501154962735,0.03653121330015926,0.6703063081041984
5,2008-01-01,water_plateau,9948.29079982312,42310.88867187499,42310.88521995847,0.7648764071895643
5,2008-01-01,water_k,0.013237656498740756,0.22443978636460338,0.014292537741204243,14.777090933052692
5,2008-01-01,beta_time,0.2121806409985042,0.6190252178313438,0.23960261181087675,1.6979972536942558
5,2008-01-01,beta_volume,0.46255053468047885,1.200938437474468,0.5012842234684857,1.4729925025067334
6,2003-01-01,D_oil,0.04041647954585643,0.04979922205747198,0.04041647954585643,0.2321514049973086
6,2003-01-01,D_liquid,0.0,0.0,0.0,0.0
6,2003-01-01,water_plateau,18795.041503906148,18795.041503906246,18795.041503906246,5.226135189489296e-15
6,2003-01-01,water_k,0.06778484759798861,0.07804657340758499,0.06778484759798861,0.1513867209742148
6,2003-01-01,beta_time,0.9379986528046733,2.1705948619961366,2.1705948619961366,0.5678610185495119
6,2003-01-01,beta_volume,1.5003552459475515,3.5153869197822516,3.5153869197822516,0.5732033826761562
6,2004-01-01,D_oil,0.10527498182671444,0.15636465665525523,0.10527498182671444,0.48529739869854194
6,2004-01-01,D_liquid,0.012540512848529632,0.048140300035208514,0.012540512848529632,2.8387824020173893
6,2004-01-01,water_plateau,12037.002093343957,24248.68408203107,24248.68408203107,0.5036018427794314
6,2004-01-01,water_k,0.05249716259851726,0.1382161045392213,0.05249716259851726,1.6328299987612118
6,2004-01-01,beta_time,0.5340344450208092,1.6223171856949457,1.6223171856949457,0.6708199544887106
6,2004-01-01,beta_volume,0.8751363552569605,2.6685254504802964,2.6685254504802964,0.6720524606203592
6,2005-01-01,D_oil,0.12666102569439475,0.19330228255928286,0.14546632698030906,0.4581215340228461
6,2005-01-01,D_liquid,0.02754103123401892,0.07558339033070155,0.03828043855061202,1.2550106768804123
6,2005-01-01,water_plateau,9541.23476189743,28045.776367187496,11663.41524465085,1.5865457258564755
6,2005-01-01,water_k,0.04210851790201106,0.19086287488232975,0.13547322822414673,1.0980350799214567
6,2005-01-01,beta_time,0.41303768807440483,1.2600718645057138,0.6257544714922515,1.3536206531794595
6,2005-01-01,beta_volume,0.7238645537290627,2.142043264705538,1.0661230576859257,1.3302204663453245
6,2008-01-01,D_oil,0.11124532694310584,0.14290002131430096,0.13076946329368686,0.24206487947498762
6,2008-01-01,D_liquid,0.022300526910385626,0.04246613617451827,0.032498826679845175,0.6205026865366424
6,2008-01-01,water_plateau,8453.536515664024,35123.681614818204,10851.399189868314,2.45776094239123
6,2008-01-01,water_k,0.016135285457650833,0.2362684101202265,0.12559943276157753,1.7526601818373593
6,2008-01-01,beta_time,0.18273333213673393,0.7095680571562766,0.23957029511094377,2.199082005453006
6,2008-01-01,beta_volume,0.3816684133920501,1.3401568255677556,0.4837356718429048,1.981430082516178
7,2003-01-01,D_oil,0.053520770897895885,0.06400381946470848,0.053520770897895885,0.19586878871404165
7,2003-01-01,D_liquid,0.0,0.0,0.0,0.0
7,2003-01-01,water_plateau,21806.99462888518,21806.994628906246,21806.994628906246,9.66090725951849e-13
7,2003-01-01,water_k,0.06718316357652485,0.07664682165030795,0.06718316357652485,0.14086353738021795
7,2003-01-01,beta_time,0.8830988104217342,2.090726131002493,2.090726131002493,0.5776114349332342
7,2003-01-01,beta_volume,1.4127149017390528,3.3845382560286286,3.3845382560286286,0.5825974490840257
7,2004-01-01,D_oil,0.11835564357171006,0.17071007352275164,0.11835564357171006,0.442348403262416
7,2004-01-01,D_liquid,0.012540511604454577,0.04814030306355309,0.012540511604454577,2.8387830243267698
7,2004-01-01,water_plateau,10996.506753131916,27209.714355468746,27209.714355468746,0.5958609998813977
7,2004-01-01,water_k,0.05177415165737691,0.1828487727271821,0.05177415165737691,2.531661396157891
7,2004-01-01,beta_time,0.5255784078899658,1.560681272897242,1.560681272897242,0.6632378327227031
7,2004-01-01,beta_volume,0.8614790915534235,2.566433857099557,2.566433857099557,0.6643283483927304
7,2005-01-01,D_oil,0.1339369767139806,0.1958446764690946,0.15198414951521502,0.4073299745570932
7,2005-01-01,D_liquid,0.027541030387100426,0.07558338672099005,0.038280437869463765,1.2550106270391677
7,2005-01-01,water_plateau,6863.487880116909,20767.287351603965,9283.78231177463,1.4976438486556125
7,2005-01-01,water_k,0.0633351693142368,0.5252490429859892,0.21478359706833886,2.150601256225273
7,2005-01-01,beta_time,0.3862957119181484,1.2007090590081824,0.5821177505181007,1.3990525909323053
7,2005-01-01,beta_volume,0.6783737501184687,2.0409613529599047,0.9919881339270271,1.3735926431370709
7,2008-01-01,D_oil,0.12406689069688766,0.15016812388701392,0.1401279799995561,0.18626710518633716
7,2008-01-01,D_liquid,0.02373385256377072,0.04337552325854879,0.033017698178132146,0.5948831014448757
7,2008-01-01,water_plateau,10242.693320029457,15659.187956327345,10310.756449365952,0.5253246609884737
7,2008-01-01,water_k,0.05433840167996362,0.15413656671645132,0.13981058481868552,0.7138097960602321
7,2008-01-01,beta_time,0.19307158711287262,0.6834782844373306,0.231583673423739,2.1176220675416046
7,2008-01-01,beta_volume,0.40345165354814944,1.290910299318696,0.46723248764897185,1.899394132963818
8,2003-01-01,D_oil,0.09453561736067692,0.11182941131555527,0.09453561736067692,0.18293416214650837
8,2003-01-01,D_liquid,0.0,0.0,0.0,0.0
8,2003-01-01,water_plateau,29851.911621082338,29851.911621093746,29851.911621093746,3.8217658164906516e-13
8,2003-01-01,water_k,0.06718160526241639,0.07680533969468598,0.06718160526241639,0.14324954568558704
8,2003-01-01,beta_time,0.8707634281983637,1.9505009358138687,1.9505009358138687,0.5535693358511372
8,2003-01-01,beta_volume,1.3945970681549196,3.1577321354453174,3.1577321354453174,0.558354854580391
8,2004-01-01,D_oil,0.13471845090723342,0.1831446876356775,0.13471845090723342,0.35946254133956906
8,2004-01-01,D_liquid,0.012540510903205687,0.04814030081068288,0.012540510903205687,2.838783059339069
8,2004-01-01,water_plateau,7667.193504658804,31199.929199198556,31199.929199198556,0.7542560607844022
8,2004-01-01,water_k,0.049879515818505436,0.47983326548632516,0.049879515818505436,8.619846095384625
8,2004-01-01,beta_time,0.4852117701338155,1.4044690530093484,1.4044690530093484,0.654522989243405
8,2004-01-01,beta_volume,0.7962543821106717,2.308934421034352,2.308934421034352,0.655142053902957
8,2005-01-01,D_oil,0.1508369602000992,0.2046271990671534,0.16789013453135637,0.32038951554361844
8,2005-01-01,D_liquid,0.02867645219380884,0.07779323431111632,0.039636124947025723,1.2391923323219107
8,2005-01-01,water_plateau,6944.789731568464,12095.065069248578,8452.074922156095,0.6093504121904183
8,2005-01-01,water_k,0.15050962379915891,1.0155916508146412,0.3296108669593927,2.624555540282167
8,2005-01-01,beta_time,0.34479263209526145,1.0861040180366601,0.5263759030142452,1.4083307797646973
8,2005-01-01,beta_volume,0.6064678784554413,1.8464120540014604,0.8974282204041911,1.3816639006377165
8,2008-01-01,D_oil,0.1473567248652823,0.1710194623750653,0.1610768779694317,0.14690337811410503
8,2008-01-01,D_liquid,0.02566160329454951,0.04575378263053781,0.03466135129922803,0.5796709759678581
8,2008-01-01,water_plateau,10085.667036924327,41161.28417968748,14470.720185391187,2.1474824158465395
8,2008-01-01,water_k,0.013918583476375994,0.2010661031863455,0.06929321964268848,2.7008056585478126
8,2008-01-01,beta_time,0.2086484666887821,0.6363368684734227,0.23566278220362102,1.8148321842992698
8,2008-01-01,beta_volume,0.4410433097028041,1.2066114065456135,0.4783321893577197,1.6004946225149002
9,2003-01-01,D_oil,0.128743753081381,0.14922651307357623,0.128743753081381,0.15909711735098905
9,2003-01-01,D_liquid,0.0,0.0,0.0,0.0
9,2003-01-01,water_plateau,33617.54638669784,33617.54638671874,33617.54638671874,6.218129659161396e-13
9,2003-01-01,water_k,0.06531367603967429,0.07232826009143022,0.06531367603967429,0.10739839612602678
9,2003-01-01,beta_time,0.7832760925409382,1.8095446796950636,1.8095446796950636,0.5671418886031968
9,2003-01-01,beta_volume,1.2619789935971515,2.9415181562421466,2.9415181562421466,0.5709769831203908
9,2004-01-01,D_oil,0.15896373556012072,0.2061016386357917,0.15896373556012072,0.2965324318126837
9,2004-01-01,D_liquid,0.02031981325158966,0.05955965703648284,0.02031981325158966,1.9311124220998124
9,2004-01-01,water_plateau,7285.703903078704,13871.987635840243,13871.987635840243,0.4747901963050301
9,2004-01-01,water_k,0.1488644395317323,0.8066609526608769,0.1488644395317323,4.418761896382427
9,2004-01-01,beta_time,0.45491883552402396,1.2971927247105195,1.2971927247105195,0.6493051287922207
9,2004-01-01,beta_volume,0.7569548463421384,2.1524794175639763,2.1524794175639763,0.6483335263670923
9,2005-01-01,D_oil,0.17513867767328378,0.220702405900483,0.19181390892777544,0.23754131533993994
9,2005-01-01,D_liquid,0.036038074629946806,0.08719717916636681,0.0479730588366773,1.0664132281118344
9,2005-01-01,water_plateau,7359.087518254212,10046.973987620524,8214.040602232211,0.32723072596401137
9,2005-01-01,water_k,0.23457901190493996,1.2435292160475722,0.44025112199194333,2.291760665089449
9,2005-01-01,beta_time,0.3089801509429542,1.0099178748760964,0.4839047000989447,1.4485036491479013
9,2005-01-01,beta_volume,0.5558351948549307,1.7438491189320273,0.8390887106250376,1.415838288650248
9,2008-01-01,D_oil,0.15173286865399874,0.18540989239853503,0.18053007495384596,0.18654522662302173
9,2008-01-01,D_liquid,0.016683189624922073,0.04252448859342646,0.03620648634241274,0.7137201529062366
9,2008-01-01,water_plateau,10035.198681832451,43772.880859082776,43756.446692993915,0.7710334071219784
9,2008-01-01,water_k,0.012697936799567617,0.2421432017603504,0.013654655733987017,16.803445610839077
9,2008-01-01,beta_time,0.21119001592695885,0.6043845447356629,0.2434223226419786,1.615277204412382
9,2008-01-01,beta_volume,0.46103381572020846,1.1748598426060206,0.5105106408508014,1.3982588603759
10,2003-01-01,D_oil,0.05195642621394505,0.06254004994829118,0.05195642621394505,0.2037019191960031
10,2003-01-01,D_liquid,0.0,0.0,0.0,0.0
10,2003-01-01,water_plateau,21416.01072155336,21416.010742187496,21416.010742187496,9.634910922030116e-10
10,2003-01-01,water_k,0.06736929903672391,0.07711985882322976,0.06736929903672391,0.14473298558725825
10,2003-01-01,beta_time,0.8981754816127446,2.092542075082618,2.092542075082618,0.5707730361515991
10,2003-01-01,beta_volume,1.4368856817697957,3.3877595474854547,3.3877595474854547,0.5758596023037361
10,2004-01-01,D_oil,0.11741653978661422,0.17015101645147682,0.11741653978661422,0.44912306869797963
10,2004-01-01,D_liquid,0.01254050354889091,0.04814028556573088,0.01254050354889091,2.8387840949168615
10,2004-01-01,water_plateau,11074.731835863813,26941.396484374996,26941.396484374996,0.5889325246266747
10,2004-01-01,water_k,0.051979766872502886,0.1796836727835714,0.051979766872502886,2.4568002820078716
10,2004-01-01,beta_time,0.5325646362647483,1.5648275303860115,1.5648275303860115,0.6596656015290226
10,2004-01-01,beta_volume,0.8729100082685605,2.57340372262709,2.57340372262709,0.6607955445959175
10,2005-01-01,D_oil,0.14072400292538845,0.20986448588485512,0.16039896210082805,0.43105318172822354
10,2005-01-01,D_liquid,0.03202298465020152,0.08418043824098666,0.04362027124837247,1.1957159388991925
10,2005-01-01,water_plateau,6916.821293830301,22630.517921240287,9371.555884336718,1.6767436294834772
10,2005-01-01,water_k,0.056726875510112025,0.49133243069900956,0.20861234584441338,2.0833165622567407
10,2005-01-01,beta_time,0.4024555369043828,1.2117657022965185,0.5997890471190088,1.3493246822020646
10,2005-01-01,beta_volume,0.7090584198663893,2.0642915987824257,1.0244781711031938,1.3228521769835992
10,2008-01-01,D_oil,0.12225623825973801,0.15354441879075487,0.14304662239499408,0.21872715347742308
10,2008-01-01,D_liquid,0.02324402963178463,0.04606917653025071,0.03553663740545769,0.6422990064603188
10,2008-01-01,water_plateau,9564.580678725122,36657.478015927845,10058.778778713911,2.6934579170322257
10,2008-01-01,water_k,0.015370003502544709,0.16149612265238028,0.15651306061351922,0.9336353054309484
10,2008-01-01,beta_time,0.18999182474640033,0.6873665083523334,0.234159413133847,2.1240857967201623
10,2008-01-01,beta_volume,0.4042704590622887,1.3115528133963184,0.48000608406162737,1.8901476136655484
11,2003-01-01,D_oil,0.03947159872471489,0.048608864528157644,0.03947159872471489,0.23148963048515983
11,2003-01-01,D_liquid,0.0,0.0,0.0,0.0
11,2003-01-01,water_plateau,18605.184326171897,18605.184326171897,18605.184326171897,0.0
11,2003-01-01,water_k,0.06772300404579965,0.07788723563948072,0.06772300404579965,0.1500853622324139
11,2003-01-01,beta_time,0.9389926973513751,2.192964419661316,2.192964419661316,0.5718158083493237
11,2003-01-01,beta_volume,1.5017793469782426,3.551711893195701,3.551711893195701,0.5771674639895985
11,2004-01-01,D_oil,0.1048271864886653,0.1558569907482028,0.1048271864886653,0.4867993310595551
11,2004-01-01,D_liquid,0.01254051163476438,0.04814030029781765,0.01254051163476438,2.8387827945045516
11,2004-01-01,water_plateau,13317.421374486947,24146.657714843575,24146.657714843575,0.44847765136868684
11,2004-01-01,water_k,0.05251402968455968,0.11939557602583481,0.05251402968455968,1.2735938708763734
11,2004-01-01,beta_time,0.5330925773360464,1.6393856374990359,1.6393856374990359,0.6748217349584046
11,2004-01-01,beta_volume,0.8735208169399842,2.6966581010525688,2.6966581010525688,0.6760728337793254
11,2005-01-01,D_oil,0.12618511214691813,0.19307889802124611,0.14497153266483265,0.4614270446390552
11,2005-01-01,D_liquid,0.027541030140823868,0.07558338434065028,0.03828043704022237,1.2550105984774131
11,2005-01-01,water_plateau,9850.324743106174,27933.774414062496,11817.127718389485,1.5302745389486958
11,2005-01-01,water_k,0.04213032692967068,0.17911716574684686,0.1321770431194174,1.0363890399137865
11,2005-01-01,beta_time,0.41447995417965655,1.272395819005478,0.6274629521948659,1.3672773218320398
11,2005-01-01,beta_volume,0.7263440701486629,2.163039691657239,1.0690120435613202,1.3439470866224763
11,2008-01-01,D_oil,0.10532276711681413,0.13873312816512437,0.12807239703467366,0.2608708966325109
11,2008-01-01,D_liquid,0.01947603919427493,0.04055449823113351,0.03138196761394368,0.6716742333101182
11,2008-01-01,water_plateau,8440.15998506711,35032.48309006517,10918.364699530728,2.4355591553138907
11,2008-01-01,water_k,0.01631701201709236,0.2368010654934217,0.12374241670779136,1.781798508081398
11,2008-01-01,beta_time,0.1776655480068212,0.7132906244912794,0.2363918421823941,2.2658357054097626
11,2008-01-01,beta_volume,0.36998306215412835,1.3459231592305052,0.47652463139370405,2.0480370431681973
12,2003-01-01,D_oil,0.03371012020181249,0.04346582255197671,0.03371012020181249,0.28939980907097684
12,2003-01-01,D_liquid,0.0,0.0,0.0,0.0
12,2003-01-01,water_plateau,17028.925781185248,17028.925781249996,17028.925781249996,3.802280169657623e-12
12,2003-01-01,water_k,0.06876685220552341,0.0804831394401567,0.06876685220552341,0.17037696010305717
12,2003-01-01,beta_time,1.014190795446585,2.362766520320421,2.362766520320421,0.5707613144488572
12,2003-01-01,beta_volume,1.6227079640698652,3.8292116227123136,3.8292116227123136,0.5762292283756139
12,2004-01-01,D_oil,0.08828723359377363,0.13423323548694036,0.08828723359377363,0.5204150138464302
12,2004-01-01,D_liquid,0.012540512617180486,0.048140300986982895,0.012540512617180486,2.8387825487317597
12,2004-01-01,water_plateau,5908.4616819390285,20557.683105468746,20557.683105468746,0.7125910711033744
12,2004-01-01,water_k,0.05247338307646282,0.3475181662605895,0.05247338307646282,5.6227513052511835
12,2004-01-01,beta_time,0.5108187255142063,1.7243774127776128,1.7243774127776128,0.7037662858901731
12,2004-01-01,beta_volume,0.8378223158112605,2.8372367665971456,2.8372367665971456,0.7047048291228416
12,2005-01-01,D_oil,0.1181966146123802,0.18545058873854284,0.13705404404043314,0.4907113438135517
12,2005-01-01,D_liquid,0.027541039167006943,0.07558339803700638,0.038280448356031,1.2550103494916478
12,2005-01-01,water_plateau,15452.246585137602,25882.609863281246,25882.60986328121,0.40298730820576373
12,2005-01-01,water_k,0.042862867600563556,0.08477228629079428,0.042883043063286976,0.9772958189646342
12,2005-01-01,beta_time,0.4222656395949081,1.3581052216591132,0.6591162494605023,1.419839949068477
12,2005-01-01,beta_volume,0.7391581383516214,2.3092083813816493,1.1230104356727835,1.398072709884862
12,2008-01-01,D_oil,0.10623593499554368,0.14084374163406907,0.12556373933993853,0.2756194329704671
12,2008-01-01,D_liquid,0.02278151748204089,0.04280905973556868,0.032702738382571754,0.6124117809107097
12,2008-01-01,water_plateau,8179.408008771934,12117.639422943792,8661.211923687677,0.4546975006351167
12,2008-01-01,water_k,0.0971913641298587,0.2391118190850401,0.18506852264658216,0.7668535574047951
12,2008-01-01,beta_time,0.181420428590923,0.7614855611184206,0.25245805124631354,2.297669373838074
12,2008-01-01,beta_volume,0.379517916088739,1.439196177155963,0.5102086092453632,2.076950960577807
13,2003-01-01,D_oil,0.13068771916936223,0.15576805184109552,0.13068771916936223,0.1919104016134134
13,2003-01-01,D_liquid,0.0,0.0,0.0,0.0
13,2003-01-01,water_plateau,29755.192871090378,29755.192871093746,29755.192871090378,1.1321614986538912e-13
13,2003-01-01,water_k,0.0659280720564663,0.0737709614948824,0.0659280720564663,0.11896130424834503
13,2003-01-01,beta_time,0.8412795017914664,1.8832047062469663,1.8832047062469663,0.553272408994745
13,2003-01-01,beta_volume,1.3794876398977853,3.1098555385209528,3.1098555385209528,0.5564142376356589
13,2004-01-01,D_oil,0.1572181228557843,0.20740535937308593,0.1572181228557843,0.31922042831753084
13,2004-01-01,D_liquid,0.027574806470968685,0.06681070900399722,0.027574806470968685,1.4228894978587385
13,2004-01-01,water_plateau,6964.7368473236775,16386.364854564003,16386.364854564003,0.5749675471565111
13,2004-01-01,water_k,0.10547496063835697,0.6398064560601125,0.10547496063835697,5.06595586467032
13,2004-01-01,beta_time,0.47434631124350085,1.353300129774936,1.353300129774936,0.6494891999142952
13,2004-01-01,beta_volume,0.8112624057243661,2.294504108093341,2.294504108093341,0.6464323585811754
13,2005-01-01,D_oil,0.16997406624550362,0.21334899529325418,0.18730746019160785,0.23157075005651023
13,2005-01-01,D_liquid,0.04153457743671826,0.08643326452456794,0.053459093296449975,0.8398699700885357
13,2005-01-01,water_plateau,6713.692396897779,9807.775568775034,7668.712168171442,0.40346841868952565
13,2005-01-01,water_k,0.20554935466828417,1.2127016792344292,0.4060872177711937,2.4801379617262818
13,2005-01-01,beta_time,0.32168713103836727,1.0471042896788403,0.507497305416542,1.4294010054793638
13,2005-01-01,beta_volume,0.5985407607607334,1.8539414568155734,0.9038810012511689,1.3889004131263862
13,2008-01-01,D_oil,0.1583064613796126,0.18136987863321546,0.17636336493018603,0.13077215476543322
13,2008-01-01,D_liquid,0.02115034668534278,0.04388467528734568,0.039764910915930166,0.5717183335344864
13,2008-01-01,water_plateau,9707.804695326357,40691.87255859374,40691.816155701985,0.7614324154201142
13,2008-01-01,water_k,0.013907164946994583,0.2150064822601555,0.015116648164856335,13.30316847491913
13,2008-01-01,beta_time,0.22477618582799785,0.6243278518794634,0.2457955953850188,1.6255444505651142
13,2008-01-01,beta_volume,0.5050775359089256,1.2472390252915913,0.530466923886853,1.3990721305386544
14,2003-01-01,D_oil,0.07477204523617714,0.08944596436541094,0.07477204523617714,0.19624873283704267
14,2003-01-01,D_liquid,0.0,0.0,0.0,0.0
14,2003-01-01,water_plateau,25987.485351562496,25987.485351562496,25987.485351562496,0.0
14,2003-01-01,water_k,0.06752745575168503,0.07757380792300902,0.06752745575168503,0.1487743327435123
14,2003-01-01,beta_time,0.8940246043453466,1.9830088402562802,1.9830088402562802,0.5491575296105061
14,2003-01-01,beta_volume,1.4311138321306016,3.2106542565279916,3.2106542565279916,0.5542609954899936
14,2004-01-01,D_oil,0.12635393790712648,0.17788541541218292,0.12635393790712648,0.40783436083276997
14,2004-01-01,D_liquid,0.012540509360952428,0.048140300381844685,0.012540509360952428,2.838783497242932
14,2004-01-01,water_plateau,8899.470631166274,29106.770017714938,29106.770017714938,0.6942473992906157
14,2004-01-01,water_k,0.05099927534266585,0.29194710107659044,0.05099927534266585,4.724534302006999
14,2004-01-01,beta_time,0.5106627248779345,1.4523844446047993,1.4523844446047993,0.6483970020644994
14,2004-01-01,beta_volume,0.8374409782101122,2.388122343120045,2.388122343120045,0.6493307888422465
14,2005-01-01,D_oil,0.13922283780410835,0.1962495284756414,0.1564872132311647,0.3644175744077732
14,2005-01-01,D_liquid,0.027541028570002832,0.07558338755668322,0.038280436369986466,1.2550107454978672
14,2005-01-01,water_plateau,6666.687285728627,14259.520072117832,8571.517191653564,0.885821333215391
14,2005-01-01,water_k,0.10776474645257494,0.7843501914387326,0.27338098364441665,2.4748811565700715
14,2005-01-01,beta_time,0.36279668298542145,1.1165505794796977,0.5510495038757159,1.3678515109674763
14,2005-01-01,beta_volume,0.6378790745582602,1.8978140086971909,0.9392149277794613,1.3414766917277725
14,2008-01-01,D_oil,0.13538233012273088,0.15771672135812262,0.14832403227152005,0.1505783715110084
14,2008-01-01,D_liquid,0.025222012849319044,0.044189483272816396,0.033453676575519786,0.5669771566266971
14,2008-01-01,water_plateau,10173.737495811425,22984.185397557805,11576.891444822555,1.106553340575332
14,2008-01-01,water_k,0.030526919873240924,0.17402952474575467,0.11123064999550654,1.2901354516791095
14,2008-01-01,beta_time,0.20173767059020453,0.6475455056817493,0.23003986570605628,1.9379590303760463
14,2008-01-01,beta_volume,0.4216462981202574,1.222418053021524,0.4636118399698594,1.7272461267454406
15,2003-01-01,D_oil,0.13233663916084829,0.15330722916720887,0.13233663916084829,0.1584639759581013
15,2003-01-01,D_liquid,0.0,0.0,0.0,0.0
15,2003-01-01,water_plateau,34005.02441406249,34005.02441406249,34005.02441406249,0.0
15,2003-01-01,water_k,0.06524403644377433,0.07216682342255765,0.06524403644377433,0.10610604978049147
15,2003-01-01,beta_time,0.7854121629356093,1.8109235322279706,1.8109235322279706,0.5662919229011728
15,2003-01-01,beta_volume,1.2669988044487914,2.946952070861704,2.946952070861704,0.5700646722502296
15,2004-01-01,D_oil,0.16101747479220752,0.20734637912628376,0.16101747479220752,0.28772594026743703
15,2004-01-01,D_liquid,0.02114509423686966,0.06047557650732463,0.02114509423686966,1.8600287059433553
15,2004-01-01,water_plateau,7271.268311690319,13352.264683379244,13352.264683379244,0.4554280877354449
15,2004-01-01,water_k,0.15832880831162272,0.8383051129407126,0.15832880831162272,4.294709926008921
15,2004-01-01,beta_time,0.4509361534894777,1.2956675121153027,1.2956675121153027,0.651966149283715
15,2004-01-01,beta_volume,0.7527155666094049,2.1548115288313485,2.1548115288313485,0.6506814834902815
15,2005-01-01,D_oil,0.1779259316605004,0.22247832478592275,0.19463732858882676,0.22889953046745568
15,2005-01-01,D_liquid,0.03710455516657861,0.08808966703473062,0.049137625056227575,1.0375982113464046
15,2005-01-01,water_plateau,7385.26897022362,9934.073698525977,8185.6623035644225,0.31137428271289513
15,2005-01-01,water_k,0.24197179130677848,1.2444252961383448,0.4524277302736131,2.215720738924018
15,2005-01-01,beta_time,0.3069332239561948,1.009732515988464,0.4837640580180858,1.4527728556593071
15,2005-01-01,beta_volume,0.5541709886284836,1.7483443505277576,0.8413296518483353,1.419388178314848
15,2008-01-01,D_oil,0.15100376588356218,0.186727752239066,0.18256223916872502,0.19568113602335657
15,2008-01-01,D_liquid,0.014204263769949838,0.0411337381461119,0.03582046126682618,0.7517902735971137
15,2008-01-01,water_plateau,10135.707516691873,44177.96874999983,16730.39543503818,2.03475532694307
15,2008-01-01,water_k,0.012885209905629408,0.2413960536807826,0.059201698747875925,3.8598697099608454
15,2008-01-01,beta_time,0.21196745067785464,0.6056790394242308,0.2457194675006986,1.6022808153987917
15,2008-01-01,beta_volume,0.4632985222944305,1.1804970329370925,0.5166853663442067,1.3880759111046255
16,2003-01-01,D_oil,0.07457706870061503,0.09006444423192293,0.07457706870061503,0.20766940563836045
16,2003-01-01,D_liquid,0.0,0.0,0.0,0.0
16,2003-01-01,water_plateau,24864.54101547984,24864.541015624996,24864.541015624996,5.837845722217153e-12
16,2003-01-01,water_k,0.06755761520564785,0.07768662148380764,0.06755761520564785,0.1499313770524127
16,2003-01-01,beta_time,0.9107912087227557,2.105666531029946,2.105666531029946,0.5674570520540783
16,2003-01-01,beta_volume,1.461749510545948,3.416878157667247,3.416878157667247,0.5721973558624327
16,2004-01-01,D_oil,0.13386622670219167,0.19051003901235106,0.13386622670219167,0.42313743881175675
16,2004-01-01,D_liquid,0.01744949699681975,0.05550159531491071,0.01744949699681975,2.180698866278273
16,2004-01-01,water_plateau,9236.387508520877,28868.947753904496,28868.947753904496,0.6800580475860376
16,2004-01-01,water_k,0.05136137083447096,0.27042319976065093,0.05136137083447096,4.265108687074949
16,2004-01-01,beta_time,0.5341270354384997,1.5523767948698066,1.5523767948698066,0.6559295158213857
16,2004-01-01,beta_volume,0.8800940734156332,2.562136951917865,2.562136951917865,0.6564999881224747
16,2005-01-01,D_oil,0.149875781681794,0.21446799392355337,0.16935213968557772,0.38140771272026713
16,2005-01-01,D_liquid,0.03474383300675974,0.0869563918385178,0.04663724648144748,1.1195463448411018
16,2005-01-01,water_plateau,6584.471166384931,14401.489194391484,8426.821271506016,0.9276354364413284
16,2005-01-01,water_k,0.10413222798442222,0.7542231943293748,0.2746012549198075,2.367399837756751
16,2005-01-01,beta_time,0.38088491595665747,1.191771995556729,0.5759744727962293,1.4078524620429675
16,2005-01-01,beta_volume,0.6795378149509986,2.0449523617342,0.991791942735379,1.376714699876836
16,2008-01-01,D_oil,0.13764911699207852,0.1636729392090097,0.15459765021362537,0.16833258578620736
16,2008-01-01,D_liquid,0.02590941357278028,0.04775416048286374,0.0377610103093451,0.5785000647791808
16,2008-01-01,water_plateau,9802.714633403395,16516.804618326238,15166.793036543238,0.4426835632783906
16,2008-01-01,water_k,0.047860214522866644,0.17854989417441539,0.05688215529562667,2.2975514723788373
16,2008-01-01,beta_time,0.20299514366109636,0.6828585743870816,0.2343149530565657,2.0479419877661074
16,2008-01-01,beta_volume,0.4383270005382814,1.3169891175417323,0.48650859506767347,1.8060567190621346
17,2003-01-01,D_oil,0.032410642966379195,0.04156750414453351,0.032410642966379195,0.28252636603516557
17,2003-01-01,D_liquid,0.0,0.0,0.0,0.0
17,2003-01-01,water_plateau,16814.182128906137,16814.182128906228,16814.182128906228,5.409092721847967e-15
17,2003-01-01,water_k,0.06848662007608358,0.07978737795844741,0.06848662007608358,0.1650067979673916
17,2003-01-01,beta_time,1.002043206458705,2.355047422404663,2.355047422404663,0.5745125143019196
17,2003-01-01,beta_volume,1.60285534516053,3.816347732016643,3.816347732016643,0.5800028043268621
17,2004-01-01,D_oil,0.08771057430455195,0.1331956023868636,0.08771057430455195,0.5185808945267741
17,2004-01-01,D_liquid,0.01254051291458008,0.04814030277994469,0.01254051291458008,2.8387826006681856
17,2004-01-01,water_plateau,6030.216480743811,20465.74951171869,20465.74951171869,0.7053508117408107
17,2004-01-01,water_k,0.05234502071603797,0.3270407939315526,0.05234502071603797,5.247791852174217
17,2004-01-01,beta_time,0.5021658910667125,1.7210852807521366,1.7210852807521366,0.7082271885753043
17,2004-01-01,beta_volume,0.8235104356431452,2.8316971935964603,2.8316971935964603,0.7091813215391058
17,2005-01-01,D_oil,0.11708698971345184,0.1840107570591812,0.1357087440556412,0.49314263286004856
17,2005-01-01,D_liquid,0.027541031166918167,0.07558338422541383,0.038280438957902146,1.2550105057919767
17,2005-01-01,water_plateau,14828.880038023548,25680.869140624996,25680.869140624996,0.42257094349795604
17,2005-01-01,water_k,0.04273430481396116,0.08811818056771997,0.042749632855734875,1.0616202461179862
17,2005-01-01,beta_time,0.4195142094362437,1.3540513032070318,0.6537252719591312,1.429556319537869
17,2005-01-01,beta_volume,0.7343126413354526,2.302282467883568,1.113783662880675,1.4077866993422576
17,2008-01-01,D_oil,0.10578635217795769,0.14104198868102785,0.1255073330400875,0.2809049929521599
17,2008-01-01,D_liquid,0.02443148841063254,0.04512281307623043,0.034299657191969084,0.6032516462130284
17,2008-01-01,water_plateau,7859.540462465797,11339.293918859374,9507.880156591655,0.3659862555147082
17,2008-01-01,water_k,0.10421200929279834,0.2524377767801259,0.12662722342045837,1.1705679354205887
17,2008-01-01,beta_time,0.17858552088325014,0.7578217825091574,0.24949101906149815,2.3216717932565287
17,2008-01-01,beta_volume,0.37727369011663914,1.4383606565902936,0.507734262679975,2.0898470803859412
18,2003-01-01,D_oil,0.10271179905343791,0.12179299932602161,0.10271179905343791,0.18577418026390827
18,2003-01-01,D_liquid,0.0,0.0,0.0,0.0
18,2003-01-01,water_plateau,30107.219238281246,30107.219238281246,30107.219238281246,0.0
18,2003-01-01,water_k,0.06688979936917601,0.07610080260482757,0.06688979936917601,0.13770415403422714
18,2003-01-01,beta_time,0.8586708246479006,1.9337245811655925,1.9337245811655925,0.5559497805368339
18,2003-01-01,beta_volume,1.3764134227541762,3.1323152168936303,3.1323152168936303,0.5605763381250024
18,2004-01-01,D_oil,0.1425928163553257,0.19422631405049484,0.1425928163553257,0.3621044805406194
18,2004-01-01,D_liquid,0.016914709106231458,0.05506858490738835,0.016914709106231458,2.255662545630231
18,2004-01-01,water_plateau,7470.292472373982,26979.13485815701,26979.13485815701,0.7231085239890346
18,2004-01-01,water_k,0.059054786867602106,0.5292590408591807,0.059054786867602106,7.962170027736332
18,2004-01-01,beta_time,0.4888383285490186,1.3941726674366748,1.3941726674366748,0.6493703111768814
18,2004-01-01,beta_volume,0.8042469247657555,2.2960514154157874,2.2960514154157874,0.6497260821922335
18,2005-01-01,D_oil,0.15880702754127585,0.2151747179277738,0.17670229633286794,0.31899806372812334
18,2005-01-01,D_liquid,0.034068552046255175,0.08673785608778453,0.045931731437259045,1.1466866672220613
18,2005-01-01,water_plateau,6824.565587997459,10983.347053011155,8092.780181075521,0.5138878570727469
18,2005-01-01,water_k,0.1735615894197074,1.1973703396147637,0.36279596773352296,2.8219959460714112
18,2005-01-01,beta_time,0.34205022658145906,1.0772563820027141,0.5210354828555377,1.4110481524059626
18,2005-01-01,beta_volume,0.6091259408966565,1.8445952263398786,0.8953794689450651,1.3798275795834924
18,2008-01-01,D_oil,0.1479738674115476,0.17349563066610849,0.16546295635754898,0.1542445742321374
18,2008-01-01,D_liquid,0.025879836163141885,0.047698444846414896,0.037583790556042274,0.5805324146519669
18,2008-01-01,water_plateau,9673.596043401949,40583.45458984374,13594.727507170122,2.273665178661311
18,2008-01-01,water_k,0.013076696439054772,0.21647790806061185,0.07458173049619055,2.727225692784727
18,2008-01-01,beta_time,0.20694780766322535,0.6309481599220268,0.23357292996550974,1.815280359420978
18,2008-01-01,beta_volume,0.44684159750442254,1.2141212540096218,0.4839630175216445,1.5854096877782275
19,2003-01-01,D_oil,0.047246337908603,0.05671446147407662,0.047246337908603,0.20039909937124648
19,2003-01-01,D_liquid,0.0,0.0,0.0,0.0
19,2003-01-01,water_plateau,20471.70898435744,20471.708984374938,20471.708984374938,8.547736818390214e-13
19,2003-01-01,water_k,0.06716948347626192,0.07656097421873787,0.06716948347626192,0.13981781988534944
19,2003-01-01,beta_time,0.8874850824121973,2.0742021487041815,2.0742021487041815,0.5721318276684667
19,2003-01-01,beta_volume,1.4194597838044145,3.358034296350197,3.358034296350197,0.5772944352155049
19,2004-01-01,D_oil,0.11429696766908541,0.16670846663135286,0.11429696766908541,0.45855546329111846
19,2004-01-01,D_liquid,0.012540511477885537,0.04814030358418679,0.012540511477885537,2.838783104587035
19,2004-01-01,water_plateau,13507.596663494027,26280.471191406246,26280.471191406246,0.48602151897828105
19,2004-01-01,water_k,0.0520483415516544,0.12941936821622388,0.0520483415516544,1.486522420465291
19,2004-01-01,beta_time,0.5299057428600268,1.5582167022269875,1.5582167022269875,0.6599280818241193
19,2004-01-01,beta_volume,0.8683780348018743,2.562600571346155,2.562600571346155,0.6611340664980387
19,2005-01-01,D_oil,0.13078525627869347,0.19439267706315955,0.1489792492053289,0.4269549022683011
19,2005-01-01,D_liquid,0.027541038252666433,0.07558339805202863,0.038280448025547954,1.255010384604152
19,2005-01-01,water_plateau,7073.118607691824,27241.329435202468,9736.86840332413,2.0713241662612276
19,2005-01-01,water_k,0.0448691594868929,0.4288093990297644,0.18919092932933998,2.0293797430135543
19,2005-01-01,beta_time,0.39526635201486177,1.2012954368409692,0.5929121171240765,1.3594410732163071
19,2005-01-01,beta_volume,0.6937657067222035,2.0419691699765274,1.0102878360645642,1.334474607262484
19,2008-01-01,D_oil,0.11247725850213539,0.14184452015722454,0.13325538354946492,0.22038330364482356
19,2008-01-01,D_liquid,0.019476032641064803,0.04055449499486154,0.03138196711014147,0.6716743497887667
19,2008-01-01,water_plateau,9652.141588679833,36505.21280525475,10483.28073310299,2.5615140813487076
19,2008-01-01,water_k,0.016272224668966086,0.16218702213651132,0.14300331101199923,1.020359573739532
19,2008-01-01,beta_time,0.18462306507103438,0.6800156040223386,0.22863650047305778,2.166725513757943
19,2008-01-01,beta_volume,0.3844563850510421,1.282828869244247,0.4605459306489753,1.9506685965659696
20,2003-01-01,D_oil,0.03902078521116545,0.04818679440140038,0.03902078521116545,0.23490068538170172
20,2003-01-01,D_liquid,0.0,0.0,0.0,0.0
20,2003-01-01,water_plateau,18486.16039840244,18486.165771484397,18486.165771484397,2.906542126024835e-07
20,2003-01-01,water_k,0.0677881566185323,0.07804599694438773,0.0677881566185323,0.15132201312951893
20,2003-01-01,beta_time,0.9434872072890358,2.229819616914879,2.229819616914879,0.5768773401525544
20,2003-01-01,beta_volume,1.508999755519251,3.611706829076578,3.611706829076578,0.5821920695858185
20,2004-01-01,D_oil,0.10347613970563467,0.15404554776369236,0.10347613970563467,0.4887059780343158
20,2004-01-01,D_liquid,0.012540511276723922,0.048140302214409854,0.012540511276723922,2.8387830569365757
20,2004-01-01,water_plateau,12201.036721093236,23865.495605468575,23865.495605468575,0.48875829260811693
20,2004-01-01,water_k,0.052504145244480806,0.13237483708766,0.052504145244480806,1.52122639976841
20,2004-01-01,beta_time,0.530564020001515,1.66212044452378,1.66212044452378,0.6807908706318039
20,2004-01-01,beta_volume,0.8694169034145345,2.734156862633931,2.734156862633931,0.6820164507397766
20,2005-01-01,D_oil,0.12528807933366387,0.19204520367399666,0.1440270895386022,0.4635039460575958
20,2005-01-01,D_liquid,0.027541030005859665,0.07558338545359443,0.0382804378177148,1.255010605586713
20,2005-01-01,water_plateau,10251.808457898811,27727.119140624996,11860.892823536982,1.4733554162168843
20,2005-01-01,water_k,0.042163506391094306,0.16448114225903196,0.1301783047647132,0.9396161371821281
20,2005-01-01,beta_time,0.41393365676785776,1.289939315361116,0.628489981058326,1.3938259717651125
20,2005-01-01,beta_volume,0.7253223549561374,2.192953444023778,1.070769343503767,1.3706323383010426
20,2008-01-01,D_oil,0.10477548394913651,0.13822949931305045,0.12736628684818904,0.26265989369532766
20,2008-01-01,D_liquid,0.01947604011392163,0.040554498949337395,0.03138196774961643,0.671674223987226
20,2008-01-01,water_plateau,8426.957193305901,34840.230416434315,10952.980366961558,2.4115147054221975
20,2008-01-01,water_k,0.016414583240767826,0.23465209106195017,0.12194879152544275,1.7895831938248477
20,2008-01-01,beta_time,0.17758915110941711,0.7217617510718616,0.23684620415017857,2.297577881456768
20,2008-01-01,beta_volume,0.36982567066660044,1.3620378880402035,0.47743532941813877,2.07821280964447
21,2003-01-01,D_oil,0.06968300938412639,0.08336927141697047,0.06968300938412639,0.19640744786722392
21,2003-01-01,D_liquid,0.0,0.0,0.0,0.0
21,2003-01-01,water_plateau,25011.687011718746,25011.687011718746,25011.687011718746,0.0
21,2003-01-01,water_k,0.06746358361248184,0.07741191817267964,0.06746358361248184,0.1474622904312662
21,2003-01-01,beta_time,0.8913258976480191,2.0783401314916037,2.0783401314916037,0.5711356942290656
21,2003-01-01,beta_volume,1.4265987754143103,3.364673823041564,3.364673823041564,0.5760068136040872
21,2004-01-01,D_oil,0.12480119858425434,0.17671615375203212,0.12480119858425434,0.41598122259001824
21,2004-01-01,D_liquid,0.012540510434747928,0.048140305129196995,0.012540510434747928,2.838783547104049
21,2004-01-01,water_plateau,9346.13909244272,28718.791503876222,28718.791503876222,0.6745636357580975
21,2004-01-01,water_k,0.051200829147470706,0.26007126915480083,0.051200829147470706,4.079434717858436
21,2004-01-01,beta_time,0.5149613562637814,1.5250476697655966,1.5250476697655966,0.6623309772717254
21,2004-01-01,beta_volume,0.8443701146890842,2.5075417353227807,2.5075417353227807,0.6632677722588759
21,2005-01-01,D_oil,0.14113371863248667,0.20233270627753228,0.15920429179695125,0.38440538853750655
21,2005-01-01,D_liquid,0.029166663834949834,0.07876761810936848,0.04022330227792659,1.2331397837923976
21,2005-01-01,water_plateau,6694.708861183546,15322.95585630124,8723.953124432775,0.9890294998207817
21,2005-01-01,water_k,0.09675206351497474,0.7161478755936267,0.25878884726779966,2.3934409021795644
21,2005-01-01,beta_time,0.3749350138595101,1.172873301033494,0.561952725348329,1.4199384595552555
21,2005-01-01,beta_volume,0.6591141841609064,1.993947575530488,0.9578771760925241,1.3935329337470783
21,2008-01-01,D_oil,0.13128697509416393,0.157060730626714,0.14760373927422,0.1746145162668764
21,2008-01-01,D_liquid,0.024836099083572778,0.04541341118756341,0.03447286647595129,0.5969132888425633
21,2008-01-01,water_plateau,10011.109886191214,14654.100923204336,12264.40301112536,0.37857456517054633
21,2008-01-01,water_k,0.06130750037176893,0.17379385513876272,0.09078586713901886,1.2390293589942292
21,2008-01-01,beta_time,0.1966200928554363,0.6715197228866098,0.22941933555660063,2.070006997792955
21,2008-01-01,beta_volume,0.4139501084575194,1.2727983971147148,0.4651535267886963,1.8463759580336179
22,2003-01-01,D_oil,0.09663779895589884,0.11574788345219496,0.09663779895589884,0.19774958352494246
22,2003-01-01,D_liquid,0.0,0.0,0.0,0.0
22,2003-01-01,water_plateau,28690.979003906246,28690.979003906246,28690.979003906246,0.0
22,2003-01-01,water_k,0.06733025063564652,0.07717055286791685,0.06733025063564652,0.1461497935826873
22,2003-01-01,beta_time,0.8956142481000665,2.119373829709622,2.119373829709622,0.5774156330774474
22,2003-01-01,beta_volume,1.4395400783779082,3.4419772671582245,3.4419772671582245,0.581769440456989
22,2004-01-01,D_oil,0.14296078673220788,0.19756225398106714,0.14296078673220788,0.38193317550174055
22,2004-01-01,D_liquid,0.019788095215794242,0.05900683652239235,0.019788095215794242,1.9819361529701418
22,2004-01-01,water_plateau,7633.706508028538,30343.295897454387,30343.295897454387,0.7484219732152116
22,2004-01-01,water_k,0.050139279962590086,0.4499949329054622,0.050139279962590086,7.974898188430555
22,2004-01-01,beta_time,0.5043516962737306,1.5283287338493736,1.5283287338493736,0.6699978969816073
22,2004-01-01,beta_volume,0.8351332004589835,2.529798287425308,2.529798287425308,0.6698815061223964
22,2005-01-01,D_oil,0.15658385602634517,0.21427312224887393,0.17501325265253956,0.3296279872991187
22,2005-01-01,D_liquid,0.03607764015074692,0.0882513710957558,0.048110163630561475,1.084463801571152
22,2005-01-01,water_plateau,6598.613688111038,11154.789306704064,7907.866161167049,0.576157401470313
22,2005-01-01,water_k,0.15911669157165784,1.0822579218562731,0.3485502489459493,2.64851691564211
22,2005-01-01,beta_time,0.3500073608632224,1.1704533656028429,0.5393569253791962,1.521155965806509
22,2005-01-01,beta_volume,0.6292000889945448,2.017239575840682,0.9333332082670255,1.487185363760271
22,2008-01-01,D_oil,0.1423447304190751,0.16832105713992465,0.16181479830257825,0.16053121836407253
22,2008-01-01,D_liquid,0.024196832448287423,0.046771866565143455,0.03799186205575934,0.5942070984497532
22,2008-01-01,water_plateau,9639.17405823763,39481.48437499376,13845.3665173858,2.1554005290710623
22,2008-01-01,water_k,0.01369495030142911,0.20315046333277736,0.07116934646083793,2.6620381168681826
22,2008-01-01,beta_time,0.2051874867872741,0.6744239370211362,0.23168891070132483,2.0252866173589332
22,2008-01-01,beta_volume,0.4469871345836325,1.3091630633347953,0.48455551857669377,1.779312990353861
23,2003-01-01,D_oil,0.14838765978754678,0.16929934819178544,0.14838765978754678,0.1409260610631561
23,2003-01-01,D_liquid,0.0,0.0,0.0,0.0
23,2003-01-01,water_plateau,25701.816517418578,35312.81982421874,35312.81982421874,0.2721675401353423
23,2003-01-01,water_k,0.06392859590222107,0.10073336593709106,0.06392859590222107,0.575716852770597
23,2003-01-01,beta_time,0.7435984987976523,1.7681733838694509,1.7681733838694509,0.5794538558371637
23,2003-01-01,beta_volume,1.2126583109090625,2.9035208098753853,2.9035208098753853,0.5823490202706321
23,2004-01-01,D_oil,0.17292930738420856,0.21470207661238747,0.17292930738420856,0.24155980186383078
23,2004-01-01,D_liquid,0.025107335356603443,0.06441668922591288,0.025107335356603443,1.5656521614497314
23,2004-01-01,water_plateau,7337.701964190263,11474.767376400261,11474.767376400261,0.36053588508631124
23,2004-01-01,water_k,0.21048825240918884,1.006164007718158,0.21048825240918884,3.780143291617893
23,2004-01-01,beta_time,0.4290558619091736,1.2647508161981995,1.2647508161981995,0.6607585807306282
23,2004-01-01,beta_volume,0.728345842336895,2.129927337466951,2.129927337466951,0.6580419296354535
23,2005-01-01,D_oil,0.19358893479941813,0.23316195621309788,0.21008316795977944,0.18836835810309194
23,2005-01-01,D_liquid,0.04217624169955971,0.09146061585842999,0.05459544280670439,0.9027195609230976
23,2005-01-01,water_plateau,7632.357814961622,9507.5721858249,8180.642182637248,0.22922581491747293
23,2005-01-01,water_k,0.28353022984403037,1.0342656799028873,0.5082641607004204,1.477057617094811
23,2005-01-01,beta_time,0.2995068887684227,0.9919956569499573,0.4711542678889982,1.4697707637972235
23,2005-01-01,beta_volume,0.5508474965902165,1.7440459593084372,0.83263198149031,1.4330442371220724
23,2008-01-01,D_oil,0.16424217965394505,0.20417795557839838,0.1990193632536773,0.20066276603221636
23,2008-01-01,D_liquid,0.01156594457606518,0.03918892298554999,0.03637135876571835,0.7594706204795604
23,2008-01-01,water_plateau,10384.827312060364,45930.25878906249,11189.771102352668,3.1766004104881684
23,2008-01-01,water_k,0.0129515843822979,0.25259510645108274,0.19924165560896143,1.2027782108933962
23,2008-01-01,beta_time,0.22389950116848534,0.6067736770562576,0.26357143150725443,1.4526391335292885
23,2008-01-01,beta_volume,0.4951275173880623,1.1996450812776513,0.5626119969134503,1.2522263438295804
24,2003-01-01,D_oil,0.04450378625697132,0.05383865411697489,0.04450378625697132,0.20975446462246342
24,2003-01-01,D_liquid,0.0,0.0,0.0,0.0
24,2003-01-01,water_plateau,19818.79882811957,19818.798828124927,19818.798828124927,2.7038685993630866e-13
24,2003-01-01,water_k,0.06736051002587558,0.0770047322894152,0.06736051002587558,0.14317323695789919
24,2003-01-01,beta_time,0.9057727576734046,2.1311216587018915,2.1311216587018915,0.5749783903819321
24,2003-01-01,beta_volume,1.4486721867012726,3.4506065944627706,3.4506065944627706,0.5801688349445647
24,2004-01-01,D_oil,0.111827139313808,0.16412424663914943,0.111827139313808,0.46766024460829586
24,2004-01-01,D_liquid,0.012540511196834957,0.04814029752243933,0.012540511196834957,2.838782707246356
24,2004-01-01,water_plateau,14094.21634130584,25693.80126953103,25693.80126953103,0.4514546059784679
24,2004-01-01,water_k,0.05226518073105743,0.11929479147104395,0.05226518073105743,1.2824907481886052
24,2004-01-01,beta_time,0.5340606448610703,1.59940294347246,1.59940294347246,0.6660874940610197
24,2004-01-01,beta_volume,0.8751270673507568,2.630520741276008,2.630520741276008,0.6673179368560113
24,2005-01-01,D_oil,0.13009710133878355,0.1953276049400741,0.14864693318528058,0.43882845211467736
24,2005-01-01,D_liquid,0.02754103812946574,0.07558339788430606,0.03828044682491117,1.255010422803543
24,2005-01-01,water_plateau,7664.608962620252,28977.17529296849,10430.223599454304,2.043347021962529
24,2005-01-01,water_k,0.041655713211380695,0.3295333559809747,0.16718599913460333,1.7219004238376474
24,2005-01-01,beta_time,0.4040670194156553,1.2355414335717996,0.6074210721036223,1.368860008884084
24,2005-01-01,beta_volume,0.7087539264681545,2.1002527196503564,1.0349431310251858,1.3445171541008463
24,2008-01-01,D_oil,0.11010369857008792,0.14110420273105945,0.13182606233376779,0.2351621797098207
24,2008-01-01,D_liquid,0.019476035597980768,0.04055449767762943,0.03138196732553755,0.6716743364427551
24,2008-01-01,water_plateau,9035.046468564546,36090.06591796874,10608.935626585566,2.5502105396516317
24,2008-01-01,water_k,0.01620257999695608,0.19769920705690786,0.13705351644489375,1.3242755951681666
24,2008-01-01,beta_time,0.1818932291229843,0.6955306381634325,0.2314178627119268,2.2195236055733236
24,2008-01-01,beta_volume,0.3787682541465325,1.3122845227955997,0.4663029988065895,2.001952102041415
25,2003-01-01,D_oil,0.11522400486431417,0.13270575714606841,0.11522400486431417,0.15171970721153516
25,2003-01-01,D_liquid,0.0,0.0,0.0,0.0
25,2003-01-01,water_plateau,33615.6738280801,33615.67382812499,33615.67382812499,1.3354680530589784e-12
25,2003-01-01,water_k,0.06581585809221925,0.07354533911483652,0.06581585809221925,0.11744101264754375
25,2003-01-01,beta_time,0.79120135193656,1.8178202754920922,1.8178202754920922,0.5647527081727712
25,2003-01-01,beta_volume,1.2688785400117282,2.943752153390092,2.943752153390092,0.5689587730575556
25,2004-01-01,D_oil,0.1522833744739171,0.19902616467723863,0.1522833744739171,0.3069461151934716
25,2004-01-01,D_liquid,0.01602978884644994,0.05372907986072736,0.01602978884644994,2.3518270499630782
25,2004-01-01,water_plateau,7421.564226464357,15723.539709558823,15723.539709558823,0.5279965985043075
25,2004-01-01,water_k,0.12540429957049565,0.7337934508453917,0.12540429957049565,4.851421788236949
25,2004-01-01,beta_time,0.4603383215122043,1.306345179974463,1.306345179974463,0.6476135644935719
25,2004-01-01,beta_volume,0.7572771146230165,2.150237201105876,2.150237201105876,0.6478169412037212
25,2005-01-01,D_oil,0.16908534759919805,0.21748663610096275,0.18573042592589054,0.26059967428857134
25,2005-01-01,D_liquid,0.03250359600405816,0.0842336299755873,0.044112990525473246,1.1726712098935437
25,2005-01-01,water_plateau,7379.37726761148,10495.51470661629,8376.559356311045,0.3720068474960495
25,2005-01-01,water_k,0.21645825769446522,1.2506636165873117,0.4152784367187841,2.490390223639721
25,2005-01-01,beta_time,0.3159513875291403,1.0163166896520102,0.48963080289971334,1.4303946932569096
25,2005-01-01,beta_volume,0.5596513882274216,1.7363368163204282,0.8393525872716745,1.4018964687031426
25,2008-01-01,D_oil,0.14737599029013038,0.18205578272806558,0.1755287783277003,0.19757325703703346
25,2008-01-01,D_liquid,0.01729321779899715,0.04318599442796188,0.034705421145102805,0.7460729700039498
25,2008-01-01,water_plateau,10150.4093369799,43854.76562494102,43789.69118728605,0.769687005642709
25,2008-01-01,water_k,0.01277565143709697,0.23517657616762197,0.01355795113865998,16.40372667344679
25,2008-01-01,beta_time,0.20628020825747742,0.6056432114422436,0.24049203523108229,1.6606080230516955
25,2008-01-01,beta_volume,0.4434150008263188,1.1615569399100216,0.4964432289161793,1.4465741443418008
26,2003-01-01,D_oil,0.04185786287645423,0.051938029879721515,0.04185786287645423,0.2408189599411572
26,2003-01-01,D_liquid,0.0,0.0,0.0,0.0
26,2003-01-01,water_plateau,18430.172118682865,18430.172119140647,18430.172119140647,2.483869506222082e-11
26,2003-01-01,water_k,0.06774409359065783,0.07794721138298784,0.06774409359065783,0.15061265494202514
26,2003-01-01,beta_time,0.9362887362407648,2.161584781697927,2.161584781697927,0.5668507919891492
26,2003-01-01,beta_volume,1.4982024032802963,3.501802591154447,3.501802591154447,0.5721625179372603
26,2004-01-01,D_oil,0.1069584308386159,0.15965231929185658,0.1069584308386159,0.4926576431618353
26,2004-01-01,D_liquid,0.015353365768136767,0.05246347769226012,0.015353365768136767,2.4170668819171177
26,2004-01-01,water_plateau,11649.018622956817,23751.27197265607,23751.27197265607,0.5095412727213985
26,2004-01-01,water_k,0.05245847942369654,0.1403276437624792,0.05245847942369654,1.67502309072059
26,2004-01-01,beta_time,0.5358073538285721,1.6164998348381538,1.6164998348381538,0.6685385656830469
26,2004-01-01,beta_volume,0.8805737759259313,2.6645340945970677,2.6645340945970677,0.6695205448068803
26,2005-01-01,D_oil,0.13230363162858363,0.20406783327908565,0.15225073746767062,0.47135536316033044
26,2005-01-01,D_liquid,0.032776126792561464,0.08435299533553271,0.0444005872223325,1.1616258200528764
26,2005-01-01,water_plateau,9176.04439224838,27433.432617187496,11238.570139221873,1.6245294551503513
26,2005-01-01,water_k,0.042064109709185254,0.19659132770190826,0.13834601725669143,1.116961811094341
26,2005-01-01,beta_time,0.42250642347173323,1.2599128356475462,0.6302332967946758,1.3287244841470702
26,2005-01-01,beta_volume,0.7473513021614981,2.154092725268385,1.080460523694454,1.3019831750046449
26,2008-01-01,D_oil,0.10649879551897806,0.1436566534066483,0.13295518578536603,0.2794765594751257
26,2008-01-01,D_liquid,0.021114546886054276,0.04473514010572924,0.0356432033444241,0.6626955773707159
26,2008-01-01,water_plateau,8101.373339595243,34063.4106445312,10284.688121657913,2.524338803260747
26,2008-01-01,water_k,0.01574226790841496,0.24423536908786275,0.13081006488403282,1.7467547423205854
26,2008-01-01,beta_time,0.1760318891679029,0.7075980311177262,0.23793222082890408,2.234107428148918
26,2008-01-01,beta_volume,0.3776344278981096,1.3583340235879715,0.49200936135332063,1.9932539352347893
27,2003-01-01,D_oil,0.060273416871870225,0.07203328417162475,0.060273416871870225,0.19510868820916114
27,2003-01-01,D_liquid,0.0,0.0,0.0,0.0
27,2003-01-01,water_plateau,23177.521972360937,23177.521972656246,23177.521972656246,1.2741193473368497e-11
27,2003-01-01,water_k,0.06728813633208255,0.07694308696455979,0.06728813633208255,0.14348667029248385
27,2003-01-01,beta_time,0.8872935740697515,2.093813132562193,2.093813132562193,0.5762307723306842
27,2003-01-01,beta_volume,1.4196937321784049,3.389567362726217,3.389567362726217,0.5811578351295694
27,2004-01-01,D_oil,0.12184554005903024,0.1741378720117201,0.12184554005903024,0.4291690276669618
27,2004-01-01,D_liquid,0.012540502358001585,0.04814028607177436,0.012540502358001585,2.838784499813757
27,2004-01-01,water_plateau,10140.475713838474,27997.446289053027,27997.446289053027,0.6378071196513594
27,2004-01-01,water_k,0.05154374992615585,0.2169973983990509,0.05154374992615585,3.209965295694089
27,2004-01-01,beta_time,0.5216722992630962,1.5526812358088993,1.5526812358088993,0.6640184171535242
27,2004-01-01,beta_volume,0.8552014404621631,2.553152084891688,2.553152084891688,0.6650409329225513
27,2005-01-01,D_oil,0.13615488482548097,0.1963439562712063,0.15398208814855768,0.3908835902241861
27,2005-01-01,D_liquid,0.027541038696103016,0.07558340246445149,0.03828044920998278,1.2550104494547043
27,2005-01-01,water_plateau,6756.044638785107,17506.28523034436,8955.774397772379,1.200369740693024
27,2005-01-01,water_k,0.079787167087512,0.6133807873981059,0.23755409227039773,2.2461983930094833
27,2005-01-01,beta_time,0.37779572771261233,1.1920137692074593,0.5726480654282552,1.4218471879162529
27,2005-01-01,beta_volume,0.6637491554672157,2.0261810092916597,0.9759366965867772,1.3960248227055994
27,2008-01-01,D_oil,0.13010810972339387,0.1535852270204733,0.14352425692738474,0.16357595433472646
27,2008-01-01,D_liquid,0.024698904797539042,0.04381358692720452,0.033229588037463016,0.5752307885404899
27,2008-01-01,water_plateau,10271.039299691343,14003.940219747086,11975.860924892673,0.3117020933582023
27,2008-01-01,water_k,0.06939406537776494,0.16119217680217154,0.09599533668650018,0.9562767796127348
27,2008-01-01,beta_time,0.19892044685259463,0.680939128314295,0.2315833747010841,2.0814045139633417
27,2008-01-01,beta_volume,0.41534174852065736,1.285630234300067,0.46675893467971136,1.8645352474647303
28,2003-01-01,D_oil,0.13201239098564707,0.15529614628962676,0.13201239098564707,0.17637552907068546
28,2003-01-01,D_liquid,0.0,0.0,0.0,0.0
28,2003-01-01,water_plateau,32033.093261195074,32033.093261718743,32033.093261718743,1.6347745598850078e-11
28,2003-01-01,water_k,0.06563602511953394,0.0731058584932,0.06563602511953394,0.11380691259201448
28,2003-01-01,beta_time,0.8142857458750588,1.8300151047330722,1.8300151047330722,0.5550387842324224
28,2003-01-01,beta_volume,1.3236305662379566,2.998554092134827,2.998554092134827,0.5585770589532386
28,2004-01-01,D_oil,0.15905828003600014,0.20731310665167496,0.15905828003600014,0.3033782749615622
28,2004-01-01,D_liquid,0.02454852201155304,0.0641288427827727,0.02454852201155304,1.6123300927278776
28,2004-01-01,water_plateau,7051.269451601263,14136.69597903759,14136.69597903759,0.5012080996820513
28,2004-01-01,water_k,0.13650367678310632,0.7551013011979307,0.13650367678310632,4.531728661036198
28,2004-01-01,beta_time,0.46051182286696324,1.3106049061810627,1.3106049061810627,0.6486265077331074
28,2004-01-01,beta_volume,0.77762905272724,2.199479261340758,2.199479261340758,0.6464485633507574
28,2005-01-01,D_oil,0.17350408210347945,0.21700050345396885,0.19046514918657,0.2283694499295643
28,2005-01-01,D_liquid,0.03899634008936861,0.08686648428725428,0.05094532000000622,0.9396377174170234
28,2005-01-01,water_plateau,7048.794357928901,9843.200521104698,7923.859653401416,0.3526572005823277
28,2005-01-01,water_k,0.224792926122416,1.2849343767901518,0.43143324828518037,2.4572548705541
28,2005-01-01,beta_time,0.31263885444781253,1.0186458145564696,0.49420253195883806,1.4285781930543815
28,2005-01-01,beta_volume,0.5727545016394521,1.7824243943422926,0.8692252816169391,1.3916644146067678
28,2008-01-01,D_oil,0.15472280681533931,0.1845552325894138,0.1798992386848423,0.16582852708085458
28,2008-01-01,D_liquid,0.016087674314987567,0.04172393825123572,0.03732375505424411,0.6868618631482803
28,2008-01-01,water_plateau,10017.166852741193,42681.56249999999,42681.562360645905,0.7653045915061598
28,2008-01-01,water_k,0.013587473684743,0.22508435961054601,0.014926357228136594,14.169357110596653
28,2008-01-01,beta_time,0.2202928967035595,0.6117125395131899,0.2472475683219798,1.5831081594295058
28,2008-01-01,beta_volume,0.4881713282766244,1.206418309661168,0.5265598208217349,1.3640368159189717
29,2003-01-01,D_oil,0.11151819536689207,0.1322371997202098,0.11151819536689207,0.18579034824902546
29,2003-01-01,D_liquid,0.0,0.0,0.0,0.0
29,2003-01-01,water_plateau,30847.216796874534,30847.216796874993,30847.216796874993,1.4859860217275517e-14
29,2003-01-01,water_k,0.06669691655670476,0.07564056202091335,0.06669691655670476,0.13409383710572031
29,2003-01-01,beta_time,0.8588068291617127,1.932661168955616,1.932661168955616,0.5556350782243944
29,2003-01-01,beta_volume,1.3804751843057863,3.137879969386853,3.137879969386853,0.5600611885178216
29,2004-01-01,D_oil,0.14866674347135192,0.20015231767766295,0.14866674347135192,0.3463153426524897
29,2004-01-01,D_liquid,0.020043541897335194,0.05932203924969748,0.020043541897335194,1.9596585051459592
29,2004-01-01,water_plateau,7252.823301749145,20312.3955001152,20312.3955001152,0.6429360928055969
29,2004-01-01,water_k,0.08325569512762335,0.601373269676617,0.08325569512762335,6.223208799767595
29,2004-01-01,beta_time,0.48181219409002946,1.3886284239561388,1.3886284239561388,0.6530301513508066
29,2004-01-01,beta_volume,0.7990169595939866,2.2997892318332256,2.2997892318332256,0.6525694839622029
29,2005-01-01,D_oil,0.16274239776441174,0.21482046544492536,0.18035742625572126,0.2887492284718806
29,2005-01-01,D_liquid,0.03554052476248946,0.08681883014247031,0.047433246614378984,1.0810625255500912
29,2005-01-01,water_plateau,6870.673044760494,10513.253818781719,7982.093958606468,0.45634401109670164
29,2005-01-01,water_k,0.18982559824911913,1.2508581576206799,0.38765657652422564,2.7370425877587405
29,2005-01-01,beta_time,0.33137632349979773,1.0723335946108337,0.5159498903713452,1.4361031660996109
29,2005-01-01,beta_volume,0.5960433166813407,1.8488248167170471,0.8933132369374508,1.402398899103546
29,2008-01-01,D_oil,0.14506593627545813,0.17360193502061858,0.1683850853615952,0.1694686835468912
29,2008-01-01,D_liquid,0.020328078254089502,0.044330183225048704,0.036893604529865655,0.6505763065663404
29,2008-01-01,water_plateau,9825.121612192492,41273.48632812499,41273.48632767664,0.7619507706777914
29,2008-01-01,water_k,0.013369552711883932,0.21695144776443198,0.014308917198164956,14.22762409154596
29,2008-01-01,beta_time,0.2076644348613814,0.63050924673985,0.23516768296862905,1.798056631509506
29,2008-01-01,beta_volume,0.45301447898804525,1.224127401601331,0.49236784416150986,1.5661317686707827
30,2003-01-01,D_oil,0.09637223671685323,0.1138344596626901,0.09637223671685323,0.18119557603650738
30,2003-01-01,D_liquid,0.0,0.0,0.0,0.0
30,2003-01-01,water_plateau,30211.43798827737,30211.437988281246,30211.437988281246,1.2836480705963222e-13
30,2003-01-01,water_k,0.06712090080407722,0.07666564774892591,0.06712090080407722,0.14220230703859835
30,2003-01-01,beta_time,0.8670828295663195,1.9318280651456825,1.9318280651456825,0.5511594198208672
30,2003-01-01,beta_volume,1.3887705172656448,3.127487887754386,3.127487887754386,0.5559469557969042
30,2004-01-01,D_oil,0.13557618728123524,0.1836088340153963,0.13557618728123524,0.35428527455580044
30,2004-01-01,D_liquid,0.012540500280097068,0.04814028350505278,0.012540500280097068,2.8387849312085147
30,2004-01-01,water_plateau,7604.966709602993,31416.714595705267,31416.714595705267,0.7579324634205192
30,2004-01-01,water_k,0.04975776343398818,0.50126296858181,0.04975776343398818,9.074065512345975
30,2004-01-01,beta_time,0.48256330321331903,1.3899096869705543,1.3899096869705543,0.6528095978199033
30,2004-01-01,beta_volume,0.7919672655334564,2.2849775772681054,2.2849775772681054,0.6534026095431869
30,2005-01-01,D_oil,0.14930077195992572,0.2000583477985743,0.16578618500758674,0.30616287983420204
30,2005-01-01,D_liquid,0.027541037159294436,0.07558340269433755,0.03828044581168382,1.2550106070180562
30,2005-01-01,water_plateau,6961.153291739098,11859.278422898513,8412.797088437821,0.5822231393041897
30,2005-01-01,water_k,0.1564188033248669,1.0539697649792252,0.337875366028696,2.6564557582399444
30,2005-01-01,beta_time,0.3365685301999194,1.0729468586120645,0.5200897940706202,1.4158676767115264
30,2005-01-01,beta_volume,0.591851142465725,1.8235940591583821,0.8865403939523814,1.3893816064051983
30,2008-01-01,D_oil,0.14934897922488588,0.17119946868130054,0.16118355987981903,0.1355627675223622
30,2008-01-01,D_liquid,0.02495622338254827,0.044434067658442086,0.033683495237767265,0.5782607813827613
30,2008-01-01,water_plateau,10239.798886139155,41646.74804687499,13067.496227395693,2.403440461294484
30,2008-01-01,water_k,0.014137843071632484,0.19914200897367748,0.09220131999894095,2.0065240487247906
30,2008-01-01,beta_time,0.21245111859602908,0.6318328463687928,0.2370094482092019,1.7694726136090013
30,2008-01-01,beta_volume,0.446558213837574,1.1947730979036693,0.47898176977670687,1.5620947002114511
31,2003-01-01,D_oil,0.03239186738857738,0.04126222344078074,0.03239186738857738,0.27384515828597716
31,2003-01-01,D_liquid,0.0,0.0,0.0,0.0
31,2003-01-01,water_plateau,16866.229248046897,16866.229248046897,16866.229248046897,0.0
31,2003-01-01,water_k,0.06828251441614687,0.07928319978039715,0.06828251441614687,0.16110545222759007
31,2003-01-01,beta_time,1.0019562578053083,2.2358872685699422,2.2358872685699422,0.5518753239978184
31,2003-01-01,beta_volume,1.6022804908663209,3.622454270655669,3.622454270655669,0.5576809612626784
31,2004-01-01,D_oil,0.0890279203912784,0.13471407196770388,0.0890279203912784,0.5131665591607049
31,2004-01-01,D_liquid,0.012540501207906509,0.04814028551353882,0.012540501207906509,2.8387848073558204
31,2004-01-01,water_plateau,6433.501652016932,20772.919921874938,20772.919921874938,0.6902938211761878
31,2004-01-01,water_k,0.05231518933529468,0.2944420265512794,0.05231518933529468,4.628232073560188
31,2004-01-01,beta_time,0.5005764282328603,1.6440922242380651,1.6440922242380651,0.6955302014977617
31,2004-01-01,beta_volume,0.8207614953475357,2.704727205501927,2.704727205501927,0.6965455541401915
31,2005-01-01,D_oil,0.11784789940740516,0.18494811519983523,0.13646038465170435,0.4917193804172089
31,2005-01-01,D_liquid,0.027541029526281294,0.07558338613477064,0.038280437214187384,1.2550106556955425
31,2005-01-01,water_plateau,14435.871586072728,25882.348632812496,25882.348632812496,0.4422503231499027
31,2005-01-01,water_k,0.0426162494366862,0.0919128628412841,0.04266962588324069,1.1553092483044263
31,2005-01-01,beta_time,0.4195424223782503,1.2964748947639644,0.6546711692403718,1.3395006739081494
31,2005-01-01,beta_volume,0.7343798373865079,2.2041211161529524,1.1153802764139853,1.3177042035311501
31,2008-01-01,D_oil,0.09852048744825133,0.13398791819907102,0.12125756407910383,0.2924966456334393
31,2008-01-01,D_liquid,0.019476038746088185,0.04055449947347573,0.031381967471119675,0.6716742902364461
31,2008-01-01,water_plateau,8055.061410797854,11605.52400385721,10954.155702690354,0.32412015032681696
31,2008-01-01,water_k,0.09439884127631307,0.2423961564245581,0.10233248450153443,1.4462398315563803
31,2008-01-01,beta_time,0.1739956497573198,0.7264007637359919,0.24343089683894795,2.2692481568768947
31,2008-01-01,beta_volume,0.3623929724985494,1.3706238730058766,0.4907926393892093,2.054290997033022
32,2003-01-01,D_oil,0.04959003079388128,0.05936926539675736,0.04959003079388128,0.19720162392161092
32,2003-01-01,D_liquid,0.0,0.0,0.0,0.0
32,2003-01-01,water_plateau,20985.79589843743,20985.795898437496,20985.79589843743,3.1203781283571257e-15
32,2003-01-01,water_k,0.06713851239546835,0.07650162193182992,0.06713851239546835,0.13945959185407206
32,2003-01-01,beta_time,0.8830759868422788,2.0707012852124316,2.0707012852124316,0.5735377221482312
32,2003-01-01,beta_volume,1.4124895319569646,3.352232193595483,3.352232193595483,0.5786420956592571
32,2004-01-01,D_oil,0.11616514010761954,0.16866142693460712,0.11616514010761954,0.4519108467338234
32,2004-01-01,D_liquid,0.012540499252523837,0.04814028274240674,0.012540499252523837,2.83878518494535
32,2004-01-01,water_plateau,12420.82931402001,26703.046874999996,26703.046874999996,0.5348534804974381
32,2004-01-01,water_k,0.0519372729833461,0.1486475149318083,0.0519372729833461,1.8620585254730786
32,2004-01-01,beta_time,0.5286402071938339,1.5533788662041386,1.5533788662041386,0.6596836620510825
32,2004-01-01,beta_volume,0.8663783409172404,2.55456037479355,2.55456037479355,0.6608503171559381
32,2005-01-01,D_oil,0.13203903617663787,0.19485991026440388,0.15014599510084461,0.4183985996134813
32,2005-01-01,D_liquid,0.027541027828503498,0.07558338095209138,0.038280435284097254,1.2550106279367728
32,2005-01-01,water_plateau,6934.820616345714,23623.64197097217,9496.494393313598,1.7573665253124262
32,2005-01-01,water_k,0.053469225577398055,0.4765659821506534,0.20095120636968497,2.1054701000147005
32,2005-01-01,beta_time,0.3911414282869137,1.196295593121919,0.5876257452234371,1.370181908093315
32,2005-01-01,beta_volume,0.6867184748256402,2.033462720314204,1.001324537074307,1.3449627924064582
32,2008-01-01,D_oil,0.11398098615678136,0.14282567955545147,0.1346728136614255,0.21418349119212127
32,2008-01-01,D_liquid,0.019476037409123053,0.04055449659834354,0.031381966379575875,0.6716742645846069
32,2008-01-01,water_plateau,10080.951593666741,36872.93555903678,10431.285788135212,2.568425840258721
32,2008-01-01,water_k,0.01617173294832929,0.1471451634074721,0.1448942710579694,0.9039241476065183
32,2008-01-01,beta_time,0.1856330202776694,0.6779461314002345,0.22746387265259158,2.164357378520857
32,2008-01-01,beta_volume,0.38656223263973893,1.2789229725765143,0.45810718215504553,1.9479300362393306
33,2003-01-01,D_oil,0.15668951660948535,0.1801024207536553,0.15668951660948535,0.14942227566201208
33,2003-01-01,D_liquid,0.0,0.000438026229645498,0.0,438.026229645498
33,2003-01-01,water_plateau,22016.146718348213,34022.24365234374,34022.24365234374,0.35288962881695335
33,2003-01-01,water_k,0.06391222325866706,0.11649457177228667,0.06391222325866706,0.822727575925611
33,2003-01-01,beta_time,0.7573599513059384,1.7744865290387037,1.7744865290387037,0.5731948713545746
33,2003-01-01,beta_volume,1.2567427094664243,2.958910937615345,2.958910937615345,0.5752684903455517
33,2004-01-01,D_oil,0.17719801399861404,0.21803800644732202,0.17719801399861404,0.2304765811259454
33,2004-01-01,D_liquid,0.029916544552654706,0.06773069191231779,0.029916544552654706,1.2639878009008754
33,2004-01-01,water_plateau,7166.14186483829,11336.449933686643,11336.449933686643,0.36786719768912335
33,2004-01-01,water_k,0.205259923556045,0.9688433166624315,0.205259923556045,3.720080276157243
33,2004-01-01,beta_time,0.4332347954413726,1.2703956642098002,1.2703956642098002,0.6589764845341712
33,2004-01-01,beta_volume,0.751862399407921,2.1779565834498924,2.1779565834498924,0.65478540521824
33,2005-01-01,D_oil,0.19929266022602396,0.23786493661039612,0.21635964533322122,0.178278515501197
33,2005-01-01,D_liquid,0.04475519348446268,0.08895179632891552,0.05671917113116038,0.7792180661852464
33,2005-01-01,water_plateau,7677.8053546211,9707.916580601885,8212.308360665671,0.24720348248299678
33,2005-01-01,water_k,0.2632058497475603,0.7735717443384686,0.4757319401033184,1.0728014067755642
33,2005-01-01,beta_time,0.31458388323169917,1.0028744016374578,0.4855324208750295,1.4175995027588832
33,2005-01-01,beta_volume,0.5911954149114134,1.7966559249717724,0.8749820799706975,1.3776973696429633
33,2008-01-01,D_oil,0.1528482077295884,0.19978785629068382,0.19868932169993503,0.2362464583375281
33,2008-01-01,D_liquid,0.012152909024856984,0.03903751757913465,0.03792257549582434,0.7089341428626844
33,2008-01-01,water_plateau,10117.370843329623,44773.083009981594,10219.231332887452,3.3912249402871644
33,2008-01-01,water_k,0.012765003666587914,0.25783036650849755,0.25338219826516917,0.9671767177007604
33,2008-01-01,beta_time,0.20645565577843902,0.6071497296336231,0.2583173792968394,1.5511696307306362
33,2008-01-01,beta_volume,0.4660588420115893,1.2247786878824762,0.5630654733727798,1.347480678092605
34,2003-01-01,D_oil,0.079840419134853,0.09538626436634642,0.079840419134853,0.19471146820053636
34,2003-01-01,D_liquid,0.0,0.0,0.0,0.0
34,2003-01-01,water_plateau,26973.041992187496,26973.041992187496,26973.041992187496,0.0
34,2003-01-01,water_k,0.06751209209724177,0.07757712737435603,0.06751209209724177,0.14908492633611442
34,2003-01-01,beta_time,0.8945559824876753,2.0081220025023008,2.0081220025023008,0.5545310586841945
34,2003-01-01,beta_volume,1.432129741418984,3.2512286321204105,3.2512286321204105,0.5595112176146877
34,2004-01-01,D_oil,0.12887917105246144,0.18001277781740513,0.12887917105246144,0.3967561736110895
34,2004-01-01,D_liquid,0.012540511514803131,0.04814030122741706,0.012540511514803131,2.8387829053536655
34,2004-01-01,water_plateau,8535.880649627112,29685.109863281246,29685.109863281246,0.7124524487549396
34,2004-01-01,water_k,0.050790208125277285,0.32996673267067994,0.050790208125277285,5.496660377071028
34,2004-01-01,beta_time,0.5066040739697343,1.463160886771165,1.463160886771165,0.6537605135907614
34,2004-01-01,beta_volume,0.8308997929197494,2.4057223611311107,2.4057223611311107,0.6546152597055792
34,2005-01-01,D_oil,0.14121991512287643,0.19671567539061854,0.1583245911680689,0.3505188919694148
34,2005-01-01,D_liquid,0.027541038503324212,0.07558340471608888,0.03828044767511538,1.255010563630245
34,2005-01-01,water_plateau,6704.512624291544,13438.5838512013,8470.042004953437,0.7950457887896597
34,2005-01-01,water_k,0.11946827715488219,0.8464877438384072,0.290216206817344,2.5050960270495706
34,2005-01-01,beta_time,0.3560675204237656,1.12313813811773,0.5452845438551247,1.4067345688378166
34,2005-01-01,beta_volume,0.6261575942338162,1.9090254155033068,0.9294507030622136,1.3802429941070482
34,2008-01-01,D_oil,0.142108679095983,0.16224038693291112,0.15203346555491892,0.13241629244882258
34,2008-01-01,D_liquid,0.026566802214120996,0.045028602401123094,0.03392937765143329,0.5441243389921775
34,2008-01-01,water_plateau,10168.917321003753,39600.27099609364,11361.598776036632,2.590423606329521
34,2008-01-01,water_k,0.014959728890710415,0.17974906386421646,0.12140291174004214,1.3573754748680695
34,2008-01-01,beta_time,0.2081576728165132,0.6526796278074019,0.23269357404078064,1.9103318895818933
34,2008-01-01,beta_volume,0.43550693854201983,1.2325610546080146,0.46910203199228273,1.6991060829152562
35,2003-01-01,D_oil,0.03366460637330704,0.042653397342704735,0.03366460637330704,0.2670101313445028
35,2003-01-01,D_liquid,0.0,0.0,0.0,0.0
35,2003-01-01,water_plateau,17167.757568359313,17167.757568359397,17167.757568359397,4.873875474413837e-15
35,2003-01-01,water_k,0.06822702858567038,0.07914227860025433,0.06822702858567038,0.1599842502429669
35,2003-01-01,beta_time,0.9905189477393062,2.283425366153006,2.283425366153006,0.5662135656274678
35,2003-01-01,beta_volume,1.5841306696201232,3.69959661548289,3.69959661548289,0.5718098932757959
35,2004-01-01,D_oil,0.09134897604775634,0.13776364693506768,0.09134897604775634,0.5081028041633024
35,2004-01-01,D_liquid,0.01254051215886659,0.048140300333432993,0.01254051215886659,2.8387826369113704
35,2004-01-01,water_plateau,6864.621502143981,21283.400878906246,21283.400878906246,0.6774659491121348
35,2004-01-01,water_k,0.052350572139601856,0.2728651231927158,0.052350572139601856,4.2122663046561115
35,2004-01-01,beta_time,0.5057510510704553,1.6796604629882121,1.6796604629882121,0.6988968531350109
35,2004-01-01,beta_volume,0.8291793887603123,2.763313120572595,2.763313120572595,0.6999328875952736
35,2005-01-01,D_oil,0.11917678452279427,0.18618636015486512,0.13782673371383908,0.4861870685494048
35,2005-01-01,D_liquid,0.027541030614393384,0.075583387330428,0.03828043738777589,1.25501065281391
35,2005-01-01,water_plateau,13777.483767234879,26211.748046874996,26211.748046874996,0.47437752939650085
35,2005-01-01,water_k,0.042242977968896096,0.0991144445289543,0.04258813555673922,1.3353828670027037
35,2005-01-01,beta_time,0.41822750025231953,1.3190822097510626,0.649457463053248,1.3870880862060144
35,2005-01-01,beta_volume,0.732196997800679,2.2426571743393326,1.1065019593803456,1.3650768204554553
35,2008-01-01,D_oil,0.09943732488283354,0.13478640261451702,0.12238438221267323,0.28883650914097597
35,2008-01-01,D_liquid,0.019476035823264057,0.04055449788573778,0.031381967747468924,0.6716743268647893
35,2008-01-01,water_plateau,8103.797872305351,11644.389876378513,11462.217569065107,0.30889240958300385
35,2008-01-01,water_k,0.08359438368847093,0.24334737527056297,0.1059235812801779,1.508190996295058
35,2008-01-01,beta_time,0.17413949643243903,0.736935800021537,0.2422698796581087,2.323013923081632
35,2008-01-01,beta_volume,0.36268883779661293,1.3907252129253378,0.4884472522339962,2.104702954979942
36,2003-01-01,D_oil,0.12783843190966448,0.14884689966172135,0.12783843190966448,0.16433608765556706
36,2003-01-01,D_liquid,0.0,0.0,0.0,0.0
36,2003-01-01,water_plateau,33416.350097656235,33416.35009765624,33416.35009765624,2.177364551460618e-16
36,2003-01-01,water_k,0.06558771545059908,0.07299419259232903,0.06558771545059908,0.11292476176134757
36,2003-01-01,beta_time,0.7992904298998417,1.8211459509163512,1.8211459509163512,0.5611057809520096
36,2003-01-01,beta_volume,1.2876322118120829,2.9605254293128214,2.9605254293128214,0.5650663226659195
36,2004-01-01,D_oil,0.15788953563943,0.2053360875760165,0.15788953563943,0.3005047278430123
36,2004-01-01,D_liquid,0.02074283977495854,0.06007109725306964,0.02074283977495854,1.895991961794426
36,2004-01-01,water_plateau,7231.973168758205,14096.267982736514,14096.267982736514,0.4869583085668424
36,2004-01-01,water_k,0.1433614189500063,0.7884745039343053,0.1433614189500063,4.499907225452798
36,2004-01-01,beta_time,0.45670801573761033,1.3035420908569608,1.3035420908569608,0.6496407604012493
36,2004-01-01,beta_volume,0.7606161748936933,2.1644442388378895,2.1644442388378895,0.6485859227761509
36,2005-01-01,D_oil,0.17400984385270618,0.220107822414112,0.19085468047984988,0.24153444099723176
36,2005-01-01,D_liquid,0.036393205322361365,0.08739520639510655,0.048351732021575305,1.0548122877994792
36,2005-01-01,water_plateau,7273.138055734042,10038.818335015018,8148.343435479455,0.3394162630944925
36,2005-01-01,water_k,0.23025111237494494,1.3070846581365492,0.43724749597730045,2.4627552031024273
36,2005-01-01,beta_time,0.3115211123194407,1.014512186816313,0.488848505850301,1.4380550744940759
36,2005-01-01,beta_volume,0.5614063375349152,1.753416320994777,0.8485551578719397,1.4047525047744214
36,2008-01-01,D_oil,0.1496629930971995,0.1836073418136259,0.17916230566261943,0.18946144162906126
36,2008-01-01,D_liquid,0.015107116061922284,0.0415793634351441,0.03582441873120614,0.7389442260555709
36,2008-01-01,water_plateau,10099.363865766838,43637.30468749999,43105.368616542575,0.7780455636531147
36,2008-01-01,water_k,0.013051235917891146,0.2349515374077838,0.01439748281788983,15.4124373195408
36,2008-01-01,beta_time,0.21166636853005874,0.6070301213888042,0.2434648877887916,1.6239046067362608
36,2008-01-01,beta_volume,0.4620387909858956,1.1809225330258377,0.510924123891915,1.40702642216992
37,2003-01-01,D_oil,0.035937170539924644,0.045273490018288204,0.035937170539924644,0.25979561935715867
37,2003-01-01,D_liquid,0.0,0.0,0.0,0.0
37,2003-01-01,water_plateau,17677.11409923608,17677.114257812496,17677.114257812496,8.970718439690713e-09
37,2003-01-01,water_k,0.06822192262659844,0.07912769613967836,0.06822192262659844,0.15985731702067224
37,2003-01-01,beta_time,0.9798560680402446,2.2944648726290042,2.2944648726290042,0.5729478887521504
37,2003-01-01,beta_volume,1.5673123090629073,3.7174351365027274,3.7174351365027274,0.578388794555432
37,2004-01-01,D_oil,0.09540002663402153,0.14333195318620123,0.09540002663402153,0.5024309556648093
37,2004-01-01,D_liquid,0.01254050259265579,0.04814028608907598,0.01254050259265579,2.8387844293632076
37,2004-01-01,water_plateau,7774.374815457684,22140.659179556973,22140.659179556973,0.6488643471538571
37,2004-01-01,water_k,0.05247013798706519,0.2356417393676327,0.05247013798706519,3.4909685472091296
37,2004-01-01,beta_time,0.5178188939274432,1.6925857834066862,1.6925857834066862,0.6940663811524972
37,2004-01-01,beta_volume,0.8488657305274534,2.7845882622951534,2.7845882622951534,0.695155746355194
37,2005-01-01,D_oil,0.12151283285261759,0.18851369374524304,0.14029184510351186,0.47758200658912175
37,2005-01-01,D_liquid,0.027541038653952826,0.07558339904887375,0.038280447066995564,1.2550104315877186
37,2005-01-01,water_plateau,13157.914389985795,26762.775878906246,21088.1288878715,0.6451431305859038
37,2005-01-01,water_k,0.04250304266450035,0.10816409227882993,0.055870403472039185,1.175238507937216
37,2005-01-01,beta_time,0.41745803547107757,1.3235156123643694,0.6444740070639025,1.4058869201274897
37,2005-01-01,beta_volume,0.7310465426348617,2.2502144906036197,1.0980275548190712,1.3835426454476187
37,2008-01-01,D_oil,0.10154462558284261,0.13650494429927104,0.12448454939217356,0.28084062550035965
37,2008-01-01,D_liquid,0.019476033606639347,0.04055449649776372,0.03138196748593425,0.671674358867779
37,2008-01-01,water_plateau,8234.170089892716,14305.373484959697,11352.713067656936,0.5347799560233231
37,2008-01-01,water_k,0.05745705258515673,0.2408158967283168,0.11044573710550686,1.6601713108039706
37,2008-01-01,beta_time,0.17556809029946996,0.73910148273257,0.2413274689136394,2.335139861905916
37,2008-01-01,beta_volume,0.36565176534716226,1.3948666075657408,0.48651770949403084,2.115472514431062
38,2003-01-01,D_oil,0.05941414080925952,0.07095890352059525,0.05941414080925952,0.19431001701090855
38,2003-01-01,D_liquid,0.0,0.0,0.0,0.0
38,2003-01-01,water_plateau,23012.031249999996,23012.031249999996,23012.031249999996,0.0
38,2003-01-01,water_k,0.06725384083001727,0.07684415886071325,0.06725384083001727,0.14259881535889243
38,2003-01-01,beta_time,0.8840041117343703,2.070935910521394,2.070935910521394,0.5731378710257591
38,2003-01-01,beta_volume,1.4144014766150916,3.3525522060345123,3.3525522060345123,0.5781120204275407
38,2004-01-01,D_oil,0.12170729762342952,0.17418439561051516,0.12170729762342952,0.4311746215042361
38,2004-01-01,D_liquid,0.012540502717090663,0.04814028693395953,0.012540502717090663,2.8387844586447204
38,2004-01-01,water_plateau,10383.41285156976,27956.010742185103,27956.010742185103,0.6285803097113072
38,2004-01-01,water_k,0.051576688841669945,0.20831177599008222,0.051576688841669945,3.038874551050717
38,2004-01-01,beta_time,0.5231278154585997,1.5393388921494362,1.5393388921494362,0.6601607234595777
38,2004-01-01,beta_volume,0.8575642924647091,2.5312578133610253,2.5312578133610253,0.6612102141717331
38,2005-01-01,D_oil,0.1359062987616719,0.19626259744473118,0.1537367138899136,0.3925952178623947
38,2005-01-01,D_liquid,0.027541038835438916,0.07558340104588682,0.03828044860248215,1.2550104286743593
38,2005-01-01,water_plateau,6747.6785681413985,17707.946252162597,8982.313710857094,1.2202053988354153
38,2005-01-01,water_k,0.07846563322416153,0.6122385366030464,0.23531398524108357,2.2683433066335796
38,2005-01-01,beta_time,0.3787824013590798,1.1822707890306863,0.5726976099159512,1.4029888963383765
38,2005-01-01,beta_volume,0.6654987780915443,2.0096103330301274,0.9760110605927306,1.3771478717897985
38,2008-01-01,D_oil,0.11805297608652686,0.14574365750235702,0.13892227485900077,0.19932499265459644
38,2008-01-01,D_liquid,0.019476033354009468,0.040554495839560945,0.031381967555119045,0.6716743444632473
38,2008-01-01,water_plateau,10298.374696309085,19031.2102113336,12274.599649930153,0.7114558327019821
38,2008-01-01,water_k,0.04063244551486639,0.1599001951237207,0.09096385234505909,1.3111554373975742
38,2008-01-01,beta_time,0.1877205637215125,0.6720930956311673,0.22418515439344341,2.16059146833418
38,2008-01-01,beta_volume,0.39092618263693973,1.2678795062723638,0.45127279945669396,1.9432886819042152
39,2003-01-01,D_oil,0.10138261063417697,0.11901948129531939,0.10138261063417697,0.17396346918686342
39,2003-01-01,D_liquid,0.0,0.0,0.0,0.0
39,2003-01-01,water_plateau,31080.981445312493,31080.981445312493,31080.981445312493,0.0
39,2003-01-01,water_k,0.06681400389848266,0.0759170573019154,0.06681400389848266,0.1362446923142631
39,2003-01-01,beta_time,0.8469915799918771,1.9183239109867838,1.9183239109867838,0.5584731154416015
39,2003-01-01,beta_volume,1.356856486214481,3.1054452025645656,3.1054452025645656,0.5630718310231493
39,2004-01-01,D_oil,0.13797330846411857,0.18468411718934868,0.13797330846411857,0.3385496024209477
39,2004-01-01,D_liquid,0.012531544727875175,0.048100714278219506,0.012531544727875175,2.8383707134862832
39,2004-01-01,water_plateau,7480.470164038491,23727.672369611577,23727.672369611577,0.6847364525473281
39,2004-01-01,water_k,0.07005062109936198,0.5612123974723634,0.07005062109936198,7.011526360006462
39,2004-01-01,beta_time,0.47359833760780085,1.3764859212979006,1.3764859212979006,0.6559366643131077
39,2004-01-01,beta_volume,0.7774127731046225,2.2628119766713883,2.2628119766713883,0.6564395181219599
39,2005-01-01,D_oil,0.15582607042339533,0.2078162449737617,0.17269845347771173,0.3010459764023084
39,2005-01-01,D_liquid,0.02942868984446408,0.07913146788043313,0.04052272166973883,1.226540962402474
39,2005-01-01,water_plateau,7074.329227189653,11474.824904889387,8418.771739772053,0.5227004382255507
39,2005-01-01,water_k,0.17011448992485126,1.1116817060913842,0.3548389120095047,2.6535060961445858
39,2005-01-01,beta_time,0.3355057016539441,1.067615940665666,0.5140489947254988,1.4242032306719468
39,2005-01-01,beta_volume,0.5907891407062751,1.816358605362347,0.877168110486048,1.397188805663456
39,2008-01-01,D_oil,0.14744782601759934,0.17421447498130552,0.16520687794313368,0.1620189746150859
39,2008-01-01,D_liquid,0.02356005337895572,0.04521089850485426,0.034677909455814934,0.6243411285644279
39,2008-01-01,water_plateau,10076.856367399976,41994.414062499985,16996.150345240418,1.877928651298273
39,2008-01-01,water_k,0.013485766296053431,0.21230845391201075,0.05133589586038041,3.872975902801046
39,2008-01-01,beta_time,0.20736040955025511,0.6279683128081085,0.23649626375294205,1.778497032398132
39,2008-01-01,beta_volume,0.4406054197241121,1.194179350531336,0.482195954471687,1.562796045505752
40,2003-01-01,D_oil,0.03973238083280693,0.04893766358707298,0.03973238083280693,0.23168213334614138
40,2003-01-01,D_liquid,0.0,0.0,0.0,0.0
40,2003-01-01,water_plateau,18656.438734904867,18656.439208984397,18656.439208984397,2.5411040388740406e-08
40,2003-01-01,water_k,0.06774407129995534,0.07793571833142904,0.06774407129995534,0.15044337955933298
40,2003-01-01,beta_time,0.9391212844050836,2.2259174623969864,2.2259174623969864,0.5780969868515305
40,2003-01-01,beta_volume,1.5020227190178301,3.605286942347527,3.605286942347527,0.5833833081702476
40,2004-01-01,D_oil,0.10476046982546598,0.15569338657132176,0.10476046982546598,0.48618450099270755
40,2004-01-01,D_liquid,0.012540503564056194,0.04814029107160029,0.012540503564056194,2.8387845293215195
40,2004-01-01,water_plateau,12812.64786822213,24138.828124999825,24138.828124999825,0.46921002950625956
40,2004-01-01,water_k,0.052498504326249834,0.12571136210286196,0.052498504326249834,1.3945703542644525
40,2004-01-01,beta_time,0.5323020786175836,1.6607629780110782,1.6607629780110782,0.6794834147524976
40,2004-01-01,beta_volume,0.872248158085469,2.731893062830352,2.731893062830352,0.6807165807647739
40,2005-01-01,D_oil,0.12600548852765386,0.1926406552246965,0.14474374110517635,0.46036648070760433
40,2005-01-01,D_liquid,0.027541031419378293,0.07558338714582531,0.038280440385900734,1.2550105286704525
40,2005-01-01,water_plateau,9628.218748758463,27905.615234374996,11654.801735251356,1.5682288640169948
40,2005-01-01,water_k,0.042108425379607566,0.18612638477460283,0.13460785120718907,1.0699075730235237
40,2005-01-01,beta_time,0.41305622238968626,1.287511444655177,0.6262415069150529,1.3963546213555387
40,2005-01-01,beta_volume,0.7238806394335037,2.188817910002797,1.066947891454641,1.3730166977246159
40,2008-01-01,D_oil,0.10540399385640627,0.13859981771618912,0.12796455426553466,0.25941421083606786
40,2008-01-01,D_liquid,0.019476039295008688,0.04055450013717786,0.03138196848369838,0.6716742722215959
40,2008-01-01,water_plateau,8482.20488087543,35020.95458983881,10898.063630976418,2.4351802859298983
40,2008-01-01,water_k,0.016358522350228017,0.2317110619597998,0.12400458450821926,1.7366498219692659
40,2008-01-01,beta_time,0.1779757912185924,0.7204782149876148,0.23606377860847988,2.298118021184359
40,2008-01-01,beta_volume,0.3706270815109249,1.3596204880015337,0.47584011102319357,2.0784153827721408
41,2003-01-01,D_oil,0.1621129802367674,0.1866156454948464,0.1621129802367674,0.15114560982280786
41,2003-01-01,D_liquid,0.0,0.006672389650633415,0.0,6672.389650633416
41,2003-01-01,water_plateau,19480.107771237344,33532.08007812499,33532.08007812499,0.4190605615323757
41,2003-01-01,water_k,0.06373909196090535,0.13306802310723848,0.06373909196090535,1.087698757755387
41,2003-01-01,beta_time,0.7577608712720739,1.7725406928337222,1.7725406928337222,0.5725001550962093
41,2003-01-01,beta_volume,1.2699236115832935,2.98152247607514,2.98152247607514,0.5740687444841892
41,2004-01-01,D_oil,0.18045865524769325,0.22053285175927495,0.18045865524769325,0.22206857552261383
41,2004-01-01,D_liquid,0.03214831714354941,0.06891535714846686,0.03214831714354941,1.14366919552101
41,2004-01-01,water_plateau,7132.948504873599,11299.30001884569,11299.30001884569,0.36872651465340206
41,2004-01-01,water_k,0.20409288958469135,0.952778031214832,0.20409288958469135,3.668354851330882
41,2004-01-01,beta_time,0.4353690175237903,1.2707421753079429,1.2707421753079429,0.6573899678600925
41,2004-01-01,beta_volume,0.7646967935653314,2.2002241494410244,2.2002241494410244,0.6524459593084615
41,2005-01-01,D_oil,0.20515238232152674,0.24455742841021907,0.22276359894170894,0.17689176452479358
41,2005-01-01,D_liquid,0.04564699156864642,0.0867409744310345,0.057272510379990794,0.7175167037334026
41,2005-01-01,water_plateau,8031.012831887457,10061.83236766552,8403.956206430852,0.24165041867115455
41,2005-01-01,water_k,0.24751552193948004,0.5383618986061753,0.447311927895309,0.6502093025669693
41,2005-01-01,beta_time,0.3294253151037689,1.010214739800372,0.49547923756249,1.3740019219488318
41,2005-01-01,beta_volume,0.62573570366275,1.8277639182085832,0.9019650357167588,1.3326771736674083
41,2008-01-01,D_oil,0.14677940305768625,0.1999634545952504,0.1986040244189207,0.2677893949690648
41,2008-01-01,D_liquid,0.01249137606760661,0.03870963134512973,0.03851879781405178,0.6806613073463736
41,2008-01-01,water_plateau,9908.835808506794,18887.591371618884,10024.703444685974,0.8956629602715745
41,2008-01-01,water_k,0.04218071544968229,0.28372311920913257,0.2558154573225922,0.9442056640653145
41,2008-01-01,beta_time,0.195757209112787,0.6072163143134786,0.2561374382157129,1.606399705044955
41,2008-01-01,beta_volume,0.44604751045617713,1.2369885801394622,0.5637866587403576,1.4029084537942915
42,2003-01-01,D_oil,0.031875159283655405,0.040744078304580274,0.031875159283655405,0.2782392063362198
42,2003-01-01,D_liquid,0.0,0.0,0.0,0.0
42,2003-01-01,water_plateau,16734.53491210907,16734.534912109397,16734.534912109397,1.9565413341803053e-14
42,2003-01-01,water_k,0.06834068026512854,0.07943136013188386,0.06834068026512854,0.16228518393040395
42,2003-01-01,beta_time,1.0219433551539419,2.221407408336186,2.221407408336186,0.5399568078692201
42,2003-01-01,beta_volume,1.6339630651196824,3.5990691858415325,3.5990691858415325,0.5460039858228982
42,2004-01-01,D_oil,0.0878364403890035,0.13307215337104011,0.0878364403890035,0.5149993872896038
42,2004-01-01,D_liquid,0.012540502179911884,0.04814028638459975,0.012540502179911884,2.8387845792741615
42,2004-01-01,water_plateau,6161.823714829824,20509.218749999985,20509.218749999985,0.699558340571611
42,2004-01-01,water_k,0.052297493065080074,0.31252069795553744,0.052297493065080074,4.975825601556661
42,2004-01-01,beta_time,0.49754515720180426,1.632160527814009,1.632160527814009,0.6951616285757269
42,2004-01-01,beta_volume,0.8158437649568366,2.685118958919143,2.685118958919143,0.6961610351575473
42,2005-01-01,D_oil,0.11737599505033018,0.1845971306211542,0.13600689896222437,0.49424798362246725
42,2005-01-01,D_liquid,0.027541038634941666,0.07558340614836555,0.038280447041520144,1.255010618379552
42,2005-01-01,water_plateau,14858.452808000768,25753.337402343703,25753.33740222926,0.4230474840670496
42,2005-01-01,water_k,0.042726325513752175,0.08813883855559469,0.042830648311132063,1.0602807763252886
42,2005-01-01,beta_time,0.4206279617723923,1.2901100574507882,0.6630118756685737,1.3114125517007067
42,2005-01-01,beta_volume,0.7361941418158138,2.1932824713055137,1.1296155084407122,1.2898975966619133
42,2008-01-01,D_oil,0.0980414610620614,0.1337273610852196,0.12082383550815524,0.2953548020808321
42,2008-01-01,D_liquid,0.01947603431958401,0.04055449949972805,0.03138196780698847,0.6716744249367965
42,2008-01-01,water_plateau,8029.118086452029,11687.857425062959,10510.713337044273,0.3480961968314709
42,2008-01-01,water_k,0.10061860725680923,0.24287585501600134,0.10315072024709147,1.3791202564405103
42,2008-01-01,beta_time,0.17369384268978014,0.7235012748569767,0.24419703443130727,2.2514910283312943
42,2008-01-01,beta_volume,0.3617680628752109,1.365072165609412,0.49234294492470393,2.0378155370696756
43,2003-01-01,D_oil,0.08837181847762314,0.10518798240698028,0.08837181847762314,0.19028876194977482
43,2003-01-01,D_liquid,0.0,0.0,0.0,0.0
43,2003-01-01,water_plateau,28619.27490234338,28619.274902343746,28619.274902343746,1.2838755026814891e-14
43,2003-01-01,water_k,0.06742305587619335,0.07738555113553414,0.06742305587619335,0.1477609569882827
43,2003-01-01,beta_time,0.8899426002546197,2.114797118708545,2.114797118708545,0.579182989998546
43,2003-01-01,beta_volume,1.4250172430713741,3.4235990067500928,3.4235990067500928,0.5837663113402715
43,2004-01-01,D_oil,0.13759872453418553,0.19078717356074057,0.13759872453418553,0.3865475440024206
43,2004-01-01,D_liquid,0.01581902360876543,0.053517967444063216,0.01581902360876543,2.3831397415962225
43,2004-01-01,water_plateau,7939.251529664889,30510.317382812344,30510.317382812344,0.7397846954506813
43,2004-01-01,water_k,0.05033406878779965,0.4132415495733979,0.05033406878779965,7.209977049849833
43,2004-01-01,beta_time,0.5042386122213375,1.528094085235396,1.528094085235396,0.6700212263804018
43,2004-01-01,beta_volume,0.827559540902825,2.5130718284079063,2.5130718284079063,0.6706980152544606
43,2005-01-01,D_oil,0.15288728141776586,0.21249557589530424,0.17116461849760706,0.34825126244400634
43,2005-01-01,D_liquid,0.03330337365279902,0.08614053684697118,0.04510013607839726,1.1715521900493975
43,2005-01-01,water_plateau,6669.428940809281,11717.441705911939,8104.6859973306955,0.6228511217788372
43,2005-01-01,water_k,0.14903601198166197,1.033052534180096,0.33309952495040335,2.6539110865740776
43,2005-01-01,beta_time,0.3543485194157869,1.1711253171695026,0.5404505347922031,1.5112887214881874
43,2005-01-01,beta_volume,0.6287953307449563,2.0009785083558174,0.9264701147915374,1.4810873612686497
43,2008-01-01,D_oil,0.14272634362742284,0.168512439833529,0.15977376879442323,0.16139129971506444
43,2008-01-01,D_liquid,0.025285746388497975,0.0474806974871081,0.03691562563342829,0.6012345915251638
43,2008-01-01,water_plateau,9770.669996293973,39733.188476545576,13082.742261673813,2.290232267895965
43,2008-01-01,water_k,0.013818305049498464,0.19950570894170225,0.08145966279973309,2.27950125878513
43,2008-01-01,beta_time,0.2051891378206912,0.6746188158647252,0.23258006207764062,2.0183573512304225
43,2008-01-01,beta_volume,0.4410133932907738,1.2945885070501797,0.47985569210758355,1.778816272889047
44,2003-01-01,D_oil,0.07288491684192892,0.08730702663498152,0.07288491684192892,0.19787509429874123
44,2003-01-01,D_liquid,0.0,0.0,0.0,0.0
44,2003-01-01,water_plateau,25606.894531249996,25606.894531249996,25606.894531249996,0.0
44,2003-01-01,water_k,0.0675583952283162,0.07764645929218998,0.0675583952283162,0.14932361891931822
44,2003-01-01,beta_time,0.8957664550247959,2.0205629085737744,2.0205629085737744,0.5566748002629239
44,2003-01-01,beta_volume,1.4338583585774678,3.2713949933667914,3.2713949933667914,0.5616981864052445
44,2004-01-01,D_oil,0.12555828342688757,0.1773719325434571,0.12555828342688757,0.4126661157066594
44,2004-01-01,D_liquid,0.012540510075305942,0.04814030076555197,0.012540510075305942,2.8387833091691475
44,2004-01-01,water_plateau,9141.145303728234,28904.162597459752,28904.162597459752,0.6837429462657533
44,2004-01-01,water_k,0.05111124075103215,0.2740732240525292,0.05111124075103215,4.362288608636341
44,2004-01-01,beta_time,0.5134653696610674,1.4803735999087237,1.4803735999087237,0.6531514952085565
44,2004-01-01,beta_volume,0.8419761206716196,2.4341342585845944,2.4341342585845944,0.6540962694632901
44,2005-01-01,D_oil,0.1449673990147127,0.2085204741769115,0.1635627889218074,0.38855460695635907
44,2005-01-01,D_liquid,0.031765008443355884,0.08369394893963102,0.04331368414169999,1.198903799695045
44,2005-01-01,water_plateau,6584.793722947014,14128.308792683432,8465.032847495148,0.8911383104636845
44,2005-01-01,water_k,0.10745149960649189,0.7884090760956932,0.27406756524573395,2.484633947394112
44,2005-01-01,beta_time,0.3753668857825421,1.1419238881279747,0.5603069024170426,1.3681020152324945
44,2005-01-01,beta_volume,0.6622028613860135,1.945032086893049,0.9570998082126331,1.3403296234095967
44,2008-01-01,D_oil,0.129572145891295,0.15758258166171388,0.14909710696425993,0.18786706422904134
44,2008-01-01,D_liquid,0.023907141692725193,0.04618581682810029,0.03550210017855367,0.6275311889529661
44,2008-01-01,water_plateau,9819.24158208424,19204.847959159488,12236.555923989787,0.7670137279947172
44,2008-01-01,water_k,0.03751227395245894,0.179855155075575,0.0894551616762168,1.5912204332973712
44,2008-01-01,beta_time,0.19410023251925484,0.6560620611379411,0.22739517214940608,2.031537539922625
44,2008-01-01,beta_volume,0.4124307149099462,1.2504276381911525,0.4649746347499468,1.802242231410887
45,2003-01-01,D_oil,0.057026461586068125,0.06962455447024289,0.057026461586068125,0.22091661544107707
45,2003-01-01,D_liquid,0.0,0.0,0.0,0.0
45,2003-01-01,water_plateau,20549.494554583664,20549.494628906177,20549.494628906177,3.61675627674337e-09
45,2003-01-01,water_k,0.06719391307847743,0.07667374973659348,0.06719391307847743,0.1410817769616173
45,2003-01-01,beta_time,0.89910878886666,2.092696000716294,2.092696000716294,0.5703586242058519
45,2003-01-01,beta_volume,1.442650897690415,3.396410824702409,3.396410824702409,0.5752425215471927
45,2004-01-01,D_oil,0.12040190426029865,0.17561526828863963,0.12040190426029865,0.4585755048273522
45,2004-01-01,D_liquid,0.01726006331687096,0.05509059016782328,0.01726006331687096,2.191795369254215
45,2004-01-01,water_plateau,11145.928128679037,26094.494628906246,26094.494628906246,0.572862847616443
45,2004-01-01,water_k,0.05194131835309941,0.16877595117790756,0.05194131835309941,2.24935824752389
45,2004-01-01,beta_time,0.5356813538559428,1.5667934938931316,1.5667934938931316,0.6581034093236535
45,2004-01-01,beta_volume,0.8843050776579514,2.59042786747879,2.59042786747879,0.6586258630244635
45,2005-01-01,D_oil,0.14201152231839978,0.2117904174021737,0.16200488452221595,0.43072093344324464
45,2005-01-01,D_liquid,0.03533957797166679,0.087748287694173,0.04731475624122299,1.1076609896353036
45,2005-01-01,water_plateau,6794.903770865045,22233.553475279125,9137.92908027328,1.689512970476279
45,2005-01-01,water_k,0.05582404199851561,0.4667598073026359,0.2063255704343983,1.991686073805274
45,2005-01-01,beta_time,0.40510694071344816,1.2125771725890129,0.6009628207719455,1.3436275988560447
45,2005-01-01,beta_volume,0.7230228360862646,2.0832714947773865,1.0359620720673617,1.3130294007546197
45,2008-01-01,D_oil,0.11447090840836868,0.14809412808322453,0.14063967821222761,0.23907349691257007
45,2008-01-01,D_liquid,0.020856835551997258,0.04477658666017082,0.03649562673179478,0.6554141756205221
45,2008-01-01,water_plateau,9223.174577277177,35572.81494140624,9805.153917112668,2.6873255215445173
45,2008-01-01,water_k,0.01550717027458378,0.16613711125517816,0.1550238584333065,0.9716565082490032
45,2008-01-01,beta_time,0.18285473425440438,0.6849381800989534,0.22983482431257818,2.1845403425971224
45,2008-01-01,beta_volume,0.39501255080872183,1.3232613479107587,0.4785216581555293,1.939826089962133
46,2003-01-01,D_oil,0.12197633892447264,0.14501112531953608,0.12197633892447264,0.18884635002306888
46,2003-01-01,D_liquid,0.0,0.0,0.0,0.0
46,2003-01-01,water_plateau,30518.55224609357,30518.552246093746,30518.55224609357,5.721863256562384e-15
46,2003-01-01,water_k,0.06631153157185234,0.07470872075987676,0.06631153157185234,0.12663241202513312
46,2003-01-01,beta_time,0.8506672548585321,1.8990608907276325,1.8990608907276325,0.5520589892551598
46,2003-01-01,beta_volume,1.3797950552613567,3.107070388764812,3.107070388764812,0.5559176707902386
46,2004-01-01,D_oil,0.15375965704874575,0.20479708033758817,0.15375965704874575,0.33192987203829577
46,2004-01-01,D_liquid,0.024032299820255412,0.0636997466278709,0.024032299820255412,1.6505888784802079
46,2004-01-01,water_plateau,7077.211175318322,17473.549954966773,17473.549954966773,0.5949757665982087
46,2004-01-01,water_k,0.0991939722621563,0.6394587024864831,0.0991939722621563,5.446547989795992
46,2004-01-01,beta_time,0.47705375670302586,1.3640854034774366,1.3640854034774366,0.6502757411765554
46,2004-01-01,beta_volume,0.802731367870716,2.284062107862302,2.284062107862302,0.6485509894378451
46,2005-01-01,D_oil,0.16700807798311812,0.2147256351388261,0.1845067768604661,0.25862224666031935
46,2005-01-01,D_liquid,0.03864252906356526,0.08723731485838865,0.0506203018883801,0.9599860921805038
46,2005-01-01,water_plateau,6806.2711544269905,10079.934649209374,7812.056919474381,0.41905269361537695
46,2005-01-01,water_k,0.20134934912023408,1.2742326016755179,0.4030538370659496,2.6618857182092364
46,2005-01-01,beta_time,0.3248871683784805,1.0547240470045913,0.5111003600202809,1.4279717560698848
46,2005-01-01,beta_volume,0.5941995948663576,1.841784333086894,0.8970558577074502,1.3907547980444728
46,2008-01-01,D_oil,0.1521449085757264,0.17832447485059288,0.1732427097510821,0.15111496646803607
46,2008-01-01,D_liquid,0.01969826486906063,0.0436997804000848,0.0381432764603338,0.6292462986493564
46,2008-01-01,water_plateau,9824.238456674831,41217.42187499999,41214.48610158048,0.7617026533086217
46,2008-01-01,water_k,0.013697622869344533,0.21581577386873826,0.014961250624911092,13.509442229572624
46,2008-01-01,beta_time,0.2178489441816647,0.6259165717823183,0.24161179397033988,1.6889391899914776
46,2008-01-01,beta_volume,0.4825468204278901,1.2325726244982773,0.5137676203548789,1.4598541721105658
47,2003-01-01,D_oil,0.045603550723385046,0.05491237691482964,0.045603550723385046,0.2041250307001012
47,2003-01-01,D_liquid,0.0,0.0,0.0,0.0
47,2003-01-01,water_plateau,20095.391845703092,20095.391845703147,20095.391845703092,2.7155321242488776e-15
47,2003-01-01,water_k,0.06723775670744285,0.07670755936608877,0.06723775670744285,0.1408405503450959
47,2003-01-01,beta_time,0.8972619071619266,2.0888131754113983,2.0888131754113983,0.5704441556937192
47,2003-01-01,beta_volume,1.4349874602087382,3.3819347532388533,3.3819347532388533,0.5756903769848127
47,2004-01-01,D_oil,0.11333115871149214,0.1658897224169279,0.11333115871149214,0.46376093126546447
47,2004-01-01,D_liquid,0.012540508810887368,0.0481402981152668,0.012540508810887368,2.838783484883209
47,2004-01-01,water_plateau,14739.656772445784,26032.272949218524,26032.272949218524,0.43379293843458794
47,2004-01-01,water_k,0.05218130903816502,0.11396005198537079,0.05218130903816502,1.183924744050044
47,2004-01-01,beta_time,0.5332363544648467,1.5711546718050473,1.5711546718050473,0.6606086185949922
47,2004-01-01,beta_volume,0.87377488179219,2.584012828223337,2.584012828223337,0.6618535046542465
47,2005-01-01,D_oil,0.13052125974850085,0.19507248948289013,0.14890770622329244,0.4334982478179632
47,2005-01-01,D_liquid,0.027541036381897695,0.07558339767244851,0.038280445998459374,1.2550104900158245
47,2005-01-01,water_plateau,7315.146237009842,29137.023925360252,10089.60790861276,2.1628073049025693
47,2005-01-01,water_k,0.041503089535346725,0.38151218456435854,0.177460981321405,1.9159653716397014
47,2005-01-01,beta_time,0.40047883580150856,1.212582664630716,0.6011998833094758,1.35080503402421
47,2005-01-01,beta_volume,0.7027073443174792,2.061190470277629,1.0243722021331834,1.326161646256316
47,2008-01-01,D_oil,0.1105653512740824,0.1409971497053947,0.13231647340600491,0.22999251452186312
47,2008-01-01,D_liquid,0.019476034492470765,0.04055449721130951,0.03138196636104259,0.6716743774540987
47,2008-01-01,water_plateau,9183.385122637867,36260.949707031185,10496.800307395037,2.579601763531413
47,2008-01-01,water_k,0.016110408368979617,0.18746842239063838,0.14096333432969424,1.2156211743748588
47,2008-01-01,beta_time,0.18191688314960208,0.6845622376341539,0.2290972788649285,2.194025860869793
47,2008-01-01,beta_volume,0.3788245214722429,1.291477095161708,0.46158323347099894,1.9772221075417522
48,2003-01-01,D_oil,0.05181837022756261,0.06387589379078397,0.05181837022756261,0.2326882051726101
48,2003-01-01,D_liquid,0.0,0.0,0.0,0.0
48,2003-01-01,water_plateau,19412.192382812496,19412.192382812496,19412.192382812496,0.0
48,2003-01-01,water_k,0.06739641827979745,0.07712715816919645,0.06739641827979745,0.1443806679607462
48,2003-01-01,beta_time,0.9164630964664845,2.112201357920653,2.112201357920653,0.5661099766696995
48,2003-01-01,beta_volume,1.469905924816733,3.427542813202571,3.427542813202571,0.5711487777323176
48,2004-01-01,D_oil,0.11545514226096013,0.17018312789994572,0.11545514226096013,0.47401947256091387
48,2004-01-01,D_liquid,0.017137260232985896,0.05487313243085398,0.017137260232985896,2.2019781274741845
48,2004-01-01,water_plateau,12109.036634964441,25032.905272182714,25032.905272182714,0.5162752184253918
48,2004-01-01,water_k,0.052228896314629764,0.14198829400216859,0.052228896314629764,1.7185773397703685
48,2004-01-01,beta_time,0.5393912634800455,1.5837099581419873,1.5837099581419873,0.6594128484783535
48,2004-01-01,beta_volume,0.8903712693772038,2.6186789330156888,2.6186789330156888,0.6599921975345615
48,2005-01-01,D_oil,0.13891403016132892,0.21022384417489093,0.15911378291802664,0.4481686797070239
48,2005-01-01,D_liquid,0.03490504194843265,0.0868813828886314,0.04679397574982074,1.1107485548585356
48,2005-01-01,water_plateau,7447.292793032752,28232.44384765581,9987.436187424742,2.0811297979349095
48,2005-01-01,water_k,0.04162117630307474,0.3298889692235653,0.17188246480991012,1.6771215914275746
48,2005-01-01,beta_time,0.41630071919470185,1.2303386670128094,0.6168334473489513,1.319704616078633
48,2005-01-01,beta_volume,0.7420161873286718,2.1131475507318322,1.0628532118516496,1.290047720714363
48,2008-01-01,D_oil,0.11016554454120218,0.14576745532624583,0.13733263175629506,0.2592385387925963
48,2008-01-01,D_liquid,0.020709989621816804,0.044588317857639434,0.036359493138607084,0.6567288533092406
48,2008-01-01,water_plateau,8492.19057974509,34790.966053195225,9961.455395233248,2.6400535293301233
48,2008-01-01,water_k,0.015585216175797806,0.21237592509051167,0.14406540649333072,1.3659817002898886
48,2008-01-01,beta_time,0.17891592295692213,0.6926639448271348,0.2331611293037228,2.2034033863379894
48,2008-01-01,beta_volume,0.3864268610824771,1.3377133158683974,0.48545423530570997,1.959580091389783
49,2003-01-01,D_oil,0.127511333359374,0.14847911549009618,0.127511333359374,0.1644385763862042
49,2003-01-01,D_liquid,0.0,0.0,0.0,0.0
49,2003-01-01,water_plateau,33122.19726469605,33122.19726562499,33122.19726562499,2.8045945413160138e-11
49,2003-01-01,water_k,0.0654916004780657,0.07275502203445904,0.0654916004780657,0.11090615442855133
49,2003-01-01,beta_time,0.7935742796183343,1.817733583154919,1.817733583154919,0.5634265180703872
49,2003-01-01,beta_volume,1.278951574338836,2.9558922881521776,2.9558922881521776,0.5673213197026373
49,2004-01-01,D_oil,0.15763833901329483,0.20539976891538295,0.15763833901329483,0.3029810527124372
49,2004-01-01,D_liquid,0.020616351001922693,0.059864618000250086,0.020616351001922693,1.903744605176109
49,2004-01-01,water_plateau,7246.858767209964,14303.936843664229,14303.936843664229,0.49336613783918654
49,2004-01-01,water_k,0.14029597320818948,0.7774369822115673,0.14029597320818948,4.541406245907748
49,2004-01-01,beta_time,0.45849224632673263,1.3033535773979132,1.3033535773979132,0.6482211317959538
49,2004-01-01,beta_volume,0.763314530253796,2.163685667389683,2.163685667389683,0.6472156091070866
49,2005-01-01,D_oil,0.17309980387506135,0.2188506005768574,0.18983976218243231,0.24099691326957323
49,2005-01-01,D_liquid,0.03604829786007186,0.08675037653917524,0.04794234648403121,1.0575635611826257
49,2005-01-01,water_plateau,7269.894036587942,10065.493759316312,8158.913270570137,0.3426436377026247
49,2005-01-01,water_k,0.22843900799622716,1.2749856669318418,0.43307847020745577,2.416528945514867
49,2005-01-01,beta_time,0.3109032999275961,1.0135586120029765,0.48740819412021086,1.4416157146141098
49,2005-01-01,beta_volume,0.560011365741231,1.751254958872389,0.8457753234947245,1.4084634063440944
49,2008-01-01,D_oil,0.1517506515342316,0.18401602532262704,0.1789966094397774,0.1802568992193731
49,2008-01-01,D_liquid,0.017574053773367786,0.042934079506663114,0.036520552024783354,0.6944042279559647
49,2008-01-01,water_plateau,9982.914618426412,43335.35156249982,43327.51562377774,0.7697749677982898
49,2008-01-01,water_k,0.012799657699733182,0.23852172087916768,0.013758558650640419,16.4059382171495
49,2008-01-01,beta_time,0.21170841323634768,0.6059571096998186,0.24256161873262727,1.6253548212755229
49,2008-01-01,beta_volume,0.46292452144882257,1.1790663075039791,0.5093005466513478,1.4061280530009055
50,2003-01-01,D_oil,0.03901452065649945,0.04811559897748821,0.03901452065649945,0.23327412891006796
50,2003-01-01,D_liquid,0.0,0.0,0.0,0.0
50,2003-01-01,water_plateau,18497.932128887438,18497.932128906246,18497.932128906246,1.0167812435246655e-12
50,2003-01-01,water_k,0.06774393868603258,0.07793991962451347,0.06774393868603258,0.15050764889439602
50,2003-01-01,beta_time,0.9419162786934433,2.1928156707528834,2.1928156707528834,0.5704535081281844
50,2003-01-01,beta_volume,1.5064344885016983,3.551513495998178,3.551513495998178,0.5758330947639256
50,2004-01-01,D_oil,0.10406998626817504,0.15487702930181774,0.10406998626817504,0.4882007277556417
50,2004-01-01,D_liquid,0.012540503714423579,0.04814028552331721,0.012540503714423579,2.838784040863383
50,2004-01-01,water_plateau,12948.694679162163,23985.996093749825,23985.996093749825,0.46015605820363314
50,2004-01-01,water_k,0.05251685523866475,0.12288286988392048,0.05251685523866475,1.3398748711337503
50,2004-01-01,beta_time,0.5319432522478573,1.6386458974675888,1.6386458974675888,0.6753763256174272
50,2004-01-01,beta_volume,0.871647089462266,2.69545516900968,2.69545516900968,0.6766234142998149
50,2005-01-01,D_oil,0.12574972400664902,0.1927074058195167,0.14453330029822706,0.46326819961011456
50,2005-01-01,D_liquid,0.027541039647005515,0.07558340148997122,0.03828044927917724,1.2550103968894246
50,2005-01-01,water_plateau,10186.590607036147,27826.789550781246,11929.473877136941,1.4787072024653884
50,2005-01-01,water_k,0.042161234821715625,0.1676343542021611,0.129755625062578,0.9669956067024671
50,2005-01-01,beta_time,0.41497298719607423,1.272678069792273,0.628966391337706,1.3636739488925695
50,2005-01-01,beta_volume,0.7271583952061526,2.1635204531194026,1.0715704981012393,1.340427027860883
50,2008-01-01,D_oil,0.10499201893621753,0.1385078810622971,0.1277121471635387,0.26243284503831615
50,2008-01-01,D_liquid,0.01947603449170856,0.04055449828443128,0.03138196810122707,0.6716743744283689
50,2008-01-01,water_plateau,8414.958699191375,34940.9003424887,10950.286508773597,2.4223970415791576
50,2008-01-01,water_k,0.016352562328135988,0.23774755201886633,0.12252724260642217,1.8069042033524558
50,2008-01-01,beta_time,0.17753535269194134,0.7135017370612328,0.2368290685308932,2.2630937481366535
50,2008-01-01,beta_volume,0.369713341637241,1.3463099487558055,0.4774133940945075,2.045599514380696
51,2003-01-01,D_oil,0.03710490868737128,0.046115041705166955,0.03710490868737128,0.24282859967965084
51,2003-01-01,D_liquid,0.0,0.0,0.0,0.0
51,2003-01-01,water_plateau,18035.284422664237,18035.284423828147,18035.284423828147,6.453513270639194e-11
51,2003-01-01,water_k,0.06787497631419126,0.07826251193791746,0.06787497631419126,0.1530392522811736
51,2003-01-01,beta_time,0.9500691739276496,2.2459852751844087,2.2459852751844087,0.5769922517191733
51,2003-01-01,beta_volume,1.5195437422002178,3.6381392269846455,3.6381392269846455,0.5823294141880209
51,2004-01-01,D_oil,0.10009646689167982,0.14969571481679003,0.10009646689167982,0.49551447184229214
51,2004-01-01,D_liquid,0.012540509578097263,0.04814029031748381,0.012540509578097263,2.8387826282245867
51,2004-01-01,water_plateau,10686.67601292846,23146.921386718583,23146.921386718583,0.5383111285347717
51,2004-01-01,water_k,0.05249684632265904,0.15290954865021278,0.05249684632265904,1.912737799722132
51,2004-01-01,beta_time,0.5253696620257507,1.6696312964989808,1.6696312964989808,0.6853379167440209
51,2004-01-01,beta_volume,0.8609681358437477,2.7465887133323523,2.7465887133323523,0.6865318306798249
51,2005-01-01,D_oil,0.12314915443622587,0.18995303661911647,0.14181946161241477,0.47104876455857764
51,2005-01-01,D_liquid,0.027541028397626306,0.07558337926640044,0.03828043450100503,1.2550105947076649
51,2005-01-01,water_plateau,12086.150059315716,27215.878906249996,12286.340059111855,1.2314268345286192
51,2005-01-01,water_k,0.04227607732581567,0.12214530994011338,0.12089620642425301,0.6606430009393175
51,2005-01-01,beta_time,0.4149516235773244,1.298587300854642,0.6317532464322444,1.3987038171430872
51,2005-01-01,beta_volume,0.7269303209313821,2.2076964625042144,1.0763147421393136,1.3757742820000955
51,2008-01-01,D_oil,0.10753469843351818,0.1400053059862024,0.1273982981278371,0.25487473561147395
51,2008-01-01,D_liquid,0.021548961042894707,0.04194004960447202,0.032187896825839786,0.6335017373737748
51,2008-01-01,water_plateau,8312.011839021314,20952.71899352721,11086.691707778456,1.1401694470891743
51,2008-01-01,water_k,0.03179076421159543,0.23838107879343534,0.11684576907810433,1.7680598639711702
51,2008-01-01,beta_time,0.18112950052753282,0.7280164120161142,0.24137854331435787,2.265681547246503
51,2008-01-01,beta_volume,0.3780743723535733,1.3749042655045076,0.48722924245847155,2.0459155696836033
52,2003-01-01,D_oil,0.06496213213941943,0.07776026858173908,0.06496213213941943,0.19700918090023198
52,2003-01-01,D_liquid,0.0,0.0,0.0,0.0
52,2003-01-01,water_plateau,24085.031738253976,24085.03173828123,24085.03173828123,1.1316463070883274e-12
52,2003-01-01,water_k,0.06742105634581916,0.07729439789828013,0.06742105634581916,0.14644299700405433
52,2003-01-01,beta_time,0.8942148760728196,2.0990738686533845,2.0990738686533845,0.5739955180107674
52,2003-01-01,beta_volume,1.4309752686831905,3.3981981672518797,3.3981981672518797,0.5789017596226829
52,2004-01-01,D_oil,0.12364313772819426,0.17591087704220623,0.12364313772819426,0.4227306122634366
52,2004-01-01,D_liquid,0.012540502629556843,0.048140282450027765,0.012540502629556843,2.8387841278837924
52,2004-01-01,water_plateau,9725.690154306229,28403.291015368806,28403.291015368806,0.6575858005664298
52,2004-01-01,water_k,0.05141802161489314,0.23849829713060688,0.05141802161489314,3.6384183918411646
52,2004-01-01,beta_time,0.5200368545249564,1.5483915422515355,1.5483915422515355,0.6641438290416102
52,2004-01-01,beta_volume,0.852604584692389,2.5460322324057434,2.5460322324057434,0.6651241984133234
52,2005-01-01,D_oil,0.13728516548004754,0.19647760842116785,0.15498597162057465,0.3819212946964705
52,2005-01-01,D_liquid,0.027541030549687602,0.0755833833824718,0.03828043748700357,1.2550105481186011
52,2005-01-01,water_plateau,6717.251193237794,16302.36316244865,8816.896319582489,1.087129940262782
52,2005-01-01,water_k,0.08835683355400276,0.6653064472476189,0.24939798127820656,2.313369221100557
52,2005-01-01,beta_time,0.3731672914233039,1.187426767187703,0.5676062170902133,1.434549959545252
52,2005-01-01,beta_volume,0.6557830368507145,2.018384260081541,0.9673903754094042,1.4085329540870892
52,2008-01-01,D_oil,0.13344607752425752,0.15593982734472764,0.14574143390564714,0.15434011603750616
52,2008-01-01,D_liquid,0.025767797899517414,0.04452542914526005,0.03364310075020559,0.5575476346551681
52,2008-01-01,water_plateau,10207.302761391356,13134.943921583019,12312.712926870214,0.23777385029440817
52,2008-01-01,water_k,0.07831130666246316,0.1660995054317946,0.09213593171291896,0.9528117547328401
52,2008-01-01,beta_time,0.20102443368963924,0.6798320756723655,0.23163648207509574,2.067064901406586
52,2008-01-01,beta_volume,0.42023784073212256,1.2840467563129434,0.4670870984597218,1.8493529759852905
53,2003-01-01,D_oil,0.15012614252826306,0.17166132191926325,0.15012614252826306,0.1434472306310404
53,2003-01-01,D_liquid,0.0,0.0,0.0,0.0
53,2003-01-01,water_plateau,21217.283077206426,34618.72558593749,34618.72558593749,0.38711542039476116
53,2003-01-01,water_k,0.06369303482296386,0.12395994190906735,0.06369303482296386,0.9462087534942657
53,2003-01-01,beta_time,0.7362820026277299,1.7635078528880281,1.7635078528880281,0.5824900913132031
53,2003-01-01,beta_volume,1.2046433355938033,2.903815527476854,2.903815527476854,0.5851515620758022
53,2004-01-01,D_oil,0.17282684520406077,0.2146906502582386,0.17282684520406077,0.24222975895178925
53,2004-01-01,D_liquid,0.025700852462657447,0.0647691721855493,0.025700852462657447,1.5201176606751439
53,2004-01-01,water_plateau,7302.196888629127,11481.138062652022,11481.138062652022,0.36398318278367636
53,2004-01-01,water_k,0.20798564575728043,0.9929309846114406,0.20798564575728043,3.774036116752945
53,2004-01-01,beta_time,0.4300307362921211,1.2637759761312106,1.2637759761312106,0.6597255016600557
53,2004-01-01,beta_volume,0.7327303354769179,2.1344341818544326,2.1344341818544326,0.6567098007958674
53,2005-01-01,D_oil,0.19136399690962885,0.22847109154512057,0.20743896128932926,0.1788819921043469
53,2005-01-01,D_liquid,0.04173574148934997,0.08911507785327019,0.05393263060586434,0.8784911069917003
53,2005-01-01,water_plateau,7622.911365021788,9485.362516248157,8153.550047647749,0.22842211556224826
53,2005-01-01,water_k,0.28094402894573867,0.9262742748004825,0.5014577417380685,1.2869085311516155
53,2005-01-01,beta_time,0.29634487022423733,0.9892676586999752,0.46768564251206873,1.4815994452039585
53,2005-01-01,beta_volume,0.5466121481974001,1.7436176868557673,0.8286803576467306,1.4444719578699785
53,2008-01-01,D_oil,0.16493139870081816,0.20290256971038872,0.19782474453315282,0.19194348563006533
53,2008-01-01,D_liquid,0.013531235556772828,0.04049424804821885,0.037419905352658545,0.7205526640791036
53,2008-01-01,water_plateau,10196.330838586653,45291.20117187326,11120.550323241087,3.1558573373784435
53,2008-01-01,water_k,0.012716640164753275,0.25648901263117246,0.19051680644405178,1.2795321159133892
53,2008-01-01,beta_time,0.22373565059639572,0.6041850888352189,0.26105432646791404,1.4573573377861022
53,2008-01-01,beta_volume,0.4983970018983399,1.199711282381349,0.5601382829228216,1.252037759003948
54,2003-01-01,D_oil,0.1158056056962986,0.13323761520350236,0.1158056056962986,0.15052820113837484
54,2003-01-01,D_liquid,0.0,0.0,0.0,0.0
54,2003-01-01,water_plateau,33832.76611323258,33832.76611328124,33832.76611328124,1.4382981385774534e-12
54,2003-01-01,water_k,0.06580299255506876,0.07351578367994566,0.06580299255506876,0.11721033991611049
54,2003-01-01,beta_time,0.7911006334592632,1.8176858871900001,1.8176858871900001,0.564775938992274
54,2003-01-01,beta_volume,1.2684346350572602,2.9429681032260815,2.9429681032260815,0.5689947731112674
54,2004-01-01,D_oil,0.15297523942598873,0.199619462865498,0.15297523942598873,0.3049135508107919
54,2004-01-01,D_liquid,0.016243849007858916,0.054125258753878816,0.016243849007858916,2.332046408932547
54,2004-01-01,water_plateau,7411.378401219538,15385.402497166708,15385.402497166708,0.5182850495731667
54,2004-01-01,water_k,0.12958019886979075,0.7481742796505477,0.12958019886979075,4.773831852213424
54,2004-01-01,beta_time,0.45895011464645136,1.3054028627304413,1.3054028627304413,0.6484226228166146
54,2004-01-01,beta_volume,0.7551198814914399,2.148839977995754,2.148839977995754,0.6485918499172059
54,2005-01-01,D_oil,0.1699985844112154,0.21841532391994467,0.1866703118635838,0.2593703252829597
54,2005-01-01,D_liquid,0.032803852299798646,0.08487309505123905,0.044476560393922525,1.1707119950434697
54,2005-01-01,water_plateau,7390.332807005742,10436.111117158185,8364.482160328502,0.3641323218546771
54,2005-01-01,water_k,0.21978269480845816,1.2773751042003836,0.42053294304378974,2.5148859961769965
54,2005-01-01,beta_time,0.315083042553444,1.015886686994973,0.4891746163491407,1.432624713178783
54,2005-01-01,beta_volume,0.5583452990733206,1.7360178479762984,0.8387981245275705,1.403999978619729
54,2008-01-01,D_oil,0.14687419419752518,0.18220823068887576,0.17598159601178792,0.20078256642804726
54,2008-01-01,D_liquid,0.01655228942194511,0.042882168922297514,0.03460944161510962,0.7607715776858254
54,2008-01-01,water_plateau,10164.585024629076,43978.96484374961,43961.105932684826,0.7691885611544576
54,2008-01-01,water_k,0.012756142038348305,0.23620525335227152,0.013603206085750812,16.426209373390538
54,2008-01-01,beta_time,0.20607943343318572,0.6054718444926629,0.24053383160487535,1.6604417282786177
54,2008-01-01,beta_volume,0.44307020710953265,1.161698782750765,0.49679239570585254,1.44653698778982
55,2003-01-01,D_oil,0.0959174363086857,0.1133473663047648,0.0959174363086857,0.18171805530733057
55,2003-01-01,D_liquid,0.0,0.0,0.0,0.0
55,2003-01-01,water_plateau,30121.320800775306,30121.320800781246,30121.320800781246,1.9722971085075e-13
55,2003-01-01,water_k,0.06713887201835175,0.07670830785955382,0.06713887201835175,0.14253197221702438
55,2003-01-01,beta_time,0.8681861714859459,1.9394616412271943,1.9394616412271943,0.5523571319840072
55,2003-01-01,beta_volume,1.3905210117619686,3.139844495361415,3.139844495361415,0.5571369812052074
55,2004-01-01,D_oil,0.13542019108254344,0.1835916655919706,0.13542019108254344,0.355718553668743
55,2004-01-01,D_liquid,0.0125405026798405,0.04814028837469053,0.0125405026798405,2.8387845849336255
55,2004-01-01,water_plateau,7629.627632748194,31370.49804604926,31370.49804604926,0.7567897193870323
55,2004-01-01,water_k,0.04979467315043411,0.49431490606390716,0.04979467315043411,8.927063976713697
55,2004-01-01,beta_time,0.4834588094817395,1.395675304444489,1.395675304444489,0.6536022325950896
55,2004-01-01,beta_volume,0.7934174499984961,2.2944596490923233,2.2944596490923233,0.654202918620788
55,2005-01-01,D_oil,0.14944093654051407,0.20074847270135454,0.16602457167719756,0.3090357989936452
55,2005-01-01,D_liquid,0.027541030594516517,0.07558338564023591,0.038280439970198574,1.2550105245164502
55,2005-01-01,water_plateau,6971.212918662667,11993.835478786057,8452.336601449639,0.5942288856861159
55,2005-01-01,water_k,0.15369202889406117,1.0339227407016085,0.3338634136072336,2.6364994663448678
55,2005-01-01,beta_time,0.33888877270111917,1.0777408009829634,0.5218339023980032,1.4158758656472288
55,2005-01-01,beta_volume,0.5959011153840629,1.8317387425792013,0.8894915225779416,1.3893753856286455
55,2008-01-01,D_oil,0.148776620784424,0.1710912631552991,0.1611164189617586,0.13850011385972738
55,2008-01-01,D_liquid,0.025355055020330707,0.0448146367204702,0.03392849708166346,0.5735468226989742
55,2008-01-01,water_plateau,10195.77449896291,41523.032226561205,13597.780589495664,2.303850802814006
55,2008-01-01,water_k,0.014058083272967538,0.199877055115587,0.08223536987234593,2.2595991497462284
55,2008-01-01,beta_time,0.21100381210421063,0.633562913658602,0.23647973911879905,1.7868723262677173
55,2008-01-01,beta_volume,0.444215124626074,1.1988272784194862,0.4784180875667326,1.5773069066669736
56,2003-01-01,D_oil,0.0723320956449618,0.0865876053732001,0.0723320956449618,0.19708415194011092
56,2003-01-01,D_liquid,0.0,0.0,0.0,0.0
56,2003-01-01,water_plateau,25510.476074218746,25510.476074218746,25510.476074218746,0.0
56,2003-01-01,water_k,0.06753291021561121,0.07758120479330374,0.06753291021561121,0.14879107898077407
56,2003-01-01,beta_time,0.8971350867857522,2.1012408997262755,2.1012408997262755,0.5730451054409705
56,2003-01-01,beta_volume,1.4359734604905963,3.4018096316186295,3.4018096316186295,0.5778795358965046
56,2004-01-01,D_oil,0.12609621075624536,0.1779500713376658,0.12609621075624536,0.4112245742392556
56,2004-01-01,D_liquid,0.0125405003466549,0.048140282255523074,0.0125405003466549,2.838784811194889
56,2004-01-01,water_plateau,9130.5860167275,28995.375976396652,28995.375976396652,0.685101996119652
56,2004-01-01,water_k,0.05114660593015931,0.2764538089735187,0.05114660593015931,4.405125207154828
56,2004-01-01,beta_time,0.5142955930556314,1.5371841335796954,1.5371841335796954,0.665430066690857
56,2004-01-01,beta_volume,0.8433307609275625,2.527471918937735,2.527471918937735,0.6663342707752005
56,2005-01-01,D_oil,0.1396469904235432,0.1978477109857498,0.1571993191016775,0.3702351950046425
56,2005-01-01,D_liquid,0.02754102859530314,0.07558338301491221,0.03828043583209515,1.2550106438268218
56,2005-01-01,water_plateau,6737.8276709553875,15128.588476824381,8735.305788779218,0.9605571927026524
56,2005-01-01,water_k,0.09965450708760301,0.7298029048255406,0.2632621880577921,2.393615286672332
56,2005-01-01,beta_time,0.36843596129692047,1.1790542807112072,0.5586744987678015,1.4509671037467546
56,2005-01-01,beta_volume,0.6476161901340973,2.004119315801758,0.9521739700864739,1.4246379005135654
56,2008-01-01,D_oil,0.13604297080271294,0.15931392925313984,0.1492344496322918,0.15593556653819332
56,2008-01-01,D_liquid,0.026487233326096926,0.045753026874953716,0.03451199186344311,0.5582347615602019
56,2008-01-01,water_plateau,10050.315048165397,15883.893865324893,11916.411692039816,0.4895415640143028
56,2008-01-01,water_k,0.05345324890608604,0.1755506109120103,0.09896716581472902,1.2337158592021924
56,2008-01-01,beta_time,0.20093058787721474,0.6764623007336529,0.23105555108558465,2.058083913683155
56,2008-01-01,beta_volume,0.4221814505905121,1.2805155380879822,0.4674704169104466,1.8361249320765067
57,2003-01-01,D_oil,0.033436281574985134,0.04297411421462912,0.033436281574985134,0.2852539872968284
57,2003-01-01,D_liquid,0.0,0.0,0.0,0.0
57,2003-01-01,water_plateau,17001.724853515545,17001.724853515647,17001.724853515545,5.99135719912001e-15
57,2003-01-01,water_k,0.06864797121523132,0.08018994902372562,0.06864797121523132,0.1681328319566334
57,2003-01-01,beta_time,1.0279578829355898,2.3684395313185425,2.3684395313185425,0.5659767246144082
57,2003-01-01,beta_volume,1.644204312075248,3.8383805240771345,3.8383805240771345,0.5716411382973642
57,2004-01-01,D_oil,0.0882098411865786,0.13370389188111656,0.0882098411865786,0.5157480172570589
57,2004-01-01,D_liquid,0.012540502388759348,0.048140283733732185,0.012540502388759348,2.838784303959196
57,2004-01-01,water_plateau,5880.853078730931,20567.211914062445,20567.211914062445,0.7140665879603249
57,2004-01-01,water_k,0.052391365449360204,0.34936808439418343,0.052391365449360204,5.668428688537834
57,2004-01-01,beta_time,0.5045649303602314,1.7286734021699994,1.7286734021699994,0.7081201517146892
57,2004-01-01,beta_volume,0.8275252648297794,2.844311444781975,2.844311444781975,0.7090595453785787
57,2005-01-01,D_oil,0.11774956200998622,0.18449925237562892,0.13646183627729194,0.48914547969299343
57,2005-01-01,D_liquid,0.02754103018293672,0.07558338454835638,0.038280437278132864,1.2550105950033947
57,2005-01-01,water_plateau,14381.346181584371,25819.877929687496,25819.87792968746,0.44301261916312956
57,2005-01-01,water_k,0.04253366532251702,0.09243246298925957,0.04277540061875192,1.1665302240294593
57,2005-01-01,beta_time,0.41850103580286463,1.3600213835035975,0.6628624100954876,1.4203857895111347
57,2005-01-01,beta_volume,0.7325455885644945,2.3125064231685206,1.1294495036317467,1.3988769126230607
57,2008-01-01,D_oil,0.09925236696264039,0.13507087718764954,0.12194719532138708,0.29372147617344424
57,2008-01-01,D_liquid,0.019476037796189314,0.040554497176224426,0.03138196752776762,0.6716742460900298
57,2008-01-01,water_plateau,8195.362337967152,11876.700187832434,9453.133403034737,0.38943043464122307
57,2008-01-01,water_k,0.09934365664351376,0.23222035570179167,0.13906210534937932,0.955520547631857
57,2008-01-01,beta_time,0.17527176895316046,0.7584459004629135,0.24576993868049635,2.372845656554791
57,2008-01-01,beta_volume,0.36507119482784134,1.4314946873009096,0.4954405727418167,2.1524750921616613
58,2003-01-01,D_oil,0.10287288733502425,0.12338307782236922,0.10287288733502425,0.19937411128113675
58,2003-01-01,D_liquid,0.0,0.0,0.0,0.0
58,2003-01-01,water_plateau,28962.958984374996,28962.958984374996,28962.958984374996,0.0
58,2003-01-01,water_k,0.06725298309276835,0.07699968126729423,0.06725298309276835,0.1449258862031643
58,2003-01-01,beta_time,0.8985696122363331,2.0469556509052076,2.0469556509052076,0.5610214555264221
58,2003-01-01,beta_volume,1.4504580558424063,3.3365400153394362,3.3365400153394362,0.5652807851324849
58,2004-01-01,D_oil,0.1471285437255363,0.2018652333348977,0.1471285437255363,0.3720331094384444
58,2004-01-01,D_liquid,0.021967559772733892,0.06148299774613311,0.021967559772733892,1.7988087153151047
58,2004-01-01,water_plateau,7491.167968388296,30473.369140624323,30473.369140624323,0.7541732936119048
58,2004-01-01,water_k,0.0499941790041323,0.47934373038979816,0.0499941790041323,8.587990840897252
58,2004-01-01,beta_time,0.5040489897173586,1.4779754281376885,1.4779754281376885,0.6589598310490983
58,2004-01-01,beta_volume,0.8411106059774076,2.46069292308098,2.46069292308098,0.6581814016337026
58,2005-01-01,D_oil,0.16022535573405094,0.21556874246509702,0.17872565927384826,0.3096555187201601
58,2005-01-01,D_liquid,0.037660996496370745,0.08839636602825188,0.049730622645817735,1.0202037865726963
58,2005-01-01,water_plateau,6614.290002082909,10929.549995663663,7859.773796743731,0.549031066946042
58,2005-01-01,water_k,0.16545632445727973,1.109266976708343,0.3583043334538567,2.6341033700409024
58,2005-01-01,beta_time,0.3472159570805187,1.1348307957140313,0.5394903174062141,1.4599239564117532
58,2005-01-01,beta_volume,0.6299474245646852,1.9691520340969666,0.9404383047844752,1.4240217595551825
58,2008-01-01,D_oil,0.14617875242916276,0.17163224987648376,0.16562702083951497,0.15367961893116633
58,2008-01-01,D_liquid,0.022556979874001553,0.04583117506115943,0.038367727556557485,0.6066086440185863
58,2008-01-01,water_plateau,9738.73909967988,39814.2724609369,39813.80587964618,0.7554046315535083
58,2008-01-01,water_k,0.013893391326128404,0.20199224297644872,0.014903616285415533,12.621020834680987
58,2008-01-01,beta_time,0.21164187509602622,0.6603965452419995,0.23601421829995448,1.9013882865973921
58,2008-01-01,beta_volume,0.4654308374346798,1.2921533248711115,0.4982054079688619,1.6594008700284968
59,2003-01-01,D_oil,0.035749091659266166,0.04540920575370569,0.035749091659266166,0.270219847444309
59,2003-01-01,D_liquid,0.0,0.0,0.0,0.0
59,2003-01-01,water_plateau,17566.506347479666,17566.50634765621,17566.50634765621,1.0050025432296718e-11
59,2003-01-01,water_k,0.06846452341168895,0.07973108130568592,0.06846452341168895,0.16456052467128443
59,2003-01-01,beta_time,0.9902289374107297,2.292771653167768,2.292771653167768,0.5681083477970442
59,2003-01-01,beta_volume,1.5842289698225327,3.7149802314252267,3.7149802314252267,0.5735565545082985
59,2004-01-01,D_oil,0.09333558229042324,0.14070727797610091,0.09333558229042324,0.5075416526387094
59,2004-01-01,D_liquid,0.012540512535793209,0.048140298583870866,0.012540512535793209,2.838782382017364
59,2004-01-01,water_plateau,6958.5565893497405,21680.7104490427,21680.7104490427,0.6790438853143306
59,2004-01-01,water_k,0.05249127645605803,0.2779992342971639,0.05249127645605803,4.296103525504569
59,2004-01-01,beta_time,0.5169803642715262,1.6858515128755063,1.6858515128755063,0.693341696867639
59,2004-01-01,beta_volume,0.84766340492133,2.7735809324428513,2.7735809324428513,0.6943794230029031
59,2005-01-01,D_oil,0.12118054557401883,0.1885722685695484,0.14010620492008738,0.4810045567501304
59,2005-01-01,D_liquid,0.027541038928079308,0.07558339952936219,0.03828044771052096,1.2550104158807673
59,2005-01-01,water_plateau,14078.929124256072,26625.319824218746,26623.099597879784,0.4712595786916504
59,2005-01-01,water_k,0.042234454222084106,0.09856999845500004,0.04265676972650386,1.3206706601112617
59,2005-01-01,beta_time,0.4208883655878532,1.3236043549982262,0.6498437589093413,1.3891277357582645
59,2005-01-01,beta_volume,0.7369664614767868,2.250366960351511,1.1071797562032828,1.3668968298918729
59,2008-01-01,D_oil,0.10560883764215719,0.13993223549821404,0.12627439124116924,0.2718159835789919
59,2008-01-01,D_liquid,0.021822764084180782,0.04205202064597255,0.03223829903475443,0.6274914361946845
59,2008-01-01,water_plateau,8181.373177961849,11571.099366800767,9998.320548232014,0.33902955726282624
59,2008-01-01,water_k,0.10691556373853493,0.2469672588396872,0.12280136897424966,1.1404734024628005
59,2008-01-01,beta_time,0.17905060032908768,0.7419029065464074,0.24649170811645554,2.283453307692602
59,2008-01-01,beta_volume,0.3735780461491874,1.4008251648847991,0.4974165271759206,2.065164831912203
60,2003-01-01,D_oil,0.08932635043725806,0.1076335319128787,0.08932635043725806,0.20494715597363863
60,2003-01-01,D_liquid,0.0,0.0,0.0,0.0
60,2003-01-01,water_plateau,26930.058593749996,26930.058593749996,26930.058593749996,0.0
60,2003-01-01,water_k,0.06742897530037012,0.07738011766958092,0.06742897530037012,0.14757961729185842
60,2003-01-01,beta_time,0.8993224584869419,2.1142631571576165,2.1142631571576165,0.5746402450223002
60,2003-01-01,beta_volume,1.4475580002667157,3.438282454542469,3.438282454542469,0.57898805016607
60,2004-01-01,D_oil,0.13803905765373448,0.19322087857801284,0.13803905765373448,0.39975512628244525
60,2004-01-01,D_liquid,0.019728925105850274,0.05857380320295386,0.019728925105850274,1.9689302832613422
60,2004-01-01,water_plateau,8009.090216279068,29268.173828124996,29268.173828124996,0.7263549730395955
60,2004-01-01,water_k,0.05056706463365554,0.3665535625802589,0.05056706463365554,6.248859810942924
60,2004-01-01,beta_time,0.5125342862033931,1.5332151862183203,1.5332151862183203,0.6657127513408209
60,2004-01-01,beta_volume,0.8501866640079869,2.541997667447275,2.541997667447275,0.6655438850729705
60,2005-01-01,D_oil,0.1528858247847149,0.21303899980440083,0.1716314624501652,0.3504787185342079
60,2005-01-01,D_liquid,0.03674445960310427,0.08872899449498832,0.048830915747765824,1.0645824288941892
60,2005-01-01,water_plateau,6435.668796271033,11738.43986416971,7900.6701294487175,0.6711799101867687
60,2005-01-01,water_k,0.1396117625418158,0.9609544646255177,0.32018439665595444,2.565217764081907
60,2005-01-01,beta_time,0.36077689092294735,1.1748442786233302,0.5483744691522935,1.4845100082044511
60,2005-01-01,beta_volume,0.6500185084935883,2.028449923311444,0.9506822785134007,1.4499391079145116
60,2008-01-01,D_oil,0.13370896348208194,0.16068605976336137,0.15523386179898305,0.17378358026171423
60,2008-01-01,D_liquid,0.023832734703426773,0.04653346484356448,0.03805082402007842,0.5965897119116035
60,2008-01-01,water_plateau,9475.019107481525,38151.25976561683,12177.813889817737,2.354793801054263
60,2008-01-01,water_k,0.014035270599800722,0.1946809477833742,0.08890048480244304,2.0319987858897393
60,2008-01-01,beta_time,0.19722488370537095,0.6723741270410194,0.2259602998242035,2.102799667487224
60,2008-01-01,beta_volume,0.42920194832056213,1.3068532971353857,0.47298684455685,1.8555512884023468
61,2003-01-01,D_oil,0.08728523526847957,0.10486608470019003,0.08728523526847957,0.2014183656334744
61,2003-01-01,D_liquid,0.0,0.0,0.0,0.0
61,2003-01-01,water_plateau,27415.400390624996,27415.400390624996,27415.400390624996,0.0
61,2003-01-01,water_k,0.06751943983703027,0.07761461837275725,0.06751943983703027,0.14951514052980044
61,2003-01-01,beta_time,0.9038099692280969,2.1164318313391237,2.1164318313391237,0.5729557853719145
61,2003-01-01,beta_volume,1.4495510994318772,3.4314187955751576,3.4314187955751576,0.5775650872749531
61,2004-01-01,D_oil,0.13806180865503584,0.19330953018385041,0.13806180865503584,0.40016657804952926
61,2004-01-01,D_liquid,0.01791978212745085,0.05650334633985463,0.01791978212745085,2.1531268593549817
61,2004-01-01,water_plateau,8125.766008113417,29812.290038308452,29812.290038308452,0.7274356985769326
61,2004-01-01,water_k,0.050640398831591944,0.37100854273603234,0.050640398831591944,6.326335323105298
61,2004-01-01,beta_time,0.5147179143240399,1.5363891837972097,1.5363891837972097,0.6649820763174689
61,2004-01-01,beta_volume,0.8479100750246475,2.5341237671132326,2.5341237671132326,0.6654030533044757
61,2005-01-01,D_oil,0.15242602619973372,0.21331546184597477,0.17114449144137509,0.35577794607019825
61,2005-01-01,D_liquid,0.03484391057519955,0.08756089883200265,0.04679441634235269,1.1265657823600206
61,2005-01-01,water_plateau,6556.855559038463,12035.966814257155,8052.840290699373,0.6803948740355363
61,2005-01-01,water_k,0.1383340808415924,0.9581827733965047,0.3201168130531325,2.561092261089189
61,2005-01-01,beta_time,0.361121217955036,1.1767231689327515,0.5510126452324686,1.4801873569228494
61,2005-01-01,beta_volume,0.6447963776224399,2.0187879980488894,0.9487661820441888,1.4481878111065047
61,2008-01-01,D_oil,0.14158587376429127,0.1665481969705015,0.1584186917117168,0.15757183029661384
61,2008-01-01,D_liquid,0.02575497465074076,0.0476813992443586,0.037813142183910485,0.5798625379233242
61,2008-01-01,water_plateau,9686.69964893711,38912.73437498138,12614.2707414768,2.31690244525564
61,2008-01-01,water_k,0.014092022343799129,0.19362980522398596,0.08588903657399641,2.0903457535643533
61,2008-01-01,beta_time,0.20528609248039054,0.6769209509770194,0.23213331016920233,2.0317414082143297
61,2008-01-01,beta_volume,0.44388090492388854,1.3060827023318988,0.48211745018211594,1.7883646341411632
62,2003-01-01,D_oil,0.07070705202635695,0.0846027125518422,0.07070705202635695,0.19652439363905963
62,2003-01-01,D_liquid,0.0,0.0,0.0,0.0
62,2003-01-01,water_plateau,25206.940917968746,25206.940917968746,25206.940917968746,0.0
62,2003-01-01,water_k,0.06748647900429502,0.07746826146664093,0.06748647900429502,0.1479078862850533
62,2003-01-01,beta_time,0.8938815501242807,2.007713021669897,2.007713021669897,0.5547762352107459
62,2003-01-01,beta_volume,1.4307085196918103,3.250551449040444,3.250551449040444,0.5598566759759632
62,2004-01-01,D_oil,0.12573081838960862,0.17782852222660914,0.12573081838960862,0.41435906092301616
62,2004-01-01,D_liquid,0.012540510398474704,0.04814029976388697,0.012540510398474704,2.838783130369419
62,2004-01-01,water_plateau,9338.300132662062,28900.085449184353,28900.085449184353,0.6768763833213643
62,2004-01-01,water_k,0.05120189150874324,0.2636792406788408,0.05120189150874324,4.1497949179048375
62,2004-01-01,beta_time,0.5162354082688183,1.4775739546167548,1.4775739546167548,0.6506195803899936
62,2004-01-01,beta_volume,0.8464709693741947,2.4296022776987862,2.4296022776987862,0.651601014230224
62,2005-01-01,D_oil,0.1383496913259238,0.19607327421383286,0.1557684862787414,0.3705729205367961
62,2005-01-01,D_liquid,0.027541029138027622,0.07558338218389582,0.038280437291782085,1.2550105600852623
62,2005-01-01,water_plateau,6668.524451544133,14867.563584349573,8631.997710390266,0.9498425981897936
62,2005-01-01,water_k,0.10091842461815645,0.7415711116024606,0.2654572240678162,2.4133933037009268
62,2005-01-01,beta_time,0.366224697722165,1.1343319247291646,0.5573800192028512,1.378067387678382
62,2005-01-01,beta_volume,0.6438180452919022,1.9280748896066215,0.950005084994635,1.3518420739000276
62,2008-01-01,D_oil,0.12414576785836304,0.14977181078865667,0.14312734888904624,0.17904364979301896
62,2008-01-01,D_liquid,0.019476038380905936,0.04055449691661145,0.031381967024746306,0.6716742299513621
62,2008-01-01,water_plateau,10339.191381797773,33864.8378178897,21347.394610951662,1.102038298576388
62,2008-01-01,water_k,0.018724458955423823,0.16703970730876622,0.03562297995776663,4.163471122550101
62,2008-01-01,beta_time,0.19434905303225777,0.6522669145122695,0.22482268103331235,2.0367956621430077
62,2008-01-01,beta_volume,0.4047259078360609,1.230062982326547,0.4522584447568293,1.8249235233943593
63,2003-01-01,D_oil,0.09574089017063543,0.11305578743720181,0.09574089017063543,0.18085164275897872
63,2003-01-01,D_liquid,0.0,0.0,0.0,0.0
63,2003-01-01,water_plateau,30103.239746087853,30103.239746093746,30103.239746093746,1.9577712290097712e-13
63,2003-01-01,water_k,0.06710373710202978,0.07662144608249595,0.06710373710202978,0.14183575150210628
63,2003-01-01,beta_time,0.8647560114713623,1.934993905673217,1.934993905673217,0.5530962609566985
63,2003-01-01,beta_volume,1.38504695049463,3.1325701652253612,3.1325701652253612,0.5578560487263697
63,2004-01-01,D_oil,0.13517164125186104,0.1832314749338543,0.13517164125186104,0.3555467199842968
63,2004-01-01,D_liquid,0.012540502256116757,0.0481402863702577,0.012540502256116757,2.83878455480336
63,2004-01-01,water_plateau,7607.421304741895,31338.574218663893,31338.574218663893,0.7572505611882225
63,2004-01-01,water_k,0.04976000643706423,0.4969234131837612,0.04976000643706423,8.986401706202814
63,2004-01-01,beta_time,0.4824491326859586,1.3923413351508773,1.3923413351508773,0.6534979458656385
63,2004-01-01,beta_volume,0.7917669638450189,2.288958617294095,2.288958617294095,0.654092932103329
63,2005-01-01,D_oil,0.15215558555336803,0.20606076173967672,0.169247977257501,0.3184982004499533
63,2005-01-01,D_liquid,0.02911077424531677,0.07863147667688652,0.040154054485144065,1.2332677998903223
63,2005-01-01,water_plateau,6959.2236595562545,11920.829261095765,8430.53177391191,0.5885281895138677
63,2005-01-01,water_k,0.15486702216630704,1.0424747962890857,0.3349839768502669,2.649702181186794
63,2005-01-01,beta_time,0.343606841870167,1.078164190043003,0.523605989985758,1.4028818657953395
63,2005-01-01,beta_volume,0.6046646596809031,1.8334317613795859,0.8929837081330798,1.3760240982084768
63,2008-01-01,D_oil,0.1483109516400274,0.17228988844378454,0.16223601442415786,0.14780279760242035
63,2008-01-01,D_liquid,0.02569138612200474,0.04604533436710559,0.03491752389603113,0.582914994365175
63,2008-01-01,water_plateau,10059.160070150165,41270.99121093749,14676.223120583147,2.126693692535464
63,2008-01-01,water_k,0.013793967444338138,0.20379348586439325,0.06723084362852465,2.826076666089049
63,2008-01-01,beta_time,0.20918175112387474,0.632770081385051,0.2362520730734641,1.7929507443071568
63,2008-01-01,beta_volume,0.4429070836775461,1.2009689427903887,0.48023812379887526,1.5785124536058708
64,2003-01-01,D_oil,0.053586316082093334,0.06396822794756636,0.053586316082093334,0.19374184725757435
64,2003-01-01,D_liquid,0.0,0.0,0.0,0.0
64,2003-01-01,water_plateau,21842.158203124996,21842.158203124996,21842.158203124996,0.0
64,2003-01-01,water_k,0.06711249334365024,0.07647316167334817,0.06711249334365024,0.13947728453130956
64,2003-01-01,beta_time,0.8748775078921298,2.0039743931651595,2.0039743931651595,0.5634287988529073
64,2003-01-01,beta_volume,1.399576282603385,3.244159392222629,3.244159392222629,0.5685858450855857
64,2004-01-01,D_oil,0.11811661313680558,0.17041806875244858,0.11811661313680558,0.4427950838301312
64,2004-01-01,D_liquid,0.012540511711416898,0.04814030393132509,0.012540511711416898,2.838783060781969
64,2004-01-01,water_plateau,11294.702144137245,27184.357910156246,27184.357910156246,0.5845146616496881
64,2004-01-01,water_k,0.05171295374069288,0.17474863358860987,0.05171295374069288,2.379204260210345
64,2004-01-01,beta_time,0.5237002370272417,1.5013847482792861,1.5013847482792861,0.6511885193802279
64,2004-01-01,beta_volume,0.8583874708230178,2.4689792827373016,2.4689792827373016,0.6523310354101703
64,2005-01-01,D_oil,0.13316044596178142,0.19471376619369513,0.15102911401898506,0.40755930160708065
64,2005-01-01,D_liquid,0.027541038548821152,0.07558339922644923,0.038280448488650885,1.2550103923644294
64,2005-01-01,water_plateau,6769.476302993077,19864.158212649887,9172.970170506374,1.427529106304065
64,2005-01-01,water_k,0.06641517563315195,0.5480405728856476,0.21751091308214227,2.214258541917901
64,2005-01-01,beta_time,0.38437368335999156,1.156798221053828,0.5764309851903631,1.3400121741178566
64,2005-01-01,beta_volume,0.6751144240019089,1.966260187911962,0.9822888823159124,1.3144257123891685
64,2008-01-01,D_oil,0.12124119122300911,0.14758042730839993,0.13842617510891142,0.1902764131470623
64,2008-01-01,D_liquid,0.02162064138485522,0.04186726712808881,0.0321205365080632,0.6303327386250566
64,2008-01-01,water_plateau,10413.125831314359,15548.883101221774,10993.89183445276,0.46714642523705135
64,2008-01-01,water_k,0.056749049560764944,0.15151492978878325,0.11725747235559626,0.808186278658901
64,2008-01-01,beta_time,0.19249346311059748,0.6623785424862356,0.22983824102206135,2.044416443869911
64,2008-01-01,beta_volume,0.4010537254148742,1.2493649789044217,0.46282603075622925,1.8328944292598648
65,2003-01-01,D_oil,0.04667860541951364,0.05643106601603863,0.04667860541951364,0.2089278483981454
65,2003-01-01,D_liquid,0.0,0.0,0.0,0.0
65,2003-01-01,water_plateau,20282.54495565479,20282.545166015647,20282.545166015647,1.0371521670723805e-08
65,2003-01-01,water_k,0.06738718060454026,0.07711684405188253,0.06738718060454026,0.14438448618945088
65,2003-01-01,beta_time,0.9055710888457971,2.104114933281578,2.104114933281578,0.5696190001211253
65,2003-01-01,beta_volume,1.4484908150352214,3.406709630565551,3.406709630565551,0.5748123638013857
65,2004-01-01,D_oil,0.11360205448015903,0.166060358016664,0.11360205448015903,0.46177248973667967
65,2004-01-01,D_liquid,0.012540502816580161,0.048140283748608244,0.012540502816580161,2.8387841741848328
65,2004-01-01,water_plateau,12070.020280089411,26086.040039062496,26086.040039062496,0.5372996337498839
65,2004-01-01,water_k,0.052194253583141545,0.15140230918472083,0.052194253583141545,1.9007467065995738
65,2004-01-01,beta_time,0.5348901220856898,1.5789245106497047,1.5789245106497047,0.6612313517980729
65,2004-01-01,beta_volume,0.876603386197377,2.5967567112622394,2.5967567112622394,0.6624237525234796
65,2005-01-01,D_oil,0.13214048507645784,0.19715226665384702,0.15081360270913227,0.43107372550985745
65,2005-01-01,D_liquid,0.027541039019054435,0.07558340294315717,0.03828044827378148,1.2550104842164886
65,2005-01-01,water_plateau,7555.963939987096,29433.80615233813,10327.470585052011,2.1184124449617934
65,2005-01-01,water_k,0.04159120046553393,0.35650864474918553,0.1740926000914602,1.8089076969280058
65,2005-01-01,beta_time,0.40280462926788924,1.2213934483271918,0.6065450577948759,1.349592760734581
65,2005-01-01,beta_volume,0.7066372938318036,2.0761451042980386,1.0334841470392595,1.3251367371135987
65,2008-01-01,D_oil,0.11951366953732129,0.14906418821005243,0.13767500585471792,0.2146396761654359
65,2008-01-01,D_liquid,0.023765998059729374,0.04414069884453162,0.0336169819291224,0.606083580844943
65,2008-01-01,water_plateau,8972.415606262952,36339.497069753605,10407.485665825388,2.6295574495341136
65,2008-01-01,water_k,0.015606707985372968,0.20316770854299152,0.14397707957152217,1.3027143008859656
65,2008-01-01,beta_time,0.18838651679499985,0.6921449428190631,0.2360425588388805,2.1341847355922035
65,2008-01-01,beta_volume,0.395501249767374,1.3100308894787978,0.4781448436093422,1.9126623489400636
66,2003-01-01,D_oil,0.14337899521392666,0.16690202119003553,0.14337899521392666,0.16406186932061878
66,2003-01-01,D_liquid,0.0,0.0,0.0,0.0
66,2003-01-01,water_plateau,33116.55761718749,33116.55761718749,33116.55761718749,0.0
66,2003-01-01,water_k,0.06482502072229879,0.07116632905078327,0.06482502072229879,0.09782192520461731
66,2003-01-01,beta_time,0.783390715079358,1.8018747274199403,1.8018747274199403,0.5652357496566502
66,2003-01-01,beta_volume,1.282021148784173,2.968886196702453,2.968886196702453,0.5681811077136887
66,2004-01-01,D_oil,0.16642147378803293,0.21178508627748988,0.16642147378803293,0.2725826869387991
66,2004-01-01,D_liquid,0.026420268462661746,0.06570080912534551,0.026420268462661746,1.4867578169463609
66,2004-01-01,water_plateau,7088.729715396471,12407.980088938417,12407.980088938417,0.42869591467865115
66,2004-01-01,water_k,0.17116003129039262,0.863401838752953,0.17116003129039262,4.044412718575009
66,2004-01-01,beta_time,0.4466378879456406,1.288586375349444,1.288586375349444,0.653389251594004
66,2004-01-01,beta_volume,0.7614062012092554,2.177931665888096,2.177931665888096,0.6503994073208093
66,2005-01-01,D_oil,0.1819853156521467,0.2209741898428321,0.19849806528241593,0.19641941665886475
66,2005-01-01,D_liquid,0.04098191227521527,0.08763599948933018,0.05298511861952131,0.8805130276131182
66,2005-01-01,water_plateau,7252.158318118089,9575.101422601205,7968.546215333802,0.2915140405426899
66,2005-01-01,water_k,0.25050564069509973,1.167610290226097,0.46400686553842635,1.9764893962652972
66,2005-01-01,beta_time,0.30244057868108604,1.0045698744962743,0.48192030337714836,1.4569406827122318
66,2005-01-01,beta_volume,0.558710963231932,1.7714352846956771,0.8544768754083009,1.4192593812258059
66,2008-01-01,D_oil,0.15709988522935353,0.19155217799340996,0.1876499711869767,0.18359871065329256
66,2008-01-01,D_liquid,0.01388260183841174,0.04046316101970871,0.03740045871242264,0.7107014217573803
66,2008-01-01,water_plateau,10083.393480690069,43742.00195312496,12109.574061317575,2.7795039116985
66,2008-01-01,water_k,0.01332745792133018,0.23735483540313038,0.13022619783408354,1.7202942357821527
66,2008-01-01,beta_time,0.22022284893680075,0.6077707352355181,0.2529017699555739,1.5324048003570558
66,2008-01-01,beta_volume,0.4909852940443271,1.2077090337155492,0.5427722698514569,1.3204870246362648
67,2003-01-01,D_oil,0.1369572068504566,0.1611216729323251,0.1369572068504566,0.17643807607914827
67,2003-01-01,D_liquid,0.0,0.0,0.0,0.0
67,2003-01-01,water_plateau,31379.328613281243,31379.328613281243,31379.328613281243,0.0
67,2003-01-01,water_k,0.0651827861427314,0.07199328251433344,0.0651827861427314,0.10448305104186599
67,2003-01-01,beta_time,0.7958605918654043,1.8180293161154368,1.8180293161154368,0.5622399568528902
67,2003-01-01,beta_volume,1.3032987728209882,2.9975688393570055,2.9975688393570055,0.565214731448652
67,2004-01-01,D_oil,0.16076245858383784,0.20843748756246785,0.16076245858383784,0.29655573445816286
67,2004-01-01,D_liquid,0.026404105923271203,0.06570559427998446,0.026404105923271203,1.4884612442822753
67,2004-01-01,water_plateau,6989.118771138954,13616.589743338136,13616.589743338136,0.4867203240401398
67,2004-01-01,water_k,0.14214641058924862,0.7601059053882084,0.14214641058924862,4.347345052451854
67,2004-01-01,beta_time,0.4578803676904901,1.3038892895853025,1.3038892895853025,0.6488349345701602
67,2004-01-01,beta_volume,0.7808637682372748,2.204878325357362,2.204878325357362,0.6458472291840802
67,2005-01-01,D_oil,0.1742266209776297,0.2141817362138294,0.19081468664917708,0.20939224300726553
67,2005-01-01,D_liquid,0.040185002429444686,0.08550777208999379,0.0520268786760382,0.8711414333111476
67,2005-01-01,water_plateau,7009.634181701368,9673.166695129661,7849.434388029782,0.3393279543160616
67,2005-01-01,water_k,0.22868436121536867,1.1872009932534302,0.43217789946871493,2.217875169499379
67,2005-01-01,beta_time,0.3077778470115793,1.012919077843536,0.4871746132288931,1.4474096385245234
67,2005-01-01,beta_volume,0.5693067134157883,1.7867710225676239,0.8641495290453903,1.4088583841464861
67,2008-01-01,D_oil,0.16094850953385173,0.18696760142741914,0.18164105506753406,0.14324455384766138
67,2008-01-01,D_liquid,0.01995657716277259,0.043421503094807634,0.03907442192374817,0.6005188247653593
67,2008-01-01,water_plateau,9787.022090519511,42065.78613281249,42065.572843829366,0.7673439789380636
67,2008-01-01,water_k,0.013357594994009772,0.23094103162521798,0.01442890992972862,15.079686385934806
67,2008-01-01,beta_time,0.22411794468880367,0.6092374734462148,0.24845886854636098,1.5500333355400036
67,2008-01-01,beta_volume,0.5016939474652928,1.211956160832574,0.5339073368414692,1.3303098952883958
68,2003-01-01,D_oil,0.142473011646712,0.16236260716761752,0.142473011646712,0.13960254851792864
68,2003-01-01,D_liquid,0.0,0.0,0.0,0.0
68,2003-01-01,water_plateau,34047.711602754425,35583.88916015624,35583.88916015624,0.043170591907134646
68,2003-01-01,water_k,0.06417481297341773,0.0733308167369097,0.06417481297341773,0.1426728546491369
68,2003-01-01,beta_time,0.7446926991073337,1.7694610079749806,1.7694610079749806,0.5791415036833276
68,2003-01-01,beta_volume,1.2048234215856342,2.8856924013847904,2.8856924013847904,0.5824837668049923
68,2004-01-01,D_oil,0.16927191784554912,0.21204852487257644,0.16927191784554912,0.2527094131825133
68,2004-01-01,D_liquid,0.022005340265665797,0.06130770068637251,0.022005340265665797,1.7860373866624042
68,2004-01-01,water_plateau,7429.412991133673,11970.04134059826,11970.04134059826,0.37933272077050717
68,2004-01-01,water_k,0.1993122570888811,0.9772574443559936,0.1993122570888811,3.9031477473068628
68,2004-01-01,beta_time,0.4333701355057111,1.266705564490641,1.266705564490641,0.6578761887100615
68,2004-01-01,beta_volume,0.7269156493108948,2.1138642027314662,2.1138642027314662,0.6561199870968069
68,2005-01-01,D_oil,0.18983038301818725,0.23251682183247194,0.2063458375799243,0.20686842688431198
68,2005-01-01,D_liquid,0.039609610204561975,0.09138689261138627,0.05198350075706765,0.9960330037946644
68,2005-01-01,water_plateau,7689.581732066756,9697.519222535853,8291.014052591481,0.2421823769363274
68,2005-01-01,water_k,0.2760669802950303,1.0687474372926382,0.49706347325625305,1.594726829965545
68,2005-01-01,beta_time,0.3009457350384035,0.9924042899902035,0.47136473762634845,1.46692889763833
68,2005-01-01,beta_volume,0.5461425827041461,1.726377892114244,0.8237343109399521,1.432786389659243
68,2008-01-01,D_oil,0.16127340020352174,0.1999806173298584,0.19471805521454186,0.1987859681717175
68,2008-01-01,D_liquid,0.012352143062329185,0.040036744912846214,0.03577332459593478,0.77388954376533
68,2008-01-01,water_plateau,10355.670680506968,45921.821287714425,11710.029107642074,3.0372384458034056
68,2008-01-01,water_k,0.01266150357813756,0.25519812184779905,0.1645595768601393,1.4738529528171769
68,2008-01-01,beta_time,0.22064696348507232,0.6033546962021341,0.25781975025156495,1.4844003701952186
68,2008-01-01,beta_volume,0.48315706128978186,1.1803970048666923,0.5443316296858728,1.2809102127305723
69,2003-01-01,D_oil,0.046942019244135526,0.05652703305269217,0.046942019244135526,0.20418835752904044
69,2003-01-01,D_liquid,0.0,0.0,0.0,0.0
69,2003-01-01,water_plateau,20379.85595699509,20379.855957031177,20379.855957031177,1.7708049479073453e-12
69,2003-01-01,water_k,0.06725540967459782,0.07679469446170042,0.06725540967459782,0.14183669140157748
69,2003-01-01,beta_time,0.8950997146281914,2.0969977665676014,2.0969977665676014,0.5731518035456449
69,2003-01-01,beta_volume,1.4316836739374763,3.394965489278453,3.394965489278453,0.5782921274284416
69,2004-01-01,D_oil,0.1138652204054457,0.1661983637498764,0.1138652204054457,0.4596060426360693
69,2004-01-01,D_liquid,0.0125405038346336,0.04814028389524447,0.0125405038346336,2.8387838742406477
69,2004-01-01,water_plateau,12531.540169784328,26174.560546874996,26174.560546874996,0.521232070072692
69,2004-01-01,water_k,0.05209930495216846,0.14344890428141813,0.05209930495216846,1.7533746258825575
69,2004-01-01,beta_time,0.5314226208463406,1.5734868945964768,1.5734868945964768,0.6622643488984223
69,2004-01-01,beta_volume,0.8708975004676408,2.5877136035238952,2.5877136035238952,0.6634490388419837
69,2005-01-01,D_oil,0.13139845048202345,0.1956188944904698,0.14981107246008754,0.42867621834531533
69,2005-01-01,D_liquid,0.027541039668319802,0.07558340192686618,0.03828044867549527,1.255010427537127
69,2005-01-01,water_plateau,7286.801968085794,29345.573730223336,9985.747944527673,2.2090254915983585
69,2005-01-01,water_k,0.041447069169227434,0.3927848381706159,0.1825479648471128,1.9246326262560098
69,2005-01-01,beta_time,0.3984156113320226,1.2148122862449906,0.5989230756357503,1.3631077314000164
69,2005-01-01,beta_volume,0.6991098649527131,2.0649438700201808,1.0205137420068298,1.3383788466988884
69,2008-01-01,D_oil,0.11836001113005483,0.14696340167321884,0.1363060163697662,0.2098468674014339
69,2008-01-01,D_liquid,0.02287215734673455,0.042972938821096034,0.0328194790054089,0.6124649776143223
69,2008-01-01,water_plateau,9199.03828119325,35198.021913240525,10448.761644869168,2.48823588054705
69,2008-01-01,water_k,0.016538450500390853,0.18827212078159436,0.14361120778251527,1.1958235915770368
69,2008-01-01,beta_time,0.18840435783567125,0.6886476689550363,0.23389858735250446,2.13871882161245
69,2008-01-01,beta_volume,0.39391815917733086,1.3010575903974864,0.47236104250407646,1.9204365931856604
70,2003-01-01,D_oil,0.10397825629817227,0.1221122777402154,0.10397825629817227,0.17440205373363127
70,2003-01-01,D_liquid,0.0,0.0,0.0,0.0
70,2003-01-01,water_plateau,31371.70898437496,31371.708984374993,31371.70898437496,1.043673115804206e-15
70,2003-01-01,water_k,0.06677526945636039,0.07583233727258085,0.06677526945636039,0.13563506205152068
70,2003-01-01,beta_time,0.8488724209069769,1.931434918827699,1.931434918827699,0.5604964927204447
70,2003-01-01,beta_volume,1.3599474497440662,3.1267961899624153,3.1267961899624153,0.5650668073251001
70,2004-01-01,D_oil,0.1455688103418673,0.19606425865803162,0.1455688103418673,0.3468837053595212
70,2004-01-01,D_liquid,0.016836452797857712,0.05510052417751052,0.016836452797857712,2.272691987977513
70,2004-01-01,water_plateau,7394.940270822184,21509.068983382684,21509.068983382684,0.6561943115001717
70,2004-01-01,water_k,0.07896749905741003,0.5895825412257532,0.07896749905741003,6.466141745189646
70,2004-01-01,beta_time,0.48056759305163016,1.3890982098141715,1.3890982098141715,0.6540434724799489
70,2004-01-01,beta_volume,0.7902205742399168,2.28645171652895,2.28645171652895,0.6543900015349783
70,2005-01-01,D_oil,0.1606122961098368,0.21415772218096288,0.1780452931520078,0.3007404752082449
70,2005-01-01,D_liquid,0.032974397315309704,0.08506930998726864,0.04466770993404723,1.1662767746293266
70,2005-01-01,water_plateau,6981.1512258058765,10820.648951689594,8161.464526765399,0.47044224885033115
70,2005-01-01,water_k,0.18540485105966856,1.2366833179922259,0.3795355212330206,2.7699079746665176
70,2005-01-01,beta_time,0.33323173515937443,1.0732462317950135,0.513961090902157,1.439825912379262
70,2005-01-01,beta_volume,0.5921488822759116,1.8355169238284406,0.8821027633571185,1.4095501036869018
70,2008-01-01,D_oil,0.14196171063754282,0.17269593958698679,0.16649881038251507,0.18459128253730475
70,2008-01-01,D_liquid,0.02109495955816515,0.04516822665887948,0.035947011397273354,0.6696875808301641
70,2008-01-01,water_plateau,9850.400280259159,41612.00195312499,17784.130697034037,1.7859518811432769
70,2008-01-01,water_k,0.013033988191447306,0.22056999636729901,0.04617519876663632,4.494534159445913
70,2008-01-01,beta_time,0.20141017583917015,0.6289754638713828,0.23251743029814947,1.8388526291726162
70,2008-01-01,beta_volume,0.4344242361993853,1.2089469133366444,0.4811936533966699,1.609586227228946
