case_num,cutoff,window,kind,best_history_NRMSE,near_best_count,p0_range,p1_range,p2_range,p1_relative_range,median_jacobian_condition
1,2003-01-01,3y,Arps,0.02823997668889355,8,0.3922161222253635,1.2836483405970212e-05,1.2465063939484936e-06,0.00016317155271707771,6371185839247706.0
1,2003-01-01,3y,Water,0.030593728202444073,8,8.682396079830952e-11,1.107246134779416e-05,1.0198936140071169e-10,4.0429740865986813e-10,23106507.425965495
1,2003-01-01,5y,Arps,0.030361743297076,8,0.3368504740028584,8.289622066580404e-06,1.620053811700114e-06,0.00013728596291609342,9664057193097762.0
1,2003-01-01,5y,Water,0.11340355359866083,8,7.425821150993191e-27,7.104972610250115e-08,1.2491151168969594e-10,2.5942940098757236e-12,45756255.000645205
1,2003-01-01,all,Arps,0.030361743297076,8,0.3368504740028584,8.289622066580404e-06,1.620053811700114e-06,0.00013728596291609342,9664057193097762.0
1,2003-01-01,all,Water,0.11340355359866083,8,7.425821150993191e-27,7.104972610250115e-08,1.2491151168969594e-10,2.5942940098757236e-12,45756255.000645205
1,2008-01-01,3y,Arps,0.014876567939167131,8,0.0002794107867885032,3.539281412390238e-08,7.771561172376096e-15,1.8154825433338155e-07,24584.811500036994
1,2008-01-01,3y,Water,0.0006226524690701733,8,8.388174137508031e-06,0.001492381936259335,2.6078234238724463e-08,1.2261442727185374e-07,2708166.8505947217
1,2008-01-01,5y,Arps,0.009703609355888293,8,0.004841767802645336,8.320397397176826e-07,4.938167341705935e-06,2.8443758313146888e-06,56074.1364839044
1,2008-01-01,5y,Water,0.008354545058881406,8,2.77961653409875e-05,1.0222138371318579e-06,3.464702084260418e-10,2.6681444909201834e-11,480275578.7866806
1,2008-01-01,all,Arps,0.08126649770722474,8,0.20201702364647645,1.7351678213983757e-06,4.947233454281675e-08,1.1064376469736552e-05,3.181573350643583e+16
1,2008-01-01,all,Water,0.07374568015821091,8,2.5762658726051046e-17,0.23239887929412362,2.6635490502635584e-06,1.7725441202080283e-05,1014766.5560153141
2,2003-01-01,3y,Arps,0.013084728278867974,8,0.006848345983598847,2.1102907939857252e-07,3.5112069773075134e-07,4.635423832510952e-06,6371185864929904.0
2,2003-01-01,3y,Water,0.02597271375487698,8,1.3002659651592004e-17,2.4808687157928944e-06,9.246185761480064e-11,1.1651075653137428e-10,15794877.391778015
2,2003-01-01,5y,Arps,0.01611673316629511,8,0.015925597530440427,4.7478064915673635e-07,1.8015923791534297e-06,1.3584783545861265e-05,9664057148575376.0
2,2003-01-01,5y,Water,0.12544708449132566,8,1.3010066612530998e-26,4.500179784372449e-09,1.0884605022853933e-10,2.113450614545558e-13,31660169.060521916
2,2003-01-01,all,Arps,0.01611673316629511,8,0.015925597530440427,4.7478064915673635e-07,1.8015923791534297e-06,1.3584783545861265e-05,9664057148575376.0
2,2003-01-01,all,Water,0.12544708449132566,8,1.3010066612530998e-26,4.500179784372449e-09,1.0884605022853933e-10,2.113450614545558e-13,31660169.060521916
2,2008-01-01,3y,Arps,0.015924266315875422,8,0.00019164971672580577,2.069635884893728e-08,1.5543122344752192e-15,1.2822643978011123e-07,28925.438177678603
2,2008-01-01,3y,Water,0.0018206472492209298,8,0.0013814136727887671,7.859296413167613,4.189800971731578e-06,0.0002116337266433211,519570196.2103118
2,2008-01-01,5y,Arps,0.011420478032660076,8,0.00020700045752164442,1.2124034221017155e-08,1.609823385706477e-14,4.4722827081654715e-08,60706.72617734126
2,2008-01-01,5y,Water,0.011587553930654417,8,0.002232818309494178,0.03534742642659694,1.962035757085978e-06,3.7814982246682514e-06,239825.9938786428
2,2008-01-01,all,Arps,0.08270334549645106,8,0.04174829990370199,3.629976589036854e-07,7.360754509020601e-07,2.7095589521699767e-06,3.181573349005615e+16
2,2008-01-01,all,Water,0.06643388696823038,8,1.3300575563514634e-21,0.421651238870254,1.37438102084525e-06,2.0896322620594622e-05,7779910.125521267
3,2003-01-01,3y,Arps,0.036637847731201344,8,0.35928656655960367,1.1023808504817545e-05,3.5443849945704833e-07,7.770987220808173e-05,6371185853295606.0
3,2003-01-01,3y,Water,0.026770639447545076,8,0.00020823102431677398,2.8026988729834557e-08,3.076093213483233e-09,8.351351469289222e-13,24393528.42961967
3,2003-01-01,5y,Arps,0.041461020011480665,8,0.7000411623193941,1.5353129260917142e-05,6.065246792185789e-08,0.0001361810336963346,9664057162220268.0
3,2003-01-01,5y,Water,0.10627872223485521,8,3.710633372102931e-25,7.06786522641778e-08,9.575981674281309e-11,2.106049537193028e-12,42990190.06754114
3,2003-01-01,all,Arps,0.041461020011480665,8,0.7000411623193941,1.5353129260917142e-05,6.065246792185789e-08,0.0001361810336963346,9664057162220268.0
3,2003-01-01,all,Water,0.10627872223485521,8,3.710633372102931e-25,7.06786522641778e-08,9.575981674281309e-11,2.106049537193028e-12,42990190.06754114
3,2008-01-01,3y,Arps,0.02895614546879982,8,0.001159984247351531,2.0113453880199472e-07,3.1086244689504383e-13,7.77404877173875e-07,18410.53637049964
3,2008-01-01,3y,Water,0.0014820265711628139,8,0.0001253224709216738,0.003476536176094669,3.3230570573028473e-07,3.309705353021704e-07,176485.48636794416
3,2008-01-01,5y,Arps,0.024337133861709114,8,0.039235544678376755,6.895119813721262e-06,3.237157064606144e-05,2.1607961097169293e-05,55589.40895944633
3,2008-01-01,5y,Water,0.016608272324765364,8,8.420847552770283e-05,0.00031126802787184715,9.205089294972435e-10,7.0570684671317354e-09,604255949.5950811
3,2008-01-01,all,Arps,0.07496181610138558,8,0.9000909595706617,7.655025035607776e-06,3.8072591362794734e-07,3.924308724044099e-05,3.181573352468304e+16
3,2008-01-01,all,Water,0.07100462657830578,8,1.862892719076598e-10,0.1384232503714884,3.1976050381687937e-06,1.1669399398903886e-05,299445.7672908468
4,2003-01-01,3y,Arps,0.012655970589237547,8,0.010432718518131878,4.1976583970565473e-07,2.515030526441291e-06,1.1931299189601364e-05,6371185827469849.0
4,2003-01-01,3y,Water,0.0452712230736921,8,2.799135294063081e-18,1.8727809219853953e-05,4.5011089300217577e-10,1.0281530587309513e-09,13186942.027800553
4,2003-01-01,5y,Arps,0.015743544914996705,8,0.07254268160249921,1.6752244737898436e-06,3.473047098761403e-06,6.74972315192336e-05,9664057174800080.0
4,2003-01-01,5y,Water,0.1419617652883784,8,7.487180708717619e-29,3.5652192309498787e-10,1.7971427124230388e-10,1.9572983760756793e-14,26818362.484519936
4,2003-01-01,all,Arps,0.015743544914996705,8,0.07254268160249921,1.6752244737898436e-06,3.473047098761403e-06,6.74972315192336e-05,9664057174800080.0
4,2003-01-01,all,Water,0.1419617652883784,8,7.487180708717619e-29,3.5652192309498787e-10,1.7971427124230388e-10,1.9572983760756793e-14,26818362.484519936
4,2008-01-01,3y,Arps,0.017735425730985747,8,0.0002612321186461486,2.6208615278022762e-08,7.438494264988549e-15,1.833372211697758e-07,31027.95470244943
4,2008-01-01,3y,Water,0.0018809549323192452,8,0.008109907385914994,44.94501276480878,2.577494692304963e-05,0.0012951093225575642,481574812.79359865
4,2008-01-01,5y,Arps,0.012714722683695482,8,0.0007282638744072756,3.9679615648768873e-08,2.3092638912203256e-14,1.4956971485147667e-07,64821.713241422374
4,2008-01-01,5y,Water,0.007883004538639021,8,0.0006868901550660667,0.0040367017209064215,5.327345363737024e-07,5.141309429705145e-07,56782.35696259164
4,2008-01-01,all,Arps,0.08692759200097375,8,0.34878314176603453,3.0279184150550087e-06,3.781303459144825e-07,2.431835746964322e-05,3.181573353173262e+16
4,2008-01-01,all,Water,0.0637100393157968,8,3.2626522339992623e-55,9.324357961304486e-07,2.4946954224613904e-12,2.686821244952419e-11,68100136.42070845
5,2003-01-01,3y,Arps,0.03305885493299821,8,0.15370210825494723,4.739761061800518e-06,2.5739200691007316e-06,4.512701938244675e-05,6371185850992025.0
5,2003-01-01,3y,Water,0.03347480301239574,8,0.0010729502891848597,9.867653716355562e-08,1.6930988888663734e-08,3.0953869320580568e-12,24310098.112718854
5,2003-01-01,5y,Arps,0.03493756348157269,8,0.16722830552862433,4.6668056552373605e-06,1.4569998905240864e-06,5.577805965753564e-05,9664057116025694.0
5,2003-01-01,5y,Water,0.11232504040561059,8,1.2645390967545937e-26,3.7436257116496563e-06,2.3684446071037257e-09,1.1743389502157073e-10,46250185.36073658
5,2003-01-01,all,Arps,0.03493756348157269,8,0.16722830552862433,4.6668056552373605e-06,1.4569998905240864e-06,5.577805965753564e-05,9664057116025694.0
5,2003-01-01,all,Water,0.11232504040561059,8,1.2645390967545937e-26,3.7436257116496563e-06,2.3684446071037257e-09,1.1743389502157073e-10,46250185.36073658
5,2008-01-01,3y,Arps,0.02009758087719612,8,0.0003225723021387239,4.7537389746832304e-08,9.214851104388799e-14,2.0285325650688823e-07,21599.85645360493
5,2008-01-01,3y,Water,0.0019952416108436435,8,0.0012381476217342424,9.32849752704351,3.7565298804387304e-06,0.0002204751027575765,803182434.3335047
5,2008-01-01,5y,Arps,0.016113507599335917,8,0.018691819512241636,3.0278282950879642e-06,1.7820435697313286e-05,1.0662733622434037e-05,60128.28487818228
5,2008-01-01,5y,Water,0.013203441916901454,8,1.6117356608447153e-05,1.0712392395362258e-07,1.8872922495638544e-10,2.5318287399817787e-12,652603872.5235648
5,2008-01-01,all,Arps,0.07745203320272215,8,0.035224379287683405,3.0166651748819717e-07,3.645965165154108e-07,1.7380608333240285e-06,3.181573351158904e+16
5,2008-01-01,all,Water,0.074812462953577,8,5.839702409621974e-14,0.15719918269132904,3.0017984131436304e-06,1.304299057976631e-05,418185.9620093311
6,2003-01-01,3y,Arps,0.01315585588282265,8,0.015415402160215308,4.7306496670646014e-07,7.909498622789311e-07,1.260510241551017e-05,6371185881309798.0
6,2003-01-01,3y,Water,0.043418540466232634,8,4.671087082069803e-16,1.2175842130091041e-06,4.858073943125873e-10,6.47822040060973e-11,13737542.45404007
6,2003-01-01,5y,Arps,0.016321297843227674,8,0.02406382250774186,5.55731749365268e-07,9.431337345364396e-08,2.0757652479313442e-05,9664057147016340.0
6,2003-01-01,5y,Water,0.14025812382214364,8,1.5405108669324284e-23,9.375617082696408e-07,2.520954597851066e-09,4.9883460383675475e-11,27901079.748805027
6,2003-01-01,all,Arps,0.016321297843227674,8,0.02406382250774186,5.55731749365268e-07,9.431337345364396e-08,2.0757652479313442e-05,9664057147016340.0
6,2003-01-01,all,Water,0.14025812382214364,8,1.5405108669324284e-23,9.375617082696408e-07,2.520954597851066e-09,4.9883460383675475e-11,27901079.748805027
6,2008-01-01,3y,Arps,0.01577041532804187,8,0.00016532763402210549,1.6829578369792486e-08,4.6629367034256575e-15,1.0986711569255262e-07,30411.514961118897
6,2008-01-01,3y,Water,0.0016230685698542277,8,0.09856141456566547,550.3795201732137,0.0003132256037640217,0.01568640541635373,499087439.28994775
6,2008-01-01,5y,Arps,0.01074435201106695,8,0.00041470514406682923,2.2816579403617254e-08,2.8310687127941492e-14,8.359653496897969e-08,63852.32291390898
6,2008-01-01,5y,Water,0.006756245975905773,8,0.0005537964102586557,0.0034028013888018904,4.374784663419007e-07,4.274869313052769e-07,59759.28791753364
6,2008-01-01,all,Arps,0.08726214726289122,8,0.6173298516659997,5.342305460565022e-06,7.963955917820046e-07,4.193448183422846e-05,3.181573354297844e+16
6,2008-01-01,all,Water,0.06450945252490749,8,3.202092280020714e-95,1.3201210446859477,1.153788240542547e-06,3.8417394768843633e-05,63147251.72831227
7,2003-01-01,3y,Arps,0.013670826306754884,8,0.02378951999162382,8.610383981019765e-07,2.1249140589640647e-06,1.8234478211836292e-05,6371185841597717.0
7,2003-01-01,3y,Water,0.02495811217992457,8,4.1056497612602477e-13,1.7054371710401028e-06,1.791252285388012e-10,7.820597015141693e-11,16409226.751654776
7,2003-01-01,5y,Arps,0.01661854564705842,8,0.011345118382450892,2.6092225136054026e-07,5.771175259052181e-07,7.1673704242766745e-06,9664057167028262.0
7,2003-01-01,5y,Water,0.12371536437430009,8,3.196927196800733e-16,1.6178091755136847e-08,2.3473818722141715e-10,7.418762663284199e-13,32843274.950096346
7,2003-01-01,all,Arps,0.01661854564705842,8,0.011345118382450892,2.6092225136054026e-07,5.771175259052181e-07,7.1673704242766745e-06,9664057167028262.0
7,2003-01-01,all,Water,0.12371536437430009,8,3.196927196800733e-16,1.6178091755136847e-08,2.3473818722141715e-10,7.418762663284199e-13,32843274.950096346
7,2008-01-01,3y,Arps,0.015122722515895573,8,0.0001751868448991445,1.943351285449424e-08,6.661338147750939e-15,1.1259000252952179e-07,28393.119702942917
7,2008-01-01,3y,Water,0.0011062115645341034,8,4.459021238290006e-05,0.044027758041920606,1.3455029358039328e-07,2.269833119063949e-06,37622462.88606206
7,2008-01-01,5y,Arps,0.01043222283968876,8,9.91554006759543e-05,5.799882629720088e-09,9.992007221626409e-16,2.0705016258105852e-08,59950.66614482432
7,2008-01-01,5y,Water,0.010694785398764298,8,0.0023394465370074613,0.04011225214708247,2.0812566711159164e-06,4.2216424231517246e-06,268670.92478280835
7,2008-01-01,all,Arps,0.08353768129221172,8,0.244664458965417,2.1190561708961386e-06,2.1820943372715968e-07,1.5510205061641155e-05,3.1815733529398224e+16
7,2008-01-01,all,Water,0.06709844845204231,8,1.0447240412329053e-22,0.4972300550507498,1.8140737127192441e-06,2.5638923418253362e-05,6473057.6121857595
8,2003-01-01,3y,Arps,0.026434511162742678,8,0.11017482508941612,4.708519210291917e-06,2.8389493320332637e-06,5.8167905593515643e-05,6371185850953144.0
8,2003-01-01,3y,Water,0.03505929341359097,8,1.074659029643685,641.3244935058865,0.0016095998433302838,0.021483531830268472,24794445.65395242
8,2003-01-01,5y,Arps,0.02814796699052029,8,0.4494717664383643,1.0172036734534817e-05,9.801389982995256e-07,0.00015803638233580875,9664057162354208.0
8,2003-01-01,5y,Water,0.11316501193865763,8,3.831914443418255e-23,4.466637619771063e-06,2.5386599766807905e-10,1.4962651894678015e-10,48996353.349068806
8,2003-01-01,all,Arps,0.02814796699052029,8,0.4494717664383643,1.0172036734534817e-05,9.801389982995256e-07,0.00015803638233580875,9664057162354208.0
8,2003-01-01,all,Water,0.11316501193865763,8,3.831914443418255e-23,4.466637619771063e-06,2.5386599766807905e-10,1.4962651894678015e-10,48996353.349068806
8,2008-01-01,3y,Arps,0.013557383060545804,8,0.00026183429963566596,3.442296914180076e-08,7.127631818093505e-14,1.5535166885630286e-07,24225.765565986538
8,2008-01-01,3y,Water,0.0008751433783013095,8,3.3569703191460576e-05,0.00674160123890033,1.0191854031560421e-07,5.124278841696844e-07,3305745.338853699
8,2008-01-01,5y,Arps,0.012405737268200283,8,0.007307471832973533,1.076221746665329e-06,7.539762160724273e-06,4.173560053260834e-06,66166.32244054883
8,2008-01-01,5y,Water,0.008935258184030473,8,2.3182333279692102e-05,0.0004799493763130158,2.5650800754284386e-10,1.1660213860622606e-08,505440174.84746253
8,2008-01-01,all,Arps,0.07880781842072068,8,0.30813427438988583,2.651834501293804e-06,4.349145186447994e-07,1.680666959524104e-05,3.181573347694763e+16
8,2008-01-01,all,Water,0.07250167625684818,8,1.2992550552784352e-12,0.23574093653223827,2.7300625721482508e-06,1.7182112902987055e-05,953559.675539235
9,2003-01-01,3y,Arps,0.03354995939868646,8,0.1381139323930256,4.3024855271855955e-06,1.2715454441118453e-06,3.600391576082559e-05,6371185862630796.0
9,2003-01-01,3y,Water,0.03278264258258304,8,0.00018060956782051107,3.164313966408372e-08,2.963652365184366e-09,9.4126856553056e-13,24945726.227671605
9,2003-01-01,5y,Arps,0.03566901098607084,8,0.6549976726309978,1.456280660171172e-05,2.3872573362566766e-07,0.00015015523590407865,9664057154517300.0
9,2003-01-01,5y,Water,0.10841475546770804,8,2.2729749934618117e-22,7.593625923618674e-07,1.9357524611018917e-10,2.2588281239403084e-11,44755440.654339924
9,2003-01-01,all,Arps,0.03566901098607084,8,0.6549976726309978,1.456280660171172e-05,2.3872573362566766e-07,0.00015015523590407865,9664057154517300.0
9,2003-01-01,all,Water,0.10841475546770804,8,2.2729749934618117e-22,7.593625923618674e-07,1.9357524611018917e-10,2.2588281239403084e-11,44755440.654339924
9,2008-01-01,3y,Arps,0.02255910738543645,8,0.000688433231516683,1.092582031236855e-07,1.7030821197749901e-13,4.425678246265589e-07,20067.136176684206
9,2008-01-01,3y,Water,0.002259060419160578,8,0.002788001210319635,21.97247574854555,8.507216823099017e-06,0.0005019920238135918,841035998.8377936
9,2008-01-01,5y,Arps,0.018802868171127186,8,0.02720437398420472,4.5605707484353e-06,2.4024336685579684e-05,1.5173471701848712e-05,58145.85142343155
9,2008-01-01,5y,Water,0.013401192887614474,8,5.733995476475684e-05,6.934133125469089e-07,6.353282951815364e-10,1.5841162357455347e-11,704439063.1618571
9,2008-01-01,all,Arps,0.07491135486784639,8,0.21900324346643174,1.8764722263808764e-06,7.424806712932889e-07,1.0256196311482117e-05,3.1815733505014412e+16
9,2008-01-01,all,Water,0.07405455233725661,8,1.32710000233481e-12,0.10739601776549534,2.538099657473092e-06,9.150616114803534e-06,289624.0380323783
10,2003-01-01,3y,Arps,0.013667206854091167,8,0.06072567831870401,1.868899830455295e-06,5.389167696723741e-08,4.00209244748977e-05,6371185878953062.0
10,2003-01-01,3y,Water,0.02934835893677669,8,3.2616823777206008e-15,4.248417099006474e-06,1.3988216140958798e-10,1.9837574561155682e-10,16076323.15953794
10,2003-01-01,5y,Arps,0.016996361860866477,8,0.02073760299026617,4.7675083331144563e-07,1.2108118187790304e-06,1.348860391175888e-05,9664057154648936.0
10,2003-01-01,5y,Water,0.12780758950272586,8,9.054834940447329e-16,2.913380740210414e-05,2.686509348315269e-10,1.3603750835216685e-09,32299037.192495033
10,2003-01-01,all,Arps,0.016996361860866477,8,0.02073760299026617,4.7675083331144563e-07,1.2108118187790304e-06,1.348860391175888e-05,9664057154648936.0
10,2003-01-01,all,Water,0.12780758950272586,8,9.054834940447329e-16,2.913380740210414e-05,2.686509348315269e-10,1.3603750835216685e-09,32299037.192495033
10,2008-01-01,3y,Arps,0.014852848548178798,8,0.00011850517603306798,1.3073219867765218e-08,4.4075854077618715e-14,7.789891728787708e-08,27836.598349964297
10,2008-01-01,3y,Water,0.0015653719851768443,8,0.0031026164588183747,19.122860779571056,9.848915707247677e-06,0.0005217001369172468,565449218.1909494
10,2008-01-01,5y,Arps,0.00951029151154465,8,0.00030275773679022677,1.835907675884485e-08,1.8984813721090177e-14,6.167441434679948e-08,59275.95501004958
10,2008-01-01,5y,Water,0.011063256243789685,8,0.0035826908051603823,0.03986133496982802,3.260533654569908e-06,4.572433090001285e-06,132645.6041361292
10,2008-01-01,all,Arps,0.088065448981867,8,0.08377207285593613,7.190130940359918e-07,2.2168480528006824e-07,5.13617348389489e-06,3.181573349474979e+16
10,2008-01-01,all,Water,0.06917876537365027,8,1.5318259833540383e-18,0.42188379089930095,1.584480893691842e-06,2.2209244905555786e-05,6256809.154195116
11,2003-01-01,3y,Arps,0.012593198397664188,8,0.21317201048987044,6.550049007209013e-06,4.047676719033875e-06,0.0001786400018838521,6371185864920089.0
11,2003-01-01,3y,Water,0.04312149707029496,8,3.67122477266286e-18,3.0173760023899376e-07,2.019998612823315e-10,1.621793124696779e-11,13494209.649105994
11,2003-01-01,5y,Arps,0.015788784989666054,8,0.009267772786188289,2.1400264734600105e-07,4.0122120201185815e-07,8.171949223413906e-06,9664057170136300.0
11,2003-01-01,5y,Water,0.140222752752907,8,1.6785707500859497e-25,3.7089193938300014e-08,3.574151044571927e-10,1.9934870457653762e-12,27401964.228026133
11,2003-01-01,all,Arps,0.015788784989666054,8,0.009267772786188289,2.1400264734600105e-07,4.0122120201185815e-07,8.171949223413906e-06,9664057170136300.0
11,2003-01-01,all,Water,0.140222752752907,8,1.6785707500859497e-25,3.7089193938300014e-08,3.574151044571927e-10,1.9934870457653762e-12,27401964.228026133
11,2008-01-01,3y,Arps,0.017386039816628777,8,0.0001165490521088941,1.2055962617107951e-08,1.4432899320127035e-14,8.333634406465442e-08,30730.314051975023
11,2008-01-01,3y,Water,0.0018668776113211591,8,0.0020624420321837533,11.623105334823777,6.540495710069538e-06,0.0003316951358006773,494354086.4690591
11,2008-01-01,5y,Arps,0.012656619902771648,8,0.00042575736006256193,2.3245823876916205e-08,4.218847493575595e-15,8.722451554125427e-08,64241.158974338134
11,2008-01-01,5y,Water,0.007800670715479361,8,0.0006866907283438195,0.004072061841725372,5.404007046849735e-07,5.150420912530624e-07,56762.73679482273
11,2008-01-01,all,Arps,0.08647116349081387,8,0.20764748884539586,1.8025986192049537e-06,7.848143969226194e-07,1.4323088907054107e-05,3.181573349286865e+16
11,2008-01-01,all,Water,0.06415249739438116,8,9.667796061153066e-107,0.00039564463804708794,3.22343159109284e-10,1.1290730298995487e-08,68163809.76130259
12,2003-01-01,3y,Arps,0.015864166596001907,8,0.02060796039404522,7.550862310377882e-07,7.647294311872514e-06,2.478477991347515e-05,6371185843827818.0
12,2003-01-01,3y,Water,0.06312870660566963,8,8.844447485099395e-20,1.79850758286193e-07,3.3285041389774506e-11,1.0561485826911116e-11,13188537.07589643
12,2003-01-01,5y,Arps,0.018249465123086006,8,0.039489882372436114,9.127337825959314e-07,2.344665560897281e-06,4.6969589939066196e-05,9664057140897292.0
12,2003-01-01,5y,Water,0.15257536144919068,8,8.228602577277151e-20,2.759989001788199e-07,8.390862865637061e-10,1.6207651834554497e-11,27095707.28940401
12,2003-01-01,all,Arps,0.018249465123086006,8,0.039489882372436114,9.127337825959314e-07,2.344665560897281e-06,4.6969589939066196e-05,9664057140897292.0
12,2003-01-01,all,Water,0.15257536144919068,8,8.228602577277151e-20,2.759989001788199e-07,8.390862865637061e-10,1.6207651834554497e-11,27095707.28940401
12,2008-01-01,3y,Arps,0.0186113609171142,8,0.0001780864768079482,1.7351001996290805e-08,4.1522341120980855e-14,1.1452003846023654e-07,31784.57483538799
12,2008-01-01,3y,Water,0.0030026222233284976,8,0.00024568978642491857,0.007175131190706452,7.381864357003387e-07,8.762570344950091e-07,168426.53791152814
12,2008-01-01,5y,Arps,0.012070507232291123,8,0.00014653364269179292,7.491974152173952e-09,1.942890293094024e-14,2.7504360170380375e-08,66863.80119536063
12,2008-01-01,5y,Water,0.012363697223866096,8,0.00053262164874468,0.004764712317410158,3.8229542601020405e-07,5.768156361990754e-07,119120.31624767071
12,2008-01-01,all,Arps,0.09112757972364931,8,0.17762512429180788,1.5306753237825932e-06,5.373369626937487e-07,1.2610707897899951e-05,3.1815733506930828e+16
12,2008-01-01,all,Water,0.06478481897355474,8,3.075021703989582e-25,2.249915269203484e-06,1.2093472057106425e-11,6.73251199052498e-11,68557292.91205229
13,2003-01-01,3y,Arps,0.03738189222546254,8,0.08949477821442997,2.7214974927525226e-06,7.772062418641272e-07,2.293428648791963e-05,6371185869583316.0
13,2003-01-01,3y,Water,0.026873336104061556,8,0.00034669524272601393,9.858922567218542e-09,6.025203433401849e-09,3.313345206643304e-13,22288035.896605775
13,2003-01-01,5y,Arps,0.04103890684149794,8,0.29084972358032246,6.433624128304727e-06,6.378269057962194e-07,7.029980975123212e-05,9664057157566272.0
13,2003-01-01,5y,Water,0.11050148523042798,8,8.41958715122164e-18,1.6187223081942648e-06,2.1072058750681855e-09,5.440133811966398e-11,41790174.413742356
13,2003-01-01,all,Arps,0.04103890684149794,8,0.29084972358032246,6.433624128304727e-06,6.378269057962194e-07,7.029980975123212e-05,9664057157566272.0
13,2003-01-01,all,Water,0.11050148523042798,8,8.41958715122164e-18,1.6187223081942648e-06,2.1072058750681855e-09,5.440133811966398e-11,41790174.413742356
13,2008-01-01,3y,Arps,0.013953090160617253,8,0.0002329388707948965,3.4562607803545475e-08,9.43689570931383e-15,1.4537549257639867e-07,21357.48449179205
13,2008-01-01,3y,Water,0.0021456298190562807,8,0.0003065108285227325,1.8029173656832427,8.023049470652632e-07,4.43065716154777e-05,683496368.2836565
13,2008-01-01,5y,Arps,0.013072714749848051,8,0.012031004931486677,1.8927108648703062e-06,1.2617073551601798e-05,7.21217893569968e-06,62218.4185148796
13,2008-01-01,5y,Water,0.012590630220305057,8,6.681433751509758e-05,2.02309456653893e-06,7.74659628111074e-10,4.971741134856354e-11,568257880.2080578
13,2008-01-01,all,Arps,0.07494174955359954,8,0.18040592161560198,1.547575567334425e-06,6.205100177896215e-07,8.818116862315615e-06,3.181573351298799e+16
13,2008-01-01,all,Water,0.07134602816884868,8,5.1357773221350746e-14,0.10963900968818052,2.0379472876197458e-06,9.325823343950853e-06,449213.37944608915
14,2003-01-01,3y,Arps,0.02054622827490797,8,0.07025903463727445,2.170068384078905e-06,1.8981629018646062e-07,3.594069461232357e-05,6371185827542959.0
14,2003-01-01,3y,Water,0.029608281009173426,8,7.453106530094075e-12,4.298999556340277e-07,5.928400825805369e-11,1.654257615996059e-11,22234216.30954428
14,2003-01-01,5y,Arps,0.02221409478083316,8,0.0226154622669128,5.169841176128065e-07,3.0387449645349507e-07,1.0884356995356297e-05,9664057153184536.0
14,2003-01-01,5y,Water,0.11372511983493347,8,2.201279590730575e-26,1.6154299373738468e-06,1.8839137194692768e-10,6.216184119086849e-11,44080021.04640186
14,2003-01-01,all,Arps,0.02221409478083316,8,0.0226154622669128,5.169841176128065e-07,3.0387449645349507e-07,1.0884356995356297e-05,9664057153184536.0
14,2003-01-01,all,Water,0.11372511983493347,8,2.201279590730575e-26,1.6154299373738468e-06,1.8839137194692768e-10,6.216184119086849e-11,44080021.04640186
14,2008-01-01,3y,Arps,0.014833701943098848,8,6.655581273662392e-05,7.84364337369503e-09,0.0,4.140971105699872e-08,26802.55171439291
14,2008-01-01,3y,Water,0.0012639818133956674,8,1.2764372513629496e-05,0.0016579954954067944,3.680855738263933e-08,1.399806831336435e-07,1791781.6394441735
14,2008-01-01,5y,Arps,0.010966157957040737,8,0.00478557310270844,7.490012404742785e-07,5.207663374084959e-06,2.8082441168663724e-06,61308.84675871787
14,2008-01-01,5y,Water,0.006252642888278326,8,0.03801307223329786,79.75974769490131,3.834471914145737e-05,0.0020426224556630303,375220640.63826644
14,2008-01-01,all,Arps,0.08026976281715077,8,0.15827155657825642,1.3714468267145286e-06,6.295484164267394e-07,9.513751539605234e-06,3.1815733506472104e+16
14,2008-01-01,all,Water,0.0692690831749297,8,4.159205975610015e-18,0.33404532226632,2.2004110406259603e-06,2.0887013502370536e-05,2455360.4406161513
15,2003-01-01,3y,Arps,0.034068210479697526,8,0.2047495184760919,6.340852507280559e-06,1.2915927922050952e-07,5.089938863224766e-05,6371185871997345.0
15,2003-01-01,3y,Water,0.03127947488708735,8,0.0003938377338670307,7.275957614183426e-11,5.890049614709625e-09,2.1396713396195987e-15,25101925.968103684
15,2003-01-01,5y,Arps,0.03669556316261663,8,0.5084938460313424,1.1273583342796822e-05,8.859244812561801e-07,0.00011180846577202704,9664057173044748.0
15,2003-01-01,5y,Water,0.10802068823371393,8,1.6755451297946355e-26,3.3435208024457097e-07,1.2650649902634648e-09,9.832431706954017e-12,44912928.086340494
15,2003-01-01,all,Arps,0.03669556316261663,8,0.5084938460313424,1.1273583342796822e-05,8.859244812561801e-07,0.00011180846577202704,9664057173044748.0
15,2003-01-01,all,Water,0.10802068823371393,8,1.6755451297946355e-26,3.3435208024457097e-07,1.2650649902634648e-09,9.832431706954017e-12,44912928.086340494
15,2008-01-01,3y,Arps,0.02451295552764249,8,0.0005740494807469076,9.323038954733853e-08,3.219646771412954e-15,3.7734311776557294e-07,19649.732579885327
15,2008-01-01,3y,Water,0.0029308289220625265,8,0.0004295130474929465,1.5935824263142422,1.2116642936002564e-06,4.654751113234278e-05,296711994.92357755
15,2008-01-01,5y,Arps,0.02048595653850236,8,0.033214577908438514,5.676576426527635e-06,2.8773348236921237e-05,1.8475406344907228e-05,57053.8001839925
15,2008-01-01,5y,Water,0.014813819360041365,8,3.386717799003236e-05,9.288778528571129e-07,3.459858597537613e-10,2.1025816241434937e-11,688228986.7883985
15,2008-01-01,all,Arps,0.0746237544391131,8,0.08497971066026366,7.274447438310183e-07,3.9672762057788757e-07,3.9151861476456755e-06,3.1815733527954936e+16
15,2008-01-01,all,Water,0.07360772768759738,8,1.2649502037182432e-14,0.11029425847482344,2.6230985380737426e-06,9.357373982979578e-06,285422.34172257653
16,2003-01-01,3y,Arps,0.020840836186500896,8,0.08195219107983576,2.515012351073098e-06,6.611495649929396e-07,4.0031758177443696e-05,6371185853245704.0
16,2003-01-01,3y,Water,0.0275244415715867,8,3.939793746736938e-14,1.2635064194910228e-06,9.482986618181144e-11,5.081559392940759e-11,20478486.04834527
16,2003-01-01,5y,Arps,0.02368034908999795,8,0.06571058824192733,1.497956846327475e-06,5.78072861729473e-07,3.12963346096067e-05,9664057153136564.0
16,2003-01-01,5y,Water,0.11881319318545085,8,4.015521251961305e-23,6.759510142728686e-07,2.311957521261565e-09,2.7185340515562286e-11,40821057.68339755
16,2003-01-01,all,Arps,0.02368034908999795,8,0.06571058824192733,1.497956846327475e-06,5.78072861729473e-07,3.12963346096067e-05,9664057153136564.0
16,2003-01-01,all,Water,0.11881319318545085,8,4.015521251961305e-23,6.759510142728686e-07,2.311957521261565e-09,2.7185340515562286e-11,40821057.68339755
16,2008-01-01,3y,Arps,0.012525339858208119,8,0.00020114434209972387,2.4728484371294712e-08,1.390443316040546e-12,1.2855763989251983e-07,25721.3530189424
16,2008-01-01,3y,Water,0.0010497599089378448,8,4.121466463402612e-05,0.02924701780284522,1.2937223027587041e-07,1.69647052711149e-06,21722145.725710124
16,2008-01-01,5y,Arps,0.007432340133562368,8,0.0024269923305837438,4.2151846979532337e-07,2.2780416081280563e-06,1.3516856486660027e-06,55494.59349887404
16,2008-01-01,5y,Water,0.00814371683287823,8,0.0002773288169919397,0.047454837473196676,2.88630857187e-07,3.0967489608545534e-06,8080771.728251293
16,2008-01-01,all,Arps,0.08616687848933925,8,0.18353502904210472,1.5678567996113557e-06,2.5403423290519923e-07,1.037338687545321e-05,3.1815733502683856e+16
16,2008-01-01,all,Water,0.07242490931965513,8,7.1677588615558076e-12,0.3208173318525951,2.2590451451282023e-06,2.0869943365056444e-05,2240736.2401628215
17,2003-01-01,3y,Arps,0.014633748743018513,8,0.02228277933318168,6.813717069384384e-07,9.080006567603301e-07,2.3124770488791293e-05,6371185862536428.0
17,2003-01-01,3y,Water,0.05875500903998019,8,1.8063256362804e-16,1.6584708646405488e-06,6.892692389071087e-10,9.863523851040315e-11,12665040.874302568
17,2003-01-01,5y,Arps,0.01703802863132422,8,0.02044185432168888,4.73421907669358e-07,5.837787417243488e-08,2.4831445798751175e-05,9664057134721982.0
17,2003-01-01,5y,Water,0.150655039317886,8,5.7742592145922424e-30,6.037444109097123e-07,3.154302513630469e-10,3.590685566988037e-11,25968336.879852027
17,2003-01-01,all,Arps,0.01703802863132422,8,0.02044185432168888,4.73421907669358e-07,5.837787417243488e-08,2.4831445798751175e-05,9664057134721982.0
17,2003-01-01,all,Water,0.150655039317886,8,5.7742592145922424e-30,6.037444109097123e-07,3.154302513630469e-10,3.590685566988037e-11,25968336.879852027
17,2008-01-01,3y,Arps,0.02132440437605404,8,0.00027052413315686863,2.6782982415207712e-08,3.963496197911809e-14,1.7527869676661127e-07,31748.948842464197
17,2008-01-01,3y,Water,0.002790089598494109,8,0.00016574590063100914,0.009793060464289738,5.311909141436644e-07,1.1138301130306229e-06,475381.6000807241
17,2008-01-01,5y,Arps,0.013015641753690535,8,0.00013088600644550752,6.803390406595611e-09,5.995204332975845e-15,2.474745993492944e-08,66883.94492742748
17,2008-01-01,5y,Water,0.01210733869263218,8,0.0008297487474919762,0.006098453680351668,6.227738483799428e-07,7.817674326357998e-07,83512.19121742067
17,2008-01-01,all,Arps,0.09175900981885765,8,0.31885898368273047,2.747216368531591e-06,8.93976524279909e-07,2.2621225539881834e-05,3.1815733519066024e+16
17,2008-01-01,all,Water,0.06443067612986753,8,2.5273403764704067e-35,1.5361656551249325e-06,3.915681667798765e-11,4.693488642365033e-11,66109400.68864986
18,2003-01-01,3y,Arps,0.029542833910461173,8,0.062272166594993905,2.666867439576892e-06,2.3179649671030036e-06,3.0741117677370726e-05,6371185834604840.0
18,2003-01-01,3y,Water,0.035877846590831305,8,0.004179765740977892,9.434952517040074e-07,6.932385937519214e-08,3.13378410751517e-11,24148105.35196996
18,2003-01-01,5y,Arps,0.030878660807918675,8,0.1731123106637824,3.905330535167173e-06,9.368762383590648e-07,5.671777523197697e-05,9664057216239240.0
18,2003-01-01,5y,Water,0.11347035671699937,8,3.502993943394697e-26,3.1461240723729134e-08,3.739357087861883e-10,1.0449733160253945e-12,47509041.66115245
18,2003-01-01,all,Arps,0.030878660807918675,8,0.1731123106637824,3.905330535167173e-06,9.368762383590648e-07,5.671777523197697e-05,9664057216239240.0
18,2003-01-01,all,Water,0.11347035671699937,8,3.502993943394697e-26,3.1461240723729134e-08,3.739357087861883e-10,1.0449733160253945e-12,47509041.66115245
18,2008-01-01,3y,Arps,0.014210607125309508,8,0.00024252984894701513,3.247101917902562e-08,8.326672684688674e-15,1.489115835947582e-07,23366.055623189764
18,2008-01-01,3y,Water,0.0007134671117528503,8,1.741095275065163e-05,0.003297611599919037,5.564590743745157e-08,2.60785321632971e-07,2855179.9861587863
18,2008-01-01,5y,Arps,0.011030110253937339,8,0.008301003763335757,1.3267903457570007e-06,8.149187786909984e-06,4.732881869351968e-06,60721.91133760359
18,2008-01-01,5y,Water,0.010778752309406158,8,0.00010975076293107122,0.28599700493214186,1.0858149137801809e-07,7.0471330699321795e-06,583752538.6257863
18,2008-01-01,all,Arps,0.07979142977797384,8,0.1223692233543261,1.0497677593035437e-06,7.475157655423454e-07,6.43495753981412e-06,3.1815733468040944e+16
18,2008-01-01,all,Water,0.07556177274500389,8,8.471223201734017e-14,0.16768298954411875,2.517758630846134e-06,1.3325519705040735e-05,629966.8821972203
19,2003-01-01,3y,Arps,0.012461553792983948,8,0.0830616857183486,2.5616518034288216e-06,4.054593447532e-08,6.06044752438896e-05,6371185829914701.0
19,2003-01-01,3y,Water,0.02778568949208927,8,2.4601045474518953e-18,2.6070483727380633e-07,5.5388041375614705e-11,1.2734883906022596e-11,14991131.273152374
19,2003-01-01,5y,Arps,0.015385094828545404,8,0.01249859393647057,3.9298356820788305e-07,2.020292978002062e-06,1.2198955652909686e-05,9664057199342860.0
19,2003-01-01,5y,Water,0.12743243479097482,8,8.08506370303706e-17,3.7678400985896587e-06,2.2770714341868725e-09,1.8405107758549614e-10,30098625.515481427
19,2003-01-01,all,Arps,0.015385094828545404,8,0.01249859393647057,3.9298356820788305e-07,2.020292978002062e-06,1.2198955652909686e-05,9664057199342860.0
19,2003-01-01,all,Water,0.12743243479097482,8,8.08506370303706e-17,3.7678400985896587e-06,2.2770714341868725e-09,1.8405107758549614e-10,30098625.515481427
19,2008-01-01,3y,Arps,0.016077674655696504,8,0.00023790684463165235,2.5437568357267182e-08,5.88418203051333e-15,1.6254664355939195e-07,29473.253797114212
19,2008-01-01,3y,Water,0.0017765271628577303,8,0.0014016307695783325,7.873564801077009,4.2816008467977396e-06,0.0002156808724175597,507936992.8070315
19,2008-01-01,5y,Arps,0.011994647869610048,8,0.0002724704008869594,1.5572463762936195e-08,5.329070518200751e-15,5.815550204609294e-08,61706.47829101469
19,2008-01-01,5y,Water,0.011257515205091091,8,0.0021681975886167493,0.023621207878022688,1.8651905376032563e-06,2.702918402074852e-06,135700.96274341375
19,2008-01-01,all,Arps,0.08339100337459622,8,1.534467583122023,1.3349162393400116e-05,7.942467135862335e-07,0.00010160021234421752,3.181573351583211e+16
19,2008-01-01,all,Water,0.0655385456750597,8,1.0228959139175922e-16,0.36390840269086766,9.609361269133365e-07,1.6727808487470915e-05,10965287.679163657
20,2003-01-01,3y,Arps,0.012770436083570024,8,0.046403096965150326,1.4222300263530552e-06,3.075383075279441e-06,3.929659852275627e-05,6371185825216571.0
20,2003-01-01,3y,Water,0.04425287486273963,8,1.9037913459793454e-16,1.3693716027773917e-06,4.358915867141988e-10,7.407547999446142e-11,13457195.001864739
20,2003-01-01,5y,Arps,0.015912170691597144,8,0.007894615169789176,2.522662254401953e-07,1.1687200674237236e-06,9.819788309269221e-06,9664057188627264.0
20,2003-01-01,5y,Water,0.1409875589282049,8,2.981116574480236e-24,1.677472027949989e-08,3.9154414432918117e-10,9.074202020505277e-13,27347317.996803783
20,2003-01-01,all,Arps,0.015912170691597144,8,0.007894615169789176,2.522662254401953e-07,1.1687200674237236e-06,9.819788309269221e-06,9664057188627264.0
20,2003-01-01,all,Water,0.1409875589282049,8,2.981116574480236e-24,1.677472027949989e-08,3.9154414432918117e-10,9.074202020505277e-13,27347317.996803783
20,2008-01-01,3y,Arps,0.01741913135514213,8,0.0002857218078133883,2.931455306276476e-08,5.218048215738236e-15,2.0372347204486696e-07,30900.27959877331
20,2008-01-01,3y,Water,0.0019083255949230728,8,0.0038663744926452637,21.65111342023738,1.2334110901963957e-05,0.0006211957286332839,485100863.50546706
20,2008-01-01,5y,Arps,0.012557697731932185,8,0.0006268232536967844,3.431350870108929e-08,1.509903313490213e-14,1.2939992961769183e-07,64556.0525600806
20,2008-01-01,5y,Water,0.007670896274045634,8,0.0005907188719902479,0.0036475188435360906,4.635277326969778e-07,4.6086629766737957e-07,60587.74613761775
20,2008-01-01,all,Arps,0.08643573019899468,8,0.51522117145214,4.47430028596707e-06,2.570171871335695e-07,3.577730925111726e-05,3.1815733518161604e+16
20,2008-01-01,all,Water,0.06387702996861101,8,8.54963113264797e-57,2.3359156330116093e-05,1.5307505263351118e-11,6.701960462861735e-10,68072447.73805872
21,2003-01-01,3y,Arps,0.018704490800273907,8,0.0578012793794187,1.7851022261136662e-06,1.2152525560197082e-06,3.132662068419445e-05,6371185834611783.0
21,2003-01-01,3y,Water,0.027329667279640757,8,1.2392957993898981e-11,1.7540151020511985e-07,7.424064141225983e-11,7.012782069555818e-12,20909593.01981429
21,2003-01-01,5y,Arps,0.020663737337146732,8,0.0947265460545168,2.169170960936162e-06,7.896193737816292e-07,4.855093850298617e-05,9664057139295664.0
21,2003-01-01,5y,Water,0.11516870182447557,8,6.905150149592072e-27,1.533044269308448e-08,2.065210086277247e-10,6.129311743706782e-13,41522954.82486804
21,2003-01-01,all,Arps,0.020663737337146732,8,0.0947265460545168,2.169170960936162e-06,7.896193737816292e-07,4.855093850298617e-05,9664057139295664.0
21,2003-01-01,all,Water,0.11516870182447557,8,6.905150149592072e-27,1.533044269308448e-08,2.065210086277247e-10,6.129311743706782e-13,41522954.82486804
21,2008-01-01,3y,Arps,0.01464093517323885,8,0.0002259122838950134,2.6309888628839317e-08,8.104628079763643e-15,1.4357769910921313e-07,26878.982422639732
21,2008-01-01,3y,Water,0.001018722590255279,8,3.1430640774487983e-05,0.007695757809415227,9.543424236979625e-08,5.818456206258379e-07,4476524.414222924
21,2008-01-01,5y,Arps,0.01086712888530881,8,0.0057456373288005125,9.363480806268143e-07,5.890352572479607e-06,3.2885074194445282e-06,58817.42247851502
21,2008-01-01,5y,Water,0.006939407202713737,8,0.0001389673834637506,0.021117593278177083,1.3939710181293252e-07,1.3907187759660651e-06,6931875.6075978
21,2008-01-01,all,Arps,0.08248150028823936,8,0.09747528056323063,8.418605844384697e-07,6.670322301800772e-07,5.846646320000043e-06,3.181573348815813e+16
21,2008-01-01,all,Water,0.06979861842100282,8,5.812584213686172e-19,0.3371665188387851,2.1284022600764896e-06,2.0965812516587706e-05,2654998.9656450497
22,2003-01-01,3y,Arps,0.028133042434401328,8,0.06200188273760432,2.681155108777422e-06,1.2338653166929993e-06,3.2976423683224644e-05,6371185839211427.0
22,2003-01-01,3y,Water,0.032009980952625645,8,2.689362927483442e-10,5.3641888371203095e-06,1.5231171879293015e-10,1.8696430109236447e-10,24017809.2484734
22,2003-01-01,5y,Arps,0.030180795080157127,8,0.4731739039743843,1.6088931744123736e-05,1.282256302242521e-06,0.00025477045682314304,9664057159221448.0
22,2003-01-01,5y,Water,0.1139655328764209,8,3.480490068738798e-29,6.827700417488813e-06,1.5722193685840935e-10,2.3797376926593464e-10,47557691.961024106
22,2003-01-01,all,Arps,0.030180795080157127,8,0.4731739039743843,1.6088931744123736e-05,1.282256302242521e-06,0.00025477045682314304,9664057159221448.0
22,2003-01-01,all,Water,0.1139655328764209,8,3.480490068738798e-29,6.827700417488813e-06,1.5722193685840935e-10,2.3797376926593464e-10,47557691.961024106
22,2008-01-01,3y,Arps,0.014270133257551635,8,0.00035798824956145836,4.745912079995307e-08,5.362377208939506e-14,2.2406037063081164e-07,23928.01937340187
22,2008-01-01,3y,Water,0.0008726632132439198,8,1.3486657735484187e-05,0.0027997108136332827,4.230030282992292e-08,2.189552345908985e-07,3337232.5187354092
22,2008-01-01,5y,Arps,0.010317140372565698,8,0.005305552587742568,8.628009683930848e-07,5.267248555207438e-06,3.0443704656495052e-06,59464.376418806656
22,2008-01-01,5y,Water,0.009615618348852823,8,4.040271960548125e-05,0.0021476401743711904,1.0979238906916322e-09,5.439613551438208e-08,523062809.9515345
22,2008-01-01,all,Arps,0.08188061171966796,8,0.09788335962002748,8.375294328899496e-07,5.686203578412583e-07,5.218543681458907e-06,3.1815733526097216e+16
22,2008-01-01,all,Water,0.07461975745092217,8,1.7300236559983526e-13,0.2635920064349193,3.2805626826726275e-06,2.0231016758051313e-05,870570.3981767788
23,2003-01-01,3y,Arps,0.03490940493445492,8,0.11703751810273388,3.6407682463268642e-06,9.690880557490055e-07,2.4453436454004344e-05,6371185857989312.0
23,2003-01-01,3y,Water,0.03083574364341825,8,0.000123200117172928,1.964508555829525e-09,1.7638984023404802e-09,5.563159684240787e-14,25307879.273443423
23,2003-01-01,5y,Arps,0.03902583207404317,8,0.18939921165292617,4.156936344132389e-06,5.798527572302195e-07,3.413180450043576e-05,9664057163726644.0
23,2003-01-01,5y,Water,0.10161039684868656,8,1.3529510985437583e-20,1.7111233319155872e-06,1.2344304259337413e-09,4.845615106449487e-11,41635648.57842903
23,2003-01-01,all,Arps,0.03902583207404317,8,0.18939921165292617,4.156936344132389e-06,5.798527572302195e-07,3.413180450043576e-05,9664057163726644.0
23,2003-01-01,all,Water,0.10161039684868656,8,1.3529510985437583e-20,1.7111233319155872e-06,1.2344304259337413e-09,4.845615106449487e-11,41635648.57842903
23,2008-01-01,3y,Arps,0.028106708592172375,8,0.000900689748050354,1.6590085527568021e-07,4.551914400963142e-15,6.194912784594515e-07,17334.033855263715
23,2008-01-01,3y,Water,0.0018651393890109888,8,0.00020112647052883403,0.005992755983243114,5.374048978046275e-07,5.491639393404747e-07,195716.58368466794
23,2008-01-01,5y,Arps,0.024391939366307295,8,0.02422142140858341,4.388947382916175e-06,1.860096150763102e-05,1.30274678966444e-05,54004.171241812975
23,2008-01-01,5y,Water,0.015681019251402514,8,3.039068451471394e-05,1.5915429685264826e-07,2.974393457227942e-10,3.465129547463998e-12,676285144.8197124
23,2008-01-01,all,Arps,0.07275600034653508,8,0.44444424632092705,3.7892192999433583e-06,8.321375222635056e-07,1.871820021131233e-05,3.181573350032497e+16
23,2008-01-01,all,Water,0.07018611728563315,8,4.1784799954267556e-14,0.04743642058929254,1.3465410599600158e-06,4.073821435402531e-06,210506.55065425782
24,2003-01-01,3y,Arps,0.012300116308037535,8,0.015086370323842857,6.637096092235173e-07,2.6990017401617213e-06,1.6240523041879563e-05,6371185836943394.0
24,2003-01-01,3y,Water,0.0336133117623182,8,2.8085388340427145e-18,2.933451469289139e-06,5.902477118180371e-11,1.480135852192498e-10,14349992.25314874
24,2003-01-01,5y,Arps,0.015566608572547111,8,0.14303787794779055,3.297032241725978e-06,4.835592039595005e-07,0.00010828015003355891,9664057153192956.0
24,2003-01-01,5y,Water,0.13293701515662715,8,1.899840805264796e-27,8.488990715704858e-06,2.9466973999747736e-10,4.2833023279183833e-10,28953309.297096685
24,2003-01-01,all,Arps,0.015566608572547111,8,0.14303787794779055,3.297032241725978e-06,4.835592039595005e-07,0.00010828015003355891,9664057153192956.0
24,2003-01-01,all,Water,0.13293701515662715,8,1.899840805264796e-27,8.488990715704858e-06,2.9466973999747736e-10,4.2833023279183833e-10,28953309.297096685
24,2008-01-01,3y,Arps,0.016148800419690003,8,0.00017467687030148227,1.8378009003505724e-08,3.375077994860476e-14,1.2082243032134156e-07,29827.061936226717
24,2008-01-01,3y,Water,0.0019694659173046685,8,0.00012489343043853296,0.5622497699368978,3.063016864313095e-07,1.5579072956427728e-05,513818535.51085603
24,2008-01-01,5y,Arps,0.01226569350211845,8,0.00041319125739391893,2.324997872005241e-08,1.1879386363489175e-14,8.654728977393654e-08,62445.27335645981
24,2008-01-01,5y,Water,0.00984810921300113,8,0.0021462726317622582,0.016199812858758378,1.7824168477842406e-06,1.9562051117906087e-06,78677.37916701371
24,2008-01-01,all,Arps,0.08455706982132333,8,0.13839108412867063,1.2023886969692033e-06,5.245822672927398e-07,9.25736351879159e-06,3.1815733523789412e+16
24,2008-01-01,all,Water,0.06527910895429706,8,6.879959036277377e-30,0.6664778555095836,1.2797215369064752e-06,2.70047561154874e-05,18181106.15742959
25,2003-01-01,3y,Arps,0.02945548162052808,8,0.08113089141988894,3.3318073645038915e-06,1.6430158681390478e-06,3.0759428319769987e-05,6371185843980323.0
25,2003-01-01,3y,Water,0.033488263703558264,8,0.0007251848847431575,1.8699211068451405e-09,1.1122204296443172e-08,5.5626465095001204e-14,25711372.671459794
25,2003-01-01,5y,Arps,0.031625945568651635,8,0.25757772555698466,6.161206566213107e-06,1.1400446799425432e-06,6.947723592995632e-05,9664057193082352.0
25,2003-01-01,5y,Water,0.1094560094449253,8,5.558196393656102e-30,2.5318877305835485e-07,7.971807242102003e-11,7.531866662941059e-12,47332131.56335203
25,2003-01-01,all,Arps,0.031625945568651635,8,0.25757772555698466,6.161206566213107e-06,1.1400446799425432e-06,6.947723592995632e-05,9664057193082352.0
25,2003-01-01,all,Water,0.1094560094449253,8,5.558196393656102e-30,2.5318877305835485e-07,7.971807242102003e-11,7.531866662941059e-12,47332131.56335203
25,2008-01-01,3y,Arps,0.024230232372354252,8,0.0001659988920437172,2.5303982270630243e-08,3.3306690738754696e-16,1.064120582373003e-07,20909.502443416874
25,2008-01-01,3y,Water,0.0011413283130419687,8,0.0036327405605334206,29.518428790179314,1.1139098693987298e-05,0.0006730967267260696,884715388.0409318
25,2008-01-01,5y,Arps,0.01834261025273804,8,0.024009545495573548,4.0467804614530145e-06,2.0587591205489808e-05,1.3088091269162742e-05,57722.94767704071
25,2008-01-01,5y,Water,0.01212630765994269,8,2.2850459572509862e-05,2.421948011033237e-07,2.498768969516618e-10,5.522656378426989e-12,693358198.3960665
25,2008-01-01,all,Arps,0.07594701165079819,8,0.18433734064456075,1.5810601187715712e-06,1.9045288404817573e-07,8.921234593941273e-06,3.1815733524697504e+16
25,2008-01-01,all,Water,0.07421947317080646,8,2.297021987822134e-12,0.106428972852882,2.213893752101015e-06,8.764453064363705e-06,355319.2244931043
26,2003-01-01,3y,Arps,0.014231702466708549,8,0.0393289289168024,1.3565311684643477e-06,2.6330756468900226e-06,3.687793313981326e-05,6371185839249602.0
26,2003-01-01,3y,Water,0.04271887006196019,8,1.4779009948888927e-18,8.83781467564404e-07,2.4734625458933124e-10,4.795296874343951e-11,13440417.741215944
26,2003-01-01,5y,Arps,0.016959484351253294,8,0.08925715652185318,2.059630878667451e-06,8.274552995888504e-07,7.910728219377936e-05,9664057154717784.0
26,2003-01-01,5y,Water,0.13977814434903904,8,1.218622641886597e-23,1.714215613901615e-08,5.267883004811402e-10,9.30113730257225e-13,27284772.288194202
26,2003-01-01,all,Arps,0.016959484351253294,8,0.08925715652185318,2.059630878667451e-06,8.274552995888504e-07,7.910728219377936e-05,9664057154717784.0
26,2003-01-01,all,Water,0.13977814434903904,8,1.218622641886597e-23,1.714215613901615e-08,5.267883004811402e-10,9.30113730257225e-13,27284772.288194202
26,2008-01-01,3y,Arps,0.018284458719191,8,0.0002924368072854122,3.090886527279402e-08,7.66053886991358e-15,2.0708389330766842e-07,29676.948682158
26,2008-01-01,3y,Water,0.0018195431871754614,8,0.001065246103280515,6.40116561693867,3.5580375089012267e-06,0.0001879204318244121,521857618.8746743
26,2008-01-01,5y,Arps,0.012338657604997576,8,0.00034688344931055326,1.975040475610257e-08,3.885780586188048e-14,6.906558166412805e-08,62727.607729949115
26,2008-01-01,5y,Water,0.007566671551020504,8,0.0010064865214189922,0.0055359528569169925,8.386379594660376e-07,7.293252765264578e-07,47546.69152849764
26,2008-01-01,all,Arps,0.0913878152223,8,0.19945401321456302,1.7127734188437937e-06,2.6567548203797805e-07,1.3044813116930774e-05,3.1815733496597616e+16
26,2008-01-01,all,Water,0.06568519684780723,8,1.1794072092782272e-37,0.9680868724535685,1.1752541168794095e-06,3.314242902379109e-05,38561767.5205296
27,2003-01-01,3y,Arps,0.015326254105861517,8,0.042196455066005,1.3023451644472717e-06,2.8375609897738404e-08,2.5137707524364332e-05,6371185869671972.0
27,2003-01-01,3y,Water,0.024438142121281484,8,4.349327019073811e-18,1.0550138540565968e-09,6.562417276256838e-12,4.551883740208548e-14,18148911.79913935
27,2003-01-01,5y,Arps,0.018113254454843786,8,0.04241769243890303,1.272256825904372e-06,1.6669193357263583e-06,3.161619998287907e-05,9664057174700588.0
27,2003-01-01,5y,Water,0.12018709946074209,8,4.430848354569289e-27,2.285801019752398e-05,1.1838328928259756e-10,9.862145843067603e-10,36215422.384243384
27,2003-01-01,all,Arps,0.018113254454843786,8,0.04241769243890303,1.272256825904372e-06,1.6669193357263583e-06,3.161619998287907e-05,9664057174700588.0
27,2003-01-01,all,Water,0.12018709946074209,8,4.430848354569289e-27,2.285801019752398e-05,1.1838328928259756e-10,9.862145843067603e-10,36215422.384243384
27,2008-01-01,3y,Arps,0.013965295461922333,8,0.00022118793458503205,2.4825888567114873e-08,3.574918139293004e-14,1.3868424627659262e-07,27837.284350276634
27,2008-01-01,3y,Water,0.0017371861668857326,8,5.873026930203196e-05,0.040541688631492434,1.7361600440635172e-07,2.293794654284301e-06,22164950.346574888
27,2008-01-01,5y,Arps,0.010040498504486023,8,4.3563228246057406e-05,2.418631572798091e-09,2.2648549702353193e-14,8.588036316126801e-09,58875.690070503275
27,2008-01-01,5y,Water,0.009995215500502317,8,0.0011551114430403686,0.04862204620076227,1.0686474132826085e-06,4.300763754404098e-06,1051180.6569463422
27,2008-01-01,all,Arps,0.08208429829849233,8,0.07412177986770985,6.421222520647252e-07,2.584390195459842e-07,4.611212378617738e-06,3.1815733511139456e+16
27,2008-01-01,all,Water,0.06805497523035159,8,3.02918082652045e-16,0.4791096678673057,2.2144058886841567e-06,2.6762905444663906e-05,4399477.637712231
28,2003-01-01,3y,Arps,0.03629326277924427,8,0.06199850994198641,2.526970552668706e-06,2.064763494998121e-06,2.0719651416815078e-05,6371185839203911.0
28,2003-01-01,3y,Water,0.028703810924755675,8,0.0003518497809409382,8.618371794000268e-09,5.542976924677312e-09,2.690458808828082e-13,23854669.924552098
28,2003-01-01,5y,Arps,0.039333465911043274,8,0.09032366499741329,1.9996858349885516e-06,8.115833058852196e-07,2.077519403989638e-05,9664057137560068.0
28,2003-01-01,5y,Water,0.10936263689442877,8,2.0007424651799278e-20,3.5199991543777287e-07,1.538782545829065e-09,1.0988633303748346e-11,43849713.895435356
28,2003-01-01,all,Arps,0.039333465911043274,8,0.09032366499741329,1.9996858349885516e-06,8.115833058852196e-07,2.077519403989638e-05,9664057137560068.0
28,2003-01-01,all,Water,0.10936263689442877,8,2.0007424651799278e-20,3.5199991543777287e-07,1.538782545829065e-09,1.0988633303748346e-11,43849713.895435356
28,2008-01-01,3y,Arps,0.020227984766589217,8,0.0001307764796365518,2.0140562856374444e-08,8.881784197001252e-16,8.132949359252725e-08,20388.47805997636
28,2008-01-01,3y,Water,0.0028357919432019704,8,0.00010280906280968338,0.4686684573243838,2.0173941300480336e-07,1.0980583441780142e-05,699391398.7496357
28,2008-01-01,5y,Arps,0.01765162642449313,8,0.023828034773032414,3.874534396430818e-06,2.2387447733862587e-05,1.3634115198827476e-05,60070.10324752737
28,2008-01-01,5y,Water,0.01538757856589341,8,6.110715276008705e-05,0.0010877337190322578,6.863989654437574e-10,2.5484861737064924e-08,623581083.6540661
28,2008-01-01,all,Arps,0.0755307821209752,8,0.18747712324329768,1.6032571831803288e-06,5.936746186519985e-07,8.838104605426898e-06,3.1815733533112776e+16
28,2008-01-01,all,Water,0.07238756407851141,8,6.0807686718264055e-12,0.11102264152759744,2.307837566217774e-06,9.38715311602669e-06,363405.43482143304
29,2003-01-01,3y,Arps,0.03189868187347577,8,0.033429240676923655,1.0278953887915554e-06,6.893105325680364e-07,1.0577138467099668e-05,6371185850949900.0
29,2003-01-01,3y,Water,0.032631173480596395,8,0.001657984266405066,8.72751115821302e-09,2.7017858561517727e-08,2.8292702112098987e-13,24141712.625161648
29,2003-01-01,5y,Arps,0.033917892804541994,8,0.5191885928052216,1.1641255344904677e-05,8.251522430859068e-07,0.00015211343781641534,9664057140694474.0
29,2003-01-01,5y,Water,0.11335617183780561,8,7.290152786570193e-26,6.02303771302104e-08,7.160791404281497e-11,1.952538458390589e-12,47275764.395737454
29,2003-01-01,all,Arps,0.033917892804541994,8,0.5191885928052216,1.1641255344904677e-05,8.251522430859068e-07,0.00015211343781641534,9664057140694474.0
29,2003-01-01,all,Water,0.11335617183780561,8,7.290152786570193e-26,6.02303771302104e-08,7.160791404281497e-11,1.952538458390589e-12,47275764.395737454
29,2008-01-01,3y,Arps,0.01899579313480404,8,0.0004539657547866227,6.434799670884672e-08,2.886579864025407e-15,2.8571497567377636e-07,22423.049535505015
29,2008-01-01,3y,Water,0.0013620172233116336,8,0.05720096014010778,421.0787238787743,0.0001774016899305491,0.010212674841909767,767895134.4662906
29,2008-01-01,5y,Arps,0.014396105458544358,8,0.01638477438609698,2.6679212671298913e-06,1.5983299405886164e-05,9.417933854484486e-06,59735.47339798859
29,2008-01-01,5y,Water,0.012618209983339328,8,1.8494855794415344e-05,4.1043676901608706e-08,2.0122070502892608e-10,9.944320325961975e-13,612793283.5794907
29,2008-01-01,all,Arps,0.07888685787145608,8,0.6142895184202644,5.2598441478424185e-06,4.3776904631403113e-07,3.115750241441192e-05,3.1815733506895284e+16
29,2008-01-01,all,Water,0.07508931438261104,8,4.5706213007430636e-14,0.19214774934334855,3.1999096840040764e-06,1.562022925440571e-05,529261.9460483238
30,2003-01-01,3y,Arps,0.026960321960880697,8,0.6194631511443731,1.913159577557333e-05,4.629924458884e-07,0.00022983385423591305,6371185857920177.0
30,2003-01-01,3y,Water,0.03546789825863183,8,1.528669387427384,187.81992563403765,0.0004399920006504382,0.006216848258237341,24899132.69888196
30,2003-01-01,5y,Arps,0.0287092743251115,8,0.055989548623983865,1.2657688540224088e-06,7.121111885260132e-07,1.910489124523417e-05,9664057170031948.0
30,2003-01-01,5y,Water,0.11327107943839185,8,1.2727287547951852e-22,1.3067256077192724e-07,5.313077339197392e-10,4.3252678281191815e-12,49192737.3214979
30,2003-01-01,all,Arps,0.0287092743251115,8,0.055989548623983865,1.2657688540224088e-06,7.121111885260132e-07,1.910489124523417e-05,9664057170031948.0
30,2003-01-01,all,Water,0.11327107943839185,8,1.2727287547951852e-22,1.3067256077192724e-07,5.313077339197392e-10,4.3252678281191815e-12,49192737.3214979
30,2008-01-01,3y,Arps,0.01309031523429411,8,0.0002619227670948021,3.45506388221839e-08,5.062616992290714e-14,1.5295058215576713e-07,24210.727097363077
30,2008-01-01,3y,Water,0.0008147039342404083,8,2.1764608391094953e-05,0.0028180796216474846,6.32148083740125e-08,2.286379751338156e-07,1749749.5502643029
30,2008-01-01,5y,Arps,0.012413295987609239,8,0.007725373441644479,1.112063373026606e-06,8.216426518492526e-06,4.4650506245853255e-06,67833.18755653582
30,2008-01-01,5y,Water,0.010429927629557922,8,6.041824872227153e-05,6.832291546743363e-06,6.879110996116378e-10,1.6405342234772713e-10,500800284.6066464
30,2008-01-01,all,Arps,0.07729526655626306,8,0.6542900032036414,5.644705926011184e-06,8.79010838790547e-07,3.579931578749059e-05,3.1815733502224824e+16
30,2008-01-01,all,Water,0.07184850410572984,8,1.7974466323397554e-15,0.17813171289708407,2.0537944113996343e-06,1.2882315319523728e-05,954266.6924845704
31,2003-01-01,3y,Arps,0.013650801789890102,8,0.006907793291247799,2.87117220418992e-07,2.5788411069520536e-06,9.61789603133406e-06,6371185899963884.0
31,2003-01-01,3y,Water,0.055897427826342494,8,6.614619019980338e-18,8.118004188872874e-07,8.233779491551019e-10,4.813170786121596e-11,12437475.567871137
31,2003-01-01,5y,Arps,0.016282359587354456,8,0.06065742612008762,1.4034332978876685e-06,2.4988052632976413e-07,7.143851562443015e-05,9664057159342340.0
31,2003-01-01,5y,Water,0.1495200343895933,8,6.597670784170896e-26,2.5694062060210854e-06,4.838382958172183e-10,1.5234028710469693e-10,25468992.444757074
31,2003-01-01,all,Arps,0.016282359587354456,8,0.06065742612008762,1.4034332978876685e-06,2.4988052632976413e-07,7.143851562443015e-05,9664057159342340.0
31,2003-01-01,all,Water,0.1495200343895933,8,6.597670784170896e-26,2.5694062060210854e-06,4.838382958172183e-10,1.5234028710469693e-10,25468992.444757074
31,2008-01-01,3y,Arps,0.01947252672530387,8,0.00035879128154192585,3.432922524027049e-08,8.43769498715119e-15,2.508096925708933e-07,32372.876216934987
31,2008-01-01,3y,Water,0.0022974222418182546,8,0.00015245249869622057,0.015556885236946982,4.7232231442650985e-07,1.574693892637447e-06,1145013.1006993102
31,2008-01-01,5y,Arps,0.013400310787634739,8,0.00027562388822843786,1.457337106547385e-08,1.6653345369377348e-15,5.6569873163311816e-08,67409.97773124362
31,2008-01-01,5y,Water,0.010625027005775977,8,0.0005646544627779804,0.004205130081572861,4.204576565247642e-07,5.331360844159409e-07,85896.2444062974
31,2008-01-01,all,Arps,0.08810743348196784,8,0.1290544717667217,1.1219143159768574e-06,4.730901621200579e-07,9.468074276572169e-06,3.18157335116089e+16
31,2008-01-01,all,Water,0.06312477169657317,8,8.830102052021264e-24,2.5806541088968515e-05,3.741670653867324e-10,7.78909127319581e-10,67358194.52689686
32,2003-01-01,3y,Arps,0.012838891944948921,8,0.021598789226118242,6.668952101246406e-07,1.092451438510552e-07,1.5116781850506235e-05,6371185818186886.0
32,2003-01-01,3y,Water,0.026006330199807928,8,1.0087851604765744e-13,4.051056748721749e-06,7.012462832634014e-11,1.9303803240698112e-10,15494028.962801758
32,2003-01-01,5y,Arps,0.015743439629131387,8,0.006776742950023618,1.557805180338323e-07,2.386409944178159e-07,4.60034518721779e-06,9664057145505990.0
32,2003-01-01,5y,Water,0.12559249006429363,8,1.9724022386541434e-27,3.0314913601614535e-07,3.714891796957609e-10,1.4445443836548364e-11,31059089.050649706
32,2003-01-01,all,Arps,0.015743439629131387,8,0.006776742950023618,1.557805180338323e-07,2.386409944178159e-07,4.60034518721779e-06,9664057145505990.0
32,2003-01-01,all,Water,0.12559249006429363,8,1.9724022386541434e-27,3.0314913601614535e-07,3.714891796957609e-10,1.4445443836548364e-11,31059089.050649706
32,2008-01-01,3y,Arps,0.016142693669129904,8,0.00032662612920830725,3.547762922329056e-08,5.46451772720502e-13,2.2281739988427412e-07,29139.885503496087
32,2008-01-01,3y,Water,0.0017011399658809982,8,0.0025985330030380283,14.519313799173688,7.793169095830083e-06,0.00039375054255017287,516515397.0348269
32,2008-01-01,5y,Arps,0.01178763696125826,8,0.00011834020187961869,6.675230590502679e-09,3.3306690738754696e-16,2.480036225372731e-08,61076.99540831515
32,2008-01-01,5y,Water,0.011670533418382393,8,0.002380736239501857,0.03259414093554369,2.083515797168811e-06,3.585893716382729e-06,191252.62058134488
32,2008-01-01,all,Arps,0.08286919038648827,8,0.14656659228057833,1.274959921276908e-06,7.319429626201153e-07,9.591027698695664e-06,3.1815733516739664e+16
32,2008-01-01,all,Water,0.06618084315524787,8,1.4283418105541263e-21,0.6237462233839324,1.92528214632004e-06,3.037016283423999e-05,8508618.24009486
33,2003-01-01,3y,Arps,0.03594075575085203,8,0.08863128055054403,2.729844000515236e-06,4.3425639322869627e-07,1.702316545107202e-05,6371185834568587.0
33,2003-01-01,3y,Water,0.028747845491060565,8,8.849231039675942e-05,6.991467671468854e-08,1.3154503042400734e-09,2.054969608386552e-12,24185657.210377794
33,2003-01-01,5y,Arps,0.042583011537073445,8,0.05550321923146839,1.2078894309486277e-06,4.31618792729548e-07,9.378409739100493e-06,9664057169867370.0
33,2003-01-01,5y,Water,0.1017627366559809,8,4.839797005920485e-23,5.549372872337699e-08,1.319449272063622e-10,1.6311013844483691e-12,39891731.89263761
33,2003-01-01,all,Arps,0.042583011537073445,8,0.05550321923146839,1.2078894309486277e-06,4.31618792729548e-07,9.378409739100493e-06,9664057169867370.0
33,2003-01-01,all,Water,0.1017627366559809,8,4.839797005920485e-23,5.549372872337699e-08,1.319449272063622e-10,1.6311013844483691e-12,39891731.89263761
33,2008-01-01,3y,Arps,0.03196296509591866,8,0.001525281441900006,2.881378807217949e-07,4.496403249731884e-14,1.1322366534500993e-06,16910.675729369894
33,2008-01-01,3y,Water,0.0012150757213912943,8,0.0001427359129593242,0.0024614583890070207,4.273609484073404e-07,2.4634425607800274e-07,73683.4448492736
33,2008-01-01,5y,Arps,0.028308205887666537,8,0.01617753298160096,3.0951881331842124e-06,1.2213807534355858e-05,8.76819393187093e-06,51011.46736705763
33,2008-01-01,5y,Water,0.015148969798373187,8,1.1339746379235294e-05,6.582995411008596e-07,9.211442546230852e-11,1.470301757238088e-11,613870070.5795552
33,2008-01-01,all,Arps,0.07214405984391342,8,0.37555025297479006,3.1982051265366795e-06,8.855063766745521e-07,1.552958329187892e-05,3.1815733500322296e+16
33,2008-01-01,all,Water,0.06881231007655525,8,1.9367995979662336e-11,0.04826366765337298,1.2993932473337466e-06,4.1554628945395385e-06,231504.30968927435
34,2003-01-01,3y,Arps,0.02174275952540657,8,0.10914387179400364,3.37135512665232e-06,6.462643952628366e-07,5.173600207808632e-05,6371185820547487.0
34,2003-01-01,3y,Water,0.030597273001265527,8,1.0696179053334031e-13,3.576860763132572e-08,5.203272535059256e-11,1.326087270456406e-12,23129225.45678508
34,2003-01-01,5y,Arps,0.02356473678884363,8,0.10480326600918488,2.3901928698222275e-06,1.9374116633628815e-07,4.6604827696181237e-05,9664057191639088.0
34,2003-01-01,5y,Water,0.1134994960044282,8,1.071511504205816e-24,5.715264705941081e-08,1.6121453477735415e-10,2.118880290771975e-12,45828311.49125408
34,2003-01-01,all,Arps,0.02356473678884363,8,0.10480326600918488,2.3901928698222275e-06,1.9374116633628815e-07,4.6604827696181237e-05,9664057191639088.0
34,2003-01-01,all,Water,0.1134994960044282,8,1.071511504205816e-24,5.715264705941081e-08,1.6121453477735415e-10,2.118880290771975e-12,45828311.49125408
34,2008-01-01,3y,Arps,0.013456245847657795,8,0.00018466661913407734,2.2390357318213816e-08,1.9340085088970227e-13,1.1240028254016008e-07,26252.154335921605
34,2008-01-01,3y,Water,0.001518417789858028,8,1.8548595107859e-05,0.002211236498624203,5.330739853703914e-08,1.875034956313643e-07,1565431.676688762
34,2008-01-01,5y,Arps,0.010724130745269296,8,0.0040671649203432025,6.176378039013386e-07,4.527667121556611e-06,2.407241773736787e-06,63901.16145336958
34,2008-01-01,5y,Water,0.006522960780135332,8,0.00010826207017089473,0.21082621086679865,9.695388062183619e-08,5.323857780902735e-06,404229830.3476781
34,2008-01-01,all,Arps,0.07954204521235445,8,0.26799283115542494,2.3196655717372394e-06,6.117193673630178e-07,1.578220516558789e-05,3.181573352096449e+16
34,2008-01-01,all,Water,0.07010624318273279,8,3.0757076249723677e-16,0.17858240087116428,1.34765474071874e-06,1.1607585530678342e-05,1955110.1318994376
35,2003-01-01,3y,Arps,0.013658992224732375,8,0.014684616566228215,4.4877280182611945e-07,1.4224561760078848e-06,1.4401657573673169e-05,6371185876554348.0
35,2003-01-01,3y,Water,0.05468535059626403,8,6.345629921692703e-19,9.32770490180701e-07,6.310008904275577e-10,5.4332692342989605e-11,12646145.271492882
35,2003-01-01,5y,Arps,0.016387975183577742,8,0.04326495769964822,1.0008850102362354e-06,1.9233475558499464e-06,4.8158367334202724e-05,9664057122409156.0
35,2003-01-01,5y,Water,0.1485357044743498,8,5.1621116357286555e-23,4.69735823571682e-08,4.78667404324451e-10,2.7361513098101e-12,25872814.265948117
35,2003-01-01,all,Arps,0.016387975183577742,8,0.04326495769964822,1.0008850102362354e-06,1.9233475558499464e-06,4.8158367334202724e-05,9664057122409156.0
35,2003-01-01,all,Water,0.1485357044743498,8,5.1621116357286555e-23,4.69735823571682e-08,4.78667404324451e-10,2.7361513098101e-12,25872814.265948117
35,2008-01-01,3y,Arps,0.019391654502281346,8,0.000262595454842085,2.5650431029200504e-08,4.618527782440651e-14,1.8588402619194726e-07,32089.049924117575
35,2008-01-01,3y,Water,0.002461130908653614,8,0.00010523890614422271,0.01306694642516959,3.266319664463335e-07,1.264514508785793e-06,1546008.4884451511
35,2008-01-01,5y,Arps,0.013233967474205396,8,0.0004021737422590377,2.1269191241568564e-08,4.773959005888173e-15,8.19704081887767e-08,66878.3369623682
35,2008-01-01,5y,Water,0.01001643352009614,8,0.00016956346689767088,0.0012039500716127804,1.2604002569416295e-07,1.5257110558764973e-07,80167.92194222737
35,2008-01-01,all,Arps,0.08790025686103028,8,0.39297012014503707,3.4144133898156293e-06,2.3672935271374592e-07,2.8512096914376315e-05,3.181573352610793e+16
35,2008-01-01,all,Water,0.06324304584001922,8,5.0816104519411666e-31,2.689021494006738e-05,5.614614571880505e-10,8.038546286795614e-10,67486567.57784109
36,2003-01-01,3y,Arps,0.03383955168816406,8,0.1932888131832442,7.626274432237512e-06,3.446100911249947e-06,6.452053086625144e-05,6371185867325864.0
36,2003-01-01,3y,Water,0.031698658132763305,8,0.0004670607438583829,9.572249837219715e-08,7.664488016478899e-09,2.864540803901593e-12,25004914.0849364
36,2003-01-01,5y,Arps,0.03619106803369057,8,0.11931271502908203,3.4749156795355063e-06,1.9811808993957237e-06,3.6504252115193503e-05,9664057160713680.0
36,2003-01-01,5y,Water,0.1092926368232752,8,2.0327028526690092e-23,6.345429574139416e-05,1.1091792137540857e-09,1.898899657082686e-09,45678693.10654157
36,2003-01-01,all,Arps,0.03619106803369057,8,0.11931271502908203,3.4749156795355063e-06,1.9811808993957237e-06,3.6504252115193503e-05,9664057160713680.0
36,2003-01-01,all,Water,0.1092926368232752,8,2.0327028526690092e-23,6.345429574139416e-05,1.1091792137540857e-09,1.898899657082686e-09,45678693.10654157
36,2008-01-01,3y,Arps,0.023466457518661363,8,0.0005577034553425619,8.770254211754036e-08,2.4580337765200966e-13,3.6139497787074096e-07,20272.623536806288
36,2008-01-01,3y,Water,0.002509533040810232,8,0.0004372764224171988,2.938406482404389,1.186743028144463e-06,6.733777296117541e-05,774477967.7484713
36,2008-01-01,5y,Arps,0.019286159398107728,8,0.02921713190880837,4.9062935665866725e-06,2.6119363651933014e-05,1.6387347077979527e-05,58069.60866319217
36,2008-01-01,5y,Water,0.014754378753852857,8,9.290091929869959e-05,0.32251580211595865,1.0957599700690823e-07,7.390827743084402e-06,674860700.0397217
36,2008-01-01,all,Arps,0.07552136494182361,8,0.21798961964668706,1.8663173611266348e-06,4.818055844621333e-07,1.02687350698739e-05,3.181573355183178e+16
36,2008-01-01,all,Water,0.0738707828285502,8,2.4895739287206608e-14,0.1574213262883859,3.4769146881608037e-06,1.3248196063277847e-05,324236.1816497636
37,2003-01-01,3y,Arps,0.01400541011107526,8,0.015055896139529068,6.388641696983277e-07,3.0977456419264998e-06,1.9172587575843038e-05,6371185871917567.0
37,2003-01-01,3y,Water,0.05348854672058855,8,2.324289480138026e-19,8.596289262641221e-07,4.503215716988862e-10,4.862948294200274e-11,13115067.007997531
37,2003-01-01,5y,Arps,0.01687581576102889,8,0.037590456024190644,8.682061193414359e-07,7.142171408533059e-08,3.8516716276578857e-05,9664057173213724.0
37,2003-01-01,5y,Water,0.14727948324492085,8,2.6427047586273795e-21,4.159446689300239e-07,2.0448880297396776e-09,2.353012278269316e-11,26805281.180628225
37,2003-01-01,all,Arps,0.01687581576102889,8,0.037590456024190644,8.682061193414359e-07,7.142171408533059e-08,3.8516716276578857e-05,9664057173213724.0
37,2003-01-01,all,Water,0.14727948324492085,8,2.6427047586273795e-21,4.159446689300239e-07,2.0448880297396776e-09,2.353012278269316e-11,26805281.180628225
37,2008-01-01,3y,Arps,0.019000017002176458,8,0.0004639606959244702,4.595594926826152e-08,7.549516567451064e-14,3.2719323628345676e-07,31616.696004536847
37,2008-01-01,3y,Water,0.0025284820809568496,8,7.605281280120835e-05,0.017800742771214573,2.3535188853340827e-07,1.4758663743088224e-06,4117036.460522821
37,2008-01-01,5y,Arps,0.012872183009012307,8,0.0007137307184166275,3.820278704491642e-08,1.2545520178264269e-14,1.4528261968053545e-07,66012.85764491974
37,2008-01-01,5y,Water,0.008828910264072452,8,8.554495298085385e-05,0.0005974766791041475,6.524735424173755e-08,7.526433472142806e-08,75059.20788797672
37,2008-01-01,all,Arps,0.08780702673290039,8,0.3485381192949717,3.024236852555706e-06,8.909663165173726e-07,2.4806673559982738e-05,3.181573352098581e+16
37,2008-01-01,all,Water,0.06371222292279938,8,1.5417219737309836e-26,6.140908226370811e-08,3.291610040090376e-12,1.8056913909934313e-12,67997681.25535074
38,2003-01-01,3y,Arps,0.015160435880058724,8,0.02297196417384839,7.093558822834911e-07,7.797858568715936e-07,1.3895277841667028e-05,6371185890651558.0
38,2003-01-01,3y,Water,0.024026168303214617,8,6.374094674283724e-15,2.0275292627047747e-06,9.22444204354278e-11,8.81073574374452e-11,17941207.896876525
38,2003-01-01,5y,Arps,0.017861696399203444,8,0.041835067202555365,9.604032636181814e-07,1.0176822388746748e-06,2.4183554982780237e-05,9664057177776082.0
38,2003-01-01,5y,Water,0.12009159421012906,8,4.201879351673243e-26,3.6416422517504543e-06,3.5789625429938354e-09,1.5824949185007335e-10,35796991.232460946
38,2003-01-01,all,Arps,0.017861696399203444,8,0.041835067202555365,9.604032636181814e-07,1.0176822388746748e-06,2.4183554982780237e-05,9664057177776082.0
38,2003-01-01,all,Water,0.12009159421012906,8,4.201879351673243e-26,3.6416422517504543e-06,3.5789625429938354e-09,1.5824949185007335e-10,35796991.232460946
38,2008-01-01,3y,Arps,0.016882203931356154,8,0.0002162670562029234,2.4039946616705166e-08,4.973799150320701e-14,1.43574155269329e-07,28127.90521042146
38,2008-01-01,3y,Water,0.0012381262105329914,8,0.00013771769954473712,0.35028169168072054,4.060360752553005e-07,1.2699354108829642e-05,160429668.66632903
38,2008-01-01,5y,Arps,0.011265609058391407,8,0.00014630879741162062,8.725351330340914e-09,5.773159728050814e-15,3.186545474564773e-08,59186.025338204694
38,2008-01-01,5y,Water,0.010619132695345425,8,0.0021630048349834397,0.0862305642440333,2.0063384158913733e-06,7.738373088513842e-06,963880.0963999777
38,2008-01-01,all,Arps,0.08118892281158466,8,0.07807388242872548,6.78916595081569e-07,7.866775453311507e-07,4.930938004716745e-06,3.181573350223871e+16
38,2008-01-01,all,Water,0.06806343414355812,8,1.2350627174182503e-16,0.4163673308539728,1.9160875853740933e-06,2.32535706707439e-05,4441088.9495313605
39,2003-01-01,3y,Arps,0.028058521525280575,8,0.08268584342840768,2.5578779137835905e-06,7.580509433845208e-07,2.852056628747866e-05,6371185862666090.0
39,2003-01-01,3y,Water,0.03529892663049453,8,0.0018800921641108914,5.4402335081249475e-08,3.0213617274732485e-08,1.7503416092883454e-12,24925178.59114429
39,2003-01-01,5y,Arps,0.029858378039523577,8,0.3424524081619893,7.719272491116258e-06,4.291598490698256e-07,0.00010740654521731251,9664057173107940.0
39,2003-01-01,5y,Water,0.11283094786448954,8,2.7148293944777255e-25,7.494054443668574e-07,2.0386454330223458e-10,2.411138289456866e-11,48718726.5948945
39,2003-01-01,all,Arps,0.029858378039523577,8,0.3424524081619893,7.719272491116258e-06,4.291598490698256e-07,0.00010740654521731251,9664057173107940.0
39,2003-01-01,all,Water,0.11283094786448954,8,2.7148293944777255e-25,7.494054443668574e-07,2.0386454330223458e-10,2.411138289456866e-11,48718726.5948945
39,2008-01-01,3y,Arps,0.016307480955131466,8,0.00023396796314045787,3.2093500107466255e-08,4.196643033083092e-14,1.3955963094118275e-07,23189.917805174533
39,2008-01-01,3y,Water,0.000917074151037191,8,2.859261803678237e-05,0.011762590167563758,8.889029983610852e-08,7.523634684680917e-07,9568521.490893874
39,2008-01-01,5y,Arps,0.013959106769133211,8,0.014719582477482618,2.2283569000025594e-06,1.4407231702318057e-05,8.276813031102073e-06,64482.84187623162
39,2008-01-01,5y,Water,0.009967126911287257,8,4.97579385410063e-05,4.108165740035474e-06,5.627208560232688e-10,9.782648077721396e-11,559163318.433295
39,2008-01-01,all,Arps,0.07800366068420551,8,0.8351337473286549,7.175784703328247e-06,9.176575151783249e-07,4.386198854496e-05,3.181573350596464e+16
39,2008-01-01,all,Water,0.07330542923718766,8,2.434011858154617e-13,0.12323753829514317,1.7419623572351162e-06,9.406766664071572e-06,681333.5593203412
40,2003-01-01,3y,Arps,0.012706153835739139,8,0.03730943121809105,1.144011141408774e-06,1.3273389745529043e-07,3.1063603551166406e-05,6371185843916478.0
40,2003-01-01,3y,Water,0.04305190980973533,8,2.1296633662103116e-17,8.336646715179086e-07,2.8493823966968534e-10,4.4685090342240426e-11,13576851.481716461
40,2003-01-01,5y,Arps,0.015889419226957628,8,0.011126546925879666,3.341232953854578e-07,1.5766788261446823e-06,1.2703090916545925e-05,9664057148572126.0
40,2003-01-01,5y,Water,0.14009284531999266,8,2.3725548788157545e-24,7.475537131540477e-07,1.3980730392826324e-09,4.006947439327266e-11,27568731.796371453
40,2003-01-01,all,Arps,0.015889419226957628,8,0.011126546925879666,3.341232953854578e-07,1.5766788261446823e-06,1.2703090916545925e-05,9664057148572126.0
40,2003-01-01,all,Water,0.14009284531999266,8,2.3725548788157545e-24,7.475537131540477e-07,1.3980730392826324e-09,4.006947439327266e-11,27568731.796371453
40,2008-01-01,3y,Arps,0.017202826819587284,8,0.0001195040294987848,1.2266732157817373e-08,1.8762769116165146e-14,8.470688743875279e-08,30753.63596189726
40,2008-01-01,3y,Water,0.0018731830094652609,8,0.0041413650251342915,23.53287200671184,1.3298925418920443e-05,0.0006719662382472923,490673439.5765516
40,2008-01-01,5y,Arps,0.012515390545490062,8,0.0005004648228350561,2.7844135386256852e-08,5.995204332975845e-15,1.047793545154805e-07,64268.835400054144
40,2008-01-01,5y,Water,0.0076286851138489655,8,0.00044234319602765027,0.0027456707302917494,3.494205342291501e-07,3.456914788915239e-07,60710.23327249162
40,2008-01-01,all,Arps,0.08623551319812763,8,0.060490481122542406,5.252740054584315e-07,4.60402581032193e-07,4.1779704047400885e-06,3.1815733496162416e+16
40,2008-01-01,all,Water,0.06411728001018895,8,1.482212999134906e-92,5.782903516599617,4.857003394555942e-06,0.00016590548516866253,67030947.62779784
41,2003-01-01,3y,Arps,0.036609785813563556,8,0.11529593531122373,3.5388697385285717e-06,7.379084942805579e-07,2.111736054454328e-05,6371185848635940.0
41,2003-01-01,3y,Water,0.028904082587377384,8,0.00011276026503992398,4.1130988392978907e-08,1.7774961502681208e-09,1.2266160732394037e-12,23766230.58174412
41,2003-01-01,5y,Arps,0.044360884156844395,8,0.06296672380995005,1.363758324768316e-06,7.193344369775328e-07,1.0185305245856765e-05,9664057177496600.0
41,2003-01-01,5y,Water,0.10090872979793379,8,2.566911526680487e-22,5.06428477820009e-07,1.377642236399801e-10,1.51028053326875e-11,38769455.7080147
41,2003-01-01,all,Arps,0.044360884156844395,8,0.06296672380995005,1.363758324768316e-06,7.193344369775328e-07,1.0185305245856765e-05,9664057177496600.0
41,2003-01-01,all,Water,0.10090872979793379,8,2.566911526680487e-22,5.06428477820009e-07,1.377642236399801e-10,1.51028053326875e-11,38769455.7080147
41,2008-01-01,3y,Arps,0.03379283585932444,8,0.0008786629286987591,1.6993658122355093e-07,7.216449660063518e-15,6.801383842840013e-07,16447.412236396645
41,2008-01-01,3y,Water,0.0010642764772128132,8,0.00020938007764925715,0.0034395411566947587,6.769293358077633e-07,3.4975551761991077e-07,63350.19304309554
41,2008-01-01,5y,Arps,0.03045925814563909,8,0.06282125630241353,1.2459842184342484e-05,4.621999562626211e-05,3.3989403344031585e-05,49192.243667258066
41,2008-01-01,5y,Water,0.014564955381838213,8,1.0626499715726823e-05,0.0050227316678501666,1.8896245245619836e-09,1.1292448503356037e-07,582110442.5465267
41,2008-01-01,all,Arps,0.07220096214487728,8,0.34272347508522216,2.9134338441483276e-06,3.435022915923455e-07,1.3885557656919111e-05,3.1815733527469624e+16
41,2008-01-01,all,Water,0.06743038248919563,8,1.617682477897509e-12,0.09731805509363767,2.5528654007955787e-06,8.335807888595067e-06,241530.46787405014
42,2003-01-01,3y,Arps,0.013619239445941754,8,0.057684795838213176,1.7619793935864936e-06,2.4383412812502023e-06,5.984967588719862e-05,6371185855547524.0
42,2003-01-01,3y,Water,0.05709663828266471,8,1.0414673917841834e-17,6.003501766826957e-07,6.059635293542698e-10,3.5874924510048516e-11,12347270.7212305
42,2003-01-01,5y,Arps,0.01630013036291956,8,0.00991481942946848,2.294171214667351e-07,9.446938347449442e-08,1.1951132225364118e-05,9664057176296568.0
42,2003-01-01,5y,Water,0.15059687605535013,8,6.345120473496809e-27,1.7839920474216342e-07,1.4097129019674526e-10,1.0660541549503757e-11,25310984.575850096
42,2003-01-01,all,Arps,0.01630013036291956,8,0.00991481942946848,2.294171214667351e-07,9.446938347449442e-08,1.1951132225364118e-05,9664057176296568.0
42,2003-01-01,all,Water,0.15059687605535013,8,6.345120473496809e-27,1.7839920474216342e-07,1.4097129019674526e-10,1.0660541549503757e-11,25310984.575850096
42,2008-01-01,3y,Arps,0.019572827069075486,8,0.00022933093896426726,2.1398654070914347e-08,6.328271240363392e-15,1.5686447492123472e-07,32482.2262019508
42,2008-01-01,3y,Water,0.002195215516628123,8,0.00011846847428387264,0.010427882263684296,3.666621718745322e-07,1.0882840795964151e-06,913995.7912158086
42,2008-01-01,5y,Arps,0.01354080200968207,8,0.0001469603321311297,7.603447094162163e-09,0.0,2.9553954905158998e-08,67632.62629295033
42,2008-01-01,5y,Water,0.011163602693868966,8,0.0004866993449468282,0.003707624553499045,3.607558193841065e-07,4.694324129721879e-07,89206.77274496733
42,2008-01-01,all,Arps,0.08827853004358412,8,0.3264050550860702,2.837282447876177e-06,7.824923865852335e-07,2.403972503450331e-05,3.1815733520969456e+16
42,2008-01-01,all,Water,0.06328368093444313,8,4.0491951764900214e-30,3.0501687433570623e-06,2.2849527825385962e-11,9.242781731049943e-11,67335356.27986154
43,2003-01-01,3y,Arps,0.024362120230656148,8,0.026893708682109718,8.295883781178626e-07,1.663558533137757e-06,1.1207693106695337e-05,6371185841546048.0
43,2003-01-01,3y,Water,0.03339196850076504,8,1.9900644110078087e-10,1.3885910448152572e-06,1.6249911138910278e-10,4.8519434876534015e-11,24315399.38701157
43,2003-01-01,5y,Arps,0.02628576822883554,8,0.2792924831755954,7.075257356728426e-06,1.9498779702433865e-06,0.0001211968427007933,9664057177736012.0
43,2003-01-01,5y,Water,0.11389499700856559,8,5.091798598552024e-29,8.392817107960582e-09,4.563466965423757e-11,2.9325750343427677e-13,48143788.27770835
43,2003-01-01,all,Arps,0.02628576822883554,8,0.2792924831755954,7.075257356728426e-06,1.9498779702433865e-06,0.0001211968427007933,9664057177736012.0
43,2003-01-01,all,Water,0.11389499700856559,8,5.091798598552024e-29,8.392817107960582e-09,4.563466965423757e-11,2.9325750343427677e-13,48143788.27770835
43,2008-01-01,3y,Arps,0.013704961727932402,8,0.0003234472478652606,4.185881719021012e-08,6.45039577307216e-14,1.990965604281884e-07,24476.113836657503
43,2008-01-01,3y,Water,0.0008856211135282836,8,2.6341363991377875e-05,0.00419418080127798,8.086026163922622e-08,3.4347643939578536e-07,2295101.8247693293
43,2008-01-01,5y,Arps,0.009603020355571172,8,0.007792789774612174,1.2532820592991989e-06,7.581753574625871e-06,4.3884961583543065e-06,60251.64651832009
43,2008-01-01,5y,Water,0.008058450108845972,8,6.13926558798994e-05,9.984294592868537e-06,7.354898946820843e-10,2.5128349814683787e-10,504897632.12535053
43,2008-01-01,all,Arps,0.08246150049101872,8,0.15549824377376353,1.3317757198150204e-06,8.204206289418035e-07,8.474287218467279e-06,3.1815733474104976e+16
43,2008-01-01,all,Water,0.07413234389555415,8,1.1165690192746903e-16,0.22453840541129466,2.534936443115976e-06,1.662719194777213e-05,1016040.8194215144
44,2003-01-01,3y,Arps,0.020094765935194124,8,0.06540260660221975,2.0193630232701043e-06,8.775319938934978e-07,3.437922801195298e-05,6371185806563914.0
44,2003-01-01,3y,Water,0.029584791157059843,8,3.812924833387186e-09,6.342452252283692e-08,1.5097148531317828e-10,2.47685335078163e-12,21901833.530259557
44,2003-01-01,5y,Arps,0.021781470088560583,8,0.028941263752130908,6.621400447034964e-07,4.2262197616617016e-07,1.4368702783467777e-05,9664057148510836.0
44,2003-01-01,5y,Water,0.11426726057251695,8,2.2970803488561736e-21,4.530829755822197e-06,2.1300079686148443e-09,1.7693788484554392e-10,43448345.42068751
44,2003-01-01,all,Arps,0.021781470088560583,8,0.028941263752130908,6.621400447034964e-07,4.2262197616617016e-07,1.4368702783467777e-05,9664057148510836.0
44,2003-01-01,all,Water,0.11426726057251695,8,2.2970803488561736e-21,4.530829755822197e-06,2.1300079686148443e-09,1.7693788484554392e-10,43448345.42068751
44,2008-01-01,3y,Arps,0.015393175494506032,8,0.00014113351426203735,1.6441236677655624e-08,4.474198789239381e-14,9.059255997430449e-08,26445.296204404032
44,2008-01-01,3y,Water,0.0008446605479285261,8,1.7138540897576604e-05,0.0038158421757543692,5.239165633275089e-08,2.971732342819909e-07,3861403.287946664
44,2008-01-01,5y,Arps,0.01024040116753547,8,0.00472229000297375,7.95023302968545e-07,4.614271005842774e-06,2.660716825711874e-06,56597.97300477057
44,2008-01-01,5y,Water,0.0060288211514493975,8,0.0001403201904395246,0.07688371767653734,1.4800271454576408e-07,3.4648361814734577e-06,46348583.798273295
44,2008-01-01,all,Arps,0.08350211201337734,8,1.5732605959747161,1.355305530867379e-05,2.0208876312539258e-07,9.255766517686078e-05,3.1815733484900264e+16
44,2008-01-01,all,Water,0.07125059319982606,8,3.1850533738905507e-16,0.47467870511536603,3.4746552516617957e-06,3.1195612200765175e-05,2093655.769764625
45,2003-01-01,3y,Arps,0.017316827380039746,8,0.011174851846590172,3.4273701881443186e-07,1.3621131145282605e-07,7.129882872538502e-06,6371185853268928.0
45,2003-01-01,3y,Water,0.028528098743306,8,7.34440292337255e-17,5.9812507970491424e-05,3.2136378280700484e-10,2.910655909092575e-09,15034967.465565192
45,2003-01-01,5y,Arps,0.019925924376462976,8,0.059347497546696104,1.3623346707333783e-06,1.7859936912901092e-06,3.8190975973283715e-05,9664057150064852.0
45,2003-01-01,5y,Water,0.12819833710010503,8,4.111602301262048e-23,1.7884449334815145e-06,1.9590141800418515e-09,8.703109082623247e-11,30204724.044807456
45,2003-01-01,all,Arps,0.019925924376462976,8,0.059347497546696104,1.3623346707333783e-06,1.7859936912901092e-06,3.8190975973283715e-05,9664057150064852.0
45,2003-01-01,all,Water,0.12819833710010503,8,4.111602301262048e-23,1.7884449334815145e-06,1.9590141800418515e-09,8.703109082623247e-11,30204724.044807456
45,2008-01-01,3y,Arps,0.016715483013169736,8,0.00010764570288301911,1.2112705893851938e-08,1.8540724511240114e-14,7.610410804080785e-08,27923.533347669763
45,2008-01-01,3y,Water,0.0018517951753464685,8,0.00020896259411529172,1.1860487396552344,6.288185343886199e-07,3.3341436356931604e-05,549901545.5029451
45,2008-01-01,5y,Arps,0.01065712112633171,8,0.0004624208413588349,2.7747659281374126e-08,1.6686652060116103e-13,9.562971647098722e-08,59176.76965092168
45,2008-01-01,5y,Water,0.011637522165410896,8,0.0025157770769510535,0.02482575087378791,2.336161721155916e-06,2.981246336929041e-06,107490.59433809828
45,2008-01-01,all,Arps,0.08806145650346174,8,0.047284831442084396,4.0616189933562197e-07,4.3201190359156816e-07,2.906247445258885e-06,3.1815733513453e+16
45,2008-01-01,all,Water,0.06831126580319635,8,8.116686861517127e-15,0.5225123331802024,2.0143968726127337e-06,2.833824574515675e-05,6107024.122843817
46,2003-01-01,3y,Arps,0.03451306877077631,8,0.08936035628903483,2.733404090432545e-06,1.5785823330535212e-06,2.518636722674895e-05,6371185843874920.0
46,2003-01-01,3y,Water,0.03037571211869186,8,0.0011928624556176715,7.852031558286399e-07,1.9494598477165503e-08,2.5728715749586146e-11,23218291.853030395
46,2003-01-01,5y,Arps,0.03742595396008493,8,0.2287546982661297,6.045721451630737e-06,1.0640670440137092e-06,7.149268951382951e-05,9664057191555494.0
46,2003-01-01,5y,Water,0.11253120933652658,8,4.2409070941744014e-23,1.8883416487369686e-05,7.696984646865523e-10,6.18752040893119e-10,44610977.24951768
46,2003-01-01,all,Arps,0.03742595396008493,8,0.2287546982661297,6.045721451630737e-06,1.0640670440137092e-06,7.149268951382951e-05,9664057191555494.0
46,2003-01-01,all,Water,0.11253120933652658,8,4.2409070941744014e-23,1.8883416487369686e-05,7.696984646865523e-10,6.18752040893119e-10,44610977.24951768
46,2008-01-01,3y,Arps,0.016830277400506313,8,0.0003430866154303658,5.0251139277479595e-08,4.107825191113079e-15,2.1459222110899824e-07,21725.819029171653
46,2008-01-01,3y,Water,0.0025710198080553725,8,6.585782284673769e-05,0.46628139852691675,2.0115745131762952e-07,1.1312725969108394e-05,716522123.8265555
46,2008-01-01,5y,Arps,0.014050281727148414,8,0.01521384760599176,2.434165760734075e-06,1.5220696385376264e-05,8.88660729674912e-06,60994.92779608578
46,2008-01-01,5y,Water,0.013916523986041405,8,3.8707427847839426e-05,7.600538083352149e-07,4.5438628901162126e-10,1.8440110364996985e-11,603421678.7193425
46,2008-01-01,all,Arps,0.07717898614141674,8,0.7099477977171773,6.076645714669926e-06,2.660290845555669e-07,3.508341567782711e-05,3.181573352795484e+16
46,2008-01-01,all,Water,0.07372015406444823,8,1.5064151404038747e-10,0.10432593679979618,1.8685444726496137e-06,8.695090690315913e-06,472357.0204584958
47,2003-01-01,3y,Arps,0.012203742439455286,8,0.015061880456414656,4.6409135005115454e-07,6.818415979221732e-07,1.1238091683698338e-05,6371185829908688.0
47,2003-01-01,3y,Water,0.030003435920125752,8,3.129835896125666e-14,3.319371899124235e-06,1.6748974429603436e-10,1.6518075012495344e-10,14598810.825549295
47,2003-01-01,5y,Arps,0.015291368150582192,8,0.02262506266015407,5.666704395550226e-07,1.9202697466015516e-06,1.8176218244071483e-05,9664057148550264.0
47,2003-01-01,5y,Water,0.12991524676726393,8,8.678265952582592e-30,1.4459983503911644e-06,1.768582849615008e-10,7.195671333477486e-11,29376700.417851012
47,2003-01-01,all,Arps,0.015291368150582192,8,0.02262506266015407,5.666704395550226e-07,1.9202697466015516e-06,1.8176218244071483e-05,9664057148550264.0
47,2003-01-01,all,Water,0.12991524676726393,8,8.678265952582592e-30,1.4459983503911644e-06,1.768582849615008e-10,7.195671333477486e-11,29376700.417851012
47,2008-01-01,3y,Arps,0.01620162925362071,8,0.00010707527144404594,1.1206527233964536e-08,3.219646771412954e-15,7.282754525264775e-08,29651.01486917387
47,2008-01-01,3y,Water,0.0019038636884648097,8,3.812734576058574e-06,1.4108081813901663e-06,8.43464048605469e-11,3.8907094071985174e-11,513056499.150066
47,2008-01-01,5y,Arps,0.01238685342690927,8,9.461578520131297e-05,5.262394020544292e-09,0.0,1.9634154057098076e-08,62061.9998219132
47,2008-01-01,5y,Water,0.01090962997308203,8,0.0027816618703582208,0.02337067449116148,2.353150078487909e-06,2.7785789625569603e-06,91526.28604125243
47,2008-01-01,all,Arps,0.08405719379124885,8,0.11993386932954309,1.0427322503780978e-06,2.528378045710212e-07,7.981312078577451e-06,3.1815733544384744e+16
47,2008-01-01,all,Water,0.06560416287653917,8,8.995127622078792e-28,0.7183415109175257,1.6363494220045238e-06,3.117095020599957e-05,13862029.790536929
48,2003-01-01,3y,Arps,0.01675631365640145,8,0.008406311599173932,2.574083853706943e-07,3.1696531869692917e-06,5.849515323505389e-06,6371185860249545.0
48,2003-01-01,3y,Water,0.03484565011373825,8,8.40609421206931e-17,1.9044819055125117e-07,1.6116069589955373e-10,9.810751243130369e-12,14035474.810749922
48,2003-01-01,5y,Arps,0.01945652273097705,8,0.14576863518959726,3.351263579663699e-06,6.302682253553582e-07,0.00010524142702055377,9664057153145358.0
48,2003-01-01,5y,Water,0.13399999250590053,8,2.2198123559092302e-23,4.824065399589017e-06,3.872776870028627e-09,2.4850698491225673e-10,28342849.70215617
48,2003-01-01,all,Arps,0.01945652273097705,8,0.14576863518959726,3.351263579663699e-06,6.302682253553582e-07,0.00010524142702055377,9664057153145358.0
48,2003-01-01,all,Water,0.13399999250590053,8,2.2198123559092302e-23,4.824065399589017e-06,3.872776870028627e-09,2.4850698491225673e-10,28342849.70215617
48,2008-01-01,3y,Arps,0.017119927887808587,8,0.0002266396613777033,2.4824625299846304e-08,3.4083846855992306e-14,1.6198453304029577e-07,28630.138739802383
48,2008-01-01,3y,Water,0.0019460668268213319,8,0.001079483175999485,6.5396259726185235,3.5294386188620963e-06,0.00018796821060274642,542262860.047241
48,2008-01-01,5y,Arps,0.011664091549319988,8,0.0002949669633380836,1.7354659154200647e-08,3.1086244689504383e-15,6.02416640976316e-08,60586.0218970453
48,2008-01-01,5y,Water,0.009614128776799348,8,0.002137028742254188,0.013724503958655987,1.885670105228332e-06,1.758979694376925e-06,57352.683948430335
48,2008-01-01,all,Arps,0.08957390330446637,8,0.227619450626662,1.9542014615403502e-06,7.853427911566823e-07,1.4329135594977034e-05,3.1815733494258104e+16
48,2008-01-01,all,Water,0.06704714922708323,8,9.786122303889039e-23,0.46068923066195566,1.14709665186008e-06,2.1218119154825837e-05,12345774.860284861
49,2003-01-01,3y,Arps,0.034283123443395,8,0.2154510588534322,6.662678472824091e-06,8.580547990613713e-07,5.669164914437944e-05,6371185846324468.0
49,2003-01-01,3y,Water,0.03270000436891469,8,0.0003374925956904917,1.6193371266126633e-07,4.51122947331406e-09,4.888978571156888e-12,24659111.69568816
49,2003-01-01,5y,Arps,0.03634258132191615,8,0.2152116927318275,4.785900254433706e-06,7.187665013592484e-07,5.0531508997017374e-05,9664057191515936.0
49,2003-01-01,5y,Water,0.10930202033825598,8,1.1252115221365598e-26,3.905006451532245e-08,3.421076616438867e-11,1.1789696257817272e-12,44802071.00761452
49,2003-01-01,all,Arps,0.03634258132191615,8,0.2152116927318275,4.785900254433706e-06,7.187665013592484e-07,5.0531508997017374e-05,9664057191515936.0
49,2003-01-01,all,Water,0.10930202033825598,8,1.1252115221365598e-26,3.905006451532245e-08,3.421076616438867e-11,1.1789696257817272e-12,44802071.00761452
49,2008-01-01,3y,Arps,0.02151942016755331,8,0.0006806557103118394,1.0683329382255025e-07,6.45039577307216e-14,4.3529343118581434e-07,20384.393860079523
49,2008-01-01,3y,Water,0.002141950328747748,8,7.265184012794634e-05,0.5315583319970756,2.079446603624191e-07,1.2266159449886667e-05,831887205.7802173
49,2008-01-01,5y,Arps,0.018014875652128906,8,0.012127723635785514,2.0094189638331095e-06,1.097723707288445e-05,6.821826941317092e-06,58933.3303139988
49,2008-01-01,5y,Water,0.013300079505732596,8,1.0453901268192567e-05,1.2068630894646049e-07,9.862143220129571e-11,2.7849389608020574e-12,690375324.3493955
49,2008-01-01,all,Arps,0.07535512824988723,8,0.13903460972869652,1.1911456484769989e-06,2.797112818742877e-08,6.581089172893759e-06,3.181573350690683e+16
49,2008-01-01,all,Water,0.074175504754285,8,2.212927144885224e-16,0.11911829018390563,2.702243179053543e-06,1.0127754241722374e-05,311391.8234021807
50,2003-01-01,3y,Arps,0.012594501988337671,8,0.06918796737772936,2.1209336927008327e-06,3.2871788281230734e-07,5.8487131621182755e-05,6371185869657592.0
50,2003-01-01,3y,Water,0.04375569534934602,8,2.3853366079301915e-15,2.3535940272267908e-06,1.6681186987277385e-10,1.2723552075039363e-10,13411178.993217293
50,2003-01-01,5y,Arps,0.01577146280989516,8,0.0687598866661574,1.7519810429460214e-06,5.361441324118387e-06,6.787804298199764e-05,9664057140856568.0
50,2003-01-01,5y,Water,0.14073137964870994,8,1.431624982073267e-20,4.828070814255625e-07,2.025391125648479e-09,2.610059751874105e-11,27245398.520964075
50,2003-01-01,all,Arps,0.01577146280989516,8,0.0687598866661574,1.7519810429460214e-06,5.361441324118387e-06,6.787804298199764e-05,9664057140856568.0
50,2003-01-01,all,Water,0.14073137964870994,8,1.431624982073267e-20,4.828070814255625e-07,2.025391125648479e-09,2.610059751874105e-11,27245398.520964075
50,2008-01-01,3y,Arps,0.017472876862444985,8,0.0003525280917529017,3.5752458577009705e-08,3.4638958368304884e-14,2.480317432975409e-07,30820.49127334373
50,2008-01-01,3y,Water,0.0018736262981180966,8,0.0024570435361965792,13.89836679684231,7.861766122017888e-06,0.00039775991385840185,490574640.66762197
50,2008-01-01,5y,Arps,0.01265891654824186,8,0.0005372939922381192,2.9268532153459148e-08,1.6209256159527285e-14,1.1001135692703296e-07,64414.56955164904
50,2008-01-01,5y,Water,0.007766188515712348,8,0.000508727268424991,0.0030281393810582813,3.9983589189551694e-07,3.836580923247137e-07,57082.38699960628
50,2008-01-01,all,Arps,0.08656413023053448,8,0.44772696982181515,3.887037738820043e-06,6.662754394982259e-07,3.0986961161523396e-05,3.1815733529403988e+16
50,2008-01-01,all,Water,0.06400094916246198,8,1.305060893599705e-54,4.1019258787855506e-05,3.053787431261945e-11,1.1739339598044296e-09,68145238.43665093
51,2003-01-01,3y,Arps,0.01295381700053591,8,0.017042404415406054,5.222997238318872e-07,1.1253858049808006e-06,1.521415952959483e-05,6371185857921870.0
51,2003-01-01,3y,Water,0.04664724572863007,8,1.3246588614590306e-18,0.00014693511911900714,6.43615730155922e-10,8.14709187092064e-09,13141777.494790148
51,2003-01-01,5y,Arps,0.015891796055764754,8,0.013200855832110392,3.049414976225018e-07,2.0179717629704158e-07,1.269925603630768e-05,9664057193275120.0
51,2003-01-01,5y,Water,0.14272026368074905,8,7.768251644994336e-18,9.595096344128251e-07,2.3748029584491626e-09,5.3201802193101334e-11,26745500.71435219
51,2003-01-01,all,Arps,0.015891796055764754,8,0.013200855832110392,3.049414976225018e-07,2.0179717629704158e-07,1.269925603630768e-05,9664057193275120.0
51,2003-01-01,all,Water,0.14272026368074905,8,7.768251644994336e-18,9.595096344128251e-07,2.3748029584491626e-09,5.3201802193101334e-11,26745500.71435219
51,2008-01-01,3y,Arps,0.016157126216323862,8,0.00011506827831908595,1.1725699633480247e-08,2.298161660974074e-14,7.869870752901704e-08,31124.77440374507
51,2008-01-01,3y,Water,0.001967967787465129,8,0.00010592260969133349,0.09344446927934769,3.3348849352854426e-07,5.299078795058676e-06,30185852.846079618
51,2008-01-01,5y,Arps,0.010888612226747895,8,0.0006020590917614754,3.263343439918742e-08,6.306066779870889e-14,1.218826471378396e-07,65163.36001053009
51,2008-01-01,5y,Water,0.007415536111426425,8,0.00019191921910532983,0.0012420797947925166,1.4886007515535482e-07,1.5726428667198438e-07,65864.26229763488
51,2008-01-01,all,Arps,0.08755342228870865,8,0.5731477432454994,4.96794728001293e-06,5.490015643840569e-07,4.0036162760146175e-05,3.181573351300743e+16
51,2008-01-01,all,Water,0.06315390867153703,8,5.062799951103103e-36,2.0178122213110328e-06,2.926232173239285e-12,5.86678454135153e-11,67844722.19018504
52,2003-01-01,3y,Arps,0.016861482938522916,8,0.03448297773320519,1.3279919364034276e-06,1.4110306237935034e-06,2.43134195601099e-05,6371185822874844.0
52,2003-01-01,3y,Water,0.025742660850566094,8,5.755238053785122e-15,1.8976352293975651e-06,3.1844707426564867e-11,7.878898603988346e-11,19510761.632763945
52,2003-01-01,5y,Arps,0.019408240703322328,8,0.013389698566243169,3.067649184049226e-07,2.413236258715056e-07,7.219233731156834e-06,9664057150073498.0
52,2003-01-01,5y,Water,0.11822705734139163,8,1.665386143657182e-27,1.2123200576752424e-07,1.741814470435088e-10,5.033499938255719e-12,38867130.101636074
52,2003-01-01,all,Arps,0.019408240703322328,8,0.013389698566243169,3.067649184049226e-07,2.413236258715056e-07,7.219233731156834e-06,9664057150073498.0
52,2003-01-01,all,Water,0.11822705734139163,8,1.665386143657182e-27,1.2123200576752424e-07,1.741814470435088e-10,5.033499938255719e-12,38867130.101636074
52,2008-01-01,3y,Arps,0.01368349745905479,8,9.782305733097019e-05,1.1250891773784133e-08,2.0650148258027912e-14,6.089690085910953e-08,27445.91620005256
52,2008-01-01,3y,Water,0.0015384407911771874,8,2.7975595912721474e-05,0.007735606955975527,8.17272577946504e-08,5.596235709323243e-07,5619337.723656948
52,2008-01-01,5y,Arps,0.01010915035826107,8,0.001386337840813212,2.240197593539328e-07,1.458018696554042e-06,8.002768479628305e-07,59211.491283199925
52,2008-01-01,5y,Water,0.008480204974729014,8,0.00037087379496369977,0.02885148132008908,3.523756318679627e-07,2.221330457080334e-06,2641155.8150972915
52,2008-01-01,all,Arps,0.08180827500683814,8,0.047312165992480004,4.095313641816478e-07,6.840836607649213e-07,2.9006809189346005e-06,3.181573354249684e+16
52,2008-01-01,all,Water,0.06882780869953946,8,5.889664985485758e-12,0.6066421887117031,3.1581922803197715e-06,3.523679703107401e-05,3615883.0949922763
53,2003-01-01,3y,Arps,0.03619181162000224,8,0.29993350667791674,9.317592693708354e-06,3.728717464988868e-07,6.217422863991084e-05,6371185883723322.0
53,2003-01-01,3y,Water,0.03301353374858667,8,0.00014142289637675276,2.1653249859809875e-08,2.0652001497811767e-09,6.254779600727321e-13,24622179.377539158
53,2003-01-01,5y,Arps,0.03999100113936098,8,0.14848740323941456,3.2563051011597066e-06,7.582966930101752e-07,2.662809227260114e-05,9664057176015952.0
53,2003-01-01,5y,Water,0.1012708736414636,8,4.321343200853692e-23,2.1799642127007246e-06,1.0854452753283894e-10,6.297066618726926e-11,39943233.92543529
53,2003-01-01,all,Arps,0.03999100113936098,8,0.14848740323941456,3.2563051011597066e-06,7.582966930101752e-07,2.662809227260114e-05,9664057176015952.0
53,2003-01-01,all,Water,0.1012708736414636,8,4.321343200853692e-23,2.1799642127007246e-06,1.0854452753283894e-10,6.297066618726926e-11,39943233.92543529
53,2008-01-01,3y,Arps,0.027045832722601124,8,0.0002876027874663123,5.2148924400974295e-08,2.220446049250313e-16,1.8794854414917325e-07,17446.478716683818
53,2008-01-01,3y,Water,0.001226124196942103,8,5.912300093768863e-05,0.002692581711016828,1.6169423944223382e-07,2.377999822529625e-07,370917.0682512112
53,2008-01-01,5y,Arps,0.023901049095375427,8,0.038152332013851264,6.698920358982896e-06,3.0156766012368053e-05,2.068600744403345e-05,55811.70657148129
53,2008-01-01,5y,Water,0.014322178331587937,8,1.2870325917901937e-05,3.9217411540448666e-09,1.277608852046086e-10,8.658947107987493e-14,685448434.5045294
53,2008-01-01,all,Arps,0.07222192955775746,8,0.3056631473627931,2.6088843725347033e-06,6.709315247304429e-07,1.2945620442658688e-05,3.181573352935887e+16
53,2008-01-01,all,Water,0.07004717536379851,8,6.1097405532969845e-12,0.06721935447239957,1.9870626459805862e-06,5.8797394686595865e-06,198782.37807262724
54,2003-01-01,3y,Arps,0.029266204807164697,8,0.5502200250793976,1.7125970714682026e-05,1.8550864716596836e-07,0.00015685587882416417,6371185837015858.0
54,2003-01-01,3y,Water,0.03339709676345983,8,0.00023068191356401258,3.754394128918648e-09,3.4959530548217543e-09,1.109691745672796e-13,25842845.725821853
54,2003-01-01,5y,Arps,0.03154556869847011,8,0.8922805657002755,1.9960380013492318e-05,9.741885324849537e-07,0.00022305150366226824,9664057193080884.0
54,2003-01-01,5y,Water,0.10945638415617262,8,1.2965638504037128e-26,4.446701495908201e-07,1.2317254577398629e-09,1.3143180433487055e-11,47556760.32044326
54,2003-01-01,all,Arps,0.03154556869847011,8,0.8922805657002755,1.9960380013492318e-05,9.741885324849537e-07,0.00022305150366226824,9664057193080884.0
54,2003-01-01,all,Water,0.10945638415617262,8,1.2965638504037128e-26,4.446701495908201e-07,1.2317254577398629e-09,1.3143180433487055e-11,47556760.32044326
54,2008-01-01,3y,Arps,0.024632565788093114,8,0.0003450372223596787,5.25343240020959e-08,4.296563105299356e-14,2.212087678473509e-07,20789.77142648532
54,2008-01-01,3y,Water,0.0013161045123060006,8,0.0014121647791398573,11.266448570204375,4.277637794749753e-06,0.00025620666515275946,870173443.3771455
54,2008-01-01,5y,Arps,0.018618267814414242,8,0.024787464735709364,4.203082498821509e-06,2.111078266719968e-05,1.349336821068956e-05,57324.9994778753
54,2008-01-01,5y,Water,0.012867459454882596,8,1.8112971702066716e-05,6.18092599324882e-08,1.901585607727574e-10,1.405427802861807e-12,701062122.8890281
54,2008-01-01,all,Arps,0.07583505861868343,8,0.0664985011171666,5.703170051774009e-07,5.826501646999224e-07,3.2042791763623686e-06,3.1815733502210904e+16
54,2008-01-01,all,Water,0.07449658367453679,8,2.675459539815436e-16,0.12350319257711817,2.6114783176212075e-06,1.0192423285620467e-05,345668.6361079632
55,2003-01-01,3y,Arps,0.026784030341596956,8,0.11775567950462573,3.637576196729997e-06,4.811956929416357e-07,4.4034029424175355e-05,6371185862581912.0
55,2003-01-01,3y,Water,0.03525730498011254,8,1.3633355006163297,105.76652415280478,0.00023926536538491916,0.0035113508087069654,24889730.5485432
55,2003-01-01,5y,Arps,0.02853095137989227,8,0.05377862267050659,1.216134424109061e-06,9.270109202019413e-07,1.8500229594576772e-05,9664057159226364.0
55,2003-01-01,5y,Water,0.11317623797979705,8,3.9478475626070125e-24,1.3619501260109246e-07,6.405689798039127e-10,4.521548490581509e-12,49175225.40934534
55,2003-01-01,all,Arps,0.02853095137989227,8,0.05377862267050659,1.216134424109061e-06,9.270109202019413e-07,1.8500229594576772e-05,9664057159226364.0
55,2003-01-01,all,Water,0.11317623797979705,8,3.9478475626070125e-24,1.3619501260109246e-07,6.405689798039127e-10,4.521548490581509e-12,49175225.40934534
55,2008-01-01,3y,Arps,0.013362768689025957,8,0.00028440714868338546,3.7412546810555725e-08,1.5765166949677223e-14,1.6557765767243662e-07,24206.481309370065
55,2008-01-01,3y,Water,0.0008654879458172787,8,3.189928065694403e-05,0.004810159853150253,9.449404006489637e-08,3.8202672930466783e-07,2178843.6216413276
55,2008-01-01,5y,Arps,0.012570310293011392,8,0.007445091627232614,1.0759123905690338e-06,7.879737037974621e-06,4.294307907681667e-06,67668.88788831192
55,2008-01-01,5y,Water,0.009994909394477643,8,7.603769790875958e-05,0.16747063927323325,6.763266998874307e-08,4.033198692221265e-06,502220794.07111764
55,2008-01-01,all,Arps,0.0777491192774879,8,0.34335240694417735,2.95964506863422e-06,2.853058124626849e-07,1.876101587021256e-05,3.1815733525652984e+16
55,2008-01-01,all,Water,0.07203099924649067,8,2.0785326102839614e-11,0.2687334765050764,3.0996898970764297e-06,1.9461235121824495e-05,955750.5017411207
56,2003-01-01,3y,Arps,0.019343035070619387,8,0.045680728238949087,1.4100987712900581e-06,1.7185149788589876e-07,2.3812788282327222e-05,6371185850949100.0
56,2003-01-01,3y,Water,0.028275343920287205,8,6.010981195735264e-11,1.7872444004751742e-06,1.3108293617225542e-10,7.005923351955118e-11,21521526.199244365
56,2003-01-01,5y,Arps,0.021422280771262455,8,0.11142025167828251,2.5494937694811592e-06,1.5535391935550056e-06,5.500216601137644e-05,9664057114533976.0
56,2003-01-01,5y,Water,0.11534389451079358,8,5.364918782448866e-21,9.82035999186337e-08,5.484014353740463e-10,3.849540072593169e-12,42746474.15502517
56,2003-01-01,all,Arps,0.021422280771262455,8,0.11142025167828251,2.5494937694811592e-06,1.5535391935550056e-06,5.500216601137644e-05,9664057114533976.0
56,2003-01-01,all,Water,0.11534389451079358,8,5.364918782448866e-21,9.82035999186337e-08,5.484014353740463e-10,3.849540072593169e-12,42746474.15502517
56,2008-01-01,3y,Arps,0.014313973586814271,8,0.00029810172054567374,3.5044770169134765e-08,4.1300296516055823e-14,1.8363142968415093e-07,26708.225344945742
56,2008-01-01,3y,Water,0.00109186059537231,8,1.1088732208008878e-05,0.0022901859556441195,3.313690534467728e-08,1.7832378667383625e-07,3521669.43122045
56,2008-01-01,5y,Arps,0.010788284568024505,8,0.0019009575535164913,3.0253778654509844e-07,2.0275928864776915e-06,1.10650867069571e-06,61016.47648013816
56,2008-01-01,5y,Water,0.006398952253968715,8,7.513907894463046e-05,0.01996914564006147,7.574295029372236e-08,1.110664606409768e-06,16014748.6094165
56,2008-01-01,all,Arps,0.08182234498975263,8,1.560024542552128,1.3470425802519781e-05,5.239482056018186e-07,9.29849155941595e-05,3.1815733499421504e+16
56,2008-01-01,all,Water,0.07012449332065673,8,3.938398882644816e-12,0.28299556729871256,1.8414745436290403e-06,1.7691781517248364e-05,2514331.7195629063
57,2003-01-01,3y,Arps,0.014980815082963202,8,0.022941880497455713,6.994953367957246e-07,1.6195273494826846e-06,2.2790804209734173e-05,6371185874284856.0
57,2003-01-01,3y,Water,0.061684340443404304,8,3.1094323875504656e-22,1.9215804059058428e-08,1.9081147772936902e-10,1.1302267402055273e-12,12930567.794982918
57,2003-01-01,5y,Arps,0.01764520204147131,8,0.05787469632559805,1.3377566677845454e-06,1.84948905279093e-06,6.780612332362796e-05,9664057179397668.0
57,2003-01-01,5y,Water,0.15259990233503287,8,9.44727069329392e-23,6.809968908783048e-07,3.731521237837487e-09,4.005457662358844e-11,26563026.65132246
57,2003-01-01,all,Arps,0.01764520204147131,8,0.05787469632559805,1.3377566677845454e-06,1.84948905279093e-06,6.780612332362796e-05,9664057179397668.0
57,2003-01-01,all,Water,0.15259990233503287,8,9.44727069329392e-23,6.809968908783048e-07,3.731521237837487e-09,4.005457662358844e-11,26563026.65132246
57,2008-01-01,3y,Arps,0.020330834236461273,8,0.00024386941913689952,2.365964887895977e-08,1.0436096431476471e-13,1.7007259894587403e-07,32271.37963321885
57,2008-01-01,3y,Water,0.0023514890440203226,8,0.00014283060136222048,0.006900232257976313,4.313528782773357e-07,7.89332794783864e-07,369307.3472527745
57,2008-01-01,5y,Arps,0.013558175965614878,8,0.0002999638109031366,1.5335275049821462e-08,5.551115123125783e-15,5.8900883285286366e-08,67353.61442927636
57,2008-01-01,5y,Water,0.011719174147006765,8,0.0005905897064621968,0.005247928686912928,4.3330311128020327e-07,6.427780644250253e-07,115176.741696473
57,2008-01-01,all,Arps,0.08869961526459647,8,0.033264637018874055,2.884450944345973e-07,7.303973650015678e-08,2.422980306062568e-06,3.1815733540172684e+16
57,2008-01-01,all,Water,0.06419152388021179,8,1.3249050792983575e-28,1.0376301361247897e-05,1.5786647683535548e-10,3.121589705837273e-10,68031561.45540573
58,2003-01-01,3y,Arps,0.029620478258180653,8,0.09720295236184029,3.8061537649819455e-06,1.3315114400677993e-06,4.284727256099187e-05,6371185850868074.0
58,2003-01-01,3y,Water,0.031382373389095226,8,1.3835749136967496e-08,1.604890712769702e-06,1.6130707880535056e-10,5.541183529071714e-11,23919251.967541825
58,2003-01-01,5y,Arps,0.03246837930344968,8,0.11146872148492548,3.3740568316925623e-06,1.4788504784535096e-06,4.9349795992624785e-05,9664057137617748.0
58,2003-01-01,5y,Water,0.11433377688152553,8,1.5639372149107278e-27,3.317465598229319e-06,1.986220340977063e-09,1.1454166682413378e-10,47372570.338476084
58,2003-01-01,all,Arps,0.03246837930344968,8,0.11146872148492548,3.3740568316925623e-06,1.4788504784535096e-06,4.9349795992624785e-05,9664057137617748.0
58,2003-01-01,all,Water,0.11433377688152553,8,1.5639372149107278e-27,3.317465598229319e-06,1.986220340977063e-09,1.1454166682413378e-10,47372570.338476084
58,2008-01-01,3y,Arps,0.014769654760314853,8,0.00012099244213459315,1.5932790614625603e-08,0.0,7.32664926290015e-08,23285.0369770107
58,2008-01-01,3y,Water,0.0015753189133338743,8,0.0002884035266106366,0.6327974958949198,8.9459385104948e-07,2.4748818582783203e-05,121920463.98623095
58,2008-01-01,5y,Arps,0.010995272876244907,8,0.005713512402508059,9.304890972172686e-07,5.6650100790367475e-06,3.293881324281987e-06,59415.54612887275
58,2008-01-01,5y,Water,0.010561285361317105,8,6.331156237138202e-05,2.1401610865723342e-05,7.523628352268386e-10,5.375361533159054e-10,546082102.2872746
58,2008-01-01,all,Arps,0.08129372616587904,8,0.14943539567684638,1.2760885628460006e-06,7.505109307251728e-07,7.762691370014655e-06,3.1815733529370268e+16
58,2008-01-01,all,Water,0.0746069623714604,8,2.1471681122446476e-11,0.2139156683042529,2.8200074182888057e-06,1.6677731847931144e-05,791066.3412788792
59,2003-01-01,3y,Arps,0.015012464788402322,8,0.15144360432350368,4.6815483971951455e-06,1.804977472182739e-06,0.00014256558365850804,6371185834564514.0
59,2003-01-01,3y,Water,0.05744995741577043,8,1.3086101683173149e-15,1.3335848052520305e-06,6.87117709952112e-10,7.591633639946634e-11,13312129.558266807
59,2003-01-01,5y,Arps,0.017717839562501052,8,0.021568957658018917,4.985097720559828e-07,2.0475491607009205e-07,2.2893752969327554e-05,9664057160886226.0
59,2003-01-01,5y,Water,0.14927077685960585,8,2.7362469132226316e-28,1.5973637346178293e-07,9.99290393488561e-10,9.093235177243734e-12,27261966.08117017
59,2003-01-01,all,Arps,0.017717839562501052,8,0.021568957658018917,4.985097720559828e-07,2.0475491607009205e-07,2.2893752969327554e-05,9664057160886226.0
59,2003-01-01,all,Water,0.14927077685960585,8,2.7362469132226316e-28,1.5973637346178293e-07,9.99290393488561e-10,9.093235177243734e-12,27261966.08117017
59,2008-01-01,3y,Arps,0.01828362735198168,8,0.0002267202980874572,2.2209136474327096e-08,1.3578027591165664e-13,1.5109208020920836e-07,31477.21788081796
59,2008-01-01,3y,Water,0.0024880425316218388,8,0.00017854086399893276,0.012124101089284522,5.472667617689719e-07,1.2957138189136424e-06,617060.4325590851
59,2008-01-01,5y,Arps,0.011804284294012691,8,0.0003042143271159148,1.6489030030264473e-08,1.7541523789077473e-14,6.118041702474997e-08,66022.32683750306
59,2008-01-01,5y,Water,0.009447122451606813,8,0.00023320109858104843,0.001721047186947544,1.7264137941452873e-07,2.1367149650611082e-07,85022.70817772606
59,2008-01-01,all,Arps,0.08961468013919345,8,0.3719100269699993,3.2138358506406117e-06,7.21745730541663e-07,2.619401259534073e-05,3.181573351579544e+16
59,2008-01-01,all,Water,0.06433353765655482,8,1.3746515564518083e-33,4.120447556488216e-06,1.4042496332411503e-11,1.2137810196566298e-10,68225965.27157956
60,2003-01-01,3y,Arps,0.02706436252832743,8,0.039849305501775234,1.2227620471705336e-06,6.433427274551895e-07,1.6662025037063264e-05,6371185855652220.0
60,2003-01-01,3y,Water,0.030410298884022937,8,9.013859410437599e-11,1.3443423085846007e-07,8.15827405631353e-11,4.991976916443227e-12,22872633.524750102
60,2003-01-01,5y,Arps,0.028785079867602502,8,0.07174120858871902,2.2073255761673183e-06,1.7488940608332792e-06,3.9055015248856395e-05,9664057137726876.0
60,2003-01-01,5y,Water,0.11331221307694292,8,4.234716008963304e-24,2.0631305233109742e-06,1.5610823675404895e-09,7.661069567037015e-11,45297954.31690207
60,2003-01-01,all,Arps,0.028785079867602502,8,0.07174120858871902,2.2073255761673183e-06,1.7488940608332792e-06,3.9055015248856395e-05,9664057137726876.0
60,2003-01-01,all,Water,0.11331221307694292,8,4.234716008963304e-24,2.0631305233109742e-06,1.5610823675404895e-09,7.661069567037015e-11,45297954.31690207
60,2008-01-01,3y,Arps,0.01545155151589126,8,0.00016064341070887167,2.012053568201111e-08,1.3211653993039363e-14,1.0664028619950065e-07,25086.337633248717
60,2008-01-01,3y,Water,0.000684590971198997,8,1.6476066775794607e-05,0.0033955385988519993,5.1319547833550416e-08,2.712839834847083e-07,3375623.0698141665
60,2008-01-01,5y,Arps,0.009681727928577692,8,0.0036302363041613717,6.309608159837943e-07,3.6728300254473822e-06,2.1217746233581168e-06,55238.808633124914
60,2008-01-01,5y,Water,0.007394057460269404,8,4.35526053479407e-05,7.3648770921863616e-06,5.487652658675568e-10,1.9304413897297439e-10,462600077.38555896
60,2008-01-01,all,Arps,0.08185414776727801,8,0.16548549535218626,1.4232497463628757e-06,9.797243256665846e-07,9.242619765484802e-06,3.1815733527504384e+16
60,2008-01-01,all,Water,0.07333732381007083,8,2.375928441209389e-13,0.27451916742029425,2.9039985079137853e-06,2.046376649990739e-05,1158063.4699937445
61,2003-01-01,3y,Arps,0.024887598698569467,8,0.04529931065553683,1.3936542703207877e-06,4.527713119029718e-07,1.9538631044033595e-05,6371185864963764.0
61,2003-01-01,3y,Water,0.030876725169659117,8,3.265895399351617e-11,5.883797712158412e-06,1.3637184437254035e-10,2.1461651583876715e-10,23364752.001218103
61,2003-01-01,5y,Arps,0.02681381089517971,8,0.0729057705575542,1.6559190088236142e-06,7.522658284730718e-07,2.9896653286062927e-05,9664057137684544.0
61,2003-01-01,5y,Water,0.11453154068017138,8,4.433520089447485e-25,1.4235411072149873e-07,1.5158377331125905e-10,5.192487021644187e-12,46336414.821327865
61,2003-01-01,all,Arps,0.02681381089517971,8,0.0729057705575542,1.6559190088236142e-06,7.522658284730718e-07,2.9896653286062927e-05,9664057137684544.0
61,2003-01-01,all,Water,0.11453154068017138,8,4.433520089447485e-25,1.4235411072149873e-07,1.5158377331125905e-10,5.192487021644187e-12,46336414.821327865
61,2008-01-01,3y,Arps,0.013279874736415087,8,0.00011169351910211844,1.40931085135243e-08,5.551115123125783e-16,6.928422834766888e-08,24835.132614672715
61,2008-01-01,3y,Water,0.0005863810170623714,8,2.9885632102377713e-06,0.0005382764411479002,9.483462987125435e-09,4.3834998301801844e-08,2629085.3487709174
61,2008-01-01,5y,Arps,0.008984655162587334,8,0.0035510598336259136,5.82521944458847e-07,3.4940221802504112e-06,2.0174422917694046e-06,58768.255352082306
61,2008-01-01,5y,Water,0.007314383133094381,8,0.0001788396994015784,0.4785562679244322,2.0600942308296455e-07,1.2298191725985472e-05,469421505.1278342
61,2008-01-01,all,Arps,0.08361928374365118,8,0.33165020419619395,2.8385310601730662e-06,7.089673354188799e-08,1.825184360234107e-05,3.1815733512972228e+16
61,2008-01-01,all,Water,0.07376486055829032,8,1.0125752747187381e-11,0.18880779018218163,1.91008628737388e-06,1.3692141526337147e-05,1229097.8316593147
62,2003-01-01,3y,Arps,0.01887508121036429,8,0.02532249810610665,7.820319905746387e-07,9.95134223886986e-08,1.350157230034968e-05,6371185862631303.0
62,2003-01-01,3y,Water,0.02753370830569252,8,9.487843655306111e-10,4.6545865188818425e-06,1.3218666439218651e-10,1.8465495412670164e-10,21121637.060452007
62,2003-01-01,5y,Arps,0.020919870893147497,8,0.06180050308648788,1.4142810199971323e-06,6.775265158607401e-07,3.116291337453322e-05,9664057167019940.0
62,2003-01-01,5y,Water,0.1152942959035724,8,2.375641892530494e-27,4.940270446240902e-05,5.024705859724143e-10,1.9598849627641847e-09,41949769.29813227
62,2003-01-01,all,Arps,0.020919870893147497,8,0.06180050308648788,1.4142810199971323e-06,6.775265158607401e-07,3.116291337453322e-05,9664057167019940.0
62,2003-01-01,all,Water,0.1152942959035724,8,2.375641892530494e-27,4.940270446240902e-05,5.024705859724143e-10,1.9598849627641847e-09,41949769.29813227
62,2008-01-01,3y,Arps,0.01709791040465083,8,0.00023031147520669037,2.63017668755694e-08,3.6637359812630166e-15,1.4947442238758097e-07,27336.853305451757
62,2008-01-01,3y,Water,0.00082540303401354,8,4.214514137856895e-05,0.0519316195823194,1.2193286615808097e-07,2.385894805573954e-06,54383889.50256831
62,2008-01-01,5y,Arps,0.011165503111116462,8,3.908412872988265e-05,2.1170389885583063e-09,6.300515664747763e-13,7.626188469145724e-09,57737.076489810264
62,2008-01-01,5y,Water,0.007125711760686428,8,0.0005585483013419434,0.6575726295850473,5.52657498868736e-07,2.11122525404326e-05,158775421.66076803
62,2008-01-01,all,Arps,0.07954590484193394,8,0.17773037881488563,1.5459278736029702e-06,2.5362726263727413e-07,1.0932962118129552e-05,3.1815733528008264e+16
62,2008-01-01,all,Water,0.06882973534615693,8,2.254131688588197e-13,0.32672773977174074,1.9648883714945553e-06,1.9865840702353992e-05,2856559.66103966
63,2003-01-01,3y,Arps,0.02688255950013679,8,0.10148807359109924,4.1621614572801e-06,2.1329711971608378e-06,5.045137265999011e-05,6371185808898300.0
63,2003-01-01,3y,Water,0.03539444610374019,8,8.474668403864965e-08,7.639755494892597e-11,2.147233779670188e-11,2.5378515931608147e-15,24807941.02981139
63,2003-01-01,5y,Arps,0.02852638922464137,8,0.11537237790071231,3.423551426379179e-06,1.792761015824639e-06,5.2073982627738984e-05,9664057136160676.0
63,2003-01-01,5y,Water,0.11295778637191897,8,3.423916266393551e-28,2.4783730623312294e-07,9.286803409613853e-10,8.232911418289557e-12,48996624.15852619
63,2003-01-01,all,Arps,0.02852638922464137,8,0.11537237790071231,3.423551426379179e-06,1.792761015824639e-06,5.2073982627738984e-05,9664057136160676.0
63,2003-01-01,all,Water,0.11295778637191897,8,3.423916266393551e-28,2.4783730623312294e-07,9.286803409613853e-10,8.232911418289557e-12,48996624.15852619
63,2008-01-01,3y,Arps,0.013588907884701198,8,4.797577821591403e-05,6.0123307443760154e-09,1.6653345369377348e-15,2.699027128023492e-08,24018.890137244627
63,2008-01-01,3y,Water,0.0008402588271499986,8,2.648040663189022e-05,0.005586399607636849,8.09526216477563e-08,4.205559262812252e-07,3527405.110663004
63,2008-01-01,5y,Arps,0.012427771721941934,8,0.006007546066030045,8.879366262259936e-07,6.109757789585224e-06,3.4111412903822464e-06,65820.00964098488
63,2008-01-01,5y,Water,0.009170414140681754,8,4.00611424993258e-05,3.5389821277931333e-06,4.564557256475643e-10,8.574986991965622e-11,518075512.17816305
63,2008-01-01,all,Arps,0.07871814996616996,8,0.137026297779812,1.1788193874651132e-06,5.25177155667782e-07,7.417306251316866e-06,3.1815733495668268e+16
63,2008-01-01,all,Water,0.07272213535846342,8,1.237772003367582e-15,0.2282636476738844,2.7786507375143765e-06,1.6865323305545105e-05,877082.2661950822
64,2003-01-01,3y,Arps,0.013884645829061668,8,0.021671154659998138,6.694541117568953e-07,7.005301756391594e-07,1.4414229584198359e-05,6371185862608864.0
64,2003-01-01,3y,Water,0.023352470300976078,8,1.4021836186924692e-12,2.3497850634157658e-06,1.1059206328489779e-10,1.0758026022724557e-10,16542014.459672466
64,2003-01-01,5y,Arps,0.016417801877046723,8,0.016443610278656706,3.784886370844509e-07,9.320666138238529e-07,1.0485727963795644e-05,9664057150061504.0
64,2003-01-01,5y,Water,0.1214364843194603,8,2.2000289165871205e-24,1.5298064681701362e-07,7.703743198916868e-10,7.0039162519721486e-12,33038661.630003743
64,2003-01-01,all,Arps,0.016417801877046723,8,0.016443610278656706,3.784886370844509e-07,9.320666138238529e-07,1.0485727963795644e-05,9664057150061504.0
64,2003-01-01,all,Water,0.1214364843194603,8,2.2000289165871205e-24,1.5298064681701362e-07,7.703743198916868e-10,7.0039162519721486e-12,33038661.630003743
64,2008-01-01,3y,Arps,0.01583934559493603,8,0.00026443550541443983,2.8827317838375777e-08,9.769962616701378e-15,1.7159532736327908e-07,28607.42511981388
64,2008-01-01,3y,Water,0.0015975185024301424,8,6.31840712230769e-05,0.08879661148239393,1.8530327777765976e-07,3.983537572093469e-06,65511738.7589089
64,2008-01-01,5y,Arps,0.010997681002148919,8,0.0002671147285582265,1.5360806238096103e-08,4.773959005888173e-15,5.603736877140116e-08,60192.65194006743
64,2008-01-01,5y,Water,0.011243394676510353,8,0.0020473821696214145,0.05151612400186423,1.8226459923831317e-06,5.059787230050989e-06,490454.22359446564
64,2008-01-01,all,Arps,0.08260588493789306,8,0.11333802892477252,9.844983721862821e-07,3.2118120661698664e-07,7.2703443996821905e-06,3.18157335204858e+16
64,2008-01-01,all,Water,0.06607100037481123,8,5.474402662156229e-18,0.6155619449091319,2.217668783263682e-06,3.1580788547042895e-05,6618484.9280534
65,2003-01-01,3y,Arps,0.012852313044978516,8,0.032482700156833744,9.984283417530104e-07,1.895346941354858e-07,2.3162239608125112e-05,6371185888372188.0
65,2003-01-01,3y,Water,0.0333973888092429,8,1.01606320043842e-20,2.2777385311201215e-08,4.7720272178253254e-11,1.1230042938282613e-12,14775819.9575807
65,2003-01-01,5y,Arps,0.01627572787326414,8,0.03211875687702559,7.394732335075371e-07,9.838653879062396e-07,2.30133388078669e-05,9664057151633496.0
65,2003-01-01,5y,Water,0.13262658296557864,8,1.2483210959284411e-21,1.5560926840407774e-05,3.179223134752718e-10,7.672077992701411e-10,29804658.80019646
65,2003-01-01,all,Arps,0.01627572787326414,8,0.03211875687702559,7.394732335075371e-07,9.838653879062396e-07,2.30133388078669e-05,9664057151633496.0
65,2003-01-01,all,Water,0.13262658296557864,8,1.2483210959284411e-21,1.5560926840407774e-05,3.179223134752718e-10,7.672077992701411e-10,29804658.80019646
65,2008-01-01,3y,Arps,0.016807440937255516,8,0.00024046399994404055,2.5940588538331255e-08,7.105427357601002e-15,1.5683880413399264e-07,28978.571862293393
65,2008-01-01,3y,Water,0.0020828791295938722,8,0.0004159152094871388,2.606266268834588,1.362133450545297e-06,7.171993227730746e-05,552930066.0507934
65,2008-01-01,5y,Arps,0.010906832283645534,8,0.00017627368288231082,1.033546231932192e-08,7.51620987671231e-14,3.639603495146729e-08,61259.98911730938
65,2008-01-01,5y,Water,0.009732320918494745,8,0.0019605405323090963,0.014441207895288244,1.6617913309868726e-06,1.7419340653574039e-06,74161.81801248787
65,2008-01-01,all,Arps,0.08657636849068254,8,0.3206851144786924,2.7671141308027725e-06,5.4667600303966325e-08,2.06317431893074e-05,3.1815733544843708e+16
65,2008-01-01,all,Water,0.0669131944997431,8,1.4194280695934273e-26,0.6785618933899968,1.5942631207549463e-06,2.9750039578827406e-05,13161027.592108065
66,2003-01-01,3y,Arps,0.03719409269942571,8,0.17865824917316786,5.490797340079734e-06,9.569313664270577e-07,3.973321788460623e-05,6371185848566750.0
66,2003-01-01,3y,Water,0.028168788795404874,8,0.00012016395186265072,3.7180143408477306e-08,1.9284634861227445e-09,1.1227055613165788e-12,24056358.81786249
66,2003-01-01,5y,Arps,0.041108585892295324,8,0.20590215683478164,2.5787661941389928e-06,1.0419176995041886e-06,2.3411508250207278e-05,9664057177613708.0
66,2003-01-01,5y,Water,0.10589126548169611,8,1.363748699699371e-22,1.132335455622524e-06,1.9060113209956597e-09,3.419242629961349e-11,41996097.075663835
66,2003-01-01,all,Arps,0.041108585892295324,8,0.20590215683478164,2.5787661941389928e-06,1.0419176995041886e-06,2.3411508250207278e-05,9664057177613708.0
66,2003-01-01,all,Water,0.10589126548169611,8,1.363748699699371e-22,1.132335455622524e-06,1.9060113209956597e-09,3.419242629961349e-11,41996097.075663835
66,2008-01-01,3y,Arps,0.024438286965902858,8,0.000599445686020772,1.0108319858925796e-07,9.992007221626409e-16,3.8647081303893464e-07,18922.408827013576
66,2008-01-01,3y,Water,0.002777252561620639,8,0.0001770118142303545,0.027924424644879764,4.743026481984769e-07,2.0451456938871537e-06,2587173.6458215597
66,2008-01-01,5y,Arps,0.02161644221779465,8,0.03582583814568352,6.045754445072049e-06,3.123883466815691e-05,2.00748455907569e-05,57988.195773440224
66,2008-01-01,5y,Water,0.015790899179226724,8,0.00011038237062166445,0.2069656065577874,7.302404841577625e-08,4.7315074143943035e-06,623163823.964603
66,2008-01-01,all,Arps,0.07366077640453894,8,0.16030013840645552,1.369326551065031e-06,9.702355960788566e-07,7.164555923492022e-06,3.1815733526565308e+16
66,2008-01-01,all,Water,0.07093169299279545,8,8.205192297049655e-12,0.11780158901092364,2.8296485095336e-06,1.0116316318349353e-05,283084.80178381375
67,2003-01-01,3y,Arps,0.038947540104130214,8,0.36456698927577236,1.2115657474665031e-05,1.7634963269424552e-06,9.479014405411234e-05,6371185853280176.0
67,2003-01-01,3y,Water,0.028937274556100245,8,0.00019972512461663428,3.132299752905965e-09,3.346209795362931e-09,9.982048346248641e-14,23025571.83091277
67,2003-01-01,5y,Arps,0.04176074876050016,8,0.14230991655858816,3.139533251955706e-06,1.6624333177926094e-08,3.120483027825398e-05,9664057179151432.0
67,2003-01-01,5y,Water,0.10761098890591762,8,2.363159055110123e-27,7.057678885757923e-10,1.4904934231285694e-10,2.2491491047296702e-14,41091551.429993734
67,2003-01-01,all,Arps,0.04176074876050016,8,0.14230991655858816,3.139533251955706e-06,1.6624333177926094e-08,3.120483027825398e-05,9664057179151432.0
67,2003-01-01,all,Water,0.10761098890591762,8,2.363159055110123e-27,7.057678885757923e-10,1.4904934231285694e-10,2.2491491047296702e-14,41091551.429993734
67,2008-01-01,3y,Arps,0.015593468925674375,8,0.00028065273090760456,4.45327753562097e-08,7.882583474838611e-14,1.7461298193688455e-07,20260.629797166912
67,2008-01-01,3y,Water,0.0024861261527073467,8,0.00035680758901435183,2.367118499503704,9.953186548960352e-07,5.627217818509665e-05,740880785.6311548
67,2008-01-01,5y,Arps,0.015522543828342393,8,0.015239284022754873,2.4025268923755227e-06,1.49450766753767e-05,8.879187888672378e-06,62216.258382440676
67,2008-01-01,5y,Water,0.012866458382281693,8,6.09704184171278e-05,2.2677122615277767e-06,6.879134779175233e-10,5.3908709904244425e-11,619685568.7373724
67,2008-01-01,all,Arps,0.07373233166653793,8,0.11922379451425513,1.1873989662070095e-06,9.96741942587947e-07,6.5195795387887235e-06,3.181573352374327e+16
67,2008-01-01,all,Water,0.07123349680089233,8,1.8561194010559716e-14,0.10164610994252143,2.2974717045209925e-06,8.861767241039587e-06,319815.0714845025
68,2003-01-01,3y,Arps,0.032766912789719466,8,0.06574280859604187,2.053345805413942e-06,9.73707548950977e-07,1.4691155011356556e-05,6371185825279349.0
68,2003-01-01,3y,Water,0.03215753301913276,8,0.00015826045586209148,2.9103830456733704e-11,2.2448683051345952e-09,8.178934664994869e-16,25640391.188134138
68,2003-01-01,5y,Arps,0.03615883562674205,8,0.21647500745530124,4.776994394217748e-06,1.3160290333236576e-07,4.1437739790878374e-05,9664057149888816.0
68,2003-01-01,5y,Water,0.10308378799463876,8,1.4787679082185938e-27,5.709225661121309e-07,5.629694835307397e-10,1.6044411658953858e-11,42839710.57692061
68,2003-01-01,all,Arps,0.03615883562674205,8,0.21647500745530124,4.776994394217748e-06,1.3160290333236576e-07,4.1437739790878374e-05,9664057149888816.0
68,2003-01-01,all,Water,0.10308378799463876,8,1.4787679082185938e-27,5.709225661121309e-07,5.629694835307397e-10,1.6044411658953858e-11,42839710.57692061
68,2008-01-01,3y,Arps,0.026424406373514123,8,0.00046577815010095946,8.26766152761671e-08,6.039613253960852e-14,3.132197062946534e-07,17905.94502187764
68,2008-01-01,3y,Water,0.0018607216173803186,8,5.728430733142886e-05,0.003278483014582889,1.5322320262578515e-07,2.7680449839441724e-07,543875.0101033803
68,2008-01-01,5y,Arps,0.022727933602067832,8,0.03470962256869825,6.18049352818506e-06,2.7247959242915343e-05,1.8727195173826325e-05,54846.131261799426
68,2008-01-01,5y,Water,0.015067743401241554,8,2.0996710190956946e-05,0.0014688541923533194,6.077331589360302e-10,3.1985974230145924e-08,721190613.8656166
68,2008-01-01,all,Arps,0.07287775452966928,8,0.1617022008067579,1.3815213303070006e-06,2.2998726257798657e-07,6.979920594572275e-06,3.181573351014717e+16
68,2008-01-01,all,Water,0.07191387070720916,8,2.4612129342108337e-16,0.06782389507316111,1.9264722324607852e-06,5.818032883640906e-06,210224.4439779608
69,2003-01-01,3y,Arps,0.01257385651353913,8,0.07648822235569241,2.3549147625742672e-06,2.6392803162630643e-06,5.5034118748803605e-05,6371185872014474.0
69,2003-01-01,3y,Water,0.030338542577561328,8,7.594951637575643e-17,1.694497768767178e-06,1.7176535194174392e-10,8.314571861257712e-11,14845016.626004094
69,2003-01-01,5y,Arps,0.015784949590406973,8,0.09243228102423018,2.1293096347727025e-06,2.596592024284651e-07,6.600511819271247e-05,9664057174770456.0
69,2003-01-01,5y,Water,0.13000574432394948,8,5.368127960910053e-21,3.154564183205366e-07,1.3609082888388357e-09,1.5478834540619538e-11,29872892.34851551
69,2003-01-01,all,Arps,0.015784949590406973,8,0.09243228102423018,2.1293096347727025e-06,2.596592024284651e-07,6.600511819271247e-05,9664057174770456.0
69,2003-01-01,all,Water,0.13000574432394948,8,5.368127960910053e-21,3.154564183205366e-07,1.3609082888388357e-09,1.5478834540619538e-11,29872892.34851551
69,2008-01-01,3y,Arps,0.01588797679742852,8,0.0001724396333884215,1.8600330303764068e-08,3.6193270602780103e-14,1.1304929031937704e-07,29156.885159822294
69,2008-01-01,3y,Water,0.0012635829003005412,8,0.006216875259269727,36.29496008786373,1.939202250132374e-05,0.0009957280108614075,528455969.947268
69,2008-01-01,5y,Arps,0.010893326706731578,8,0.00036017789170728065,2.084036510030529e-08,8.659739592076221e-15,7.498427531417395e-08,61424.3661177769
69,2008-01-01,5y,Water,0.009933369981317797,8,0.0029704584449063987,0.026048297444503987,2.5193296299963475e-06,3.0637688595753006e-06,97659.88673813405
69,2008-01-01,all,Arps,0.08518700496939623,8,0.2089646648746566,1.8090804690396034e-06,4.723527885238562e-07,1.3592828565178754e-05,3.181573347647944e+16
69,2008-01-01,all,Water,0.06594707396505947,8,1.7587061931268163e-22,0.8115146335330792,1.9859450937978473e-06,3.6128997910151306e-05,12347368.469333343
70,2003-01-01,3y,Arps,0.02828607845476669,8,0.046336099949257914,1.4322741511280102e-06,3.846104161374283e-07,1.5552939972772303e-05,6371185857975798.0
70,2003-01-01,3y,Water,0.03449625730772144,8,0.0037899492748039165,3.887216735165566e-07,5.903968035292362e-08,1.2390835121866306e-11,24996334.900081452
70,2003-01-01,5y,Arps,0.03031133582936457,8,0.11523621452579391,3.256310916688321e-06,1.0296728935118585e-06,4.417246835739845e-05,9664057142267544.0
70,2003-01-01,5y,Water,0.1128745280482388,8,1.029560096359439e-24,6.642476364504546e-07,1.2930840148639433e-09,2.117346035503817e-11,48858189.526298374
70,2003-01-01,all,Arps,0.03031133582936457,8,0.11523621452579391,3.256310916688321e-06,1.0296728935118585e-06,4.417246835739845e-05,9664057142267544.0
70,2003-01-01,all,Water,0.1128745280482388,8,1.029560096359439e-24,6.642476364504546e-07,1.2930840148639433e-09,2.117346035503817e-11,48858189.526298374
70,2008-01-01,3y,Arps,0.019711796222608612,8,0.0002713154108278104,3.8117495354539344e-08,6.350475700855895e-14,1.6891657219786214e-07,22624.805345781897
70,2008-01-01,3y,Water,0.001043154565680767,8,2.58232057603891e-05,0.0167493319750065,8.03894990228371e-08,9.56787488162787e-07,19198945.87028174
70,2008-01-01,5y,Arps,0.014293491607865133,8,0.014749650303201634,2.40759384312339e-06,1.3689240346170806e-05,8.231967878640817e-06,59460.41163406156
70,2008-01-01,5y,Water,0.01192098166859745,8,8.191306733351666e-06,3.075547283515334e-08,6.742758781874691e-11,7.391010139285946e-13,616038217.5118816
70,2008-01-01,all,Arps,0.07921462470261503,8,0.5620654380727501,4.8140782575589736e-06,8.722696261253294e-07,2.8769683984875213e-05,3.1815733558403176e+16
70,2008-01-01,all,Water,0.07549873859379466,8,1.9846814446645226e-15,0.14344722493115114,2.3271187710172114e-06,1.1463820599196796e-05,547387.8124328388
