evaluation,cutoff,horizon_years,mode,method,metric,lead_quarter,cases,increment_RMSE,increment_NRMSE,cumulative_RMSE,cumulative_NRMSE,anchor_RMSE,increment_bias
train_OOF,2003-01-01,3,History-conditioned,Constant,gas_cum,1,70,19390.80560079732,0.0513750844852226,19390.80560079732,0.0022678468430952464,0.0,18474.957938058036
train_OOF,2003-01-01,3,History-conditioned,Constant,gas_cum,2,70,66120.6925159603,0.09034470671858148,66120.6925159603,0.007426109884176474,0.0,64050.91183733259
train_OOF,2003-01-01,3,History-conditioned,Constant,gas_cum,3,70,135193.98299751358,0.12655542627610541,135193.98299751358,0.014632311762041621,0.0,131857.84741210938
train_OOF,2003-01-01,3,History-conditioned,Constant,gas_cum,4,70,220630.90900056707,0.15893538473528526,220630.90900056707,0.02308183380101815,0.0,216024.76155831473
train_OOF,2003-01-01,3,History-conditioned,Constant,gas_cum,5,70,319750.5928444462,0.18921335961407718,319750.5928444462,0.032429948731453315,0.0,313927.801171875
train_OOF,2003-01-01,3,History-conditioned,Constant,gas_cum,6,70,432889.5798645148,0.21890744959421607,432889.5798645148,0.04266284051184917,0.0,425891.55507114955
train_OOF,2003-01-01,3,History-conditioned,Constant,gas_cum,7,70,561317.5849501657,0.24901611001709362,561317.5849501657,0.05385468864966157,0.0,553232.1263602121
train_OOF,2003-01-01,3,History-conditioned,Constant,gas_cum,8,70,703152.5144819055,0.279324593680179,703152.5144819055,0.06580497533724436,0.0,694089.4119349888
train_OOF,2003-01-01,3,History-conditioned,Constant,gas_cum,9,70,855874.2440544938,0.310009309173516,855874.2440544938,0.07831777612694175,0.0,845998.7484444755
train_OOF,2003-01-01,3,History-conditioned,Constant,gas_cum,10,70,1026372.5296029733,0.3431653388897181,1026372.5296029733,0.09198867427075737,0.0,1015817.7309151785
train_OOF,2003-01-01,3,History-conditioned,Constant,gas_cum,11,70,1212852.4378073458,0.37790015353128853,1212852.4378073458,0.10662115616699705,0.0,1201728.2879185267
train_OOF,2003-01-01,3,History-conditioned,Constant,gas_cum,12,70,1409854.6039990883,0.41253364936847015,1409854.6039990883,0.12172194845790997,0.0,1398220.3734933035
train_OOF,2003-01-01,3,History-conditioned,Constant,oil_cum,1,70,54278.98247330902,0.052257032495396996,54278.98247330902,0.0023058316134104105,0.0,51796.45611049107
train_OOF,2003-01-01,3,History-conditioned,Constant,oil_cum,2,70,183765.2795199542,0.09123736838175898,183765.2795199542,0.007496722716769881,0.0,178134.2591936384
train_OOF,2003-01-01,3,History-conditioned,Constant,oil_cum,3,70,374543.27981594286,0.12738969776974338,374543.27981594286,0.01472459768132067,0.0,365472.92353515624
train_OOF,2003-01-01,3,History-conditioned,Constant,oil_cum,4,70,610336.645817925,0.1597392460104569,610336.645817925,0.02319319300560819,0.0,597834.9593052455
train_OOF,2003-01-01,3,History-conditioned,Constant,oil_cum,5,70,883673.6965698896,0.18997477334948393,883673.6965698896,0.032554660515804225,0.0,867886.5052455358
train_OOF,2003-01-01,3,History-conditioned,Constant,oil_cum,6,70,1195481.7293615844,0.21961525542156118,1195481.7293615844,0.04279559361835215,0.0,1176514.1369001116
train_OOF,2003-01-01,3,History-conditioned,Constant,oil_cum,7,70,1549462.8043832183,0.24970074180863155,1549462.8043832183,0.05399800829013704,0.0,1527547.6012416296
train_OOF,2003-01-01,3,History-conditioned,Constant,oil_cum,8,70,1940396.3944817549,0.2800010677306018,1940396.3944817549,0.06595994392992098,0.0,1915835.951297433
train_OOF,2003-01-01,3,History-conditioned,Constant,oil_cum,9,70,2361277.3103403724,0.31067902256674174,2361277.3103403724,0.07848319454050567,0.0,2334520.9788364954
train_OOF,2003-01-01,3,History-conditioned,Constant,oil_cum,10,70,2831145.423693978,0.343838544655296,2831145.423693978,0.09216583669952344,0.0,2802549.696205357
train_OOF,2003-01-01,3,History-conditioned,Constant,oil_cum,11,70,3345190.529744205,0.37860528799386806,3345190.529744205,0.1068159454251124,0.0,3315035.1891183034
train_OOF,2003-01-01,3,History-conditioned,Constant,oil_cum,12,70,3888305.109915341,0.41328417359911557,3888305.109915341,0.12193747187773638,0.0,3856732.396316964
train_OOF,2003-01-01,3,History-conditioned,Constant,water_cum,1,70,17510.323400131452,0.035858644432756825,17510.323400131452,0.005032549703982447,0.0,-15860.341866629464
train_OOF,2003-01-01,3,History-conditioned,Constant,water_cum,2,70,49224.68447398745,0.04975873050544351,49224.68447398745,0.012371685598242092,0.0,-41672.88862304688
train_OOF,2003-01-01,3,History-conditioned,Constant,water_cum,3,70,91911.32987255733,0.06128551080242092,91911.32987255733,0.020481773572387278,0.0,-73903.3063406808
train_OOF,2003-01-01,3,History-conditioned,Constant,water_cum,4,70,151612.31466741912,0.0748802345884684,151612.31466741912,0.030258934629799224,0.0,-122245.6026297433
train_OOF,2003-01-01,3,History-conditioned,Constant,water_cum,5,70,225848.8052118109,0.08828281690728494,225848.8052118109,0.04075242590165941,0.0,-185432.513671875
train_OOF,2003-01-01,3,History-conditioned,Constant,water_cum,6,70,313773.9136079916,0.10105950082445975,313773.9136079916,0.05155228638787729,0.0,-262546.31399972097
train_OOF,2003-01-01,3,History-conditioned,Constant,water_cum,7,70,415679.00746148237,0.11324179056164366,415679.00746148237,0.06250462116157669,0.0,-354258.0424316406
train_OOF,2003-01-01,3,History-conditioned,Constant,water_cum,8,70,530678.6312421422,0.12484676095083941,530678.6312421422,0.07341603919535004,0.0,-460227.08514927456
train_OOF,2003-01-01,3,History-conditioned,Constant,water_cum,9,70,655548.1180278792,0.13568480796903298,655548.1180278792,0.08396513228406596,0.0,-577425.3002301897
train_OOF,2003-01-01,3,History-conditioned,Constant,water_cum,10,70,793291.2600664129,0.14606867873097354,793291.2600664129,0.09438015718119416,0.0,-708299.4684151786
train_OOF,2003-01-01,3,History-conditioned,Constant,water_cum,11,70,943254.6005838441,0.15594140115838506,943254.6005838441,0.10455537657730277,0.0,-852247.2611328125
train_OOF,2003-01-01,3,History-conditioned,Constant,water_cum,12,70,1103410.145010149,0.16524029127893045,1103410.145010149,0.11435462811936595,0.0,-1007130.6109933036
train_OOF,2003-01-01,3,History-conditioned,Liquid-WC-time,gas_cum,1,70,8652.370887455765,0.022924075177270742,8652.370887455765,0.0010119358837571417,0.0,6111.3144377888575
train_OOF,2003-01-01,3,History-conditioned,Liquid-WC-time,gas_cum,2,70,21206.38031155296,0.028975561763021372,21206.38031155296,0.002381719011808835,0.0,12195.353157138772
train_OOF,2003-01-01,3,History-conditioned,Liquid-WC-time,gas_cum,3,70,33220.2906165798,0.03109759729524858,33220.2906165798,0.003595497657143228,0.0,10809.650410703782
train_OOF,2003-01-01,3,History-conditioned,Liquid-WC-time,gas_cum,4,70,46339.50739961051,0.033381485261350055,46339.50739961051,0.004847919147249271,0.0,-4792.599672686042
train_OOF,2003-01-01,3,History-conditioned,Liquid-WC-time,gas_cum,5,70,69956.51359997611,0.04139697395832138,69956.51359997611,0.007095174177150387,0.0,-36139.51546105926
train_OOF,2003-01-01,3,History-conditioned,Liquid-WC-time,gas_cum,6,70,110415.24991780998,0.05583576477719949,110415.24991780998,0.010881823948716483,0.0,-83611.24543807592
train_OOF,2003-01-01,3,History-conditioned,Liquid-WC-time,gas_cum,7,70,168504.2200821621,0.07475316386186173,168504.2200821621,0.016166859104342072,0.0,-147229.0031947034
train_OOF,2003-01-01,3,History-conditioned,Liquid-WC-time,gas_cum,8,70,242634.39276001262,0.09638556611073816,242634.39276001262,0.02270709398416119,0.0,-225707.90544076244
train_OOF,2003-01-01,3,History-conditioned,Liquid-WC-time,gas_cum,9,70,327464.5081545661,0.11861210529122852,327464.5081545661,0.029965023737220313,0.0,-313835.45793177123
train_OOF,2003-01-01,3,History-conditioned,Liquid-WC-time,gas_cum,10,70,421170.748852397,0.1408174893537705,421170.748852397,0.03774744326364702,0.0,-409994.5860897783
train_OOF,2003-01-01,3,History-conditioned,Liquid-WC-time,gas_cum,11,70,523615.01847283443,0.163147790863907,523615.01847283443,0.046030693360279276,0.0,-514198.31038052205
train_OOF,2003-01-01,3,History-conditioned,Liquid-WC-time,gas_cum,12,70,634831.0812138355,0.18575616373689877,634831.0812138355,0.05480911005135088,0.0,-626499.4328216122
train_OOF,2003-01-01,3,History-conditioned,Liquid-WC-time,oil_cum,1,70,24092.977509188084,0.0231954884052519,24092.977509188084,0.0010234965113649656,0.0,17020.052098505785
train_OOF,2003-01-01,3,History-conditioned,Liquid-WC-time,oil_cum,2,70,58877.773340849315,0.0292321439056907,58877.773340849315,0.0024019245750351043,0.0,33900.530604105494
train_OOF,2003-01-01,3,History-conditioned,Liquid-WC-time,oil_cum,3,70,91947.44570730123,0.031273174424886335,91947.44570730123,0.0036147735624315856,0.0,30020.125971422716
train_OOF,2003-01-01,3,History-conditioned,Liquid-WC-time,oil_cum,4,70,127921.45331247608,0.033480009173155016,127921.45331247608,0.004861099159887639,0.0,-13001.047571478624
train_OOF,2003-01-01,3,History-conditioned,Liquid-WC-time,oil_cum,5,70,192800.41407329694,0.04144880073655604,192800.41407329694,0.007102793770852332,0.0,-99472.44803710973
train_OOF,2003-01-01,3,History-conditioned,Liquid-WC-time,oil_cum,6,70,304277.6115221942,0.05589713646999427,304277.6115221942,0.010892463422942119,0.0,-230455.58392020944
train_OOF,2003-01-01,3,History-conditioned,Liquid-WC-time,oil_cum,7,70,464333.97102932434,0.07482886112850125,464333.97102932434,0.016181808008624222,0.0,-405810.0192415492
train_OOF,2003-01-01,3,History-conditioned,Liquid-WC-time,oil_cum,8,70,668517.4067369605,0.09646770536946699,668517.4067369605,0.022724929189699497,0.0,-622021.6064773268
train_OOF,2003-01-01,3,History-conditioned,Liquid-WC-time,oil_cum,9,70,902176.6986851791,0.11870159159306815,902176.6986851791,0.029986189696039393,0.0,-864800.0692145799
train_OOF,2003-01-01,3,History-conditioned,Liquid-WC-time,oil_cum,10,70,1160255.552632312,0.14091137011421928,1160255.552632312,0.03777125784450125,0.0,-1129648.1277277563
train_OOF,2003-01-01,3,History-conditioned,Liquid-WC-time,oil_cum,11,70,1442284.8137471431,0.1632363395814332,1442284.8137471431,0.046053883802087525,0.0,-1416484.1661120788
train_OOF,2003-01-01,3,History-conditioned,Liquid-WC-time,oil_cum,12,70,1748411.8465116618,0.18583699701287296,1748411.8465116618,0.054830296064230094,0.0,-1725523.523564635
train_OOF,2003-01-01,3,History-conditioned,Liquid-WC-time,water_cum,1,70,20675.51030433387,0.04234049569086442,20675.51030433387,0.005942239379826665,0.0,18898.25757000442
train_OOF,2003-01-01,3,History-conditioned,Liquid-WC-time,water_cum,2,70,107002.86278780899,0.10816375299638847,107002.86278780899,0.026893128735485747,0.0,102488.86569706882
train_OOF,2003-01-01,3,History-conditioned,Liquid-WC-time,water_cum,3,70,269032.3744846623,0.17938796572242405,269032.3744846623,0.059951914366563795,0.0,261385.84103796058
train_OOF,2003-01-01,3,History-conditioned,Liquid-WC-time,water_cum,4,70,498780.276092203,0.24634400024704128,498780.276092203,0.09954705725596648,0.0,488298.02395422786
train_OOF,2003-01-01,3,History-conditioned,Liquid-WC-time,water_cum,5,70,793957.6091869056,0.31035282289077054,793957.6091869056,0.14326265134368737,0.0,781470.3336263062
train_OOF,2003-01-01,3,History-conditioned,Liquid-WC-time,water_cum,6,70,1157363.7223167764,0.37276075217584026,1157363.7223167764,0.19015202819682242,0.0,1143767.4359950433
train_OOF,2003-01-01,3,History-conditioned,Liquid-WC-time,water_cum,7,70,1592055.621476299,0.4337174262195866,1592055.621476299,0.239393454329674,0.0,1578204.866675999
train_OOF,2003-01-01,3,History-conditioned,Liquid-WC-time,water_cum,8,70,2089951.4512958582,0.49167924592716006,2089951.4512958582,0.28913159232655156,0.0,2076460.1989436601
train_OOF,2003-01-01,3,History-conditioned,Liquid-WC-time,water_cum,9,70,2633283.784745945,0.5450349026034833,2633283.784745945,0.33728114725252867,0.0,2620420.328462485
train_OOF,2003-01-01,3,History-conditioned,Liquid-WC-time,water_cum,10,70,3234330.8540541832,0.5955371730566708,3234330.8540541832,0.3847977026194191,0.0,3222078.684392664
train_OOF,2003-01-01,3,History-conditioned,Liquid-WC-time,water_cum,11,70,3888970.6578924297,0.6429351450607483,3888970.6578924297,0.43107427345951316,0.0,3877067.9382221946
train_OOF,2003-01-01,3,History-conditioned,Liquid-WC-time,water_cum,12,70,4584521.960233302,0.6865513676028746,4584521.960233302,0.47512822520108666,0.0,4572500.076770885
train_OOF,2003-01-01,3,History-conditioned,Liquid-WC-volume,gas_cum,1,70,8477.940468651574,0.02246192947340738,8477.940468651574,0.000991535417537801,0.0,6017.555328598153
train_OOF,2003-01-01,3,History-conditioned,Liquid-WC-volume,gas_cum,2,70,20485.19368914108,0.02799016080286902,20485.19368914108,0.0023007215070755638,0.0,11784.954747761958
train_OOF,2003-01-01,3,History-conditioned,Liquid-WC-volume,gas_cum,3,70,31672.38564519401,0.02964859957253015,31672.38564519401,0.0034279648452743183,0.0,9811.809029599479
train_OOF,2003-01-01,3,History-conditioned,Liquid-WC-volume,gas_cum,4,70,44378.99970687766,0.03196919880596414,44378.99970687766,0.004642815914278586,0.0,-6671.603457312126
train_OOF,2003-01-01,3,History-conditioned,Liquid-WC-volume,gas_cum,5,70,68869.73179839352,0.040753867610916046,68869.73179839352,0.006984949899553048,0.0,-39181.64661554162
train_OOF,2003-01-01,3,History-conditioned,Liquid-WC-volume,gas_cum,6,70,111148.56583507688,0.056206594486812686,111148.56583507688,0.0109540948960397,0.0,-88084.47760847645
train_OOF,2003-01-01,3,History-conditioned,Liquid-WC-volume,gas_cum,7,70,171487.29163555763,0.07607653746362615,171487.29163555763,0.016453064977870944,0.0,-153375.6482752995
train_OOF,2003-01-01,3,History-conditioned,Liquid-WC-volume,gas_cum,8,70,248083.77972102526,0.09855031382526844,248083.77972102526,0.023217078329217194,0.0,-233691.60926341894
train_OOF,2003-01-01,3,History-conditioned,Liquid-WC-volume,gas_cum,9,70,335438.6037389587,0.12150043132811267,335438.6037389587,0.03069470270247906,0.0,-323703.7581349528
train_OOF,2003-01-01,3,History-conditioned,Liquid-WC-volume,gas_cum,10,70,431729.891472788,0.1443479148583512,431729.891472788,0.038693806794500046,0.0,-421785.2916807034
train_OOF,2003-01-01,3,History-conditioned,Liquid-WC-volume,gas_cum,11,70,536769.1147298897,0.16724633973939362,536769.1147298897,0.04718706235253254,0.0,-527884.84402142
train_OOF,2003-01-01,3,History-conditioned,Liquid-WC-volume,gas_cum,12,70,650488.5767843097,0.19033766013329068,650488.5767843097,0.05616092382236187,0.0,-641981.0958803764
train_OOF,2003-01-01,3,History-conditioned,Liquid-WC-volume,oil_cum,1,70,23612.49479081395,0.02273290418050339,23612.49479081395,0.0010030850704859982,0.0,16761.985246026994
train_OOF,2003-01-01,3,History-conditioned,Liquid-WC-volume,oil_cum,2,70,56896.329299615616,0.02824837950585341,56896.329299615616,0.0023210913697923694,0.0,32770.92857721267
train_OOF,2003-01-01,3,History-conditioned,Liquid-WC-volume,oil_cum,3,70,87707.23437706902,0.02983099332340304,87707.23437706902,0.0034480761224130953,0.0,27273.60936818043
train_OOF,2003-01-01,3,History-conditioned,Liquid-WC-volume,oil_cum,4,70,122563.25500299162,0.032077644488359584,122563.25500299162,0.00465748410841444,0.0,-18172.936256933637
train_OOF,2003-01-01,3,History-conditioned,Liquid-WC-volume,oil_cum,5,70,189873.82774793354,0.040819634590718815,189873.82774793354,0.006994977928124161,0.0,-107845.81477426898
train_OOF,2003-01-01,3,History-conditioned,Liquid-WC-volume,oil_cum,6,70,306393.68044412025,0.056285867644519705,306393.68044412025,0.010968213995641823,0.0,-242768.0251028595
train_OOF,2003-01-01,3,History-conditioned,Liquid-WC-volume,oil_cum,7,70,472656.9186408555,0.07617012997777897,472656.9186408555,0.016471858594449506,0.0,-422728.49814999074
train_OOF,2003-01-01,3,History-conditioned,Liquid-WC-volume,oil_cum,8,70,683633.2551139939,0.09864893684220101,683633.2551139939,0.023238762607571108,0.0,-643996.5589608633
train_OOF,2003-01-01,3,History-conditioned,Liquid-WC-volume,oil_cum,9,70,924243.5940403171,0.121604986907966,924243.5940403171,0.030719640372704148,0.0,-891962.3439882768
train_OOF,2003-01-01,3,History-conditioned,Liquid-WC-volume,oil_cum,10,70,1189437.8488390073,0.14445551806700013,1189437.8488390073,0.03872126582508534,0.0,-1162101.794177673
train_OOF,2003-01-01,3,History-conditioned,Liquid-WC-volume,oil_cum,11,70,1478604.1283678708,0.16734692295462358,1478604.1283678708,0.04721360307484948,0.0,-1454156.0698376335
train_OOF,2003-01-01,3,History-conditioned,Liquid-WC-volume,oil_cum,12,70,1791612.9210415713,0.19042879726541953,1791612.9210415713,0.05618508424614145,0.0,-1768136.4913087126
train_OOF,2003-01-01,3,History-conditioned,Liquid-WC-volume,water_cum,1,70,20883.722527110534,0.0427668846211252,20883.722527110534,0.006002080556723053,0.0,19156.324422483165
train_OOF,2003-01-01,3,History-conditioned,Liquid-WC-volume,water_cum,2,70,107899.90595380994,0.10907052831909021,107899.90595380994,0.027118583426285852,0.0,103618.46772396151
train_OOF,2003-01-01,3,History-conditioned,Liquid-WC-volume,water_cum,3,70,271299.91649171815,0.1808999389509809,271299.91649171815,0.06045721966482019,0.0,264132.35764120246
train_OOF,2003-01-01,3,History-conditioned,Liquid-WC-volume,water_cum,4,70,503228.5920956805,0.24854099161014204,503228.5920956805,0.1004348565317521,0.0,493469.9126396823
train_OOF,2003-01-01,3,History-conditioned,Liquid-WC-volume,water_cum,5,70,801429.6745903882,0.31327360425738554,801429.6745903882,0.14461091967480474,0.0,789843.7003634648
train_OOF,2003-01-01,3,History-conditioned,Liquid-WC-volume,water_cum,6,70,1168705.9147875388,0.37641381656277406,1168705.9147875388,0.19201552267217795,0.0,1156079.8771776925
train_OOF,2003-01-01,3,History-conditioned,Liquid-WC-volume,water_cum,7,70,1608085.0134919416,0.43808425018924324,1608085.0134919416,0.241803754242356,0.0,1595123.3455844396
train_OOF,2003-01-01,3,History-conditioned,Liquid-WC-volume,water_cum,8,70,2111288.8836486605,0.49669906236487804,2111288.8836486605,0.2920834914189924,0.0,2098435.1514271945
train_OOF,2003-01-01,3,History-conditioned,Liquid-WC-volume,water_cum,9,70,2660212.7536900314,0.5506086383514777,2660212.7536900314,0.3407303134959859,0.0,2647582.6032361817
train_OOF,2003-01-01,3,History-conditioned,Liquid-WC-volume,water_cum,10,70,3267090.560119898,0.6015692160420346,3267090.560119898,0.3886952196643353,0.0,3254532.3508425793
train_OOF,2003-01-01,3,History-conditioned,Liquid-WC-volume,water_cum,11,70,3927600.3762616217,0.6493215145575066,3927600.3762616217,0.43535619771269574,0.0,3914739.8419477465
train_OOF,2003-01-01,3,History-conditioned,Liquid-WC-volume,water_cum,12,70,4628813.631180163,0.693184230860102,4628813.631180163,0.4797185016117381,0.0,4615113.044514959
train_OOF,2003-01-01,3,History-conditioned,Separate,gas_cum,1,70,16002.890940250083,0.042398953967613694,16002.890940250083,0.001871614127148559,0.0,14384.168543689406
train_OOF,2003-01-01,3,History-conditioned,Separate,gas_cum,2,70,51678.37580553183,0.0706112947125657,51678.37580553183,0.005804072564349074,0.0,47115.48175113388
train_OOF,2003-01-01,3,History-conditioned,Separate,gas_cum,3,70,101941.75778246323,0.09542793492320138,101941.75778246323,0.011033357760241209,0.0,93276.2167876256
train_OOF,2003-01-01,3,History-conditioned,Separate,gas_cum,4,70,161113.47070615174,0.1160609434494671,161113.47070615174,0.016855273682143252,0.0,147325.624662131
train_OOF,2003-01-01,3,History-conditioned,Separate,gas_cum,5,70,227070.05368472138,0.13436937627926984,227070.05368472138,0.02303004392872628,0.0,207330.1533111806
train_OOF,2003-01-01,3,History-conditioned,Separate,gas_cum,6,70,300019.64705475915,0.1517166012299708,300019.64705475915,0.02956802600035902,0.0,273547.64985630126
train_OOF,2003-01-01,3,History-conditioned,Separate,gas_cum,7,70,380680.30287409713,0.16888038202161923,380680.30287409713,0.036523742950550005,0.0,346874.7412516185
train_OOF,2003-01-01,3,History-conditioned,Separate,gas_cum,8,70,467656.9095300979,0.1857748831808868,467656.9095300979,0.04376596935103747,0.0,426119.9517438353
train_OOF,2003-01-01,3,History-conditioned,Separate,gas_cum,9,70,559793.5847298119,0.20276486141205302,559793.5847298119,0.05122456827124264,0.0,510598.68344264413
train_OOF,2003-01-01,3,History-conditioned,Separate,gas_cum,10,70,662021.8810309116,0.22134552182944872,662021.8810309116,0.05933373450458937,0.0,605229.2114494253
train_OOF,2003-01-01,3,History-conditioned,Separate,gas_cum,11,70,772567.692132561,0.24071638096223466,772567.692132561,0.06791597888145283,0.0,708148.4799924188
train_OOF,2003-01-01,3,History-conditioned,Separate,gas_cum,12,70,887095.0390447173,0.25957042148583104,887095.0390447173,0.07658870376674569,0.0,814818.5297102645
train_OOF,2003-01-01,3,History-conditioned,Separate,oil_cum,1,70,44314.21971943066,0.04266346778009665,44314.21971943066,0.0018825173961749275,0.0,39791.65560276508
train_OOF,2003-01-01,3,History-conditioned,Separate,oil_cum,2,70,142704.67710070766,0.07085124691916271,142704.67710070766,0.005821651388144948,0.0,130020.59032350007
train_OOF,2003-01-01,3,History-conditioned,Separate,oil_cum,3,70,280992.72850411694,0.09557127490640223,280992.72850411694,0.01104680046757996,0.0,257015.00237547548
train_OOF,2003-01-01,3,History-conditioned,Separate,oil_cum,4,70,443734.9485556419,0.1161357205018827,443734.9485556419,0.016862219196084143,0.0,405714.735644404
train_OOF,2003-01-01,3,History-conditioned,Separate,oil_cum,5,70,625015.0608523883,0.134367578198086,625015.0608523883,0.023025640801909924,0.0,570694.3245854287
train_OOF,2003-01-01,3,History-conditioned,Separate,oil_cum,6,70,825415.3449309192,0.15163243180862696,825415.3449309192,0.02954803808409478,0.0,752648.3646595161
train_OOF,2003-01-01,3,History-conditioned,Separate,oil_cum,7,70,1047095.1510880472,0.16874263469330836,1047095.1510880472,0.03649074536611512,0.0,954243.688794553
train_OOF,2003-01-01,3,History-conditioned,Separate,oil_cum,8,70,1286185.12492241,0.18559775172828918,1286185.12492241,0.04372132362472202,0.0,1172178.0858754576
train_OOF,2003-01-01,3,History-conditioned,Separate,oil_cum,9,70,1539460.9571744646,0.2025506378942339,1539460.9571744646,0.05116798999437318,0.0,1404509.6898827455
train_OOF,2003-01-01,3,History-conditioned,Separate,oil_cum,10,70,1820557.4264924268,0.22110408414478172,1820557.4264924268,0.05926689497047277,0.0,1664822.5443584074
train_OOF,2003-01-01,3,History-conditioned,Separate,oil_cum,11,70,2124752.347628241,0.24047732627981291,2124752.347628241,0.06784589062659228,0.0,1948105.9163026698
train_OOF,2003-01-01,3,History-conditioned,Separate,oil_cum,12,70,2440042.915797233,0.25934979161745675,2440042.915797233,0.07651988617528348,0.0,2241798.777831492
train_OOF,2003-01-01,3,History-conditioned,Separate,water_cum,1,70,9326.216903011316,0.019098761809581356,9326.216903011316,0.0026803988162876166,0.0,1092.2484153949856
train_OOF,2003-01-01,3,History-conditioned,Separate,water_cum,2,70,45205.96360721301,0.04569640992943041,45205.96360721301,0.011361656755962731,0.0,26447.102287097023
train_OOF,2003-01-01,3,History-conditioned,Separate,water_cum,3,70,114000.28545721996,0.07601419471957346,114000.28545721996,0.025404137195706607,0.0,80049.60067912181
train_OOF,2003-01-01,3,History-conditioned,Separate,water_cum,4,70,205643.43429341732,0.10156581696709945,205643.43429341732,0.04104251853803488,0.0,151157.52654474525
train_OOF,2003-01-01,3,History-conditioned,Separate,water_cum,5,70,317011.44181725295,0.12391769373860463,317011.44181725295,0.05720192002131613,0.0,238545.47027017677
train_OOF,2003-01-01,3,History-conditioned,Separate,water_cum,6,70,448790.5892792277,0.14454532693860864,448790.5892792277,0.0737351958952578,0.0,343622.8606472593
train_OOF,2003-01-01,3,History-conditioned,Separate,water_cum,7,70,601565.3818610857,0.16388208150771386,601565.3818610857,0.09045589414478797,0.0,467616.6536944465
train_OOF,2003-01-01,3,History-conditioned,Separate,water_cum,8,70,772380.606736261,0.18170925169260643,772380.606736261,0.10685398197615334,0.0,608417.2658875572
train_OOF,2003-01-01,3,History-conditioned,Separate,water_cum,9,70,956247.1784017085,0.19792325109969655,956247.1784017085,0.1224798281357428,0.0,762096.495353796
train_OOF,2003-01-01,3,History-conditioned,Separate,water_cum,10,70,1159444.7146065386,0.21348849539828463,1159444.7146065386,0.137942493401867,0.0,934169.979228146
train_OOF,2003-01-01,3,History-conditioned,Separate,water_cum,11,70,1382536.956197381,0.22856474802160756,1382536.956197381,0.15324777848714685,0.0,1125626.6576310322
train_OOF,2003-01-01,3,History-conditioned,Separate,water_cum,12,70,1623559.3202391174,0.243134809117118,1623559.3202391174,0.16826156904146203,0.0,1334862.1236404306
train_OOF,2003-01-01,3,Input-only PolyRidge,Constant,gas_cum,1,70,19158.75559694303,0.05076027823125653,23523.221742064656,0.002751152544429471,17230.848210020322,18384.698621379026
train_OOF,2003-01-01,3,Input-only PolyRidge,Constant,gas_cum,2,70,65395.60522264701,0.08935397603553628,65573.3158361693,0.007364633223580665,17230.848210020322,63869.39032267783
train_OOF,2003-01-01,3,Input-only PolyRidge,Constant,gas_cum,3,70,134013.90133043562,0.12545074887030389,133312.12103136326,0.014428634125128249,17230.848210020322,131584.06081818294
train_OOF,2003-01-01,3,Input-only PolyRidge,Constant,gas_cum,4,70,219043.80314016787,0.15779208490625937,218059.56173064825,0.022812826114842977,17230.848210020322,215658.7098851164
train_OOF,2003-01-01,3,Input-only PolyRidge,Constant,gas_cum,5,70,317820.0449979136,0.18807095221245632,316707.55560556496,0.0321213158661725,17230.848210020322,313470.48730070115
train_OOF,2003-01-01,3,Input-only PolyRidge,Constant,gas_cum,6,70,430652.1112223905,0.21777598656813038,429474.91985682625,0.04232631336477438,17230.848210020322,425342.9790020012
train_OOF,2003-01-01,3,Input-only PolyRidge,Constant,gas_cum,7,70,558802.7306469304,0.2479004506245467,557601.0514919083,0.053498111985012316,17230.848210020322,552591.2852117924
train_OOF,2003-01-01,3,Input-only PolyRidge,Constant,gas_cum,8,70,700384.6496060448,0.27822507015450243,699183.3595330161,0.06543351944660615,17230.848210020322,693356.3057072988
train_OOF,2003-01-01,3,Input-only PolyRidge,Constant,gas_cum,9,70,852882.5228260736,0.3089256669939492,851698.6726601621,0.07793568557107439,17230.848210020322,845175.3829001079
train_OOF,2003-01-01,3,Input-only PolyRidge,Constant,gas_cum,10,70,1023180.0093911929,0.34209792696199276,1022023.7848444368,0.09159891786794871,17230.848210020322,1014903.1031728348
train_OOF,2003-01-01,3,Input-only PolyRidge,Constant,gas_cum,11,70,1209478.9298132951,0.3768490370482352,1208354.150564745,0.10622571433777962,17230.848210020322,1200721.395096908
train_OOF,2003-01-01,3,Input-only PolyRidge,Constant,gas_cum,12,70,1406312.3789135984,0.4114971687007071,1405215.9657915444,0.12132146455041201,17230.848210020322,1397121.21559241
train_OOF,2003-01-01,3,Input-only PolyRidge,Constant,oil_cum,1,70,53705.83788062931,0.05170523814997144,66935.29098699192,0.00284348569147416,49098.484265864005,51586.37359969983
train_OOF,2003-01-01,3,Input-only PolyRidge,Constant,oil_cum,2,70,181889.76525128307,0.09030619690756649,182949.26847902546,0.007463433465809929,49098.484265864005,177711.75992193585
train_OOF,2003-01-01,3,Input-only PolyRidge,Constant,oil_cum,3,70,371459.8082442959,0.12634094711057592,369849.801357127,0.014540080735599552,49098.484265864005,364835.6732524263
train_OOF,2003-01-01,3,Input-only PolyRidge,Constant,oil_cum,4,70,606168.7946577657,0.1586484227633693,603661.8057142567,0.022939544702058456,49098.484265864005,596982.9580114887
train_OOF,2003-01-01,3,Input-only PolyRidge,Constant,oil_cum,5,70,878596.7581005073,0.18888331816780998,875662.0870584648,0.032259511719543776,49098.484265864005,866822.0871908696
train_OOF,2003-01-01,3,Input-only PolyRidge,Constant,oil_cum,6,70,1189597.32562455,0.21853426455572628,1186432.9830424234,0.042471668575652266,49098.484265864005,1175237.302084537
train_OOF,2003-01-01,3,Input-only PolyRidge,Constant,oil_cum,7,70,1542850.6622616805,0.2486351745758968,1539583.7163499505,0.05365372698437718,49098.484265864005,1526056.0154150247
train_OOF,2003-01-01,3,Input-only PolyRidge,Constant,oil_cum,8,70,1933127.5882648593,0.2789521719958717,1929836.6224913208,0.06560098533239801,49098.484265864005,1914129.6144597926
train_OOF,2003-01-01,3,Input-only PolyRidge,Constant,oil_cum,9,70,2353433.471894056,0.30964698958569314,2350171.649281012,0.07811406900255814,49098.484265864005,2332604.559488061
train_OOF,2003-01-01,3,Input-only PolyRidge,Constant,oil_cum,10,70,2822790.6328848875,0.34282386731351927,2819589.9376269323,0.09178965643236875,49098.484265864005,2800420.8600960076
train_OOF,2003-01-01,3,Input-only PolyRidge,Constant,oil_cum,11,70,3336373.006185537,0.3776073295766602,3333248.3631896363,0.1064346177250582,49098.484265864005,3312691.6019979194
train_OOF,2003-01-01,3,Input-only PolyRidge,Constant,oil_cum,12,70,3879049.602621222,0.41230041471827666,3875996.28377416,0.12155146638202288,49098.484265864005,3854174.0581855467
train_OOF,2003-01-01,3,Input-only PolyRidge,Constant,water_cum,1,70,21607.89214365995,0.04424988069124097,40183.71238370301,0.011548988858766722,28457.40413034156,-16274.111808748494
train_OOF,2003-01-01,3,Input-only PolyRidge,Constant,water_cum,2,70,52218.9570633568,0.052785488410067555,61099.50832856817,0.015356196089944941,28457.40413034156,-42505.02595108625
train_OOF,2003-01-01,3,Input-only PolyRidge,Constant,water_cum,3,70,92124.35453017642,0.06142755340994058,94606.17971119742,0.02108230132324393,28457.40413034156,-75158.40849844141
train_OOF,2003-01-01,3,Input-only PolyRidge,Constant,water_cum,4,70,148888.12852869634,0.07353477859712833,148004.52469351358,0.029538888364309995,28457.40413034156,-123923.66961722512
train_OOF,2003-01-01,3,Input-only PolyRidge,Constant,water_cum,5,70,220814.61763568842,0.08631498599649956,218376.62876212367,0.039404137533233366,28457.40413034156,-187528.94804527887
train_OOF,2003-01-01,3,Input-only PolyRidge,Constant,water_cum,6,70,306949.79074351245,0.09886160475872549,303799.94753109687,0.04991358816179903,28457.40413034156,-265061.1157590477
train_OOF,2003-01-01,3,Input-only PolyRidge,Constant,water_cum,7,70,407517.93676642305,0.1110185022987782,404099.98659031425,0.060763512517687766,28457.40413034156,-357195.8090206926
train_OOF,2003-01-01,3,Input-only PolyRidge,Constant,water_cum,8,70,521584.55534102966,0.12270730054438311,518156.8801537526,0.07168373396469122,28457.40413034156,-463587.81656805146
train_OOF,2003-01-01,3,Input-only PolyRidge,Constant,water_cum,9,70,645844.6301743337,0.1336763880684481,642544.0803469283,0.08229952496390036,28457.40413034156,-581199.8015910867
train_OOF,2003-01-01,3,Input-only PolyRidge,Constant,water_cum,10,70,783176.9344562269,0.1442063284789223,780057.4985554459,0.09280569827262264,28457.40413034156,-712492.3371619964
train_OOF,2003-01-01,3,Input-only PolyRidge,Constant,water_cum,11,70,932853.989251682,0.15422194396937453,929938.9570403629,0.1030793995460791,28457.40413034156,-856863.0947093526
train_OOF,2003-01-01,3,Input-only PolyRidge,Constant,water_cum,12,70,1092794.2813264295,0.1636505212236088,1090085.4313470586,0.11297368859961399,28457.40413034156,-1012169.409399566
train_OOF,2003-01-01,3,Input-only PolyRidge,Liquid-WC-time,gas_cum,1,70,8747.64129034726,0.02317648990919351,15802.852488439754,0.001848218679802263,17230.848210020322,6301.304436104599
train_OOF,2003-01-01,3,Input-only PolyRidge,Liquid-WC-time,gas_cum,2,70,19805.692524038393,0.027061717207676514,19864.372493272193,0.002230996187458934,17230.848210020322,12559.788593846892
train_OOF,2003-01-01,3,Input-only PolyRidge,Liquid-WC-time,gas_cum,3,70,28836.947849352426,0.02699433914631938,25240.89812930982,0.002731872250474246,17230.848210020322,11326.6659182395
train_OOF,2003-01-01,3,Input-only PolyRidge,Liquid-WC-time,gas_cum,4,70,37940.80356545562,0.027331330134827452,32497.634086462396,0.0033998182408254475,17230.848210020322,-4151.117891879899
train_OOF,2003-01-01,3,Input-only PolyRidge,Liquid-WC-time,gas_cum,5,70,59387.64461271588,0.035142814456658164,54554.62473131852,0.00553307397294186,17230.848210020322,-35404.57029108186
train_OOF,2003-01-01,3,Input-only PolyRidge,Liquid-WC-time,gas_cum,6,70,99736.36570042057,0.05043557170886024,96268.1441343086,0.009487575286194557,17230.848210020322,-82812.15726052572
train_OOF,2003-01-01,3,Input-only PolyRidge,Liquid-WC-time,gas_cum,7,70,158385.83644220236,0.07026436714278679,156006.17455436641,0.01496775476719844,17230.848210020322,-146393.00571433295
train_OOF,2003-01-01,3,Input-only PolyRidge,Liquid-WC-time,gas_cum,8,70,233190.64643926852,0.0926340747208451,231601.216542327,0.021674547169717624,17230.848210020322,-224860.21252521515
train_OOF,2003-01-01,3,Input-only PolyRidge,Liquid-WC-time,gas_cum,9,70,318619.0318067824,0.11540815327265078,317603.6765112301,0.029062696776883508,17230.848210020322,-312997.5910918438
train_OOF,2003-01-01,3,Input-only PolyRidge,Liquid-WC-time,gas_cum,10,70,412846.39945583424,0.13803426191995277,412274.66315078724,0.036950131267965806,17230.848210020322,-409184.8845318704
train_OOF,2003-01-01,3,Input-only PolyRidge,Liquid-WC-time,gas_cum,11,70,515816.75923232944,0.16071801187975351,515607.2102870927,0.04532673157522415,17230.848210020322,-513432.5693449784
train_OOF,2003-01-01,3,Input-only PolyRidge,Liquid-WC-time,gas_cum,12,70,627593.7562920263,0.1836384701441052,627679.7833894504,0.05419169184190016,17230.848210020322,-625790.0918025273
train_OOF,2003-01-01,3,Input-only PolyRidge,Liquid-WC-time,oil_cum,1,70,24297.49510224722,0.023392387499880787,45476.85407803381,0.0019319073982852755,49098.484265864005,17542.556173310695
train_OOF,2003-01-01,3,Input-only PolyRidge,Liquid-WC-time,oil_cum,2,70,54875.661396031785,0.027245140905079228,56668.433967221295,0.0023117943572126846,49098.484265864005,34902.79687676829
train_OOF,2003-01-01,3,Input-only PolyRidge,Liquid-WC-time,oil_cum,3,70,79647.21701435563,0.027089619412330568,71232.56574380552,0.002800399657153626,49098.484265864005,31442.012663760303
train_OOF,2003-01-01,3,Input-only PolyRidge,Liquid-WC-time,oil_cum,4,70,104428.5579524509,0.02733137396154346,90668.35054029869,0.003445456811401455,49098.484265864005,-11236.880380047485
train_OOF,2003-01-01,3,Input-only PolyRidge,Liquid-WC-time,oil_cum,5,70,163341.65363502657,0.03511566967342663,150781.31704986357,0.00555480445750252,49098.484265864005,-97451.29396502998
train_OOF,2003-01-01,3,Input-only PolyRidge,Liquid-WC-time,oil_cum,6,70,274644.6742928046,0.05045343547591984,265532.47918026405,0.009505473644955307,49098.484265864005,-228258.11339732286
train_OOF,2003-01-01,3,Input-only PolyRidge,Liquid-WC-time,oil_cum,7,70,436338.08507521154,0.07031723718337886,430067.1012619859,0.014987624635819518,49098.484265864005,-403511.16553457855
train_OOF,2003-01-01,3,Input-only PolyRidge,Liquid-WC-time,oil_cum,8,70,642476.3507126574,0.09270995591560618,638300.1138712036,0.0216977519856975,49098.484265864005,-619690.7447485498
train_OOF,2003-01-01,3,Input-only PolyRidge,Liquid-WC-time,oil_cum,9,70,877878.1251404944,0.11550456892844069,875237.6338403831,0.029090799790883082,49098.484265864005,-862496.4120856647
train_OOF,2003-01-01,3,Input-only PolyRidge,Liquid-WC-time,oil_cum,10,70,1137473.909666897,0.1381445723028005,1136027.6479772432,0.03698253640146878,49098.484265864005,-1127422.1375553643
train_OOF,2003-01-01,3,Input-only PolyRidge,Liquid-WC-time,oil_cum,11,70,1420983.7626244416,0.1608255081136366,1420519.8790346025,0.04535890333452843,49098.484265864005,-1414379.305314773
train_OOF,2003-01-01,3,Input-only PolyRidge,Liquid-WC-time,oil_cum,12,70,1728639.9657846994,0.183735463013932,1728983.4655473037,0.054221020919789864,49098.484265864005,-1723574.0186093908
train_OOF,2003-01-01,3,Input-only PolyRidge,Liquid-WC-time,water_cum,1,70,22887.442637045093,0.04687021757066789,37376.990987808844,0.010742323864220572,28457.40413034156,18766.935265154847
train_OOF,2003-01-01,3,Input-only PolyRidge,Liquid-WC-time,water_cum,2,70,106311.22053026789,0.10746460700760412,106051.6264284294,0.026654053619136763,28457.40413034156,102309.4382518228
train_OOF,2003-01-01,3,Input-only PolyRidge,Liquid-WC-time,water_cum,3,70,266340.49788174574,0.17759305063572497,262853.3935498034,0.05857497325830915,28457.40413034156,261260.06534577734
train_OOF,2003-01-01,3,Input-only PolyRidge,Liquid-WC-time,water_cum,4,70,494565.38849368034,0.24426229749859543,490309.93095015915,0.09785653745546627,28457.40413034156,488340.2545937143
train_OOF,2003-01-01,3,Input-only PolyRidge,Liquid-WC-time,water_cum,5,70,788752.5460690602,0.3083181978512772,784376.8014367449,0.1415338790459978,28457.40413034156,781796.6735525652
train_OOF,2003-01-01,3,Input-only PolyRidge,Liquid-WC-time,water_cum,6,70,1151641.0907421268,0.3709176216119053,1147369.560728182,0.18851001189757832,28457.40413034156,1144494.6561081298
train_OOF,2003-01-01,3,Input-only PolyRidge,Liquid-WC-time,water_cum,7,70,1586242.3976776013,0.43213375261547493,1582168.3140983593,0.23790672444706515,28457.40413034156,1579450.883135727
train_OOF,2003-01-01,3,Input-only PolyRidge,Liquid-WC-time,water_cum,8,70,2084412.8844935987,0.49037624994265344,2080568.775648048,0.28783355837047425,28457.40413034156,2078331.1691347098
train_OOF,2003-01-01,3,Input-only PolyRidge,Liquid-WC-time,water_cum,9,70,2628291.2814034666,0.5440015583855992,2624675.338053814,0.3361785441858925,28457.40413034156,2622996.7188304137
train_OOF,2003-01-01,3,Input-only PolyRidge,Liquid-WC-time,water_cum,10,70,3230113.518625065,0.5947606353019941,3226714.2433641003,0.383891532401361,28457.40413034156,3225454.170138955
train_OOF,2003-01-01,3,Input-only PolyRidge,Liquid-WC-time,water_cum,11,70,3885700.013546304,0.6423944332935224,3882500.339228806,0.43035706878960583,28457.40413034156,3881330.3202280556
train_OOF,2003-01-01,3,Input-only PolyRidge,Liquid-WC-time,water_cum,12,70,4582308.161741483,0.6862198420053665,4579286.031270505,0.4745855868067346,28457.40413034156,4577720.133461382
train_OOF,2003-01-01,3,Input-only PolyRidge,Liquid-WC-volume,gas_cum,1,70,8586.072389305704,0.022748420229568998,15789.15066902201,0.001846616186922343,17230.848210020322,6205.134756699258
train_OOF,2003-01-01,3,Input-only PolyRidge,Liquid-WC-volume,gas_cum,2,70,19067.12605007169,0.02605256910375137,19383.32861055602,0.0021769694585147548,17230.848210020322,12139.008043932183
train_OOF,2003-01-01,3,Input-only PolyRidge,Liquid-WC-volume,gas_cum,3,70,27126.952172401478,0.025393607907926878,23752.654818791296,0.0025707967379813533,17230.848210020322,10304.031836996654
train_OOF,2003-01-01,3,Input-only PolyRidge,Liquid-WC-volume,gas_cum,4,70,35707.59150012922,0.025722596252499026,30541.40433083295,0.003195162554545656,17230.848210020322,-6075.935462887306
train_OOF,2003-01-01,3,Input-only PolyRidge,Liquid-WC-volume,gas_cum,5,70,58377.77556500298,0.034545221458977676,54052.15490097863,0.005482112157071351,17230.848210020322,-38519.53145353069
train_OOF,2003-01-01,3,Input-only PolyRidge,Liquid-WC-volume,gas_cum,6,70,100877.26575106427,0.05101251218501236,97920.52627480056,0.00965042354820747,17230.848210020322,-87390.73964438839
train_OOF,2003-01-01,3,Input-only PolyRidge,Liquid-WC-volume,gas_cum,7,70,161935.94755831867,0.07183929528323016,159995.99260247406,0.015350551270480472,17230.848210020322,-152682.52098317738
train_OOF,2003-01-01,3,Input-only PolyRidge,Liquid-WC-volume,gas_cum,8,70,239285.0139156545,0.09505503842931382,238068.19309905721,0.022279763284369123,17230.848210020322,-233027.91526109635
train_OOF,2003-01-01,3,Input-only PolyRidge,Liquid-WC-volume,gas_cum,9,70,327284.4999704677,0.11854690387503264,326591.6211152976,0.029885149185321556,17230.848210020322,-323092.60551546793
train_OOF,2003-01-01,3,Input-only PolyRidge,Liquid-WC-volume,gas_cum,10,70,424132.88286434556,0.1418078721755324,423846.3423913861,0.03798724342922064,17230.848210020322,-421247.03374396294
train_OOF,2003-01-01,3,Input-only PolyRidge,Liquid-WC-volume,gas_cum,11,70,529722.939221112,0.16505089475072765,529768.504230344,0.04657164273340247,17230.848210020322,-527436.4417782956
train_OOF,2003-01-01,3,Input-only PolyRidge,Liquid-WC-volume,gas_cum,12,70,644017.2688310251,0.18844410864324113,644332.8552493589,0.055629460210956015,17230.848210020322,-641634.8451384325
train_OOF,2003-01-01,3,Input-only PolyRidge,Liquid-WC-volume,oil_cum,1,70,23851.59868853672,0.022963101203065835,45439.76000958236,0.0019303316009543763,49098.484265864005,17277.85239667073
train_OOF,2003-01-01,3,Input-only PolyRidge,Liquid-WC-volume,oil_cum,2,70,52842.423960869375,0.026235661675030487,55383.895136482475,0.0022593914688208813,49098.484265864005,33744.610520363756
train_OOF,2003-01-01,3,Input-only PolyRidge,Liquid-WC-volume,oil_cum,3,70,74948.87459859652,0.025491618720243817,67243.0570305359,0.0026435582080749343,49098.484265864005,28627.23702831343
train_OOF,2003-01-01,3,Input-only PolyRidge,Liquid-WC-volume,oil_cum,4,70,98293.5168636872,0.025725691516490602,85387.05694204255,0.0032447641894149675,49098.484265864005,-16534.90209779654
train_OOF,2003-01-01,3,Input-only PolyRidge,Liquid-WC-volume,oil_cum,5,70,160609.07608484357,0.0345282121053549,149467.0861038268,0.005506388008700586,49098.484265864005,-106025.17272422303
train_OOF,2003-01-01,3,Input-only PolyRidge,Liquid-WC-volume,oil_cum,6,70,277868.28926218324,0.05104562773406411,270165.8626951393,0.009671338495174694,49098.484265864005,-240860.59848272672
train_OOF,2003-01-01,3,Input-only PolyRidge,Liquid-WC-volume,oil_cum,7,70,446204.4896291984,0.07190723891116815,441142.65146682784,0.015373602053339359,49098.484265864005,-420822.9851212324
train_OOF,2003-01-01,3,Input-only PolyRidge,Liquid-WC-volume,oil_cum,8,70,659348.6973835329,0.095144651783111,656196.8653243226,0.022306116712478362,49098.484265864005,-642172.2701081841
train_OOF,2003-01-01,3,Input-only PolyRidge,Liquid-WC-volume,oil_cum,9,70,901828.6862348438,0.1186558027450418,900074.9087491425,0.029916331239469775,49098.484265864005,-890282.8601924444
train_OOF,2003-01-01,3,Input-only PolyRidge,Liquid-WC-volume,oil_cum,10,70,1168638.4204281382,0.14192945736570137,1167976.557468355,0.03802260942288343,49098.484265864005,-1160623.1230863717
train_OOF,2003-01-01,3,Input-only PolyRidge,Liquid-WC-volume,oil_cum,11,70,1459354.4332163671,0.16516826188529835,1459592.3865425305,0.04660653535801986,49098.484265864005,-1452924.883623457
train_OOF,2003-01-01,3,Input-only PolyRidge,Liquid-WC-volume,oil_cum,12,70,1773932.3547243893,0.18854954704389565,1774907.4789546407,0.05566120062150362,49098.484265864005,-1767186.6210542687
train_OOF,2003-01-01,3,Input-only PolyRidge,Liquid-WC-volume,water_cum,1,70,23099.627099168232,0.04730474108046053,37660.15449166228,0.010823706393539564,28457.40413034156,19031.63904179484
train_OOF,2003-01-01,3,Input-only PolyRidge,Liquid-WC-volume,water_cum,2,70,107264.58062609973,0.10842831025100853,107237.3681595368,0.026952067188034865,28457.40413034156,103467.6246082273
train_OOF,2003-01-01,3,Input-only PolyRidge,Liquid-WC-volume,water_cum,3,70,268722.9746187722,0.1791816611368026,265488.8547665369,0.05916226668529785,28457.40413034156,264074.8409812243
train_OOF,2003-01-01,3,Input-only PolyRidge,Liquid-WC-volume,water_cum,4,70,499205.1767949967,0.2465538556560283,495209.67768837896,0.09883443372055262,28457.40413034156,493638.2763114631
train_OOF,2003-01-01,3,Input-only PolyRidge,Liquid-WC-volume,water_cum,5,70,796507.4666691514,0.31134954545936533,792394.038664849,0.14298051882683668,28457.40413034156,790370.5523117583
train_OOF,2003-01-01,3,Input-only PolyRidge,Liquid-WC-volume,water_cum,6,70,1163369.2888045684,0.3746950096940819,1159358.8449226248,0.1904798219600864,28457.40413034156,1157097.1411935342
train_OOF,2003-01-01,3,Input-only PolyRidge,Liquid-WC-volume,water_cum,7,70,1602768.7871850054,0.4366359716492591,1598951.6207306876,0.24043038863039407,28457.40413034156,1596762.7027223809
train_OOF,2003-01-01,3,Input-only PolyRidge,Liquid-WC-volume,water_cum,8,70,2106361.22143118,0.49553978699426005,2102767.591923889,0.2909046244919475,28457.40413034156,2100812.694494343
train_OOF,2003-01-01,3,Input-only PolyRidge,Liquid-WC-volume,water_cum,9,70,2655940.2832865748,0.5497243259565457,2652566.7939073234,0.3397509894663097,28457.40413034156,2650783.166937192
train_OOF,2003-01-01,3,Input-only PolyRidge,Liquid-WC-volume,water_cum,10,70,3263698.392814754,0.6009446164513933,3260532.1605953085,0.3879149478913474,28457.40413034156,3258655.1556699625
train_OOF,2003-01-01,3,Input-only PolyRidge,Liquid-WC-volume,water_cum,11,70,3925253.5757813402,0.6489335351562848,3922276.55696421,0.43476607715444365,28457.40413034156,3919875.8985367394
train_OOF,2003-01-01,3,Input-only PolyRidge,Liquid-WC-volume,water_cum,12,70,4627614.359969788,0.6930046349727333,4624804.04284902,0.47930295804927125,28457.40413034156,4621332.735906255
train_OOF,2003-01-01,3,Input-only PolyRidge,Separate,gas_cum,1,70,15689.681192198419,0.04156911854978619,20337.753253912182,0.0023785968701908037,17230.848210020322,14324.43191716136
train_OOF,2003-01-01,3,Input-only PolyRidge,Separate,gas_cum,2,70,50630.71977303131,0.0691798188251139,50065.38917309996,0.005622915720426795,17230.848210020322,47027.03658861346
train_OOF,2003-01-01,3,Input-only PolyRidge,Separate,gas_cum,3,70,100121.08497629302,0.0937235985467931,98256.01684943773,0.010634442740427501,17230.848210020322,93188.57055300295
train_OOF,2003-01-01,3,Input-only PolyRidge,Separate,gas_cum,4,70,158504.88568225031,0.1141818030050636,156114.33848631525,0.016332277427582725,17230.848210020322,147266.21053049617
train_OOF,2003-01-01,3,Input-only PolyRidge,Separate,gas_cum,5,70,223708.17236332071,0.13237997305788005,221010.47900372362,0.02241546587746753,17230.848210020322,207323.19613240633
train_OOF,2003-01-01,3,Input-only PolyRidge,Separate,gas_cum,6,70,295913.600244606,0.14964021899086397,293011.1103317152,0.02887730924868705,17230.848210020322,273615.172830877
train_OOF,2003-01-01,3,Input-only PolyRidge,Separate,gas_cum,7,70,375835.5146943018,0.166731099086725,372799.7537304862,0.03576765667800751,17230.848210020322,347037.60018983006
train_OOF,2003-01-01,3,Input-only PolyRidge,Separate,gas_cum,8,70,462077.02017313807,0.18355829389860062,458957.14056642837,0.042951795938721914,17230.848210020322,426395.98896703206
train_OOF,2003-01-01,3,Input-only PolyRidge,Separate,gas_cum,9,70,553512.0804904351,0.20048961501534557,550351.0377890529,0.050360516943011045,17230.848210020322,511000.5484416369
train_OOF,2003-01-01,3,Input-only PolyRidge,Separate,gas_cum,10,70,655074.1982327083,0.21902257976584344,651906.4908528756,0.05842714230207894,17230.848210020322,605771.4063160615
train_OOF,2003-01-01,3,Input-only PolyRidge,Separate,gas_cum,11,70,764977.983133661,0.2383515819920258,761819.3863151309,0.06697110153498631,17230.848210020322,708843.877271639
train_OOF,2003-01-01,3,Input-only PolyRidge,Separate,gas_cum,12,70,878862.2079229157,0.25716143558212334,875709.534941766,0.07560571889748631,17230.848210020322,815676.505727021
train_OOF,2003-01-01,3,Input-only PolyRidge,Separate,oil_cum,1,70,43417.93415593827,0.04180056980960487,57579.67341302851,0.0024460486397455124,49098.484265864005,39626.78017621072
train_OOF,2003-01-01,3,Input-only PolyRidge,Separate,oil_cum,2,70,139758.30046501395,0.06938840447577828,138798.2166227357,0.005662286947354618,49098.484265864005,129776.28025431735
train_OOF,2003-01-01,3,Input-only PolyRidge,Separate,oil_cum,3,70,275914.8464591146,0.09384418515767909,271079.5306679624,0.010657078217204928,49098.484265864005,256772.51213603825
train_OOF,2003-01-01,3,Input-only PolyRidge,Separate,oil_cum,4,70,436486.05700743967,0.11423851757583256,430065.04852217383,0.01634275402548356,49098.484265864005,405549.6129126438
train_OOF,2003-01-01,3,Input-only PolyRidge,Separate,oil_cum,5,70,615703.0621584284,0.13236565729879646,608347.556159503,0.022411607636694465,49098.484265864005,570673.2872510131
train_OOF,2003-01-01,3,Input-only PolyRidge,Separate,oil_cum,6,70,814073.1452253563,0.1495488198016833,806090.7129626388,0.02885625913321078,49098.484265864005,752832.0647984543
train_OOF,2003-01-01,3,Input-only PolyRidge,Separate,oil_cum,7,70,1033736.4226720271,0.166589834131937,1025344.4838331426,0.03573274542741129,49098.484265864005,954689.5610104689
train_OOF,2003-01-01,3,Input-only PolyRidge,Separate,oil_cum,8,70,1270830.0595862805,0.183382001018065,1262176.4835991235,0.042905197270322916,49098.484265864005,1172935.271513585
train_OOF,2003-01-01,3,Input-only PolyRidge,Separate,oil_cum,9,70,1522209.6123278756,0.20028083632055615,1513420.2620695662,0.050302459744733366,49098.484265864005,1405613.0389732495
train_OOF,2003-01-01,3,Input-only PolyRidge,Separate,oil_cum,10,70,1801510.2048715032,0.21879082644100747,1792685.4743645522,0.058359544268239014,49098.484265864005,1666311.9982758109
train_OOF,2003-01-01,3,Input-only PolyRidge,Separate,oil_cum,11,70,2103958.282933531,0.23812387502425592,2095148.0812655108,0.06690059089791174,49098.484265864005,1950016.9304400224
train_OOF,2003-01-01,3,Input-only PolyRidge,Separate,oil_cum,12,70,2417478.4561551022,0.25695143711792734,2408678.9855712545,0.0755363115195413,49098.484265864005,2244157.1845788695
train_OOF,2003-01-01,3,Input-only PolyRidge,Separate,water_cum,1,70,14882.409082736283,0.030477050789174162,33776.01448601305,0.009707386198362035,28457.40413034156,406.556340965898
train_OOF,2003-01-01,3,Input-only PolyRidge,Separate,water_cum,2,70,45576.6380446124,0.04607110586974792,46539.32565227973,0.01169677187526658,28457.40413034156,24522.90618962957
train_OOF,2003-01-01,3,Input-only PolyRidge,Separate,water_cum,3,70,109014.65467318642,0.0726898284015642,101365.01792492547,0.022588459422554705,28457.40413034156,76327.64459049414
train_OOF,2003-01-01,3,Input-only PolyRidge,Separate,water_cum,4,70,195638.07622496795,0.09662424239282698,185291.580308092,0.036980675536112055,28457.40413034156,145100.54441419992
train_OOF,2003-01-01,3,Input-only PolyRidge,Separate,water_cum,5,70,302097.08262514067,0.1180877685343872,290671.4721406032,0.052449104696511,28457.40413034156,229661.0884993919
train_OOF,2003-01-01,3,Input-only PolyRidge,Separate,water_cum,6,70,428862.6417215553,0.13812698447834146,416955.11079811305,0.06850470466326863,28457.40413034156,331406.4665376163
train_OOF,2003-01-01,3,Input-only PolyRidge,Separate,water_cum,7,70,576380.8576414961,0.1570211610236943,564269.0836158596,0.08484774229997044,28457.40413034156,451528.7901612067
train_OOF,2003-01-01,3,Input-only PolyRidge,Separate,water_cum,8,70,741669.5538149289,0.17448420953546584,729493.821301005,0.1009208658958854,28457.40413034156,587962.2040352803
train_OOF,2003-01-01,3,Input-only PolyRidge,Separate,water_cum,9,70,919820.8823747094,0.1903837664371285,907657.3711391513,0.1162562581455924,28457.40413034156,736898.6762351487
train_OOF,2003-01-01,3,Input-only PolyRidge,Separate,water_cum,10,70,1116892.6676925141,0.20565338919843867,1104781.805822584,0.13143908893655248,28457.40413034156,903712.4833070289
train_OOF,2003-01-01,3,Input-only PolyRidge,Separate,water_cum,11,70,1333361.3046316276,0.2204348963322614,1321328.0201276883,0.14646305317894104,28457.40413034156,1089385.9594746516
train_OOF,2003-01-01,3,Input-only PolyRidge,Separate,water_cum,12,70,1567298.9025536554,0.23470957590002217,1555356.4359036428,0.16119319513705171,28457.40413034156,1292378.5520248786
train_OOF,2003-01-01,5,History-conditioned,Constant,gas_cum,1,70,19390.80560079732,0.0513750844852226,19390.80560079732,0.0022678468430952464,0.0,18474.957938058036
train_OOF,2003-01-01,5,History-conditioned,Constant,gas_cum,2,70,66120.6925159603,0.09034470671858148,66120.6925159603,0.007426109884176474,0.0,64050.91183733259
train_OOF,2003-01-01,5,History-conditioned,Constant,gas_cum,3,70,135193.98299751358,0.12655542627610541,135193.98299751358,0.014632311762041621,0.0,131857.84741210938
train_OOF,2003-01-01,5,History-conditioned,Constant,gas_cum,4,70,220630.90900056707,0.15893538473528526,220630.90900056707,0.02308183380101815,0.0,216024.76155831473
train_OOF,2003-01-01,5,History-conditioned,Constant,gas_cum,5,70,319750.5928444462,0.18921335961407718,319750.5928444462,0.032429948731453315,0.0,313927.801171875
train_OOF,2003-01-01,5,History-conditioned,Constant,gas_cum,6,70,432889.5798645148,0.21890744959421607,432889.5798645148,0.04266284051184917,0.0,425891.55507114955
train_OOF,2003-01-01,5,History-conditioned,Constant,gas_cum,7,70,561317.5849501657,0.24901611001709362,561317.5849501657,0.05385468864966157,0.0,553232.1263602121
train_OOF,2003-01-01,5,History-conditioned,Constant,gas_cum,8,70,703152.5144819055,0.279324593680179,703152.5144819055,0.06580497533724436,0.0,694089.4119349888
train_OOF,2003-01-01,5,History-conditioned,Constant,gas_cum,9,70,855874.2440544938,0.310009309173516,855874.2440544938,0.07831777612694175,0.0,845998.7484444755
train_OOF,2003-01-01,5,History-conditioned,Constant,gas_cum,10,70,1026372.5296029733,0.3431653388897181,1026372.5296029733,0.09198867427075737,0.0,1015817.7309151785
train_OOF,2003-01-01,5,History-conditioned,Constant,gas_cum,11,70,1212852.4378073458,0.37790015353128853,1212852.4378073458,0.10662115616699705,0.0,1201728.2879185267
train_OOF,2003-01-01,5,History-conditioned,Constant,gas_cum,12,70,1409854.6039990883,0.41253364936847015,1409854.6039990883,0.12172194845790997,0.0,1398220.3734933035
train_OOF,2003-01-01,5,History-conditioned,Constant,gas_cum,13,70,1610033.5472843554,0.4455311083013372,1610033.5472843554,0.13669963950324338,0.0,1597928.095717076
train_OOF,2003-01-01,5,History-conditioned,Constant,gas_cum,14,70,1817818.3786569322,0.47751872608784657,1817818.3786569322,0.1518640973132045,0.0,1805247.7210449218
train_OOF,2003-01-01,5,History-conditioned,Constant,gas_cum,15,70,2032442.3862131732,0.5084295233186394,2032442.3862131732,0.1671446092653725,0.0,2019391.5637625558
train_OOF,2003-01-01,5,History-conditioned,Constant,gas_cum,16,70,2251764.47891127,0.5382441035814792,2251764.47891127,0.18240464208817733,0.0,2238217.8350516185
train_OOF,2003-01-01,5,History-conditioned,Constant,gas_cum,17,70,2470802.8069704166,0.5665546802805541,2470802.8069704166,0.19732437141027753,0.0,2456743.8572753905
train_OOF,2003-01-01,5,History-conditioned,Constant,gas_cum,18,70,2696640.841682567,0.5944558757417832,2696640.841682567,0.21240391863928634,0.0,2682040.0826032367
train_OOF,2003-01-01,5,History-conditioned,Constant,gas_cum,19,70,2929300.743996381,0.622043081221743,2929300.743996381,0.22764710884144235,0.0,2914115.4110351563
train_OOF,2003-01-01,5,History-conditioned,Constant,gas_cum,20,70,3166261.1926196166,0.6491249918162969,3166261.1926196166,0.2428973717951066,0.0,3150446.510895647
train_OOF,2003-01-01,5,History-conditioned,Constant,oil_cum,1,70,54278.98247330902,0.052257032495396996,54278.98247330902,0.0023058316134104105,0.0,51796.45611049107
train_OOF,2003-01-01,5,History-conditioned,Constant,oil_cum,2,70,183765.2795199542,0.09123736838175898,183765.2795199542,0.007496722716769881,0.0,178134.2591936384
train_OOF,2003-01-01,5,History-conditioned,Constant,oil_cum,3,70,374543.27981594286,0.12738969776974338,374543.27981594286,0.01472459768132067,0.0,365472.92353515624
train_OOF,2003-01-01,5,History-conditioned,Constant,oil_cum,4,70,610336.645817925,0.1597392460104569,610336.645817925,0.02319319300560819,0.0,597834.9593052455
train_OOF,2003-01-01,5,History-conditioned,Constant,oil_cum,5,70,883673.6965698896,0.18997477334948393,883673.6965698896,0.032554660515804225,0.0,867886.5052455358
train_OOF,2003-01-01,5,History-conditioned,Constant,oil_cum,6,70,1195481.7293615844,0.21961525542156118,1195481.7293615844,0.04279559361835215,0.0,1176514.1369001116
train_OOF,2003-01-01,5,History-conditioned,Constant,oil_cum,7,70,1549462.8043832183,0.24970074180863155,1549462.8043832183,0.05399800829013704,0.0,1527547.6012416296
train_OOF,2003-01-01,5,History-conditioned,Constant,oil_cum,8,70,1940396.3944817549,0.2800010677306018,1940396.3944817549,0.06595994392992098,0.0,1915835.951297433
train_OOF,2003-01-01,5,History-conditioned,Constant,oil_cum,9,70,2361277.3103403724,0.31067902256674174,2361277.3103403724,0.07848319454050567,0.0,2334520.9788364954
train_OOF,2003-01-01,5,History-conditioned,Constant,oil_cum,10,70,2831145.423693978,0.343838544655296,2831145.423693978,0.09216583669952344,0.0,2802549.696205357
train_OOF,2003-01-01,5,History-conditioned,Constant,oil_cum,11,70,3345190.529744205,0.37860528799386806,3345190.529744205,0.1068159454251124,0.0,3315035.1891183034
train_OOF,2003-01-01,5,History-conditioned,Constant,oil_cum,12,70,3888305.109915341,0.41328417359911557,3888305.109915341,0.12193747187773638,0.0,3856732.396316964
train_OOF,2003-01-01,5,History-conditioned,Constant,oil_cum,13,70,4440120.23313382,0.4463192456075274,4440120.23313382,0.13693401388184082,0.0,4407232.1952845985
train_OOF,2003-01-01,5,History-conditioned,Constant,oil_cum,14,70,5012731.997764052,0.47832157260431274,5012731.997764052,0.15211189946151796,0.0,4978555.341224888
train_OOF,2003-01-01,5,History-conditioned,Constant,oil_cum,15,70,5604046.625076798,0.5092284601439556,5604046.625076798,0.16740106446366948,0.0,5568549.891280692
train_OOF,2003-01-01,5,History-conditioned,Constant,oil_cum,16,70,6208383.001500249,0.5390517145759615,6208383.001500249,0.18267251658491515,0.0,6171514.155622209
train_OOF,2003-01-01,5,History-conditioned,Constant,oil_cum,17,70,6812033.268562009,0.5673850317871824,6812033.268562009,0.1976068761654694,0.0,6773743.611732701
train_OOF,2003-01-01,5,History-conditioned,Constant,oil_cum,18,70,7434441.472790763,0.5953127861961619,7434441.472790763,0.21270206265297775,0.0,7394651.18624442
train_OOF,2003-01-01,5,History-conditioned,Constant,oil_cum,19,70,8075627.775862858,0.6229249211446439,8075627.775862858,0.22796049257567574,0.0,8034222.450585937
train_OOF,2003-01-01,5,History-conditioned,Constant,oil_cum,20,70,8728623.014085235,0.650027486415679,8728623.014085235,0.2432247347246261,0.0,8685482.514927456
train_OOF,2003-01-01,5,History-conditioned,Constant,water_cum,1,70,17510.323400131452,0.035858644432756825,17510.323400131452,0.005032549703982447,0.0,-15860.341866629464
train_OOF,2003-01-01,5,History-conditioned,Constant,water_cum,2,70,49224.68447398745,0.04975873050544351,49224.68447398745,0.012371685598242092,0.0,-41672.88862304688
train_OOF,2003-01-01,5,History-conditioned,Constant,water_cum,3,70,91911.32987255733,0.06128551080242092,91911.32987255733,0.020481773572387278,0.0,-73903.3063406808
train_OOF,2003-01-01,5,History-conditioned,Constant,water_cum,4,70,151612.31466741912,0.0748802345884684,151612.31466741912,0.030258934629799224,0.0,-122245.6026297433
train_OOF,2003-01-01,5,History-conditioned,Constant,water_cum,5,70,225848.8052118109,0.08828281690728494,225848.8052118109,0.04075242590165941,0.0,-185432.513671875
train_OOF,2003-01-01,5,History-conditioned,Constant,water_cum,6,70,313773.9136079916,0.10105950082445975,313773.9136079916,0.05155228638787729,0.0,-262546.31399972097
train_OOF,2003-01-01,5,History-conditioned,Constant,water_cum,7,70,415679.00746148237,0.11324179056164366,415679.00746148237,0.06250462116157669,0.0,-354258.0424316406
train_OOF,2003-01-01,5,History-conditioned,Constant,water_cum,8,70,530678.6312421422,0.12484676095083941,530678.6312421422,0.07341603919535004,0.0,-460227.08514927456
train_OOF,2003-01-01,5,History-conditioned,Constant,water_cum,9,70,655548.1180278792,0.13568480796903298,655548.1180278792,0.08396513228406596,0.0,-577425.3002301897
train_OOF,2003-01-01,5,History-conditioned,Constant,water_cum,10,70,793291.2600664129,0.14606867873097354,793291.2600664129,0.09438015718119416,0.0,-708299.4684151786
train_OOF,2003-01-01,5,History-conditioned,Constant,water_cum,11,70,943254.6005838441,0.15594140115838506,943254.6005838441,0.10455537657730277,0.0,-852247.2611328125
train_OOF,2003-01-01,5,History-conditioned,Constant,water_cum,12,70,1103410.145010149,0.16524029127893045,1103410.145010149,0.11435462811936595,0.0,-1007130.6109933036
train_OOF,2003-01-01,5,History-conditioned,Constant,water_cum,13,70,1269866.9518434145,0.1738799101376715,1269866.9518434145,0.12360872608436077,0.0,-1168960.8475027902
train_OOF,2003-01-01,5,History-conditioned,Constant,water_cum,14,70,1449246.6985924959,0.18236056892231084,1449246.6985924959,0.13276222380660527,0.0,-1344147.2299734931
train_OOF,2003-01-01,5,History-conditioned,Constant,water_cum,15,70,1641924.1681508466,0.19070058284453614,1641924.1681508466,0.14181690205716024,0.0,-1532989.2012625558
train_OOF,2003-01-01,5,History-conditioned,Constant,water_cum,16,70,1845292.8386109911,0.19876440904643877,1845292.8386109911,0.15062923474624212,0.0,-1732886.6439801897
train_OOF,2003-01-01,5,History-conditioned,Constant,water_cum,17,70,2053789.9244264837,0.206354054617274,2053789.9244264837,0.15898053362863684,0.0,-1938186.6804896763
train_OOF,2003-01-01,5,History-conditioned,Constant,water_cum,18,70,2275248.881106748,0.2138386080814928,2275248.881106748,0.16723835804412962,0.0,-2156714.0201032367
train_OOF,2003-01-01,5,History-conditioned,Constant,water_cum,19,70,2509566.4796052277,0.22119562053567937,2509566.4796052277,0.17537961551645126,0.0,-2388284.9628208703
train_OOF,2003-01-01,5,History-conditioned,Constant,water_cum,20,70,2753886.3703466235,0.22833053038938173,2753886.3703466235,0.18329969481198444,0.0,-2629989.019824219
train_OOF,2003-01-01,5,History-conditioned,Liquid-WC-time,gas_cum,1,70,8652.370887455765,0.022924075177270742,8652.370887455765,0.0010119358837571417,0.0,6111.3144377888575
train_OOF,2003-01-01,5,History-conditioned,Liquid-WC-time,gas_cum,2,70,21206.38031155296,0.028975561763021372,21206.38031155296,0.002381719011808835,0.0,12195.353157138772
train_OOF,2003-01-01,5,History-conditioned,Liquid-WC-time,gas_cum,3,70,33220.2906165798,0.03109759729524858,33220.2906165798,0.003595497657143228,0.0,10809.650410703782
train_OOF,2003-01-01,5,History-conditioned,Liquid-WC-time,gas_cum,4,70,46339.50739961051,0.033381485261350055,46339.50739961051,0.004847919147249271,0.0,-4792.599672686042
train_OOF,2003-01-01,5,History-conditioned,Liquid-WC-time,gas_cum,5,70,69956.51359997611,0.04139697395832138,69956.51359997611,0.007095174177150387,0.0,-36139.51546105926
train_OOF,2003-01-01,5,History-conditioned,Liquid-WC-time,gas_cum,6,70,110415.24991780998,0.05583576477719949,110415.24991780998,0.010881823948716483,0.0,-83611.24543807592
train_OOF,2003-01-01,5,History-conditioned,Liquid-WC-time,gas_cum,7,70,168504.2200821621,0.07475316386186173,168504.2200821621,0.016166859104342072,0.0,-147229.0031947034
train_OOF,2003-01-01,5,History-conditioned,Liquid-WC-time,gas_cum,8,70,242634.39276001262,0.09638556611073816,242634.39276001262,0.02270709398416119,0.0,-225707.90544076244
train_OOF,2003-01-01,5,History-conditioned,Liquid-WC-time,gas_cum,9,70,327464.5081545661,0.11861210529122852,327464.5081545661,0.029965023737220313,0.0,-313835.45793177123
train_OOF,2003-01-01,5,History-conditioned,Liquid-WC-time,gas_cum,10,70,421170.748852397,0.1408174893537705,421170.748852397,0.03774744326364702,0.0,-409994.5860897783
train_OOF,2003-01-01,5,History-conditioned,Liquid-WC-time,gas_cum,11,70,523615.01847283443,0.163147790863907,523615.01847283443,0.046030693360279276,0.0,-514198.31038052205
train_OOF,2003-01-01,5,History-conditioned,Liquid-WC-time,gas_cum,12,70,634831.0812138355,0.18575616373689877,634831.0812138355,0.05480911005135088,0.0,-626499.4328216122
train_OOF,2003-01-01,5,History-conditioned,Liquid-WC-time,gas_cum,13,70,752367.2959474863,0.20819630484007673,752367.2959474863,0.06387962431188204,0.0,-744469.7457970898
train_OOF,2003-01-01,5,History-conditioned,Liquid-WC-time,gas_cum,14,70,879772.6455480221,0.2311055482118167,879772.6455480221,0.07349792488934614,0.0,-871725.6106310282
train_OOF,2003-01-01,5,History-conditioned,Liquid-WC-time,gas_cum,15,70,1016076.3215878066,0.25417852104667776,1016076.3215878066,0.0835603906450798,0.0,-1007352.3953537215
train_OOF,2003-01-01,5,History-conditioned,Liquid-WC-time,gas_cum,16,70,1157811.3619338805,0.2767541385686409,1157811.3619338805,0.09378874613977624,0.0,-1147956.6832148049
train_OOF,2003-01-01,5,History-conditioned,Liquid-WC-time,gas_cum,17,70,1300112.5905578223,0.298115604771947,1300112.5905578223,0.10383017979851335,0.0,-1288788.4017001665
train_OOF,2003-01-01,5,History-conditioned,Liquid-WC-time,gas_cum,18,70,1446365.2850049904,0.31884125199397473,1446365.2850049904,0.11392457221971113,0.0,-1433253.1331098194
train_OOF,2003-01-01,5,History-conditioned,Liquid-WC-time,gas_cum,19,70,1595537.284272809,0.3388156475730088,1595537.284272809,0.1239952744892623,0.0,-1580371.337584071
train_OOF,2003-01-01,5,History-conditioned,Liquid-WC-time,gas_cum,20,70,1745037.4134613741,0.3577555128340704,1745037.4134613741,0.13386924692186006,0.0,-1727632.7432992372
train_OOF,2003-01-01,5,History-conditioned,Liquid-WC-time,oil_cum,1,70,24092.977509188084,0.0231954884052519,24092.977509188084,0.0010234965113649656,0.0,17020.052098505785
train_OOF,2003-01-01,5,History-conditioned,Liquid-WC-time,oil_cum,2,70,58877.773340849315,0.0292321439056907,58877.773340849315,0.0024019245750351043,0.0,33900.530604105494
train_OOF,2003-01-01,5,History-conditioned,Liquid-WC-time,oil_cum,3,70,91947.44570730123,0.031273174424886335,91947.44570730123,0.0036147735624315856,0.0,30020.125971422716
train_OOF,2003-01-01,5,History-conditioned,Liquid-WC-time,oil_cum,4,70,127921.45331247608,0.033480009173155016,127921.45331247608,0.004861099159887639,0.0,-13001.047571478624
train_OOF,2003-01-01,5,History-conditioned,Liquid-WC-time,oil_cum,5,70,192800.41407329694,0.04144880073655604,192800.41407329694,0.007102793770852332,0.0,-99472.44803710973
train_OOF,2003-01-01,5,History-conditioned,Liquid-WC-time,oil_cum,6,70,304277.6115221942,0.05589713646999427,304277.6115221942,0.010892463422942119,0.0,-230455.58392020944
train_OOF,2003-01-01,5,History-conditioned,Liquid-WC-time,oil_cum,7,70,464333.97102932434,0.07482886112850125,464333.97102932434,0.016181808008624222,0.0,-405810.0192415492
train_OOF,2003-01-01,5,History-conditioned,Liquid-WC-time,oil_cum,8,70,668517.4067369605,0.09646770536946699,668517.4067369605,0.022724929189699497,0.0,-622021.6064773268
train_OOF,2003-01-01,5,History-conditioned,Liquid-WC-time,oil_cum,9,70,902176.6986851791,0.11870159159306815,902176.6986851791,0.029986189696039393,0.0,-864800.0692145799
train_OOF,2003-01-01,5,History-conditioned,Liquid-WC-time,oil_cum,10,70,1160255.552632312,0.14091137011421928,1160255.552632312,0.03777125784450125,0.0,-1129648.1277277563
train_OOF,2003-01-01,5,History-conditioned,Liquid-WC-time,oil_cum,11,70,1442284.8137471431,0.1632363395814332,1442284.8137471431,0.046053883802087525,0.0,-1416484.1661120788
train_OOF,2003-01-01,5,History-conditioned,Liquid-WC-time,oil_cum,12,70,1748411.8465116618,0.18583699701287296,1748411.8465116618,0.054830296064230094,0.0,-1725523.523564635
train_OOF,2003-01-01,5,History-conditioned,Liquid-WC-time,oil_cum,13,70,2071977.55353675,0.20827441827122728,2071977.55353675,0.0639001171548484,0.0,-2050199.8262352236
train_OOF,2003-01-01,5,History-conditioned,Liquid-WC-time,oil_cum,14,70,2422840.078661809,0.2311906315979397,2422840.078661809,0.07352134656732721,0.0,-2400572.479472037
train_OOF,2003-01-01,5,History-conditioned,Liquid-WC-time,oil_cum,15,70,2798313.813880592,0.25427715538009926,2798313.813880592,0.08358972408452835,0.0,-2774107.6829144536
train_OOF,2003-01-01,5,History-conditioned,Liquid-WC-time,oil_cum,16,70,3188636.9344558925,0.27685795258819096,3188636.9344558925,0.09382094067842017,0.0,-3161262.8120826916
train_OOF,2003-01-01,5,History-conditioned,Liquid-WC-time,oil_cum,17,70,3580385.650373333,0.2982159872035207,3580385.650373333,0.10386162191883995,0.0,-3548935.760256083
train_OOF,2003-01-01,5,History-conditioned,Liquid-WC-time,oil_cum,18,70,3982959.8347395738,0.3189354472967755,3982959.8347395738,0.1139539231580032,0.0,-3946574.457343591
train_OOF,2003-01-01,5,History-conditioned,Liquid-WC-time,oil_cum,19,70,4393566.333589058,0.3389039264631412,4393566.333589058,0.1240224999674225,0.0,-4351521.579973396
train_OOF,2003-01-01,5,History-conditioned,Liquid-WC-time,oil_cum,20,70,4805099.412791396,0.3578395685360671,4805099.412791396,0.1338950059036461,0.0,-4756888.394548664
train_OOF,2003-01-01,5,History-conditioned,Liquid-WC-time,water_cum,1,70,20675.51030433387,0.04234049569086442,20675.51030433387,0.005942239379826665,0.0,18898.25757000442
train_OOF,2003-01-01,5,History-conditioned,Liquid-WC-time,water_cum,2,70,107002.86278780899,0.10816375299638847,107002.86278780899,0.026893128735485747,0.0,102488.86569706882
train_OOF,2003-01-01,5,History-conditioned,Liquid-WC-time,water_cum,3,70,269032.3744846623,0.17938796572242405,269032.3744846623,0.059951914366563795,0.0,261385.84103796058
train_OOF,2003-01-01,5,History-conditioned,Liquid-WC-time,water_cum,4,70,498780.276092203,0.24634400024704128,498780.276092203,0.09954705725596648,0.0,488298.02395422786
train_OOF,2003-01-01,5,History-conditioned,Liquid-WC-time,water_cum,5,70,793957.6091869056,0.31035282289077054,793957.6091869056,0.14326265134368737,0.0,781470.3336263062
train_OOF,2003-01-01,5,History-conditioned,Liquid-WC-time,water_cum,6,70,1157363.7223167764,0.37276075217584026,1157363.7223167764,0.19015202819682242,0.0,1143767.4359950433
train_OOF,2003-01-01,5,History-conditioned,Liquid-WC-time,water_cum,7,70,1592055.621476299,0.4337174262195866,1592055.621476299,0.239393454329674,0.0,1578204.866675999
train_OOF,2003-01-01,5,History-conditioned,Liquid-WC-time,water_cum,8,70,2089951.4512958582,0.49167924592716006,2089951.4512958582,0.28913159232655156,0.0,2076460.1989436601
train_OOF,2003-01-01,5,History-conditioned,Liquid-WC-time,water_cum,9,70,2633283.784745945,0.5450349026034833,2633283.784745945,0.33728114725252867,0.0,2620420.328462485
train_OOF,2003-01-01,5,History-conditioned,Liquid-WC-time,water_cum,10,70,3234330.8540541832,0.5955371730566708,3234330.8540541832,0.3847977026194191,0.0,3222078.684392664
train_OOF,2003-01-01,5,History-conditioned,Liquid-WC-time,water_cum,11,70,3888970.6578924297,0.6429351450607483,3888970.6578924297,0.43107427345951316,0.0,3877067.9382221946
train_OOF,2003-01-01,5,History-conditioned,Liquid-WC-time,water_cum,12,70,4584521.960233302,0.6865513676028746,4584521.960233302,0.47512822520108666,0.0,4572500.076770885
train_OOF,2003-01-01,5,History-conditioned,Liquid-WC-time,water_cum,13,70,5298092.666265811,0.7254554308811965,5298092.666265811,0.5157158269244926,0.0,5285398.66807398
train_OOF,2003-01-01,5,History-conditioned,Liquid-WC-time,water_cum,14,70,6045393.775433752,0.7606996443864137,6045393.775433752,0.5538048989124328,0.0,6031420.348968823
train_OOF,2003-01-01,5,History-conditioned,Liquid-WC-time,water_cum,15,70,6821433.349504645,0.7922724695932368,6821433.349504645,0.5891834495046365,0.0,6805578.813512425
train_OOF,2003-01-01,5,History-conditioned,Liquid-WC-time,water_cum,16,70,7613529.366022331,0.8200859145664071,7613529.366022331,0.6214840691546999,0.0,7595235.083887497
train_OOF,2003-01-01,5,History-conditioned,Liquid-WC-time,water_cum,17,70,8400409.399846433,0.8440291382710124,8400409.399846433,0.6502620122939491,0.0,8379248.938198363
train_OOF,2003-01-01,5,History-conditioned,Liquid-WC-time,water_cum,18,70,9203119.431076786,0.8649525181578884,9203119.431076786,0.6764598788808702,0.0,9178637.547233455
train_OOF,2003-01-01,5,History-conditioned,Liquid-WC-time,water_cum,19,70,10019111.928784506,0.8830942309416475,10019111.928784506,0.7001798964747604,0.0,9990911.746159805
train_OOF,2003-01-01,5,History-conditioned,Liquid-WC-time,water_cum,20,70,10837334.440555638,0.8985462680901118,10837334.440555638,0.7213369864927376,0.0,10805125.187221032
train_OOF,2003-01-01,5,History-conditioned,Liquid-WC-volume,gas_cum,1,70,8477.940468651574,0.02246192947340738,8477.940468651574,0.000991535417537801,0.0,6017.555328598153
train_OOF,2003-01-01,5,History-conditioned,Liquid-WC-volume,gas_cum,2,70,20485.19368914108,0.02799016080286902,20485.19368914108,0.0023007215070755638,0.0,11784.954747761958
train_OOF,2003-01-01,5,History-conditioned,Liquid-WC-volume,gas_cum,3,70,31672.38564519401,0.02964859957253015,31672.38564519401,0.0034279648452743183,0.0,9811.809029599479
train_OOF,2003-01-01,5,History-conditioned,Liquid-WC-volume,gas_cum,4,70,44378.99970687766,0.03196919880596414,44378.99970687766,0.004642815914278586,0.0,-6671.603457312126
train_OOF,2003-01-01,5,History-conditioned,Liquid-WC-volume,gas_cum,5,70,68869.73179839352,0.040753867610916046,68869.73179839352,0.006984949899553048,0.0,-39181.64661554162
train_OOF,2003-01-01,5,History-conditioned,Liquid-WC-volume,gas_cum,6,70,111148.56583507688,0.056206594486812686,111148.56583507688,0.0109540948960397,0.0,-88084.47760847645
train_OOF,2003-01-01,5,History-conditioned,Liquid-WC-volume,gas_cum,7,70,171487.29163555763,0.07607653746362615,171487.29163555763,0.016453064977870944,0.0,-153375.6482752995
train_OOF,2003-01-01,5,History-conditioned,Liquid-WC-volume,gas_cum,8,70,248083.77972102526,0.09855031382526844,248083.77972102526,0.023217078329217194,0.0,-233691.60926341894
train_OOF,2003-01-01,5,History-conditioned,Liquid-WC-volume,gas_cum,9,70,335438.6037389587,0.12150043132811267,335438.6037389587,0.03069470270247906,0.0,-323703.7581349528
train_OOF,2003-01-01,5,History-conditioned,Liquid-WC-volume,gas_cum,10,70,431729.891472788,0.1443479148583512,431729.891472788,0.038693806794500046,0.0,-421785.2916807034
train_OOF,2003-01-01,5,History-conditioned,Liquid-WC-volume,gas_cum,11,70,536769.1147298897,0.16724633973939362,536769.1147298897,0.04718706235253254,0.0,-527884.84402142
train_OOF,2003-01-01,5,History-conditioned,Liquid-WC-volume,gas_cum,12,70,650488.5767843097,0.19033766013329068,650488.5767843097,0.05616092382236187,0.0,-641981.0958803764
train_OOF,2003-01-01,5,History-conditioned,Liquid-WC-volume,gas_cum,13,70,770322.8934404481,0.21316500705422947,770322.8934404481,0.06540414143048076,0.0,-761573.9466114959
train_OOF,2003-01-01,5,History-conditioned,Liquid-WC-volume,gas_cum,14,70,899857.7348959424,0.23638165631556776,899857.7348959424,0.0751758724770092,0.0,-890314.3219973084
train_OOF,2003-01-01,5,History-conditioned,Liquid-WC-volume,gas_cum,15,70,1038088.6600938959,0.25968505980501955,1038088.6600938959,0.08537064797073642,0.0,-1027272.9920445082
train_OOF,2003-01-01,5,History-conditioned,Liquid-WC-volume,gas_cum,16,70,1181520.8159272512,0.28242146032035376,1181520.8159272512,0.09570933530896764,0.0,-1169039.9194698464
train_OOF,2003-01-01,5,History-conditioned,Liquid-WC-volume,gas_cum,17,70,1325266.8503639987,0.30388347243907843,1325266.8503639987,0.10583906067340221,0.0,-1310852.8121107477
train_OOF,2003-01-01,5,History-conditioned,Liquid-WC-volume,gas_cum,18,70,1472780.3192563353,0.32466426411925087,1472780.3192563353,0.11600518180599768,0.0,-1456164.6094130073
train_OOF,2003-01-01,5,History-conditioned,Liquid-WC-volume,gas_cum,19,70,1623040.153612009,0.3446559388511433,1623040.153612009,0.12613262713314657,0.0,-1604005.7300188744
train_OOF,2003-01-01,5,History-conditioned,Liquid-WC-volume,gas_cum,20,70,1773461.9541643145,0.3635829157641214,1773461.9541643145,0.13604981441494013,0.0,-1751871.7102476056
train_OOF,2003-01-01,5,History-conditioned,Liquid-WC-volume,oil_cum,1,70,23612.49479081395,0.02273290418050339,23612.49479081395,0.0010030850704859982,0.0,16761.985246026994
train_OOF,2003-01-01,5,History-conditioned,Liquid-WC-volume,oil_cum,2,70,56896.329299615616,0.02824837950585341,56896.329299615616,0.0023210913697923694,0.0,32770.92857721267
train_OOF,2003-01-01,5,History-conditioned,Liquid-WC-volume,oil_cum,3,70,87707.23437706902,0.02983099332340304,87707.23437706902,0.0034480761224130953,0.0,27273.60936818043
train_OOF,2003-01-01,5,History-conditioned,Liquid-WC-volume,oil_cum,4,70,122563.25500299162,0.032077644488359584,122563.25500299162,0.00465748410841444,0.0,-18172.936256933637
train_OOF,2003-01-01,5,History-conditioned,Liquid-WC-volume,oil_cum,5,70,189873.82774793354,0.040819634590718815,189873.82774793354,0.006994977928124161,0.0,-107845.81477426898
train_OOF,2003-01-01,5,History-conditioned,Liquid-WC-volume,oil_cum,6,70,306393.68044412025,0.056285867644519705,306393.68044412025,0.010968213995641823,0.0,-242768.0251028595
train_OOF,2003-01-01,5,History-conditioned,Liquid-WC-volume,oil_cum,7,70,472656.9186408555,0.07617012997777897,472656.9186408555,0.016471858594449506,0.0,-422728.49814999074
train_OOF,2003-01-01,5,History-conditioned,Liquid-WC-volume,oil_cum,8,70,683633.2551139939,0.09864893684220101,683633.2551139939,0.023238762607571108,0.0,-643996.5589608633
train_OOF,2003-01-01,5,History-conditioned,Liquid-WC-volume,oil_cum,9,70,924243.5940403171,0.121604986907966,924243.5940403171,0.030719640372704148,0.0,-891962.3439882768
train_OOF,2003-01-01,5,History-conditioned,Liquid-WC-volume,oil_cum,10,70,1189437.8488390073,0.14445551806700013,1189437.8488390073,0.03872126582508534,0.0,-1162101.794177673
train_OOF,2003-01-01,5,History-conditioned,Liquid-WC-volume,oil_cum,11,70,1478604.1283678708,0.16734692295462358,1478604.1283678708,0.04721360307484948,0.0,-1454156.0698376335
train_OOF,2003-01-01,5,History-conditioned,Liquid-WC-volume,oil_cum,12,70,1791612.9210415713,0.19042879726541953,1791612.9210415713,0.05618508424614145,0.0,-1768136.4913087126
train_OOF,2003-01-01,5,History-conditioned,Liquid-WC-volume,oil_cum,13,70,2121496.4340938292,0.21325203785202992,2121496.4340938292,0.06542728730375909,0.0,-2097278.7996902536
train_OOF,2003-01-01,5,History-conditioned,Liquid-WC-volume,oil_cum,14,70,2478215.9797018566,0.23647467392888244,2478215.9797018566,0.07520173432700634,0.0,-2451737.5380706913
train_OOF,2003-01-01,5,History-conditioned,Liquid-WC-volume,oil_cum,15,70,2858992.3421285255,0.25979089135888817,2858992.3421285255,0.08540228042075507,0.0,-2828938.725219821
train_OOF,2003-01-01,5,History-conditioned,Liquid-WC-volume,oil_cum,16,70,3253982.331691215,0.2825316599626934,3253982.331691215,0.09574363265108564,0.0,-3219293.989281416
train_OOF,2003-01-01,5,History-conditioned,Liquid-WC-volume,oil_cum,17,70,3649702.1958068376,0.30398947197431203,3649702.1958068376,0.10587239101958865,0.0,-3609667.58995499
train_OOF,2003-01-01,5,History-conditioned,Liquid-WC-volume,oil_cum,18,70,4055740.9380459758,0.324763393020787,4055740.9380459758,0.11603621687866653,0.0,-4009637.8070487874
train_OOF,2003-01-01,5,History-conditioned,Liquid-WC-volume,oil_cum,19,70,4469336.492588235,0.3447485643822826,4469336.492588235,0.12616135570067155,0.0,-4416574.728307815
train_OOF,2003-01-01,5,History-conditioned,Liquid-WC-volume,oil_cum,20,70,4883401.942721179,0.36367082011241664,4883401.942721179,0.13607692074172606,0.0,-4823605.607630927
train_OOF,2003-01-01,5,History-conditioned,Liquid-WC-volume,water_cum,1,70,20883.722527110534,0.0427668846211252,20883.722527110534,0.006002080556723053,0.0,19156.324422483165
train_OOF,2003-01-01,5,History-conditioned,Liquid-WC-volume,water_cum,2,70,107899.90595380994,0.10907052831909021,107899.90595380994,0.027118583426285852,0.0,103618.46772396151
train_OOF,2003-01-01,5,History-conditioned,Liquid-WC-volume,water_cum,3,70,271299.91649171815,0.1808999389509809,271299.91649171815,0.06045721966482019,0.0,264132.35764120246
train_OOF,2003-01-01,5,History-conditioned,Liquid-WC-volume,water_cum,4,70,503228.5920956805,0.24854099161014204,503228.5920956805,0.1004348565317521,0.0,493469.9126396823
train_OOF,2003-01-01,5,History-conditioned,Liquid-WC-volume,water_cum,5,70,801429.6745903882,0.31327360425738554,801429.6745903882,0.14461091967480474,0.0,789843.7003634648
train_OOF,2003-01-01,5,History-conditioned,Liquid-WC-volume,water_cum,6,70,1168705.9147875388,0.37641381656277406,1168705.9147875388,0.19201552267217795,0.0,1156079.8771776925
train_OOF,2003-01-01,5,History-conditioned,Liquid-WC-volume,water_cum,7,70,1608085.0134919416,0.43808425018924324,1608085.0134919416,0.241803754242356,0.0,1595123.3455844396
train_OOF,2003-01-01,5,History-conditioned,Liquid-WC-volume,water_cum,8,70,2111288.8836486605,0.49669906236487804,2111288.8836486605,0.2920834914189924,0.0,2098435.1514271945
train_OOF,2003-01-01,5,History-conditioned,Liquid-WC-volume,water_cum,9,70,2660212.7536900314,0.5506086383514777,2660212.7536900314,0.3407303134959859,0.0,2647582.6032361817
train_OOF,2003-01-01,5,History-conditioned,Liquid-WC-volume,water_cum,10,70,3267090.560119898,0.6015692160420346,3267090.560119898,0.3886952196643353,0.0,3254532.3508425793
train_OOF,2003-01-01,5,History-conditioned,Liquid-WC-volume,water_cum,11,70,3927600.3762616217,0.6493215145575066,3927600.3762616217,0.43535619771269574,0.0,3914739.8419477465
train_OOF,2003-01-01,5,History-conditioned,Liquid-WC-volume,water_cum,12,70,4628813.631180163,0.693184230860102,4628813.631180163,0.4797185016117381,0.0,4615113.044514959
train_OOF,2003-01-01,5,History-conditioned,Liquid-WC-volume,water_cum,13,70,5347585.047572737,0.7322323068378902,5347585.047572737,0.5205334105267351,0.0,5332477.641529005
train_OOF,2003-01-01,5,History-conditioned,Liquid-WC-volume,water_cum,14,70,6099716.254523559,0.7675351115306261,6099716.254523559,0.5587812587921239,0.0,6082585.407567475
train_OOF,2003-01-01,5,History-conditioned,Liquid-WC-volume,water_cum,15,70,6880152.607717943,0.7990923928166619,6880152.607717943,0.5942551717269137,0.0,6860409.855817789
train_OOF,2003-01-01,5,History-conditioned,Liquid-WC-volume,water_cum,16,70,7676146.705748076,0.8268306968937564,7676146.705748076,0.6265954540619508,0.0,7653266.261086219
train_OOF,2003-01-01,5,History-conditioned,Liquid-WC-volume,water_cum,17,70,8466367.494257275,0.8506562621334041,8466367.494257275,0.6553677209751775,0.0,8439980.767897269
train_OOF,2003-01-01,5,History-conditioned,Liquid-WC-volume,water_cum,18,70,9272009.620779283,0.8714271427138124,9272009.620779283,0.6815235368863145,0.0,9241700.89693865
train_OOF,2003-01-01,5,History-conditioned,Liquid-WC-volume,water_cum,19,70,10090547.240100445,0.8893906084805976,10090547.240100445,0.7051721122756577,0.0,10055964.894494222
train_OOF,2003-01-01,5,History-conditioned,Liquid-WC-volume,water_cum,20,70,10910936.899142392,0.9046488032520695,10910936.899142392,0.7262359933441589,0.0,10871842.400303291
train_OOF,2003-01-01,5,History-conditioned,Separate,gas_cum,1,70,16002.890940250083,0.042398953967613694,16002.890940250083,0.001871614127148559,0.0,14384.168543689406
train_OOF,2003-01-01,5,History-conditioned,Separate,gas_cum,2,70,51678.37580553183,0.0706112947125657,51678.37580553183,0.005804072564349074,0.0,47115.48175113388
train_OOF,2003-01-01,5,History-conditioned,Separate,gas_cum,3,70,101941.75778246323,0.09542793492320138,101941.75778246323,0.011033357760241209,0.0,93276.2167876256
train_OOF,2003-01-01,5,History-conditioned,Separate,gas_cum,4,70,161113.47070615174,0.1160609434494671,161113.47070615174,0.016855273682143252,0.0,147325.624662131
train_OOF,2003-01-01,5,History-conditioned,Separate,gas_cum,5,70,227070.05368472138,0.13436937627926984,227070.05368472138,0.02303004392872628,0.0,207330.1533111806
train_OOF,2003-01-01,5,History-conditioned,Separate,gas_cum,6,70,300019.64705475915,0.1517166012299708,300019.64705475915,0.02956802600035902,0.0,273547.64985630126
train_OOF,2003-01-01,5,History-conditioned,Separate,gas_cum,7,70,380680.30287409713,0.16888038202161923,380680.30287409713,0.036523742950550005,0.0,346874.7412516185
train_OOF,2003-01-01,5,History-conditioned,Separate,gas_cum,8,70,467656.9095300979,0.1857748831808868,467656.9095300979,0.04376596935103747,0.0,426119.9517438353
train_OOF,2003-01-01,5,History-conditioned,Separate,gas_cum,9,70,559793.5847298119,0.20276486141205302,559793.5847298119,0.05122456827124264,0.0,510598.68344264413
train_OOF,2003-01-01,5,History-conditioned,Separate,gas_cum,10,70,662021.8810309116,0.22134552182944872,662021.8810309116,0.05933373450458937,0.0,605229.2114494253
train_OOF,2003-01-01,5,History-conditioned,Separate,gas_cum,11,70,772567.692132561,0.24071638096223466,772567.692132561,0.06791597888145283,0.0,708148.4799924188
train_OOF,2003-01-01,5,History-conditioned,Separate,gas_cum,12,70,887095.0390447173,0.25957042148583104,887095.0390447173,0.07658870376674569,0.0,814818.5297102645
train_OOF,2003-01-01,5,History-conditioned,Separate,gas_cum,13,70,1000572.3282555179,0.2768800060689654,1000572.3282555179,0.08495343267856345,0.0,920219.2186104269
train_OOF,2003-01-01,5,History-conditioned,Separate,gas_cum,14,70,1114903.176548152,0.29287147210488285,1114903.176548152,0.09314118862809842,0.0,1025877.6127138453
train_OOF,2003-01-01,5,History-conditioned,Separate,gas_cum,15,70,1229356.3780876473,0.30753200264849917,1229356.3780876473,0.10110018018577256,0.0,1130962.594687185
train_OOF,2003-01-01,5,History-conditioned,Separate,gas_cum,16,70,1342930.5896232186,0.3210035854786123,1342930.5896232186,0.10878436703465762,0.0,1234577.907364924
train_OOF,2003-01-01,5,History-conditioned,Separate,gas_cum,17,70,1453287.2362348852,0.33323852601998594,1453287.2362348852,0.11606308263841218,0.0,1334596.7672501712
train_OOF,2003-01-01,5,History-conditioned,Separate,gas_cum,18,70,1564099.2972294283,0.34479490301774374,1564099.2972294283,0.1231980227909014,0.0,1434383.9466092952
train_OOF,2003-01-01,5,History-conditioned,Separate,gas_cum,19,70,1675388.38507193,0.3557721942443719,1675388.38507193,0.1302008074213049,0.0,1533906.5398911696
train_OOF,2003-01-01,5,History-conditioned,Separate,gas_cum,20,70,1786021.0049338476,0.3661576855736988,1786021.0049338476,0.13701327265119415,0.0,1632133.6054271169
train_OOF,2003-01-01,5,History-conditioned,Separate,oil_cum,1,70,44314.21971943066,0.04266346778009665,44314.21971943066,0.0018825173961749275,0.0,39791.65560276508
train_OOF,2003-01-01,5,History-conditioned,Separate,oil_cum,2,70,142704.67710070766,0.07085124691916271,142704.67710070766,0.005821651388144948,0.0,130020.59032350007
train_OOF,2003-01-01,5,History-conditioned,Separate,oil_cum,3,70,280992.72850411694,0.09557127490640223,280992.72850411694,0.01104680046757996,0.0,257015.00237547548
train_OOF,2003-01-01,5,History-conditioned,Separate,oil_cum,4,70,443734.9485556419,0.1161357205018827,443734.9485556419,0.016862219196084143,0.0,405714.735644404
train_OOF,2003-01-01,5,History-conditioned,Separate,oil_cum,5,70,625015.0608523883,0.134367578198086,625015.0608523883,0.023025640801909924,0.0,570694.3245854287
train_OOF,2003-01-01,5,History-conditioned,Separate,oil_cum,6,70,825415.3449309192,0.15163243180862696,825415.3449309192,0.02954803808409478,0.0,752648.3646595161
train_OOF,2003-01-01,5,History-conditioned,Separate,oil_cum,7,70,1047095.1510880472,0.16874263469330836,1047095.1510880472,0.03649074536611512,0.0,954243.688794553
train_OOF,2003-01-01,5,History-conditioned,Separate,oil_cum,8,70,1286185.12492241,0.18559775172828918,1286185.12492241,0.04372132362472202,0.0,1172178.0858754576
train_OOF,2003-01-01,5,History-conditioned,Separate,oil_cum,9,70,1539460.9571744646,0.2025506378942339,1539460.9571744646,0.05116798999437318,0.0,1404509.6898827455
train_OOF,2003-01-01,5,History-conditioned,Separate,oil_cum,10,70,1820557.4264924268,0.22110408414478172,1820557.4264924268,0.05926689497047277,0.0,1664822.5443584074
train_OOF,2003-01-01,5,History-conditioned,Separate,oil_cum,11,70,2124752.347628241,0.24047732627981291,2124752.347628241,0.06784589062659228,0.0,1948105.9163026698
train_OOF,2003-01-01,5,History-conditioned,Separate,oil_cum,12,70,2440042.915797233,0.25934979161745675,2440042.915797233,0.07651988617528348,0.0,2241798.777831492
train_OOF,2003-01-01,5,History-conditioned,Separate,oil_cum,13,70,2752426.0197706847,0.2766728467322468,2752426.0197706847,0.08488525603145744,0.0,2531965.4430025714
train_OOF,2003-01-01,5,History-conditioned,Separate,oil_cum,14,70,3066995.893648403,0.29265683856133523,3066995.893648403,0.09306832506338465,0.0,2822704.119713959
train_OOF,2003-01-01,5,History-conditioned,Separate,oil_cum,15,70,3381757.285962074,0.3072934917431152,3381757.285962074,0.10101803345008092,0.0,3111743.3199006096
train_OOF,2003-01-01,5,History-conditioned,Separate,oil_cum,16,70,3694221.87352607,0.32075608648291104,3694221.87352607,0.10869703210916187,0.0,3396818.0672943806
train_OOF,2003-01-01,5,History-conditioned,Separate,oil_cum,17,70,3997963.1063514883,0.33299667437767344,3997963.1063514883,0.11597491810806802,0.0,3672101.4897796432
train_OOF,2003-01-01,5,History-conditioned,Separate,oil_cum,18,70,4302997.946500948,0.34456249415684087,4302997.946500948,0.12311032942582403,0.0,3946781.4850490494
train_OOF,2003-01-01,5,History-conditioned,Separate,oil_cum,19,70,4609335.404180563,0.35554757758403566,4609335.404180563,0.13011327395797825,0.0,4220728.5547813
train_OOF,2003-01-01,5,History-conditioned,Separate,oil_cum,20,70,4913839.24478587,0.36593751016449694,4913839.24478587,0.1369250619328935,0.0,4491084.020203773
train_OOF,2003-01-01,5,History-conditioned,Separate,water_cum,1,70,9326.216903011316,0.019098761809581356,9326.216903011316,0.0026803988162876166,0.0,1092.2484153949856
train_OOF,2003-01-01,5,History-conditioned,Separate,water_cum,2,70,45205.96360721301,0.04569640992943041,45205.96360721301,0.011361656755962731,0.0,26447.102287097023
train_OOF,2003-01-01,5,History-conditioned,Separate,water_cum,3,70,114000.28545721996,0.07601419471957346,114000.28545721996,0.025404137195706607,0.0,80049.60067912181
train_OOF,2003-01-01,5,History-conditioned,Separate,water_cum,4,70,205643.43429341732,0.10156581696709945,205643.43429341732,0.04104251853803488,0.0,151157.52654474525
train_OOF,2003-01-01,5,History-conditioned,Separate,water_cum,5,70,317011.44181725295,0.12391769373860463,317011.44181725295,0.05720192002131613,0.0,238545.47027017677
train_OOF,2003-01-01,5,History-conditioned,Separate,water_cum,6,70,448790.5892792277,0.14454532693860864,448790.5892792277,0.0737351958952578,0.0,343622.8606472593
train_OOF,2003-01-01,5,History-conditioned,Separate,water_cum,7,70,601565.3818610857,0.16388208150771386,601565.3818610857,0.09045589414478797,0.0,467616.6536944465
train_OOF,2003-01-01,5,History-conditioned,Separate,water_cum,8,70,772380.606736261,0.18170925169260643,772380.606736261,0.10685398197615334,0.0,608417.2658875572
train_OOF,2003-01-01,5,History-conditioned,Separate,water_cum,9,70,956247.1784017085,0.19792325109969655,956247.1784017085,0.1224798281357428,0.0,762096.495353796
train_OOF,2003-01-01,5,History-conditioned,Separate,water_cum,10,70,1159444.7146065386,0.21348849539828463,1159444.7146065386,0.137942493401867,0.0,934169.979228146
train_OOF,2003-01-01,5,History-conditioned,Separate,water_cum,11,70,1382536.956197381,0.22856474802160756,1382536.956197381,0.15324777848714685,0.0,1125626.6576310322
train_OOF,2003-01-01,5,History-conditioned,Separate,water_cum,12,70,1623559.3202391174,0.243134809117118,1623559.3202391174,0.16826156904146203,0.0,1334862.1236404306
train_OOF,2003-01-01,5,History-conditioned,Separate,water_cum,13,70,1876580.2395657902,0.25695574087360395,1876580.2395657902,0.18266613874082044,0.0,1556478.801003048
train_OOF,2003-01-01,5,History-conditioned,Separate,water_cum,14,70,2148422.7780380147,0.27033879081399104,2148422.7780380147,0.19681216867087256,0.0,1795863.5720763986
train_OOF,2003-01-01,5,History-conditioned,Separate,water_cum,15,70,2439235.1813322785,0.2833039307161401,2439235.1813322785,0.21068255374726813,0.0,2053075.112152166
train_OOF,2003-01-01,5,History-conditioned,Separate,water_cum,16,70,2746179.802315913,0.2958028092459629,2746179.802315913,0.224167651574372,0.0,2325776.3891843106
train_OOF,2003-01-01,5,History-conditioned,Separate,water_cum,17,70,3062529.9298136127,0.3077069669529465,3062529.9298136127,0.23706545479884014,0.0,2607987.541604576
train_OOF,2003-01-01,5,History-conditioned,Separate,water_cum,18,70,3397050.3847709964,0.3192707979747592,3397050.3847709964,0.24969449859302045,0.0,2907223.8816179535
train_OOF,2003-01-01,5,History-conditioned,Separate,water_cum,19,70,3750289.9637432126,0.33055419031951844,3750289.9637432126,0.2620868653058975,0.0,3224000.841198231
train_OOF,2003-01-01,5,History-conditioned,Separate,water_cum,20,70,4118753.646747297,0.3414945565043922,4118753.646747297,0.2741457652660891,0.0,3555187.1995853935
train_OOF,2003-01-01,5,Input-only PolyRidge,Constant,gas_cum,1,70,19158.75559694303,0.05076027823125653,23523.221742064656,0.002751152544429471,17230.848210020322,18384.698621379026
train_OOF,2003-01-01,5,Input-only PolyRidge,Constant,gas_cum,2,70,65395.60522264701,0.08935397603553628,65573.3158361693,0.007364633223580665,17230.848210020322,63869.39032267783
train_OOF,2003-01-01,5,Input-only PolyRidge,Constant,gas_cum,3,70,134013.90133043562,0.12545074887030389,133312.12103136326,0.014428634125128249,17230.848210020322,131584.06081818294
train_OOF,2003-01-01,5,Input-only PolyRidge,Constant,gas_cum,4,70,219043.80314016787,0.15779208490625937,218059.56173064825,0.022812826114842977,17230.848210020322,215658.7098851164
train_OOF,2003-01-01,5,Input-only PolyRidge,Constant,gas_cum,5,70,317820.0449979136,0.18807095221245632,316707.55560556496,0.0321213158661725,17230.848210020322,313470.48730070115
train_OOF,2003-01-01,5,Input-only PolyRidge,Constant,gas_cum,6,70,430652.1112223905,0.21777598656813038,429474.91985682625,0.04232631336477438,17230.848210020322,425342.9790020012
train_OOF,2003-01-01,5,Input-only PolyRidge,Constant,gas_cum,7,70,558802.7306469304,0.2479004506245467,557601.0514919083,0.053498111985012316,17230.848210020322,552591.2852117924
train_OOF,2003-01-01,5,Input-only PolyRidge,Constant,gas_cum,8,70,700384.6496060448,0.27822507015450243,699183.3595330161,0.06543351944660615,17230.848210020322,693356.3057072988
train_OOF,2003-01-01,5,Input-only PolyRidge,Constant,gas_cum,9,70,852882.5228260736,0.3089256669939492,851698.6726601621,0.07793568557107439,17230.848210020322,845175.3829001079
train_OOF,2003-01-01,5,Input-only PolyRidge,Constant,gas_cum,10,70,1023180.0093911929,0.34209792696199276,1022023.7848444368,0.09159891786794871,17230.848210020322,1014903.1031728348
train_OOF,2003-01-01,5,Input-only PolyRidge,Constant,gas_cum,11,70,1209478.9298132951,0.3768490370482352,1208354.150564745,0.10622571433777962,17230.848210020322,1200721.395096908
train_OOF,2003-01-01,5,Input-only PolyRidge,Constant,gas_cum,12,70,1406312.3789135984,0.4114971687007071,1405215.9657915444,0.12132146455041201,17230.848210020322,1397121.21559241
train_OOF,2003-01-01,5,Input-only PolyRidge,Constant,gas_cum,13,70,1606332.4591703487,0.4445069371639497,1605259.2601186428,0.13629427941895278,17230.848210020322,1596738.6784994998
train_OOF,2003-01-01,5,Input-only PolyRidge,Constant,gas_cum,14,70,1813959.3011767429,0.47650499348185554,1812905.8513709875,0.151453695190217,17230.848210020322,1803967.0416293675
train_OOF,2003-01-01,5,Input-only PolyRidge,Constant,gas_cum,15,70,2028426.096206541,0.5074248205888434,2027388.2181972845,0.16672896307342744,17230.848210020322,2018018.6192677263
train_OOF,2003-01-01,5,Input-only PolyRidge,Constant,gas_cum,16,70,2247593.784304458,0.5372471734846687,2246568.170666275,0.18198371407617386,17230.848210020322,2236752.6254775138
train_OOF,2003-01-01,5,Input-only PolyRidge,Constant,gas_cum,17,70,2466480.737170822,0.5655636303810836,2465464.5822685533,0.19689804769445113,17230.848210020322,2455188.388384602
train_OOF,2003-01-01,5,Input-only PolyRidge,Constant,gas_cum,18,70,2692164.248608856,0.5934690416722109,2691155.878349996,0.2119718893948194,17230.848210020322,2680393.3515144694
train_OOF,2003-01-01,5,Input-only PolyRidge,Constant,gas_cum,19,70,2924662.6203884296,0.6210581660654245,2923660.5994939487,0.22720879174748806,17230.848210020322,2912376.414867111
train_OOF,2003-01-01,5,Input-only PolyRidge,Constant,gas_cum,20,70,3161455.3364218366,0.6481397283856217,3160458.46948751,0.24245222020706683,17230.848210020322,3148615.2496483293
train_OOF,2003-01-01,5,Input-only PolyRidge,Constant,oil_cum,1,70,53705.83788062931,0.05170523814997144,66935.29098699192,0.00284348569147416,49098.484265864005,51586.37359969983
train_OOF,2003-01-01,5,Input-only PolyRidge,Constant,oil_cum,2,70,181889.76525128307,0.09030619690756649,182949.26847902546,0.007463433465809929,49098.484265864005,177711.75992193585
train_OOF,2003-01-01,5,Input-only PolyRidge,Constant,oil_cum,3,70,371459.8082442959,0.12634094711057592,369849.801357127,0.014540080735599552,49098.484265864005,364835.6732524263
train_OOF,2003-01-01,5,Input-only PolyRidge,Constant,oil_cum,4,70,606168.7946577657,0.1586484227633693,603661.8057142567,0.022939544702058456,49098.484265864005,596982.9580114887
train_OOF,2003-01-01,5,Input-only PolyRidge,Constant,oil_cum,5,70,878596.7581005073,0.18888331816780998,875662.0870584648,0.032259511719543776,49098.484265864005,866822.0871908696
train_OOF,2003-01-01,5,Input-only PolyRidge,Constant,oil_cum,6,70,1189597.32562455,0.21853426455572628,1186432.9830424234,0.042471668575652266,49098.484265864005,1175237.302084537
train_OOF,2003-01-01,5,Input-only PolyRidge,Constant,oil_cum,7,70,1542850.6622616805,0.2486351745758968,1539583.7163499505,0.05365372698437718,49098.484265864005,1526056.0154150247
train_OOF,2003-01-01,5,Input-only PolyRidge,Constant,oil_cum,8,70,1933127.5882648593,0.2789521719958717,1929836.6224913208,0.06560098533239801,49098.484265864005,1914129.6144597926
train_OOF,2003-01-01,5,Input-only PolyRidge,Constant,oil_cum,9,70,2353433.471894056,0.30964698958569314,2350171.649281012,0.07811406900255814,49098.484265864005,2332604.559488061
train_OOF,2003-01-01,5,Input-only PolyRidge,Constant,oil_cum,10,70,2822790.6328848875,0.34282386731351927,2819589.9376269323,0.09178965643236875,49098.484265864005,2800420.8600960076
train_OOF,2003-01-01,5,Input-only PolyRidge,Constant,oil_cum,11,70,3336373.006185537,0.3776073295766602,3333248.3631896363,0.1064346177250582,49098.484265864005,3312691.6019979194
train_OOF,2003-01-01,5,Input-only PolyRidge,Constant,oil_cum,12,70,3879049.602621222,0.41230041471827666,3875996.28377416,0.12155146638202288,49098.484265864005,3854174.0581855467
train_OOF,2003-01-01,5,Input-only PolyRidge,Constant,oil_cum,13,70,4430448.617810585,0.4453470584080321,4427454.582919074,0.1365434032156282,49098.484265864005,4404463.774642385
train_OOF,2003-01-01,5,Input-only PolyRidge,Constant,oil_cum,14,70,5002647.54112727,0.4773593003025984,4999703.977541801,0.15171656276625603,49098.484265864005,4975574.503821759
train_OOF,2003-01-01,5,Input-only PolyRidge,Constant,oil_cum,15,70,5593554.051419922,0.5082750210518666,5590649.962117247,0.16700088655835824,49098.484265864005,5565354.302866533
train_OOF,2003-01-01,5,Input-only PolyRidge,Constant,oil_cum,16,70,6197493.41583127,0.5381062107588699,6194620.1662712535,0.18226756544932693,49098.484265864005,6168103.816197018
train_OOF,2003-01-01,5,Input-only PolyRidge,Constant,oil_cum,17,70,6800758.226807641,0.5664459157153734,6797908.606038197,0.1971971408737903,49098.484265864005,6770123.189796717
train_OOF,2003-01-01,5,Input-only PolyRidge,Constant,oil_cum,18,70,7422775.788484933,0.594378656705412,7419945.436394826,0.21228732580247014,49098.484265864005,7390818.347547523
train_OOF,2003-01-01,5,Input-only PolyRidge,Constant,oil_cum,19,70,8063553.8776666215,0.6219935840039849,8060739.006790875,0.22754020932021926,49098.484265864005,8030174.860878009
train_OOF,2003-01-01,5,Input-only PolyRidge,Constant,oil_cum,20,70,8716124.868664876,0.6490967396026542,8713322.389354963,0.24279837991641223,49098.484265864005,8681220.174208494
train_OOF,2003-01-01,5,Input-only PolyRidge,Constant,water_cum,1,70,21607.89214365995,0.04424988069124097,40183.71238370301,0.011548988858766722,28457.40413034156,-16274.111808748494
train_OOF,2003-01-01,5,Input-only PolyRidge,Constant,water_cum,2,70,52218.9570633568,0.052785488410067555,61099.50832856817,0.015356196089944941,28457.40413034156,-42505.02595108625
train_OOF,2003-01-01,5,Input-only PolyRidge,Constant,water_cum,3,70,92124.35453017642,0.06142755340994058,94606.17971119742,0.02108230132324393,28457.40413034156,-75158.40849844141
train_OOF,2003-01-01,5,Input-only PolyRidge,Constant,water_cum,4,70,148888.12852869634,0.07353477859712833,148004.52469351358,0.029538888364309995,28457.40413034156,-123923.66961722512
train_OOF,2003-01-01,5,Input-only PolyRidge,Constant,water_cum,5,70,220814.61763568842,0.08631498599649956,218376.62876212367,0.039404137533233366,28457.40413034156,-187528.94804527887
train_OOF,2003-01-01,5,Input-only PolyRidge,Constant,water_cum,6,70,306949.79074351245,0.09886160475872549,303799.94753109687,0.04991358816179903,28457.40413034156,-265061.1157590477
train_OOF,2003-01-01,5,Input-only PolyRidge,Constant,water_cum,7,70,407517.93676642305,0.1110185022987782,404099.98659031425,0.060763512517687766,28457.40413034156,-357195.8090206926
train_OOF,2003-01-01,5,Input-only PolyRidge,Constant,water_cum,8,70,521584.55534102966,0.12270730054438311,518156.8801537526,0.07168373396469122,28457.40413034156,-463587.81656805146
train_OOF,2003-01-01,5,Input-only PolyRidge,Constant,water_cum,9,70,645844.6301743337,0.1336763880684481,642544.0803469283,0.08229952496390036,28457.40413034156,-581199.8015910867
train_OOF,2003-01-01,5,Input-only PolyRidge,Constant,water_cum,10,70,783176.9344562269,0.1442063284789223,780057.4985554459,0.09280569827262264,28457.40413034156,-712492.3371619964
train_OOF,2003-01-01,5,Input-only PolyRidge,Constant,water_cum,11,70,932853.989251682,0.15422194396937453,929938.9570403629,0.1030793995460791,28457.40413034156,-856863.0947093526
train_OOF,2003-01-01,5,Input-only PolyRidge,Constant,water_cum,12,70,1092794.2813264295,0.1636505212236088,1090085.4313470586,0.11297368859961399,28457.40413034156,-1012169.409399566
train_OOF,2003-01-01,5,Input-only PolyRidge,Constant,water_cum,13,70,1259073.6788484522,0.17240201252349152,1256561.6890369314,0.1223135930916173,28457.40413034156,-1174413.4158511711
train_OOF,2003-01-01,5,Input-only PolyRidge,Constant,water_cum,14,70,1438286.4381259333,0.18098142530503697,1435968.9684507165,0.1315458808731084,28457.40413034156,-1350018.1657077929
train_OOF,2003-01-01,5,Input-only PolyRidge,Constant,water_cum,15,70,1630814.506500712,0.1894102559262886,1628688.0960375082,0.1406736709756464,28457.40413034156,-1539283.1018265733
train_OOF,2003-01-01,5,Input-only PolyRidge,Constant,water_cum,16,70,1834041.3256527726,0.19755246031005172,1832101.1884818268,0.14955241478443493,28457.40413034156,-1739603.5093739287
train_OOF,2003-01-01,5,Input-only PolyRidge,Constant,water_cum,17,70,2042397.6305653811,0.20520941659871597,2040630.7125295398,0.1579619004643454,28457.40413034156,-1945317.3158255364
train_OOF,2003-01-01,5,Input-only PolyRidge,Constant,water_cum,18,70,2263741.4875783073,0.2127570890286977,2262144.91292525,0.16627517281163312,28457.40413034156,-2164263.0228250176
train_OOF,2003-01-01,5,Input-only PolyRidge,Constant,water_cum,19,70,2497982.3063476817,0.22017458028314188,2496549.111148733,0.17446990418045386,28457.40413034156,-2396256.930372372
train_OOF,2003-01-01,5,Input-only PolyRidge,Constant,water_cum,20,70,2742282.7282267413,0.22736844793448807,2741003.232231387,0.1824421883766531,28457.40413034156,-2638383.952205437
train_OOF,2003-01-01,5,Input-only PolyRidge,Liquid-WC-time,gas_cum,1,70,8747.64129034726,0.02317648990919351,15802.852488439754,0.001848218679802263,17230.848210020322,6301.304436104599
train_OOF,2003-01-01,5,Input-only PolyRidge,Liquid-WC-time,gas_cum,2,70,19805.692524038393,0.027061717207676514,19864.372493272193,0.002230996187458934,17230.848210020322,12559.788593846892
train_OOF,2003-01-01,5,Input-only PolyRidge,Liquid-WC-time,gas_cum,3,70,28836.947849352426,0.02699433914631938,25240.89812930982,0.002731872250474246,17230.848210020322,11326.6659182395
train_OOF,2003-01-01,5,Input-only PolyRidge,Liquid-WC-time,gas_cum,4,70,37940.80356545562,0.027331330134827452,32497.634086462396,0.0033998182408254475,17230.848210020322,-4151.117891879899
train_OOF,2003-01-01,5,Input-only PolyRidge,Liquid-WC-time,gas_cum,5,70,59387.64461271588,0.035142814456658164,54554.62473131852,0.00553307397294186,17230.848210020322,-35404.57029108186
train_OOF,2003-01-01,5,Input-only PolyRidge,Liquid-WC-time,gas_cum,6,70,99736.36570042057,0.05043557170886024,96268.1441343086,0.009487575286194557,17230.848210020322,-82812.15726052572
train_OOF,2003-01-01,5,Input-only PolyRidge,Liquid-WC-time,gas_cum,7,70,158385.83644220236,0.07026436714278679,156006.17455436641,0.01496775476719844,17230.848210020322,-146393.00571433295
train_OOF,2003-01-01,5,Input-only PolyRidge,Liquid-WC-time,gas_cum,8,70,233190.64643926852,0.0926340747208451,231601.216542327,0.021674547169717624,17230.848210020322,-224860.21252521515
train_OOF,2003-01-01,5,Input-only PolyRidge,Liquid-WC-time,gas_cum,9,70,318619.0318067824,0.11540815327265078,317603.6765112301,0.029062696776883508,17230.848210020322,-312997.5910918438
train_OOF,2003-01-01,5,Input-only PolyRidge,Liquid-WC-time,gas_cum,10,70,412846.39945583424,0.13803426191995277,412274.66315078724,0.036950131267965806,17230.848210020322,-409184.8845318704
train_OOF,2003-01-01,5,Input-only PolyRidge,Liquid-WC-time,gas_cum,11,70,515816.75923232944,0.16071801187975351,515607.2102870927,0.04532673157522415,17230.848210020322,-513432.5693449784
train_OOF,2003-01-01,5,Input-only PolyRidge,Liquid-WC-time,gas_cum,12,70,627593.7562920263,0.1836384701441052,627679.7833894504,0.05419169184190016,17230.848210020322,-625790.0918025273
train_OOF,2003-01-01,5,Input-only PolyRidge,Liquid-WC-time,gas_cum,13,70,745703.4136186185,0.20635226445683258,746026.4898688195,0.06334125919112059,17230.848210020322,-743824.6425675844
train_OOF,2003-01-01,5,Input-only PolyRidge,Liquid-WC-time,gas_cum,14,70,873691.9135326527,0.22950821404479935,874213.2783434553,0.07303348449636368,17230.848210020322,-871151.6911951376
train_OOF,2003-01-01,5,Input-only PolyRidge,Liquid-WC-time,gas_cum,15,70,1010581.1539993087,0.2528038668589241,1011265.7856138152,0.0831647803383946,17230.848210020322,-1006854.0669356877
train_OOF,2003-01-01,5,Input-only PolyRidge,Liquid-WC-time,gas_cum,16,70,1152878.7269831237,0.2755750802336198,1153696.927552216,0.09345545554130935,17230.848210020322,-1147535.124241595
train_OOF,2003-01-01,5,Input-only PolyRidge,Liquid-WC-time,gas_cum,17,70,1295695.4837191806,0.2971027628949377,1296621.5673190663,0.10355137812149451,17230.848210020322,-1288441.0882798028
train_OOF,2003-01-01,5,Input-only PolyRidge,Liquid-WC-time,gas_cum,18,70,1442428.1182529791,0.3179733307367828,1443445.6134831202,0.11369460104119934,17230.848210020322,-1432978.4513578624
train_OOF,2003-01-01,5,Input-only PolyRidge,Liquid-WC-time,gas_cum,19,70,1592037.069717739,0.33807236976132105,1593132.475188247,0.12380838762333084,17230.848210020322,-1580166.4020828279
train_OOF,2003-01-01,5,Input-only PolyRidge,Liquid-WC-time,gas_cum,20,70,1741926.0509445998,0.3571176427894429,1743087.7812975403,0.1337196823408753,17230.848210020322,-1727493.0345615207
train_OOF,2003-01-01,5,Input-only PolyRidge,Liquid-WC-time,oil_cum,1,70,24297.49510224722,0.023392387499880787,45476.85407803381,0.0019319073982852755,49098.484265864005,17542.556173310695
train_OOF,2003-01-01,5,Input-only PolyRidge,Liquid-WC-time,oil_cum,2,70,54875.661396031785,0.027245140905079228,56668.433967221295,0.0023117943572126846,49098.484265864005,34902.79687676829
train_OOF,2003-01-01,5,Input-only PolyRidge,Liquid-WC-time,oil_cum,3,70,79647.21701435563,0.027089619412330568,71232.56574380552,0.002800399657153626,49098.484265864005,31442.012663760303
train_OOF,2003-01-01,5,Input-only PolyRidge,Liquid-WC-time,oil_cum,4,70,104428.5579524509,0.02733137396154346,90668.35054029869,0.003445456811401455,49098.484265864005,-11236.880380047485
train_OOF,2003-01-01,5,Input-only PolyRidge,Liquid-WC-time,oil_cum,5,70,163341.65363502657,0.03511566967342663,150781.31704986357,0.00555480445750252,49098.484265864005,-97451.29396502998
train_OOF,2003-01-01,5,Input-only PolyRidge,Liquid-WC-time,oil_cum,6,70,274644.6742928046,0.05045343547591984,265532.47918026405,0.009505473644955307,49098.484265864005,-228258.11339732286
train_OOF,2003-01-01,5,Input-only PolyRidge,Liquid-WC-time,oil_cum,7,70,436338.08507521154,0.07031723718337886,430067.1012619859,0.014987624635819518,49098.484265864005,-403511.16553457855
train_OOF,2003-01-01,5,Input-only PolyRidge,Liquid-WC-time,oil_cum,8,70,642476.3507126574,0.09270995591560618,638300.1138712036,0.0216977519856975,49098.484265864005,-619690.7447485498
train_OOF,2003-01-01,5,Input-only PolyRidge,Liquid-WC-time,oil_cum,9,70,877878.1251404944,0.11550456892844069,875237.6338403831,0.029090799790883082,49098.484265864005,-862496.4120856647
train_OOF,2003-01-01,5,Input-only PolyRidge,Liquid-WC-time,oil_cum,10,70,1137473.909666897,0.1381445723028005,1136027.6479772432,0.03698253640146878,49098.484265864005,-1127422.1375553643
train_OOF,2003-01-01,5,Input-only PolyRidge,Liquid-WC-time,oil_cum,11,70,1420983.7626244416,0.1608255081136366,1420519.8790346025,0.04535890333452843,49098.484265864005,-1414379.305314773
train_OOF,2003-01-01,5,Input-only PolyRidge,Liquid-WC-time,oil_cum,12,70,1728639.9657846994,0.183735463013932,1728983.4655473037,0.054221020919789864,49098.484265864005,-1723574.0186093908
train_OOF,2003-01-01,5,Input-only PolyRidge,Liquid-WC-time,oil_cum,13,70,2053747.5634720158,0.20644194640427016,2054741.1700015138,0.06336854434637494,49098.484265864005,-2048427.2370622447
train_OOF,2003-01-01,5,Input-only PolyRidge,Liquid-WC-time,oil_cum,14,70,2406182.5769100897,0.22960115056502284,2407720.419884548,0.0730625388718739,49098.484265864005,-2398995.916325904
train_OOF,2003-01-01,5,Input-only PolyRidge,Liquid-WC-time,oil_cum,15,70,2783245.197036173,0.2529079004353159,2785231.1783956797,0.08319892663891743,49098.484265864005,-2772739.268749186
train_OOF,2003-01-01,5,Input-only PolyRidge,Liquid-WC-time,oil_cum,16,70,3175102.2499215174,0.27568278428708315,3177454.868654605,0.09349192487832444,49098.484265864005,-3160105.7823149357
train_OOF,2003-01-01,5,Input-only PolyRidge,Liquid-WC-time,oil_cum,17,70,3568262.1957449624,0.2972062054807223,3570911.146809168,0.10358678076954995,49098.484265864005,-3547983.1588883228
train_OOF,2003-01-01,5,Input-only PolyRidge,Liquid-WC-time,oil_cum,18,70,3972156.521558382,0.31807037216052175,3975056.5882292725,0.11372780841346611,49098.484265864005,-3945821.8360780315
train_OOF,2003-01-01,5,Input-only PolyRidge,Liquid-WC-time,oil_cum,19,70,4383968.643166868,0.33816359509629895,4387082.663993252,0.12383947759990137,49098.484265864005,-4350960.990888545
train_OOF,2003-01-01,5,Input-only PolyRidge,Liquid-WC-time,oil_cum,20,70,4796575.428809098,0.3572047806808327,4799871.584512733,0.13374933147777027,49098.484265864005,-4756507.391719517
train_OOF,2003-01-01,5,Input-only PolyRidge,Liquid-WC-time,water_cum,1,70,22887.442637045093,0.04687021757066789,37376.990987808844,0.010742323864220572,28457.40413034156,18766.935265154847
train_OOF,2003-01-01,5,Input-only PolyRidge,Liquid-WC-time,water_cum,2,70,106311.22053026789,0.10746460700760412,106051.6264284294,0.026654053619136763,28457.40413034156,102309.4382518228
train_OOF,2003-01-01,5,Input-only PolyRidge,Liquid-WC-time,water_cum,3,70,266340.49788174574,0.17759305063572497,262853.3935498034,0.05857497325830915,28457.40413034156,261260.06534577734
train_OOF,2003-01-01,5,Input-only PolyRidge,Liquid-WC-time,water_cum,4,70,494565.38849368034,0.24426229749859543,490309.93095015915,0.09785653745546627,28457.40413034156,488340.2545937143
train_OOF,2003-01-01,5,Input-only PolyRidge,Liquid-WC-time,water_cum,5,70,788752.5460690602,0.3083181978512772,784376.8014367449,0.1415338790459978,28457.40413034156,781796.6735525652
train_OOF,2003-01-01,5,Input-only PolyRidge,Liquid-WC-time,water_cum,6,70,1151641.0907421268,0.3709176216119053,1147369.560728182,0.18851001189757832,28457.40413034156,1144494.6561081298
train_OOF,2003-01-01,5,Input-only PolyRidge,Liquid-WC-time,water_cum,7,70,1586242.3976776013,0.43213375261547493,1582168.3140983593,0.23790672444706515,28457.40413034156,1579450.883135727
train_OOF,2003-01-01,5,Input-only PolyRidge,Liquid-WC-time,water_cum,8,70,2084412.8844935987,0.49037624994265344,2080568.775648048,0.28783355837047425,28457.40413034156,2078331.1691347098
train_OOF,2003-01-01,5,Input-only PolyRidge,Liquid-WC-time,water_cum,9,70,2628291.2814034666,0.5440015583855992,2624675.338053814,0.3361785441858925,28457.40413034156,2622996.7188304137
train_OOF,2003-01-01,5,Input-only PolyRidge,Liquid-WC-time,water_cum,10,70,3230113.518625065,0.5947606353019941,3226714.2433641003,0.383891532401361,28457.40413034156,3225454.170138955
train_OOF,2003-01-01,5,Input-only PolyRidge,Liquid-WC-time,water_cum,11,70,3885700.013546304,0.6423944332935224,3882500.339228806,0.43035706878960583,28457.40413034156,3881330.3202280556
train_OOF,2003-01-01,5,Input-only PolyRidge,Liquid-WC-time,water_cum,12,70,4582308.161741483,0.6862198420053665,4579286.031270505,0.4745855868067346,28457.40413034156,4577720.133461382
train_OOF,2003-01-01,5,Input-only PolyRidge,Liquid-WC-time,water_cum,13,70,5296973.176526491,0.7253021417708763,5294103.754354932,0.5153275466254812,28457.40413034156,5291615.830836278
train_OOF,2003-01-01,5,Input-only PolyRidge,Liquid-WC-time,water_cum,14,70,6045404.655735204,0.7607010134686857,6042669.807885087,0.5535553623844635,28457.40413034156,6038698.295083159
train_OOF,2003-01-01,5,Input-only PolyRidge,Liquid-WC-time,water_cum,15,70,6822601.751012663,0.7924081730885002,6819985.408960843,0.5890583874303532,28457.40413034156,6813975.351561434
train_OOF,2003-01-01,5,Input-only PolyRidge,Liquid-WC-time,water_cum,16,70,7615856.458316342,0.8203365756619998,7613344.278644218,0.6214689606746023,28457.40413034156,7604789.772505538
train_OOF,2003-01-01,5,Input-only PolyRidge,Liquid-WC-time,water_cum,17,70,8403869.097545689,0.8443767505752217,8401446.414149283,0.6503422858824436,28457.40413034156,8389969.331707517
train_OOF,2003-01-01,5,Input-only PolyRidge,Liquid-WC-time,water_cum,18,70,9207722.614749666,0.8653851470441286,9205380.170728924,0.6766260507623414,28457.40413034156,9190565.110167917
train_OOF,2003-01-01,5,Input-only PolyRidge,Liquid-WC-time,water_cum,19,70,10024876.349769577,0.8836023125912805,10022605.49125029,0.700424042085969,28457.40413034156,10004085.55504468
train_OOF,2003-01-01,5,Input-only PolyRidge,Liquid-WC-time,water_cum,20,70,10844269.320549827,0.8991212536248494,10842061.801528027,0.7216516413865762,28457.40413034156,10819568.892122464
train_OOF,2003-01-01,5,Input-only PolyRidge,Liquid-WC-volume,gas_cum,1,70,8586.072389305704,0.022748420229568998,15789.15066902201,0.001846616186922343,17230.848210020322,6205.134756699258
train_OOF,2003-01-01,5,Input-only PolyRidge,Liquid-WC-volume,gas_cum,2,70,19067.12605007169,0.02605256910375137,19383.32861055602,0.0021769694585147548,17230.848210020322,12139.008043932183
train_OOF,2003-01-01,5,Input-only PolyRidge,Liquid-WC-volume,gas_cum,3,70,27126.952172401478,0.025393607907926878,23752.654818791296,0.0025707967379813533,17230.848210020322,10304.031836996654
train_OOF,2003-01-01,5,Input-only PolyRidge,Liquid-WC-volume,gas_cum,4,70,35707.59150012922,0.025722596252499026,30541.40433083295,0.003195162554545656,17230.848210020322,-6075.935462887306
train_OOF,2003-01-01,5,Input-only PolyRidge,Liquid-WC-volume,gas_cum,5,70,58377.77556500298,0.034545221458977676,54052.15490097863,0.005482112157071351,17230.848210020322,-38519.53145353069
train_OOF,2003-01-01,5,Input-only PolyRidge,Liquid-WC-volume,gas_cum,6,70,100877.26575106427,0.05101251218501236,97920.52627480056,0.00965042354820747,17230.848210020322,-87390.73964438839
train_OOF,2003-01-01,5,Input-only PolyRidge,Liquid-WC-volume,gas_cum,7,70,161935.94755831867,0.07183929528323016,159995.99260247406,0.015350551270480472,17230.848210020322,-152682.52098317738
train_OOF,2003-01-01,5,Input-only PolyRidge,Liquid-WC-volume,gas_cum,8,70,239285.0139156545,0.09505503842931382,238068.19309905721,0.022279763284369123,17230.848210020322,-233027.91526109635
train_OOF,2003-01-01,5,Input-only PolyRidge,Liquid-WC-volume,gas_cum,9,70,327284.4999704677,0.11854690387503264,326591.6211152976,0.029885149185321556,17230.848210020322,-323092.60551546793
train_OOF,2003-01-01,5,Input-only PolyRidge,Liquid-WC-volume,gas_cum,10,70,424132.88286434556,0.1418078721755324,423846.3423913861,0.03798724342922064,17230.848210020322,-421247.03374396294
train_OOF,2003-01-01,5,Input-only PolyRidge,Liquid-WC-volume,gas_cum,11,70,529722.939221112,0.16505089475072765,529768.504230344,0.04657164273340247,17230.848210020322,-527436.4417782956
train_OOF,2003-01-01,5,Input-only PolyRidge,Liquid-WC-volume,gas_cum,12,70,644017.2688310251,0.18844410864324113,644332.8552493589,0.055629460210956015,17230.848210020322,-641634.8451384325
train_OOF,2003-01-01,5,Input-only PolyRidge,Liquid-WC-volume,gas_cum,13,70,764430.5658510226,0.21153447255647367,764961.4709005933,0.06494893071163649,17230.848210020322,-761335.860752587
train_OOF,2003-01-01,5,Input-only PolyRidge,Liquid-WC-volume,gas_cum,14,70,894548.263271253,0.2349869228503387,895258.1924065435,0.0747916177151433,17230.848210020322,-890190.4261548189
train_OOF,2003-01-01,5,Input-only PolyRidge,Liquid-WC-volume,gas_cum,15,70,1033361.3476332563,0.25850248988951047,1034217.6474272896,0.08505230246485139,17230.848210020322,-1027266.2681524334
train_OOF,2003-01-01,5,Input-only PolyRidge,Liquid-WC-volume,gas_cum,16,70,1177350.9308606582,0.2814247237296818,1178326.2667325488,0.0954505601981823,17230.848210020322,-1169149.3038684358
train_OOF,2003-01-01,5,Input-only PolyRidge,Liquid-WC-volume,gas_cum,17,70,1321607.093941137,0.3030442908887703,1322678.054320564,0.10563231307276849,17230.848210020322,-1311072.5484509494
train_OOF,2003-01-01,5,Input-only PolyRidge,Liquid-WC-volume,gas_cum,18,70,1469595.1537258872,0.32396211634505795,1470746.7708709051,0.11584500710303708,17230.848210020322,-1456490.9836463665
train_OOF,2003-01-01,5,Input-only PolyRidge,Liquid-WC-volume,gas_cum,19,70,1620287.4778706743,0.3440714024551268,1621507.5375895542,0.12601352170937233,17230.848210020322,-1604433.6402047244
train_OOF,2003-01-01,5,Input-only PolyRidge,Liquid-WC-volume,gas_cum,20,70,1771094.4144561135,0.3630975391321199,1772372.51648607,0.13596623901396024,17230.848210020322,-1752394.0606355108
train_OOF,2003-01-01,5,Input-only PolyRidge,Liquid-WC-volume,oil_cum,1,70,23851.59868853672,0.022963101203065835,45439.76000958236,0.0019303316009543763,49098.484265864005,17277.85239667073
train_OOF,2003-01-01,5,Input-only PolyRidge,Liquid-WC-volume,oil_cum,2,70,52842.423960869375,0.026235661675030487,55383.895136482475,0.0022593914688208813,49098.484265864005,33744.610520363756
train_OOF,2003-01-01,5,Input-only PolyRidge,Liquid-WC-volume,oil_cum,3,70,74948.87459859652,0.025491618720243817,67243.0570305359,0.0026435582080749343,49098.484265864005,28627.23702831343
train_OOF,2003-01-01,5,Input-only PolyRidge,Liquid-WC-volume,oil_cum,4,70,98293.5168636872,0.025725691516490602,85387.05694204255,0.0032447641894149675,49098.484265864005,-16534.90209779654
train_OOF,2003-01-01,5,Input-only PolyRidge,Liquid-WC-volume,oil_cum,5,70,160609.07608484357,0.0345282121053549,149467.0861038268,0.005506388008700586,49098.484265864005,-106025.17272422303
train_OOF,2003-01-01,5,Input-only PolyRidge,Liquid-WC-volume,oil_cum,6,70,277868.28926218324,0.05104562773406411,270165.8626951393,0.009671338495174694,49098.484265864005,-240860.59848272672
train_OOF,2003-01-01,5,Input-only PolyRidge,Liquid-WC-volume,oil_cum,7,70,446204.4896291984,0.07190723891116815,441142.65146682784,0.015373602053339359,49098.484265864005,-420822.9851212324
train_OOF,2003-01-01,5,Input-only PolyRidge,Liquid-WC-volume,oil_cum,8,70,659348.6973835329,0.095144651783111,656196.8653243226,0.022306116712478362,49098.484265864005,-642172.2701081841
train_OOF,2003-01-01,5,Input-only PolyRidge,Liquid-WC-volume,oil_cum,9,70,901828.6862348438,0.1186558027450418,900074.9087491425,0.029916331239469775,49098.484265864005,-890282.8601924444
train_OOF,2003-01-01,5,Input-only PolyRidge,Liquid-WC-volume,oil_cum,10,70,1168638.4204281382,0.14192945736570137,1167976.557468355,0.03802260942288343,49098.484265864005,-1160623.1230863717
train_OOF,2003-01-01,5,Input-only PolyRidge,Liquid-WC-volume,oil_cum,11,70,1459354.4332163671,0.16516826188529835,1459592.3865425305,0.04660653535801986,49098.484265864005,-1452924.883623457
train_OOF,2003-01-01,5,Input-only PolyRidge,Liquid-WC-volume,oil_cum,12,70,1773932.3547243893,0.18854954704389565,1774907.4789546407,0.05566120062150362,49098.484265864005,-1767186.6210542687
train_OOF,2003-01-01,5,Input-only PolyRidge,Liquid-WC-volume,oil_cum,13,70,2105374.4702383475,0.2116314640008998,2106939.941700557,0.06497836276415389,49098.484265864005,-2096626.7826884564
train_OOF,2003-01-01,5,Input-only PolyRidge,Liquid-WC-volume,oil_cum,14,70,2463666.790411495,0.23508637088284132,2465723.4967810903,0.07482264856959583,49098.484265864005,-2451399.949385273
train_OOF,2003-01-01,5,Input-only PolyRidge,Liquid-WC-volume,oil_cum,15,70,2846023.6101243887,0.2586124487315669,2848481.965510722,0.08508832010753045,49098.484265864005,-2828923.76383671
train_OOF,2003-01-01,5,Input-only PolyRidge,Liquid-WC-volume,oil_cum,16,70,3242534.3835508707,0.28153767552714265,3245319.4200756783,0.09548873924882931,49098.484265864005,-3219598.7178427763
train_OOF,2003-01-01,5,Input-only PolyRidge,Liquid-WC-volume,oil_cum,17,70,3639651.454678541,0.30315232983924917,3642699.137892567,0.10566924280473312,49098.484265864005,-3610276.153014551
train_OOF,2003-01-01,5,Input-only PolyRidge,Liquid-WC-volume,oil_cum,18,70,4046996.3555048793,0.324063170708766,4050265.605796659,0.1158795656403183,49098.484265864005,-4010539.974194564
train_OOF,2003-01-01,5,Input-only PolyRidge,Liquid-WC-volume,oil_cum,19,70,4461785.964097428,0.34416614373397153,4465243.156848273,0.12604580817205113,49098.484265864005,-4417756.449126603
train_OOF,2003-01-01,5,Input-only PolyRidge,Liquid-WC-volume,oil_cum,20,70,4876915.68864326,0.3631877836211259,4880532.257128848,0.13599695640877096,49098.484265864005,-4825047.343276832
train_OOF,2003-01-01,5,Input-only PolyRidge,Liquid-WC-volume,water_cum,1,70,23099.627099168232,0.04730474108046053,37660.15449166228,0.010823706393539564,28457.40413034156,19031.63904179484
train_OOF,2003-01-01,5,Input-only PolyRidge,Liquid-WC-volume,water_cum,2,70,107264.58062609973,0.10842831025100853,107237.3681595368,0.026952067188034865,28457.40413034156,103467.6246082273
train_OOF,2003-01-01,5,Input-only PolyRidge,Liquid-WC-volume,water_cum,3,70,268722.9746187722,0.1791816611368026,265488.8547665369,0.05916226668529785,28457.40413034156,264074.8409812243
train_OOF,2003-01-01,5,Input-only PolyRidge,Liquid-WC-volume,water_cum,4,70,499205.1767949967,0.2465538556560283,495209.67768837896,0.09883443372055262,28457.40413034156,493638.2763114631
train_OOF,2003-01-01,5,Input-only PolyRidge,Liquid-WC-volume,water_cum,5,70,796507.4666691514,0.31134954545936533,792394.038664849,0.14298051882683668,28457.40413034156,790370.5523117583
train_OOF,2003-01-01,5,Input-only PolyRidge,Liquid-WC-volume,water_cum,6,70,1163369.2888045684,0.3746950096940819,1159358.8449226248,0.1904798219600864,28457.40413034156,1157097.1411935342
train_OOF,2003-01-01,5,Input-only PolyRidge,Liquid-WC-volume,water_cum,7,70,1602768.7871850054,0.4366359716492591,1598951.6207306876,0.24043038863039407,28457.40413034156,1596762.7027223809
train_OOF,2003-01-01,5,Input-only PolyRidge,Liquid-WC-volume,water_cum,8,70,2106361.22143118,0.49553978699426005,2102767.591923889,0.2909046244919475,28457.40413034156,2100812.694494343
train_OOF,2003-01-01,5,Input-only PolyRidge,Liquid-WC-volume,water_cum,9,70,2655940.2832865748,0.5497243259565457,2652566.7939073234,0.3397509894663097,28457.40413034156,2650783.166937192
train_OOF,2003-01-01,5,Input-only PolyRidge,Liquid-WC-volume,water_cum,10,70,3263698.392814754,0.6009446164513933,3260532.1605953085,0.3879149478913474,28457.40413034156,3258655.1556699625
train_OOF,2003-01-01,5,Input-only PolyRidge,Liquid-WC-volume,water_cum,11,70,3925253.5757813402,0.6489335351562848,3922276.55696421,0.43476607715444365,28457.40413034156,3919875.8985367394
train_OOF,2003-01-01,5,Input-only PolyRidge,Liquid-WC-volume,water_cum,12,70,4627614.359969788,0.6930046349727333,4624804.04284902,0.47930295804927125,28457.40413034156,4621332.735906255
train_OOF,2003-01-01,5,Input-only PolyRidge,Liquid-WC-volume,water_cum,13,70,5347560.426436595,0.7322289355233335,5344892.113822795,0.520271280616372,28457.40413034156,5339815.376462489
train_OOF,2003-01-01,5,Input-only PolyRidge,Liquid-WC-volume,water_cum,14,70,6100894.3481990015,0.7676833525672324,6098349.993986398,0.5586560987435354,28457.40413034156,6091102.328142525
train_OOF,2003-01-01,5,Input-only PolyRidge,Liquid-WC-volume,water_cum,15,70,6882552.319826673,0.7993711063569523,6880116.112476206,0.59425201954594,28457.40413034156,6870159.846648957
train_OOF,2003-01-01,5,Input-only PolyRidge,Liquid-WC-volume,water_cum,16,70,7679759.89664336,0.8272198891878174,7677417.959776656,0.6266992251369187,28457.40413034156,7664282.708033376
train_OOF,2003-01-01,5,Input-only PolyRidge,Liquid-WC-volume,water_cum,17,70,8471158.50116114,0.8511376374135889,8468896.896209942,0.6555635178614188,28457.40413034156,8452262.325833742
train_OOF,2003-01-01,5,Input-only PolyRidge,Liquid-WC-volume,water_cum,18,70,9277982.238376068,0.8719884774513459,9275792.183024103,0.6818015677884616,28457.40413034156,9255283.248284446
train_OOF,2003-01-01,5,Input-only PolyRidge,Liquid-WC-volume,water_cum,19,70,10097713.378109686,0.8900222388265878,10095586.717924811,0.7055242932959349,28457.40413034156,10070881.013282731
train_OOF,2003-01-01,5,Input-only PolyRidge,Liquid-WC-volume,water_cum,20,70,10919300.235284278,0.9053422251004304,10917229.308661226,0.7266548184477848,28457.40413034156,10888108.843679775
train_OOF,2003-01-01,5,Input-only PolyRidge,Separate,gas_cum,1,70,15689.681192198419,0.04156911854978619,20337.753253912182,0.0023785968701908037,17230.848210020322,14324.43191716136
train_OOF,2003-01-01,5,Input-only PolyRidge,Separate,gas_cum,2,70,50630.71977303131,0.0691798188251139,50065.38917309996,0.005622915720426795,17230.848210020322,47027.03658861346
train_OOF,2003-01-01,5,Input-only PolyRidge,Separate,gas_cum,3,70,100121.08497629302,0.0937235985467931,98256.01684943773,0.010634442740427501,17230.848210020322,93188.57055300295
train_OOF,2003-01-01,5,Input-only PolyRidge,Separate,gas_cum,4,70,158504.88568225031,0.1141818030050636,156114.33848631525,0.016332277427582725,17230.848210020322,147266.21053049617
train_OOF,2003-01-01,5,Input-only PolyRidge,Separate,gas_cum,5,70,223708.17236332071,0.13237997305788005,221010.47900372362,0.02241546587746753,17230.848210020322,207323.19613240633
train_OOF,2003-01-01,5,Input-only PolyRidge,Separate,gas_cum,6,70,295913.600244606,0.14964021899086397,293011.1103317152,0.02887730924868705,17230.848210020322,273615.172830877
train_OOF,2003-01-01,5,Input-only PolyRidge,Separate,gas_cum,7,70,375835.5146943018,0.166731099086725,372799.7537304862,0.03576765667800751,17230.848210020322,347037.60018983006
train_OOF,2003-01-01,5,Input-only PolyRidge,Separate,gas_cum,8,70,462077.02017313807,0.18355829389860062,458957.14056642837,0.042951795938721914,17230.848210020322,426395.98896703206
train_OOF,2003-01-01,5,Input-only PolyRidge,Separate,gas_cum,9,70,553512.0804904351,0.20048961501534557,550351.0377890529,0.050360516943011045,17230.848210020322,511000.5484416369
train_OOF,2003-01-01,5,Input-only PolyRidge,Separate,gas_cum,10,70,655074.1982327083,0.21902257976584344,651906.4908528756,0.05842714230207894,17230.848210020322,605771.4063160615
train_OOF,2003-01-01,5,Input-only PolyRidge,Separate,gas_cum,11,70,764977.983133661,0.2383515819920258,761819.3863151309,0.06697110153498631,17230.848210020322,708843.877271639
train_OOF,2003-01-01,5,Input-only PolyRidge,Separate,gas_cum,12,70,878862.2079229157,0.25716143558212334,875709.534941766,0.07560571889748631,17230.848210020322,815676.505727021
train_OOF,2003-01-01,5,Input-only PolyRidge,Separate,gas_cum,13,70,991690.1152163363,0.2744221055946617,988533.8218708789,0.08393130522928553,17230.848210020322,921243.4406917292
train_OOF,2003-01-01,5,Input-only PolyRidge,Separate,gas_cum,14,70,1105328.1901645763,0.29035623991564086,1102158.4794130023,0.09207647174071075,17230.848210020322,1027075.3682522542
train_OOF,2003-01-01,5,Input-only PolyRidge,Separate,gas_cum,15,70,1219044.3725234338,0.30495238311830386,1215850.8268867228,0.09998950659733302,17230.848210020322,1132339.5851742914
train_OOF,2003-01-01,5,Input-only PolyRidge,Separate,gas_cum,16,70,1331848.7713309596,0.3183546746317489,1328624.684435957,0.10762551425948128,17230.848210020322,1236136.2352623367
train_OOF,2003-01-01,5,Input-only PolyRidge,Separate,gas_cum,17,70,1441414.4602072134,0.3305161004150677,1438156.015516487,0.11485466624496106,17230.848210020322,1336332.9466577333
train_OOF,2003-01-01,5,Input-only PolyRidge,Separate,gas_cum,18,70,1551384.6940876446,0.3419920564433952,1548088.7286122665,0.12193693252579718,17230.848210020322,1436298.9041076135
train_OOF,2003-01-01,5,Input-only PolyRidge,Separate,gas_cum,19,70,1661768.3854294259,0.3528799591055845,1658432.533031029,0.12888310363040348,17230.848210020322,1535999.6993919204
train_OOF,2003-01-01,5,Input-only PolyRidge,Separate,gas_cum,20,70,1771439.169293919,0.3631682183868165,1768062.367788546,0.135635589163242,17230.848210020322,1634400.999637885
train_OOF,2003-01-01,5,Input-only PolyRidge,Separate,oil_cum,1,70,43417.93415593827,0.04180056980960487,57579.67341302851,0.0024460486397455124,49098.484265864005,39626.78017621072
train_OOF,2003-01-01,5,Input-only PolyRidge,Separate,oil_cum,2,70,139758.30046501395,0.06938840447577828,138798.2166227357,0.005662286947354618,49098.484265864005,129776.28025431735
train_OOF,2003-01-01,5,Input-only PolyRidge,Separate,oil_cum,3,70,275914.8464591146,0.09384418515767909,271079.5306679624,0.010657078217204928,49098.484265864005,256772.51213603825
train_OOF,2003-01-01,5,Input-only PolyRidge,Separate,oil_cum,4,70,436486.05700743967,0.11423851757583256,430065.04852217383,0.01634275402548356,49098.484265864005,405549.6129126438
train_OOF,2003-01-01,5,Input-only PolyRidge,Separate,oil_cum,5,70,615703.0621584284,0.13236565729879646,608347.556159503,0.022411607636694465,49098.484265864005,570673.2872510131
train_OOF,2003-01-01,5,Input-only PolyRidge,Separate,oil_cum,6,70,814073.1452253563,0.1495488198016833,806090.7129626388,0.02885625913321078,49098.484265864005,752832.0647984543
train_OOF,2003-01-01,5,Input-only PolyRidge,Separate,oil_cum,7,70,1033736.4226720271,0.166589834131937,1025344.4838331426,0.03573274542741129,49098.484265864005,954689.5610104689
train_OOF,2003-01-01,5,Input-only PolyRidge,Separate,oil_cum,8,70,1270830.0595862805,0.183382001018065,1262176.4835991235,0.042905197270322916,49098.484265864005,1172935.271513585
train_OOF,2003-01-01,5,Input-only PolyRidge,Separate,oil_cum,9,70,1522209.6123278756,0.20028083632055615,1513420.2620695662,0.050302459744733366,49098.484265864005,1405613.0389732495
train_OOF,2003-01-01,5,Input-only PolyRidge,Separate,oil_cum,10,70,1801510.2048715032,0.21879082644100747,1792685.4743645522,0.058359544268239014,49098.484265864005,1666311.9982758109
train_OOF,2003-01-01,5,Input-only PolyRidge,Separate,oil_cum,11,70,2103958.282933531,0.23812387502425592,2095148.0812655108,0.06690059089791174,49098.484265864005,1950016.9304400224
train_OOF,2003-01-01,5,Input-only PolyRidge,Separate,oil_cum,12,70,2417478.4561551022,0.25695143711792734,2408678.9855712545,0.0755363115195413,49098.484265864005,2244157.1845788695
train_OOF,2003-01-01,5,Input-only PolyRidge,Separate,oil_cum,13,70,2728061.4242741107,0.27422372659346883,2719248.5262733432,0.08386205685742897,49098.484265864005,2534781.360881781
train_OOF,2003-01-01,5,Input-only PolyRidge,Separate,oil_cum,14,70,3040710.1159017766,0.29014861459195046,3031856.7544190823,0.09200202404908767,49098.484265864005,2825997.6271015094
train_OOF,2003-01-01,5,Input-only PolyRidge,Separate,oil_cum,15,70,3353430.7217535954,0.3047195137521925,3344508.087011326,0.09990534542802351,49098.484265864005,3115530.129393546
train_OOF,2003-01-01,5,Input-only PolyRidge,Separate,oil_cum,16,70,3663769.0390813905,0.3181119756706213,3654759.200427877,0.10753590113443419,49098.484265864005,3401103.9847104233
train_OOF,2003-01-01,5,Input-only PolyRidge,Separate,oil_cum,17,70,3965330.8877396705,0.3302786852451481,3956224.0042346776,0.11476412930858884,49098.484265864005,3676876.937735372
train_OOF,2003-01-01,5,Input-only PolyRidge,Separate,oil_cum,18,70,4268051.396042812,0.3417641496682443,4258838.947149841,0.12184692446379047,49098.484265864005,3952049.0299555873
train_OOF,2003-01-01,5,Input-only PolyRidge,Separate,oil_cum,19,70,4571902.417506148,0.35266013144120284,4562577.9008999,0.1287933934761999,49098.484265864005,4226486.626430466
train_OOF,2003-01-01,5,Input-only PolyRidge,Separate,oil_cum,20,70,4873764.414545283,0.3629531057369271,4864325.0042280685,0.13554533823474216,49098.484265864005,4497321.713050711
train_OOF,2003-01-01,5,Input-only PolyRidge,Separate,water_cum,1,70,14882.409082736283,0.030477050789174162,33776.01448601305,0.009707386198362035,28457.40413034156,406.556340965898
train_OOF,2003-01-01,5,Input-only PolyRidge,Separate,water_cum,2,70,45576.6380446124,0.04607110586974792,46539.32565227973,0.01169677187526658,28457.40413034156,24522.90618962957
train_OOF,2003-01-01,5,Input-only PolyRidge,Separate,water_cum,3,70,109014.65467318642,0.0726898284015642,101365.01792492547,0.022588459422554705,28457.40413034156,76327.64459049414
train_OOF,2003-01-01,5,Input-only PolyRidge,Separate,water_cum,4,70,195638.07622496795,0.09662424239282698,185291.580308092,0.036980675536112055,28457.40413034156,145100.54441419992
train_OOF,2003-01-01,5,Input-only PolyRidge,Separate,water_cum,5,70,302097.08262514067,0.1180877685343872,290671.4721406032,0.052449104696511,28457.40413034156,229661.0884993919
train_OOF,2003-01-01,5,Input-only PolyRidge,Separate,water_cum,6,70,428862.6417215553,0.13812698447834146,416955.11079811305,0.06850470466326863,28457.40413034156,331406.4665376163
train_OOF,2003-01-01,5,Input-only PolyRidge,Separate,water_cum,7,70,576380.8576414961,0.1570211610236943,564269.0836158596,0.08484774229997044,28457.40413034156,451528.7901612067
train_OOF,2003-01-01,5,Input-only PolyRidge,Separate,water_cum,8,70,741669.5538149289,0.17448420953546584,729493.821301005,0.1009208658958854,28457.40413034156,587962.2040352803
train_OOF,2003-01-01,5,Input-only PolyRidge,Separate,water_cum,9,70,919820.8823747094,0.1903837664371285,907657.3711391513,0.1162562581455924,28457.40413034156,736898.6762351487
train_OOF,2003-01-01,5,Input-only PolyRidge,Separate,water_cum,10,70,1116892.6676925141,0.20565338919843867,1104781.805822584,0.13143908893655248,28457.40413034156,903712.4833070289
train_OOF,2003-01-01,5,Input-only PolyRidge,Separate,water_cum,11,70,1333361.3046316276,0.2204348963322614,1321328.0201276883,0.14646305317894104,28457.40413034156,1089385.9594746516
train_OOF,2003-01-01,5,Input-only PolyRidge,Separate,water_cum,12,70,1567298.9025536554,0.23470957590002217,1555356.4359036428,0.16119319513705171,28457.40413034156,1292378.5520248786
train_OOF,2003-01-01,5,Input-only PolyRidge,Separate,water_cum,13,70,1812933.1460846479,0.2482406933019197,1801085.631246388,0.1753175008799386,28457.40413034156,1507451.2995735607
train_OOF,2003-01-01,5,Input-only PolyRidge,Separate,water_cum,14,70,2076822.9149281501,0.26132928830199265,2065067.6908195936,0.18917619699299415,28457.40413034156,1739788.0064622893
train_OOF,2003-01-01,5,Input-only PolyRidge,Separate,water_cum,15,70,2359126.548614076,0.2739997477053954,2347461.1662332853,0.20275581342445284,28457.40413034156,1989440.736681341
train_OOF,2003-01-01,5,Input-only PolyRidge,Separate,water_cum,16,70,2657098.5212132954,0.2862074822469217,2645523.1030202685,0.21595115537943832,28457.40413034156,2254155.082478636
train_OOF,2003-01-01,5,Input-only PolyRidge,Separate,water_cum,17,70,2964222.0520220483,0.29782950629261457,2952734.83376899,0.2285663952059483,28457.40413034156,2528145.711741554
train_OOF,2003-01-01,5,Input-only PolyRidge,Separate,water_cum,18,70,3288987.5851069284,0.30911454700044244,3277586.506090662,0.24091350628840547,28457.40413034156,2818667.541112807
train_OOF,2003-01-01,5,Input-only PolyRidge,Separate,water_cum,19,70,3631954.543288742,0.3201239917288461,3620636.58806826,0.25302611343457815,28457.40413034156,3126229.426508294
train_OOF,2003-01-01,5,Input-only PolyRidge,Separate,water_cum,20,70,3989773.6431376413,0.330800552223413,3978535.530565401,0.2648127956199893,28457.40413034156,3447800.348873324
train_OOF,2004-01-01,3,History-conditioned,Constant,gas_cum,1,70,11656.09241018067,0.03863176566164435,11656.09241018067,0.0011821916447708847,0.0,11555.172767857142
train_OOF,2004-01-01,3,History-conditioned,Constant,gas_cum,2,70,37468.22083989274,0.0635768070065711,37468.22083989274,0.003692629262306068,0.0,37171.05982142857
train_OOF,2004-01-01,3,History-conditioned,Constant,gas_cum,3,70,77745.67581350128,0.0897766996241747,77745.67581350128,0.007459180465841558,0.0,77214.88660714286
train_OOF,2004-01-01,3,History-conditioned,Constant,gas_cum,4,70,131538.26239759306,0.11648872141033334,131538.26239759306,0.012310091956871374,0.0,130775.42767857143
train_OOF,2004-01-01,3,History-conditioned,Constant,gas_cum,5,70,198247.1300067145,0.14442295986509432,198247.1300067145,0.018140836055683455,0.0,197285.775
train_OOF,2004-01-01,3,History-conditioned,Constant,gas_cum,6,70,281891.35145949293,0.17587297533153395,281891.35145949293,0.02526452234568434,0.0,280756.890625
train_OOF,2004-01-01,3,History-conditioned,Constant,gas_cum,7,70,380653.7241090812,0.20898835128040374,380653.7241090812,0.03346304867652016,0.0,379370.703125
train_OOF,2004-01-01,3,History-conditioned,Constant,gas_cum,8,70,489980.3970575619,0.2414211953884669,489980.3970575619,0.04230320521481617,0.0,488566.04419642856
train_OOF,2004-01-01,3,History-conditioned,Constant,gas_cum,9,70,604397.1616457739,0.27153899361323924,604397.1616457739,0.05131624384666859,0.0,602874.7772321429
train_OOF,2004-01-01,3,History-conditioned,Constant,gas_cum,10,70,725456.7943751065,0.29990526138756646,725456.7943751065,0.06060607732379987,0.0,723846.5357142857
train_OOF,2004-01-01,3,History-conditioned,Constant,gas_cum,11,70,852377.8814431062,0.3266165789898037,852377.8814431062,0.07009810900750962,0.0,850693.6339285715
train_OOF,2004-01-01,3,History-conditioned,Constant,gas_cum,12,70,983965.2168593354,0.35193841053345043,983965.2168593354,0.07970630360739216,0.0,982223.1607142857
train_OOF,2004-01-01,3,History-conditioned,Constant,oil_cum,1,70,31996.05163486717,0.03851574702347297,31996.05163486717,0.0011787389427369494,0.0,31718.549455915178
train_OOF,2004-01-01,3,History-conditioned,Constant,oil_cum,2,70,102829.96591633819,0.06336776652855244,102829.96591633819,0.0036810846414981795,0.0,102013.18462611607
train_OOF,2004-01-01,3,History-conditioned,Constant,oil_cum,3,70,213550.6748595206,0.08955669576999777,213550.6748595206,0.007442134834607357,0.0,212094.6085658482
train_OOF,2004-01-01,3,History-conditioned,Constant,oil_cum,4,70,361513.2908316601,0.11627016640075252,361513.2908316601,0.012288930478839707,0.0,359430.91821986606
train_OOF,2004-01-01,3,History-conditioned,Constant,oil_cum,5,70,545009.6917161231,0.144192910666416,545009.6917161231,0.018114815008852873,0.0,542401.9931919643
train_OOF,2004-01-01,3,History-conditioned,Constant,oil_cum,6,70,775158.1140406509,0.17563828343501076,775158.1140406509,0.025234696726304073,0.0,772097.7140764509
train_OOF,2004-01-01,3,History-conditioned,Constant,oil_cum,7,70,1047082.587517612,0.20878486105591876,1047082.587517612,0.03343460276160088,0.0,1043631.1665876117
train_OOF,2004-01-01,3,History-conditioned,Constant,oil_cum,8,70,1348175.5749141753,0.24126125295916825,1348175.5749141753,0.042278863567866365,0.0,1344376.3333844866
train_OOF,2004-01-01,3,History-conditioned,Constant,oil_cum,9,70,1663243.7062360765,0.27140780213205,1663243.7062360765,0.051294700323434014,0.0,1659162.1797851562
train_OOF,2004-01-01,3,History-conditioned,Constant,oil_cum,10,70,1996460.222831407,0.2997714710363621,1996460.222831407,0.06058280331557935,0.0,1992152.3292410714
train_OOF,2004-01-01,3,History-conditioned,Constant,oil_cum,11,70,2345694.14145305,0.32645770981164557,2345694.14145305,0.07006931284766973,0.0,2341194.8388950895
train_OOF,2004-01-01,3,History-conditioned,Constant,oil_cum,12,70,2707868.062080664,0.3517732779077019,2707868.062080664,0.07967502542299014,0.0,2703207.0628348216
train_OOF,2004-01-01,3,History-conditioned,Constant,water_cum,1,70,9698.575614900692,0.018162088370798385,9698.575614900692,0.0017500224706843476,0.0,-8476.983600725447
train_OOF,2004-01-01,3,History-conditioned,Constant,water_cum,2,70,34276.194555752714,0.03170352186682677,34276.194555752714,0.005631494912073404,0.0,-30880.85648716518
train_OOF,2004-01-01,3,History-conditioned,Constant,water_cum,3,70,73205.39378258125,0.04443221792968869,73205.39378258125,0.011007713459737976,0.0,-67281.44948381696
train_OOF,2004-01-01,3,History-conditioned,Constant,water_cum,4,70,126211.57037724782,0.05664772117546554,126211.57037724782,0.017460574163376787,0.0,-117939.35676618303
train_OOF,2004-01-01,3,History-conditioned,Constant,water_cum,5,70,191300.8009309509,0.06809726059109811,191300.8009309509,0.024502544686631152,0.0,-181028.85239955358
train_OOF,2004-01-01,3,History-conditioned,Constant,water_cum,6,70,269281.2446166401,0.07898685269923998,269281.2446166401,0.032037169035164216,0.0,-257193.09314313615
train_OOF,2004-01-01,3,History-conditioned,Constant,water_cum,7,70,359438.83454345755,0.08924862951781123,359438.83454345755,0.039842119698050175,0.0,-345829.75042550225
train_OOF,2004-01-01,3,History-conditioned,Constant,water_cum,8,70,460260.8451744076,0.09884176496009453,460260.8451744076,0.04770026632965236,0.0,-445401.96485072543
train_OOF,2004-01-01,3,History-conditioned,Constant,water_cum,9,70,568972.5237294493,0.10771225266778381,568972.5237294493,0.05538373034521907,0.0,-553123.4819126674
train_OOF,2004-01-01,3,History-conditioned,Constant,water_cum,10,70,690242.163980765,0.11646471095577868,690242.163980765,0.06323152900342537,0.0,-673599.9369419643
train_OOF,2004-01-01,3,History-conditioned,Constant,water_cum,11,70,824415.3331576479,0.12510713222150016,824415.3331576479,0.0712067163786933,0.0,-807130.7727957589
train_OOF,2004-01-01,3,History-conditioned,Constant,water_cum,12,70,969498.4493157876,0.1334705729539457,969498.4493157876,0.07913909730340167,0.0,-951717.080078125
train_OOF,2004-01-01,3,History-conditioned,Liquid-WC-time,gas_cum,1,70,2909.5923261568846,0.009643256501367183,2909.5923261568846,0.00029509853016160465,0.0,2353.9934149557193
train_OOF,2004-01-01,3,History-conditioned,Liquid-WC-time,gas_cum,2,70,5359.836314796515,0.009094674669201741,5359.836314796515,0.0005282313377451788,0.0,377.1606497956972
train_OOF,2004-01-01,3,History-conditioned,Liquid-WC-time,gas_cum,3,70,12107.211139342138,0.013980783450266472,12107.211139342138,0.0011616063772220374,0.0,-6028.44221423883
train_OOF,2004-01-01,3,History-conditioned,Liquid-WC-time,gas_cum,4,70,24122.858850509052,0.021362917017741918,24122.858850509052,0.0022575530898743933,0.0,-17321.93888504992
train_OOF,2004-01-01,3,History-conditioned,Liquid-WC-time,gas_cum,5,70,39717.81619413465,0.0289344142028206,39717.81619413465,0.0036344253359085837,0.0,-31720.25171168066
train_OOF,2004-01-01,3,History-conditioned,Liquid-WC-time,gas_cum,6,70,57097.531323460986,0.03562334447633999,57097.531323460986,0.005117368264532519,0.0,-47172.7734037792
train_OOF,2004-01-01,3,History-conditioned,Liquid-WC-time,gas_cum,7,70,77615.4047147305,0.04261278542133624,77615.4047147305,0.0068231253276076305,0.0,-65512.66908549797
train_OOF,2004-01-01,3,History-conditioned,Liquid-WC-time,gas_cum,8,70,103711.5043340106,0.051100320547949545,103711.5043340106,0.00895409097450797,0.0,-89658.06874626412
train_OOF,2004-01-01,3,History-conditioned,Liquid-WC-time,gas_cum,9,70,136524.38880773025,0.061336646650635165,136524.38880773025,0.01159158128406453,0.0,-120947.68623121189
train_OOF,2004-01-01,3,History-conditioned,Liquid-WC-time,gas_cum,10,70,178458.76075563565,0.07377520164715218,178458.76075563565,0.014908793380013713,0.0,-161668.8704615137
train_OOF,2004-01-01,3,History-conditioned,Liquid-WC-time,gas_cum,11,70,230122.54849547168,0.08817901211931317,230122.54849547168,0.018924887471517764,0.0,-212259.5817141965
train_OOF,2004-01-01,3,History-conditioned,Liquid-WC-time,gas_cum,12,70,290279.8029920613,0.10382543074141386,290279.8029920613,0.023514174802061964,0.0,-271337.5754020539
train_OOF,2004-01-01,3,History-conditioned,Liquid-WC-time,oil_cum,1,70,7889.155895969563,0.00949669466049933,7889.155895969563,0.0002906375882256804,0.0,6346.219178012014
train_OOF,2004-01-01,3,History-conditioned,Liquid-WC-time,oil_cum,2,70,14732.315492855389,0.009078617504704513,14732.315492855389,0.0005273842095656977,0.0,640.8995964881033
train_OOF,2004-01-01,3,History-conditioned,Liquid-WC-time,oil_cum,3,70,33669.54495488646,0.014119989066869482,33669.54495488646,0.0011733669000998138,0.0,-17186.190153794258
train_OOF,2004-01-01,3,History-conditioned,Liquid-WC-time,oil_cum,4,70,67008.08758097695,0.02155118965422578,67008.08758097695,0.002277807623360863,0.0,-48421.89570820002
train_OOF,2004-01-01,3,History-conditioned,Liquid-WC-time,oil_cum,5,70,110138.57036722136,0.02913930023497545,110138.57036722136,0.003660741924165524,0.0,-88216.3789716002
train_OOF,2004-01-01,3,History-conditioned,Liquid-WC-time,oil_cum,6,70,158123.47795816817,0.03582822102522682,158123.47795816817,0.005147592393483669,0.0,-130877.55104181878
train_OOF,2004-01-01,3,History-conditioned,Liquid-WC-time,oil_cum,7,70,214641.82950154386,0.04279888242197922,214641.82950154386,0.006853771031013994,0.0,-181333.83413347235
train_OOF,2004-01-01,3,History-conditioned,Liquid-WC-time,oil_cum,8,70,286434.486247256,0.05125856329738645,286434.486247256,0.008982601962619416,0.0,-247687.83777850287
train_OOF,2004-01-01,3,History-conditioned,Liquid-WC-time,oil_cum,9,70,376711.89107637206,0.061471777112820966,376711.89107637206,0.011617854610594221,0.0,-333742.30362035515
train_OOF,2004-01-01,3,History-conditioned,Liquid-WC-time,oil_cum,10,70,492226.33590514393,0.0739085162377332,492226.33590514393,0.014936661874784492,0.0,-445897.3127950361
train_OOF,2004-01-01,3,History-conditioned,Liquid-WC-time,oil_cum,11,70,634663.1983250027,0.08832809468440307,634663.1983250027,0.01895831745940666,0.0,-585342.074403088
train_OOF,2004-01-01,3,History-conditioned,Liquid-WC-time,oil_cum,12,70,800425.8727280071,0.10398159235103697,800425.8727280071,0.023551351209416233,0.0,-748069.9597691898
train_OOF,2004-01-01,3,History-conditioned,Liquid-WC-time,water_cum,1,70,9166.277624416187,0.017165277753791407,9166.277624416187,0.0016539739908419243,0.0,7789.409823452648
train_OOF,2004-01-01,3,History-conditioned,Liquid-WC-time,water_cum,2,70,37518.98557892439,0.03470291831223579,37518.98557892439,0.006164277544001943,0.0,34230.50930874563
train_OOF,2004-01-01,3,History-conditioned,Liquid-WC-time,water_cum,3,70,85745.78833824325,0.05204364538100905,85745.78833824325,0.012893381479648709,0.0,80184.0388043292
train_OOF,2004-01-01,3,History-conditioned,Liquid-WC-time,water_cum,4,70,152626.9335565647,0.06850376673181141,152626.9335565647,0.021114972935742753,0.0,144589.3317814933
train_OOF,2004-01-01,3,History-conditioned,Liquid-WC-time,water_cum,5,70,235689.8391163719,0.08389840667094056,235689.8391163719,0.030188063965389606,0.0,224997.4606022761
train_OOF,2004-01-01,3,History-conditioned,Liquid-WC-time,water_cum,6,70,337739.9515653038,0.09906748553140267,337739.9515653038,0.040181899536411984,0.0,324037.1582422671
train_OOF,2004-01-01,3,History-conditioned,Liquid-WC-time,water_cum,7,70,459198.37770656025,0.11401891489873993,459198.37770656025,0.05090000014320445,0.0,442021.1800812365
train_OOF,2004-01-01,3,History-conditioned,Liquid-WC-time,water_cum,8,70,598398.5789262117,0.1285070679176861,598398.5789262117,0.062016510605523364,0.0,577169.2532970189
train_OOF,2004-01-01,3,History-conditioned,Liquid-WC-time,water_cum,9,70,750369.997693969,0.14205262893216544,750369.997693969,0.07304094288951415,0.0,724548.7642737178
train_OOF,2004-01-01,3,History-conditioned,Liquid-WC-time,water_cum,10,70,917004.7570873187,0.15472641277565416,917004.7570873187,0.08400473908989085,0.0,885748.816215666
train_OOF,2004-01-01,3,History-conditioned,Liquid-WC-time,water_cum,11,70,1096865.354469914,0.16645211874608518,1096865.354469914,0.09473887379338526,0.0,1059193.3689492964
train_OOF,2004-01-01,3,History-conditioned,Liquid-WC-time,water_cum,12,70,1286858.4587103042,0.17716143426109845,1286858.4587103042,0.1050448475203372,0.0,1241719.5934113804
train_OOF,2004-01-01,3,History-conditioned,Liquid-WC-volume,gas_cum,1,70,3435.8253876846825,0.01138734977044555,3435.8253876846825,0.0003484704756342575,0.0,3003.1095787088784
train_OOF,2004-01-01,3,History-conditioned,Liquid-WC-volume,gas_cum,2,70,6050.838389717956,0.010267180450731836,6050.838389717956,0.0005963321022056145,0.0,3104.3593997900507
train_OOF,2004-01-01,3,History-conditioned,Liquid-WC-volume,gas_cum,3,70,10177.662220936701,0.011752639803108757,10177.662220936701,0.0009764789929726347,0.0,431.5472725403096
train_OOF,2004-01-01,3,History-conditioned,Liquid-WC-volume,gas_cum,4,70,17072.14900471428,0.015118892199401985,17072.14900471428,0.0015977079240579088,0.0,-5341.343868389194
train_OOF,2004-01-01,3,History-conditioned,Liquid-WC-volume,gas_cum,5,70,26207.64055324389,0.019092256314892257,26207.64055324389,0.00239816087459413,0.0,-12505.695902232426
train_OOF,2004-01-01,3,History-conditioned,Liquid-WC-volume,gas_cum,6,70,36164.21426665517,0.022562976588934882,36164.21426665517,0.003241218982858076,0.0,-18739.068684533
train_OOF,2004-01-01,3,History-conditioned,Liquid-WC-volume,gas_cum,7,70,47529.36654300649,0.026094803024647294,47529.36654300649,0.004178279116841172,0.0,-25794.1718665148
train_OOF,2004-01-01,3,History-conditioned,Liquid-WC-volume,gas_cum,8,70,61919.0820988644,0.030508524233691613,61919.0820988644,0.005345878432017336,0.0,-36707.88870560596
train_OOF,2004-01-01,3,History-conditioned,Liquid-WC-volume,gas_cum,9,70,80507.55456632639,0.036169826287198066,80507.55456632639,0.0068354809780623825,0.0,-53238.670744704745
train_OOF,2004-01-01,3,History-conditioned,Liquid-WC-volume,gas_cum,10,70,105522.1460448553,0.04362306209981679,105522.1460448553,0.008815526151459602,0.0,-77319.37418128946
train_OOF,2004-01-01,3,History-conditioned,Liquid-WC-volume,gas_cum,11,70,138077.13584698035,0.052908789316186984,138077.13584698035,0.011355229095878864,0.0,-109473.9778399593
train_OOF,2004-01-01,3,History-conditioned,Liquid-WC-volume,gas_cum,12,70,177640.88185730268,0.06353745898271629,177640.88185730268,0.014389835961475037,0.0,-148666.2609980743
train_OOF,2004-01-01,3,History-conditioned,Liquid-WC-volume,oil_cum,1,70,9333.775871204307,0.011235678524700992,9333.775871204307,0.00034385758679604306,0.0,8133.096581505665
train_OOF,2004-01-01,3,History-conditioned,Liquid-WC-volume,oil_cum,2,70,16472.199339323335,0.010150800621632525,16472.199339323335,0.0005896681911672741,0.0,8148.287411970273
train_OOF,2004-01-01,3,History-conditioned,Liquid-WC-volume,oil_cum,3,70,28081.212523017373,0.011776411422866548,28081.212523017373,0.000978616293547353,0.0,596.7512200605656
train_OOF,2004-01-01,3,History-conditioned,Liquid-WC-volume,oil_cum,4,70,47374.06455237754,0.015236480949049908,47374.06455237754,0.0016103877797824166,0.0,-15441.952971644167
train_OOF,2004-01-01,3,History-conditioned,Liquid-WC-volume,oil_cum,5,70,72754.03922870303,0.01924849564801777,72754.03922870303,0.0024181697716693863,0.0,-35322.9659649453
train_OOF,2004-01-01,3,History-conditioned,Liquid-WC-volume,oil_cum,6,70,100295.99495139571,0.022725449259434365,100295.99495139571,0.0032650616301600987,0.0,-52605.91241534086
train_OOF,2004-01-01,3,History-conditioned,Liquid-WC-volume,oil_cum,7,70,131661.93468255503,0.026252961386953,131661.93468255503,0.004204123473556498,0.0,-71997.74780552744
train_OOF,2004-01-01,3,History-conditioned,Liquid-WC-volume,oil_cum,8,70,171307.5235388531,0.03065614637985632,171307.5235388531,0.005372213790706967,0.0,-101927.99022176203
train_OOF,2004-01-01,3,History-conditioned,Liquid-WC-volume,oil_cum,9,70,222481.7293000131,0.0363045276753229,222481.7293000131,0.006861371901841865,0.0,-147354.82761761546
train_OOF,2004-01-01,3,History-conditioned,Liquid-WC-volume,oil_cum,10,70,291443.97264722834,0.04376074584708551,291443.97264722834,0.008843899152349474,0.0,-213702.51011704834
train_OOF,2004-01-01,3,History-conditioned,Liquid-WC-volume,oil_cum,11,70,381298.91941359104,0.05306658263140297,381298.91941359104,0.011389956090489761,0.0,-302397.0404916274
train_OOF,2004-01-01,3,History-conditioned,Liquid-WC-volume,oil_cum,12,70,490413.7083350553,0.06370858319416711,490413.7083350553,0.01442970033383201,0.0,-410384.31475357414
train_OOF,2004-01-01,3,History-conditioned,Liquid-WC-volume,water_cum,1,70,7634.138334050803,0.014296109095124064,7634.138334050803,0.0013775129626638967,0.0,6002.53241995921
train_OOF,2004-01-01,3,History-conditioned,Liquid-WC-volume,water_cum,2,70,30607.17345160553,0.028309886945774642,30607.17345160553,0.005028683720571778,0.0,26723.12149326301
train_OOF,2004-01-01,3,History-conditioned,Liquid-WC-volume,water_cum,3,70,68993.77889099745,0.04187596652484617,68993.77889099745,0.010374423376400552,0.0,62401.09743047424
train_OOF,2004-01-01,3,History-conditioned,Liquid-WC-volume,water_cum,4,70,121203.36756450187,0.05439988228336855,121203.36756450187,0.016767720914060535,0.0,111609.3890449376
train_OOF,2004-01-01,3,History-conditioned,Liquid-WC-volume,water_cum,5,70,184966.97737652817,0.06584261225180944,184966.97737652817,0.02369128412774046,0.0,172104.04759562138
train_OOF,2004-01-01,3,History-conditioned,Liquid-WC-volume,water_cum,6,70,262365.46268627053,0.07695828272062213,262365.46268627053,0.031214378443012104,0.0,245765.51961578897
train_OOF,2004-01-01,3,History-conditioned,Liquid-WC-volume,water_cum,7,70,353606.6366131813,0.08780049530878815,353606.6366131813,0.03919564773756787,0.0,332685.0937532915
train_OOF,2004-01-01,3,History-conditioned,Liquid-WC-volume,water_cum,8,70,457364.5432354807,0.09821977940885263,457364.5432354807,0.04740010094450962,0.0,431409.4057402771
train_OOF,2004-01-01,3,History-conditioned,Liquid-WC-volume,water_cum,9,70,569807.0267941756,0.10787023253712912,569807.0267941756,0.055464960792703806,0.0,538161.2882709776
train_OOF,2004-01-01,3,History-conditioned,Liquid-WC-volume,water_cum,10,70,691936.114570122,0.1167505316083813,691936.114570122,0.06338670799916153,0.0,653554.0135376774
train_OOF,2004-01-01,3,History-conditioned,Liquid-WC-volume,water_cum,11,70,822588.1325131684,0.12482984985734454,822588.1325131684,0.07104889670598043,0.0,776248.3350378351
train_OOF,2004-01-01,3,History-conditioned,Liquid-WC-volume,water_cum,12,70,959637.7553892167,0.13211305405432114,959637.7553892167,0.07833417965068681,0.0,904033.9483957634
train_OOF,2004-01-01,3,History-conditioned,Separate,gas_cum,1,70,5123.711584723191,0.016981507892473085,5123.711584723191,0.0005196603469259606,0.0,4811.372165831711
train_OOF,2004-01-01,3,History-conditioned,Separate,gas_cum,2,70,11920.168740154199,0.020226374524612064,11920.168740154199,0.0011747759278352076,0.0,10561.13582376843
train_OOF,2004-01-01,3,History-conditioned,Separate,gas_cum,3,70,20796.23988344968,0.024014426034541184,20796.23988344968,0.001995260889797866,0.0,17768.204209510823
train_OOF,2004-01-01,3,History-conditioned,Separate,gas_cum,4,70,31318.16410795277,0.027734993813641612,31318.16410795277,0.002930930309265981,0.0,26235.878418672724
train_OOF,2004-01-01,3,History-conditioned,Separate,gas_cum,5,70,44302.82218357049,0.03227458934669825,44302.82218357049,0.004053981684420995,0.0,37295.51050567377
train_OOF,2004-01-01,3,History-conditioned,Separate,gas_cum,6,70,62286.32731044019,0.038860651984688604,62286.32731044019,0.005582414288404843,0.0,53797.56753478135
train_OOF,2004-01-01,3,History-conditioned,Separate,gas_cum,7,70,83846.46134963834,0.04603379031472602,83846.46134963834,0.0073708939116878,0.0,74049.78200484703
train_OOF,2004-01-01,3,History-conditioned,Separate,gas_cum,8,70,105885.11746833856,0.05217129457946754,105885.11746833856,0.009141753181060069,0.0,94640.13886167562
train_OOF,2004-01-01,3,History-conditioned,Separate,gas_cum,9,70,125680.24426083504,0.056464671261402276,125680.24426083504,0.010670860934614678,0.0,112792.59488595727
train_OOF,2004-01-01,3,History-conditioned,Separate,gas_cum,10,70,142283.4849246117,0.05882027168028104,142283.4849246117,0.011886640191534239,0.0,127425.2791149454
train_OOF,2004-01-01,3,History-conditioned,Separate,gas_cum,11,70,155095.99008963833,0.059430122250885,155095.99008963833,0.012754830758307014,0.0,137854.4304951486
train_OOF,2004-01-01,3,History-conditioned,Separate,gas_cum,12,70,164399.75089523566,0.05880145561124618,164399.75089523566,0.013317235440151292,0.0,144400.00115968325
train_OOF,2004-01-01,3,History-conditioned,Separate,oil_cum,1,70,13950.41458369252,0.016793029499694384,13950.41458369252,0.0005139351919036277,0.0,13110.785212187682
train_OOF,2004-01-01,3,History-conditioned,Separate,oil_cum,2,70,32378.26557236776,0.019952728322972985,32378.26557236776,0.0011590700731512653,0.0,28674.890423184206
train_OOF,2004-01-01,3,History-conditioned,Separate,oil_cum,3,70,56594.41452015563,0.023733986168841932,56594.41452015563,0.0019722872054687927,0.0,48320.11519971607
train_OOF,2004-01-01,3,History-conditioned,Separate,oil_cum,4,70,85358.64637713178,0.02745310966349383,85358.64637713178,0.0029015986346817057,0.0,71481.97749194497
train_OOF,2004-01-01,3,History-conditioned,Separate,oil_cum,5,70,120862.31006617086,0.03197647407596089,120862.31006617086,0.004017173312087969,0.0,101766.80267477025
train_OOF,2004-01-01,3,History-conditioned,Separate,oil_cum,6,70,170147.49866791157,0.03855266952056386,170147.49866791157,0.005539025457971029,0.0,147068.46722874104
train_OOF,2004-01-01,3,History-conditioned,Separate,oil_cum,7,70,229459.91453156393,0.04575356036332689,229459.91453156393,0.0073269302570124996,0.0,202846.3775016361
train_OOF,2004-01-01,3,History-conditioned,Separate,oil_cum,8,70,290183.0411445094,0.05192938174872589,290183.0411445094,0.009100156859790523,0.0,259638.36024871815
train_OOF,2004-01-01,3,History-conditioned,Separate,oil_cum,9,70,344672.0640574408,0.056243524031630625,344672.0640574408,0.010629741251626563,0.0,309685.0592174741
train_OOF,2004-01-01,3,History-conditioned,Separate,oil_cum,10,70,390216.12850006996,0.058591531914762414,390216.12850006996,0.011841150999722628,0.0,349904.74380781315
train_OOF,2004-01-01,3,History-conditioned,Separate,oil_cum,11,70,425201.8574507443,0.05917669407020008,425201.8574507443,0.012701401025229445,0.0,378431.5609371066
train_OOF,2004-01-01,3,History-conditioned,Separate,oil_cum,12,70,450669.2162263234,0.05854546226385019,450669.2162263234,0.01326027725021476,0.0,396347.913712373
train_OOF,2004-01-01,3,History-conditioned,Separate,water_cum,1,70,4745.021874822726,0.008885790041116694,4745.021874822726,0.0008561973669690845,0.0,-394.4270069052731
train_OOF,2004-01-01,3,History-conditioned,Separate,water_cum,2,70,15810.472510526786,0.014623783866876874,15810.472510526786,0.0025976219546683787,0.0,621.3606538185584
train_OOF,2004-01-01,3,History-conditioned,Separate,water_cum,3,70,33160.45443162779,0.02012683030337283,33160.45443162779,0.004986255270508652,0.0,2325.1861830128355
train_OOF,2004-01-01,3,History-conditioned,Separate,water_cum,4,70,56341.75802256523,0.025287952518600307,56341.75802256523,0.007794526615171344,0.0,3228.0970285125345
train_OOF,2004-01-01,3,History-conditioned,Separate,water_cum,5,70,84795.27142112484,0.030184534862148574,84795.27142112484,0.010860905532544344,0.0,2690.351170536264
train_OOF,2004-01-01,3,History-conditioned,Separate,water_cum,6,70,119579.13098309001,0.035075518231175,119579.13098309001,0.014226675303128647,0.0,1130.9929482258192
train_OOF,2004-01-01,3,History-conditioned,Separate,water_cum,7,70,161027.6575111693,0.039983152531610416,161027.6575111693,0.017849165389726286,0.0,-1230.501039484968
train_OOF,2004-01-01,3,History-conditioned,Separate,water_cum,8,70,208750.4056290376,0.044829489070900924,208750.4056290376,0.021634362447570044,0.0,-4316.235457664595
train_OOF,2004-01-01,3,History-conditioned,Separate,water_cum,9,70,261189.05473429564,0.04944572942326762,261189.05473429564,0.02542411728726185,0.0,-8381.553020095067
train_OOF,2004-01-01,3,History-conditioned,Separate,water_cum,10,70,319910.39960776264,0.05397855153789765,319910.39960776264,0.029306270707419934,0.0,-15293.131735838377
train_OOF,2004-01-01,3,History-conditioned,Separate,water_cum,11,70,385125.3048451547,0.058443748553976486,385125.3048451547,0.03326419008648242,0.0,-25586.57060703103
train_OOF,2004-01-01,3,History-conditioned,Separate,water_cum,12,70,456302.09251195117,0.06281897796807823,456302.09251195117,0.03724744038996066,0.0,-38955.08831292452
train_OOF,2004-01-01,3,Input-only PolyRidge,Constant,gas_cum,1,70,11697.566778930975,0.038769224085800885,24570.23368160463,0.0024919779241876256,21225.9498605182,11473.271563369888
train_OOF,2004-01-01,3,Input-only PolyRidge,Constant,gas_cum,2,70,37386.09152533603,0.06343744838574236,42836.2109133753,0.004221664182587246,21225.9498605182,37007.257412454695
train_OOF,2004-01-01,3,Input-only PolyRidge,Constant,gas_cum,3,70,77527.52307707594,0.08952478808716226,79940.27624240913,0.0076697377795229725,21225.9498605182,76968.2829804462
train_OOF,2004-01-01,3,Input-only PolyRidge,Constant,gas_cum,4,70,131189.95148533993,0.1161802614072736,132347.53261447974,0.012385828024888756,21225.9498605182,130446.02283415143
train_OOF,2004-01-01,3,Input-only PolyRidge,Constant,gas_cum,5,70,197786.56599074713,0.14408743915217853,198352.4625217147,0.018150474630960114,21225.9498605182,196875.36896432852
train_OOF,2004-01-01,3,Input-only PolyRidge,Constant,gas_cum,6,70,281322.5394823201,0.17551809159951576,281557.7734168742,0.025234625401815234,21225.9498605182,280264.58338484104
train_OOF,2004-01-01,3,Input-only PolyRidge,Constant,gas_cum,7,70,379978.6929508347,0.20861774240443642,380025.34213323373,0.03340780798054524,21225.9498605182,378795.5946671173
train_OOF,2004-01-01,3,Input-only PolyRidge,Constant,gas_cum,8,70,489199.5171315178,0.2410364433323999,489127.11322154495,0.04222953565285353,21225.9498605182,487908.13452082203
train_OOF,2004-01-01,3,Input-only PolyRidge,Constant,gas_cum,9,70,603512.5108336002,0.2711415443754191,603359.3373823565,0.05122812754442373,21225.9498605182,602135.8663652829
train_OOF,2004-01-01,3,Input-only PolyRidge,Constant,gas_cum,10,70,724467.1706126137,0.29949614898353777,724255.9074989189,0.060505752888989045,21225.9498605182,723025.723642936
train_OOF,2004-01-01,3,Input-only PolyRidge,Constant,gas_cum,11,70,851278.983648199,0.3261955002097861,851020.9004922144,0.0699865131992565,21225.9498605182,849790.0206394962
train_OOF,2004-01-01,3,Input-only PolyRidge,Constant,gas_cum,12,70,982752.9448736642,0.3515048128122493,982455.2377933785,0.07958398744437156,21225.9498605182,981236.7462074842
train_OOF,2004-01-01,3,Input-only PolyRidge,Constant,oil_cum,1,70,32247.04949660266,0.038817889620827134,69785.3818324936,0.002570903064492111,60909.15603999132,31546.553402218437
train_OOF,2004-01-01,3,Input-only PolyRidge,Constant,oil_cum,2,70,102806.3522968331,0.06335321491108999,118989.36196209662,0.004259555168740439,60909.15603999132,101669.19251872387
train_OOF,2004-01-01,3,Input-only PolyRidge,Constant,oil_cum,3,70,213187.03560287468,0.08940419646134941,220410.8013925264,0.007681206833207601,60909.15603999132,211576.73033823541
train_OOF,2004-01-01,3,Input-only PolyRidge,Constant,oil_cum,4,70,360824.22992793645,0.1160485501338875,364329.2624634442,0.012384653874053672,60909.15603999132,358739.1538720326
train_OOF,2004-01-01,3,Input-only PolyRidge,Constant,oil_cum,5,70,544052.220436882,0.14393959302320392,545801.455500106,0.01814113133807703,60909.15603999132,541540.1228569578
train_OOF,2004-01-01,3,Input-only PolyRidge,Constant,oil_cum,6,70,773947.2791954388,0.17536392785531132,774716.8815602546,0.025220332730588987,60909.15603999132,771063.847687748
train_OOF,2004-01-01,3,Input-only PolyRidge,Constant,oil_cum,7,70,1045623.1489154854,0.20849385374723353,1045836.9441351668,0.03339482787452783,60909.15603999132,1042423.4140786891
train_OOF,2004-01-01,3,Input-only PolyRidge,Constant,oil_cum,8,70,1346470.73293422,0.24095616486839225,1346338.656380306,0.04222125769699625,60909.15603999132,1342994.694755344
train_OOF,2004-01-01,3,Input-only PolyRidge,Constant,oil_cum,9,70,1661300.9141398044,0.27109077767503764,1660936.0299303732,0.05122353121929087,60909.15603999132,1657610.4351688435
train_OOF,2004-01-01,3,Input-only PolyRidge,Constant,oil_cum,10,70,1994277.411932155,0.29944371873417247,1993744.1645429987,0.06050038423044129,60909.15603999132,1990428.588571067
train_OOF,2004-01-01,3,Input-only PolyRidge,Constant,oil_cum,11,70,2343260.9355332605,0.32611907280947333,2342591.5131816175,0.06997663280590334,60909.15603999132,2339297.2121048695
train_OOF,2004-01-01,3,Input-only PolyRidge,Constant,oil_cum,12,70,2705172.1262042904,0.3514230547142084,2704387.7135930182,0.07957262129993956,60909.15603999132,2701135.5499243843
train_OOF,2004-01-01,3,Input-only PolyRidge,Constant,water_cum,1,70,11455.592675597823,0.02145237556269842,33222.61954271296,0.005994728818262654,32612.04899848258,-8560.116432869116
train_OOF,2004-01-01,3,Input-only PolyRidge,Constant,water_cum,2,70,35911.569073415936,0.03321614987157374,45608.83172613763,0.007493419474953021,32612.04899848258,-31047.12215145183
train_OOF,2004-01-01,3,Input-only PolyRidge,Constant,water_cum,3,70,74543.29335688695,0.045244259807779554,78544.13204555372,0.01181048628833416,32612.04899848258,-67531.76152785326
train_OOF,2004-01-01,3,Input-only PolyRidge,Constant,water_cum,4,70,127288.48793169427,0.057131075634735025,129260.21221328533,0.017882334519551724,32612.04899848258,-118273.71518996943
train_OOF,2004-01-01,3,Input-only PolyRidge,Constant,water_cum,5,70,192179.8605460887,0.06841017904933684,193507.92295270142,0.024785241391002556,32612.04899848258,-181445.43010787744
train_OOF,2004-01-01,3,Input-only PolyRidge,Constant,water_cum,6,70,270018.4628204598,0.07920309704167536,271172.95158829726,0.03226223088862623,32612.04899848258,-257692.80368360408
train_OOF,2004-01-01,3,Input-only PolyRidge,Constant,water_cum,7,70,360118.7885286289,0.08941746202971496,361327.967642307,0.04005152129803452,32612.04899848258,-346413.50734571926
train_OOF,2004-01-01,3,Input-only PolyRidge,Constant,water_cum,8,70,460965.6952312919,0.09899313265601112,462318.0004279455,0.047913464681204554,32612.04899848258,-446069.7681506909
train_OOF,2004-01-01,3,Input-only PolyRidge,Constant,water_cum,9,70,569751.1093588448,0.10785964680113713,571260.4846182468,0.05560644023650694,32612.04899848258,-553873.5044971704
train_OOF,2004-01-01,3,Input-only PolyRidge,Constant,water_cum,10,70,691128.5079543918,0.11661426396787011,692792.1375329334,0.06346512633351602,32612.04899848258,-674433.092358612
train_OOF,2004-01-01,3,Input-only PolyRidge,Constant,water_cum,11,70,825419.3349125274,0.12525949205185077,827228.4444207456,0.07144969150032997,32612.04899848258,-808047.9745921575
train_OOF,2004-01-01,3,Input-only PolyRidge,Constant,water_cum,12,70,970611.9459845178,0.13362386772039184,972554.3392801636,0.07938854625652782,32612.04899848258,-952718.3282542764
train_OOF,2004-01-01,3,Input-only PolyRidge,Liquid-WC-time,gas_cum,1,70,3576.717593964035,0.011854308550884016,22206.678210985167,0.002252259892535924,21225.9498605182,2375.5559514487163
train_OOF,2004-01-01,3,Input-only PolyRidge,Liquid-WC-time,gas_cum,2,70,6452.066036639525,0.010947991337991098,23051.0114746987,0.0022717609106915108,21225.9498605182,413.1204506393256
train_OOF,2004-01-01,3,Input-only PolyRidge,Liquid-WC-time,gas_cum,3,70,12967.309589578435,0.014973980813413874,25912.667851738443,0.002486148121230451,21225.9498605182,-5984.72557502373
train_OOF,2004-01-01,3,Input-only PolyRidge,Liquid-WC-time,gas_cum,4,70,24700.079659027564,0.021874096903580144,33854.858562998175,0.00316832847341161,21225.9498605182,-17276.82793673575
train_OOF,2004-01-01,3,Input-only PolyRidge,Liquid-WC-time,gas_cum,5,70,40157.73070603104,0.029254891759764465,47042.72837854531,0.004304700013051055,21225.9498605182,-31679.531665270883
train_OOF,2004-01-01,3,Input-only PolyRidge,Liquid-WC-time,gas_cum,6,70,57444.97253629151,0.03584011423368418,63240.1333477193,0.005667899188234236,21225.9498605182,-47141.95425116236
train_OOF,2004-01-01,3,Input-only PolyRidge,Liquid-WC-time,gas_cum,7,70,77860.82097587151,0.042747525045684596,83100.56297509708,0.007305322417087478,21225.9498605182,-65497.19045951417
train_OOF,2004-01-01,3,Input-only PolyRidge,Liquid-WC-time,gas_cum,8,70,103840.92339231588,0.0511640873923983,108681.9241274734,0.009383219751474,21225.9498605182,-89663.10311628159
train_OOF,2004-01-01,3,Input-only PolyRidge,Liquid-WC-time,gas_cum,9,70,136546.3163478707,0.06134649809031754,141052.15615965275,0.011976010643195794,21225.9498605182,-120977.64841553412
train_OOF,2004-01-01,3,Input-only PolyRidge,Liquid-WC-time,gas_cum,10,70,178391.7930326014,0.07374751705912869,182605.23144541727,0.01525519763894996,21225.9498605182,-161728.7816663066
train_OOF,2004-01-01,3,Input-only PolyRidge,Liquid-WC-time,gas_cum,11,70,229979.24465547377,0.08812410054664663,233937.51849715077,0.019238624123840704,21225.9498605182,-212354.4380299494
train_OOF,2004-01-01,3,Input-only PolyRidge,Liquid-WC-time,gas_cum,12,70,290073.71864125377,0.10375171980365273,293826.9500094657,0.023801512171579678,21225.9498605182,-271471.8174470085
train_OOF,2004-01-01,3,Input-only PolyRidge,Liquid-WC-time,oil_cum,1,70,10077.612967647221,0.012131084050364341,63641.624294342735,0.0023445661918180967,60909.15603999132,6409.8944958791135
train_OOF,2004-01-01,3,Input-only PolyRidge,Liquid-WC-time,oil_cum,2,70,18484.36737554549,0.011390775693094475,66004.24681890795,0.002362805599259011,60909.15603999132,748.2488596556442
train_OOF,2004-01-01,3,Input-only PolyRidge,Liquid-WC-time,oil_cum,3,70,36746.27629450422,0.0154102771576443,73836.71236281318,0.002573172711861732,60909.15603999132,-17053.682148550663
train_OOF,2004-01-01,3,Input-only PolyRidge,Liquid-WC-time,oil_cum,4,70,69162.36816173351,0.022244050934712174,95457.38792809739,0.0032448854127641613,60909.15603999132,-48282.02188233318
train_OOF,2004-01-01,3,Input-only PolyRidge,Liquid-WC-time,oil_cum,5,70,111828.71680602425,0.029586461337186464,131520.72079709763,0.004371433321797443,60909.15603999132,-88085.40584486543
train_OOF,2004-01-01,3,Input-only PolyRidge,Liquid-WC-time,oil_cum,6,70,159521.50724317742,0.03614499183541797,175968.8117833942,0.0057285339832089605,60909.15603999132,-130770.87024301242
train_OOF,2004-01-01,3,Input-only PolyRidge,Liquid-WC-time,oil_cum,7,70,215705.82354626752,0.04301103937257717,230477.05419679882,0.007359408746355752,60909.15603999132,-181266.643600018
train_OOF,2004-01-01,3,Input-only PolyRidge,Liquid-WC-time,oil_cum,8,70,287124.85629545583,0.05138210769763623,300712.2549008598,0.009430353608763651,60909.15603999132,-247674.6235370289
train_OOF,2004-01-01,3,Input-only PolyRidge,Liquid-WC-time,oil_cum,9,70,377061.78466969094,0.061528872685037296,389665.46130399936,0.01201734477577774,60909.15603999132,-333795.5006877513
train_OOF,2004-01-01,3,Input-only PolyRidge,Liquid-WC-time,oil_cum,10,70,492291.83525160124,0.0739183510619961,504034.9699066211,0.015294996162117581,60909.15603999132,-446030.93523608235
train_OOF,2004-01-01,3,Input-only PolyRidge,Liquid-WC-time,oil_cum,11,70,634488.500830511,0.0883037814787921,645482.2193119491,0.019281497431101628,60909.15603999132,-585570.0603321821
train_OOF,2004-01-01,3,Input-only PolyRidge,Liquid-WC-time,oil_cum,12,70,800054.9002653245,0.10393340012149715,810450.7903065444,0.02384631962908126,60909.15603999132,-748404.7267228825
train_OOF,2004-01-01,3,Input-only PolyRidge,Liquid-WC-time,water_cum,1,70,10757.664551136593,0.020145396808678544,31681.887670775457,0.005716717334488932,32612.048998482667,7866.309606287496
train_OOF,2004-01-01,3,Input-only PolyRidge,Liquid-WC-time,water_cum,2,70,38929.40395087212,0.036007474733272746,44636.85800927948,0.007333726571114106,32612.048998482667,34412.34477084173
train_OOF,2004-01-01,3,Input-only PolyRidge,Liquid-WC-time,water_cum,3,70,87011.61382192456,0.05281194168877735,86752.3177352707,0.013044730808144738,32612.048998482667,80499.00985612332
train_OOF,2004-01-01,3,Input-only PolyRidge,Liquid-WC-time,water_cum,4,70,153869.12622248483,0.06906130185775051,151995.04271557988,0.021027554826141583,32612.048998482667,145063.2058084863
train_OOF,2004-01-01,3,Input-only PolyRidge,Liquid-WC-time,water_cum,5,70,236993.70824043817,0.08436254438017199,234830.81545050791,0.03007803689986099,32612.048998482667,225650.4852314852
train_OOF,2004-01-01,3,Input-only PolyRidge,Liquid-WC-time,water_cum,6,70,339168.6129342174,0.09948654726466272,337134.6336778342,0.040109883115407696,32612.048998482667,324894.13014410855
train_OOF,2004-01-01,3,Input-only PolyRidge,Liquid-WC-time,water_cum,7,70,460840.6810904354,0.11442669867772277,459124.62022503227,0.05089182447011282,32612.048998482667,443106.82068911527
train_OOF,2004-01-01,3,Input-only PolyRidge,Liquid-WC-time,water_cum,8,70,600348.697387505,0.12892585902845818,599012.9887660292,0.06208018648258771,32612.048998482667,578505.5037145443
train_OOF,2004-01-01,3,Input-only PolyRidge,Liquid-WC-time,water_cum,9,70,752700.2288941108,0.14249376526359814,751739.9165123588,0.07317429065459642,32612.048998482667,726150.8652353219
train_OOF,2004-01-01,3,Input-only PolyRidge,Liquid-WC-time,water_cum,10,70,919793.9642598252,0.1551970363105427,919202.2576403737,0.08420604716292159,32612.048998482667,887639.98127571
train_OOF,2004-01-01,3,Input-only PolyRidge,Liquid-WC-time,water_cum,11,70,1100177.6046208146,0.16695476116540098,1099945.9483055908,0.09500495202205528,32612.048998482667,1061396.8256056986
train_OOF,2004-01-01,3,Input-only PolyRidge,Liquid-WC-time,water_cum,12,70,1290735.21617128,0.1776951463468528,1290850.8898351938,0.1053707453033535,32612.048998482667,1244254.648472673
train_OOF,2004-01-01,3,Input-only PolyRidge,Liquid-WC-volume,gas_cum,1,70,4024.622235350808,0.013338798080986192,22287.862947475056,0.0022604938627022422,21225.9498605182,3024.8950224479927
train_OOF,2004-01-01,3,Input-only PolyRidge,Liquid-WC-volume,gas_cum,2,70,7071.309327556742,0.011998735416953095,23239.010404893863,0.0022902888881443863,21225.9498605182,3141.1245167351726
train_OOF,2004-01-01,3,Input-only PolyRidge,Liquid-WC-volume,gas_cum,3,70,11261.836878112304,0.013004588821738213,25092.30807097469,0.0024074400569219744,21225.9498605182,476.88400654566607
train_OOF,2004-01-01,3,Input-only PolyRidge,Liquid-WC-volume,gas_cum,4,70,17993.651241778356,0.01593496362543232,29265.84602677453,0.0027388628161764852,21225.9498605182,-5293.705378394787
train_OOF,2004-01-01,3,Input-only PolyRidge,Liquid-WC-volume,gas_cum,5,70,27023.083679488922,0.019686306326561855,36354.126797182835,0.003326626994059817,21225.9498605182,-12461.577806286992
train_OOF,2004-01-01,3,Input-only PolyRidge,Liquid-WC-volume,gas_cum,6,70,36912.52885837443,0.02302985261421294,45203.043736606094,0.004051324393826032,21225.9498605182,-18704.062144344858
train_OOF,2004-01-01,3,Input-only PolyRidge,Liquid-WC-volume,gas_cum,7,70,48186.949231636114,0.02645583225731509,55965.946540647245,0.004919933983833905,21225.9498605182,-25773.839476298326
train_OOF,2004-01-01,3,Input-only PolyRidge,Liquid-WC-volume,gas_cum,8,70,62436.92216933377,0.03076367233672496,69812.4362176004,0.0060273632039048045,21225.9498605182,-36707.54500378868
train_OOF,2004-01-01,3,Input-only PolyRidge,Liquid-WC-volume,gas_cum,9,70,80865.30385467091,0.0363305531864747,87811.26477249204,0.007455601318972688,21225.9498605182,-53262.874622595125
train_OOF,2004-01-01,3,Input-only PolyRidge,Liquid-WC-volume,gas_cum,10,70,105724.8194524496,0.04370684768395104,112192.62008408405,0.009372790579255235,21225.9498605182,-77373.27555183717
train_OOF,2004-01-01,3,Input-only PolyRidge,Liquid-WC-volume,gas_cum,11,70,138129.81975852346,0.05292897688713483,144101.5468068669,0.011850666419354686,21225.9498605182,-109562.72890684051
train_OOF,2004-01-01,3,Input-only PolyRidge,Liquid-WC-volume,gas_cum,12,70,177559.6839040485,0.06350841661605819,183091.00264417427,0.01483132411033655,21225.9498605182,-148794.5246781621
train_OOF,2004-01-01,3,Input-only PolyRidge,Liquid-WC-volume,oil_cum,1,70,11264.014940262745,0.01355923395982421,63855.2626041917,0.00235243665653522,60909.15603999132,8197.3940459195
train_OOF,2004-01-01,3,Input-only PolyRidge,Liquid-WC-volume,oil_cum,2,70,19977.79477955103,0.012311082903361954,66467.26084571143,0.0023793804741768067,60909.15603999132,8257.889704049325
train_OOF,2004-01-01,3,Input-only PolyRidge,Liquid-WC-volume,oil_cum,3,70,31876.035009424777,0.01336784522723124,71532.83034028942,0.0024928835689408367,60909.15603999132,733.8053714849054
train_OOF,2004-01-01,3,Input-only PolyRidge,Liquid-WC-volume,oil_cum,4,70,50645.12906239514,0.01628852308562641,82910.30870377556,0.0028183722299556647,60909.15603999132,-15294.960017954718
train_OOF,2004-01-01,3,Input-only PolyRidge,Liquid-WC-volume,oil_cum,5,70,75653.73044722658,0.020015665339103813,102256.37609674621,0.003398756691161872,60909.15603999132,-35182.37837682808
train_OOF,2004-01-01,3,Input-only PolyRidge,Liquid-WC-volume,oil_cum,6,70,102974.01357878705,0.023332244939183042,126465.38144123007,0.004116986572469066,60909.15603999132,-52487.31734278165
train_OOF,2004-01-01,3,Input-only PolyRidge,Liquid-WC-volume,oil_cum,7,70,134024.8937650933,0.02672412773964557,155946.57375672716,0.00497956112320621,60909.15603999132,-71916.65259244922
train_OOF,2004-01-01,3,Input-only PolyRidge,Liquid-WC-volume,oil_cum,8,70,173216.8178180997,0.030997822003306277,193930.51938373208,0.006081672241534438,60909.15603999132,-101899.24466084247
train_OOF,2004-01-01,3,Input-only PolyRidge,Liquid-WC-volume,oil_cum,9,70,223890.18794691094,0.0365343596983242,243347.98902552287,0.007504890669102448,60909.15603999132,-147391.24210268073
train_OOF,2004-01-01,3,Input-only PolyRidge,Liquid-WC-volume,oil_cum,10,70,292363.7584059847,0.043898853046411355,310426.57158931706,0.009419928188628551,60909.15603999132,-213818.42726905347
train_OOF,2004-01-01,3,Input-only PolyRidge,Liquid-WC-volume,oil_cum,11,70,381753.23846853833,0.05312981165840221,398376.00145589904,0.011900073493693307,60909.15603999132,-302606.8041170014
train_OOF,2004-01-01,3,Input-only PolyRidge,Liquid-WC-volume,oil_cum,12,70,490457.3673047479,0.06371425483640623,505813.1283792018,0.014882805564732338,60909.15603999132,-410700.93560857075
train_OOF,2004-01-01,3,Input-only PolyRidge,Liquid-WC-volume,water_cum,1,70,9488.232955991865,0.01776818909002344,31565.961548291383,0.005695799487648129,32612.048998482667,6078.810056246977
train_OOF,2004-01-01,3,Input-only PolyRidge,Liquid-WC-volume,water_cum,2,70,32321.266790518283,0.029895325363204852,39941.7118349213,0.006562325540893808,32612.048998482667,26902.703926448077
train_OOF,2004-01-01,3,Input-only PolyRidge,Liquid-WC-volume,water_cum,3,70,70557.04546889746,0.04282479553432797,71411.94966929663,0.010738037717487024,32612.048998482667,62711.52233608762
train_OOF,2004-01-01,3,Input-only PolyRidge,Liquid-WC-volume,water_cum,4,70,122754.09005059021,0.055095895293506114,121610.16343781086,0.016823998555595594,32612.048998482667,112076.14394410753
train_OOF,2004-01-01,3,Input-only PolyRidge,Liquid-WC-volume,water_cum,5,70,186605.6184150385,0.066425918569774,185065.61524222197,0.023703918046156874,32612.048998482667,172747.45776344743
train_OOF,2004-01-01,3,Input-only PolyRidge,Liquid-WC-volume,water_cum,6,70,264168.16258569097,0.07748705921086439,262753.3927354677,0.0312605316037257,32612.048998482667,246610.57724387597
train_OOF,2004-01-01,3,Input-only PolyRidge,Liquid-WC-volume,water_cum,7,70,355686.5072579199,0.08831692699834952,354640.34418087854,0.03931022940400712,32612.048998482667,333756.8296815443
train_OOF,2004-01-01,3,Input-only PolyRidge,Liquid-WC-volume,water_cum,8,70,459840.2879032812,0.09875144960222572,459248.00947025133,0.04759529860679919,32612.048998482667,432730.124838355
train_OOF,2004-01-01,3,Input-only PolyRidge,Liquid-WC-volume,water_cum,9,70,572767.2176655227,0.10843062660499982,572628.8168636261,0.055739633564726054,32612.048998482667,539746.6066502484
train_OOF,2004-01-01,3,Input-only PolyRidge,Liquid-WC-volume,water_cum,10,70,695477.4174476748,0.11734805641570754,695791.0651439916,0.06373985133310774,32612.048998482667,655427.4733086776
train_OOF,2004-01-01,3,Input-only PolyRidge,Liquid-WC-volume,water_cum,11,70,826781.8763966528,0.12546626120176316,827543.1971473471,0.07147687744318075,32612.048998482667,778433.5693905136
train_OOF,2004-01-01,3,Input-only PolyRidge,Liquid-WC-volume,water_cum,12,70,964521.5132937472,0.13278539960180094,965719.9070420063,0.07883065903320038,32612.048998482667,906550.8573583565
train_OOF,2004-01-01,3,Input-only PolyRidge,Separate,gas_cum,1,70,5311.9448203679385,0.017605368959567033,22283.864927117284,0.00226008837292949,21225.9498605182,4746.908815966467
train_OOF,2004-01-01,3,Input-only PolyRidge,Separate,gas_cum,2,70,11967.499188928925,0.020306685752095845,24333.897059657203,0.0023981939450074784,21225.9498605182,10431.374050715485
train_OOF,2004-01-01,3,Input-only PolyRidge,Separate,gas_cum,3,70,20554.629624461162,0.023735426959411086,28887.31237099439,0.002771545476886383,21225.9498605182,17571.42816817029
train_OOF,2004-01-01,3,Input-only PolyRidge,Separate,gas_cum,4,70,30738.507764705224,0.02722165704720177,36242.16423996277,0.0033917459937355897,21225.9498605182,25970.95676598868
train_OOF,2004-01-01,3,Input-only PolyRidge,Separate,gas_cum,5,70,43433.65771585385,0.03164140335791266,47082.77150367415,0.004308364206162424,21225.9498605182,36962.72737318908
train_OOF,2004-01-01,3,Input-only PolyRidge,Separate,gas_cum,6,70,61160.26581295191,0.03815809837690967,63519.776998794485,0.005692962260353471,21225.9498605182,53394.88098736419
train_OOF,2004-01-01,3,Input-only PolyRidge,Separate,gas_cum,7,70,82474.85322451843,0.04528074337858342,84078.68389079704,0.007391308460939266,21225.9498605182,73575.0391707755
train_OOF,2004-01-01,3,Input-only PolyRidge,Separate,gas_cum,8,70,104251.00381550546,0.05136614058996777,105420.02312024689,0.009101598550855012,21225.9498605182,94091.89463052782
train_OOF,2004-01-01,3,Input-only PolyRidge,Separate,gas_cum,9,70,123757.68402302351,0.05560091791300032,124675.43949994739,0.010585548147923889,21225.9498605182,112171.0121531772
train_OOF,2004-01-01,3,Input-only PolyRidge,Separate,gas_cum,10,70,140022.22433032884,0.05788546211635937,140805.04670174865,0.011763128575200862,21225.9498605182,126728.07641827929
train_OOF,2004-01-01,3,Input-only PolyRidge,Separate,gas_cum,11,70,152416.75584322674,0.058403485658211185,153125.82216964345,0.012592807495355747,21225.9498605182,137079.26566976614
train_OOF,2004-01-01,3,Input-only PolyRidge,Separate,gas_cum,12,70,161208.02298816055,0.05765985870596467,161880.5083246139,0.013113163680546248,21225.9498605182,143545.35361036935
train_OOF,2004-01-01,3,Input-only PolyRidge,Separate,oil_cum,1,70,14684.525722305243,0.017676727251672922,63823.803189479986,0.0023512776873705374,60909.15603999132,12937.68939572908
train_OOF,2004-01-01,3,Input-only PolyRidge,Separate,oil_cum,2,70,32904.44494020566,0.02027698021818825,69205.51352118162,0.0024774038448780616,60909.15603999132,28326.203704483116
train_OOF,2004-01-01,3,Input-only PolyRidge,Separate,oil_cum,3,70,56382.36806855083,0.023645060298820818,81187.56337787236,0.0028293462146575807,60909.15603999132,47790.969488199
train_OOF,2004-01-01,3,Input-only PolyRidge,Separate,oil_cum,4,70,84224.73098882691,0.027088418975139653,100794.79030200193,0.003426319867247467,60909.15603999132,70769.07567107225
train_OOF,2004-01-01,3,Input-only PolyRidge,Separate,oil_cum,5,70,118930.41606870739,0.03146535395676431,129996.67123256836,0.0043207775695321225,60909.15603999132,100870.67472285948
train_OOF,2004-01-01,3,Input-only PolyRidge,Separate,oil_cum,6,70,167493.56158513168,0.037951330329086944,174684.28680965194,0.00568671722664973,60909.15603999132,145983.36984501328
train_OOF,2004-01-01,3,Input-only PolyRidge,Separate,oil_cum,7,70,226096.49357122084,0.045082905167405214,230999.8613888615,0.007376102606989003,60909.15603999132,201566.2641035222
train_OOF,2004-01-01,3,Input-only PolyRidge,Separate,oil_cum,8,70,286075.1673633926,0.051194261788187034,289671.1400981212,0.00908410361353447,60909.15603999132,258159.1009061784
train_OOF,2004-01-01,3,Input-only PolyRidge,Separate,oil_cum,9,70,339767.5859416882,0.05544321219457972,342609.51544235187,0.010566131924432462,60909.15603999132,308006.8927538005
train_OOF,2004-01-01,3,Input-only PolyRidge,Separate,oil_cum,10,70,384390.00736313424,0.05771673116307083,386815.12691524986,0.011737947235513933,60909.15603999132,348021.288204001
train_OOF,2004-01-01,3,Input-only PolyRidge,Separate,oil_cum,11,70,418251.1169842866,0.058209337425497325,420436.00814440474,0.012559038139919983,60909.15603999132,376336.26879193296
train_OOF,2004-01-01,3,Input-only PolyRidge,Separate,oil_cum,12,70,442342.4724573057,0.057463753006688593,444394.5342445313,0.01307565398388164,60909.15603999132,394036.4728782003
train_OOF,2004-01-01,3,Input-only PolyRidge,Separate,water_cum,1,70,13368.64614810569,0.025034865157600276,35556.786229026744,0.006415908619665252,32612.048998482667,-859.2612022454318
train_OOF,2004-01-01,3,Input-only PolyRidge,Separate,water_cum,2,70,39071.47147883402,0.036138879080741364,52340.80027703542,0.00859946543874734,32612.048998482667,-556.9403175633666
train_OOF,2004-01-01,3,Input-only PolyRidge,Separate,water_cum,3,70,75828.32935572014,0.046024215991298335,85235.61077899091,0.012816667345680422,32612.048998482667,749.1234856481731
train_OOF,2004-01-01,3,Input-only PolyRidge,Separate,water_cum,4,70,121709.19566923853,0.05462691384120583,129810.070724946,0.017958403974147035,32612.048998482667,1946.9988350717417
train_OOF,2004-01-01,3,Input-only PolyRidge,Separate,water_cum,5,70,174204.10607004707,0.06201135776411683,182041.71459396987,0.023316605183894088,32612.048998482667,2579.7764416076175
train_OOF,2004-01-01,3,Input-only PolyRidge,Separate,water_cum,6,70,234260.67297948428,0.06871445241646042,242212.2802730604,0.028816696003272614,32612.048998482667,3204.327213547093
train_OOF,2004-01-01,3,Input-only PolyRidge,Separate,water_cum,7,70,301710.77919529873,0.0749147586908163,309978.19585538603,0.03435963840340893,32612.048998482667,4120.246587994262
train_OOF,2004-01-01,3,Input-only PolyRidge,Separate,water_cum,8,70,375377.47860876966,0.08061292395598287,384042.33536554617,0.03980117333651659,32612.048998482667,5387.326161546673
train_OOF,2004-01-01,3,Input-only PolyRidge,Separate,water_cum,9,70,452695.8167662636,0.08569989615238911,461769.27570420457,0.04494857656688824,32612.048998482667,6590.144478432974
train_OOF,2004-01-01,3,Input-only PolyRidge,Separate,water_cum,10,70,535674.6308294628,0.09038449735683689,545163.9919179704,0.049941244631854904,32612.048998482667,5970.020949858174
train_OOF,2004-01-01,3,Input-only PolyRidge,Separate,water_cum,11,70,624016.414750572,0.09469608456889006,633923.2405978644,0.054753460523619985,32612.048998482667,2958.5902368256025
train_OOF,2004-01-01,3,Input-only PolyRidge,Separate,water_cum,12,70,716606.5344235424,0.09865501569347802,726921.0225137683,0.059337767454094414,32612.048998482667,-2274.6098021679427
train_OOF,2005-01-01,3,History-conditioned,Constant,gas_cum,1,70,12108.27740605751,0.049722182861059734,12108.27740605751,0.001107982119754197,0.0,12094.53096749442
train_OOF,2005-01-01,3,History-conditioned,Constant,gas_cum,2,70,40580.6660091998,0.08566812595024637,40580.6660091998,0.003637043626503409,0.0,40545.210056849886
train_OOF,2005-01-01,3,History-conditioned,Constant,gas_cum,3,70,83601.92071956655,0.1207476675188617,83601.92071956655,0.007349396486366055,0.0,83533.96583949498
train_OOF,2005-01-01,3,History-conditioned,Constant,gas_cum,4,70,137208.54417566498,0.15234996835704362,137208.54417566498,0.011846109020576676,0.0,137104.25019356865
train_OOF,2005-01-01,3,History-conditioned,Constant,gas_cum,5,70,197136.24301299674,0.17971048793706954,197136.24301299674,0.01673782102140319,0.0,196997.16687534878
train_OOF,2005-01-01,3,History-conditioned,Constant,gas_cum,6,70,263119.4652208279,0.2039369347532899,263119.4652208279,0.021981513962256668,0.0,262948.4888218471
train_OOF,2005-01-01,3,History-conditioned,Constant,gas_cum,7,70,334371.67172709305,0.22576363812874192,334371.67172709305,0.027498158274668307,0.0,334170.5303187779
train_OOF,2005-01-01,3,History-conditioned,Constant,gas_cum,8,70,410302.23350460565,0.24608861551492095,410302.23350460565,0.03323661632968518,0.0,410075.0003871373
train_OOF,2005-01-01,3,History-conditioned,Constant,gas_cum,9,70,489035.8273554078,0.2650555961597025,489035.8273554078,0.0390556004541427,0.0,488786.2170689174
train_OOF,2005-01-01,3,History-conditioned,Constant,gas_cum,10,70,572986.8363085688,0.28359787964326727,572986.8363085688,0.04513194619003464,0.0,572714.1390154157
train_OOF,2005-01-01,3,History-conditioned,Constant,gas_cum,11,70,662163.0123266618,0.30188404764148896,662163.0123266618,0.05145920767843534,0.0,661867.6662266323
train_OOF,2005-01-01,3,History-conditioned,Constant,gas_cum,12,70,755592.4506033112,0.31987094417360323,755592.4506033112,0.057964712711500235,0.0,755276.9648664203
train_OOF,2005-01-01,3,History-conditioned,Constant,oil_cum,1,70,33522.497515039715,0.04999256728615884,33522.497515039715,0.0011142074175003337,0.0,33485.6251953125
train_OOF,2005-01-01,3,History-conditioned,Constant,oil_cum,2,70,112127.12014364148,0.08596475112196462,112127.12014364148,0.0036502151243304522,0.0,112034.9468610491
train_OOF,2005-01-01,3,History-conditioned,Constant,oil_cum,3,70,230941.20178241158,0.12114700551222977,230941.20178241158,0.007374229535405935,0.0,230761.05071149554
train_OOF,2005-01-01,3,History-conditioned,Constant,oil_cum,4,70,378975.1098169289,0.15284711446118462,378975.1098169289,0.01188468124011749,0.0,378698.86884765624
train_OOF,2005-01-01,3,History-conditioned,Constant,oil_cum,5,70,544363.8153909103,0.18026002361470655,544363.8153909103,0.01678826660982091,0.0,543999.2654715402
train_OOF,2005-01-01,3,History-conditioned,Constant,oil_cum,6,70,726288.3103286746,0.20447925188704535,726288.3103286746,0.022039298029511618,0.0,725843.0157087054
train_OOF,2005-01-01,3,History-conditioned,Constant,oil_cum,7,70,922602.2746562067,0.22626517799388748,922602.2746562067,0.02755947856731746,0.0,922078.1767020089
train_OOF,2005-01-01,3,History-conditioned,Constant,oil_cum,8,70,1131879.2714962685,0.2465820639268292,1131879.2714962685,0.033303878794938985,0.0,1131283.0519810268
train_OOF,2005-01-01,3,History-conditioned,Constant,oil_cum,9,70,1348976.1594553844,0.26557097535196317,1348976.1594553844,0.039131776722508844,0.0,1348313.105747768
train_OOF,2005-01-01,3,History-conditioned,Constant,oil_cum,10,70,1580479.1214475571,0.2841419841707322,1580479.1214475571,0.04521807997846388,0.0,1579741.2845563616
train_OOF,2005-01-01,3,History-conditioned,Constant,oil_cum,11,70,1826370.187751684,0.3024536882956495,1826370.187751684,0.05155515573288277,0.0,1825553.1598353796
train_OOF,2005-01-01,3,History-conditioned,Constant,oil_cum,12,70,2083949.2238667686,0.3204592575318662,2083949.2238667686,0.058069640118110354,0.0,2083053.8351143973
train_OOF,2005-01-01,3,History-conditioned,Constant,water_cum,1,70,9579.348675425303,0.016479630205844493,9579.348675425303,0.0012269599387257656,0.0,-9491.932993861607
train_OOF,2005-01-01,3,History-conditioned,Constant,water_cum,2,70,31683.870454883527,0.026820970452143655,31683.870454883527,0.0037695217685748315,0.0,-31463.082624162947
train_OOF,2005-01-01,3,History-conditioned,Constant,water_cum,3,70,65719.97380942214,0.03651995756245339,65719.97380942214,0.0072847528186360784,0.0,-65311.12031947545
train_OOF,2005-01-01,3,History-conditioned,Constant,water_cum,4,70,110722.58027545022,0.045587983339002124,110722.58027545022,0.011475007320781242,0.0,-110094.71515764509
train_OOF,2005-01-01,3,History-conditioned,Constant,water_cum,5,70,165059.50787455472,0.05403629308692607,165059.50787455472,0.016066876507706034,0.0,-164218.66958007813
train_OOF,2005-01-01,3,History-conditioned,Constant,water_cum,6,70,231533.21138405328,0.06259470197821941,231533.21138405328,0.021210235675047748,0.0,-230502.03349609376
train_OOF,2005-01-01,3,History-conditioned,Constant,water_cum,7,70,310430.5707717068,0.07116672137323851,310430.5707717068,0.02681262795483433,0.0,-309244.2497628348
train_OOF,2005-01-01,3,History-conditioned,Constant,water_cum,8,70,400341.50535888446,0.07949371485431284,400341.50535888446,0.03267943890941418,0.0,-399041.9374581473
train_OOF,2005-01-01,3,History-conditioned,Constant,water_cum,9,70,498015.7545893354,0.08728984893092599,498015.7545893354,0.038550588586702794,0.0,-496635.6918805803
train_OOF,2005-01-01,3,History-conditioned,Constant,water_cum,10,70,607703.7136690489,0.09506027034460886,607703.7136690489,0.04466824359095834,0.0,-606260.0129394531
train_OOF,2005-01-01,3,History-conditioned,Constant,water_cum,11,70,729232.791317589,0.10273072245737365,729232.791317589,0.05096201579142294,0.0,-727731.2006347657
train_OOF,2005-01-01,3,History-conditioned,Constant,water_cum,12,70,860878.8889741048,0.11016831914272868,860878.8889741048,0.05730041708263074,0.0,-859335.5026157924
train_OOF,2005-01-01,3,History-conditioned,Liquid-WC-time,gas_cum,1,70,4818.430532178535,0.019786702599366972,4818.430532178535,0.00044091613496240705,0.0,4700.647192645978
train_OOF,2005-01-01,3,History-conditioned,Liquid-WC-time,gas_cum,2,70,11363.334365089831,0.023988654089180984,11363.334365089831,0.001018439244417716,0.0,10689.635201860778
train_OOF,2005-01-01,3,History-conditioned,Liquid-WC-time,gas_cum,3,70,18346.25076783756,0.02649780015657033,18346.25076783756,0.0016128082916111615,0.0,16106.827077977705
train_OOF,2005-01-01,3,History-conditioned,Liquid-WC-time,gas_cum,4,70,23617.260315968815,0.026223504399342356,23617.260315968815,0.002039032205692083,0.0,17652.270245033316
train_OOF,2005-01-01,3,History-conditioned,Liquid-WC-time,gas_cum,5,70,27645.600385532616,0.025201882001321094,27645.600385532616,0.0023472452564279288,0.0,13166.241038312071
train_OOF,2005-01-01,3,History-conditioned,Liquid-WC-time,gas_cum,6,70,34873.78190029524,0.02702974551134805,34873.78190029524,0.0029134238438599303,0.0,988.5541746254212
train_OOF,2005-01-01,3,History-conditioned,Liquid-WC-time,gas_cum,7,70,51134.22254442744,0.034525197828172594,51134.22254442744,0.004205191598666301,0.0,-19542.731135749924
train_OOF,2005-01-01,3,History-conditioned,Liquid-WC-time,gas_cum,8,70,77594.91464653888,0.046539413040145854,77594.91464653888,0.006285591928694028,0.0,-47644.96870753217
train_OOF,2005-01-01,3,History-conditioned,Liquid-WC-time,gas_cum,9,70,112000.48430774163,0.060703845153637866,112000.48430774163,0.008944633339950867,0.0,-81962.59061610648
train_OOF,2005-01-01,3,History-conditioned,Liquid-WC-time,gas_cum,10,70,154251.77724279198,0.07634639085094666,154251.77724279198,0.012149812995860597,0.0,-123082.62711793884
train_OOF,2005-01-01,3,History-conditioned,Liquid-WC-time,gas_cum,11,70,203682.09533978635,0.09285987623685114,203682.09533978635,0.015828910780806695,0.0,-170753.92584283868
train_OOF,2005-01-01,3,History-conditioned,Liquid-WC-time,gas_cum,12,70,259086.90990753195,0.1096813162028969,259086.90990753195,0.019875659541210643,0.0,-224023.25053544602
train_OOF,2005-01-01,3,History-conditioned,Liquid-WC-time,oil_cum,1,70,13118.771605268601,0.019564206750821607,13118.771605268601,0.0004360365042767225,0.0,12819.448094077728
train_OOF,2005-01-01,3,History-conditioned,Liquid-WC-time,oil_cum,2,70,31089.42719767286,0.02383540099976378,31089.42719767286,0.0010120932136519461,0.0,29218.848800127795
train_OOF,2005-01-01,3,History-conditioned,Liquid-WC-time,oil_cum,3,70,50435.24201205726,0.02645729083804692,50435.24201205726,0.0016104577632755019,0.0,44195.479320014216
train_OOF,2005-01-01,3,History-conditioned,Liquid-WC-time,oil_cum,4,70,65128.45000759043,0.026267412806604946,65128.45000759043,0.0020424319380157973,0.0,48595.275459919176
train_OOF,2005-01-01,3,History-conditioned,Liquid-WC-time,oil_cum,5,70,76328.55770691838,0.025275353037279315,76328.55770691838,0.0023539848544243324,0.0,36354.850171930186
train_OOF,2005-01-01,3,History-conditioned,Liquid-WC-time,oil_cum,6,70,96298.43964965257,0.027111868134762847,96298.43964965257,0.0029221866592554447,0.0,2801.649524584838
train_OOF,2005-01-01,3,History-conditioned,Liquid-WC-time,oil_cum,7,70,141225.00831921233,0.03463496950128601,141225.00831921233,0.004218597435599092,0.0,-53870.105150003415
train_OOF,2005-01-01,3,History-conditioned,Liquid-WC-time,oil_cum,8,70,214131.38667338164,0.04664893209647443,214131.38667338164,0.006300500351539502,0.0,-131304.58365126987
train_OOF,2005-01-01,3,History-conditioned,Liquid-WC-time,oil_cum,9,70,308786.7006797603,0.06079038884448933,308786.7006797603,0.008957439418913757,0.0,-225744.06240920376
train_OOF,2005-01-01,3,History-conditioned,Liquid-WC-time,oil_cum,10,70,425002.4878486741,0.07640787438192477,425002.4878486741,0.012159475076764023,0.0,-338876.41083338624
train_OOF,2005-01-01,3,History-conditioned,Liquid-WC-time,oil_cum,11,70,560995.8168200337,0.0929029914381843,560995.8168200337,0.015835906047752965,0.0,-470049.15507267934
train_OOF,2005-01-01,3,History-conditioned,Liquid-WC-time,oil_cum,12,70,713464.7173558186,0.10971302514501459,713464.7173558186,0.019880829580361435,0.0,-616659.6905095743
train_OOF,2005-01-01,3,History-conditioned,Liquid-WC-time,water_cum,1,70,3372.162929492746,0.005801229285500502,3372.162929492746,0.00043191963895812795,0.0,-1390.4634608959645
train_OOF,2005-01-01,3,History-conditioned,Liquid-WC-time,water_cum,2,70,11488.671456900269,0.009725368563120552,11488.671456900269,0.001366840494139026,0.0,875.2149187972636
train_OOF,2005-01-01,3,History-conditioned,Liquid-WC-time,water_cum,3,70,27129.89563384457,0.015075822155603883,27129.89563384457,0.003007222496178436,0.0,7197.308976256461
train_OOF,2005-01-01,3,History-conditioned,Liquid-WC-time,water_cum,4,70,50361.68664131319,0.020735497003561823,50361.68664131319,0.00521935743782602,0.0,17498.60792446461
train_OOF,2005-01-01,3,History-conditioned,Liquid-WC-time,water_cum,5,70,79948.76870361266,0.026173197492449694,79948.76870361266,0.007782205401220138,0.0,30802.017633815867
train_OOF,2005-01-01,3,History-conditioned,Liquid-WC-time,water_cum,6,70,115649.4640160444,0.031265681889659544,115649.4640160444,0.010594386752596139,0.0,45340.83113435157
train_OOF,2005-01-01,3,History-conditioned,Liquid-WC-time,water_cum,7,70,157072.31163588798,0.03600908702339873,157072.31163588798,0.013566709758737154,0.0,60176.23423438881
train_OOF,2005-01-01,3,History-conditioned,Liquid-WC-time,water_cum,8,70,203786.25163548847,0.040464768108963836,203786.25163548847,0.016634848677332274,0.0,74759.18333632137
train_OOF,2005-01-01,3,History-conditioned,Liquid-WC-time,water_cum,9,70,254322.10190970247,0.04457637665258087,254322.10190970247,0.019686659767041013,0.0,88598.46670989544
train_OOF,2005-01-01,3,History-conditioned,Liquid-WC-time,water_cum,10,70,309568.23932291026,0.04842432234364542,309568.23932291026,0.022754294915548937,0.0,99853.84096026553
train_OOF,2005-01-01,3,History-conditioned,Liquid-WC-time,water_cum,11,70,369376.8064908698,0.05203598445051067,369376.8064908698,0.02581368647913001,0.0,107771.63123293067
train_OOF,2005-01-01,3,History-conditioned,Liquid-WC-time,water_cum,12,70,432826.3565266269,0.055389617273614224,432826.3565266269,0.028809082289015422,0.0,111545.14058592144
train_OOF,2005-01-01,3,History-conditioned,Liquid-WC-volume,gas_cum,1,70,5259.457460081673,0.021597762985618173,5259.457460081673,0.00048127282105900565,0.0,5158.29088766966
train_OOF,2005-01-01,3,History-conditioned,Liquid-WC-volume,gas_cum,2,70,13174.544436239605,0.027812222989268463,13174.544436239605,0.0011807690111110638,0.0,12644.670731138758
train_OOF,2005-01-01,3,History-conditioned,Liquid-WC-volume,gas_cum,3,70,22401.683201206164,0.032355129783627486,22401.683201206164,0.0019693190107425043,0.0,20776.55335950609
train_OOF,2005-01-01,3,History-conditioned,Liquid-WC-volume,gas_cum,4,70,30268.124940872443,0.03360831429757869,30268.124940872443,0.002613244751281344,0.0,26364.0283298651
train_OOF,2005-01-01,3,History-conditioned,Liquid-WC-volume,gas_cum,5,70,35559.20267443585,0.032415965555632066,35559.20267443585,0.00301914838657684,0.0,27206.304094559062
train_OOF,2005-01-01,3,History-conditioned,Liquid-WC-volume,gas_cum,6,70,39281.508223209355,0.03044605754577727,39281.508223209355,0.0032816539085859567,0.0,21861.1254064433
train_OOF,2005-01-01,3,History-conditioned,Liquid-WC-volume,gas_cum,7,70,45042.44794937523,0.03041210658412211,45042.44794937523,0.0037042144042672815,0.0,9751.74629819332
train_OOF,2005-01-01,3,History-conditioned,Liquid-WC-volume,gas_cum,8,70,57278.49797006267,0.03435415436038251,57278.49797006267,0.0046398564412159235,0.0,-8395.144394852407
train_OOF,2005-01-01,3,History-conditioned,Liquid-WC-volume,gas_cum,9,70,76963.81941909085,0.04171410333915943,76963.81941909085,0.006146519360170069,0.0,-31504.144714171092
train_OOF,2005-01-01,3,History-conditioned,Liquid-WC-volume,gas_cum,10,70,104021.93388021505,0.05148530125905785,104021.93388021505,0.008193403451832492,0.0,-59849.939612989125
train_OOF,2005-01-01,3,History-conditioned,Liquid-WC-volume,gas_cum,11,70,137497.7518235066,0.06268604118529042,137497.7518235066,0.010685473568724875,0.0,-93191.88431015058
train_OOF,2005-01-01,3,History-conditioned,Liquid-WC-volume,gas_cum,12,70,176111.4356018379,0.07455465064632258,176111.4356018379,0.013510257760939141,0.0,-130786.527180602
train_OOF,2005-01-01,3,History-conditioned,Liquid-WC-volume,oil_cum,1,70,14334.702684528535,0.021377541699029508,14334.702684528535,0.0004764511370788513,0.0,14079.304382331617
train_OOF,2005-01-01,3,History-conditioned,Liquid-WC-volume,oil_cum,2,70,36070.49515672777,0.02765424756313937,36070.49515672777,0.0011742481818359848,0.0,34600.9051118665
train_OOF,2005-01-01,3,History-conditioned,Liquid-WC-volume,oil_cum,3,70,61580.070009240786,0.03230363842949898,61580.070009240786,0.001966325486962514,0.0,57050.8635017031
train_OOF,2005-01-01,3,History-conditioned,Liquid-WC-volume,oil_cum,4,70,83409.68736206349,0.0336405470996751,83409.68736206349,0.0026157325928735683,0.0,72578.05339677173
train_OOF,2005-01-01,3,History-conditioned,Liquid-WC-volume,oil_cum,5,70,98101.34746846433,0.03248517023234016,98101.34746846433,0.00302546115211676,0.0,75006.03152462856
train_OOF,2005-01-01,3,History-conditioned,Liquid-WC-volume,oil_cum,6,70,108427.78138368063,0.030526763691231303,108427.78138368063,0.0032902528577284226,0.0,60262.188214943984
train_OOF,2005-01-01,3,History-conditioned,Liquid-WC-volume,oil_cum,7,70,124441.57049038899,0.030518886491298698,124441.57049038899,0.0037172516142897722,0.0,26775.279150926217
train_OOF,2005-01-01,3,History-conditioned,Liquid-WC-volume,oil_cum,8,70,158254.11762563654,0.03447596217347753,158254.11762563654,0.004656394091603957,0.0,-23252.91236215484
train_OOF,2005-01-01,3,History-conditioned,Liquid-WC-volume,oil_cum,9,70,212440.0191281898,0.041822757717557,212440.0191281898,0.006162566578497623,0.0,-86835.93866191548
train_OOF,2005-01-01,3,History-conditioned,Liquid-WC-volume,oil_cum,10,70,286847.00899268803,0.05156998101561237,286847.00899268803,0.00820679679864085,0.0,-164801.80847320386
train_OOF,2005-01-01,3,History-conditioned,Liquid-WC-volume,oil_cum,11,70,378918.5537270455,0.06275032022915392,378918.5537270455,0.01069619137373511,0.0,-256526.97621862392
train_OOF,2005-01-01,3,History-conditioned,Liquid-WC-volume,oil_cum,12,70,485154.8468693036,0.07460467857621034,485154.8468693036,0.013518931765037353,0.0,-359986.35965982225
train_OOF,2005-01-01,3,History-conditioned,Liquid-WC-volume,water_cum,1,70,3996.2869255810297,0.006874927822491296,3996.2869255810297,0.0005118598484592465,0.0,-2650.319749150146
train_OOF,2005-01-01,3,History-conditioned,Liquid-WC-volume,water_cum,2,70,11947.382801130221,0.010113676027865863,11947.382801130221,0.0014214147103803537,0.0,-4506.84139294152
train_OOF,2005-01-01,3,History-conditioned,Liquid-WC-volume,water_cum,3,70,25756.635713935335,0.014312714821709703,25756.635713935335,0.0028550030339295858,0.0,-5658.0752054323975
train_OOF,2005-01-01,3,History-conditioned,Liquid-WC-volume,water_cum,4,70,45602.342038609466,0.018775924512450595,45602.342038609466,0.0047261110374776805,0.0,-6484.170012388112
train_OOF,2005-01-01,3,History-conditioned,Liquid-WC-volume,water_cum,5,70,70612.23944767573,0.023116654808026472,70612.23944767573,0.006873388547847899,0.0,-7849.163718882815
train_OOF,2005-01-01,3,History-conditioned,Liquid-WC-volume,water_cum,6,70,101420.52973514443,0.027418908049066812,101420.52973514443,0.009290906151698463,0.0,-12119.707556006872
train_OOF,2005-01-01,3,History-conditioned,Liquid-WC-volume,water_cum,7,70,138173.27902828556,0.03167645256518326,138173.27902828556,0.011934355288124846,0.0,-20469.150066541773
train_OOF,2005-01-01,3,History-conditioned,Liquid-WC-volume,water_cum,8,70,180818.79553117245,0.03590424070412046,180818.79553117245,0.014760040373374863,0.0,-33292.48795279392
train_OOF,2005-01-01,3,History-conditioned,Liquid-WC-volume,water_cum,9,70,228158.89564180464,0.039990613448047975,228158.89564180464,0.01766140857438653,0.0,-50309.65703739335
train_OOF,2005-01-01,3,History-conditioned,Liquid-WC-volume,water_cum,10,70,282399.93570901867,0.04417451075248666,282399.93570901867,0.02075733426436009,0.0,-74220.76139991675
train_OOF,2005-01-01,3,History-conditioned,Liquid-WC-volume,water_cum,11,70,344008.78078255,0.048462261985803314,344008.78078255,0.024040856537666796,0.0,-105750.54762112403
train_OOF,2005-01-01,3,History-conditioned,Liquid-WC-volume,water_cum,12,70,412599.6867386944,0.05280117162704132,412599.6867386944,0.02746278767093931,0.0,-145128.19026383097
train_OOF,2005-01-01,3,History-conditioned,Separate,gas_cum,1,70,6010.115714308493,0.02468031269365156,6010.115714308493,0.0005499626846818136,0.0,5945.112763918111
train_OOF,2005-01-01,3,History-conditioned,Separate,gas_cum,2,70,16115.124590995983,0.03401995725876898,16115.124590995983,0.0014443186114959981,0.0,15865.03407935423
train_OOF,2005-01-01,3,History-conditioned,Separate,gas_cum,3,70,28815.248462437943,0.04161835052195781,28815.248462437943,0.0025331318225807415,0.0,28159.208374302143
train_OOF,2005-01-01,3,History-conditioned,Separate,gas_cum,4,70,40979.368822315606,0.04550157995538797,40979.368822315606,0.0035380163354992375,0.0,39611.353854920664
train_OOF,2005-01-01,3,History-conditioned,Separate,gas_cum,5,70,50322.48645406958,0.045874256588481294,50322.48645406958,0.0042726226225416756,0.0,47799.325970209684
train_OOF,2005-01-01,3,History-conditioned,Separate,gas_cum,6,70,55902.30593755274,0.043328398030062214,55902.30593755274,0.004670187807874083,0.0,51435.16905538352
train_OOF,2005-01-01,3,History-conditioned,Separate,gas_cum,7,70,57660.0495439908,0.03893135591450315,57660.0495439908,0.004741864525473208,0.0,49908.035867060506
train_OOF,2005-01-01,3,History-conditioned,Separate,gas_cum,8,70,56968.45143449588,0.034168196506750764,56968.45143449588,0.004614741058199453,0.0,43751.401064732614
train_OOF,2005-01-01,3,History-conditioned,Separate,gas_cum,9,70,55714.37452968245,0.030196983389721425,55714.37452968245,0.00444948658046348,0.0,33623.99009942072
train_OOF,2005-01-01,3,History-conditioned,Separate,gas_cum,10,70,56468.90266360804,0.02794909070573668,56468.90266360804,0.004447835997146361,0.0,19544.5402649434
train_OOF,2005-01-01,3,History-conditioned,Separate,gas_cum,11,70,62047.45633335955,0.028287803630041138,62047.45633335955,0.004821943965365816,0.0,1665.7481534082974
train_OOF,2005-01-01,3,History-conditioned,Separate,gas_cum,12,70,73960.52135734925,0.0313102940338504,73960.52135734925,0.005673826371674894,0.0,-19549.313898441327
train_OOF,2005-01-01,3,History-conditioned,Separate,oil_cum,1,70,16386.627628237162,0.02443760593703799,16386.627628237162,0.0005446522008990031,0.0,16245.374485794933
train_OOF,2005-01-01,3,History-conditioned,Separate,oil_cum,2,70,44109.94843341755,0.033817873269408716,44109.94843341755,0.0014359666127055854,0.0,43466.357924405806
train_OOF,2005-01-01,3,History-conditioned,Separate,oil_cum,3,70,79135.44999247765,0.041512829769909075,79135.44999247765,0.0025268898235923706,0.0,77374.83543788153
train_OOF,2005-01-01,3,History-conditioned,Separate,oil_cum,4,70,112759.34885513256,0.0454777653058924,112759.34885513256,0.003536139665303672,0.0,109047.08105294364
train_OOF,2005-01-01,3,History-conditioned,Separate,oil_cum,5,70,138568.86481167586,0.045885538562622216,138568.86481167586,0.004273485820522615,0.0,131697.28000202923
train_OOF,2005-01-01,3,History-conditioned,Separate,oil_cum,6,70,153900.32478594265,0.04332910612751247,153900.32478594265,0.0046701221492344725,0.0,141677.59816742118
train_OOF,2005-01-01,3,History-conditioned,Separate,oil_cum,7,70,158642.21028575636,0.03890648108474063,158642.21028575636,0.004738874718113355,0.0,137322.91149392814
train_OOF,2005-01-01,3,History-conditioned,Separate,oil_cum,8,70,156719.99510859078,0.034141750649248716,156719.99510859078,0.004611254798349883,0.0,120303.0963886078
train_OOF,2005-01-01,3,History-conditioned,Separate,oil_cum,9,70,153322.31897071842,0.03018434203367787,153322.31897071842,0.0044476506945546725,0.0,92457.51707057096
train_OOF,2005-01-01,3,History-conditioned,Separate,oil_cum,10,70,155456.52605630294,0.027948313373143626,155456.52605630294,0.004447667503478191,0.0,53765.93594222111
train_OOF,2005-01-01,3,History-conditioned,Separate,oil_cum,11,70,170845.53926005136,0.028292656014973914,170845.53926005136,0.004822663248606327,0.0,4609.782340585919
train_OOF,2005-01-01,3,History-conditioned,Separate,oil_cum,12,70,203636.24048767504,0.03131415952264724,203636.24048767504,0.005674362438727185,0.0,-53757.72732678801
train_OOF,2005-01-01,3,History-conditioned,Separate,water_cum,1,70,6407.150471911706,0.011022406014010036,6407.150471911706,0.0008206525534028044,0.0,-5434.269935382011
train_OOF,2005-01-01,3,History-conditioned,Separate,water_cum,2,70,20186.232280404387,0.01708801140011557,20186.232280404387,0.002401614478093662,0.0,-15533.57192346507
train_OOF,2005-01-01,3,History-conditioned,Separate,water_cum,3,70,42170.465221358034,0.023433722063536732,42170.465221358034,0.004674399540622456,0.0,-30093.324587754545
train_OOF,2005-01-01,3,History-conditioned,Separate,water_cum,4,70,72305.2374761505,0.029770349942939298,72305.2374761505,0.0074935313763963805,0.0,-48826.25619131879
train_OOF,2005-01-01,3,History-conditioned,Separate,water_cum,5,70,109756.52543426832,0.03593150042029821,109756.52543426832,0.010683689553997119,0.0,-71387.26378638342
train_OOF,2005-01-01,3,History-conditioned,Separate,water_cum,6,70,156493.04881173215,0.04230769181439335,156493.04881173215,0.014335975504169946,0.0,-100046.379583328
train_OOF,2005-01-01,3,History-conditioned,Separate,water_cum,7,70,212807.41913164844,0.04878645252576501,212807.41913164844,0.018380683774220058,0.0,-135270.78760936254
train_OOF,2005-01-01,3,History-conditioned,Separate,water_cum,8,70,277971.5322984289,0.05519535054537741,277971.5322984289,0.02269051194219666,0.0,-176357.3781840361
train_OOF,2005-01-01,3,History-conditioned,Separate,water_cum,9,70,349584.0235293979,0.061273436274539655,349584.0235293979,0.027060729993730683,0.0,-221543.20670050164
train_OOF,2005-01-01,3,History-conditioned,Separate,water_cum,10,70,430808.55180833855,0.06738938150371858,430808.55180833855,0.031665861011543395,0.0,-273634.8203028076
train_OOF,2005-01-01,3,History-conditioned,Separate,water_cum,11,70,521566.9473709283,0.07347578160396705,521566.9473709283,0.03644940727387776,0.0,-332516.9550414338
train_OOF,2005-01-01,3,History-conditioned,Separate,water_cum,12,70,620619.6455977343,0.07942188391207604,620619.6455977343,0.041308673029260855,0.0,-397283.3846393149
train_OOF,2005-01-01,3,Input-only PolyRidge,Constant,gas_cum,1,70,12345.041775022415,0.05069444678051428,30283.984326576654,0.002771171490667771,26247.421898404347,12043.402608648128
train_OOF,2005-01-01,3,Input-only PolyRidge,Constant,gas_cum,2,70,40823.00756312446,0.0861797229447336,49868.85665481725,0.004469498041660941,26247.421898404347,40442.38524628111
train_OOF,2005-01-01,3,Input-only PolyRidge,Constant,gas_cum,3,70,83811.12332866309,0.12104982238408306,88801.28360753952,0.007806469469992701,26247.421898404347,83378.87648432798
train_OOF,2005-01-01,3,Input-only PolyRidge,Constant,gas_cum,4,70,137375.874046651,0.15253576364190044,140558.2921860554,0.012135314626254856,26247.421898404347,136896.89629380323
train_OOF,2005-01-01,3,Input-only PolyRidge,Constant,gas_cum,5,70,197255.09799343607,0.1798188367936879,199498.83831064354,0.016938416795339157,26247.421898404347,196738.68461673643
train_OOF,2005-01-01,3,Input-only PolyRidge,Constant,gas_cum,6,70,263186.17673664127,0.20398864108385845,264861.6048693963,0.02212705571066767,26247.421898404347,262638.3101115116
train_OOF,2005-01-01,3,Input-only PolyRidge,Constant,gas_cum,7,70,334375.9065315822,0.22576649741662147,335661.6475337095,0.02760424369368007,26247.421898404347,333808.0870638429
train_OOF,2005-01-01,3,Input-only PolyRidge,Constant,gas_cum,8,70,410231.506211544,0.24604619512281145,411227.1439045769,0.03331153888577416,26247.421898404347,409660.29258760257
train_OOF,2005-01-01,3,Input-only PolyRidge,Constant,gas_cum,9,70,488885.4914174765,0.2649741146415321,489657.75389607553,0.039105269032855015,26247.421898404347,488320.3809105353
train_OOF,2005-01-01,3,Input-only PolyRidge,Constant,gas_cum,10,70,572751.7835980307,0.2834815411061684,573341.236456769,0.045159860912336744,26247.421898404347,572196.6064053108
train_OOF,2005-01-01,3,Input-only PolyRidge,Constant,gas_cum,11,70,661843.2331009241,0.30173825839439977,662279.511699181,0.0514682612880349,26247.421898404347,661297.8690719287
train_OOF,2005-01-01,3,Input-only PolyRidge,Constant,gas_cum,12,70,755190.1390717198,0.3197006304424916,755496.4531852002,0.057957348340988854,26247.421898404347,754654.9031671188
train_OOF,2005-01-01,3,Input-only PolyRidge,Constant,oil_cum,1,70,34075.23894919347,0.0508168782828673,84178.54832366688,0.002797893053599613,73503.3021764479,33237.702700042566
train_OOF,2005-01-01,3,Input-only PolyRidge,Constant,oil_cum,2,70,112581.62134686182,0.08631320458058746,137699.44607302925,0.004482703203505046,73503.3021764479,111536.34717611782
train_OOF,2005-01-01,3,Input-only PolyRidge,Constant,oil_cum,3,70,231177.8237879226,0.12127113255056124,244891.93669893057,0.007819693232087227,73503.3021764479,230009.01914251022
train_OOF,2005-01-01,3,Input-only PolyRidge,Constant,oil_cum,4,70,378976.41920836887,0.15284764256104688,387639.65566243854,0.012156401896162712,73503.3021764479,377693.4053946164
train_OOF,2005-01-01,3,Input-only PolyRidge,Constant,oil_cum,5,70,544123.449617078,0.18018042916180182,550180.5354395687,0.016967655180865886,73503.3021764479,542745.8795232287
train_OOF,2005-01-01,3,Input-only PolyRidge,Constant,oil_cum,6,70,725801.4291289424,0.20434217532658955,730285.2746173401,0.022160586346999956,73503.3021764479,724338.952570733
train_OOF,2005-01-01,3,Input-only PolyRidge,Constant,oil_cum,7,70,921841.4551250491,0.22607858950243515,925247.573350164,0.02763849750609846,73503.3021764479,920320.6816799854
train_OOF,2005-01-01,3,Input-only PolyRidge,Constant,oil_cum,8,70,1130803.4606104787,0.24634769646795496,1133405.1562118588,0.03334877570303051,73503.3021764479,1129272.1250749542
train_OOF,2005-01-01,3,Input-only PolyRidge,Constant,oil_cum,9,70,1347567.7271747768,0.2652936993364781,1349549.0911018131,0.03914839661093916,73503.3021764479,1346054.2563464306
train_OOF,2005-01-01,3,Input-only PolyRidge,Constant,oil_cum,10,70,1578717.2542782165,0.28382523184762454,1580190.4436508284,0.04520982080216516,73503.3021764479,1577231.757965368
train_OOF,2005-01-01,3,Input-only PolyRidge,Constant,oil_cum,11,70,1824251.9690156232,0.3021029034034983,1825299.3025135123,0.05152492656269796,73503.3021764479,1822790.2013603337
train_OOF,2005-01-01,3,Input-only PolyRidge,Constant,oil_cum,12,70,2081478.6861864566,0.32007935064082005,2082165.1088151194,0.05801992541403213,73503.3021764479,2080037.4447552948
train_OOF,2005-01-01,3,Input-only PolyRidge,Constant,water_cum,1,70,10962.23693613447,0.0188586528225861,45910.36192828249,0.0058803762935273115,40685.273755438815,-9660.025324096916
train_OOF,2005-01-01,3,Input-only PolyRidge,Constant,water_cum,2,70,33547.393541170524,0.02839847651174463,59571.72438599615,0.0070874204647538895,40685.273755438815,-31801.134977191527
train_OOF,2005-01-01,3,Input-only PolyRidge,Constant,water_cum,3,70,67938.9424605667,0.0377530171069871,87306.16437083678,0.00967748144314652,40685.273755438815,-65821.00038785605
train_OOF,2005-01-01,3,Input-only PolyRidge,Constant,water_cum,4,70,113280.1023851313,0.04664099596781928,128718.27159552973,0.013340035114811235,40685.273755438815,-110776.42294137803
train_OOF,2005-01-01,3,Input-only PolyRidge,Constant,water_cum,5,70,167917.80473281097,0.05497202692468571,181009.25009247463,0.017619422870196248,40685.273755438815,-165068.46969404616
train_OOF,2005-01-01,3,Input-only PolyRidge,Constant,water_cum,6,70,234682.683027822,0.06344615753291974,246173.40479877507,0.022551390798316244,40685.273755438815,-231521.79363285517
train_OOF,2005-01-01,3,Input-only PolyRidge,Constant,water_cum,7,70,313850.3003258398,0.07195070002503755,324197.10889934184,0.028001676649763836,40685.273755438815,-310435.8376149466
train_OOF,2005-01-01,3,Input-only PolyRidge,Constant,water_cum,8,70,404014.14799907914,0.08022297225803796,413526.7296635662,0.03375573433820192,40685.273755438815,-400405.3530256106
train_OOF,2005-01-01,3,Input-only PolyRidge,Constant,water_cum,9,70,501915.19681650575,0.08797332474426699,510806.04126446653,0.03954066385033688,40685.273755438815,-498167.1997782801
train_OOF,2005-01-01,3,Input-only PolyRidge,Constant,water_cum,10,70,611800.0497445397,0.09570104117749963,620191.1368208707,0.04558611071373969,40685.273755438815,-607961.4808599477
train_OOF,2005-01-01,3,Input-only PolyRidge,Constant,water_cum,11,70,733495.6392453344,0.10333125146890089,741476.3768630392,0.05181765175203779,40685.273755438815,-729604.4962706137
train_OOF,2005-01-01,3,Input-only PolyRidge,Constant,water_cum,12,70,865279.7262364418,0.11073150271038489,872914.7136417902,0.05810152602167517,40685.273755438815,-861380.6259669937
train_OOF,2005-01-01,3,Input-only PolyRidge,Liquid-WC-time,gas_cum,1,70,5404.454245099489,0.02219318679506235,28342.06341193607,0.00259347374067056,26247.421898404347,4669.60910039882
train_OOF,2005-01-01,3,Input-only PolyRidge,Liquid-WC-time,gas_cum,2,70,12516.768052164794,0.026423619113096406,32584.42039688322,0.002920379830654452,26247.421898404347,10625.180448844258
train_OOF,2005-01-01,3,Input-only PolyRidge,Liquid-WC-time,gas_cum,3,70,20098.820353390292,0.029029066038963658,38665.037804256586,0.003399021105472125,26247.421898404347,16007.452592470205
train_OOF,2005-01-01,3,Input-only PolyRidge,Liquid-WC-time,gas_cum,4,70,26186.548332855735,0.02907632198752195,44887.55851437448,0.0038754358558605252,26247.421898404347,17517.675528242813
train_OOF,2005-01-01,3,Input-only PolyRidge,Liquid-WC-time,gas_cum,5,70,31176.97177156855,0.028421099661006758,50844.79847926988,0.004316969441074445,26247.421898404347,12997.591088160527
train_OOF,2005-01-01,3,Input-only PolyRidge,Liquid-WC-time,gas_cum,6,70,39064.07641556663,0.030277531905413456,59018.1575820693,0.004930492139105445,26247.421898404347,786.4358343163772
train_OOF,2005-01-01,3,Input-only PolyRidge,Liquid-WC-time,gas_cum,7,70,55185.852954918795,0.03726080882386766,73493.86642310457,0.006044010728185469,26247.421898404347,-19777.25421532765
train_OOF,2005-01-01,3,Input-only PolyRidge,Liquid-WC-time,gas_cum,8,70,81149.18773685602,0.04867117366081591,96886.24241655607,0.007848289879679142,26247.421898404347,-47910.13540032964
train_OOF,2005-01-01,3,Input-only PolyRidge,Liquid-WC-time,gas_cum,9,70,115117.38939098307,0.062393196094405155,128584.3927898896,0.010269064940697627,26247.421898404347,-82255.83591613972
train_OOF,2005-01-01,3,Input-only PolyRidge,Liquid-WC-time,gas_cum,10,70,157027.1403207105,0.07772004733703394,168728.41724337754,0.013290081665431008,26247.421898404347,-123402.2625150467
train_OOF,2005-01-01,3,Input-only PolyRidge,Liquid-WC-time,gas_cum,11,70,206216.96315774176,0.09401553752096861,216601.42031289535,0.016832920691478723,26247.421898404347,-171098.19513028426
train_OOF,2005-01-01,3,Input-only PolyRidge,Liquid-WC-time,gas_cum,12,70,261454.80418605864,0.11068373566589025,270866.7141106612,0.020779338456857446,26247.421898404347,-224390.17163971145
train_OOF,2005-01-01,3,Input-only PolyRidge,Liquid-WC-time,oil_cum,1,70,14918.73599784759,0.02224851871082172,79134.23085391693,0.0026302320391271583,73503.3021764479,12738.662254542645
train_OOF,2005-01-01,3,Input-only PolyRidge,Liquid-WC-time,oil_cum,2,70,34581.7189638446,0.026512844174435952,90640.72209964914,0.0029507413930235957,73503.3021764479,29050.570213209732
train_OOF,2005-01-01,3,Input-only PolyRidge,Liquid-WC-time,oil_cum,3,70,55644.40278821299,0.02918990946301457,107277.57937245697,0.0034255017649062734,73503.3021764479,43935.40637557384
train_OOF,2005-01-01,3,Input-only PolyRidge,Liquid-WC-time,oil_cum,4,70,72650.55592608573,0.029301206199708794,124445.5840197476,0.0039026206721845566,73503.3021764479,48242.369072928224
train_OOF,2005-01-01,3,Input-only PolyRidge,Liquid-WC-time,oil_cum,5,70,86597.64593545374,0.028675847401968123,140927.0647573361,0.004346213081754296,73503.3021764479,35912.025725829175
train_OOF,2005-01-01,3,Input-only PolyRidge,Liquid-WC-time,oil_cum,6,70,108484.26164634382,0.030542665147569665,163521.51366536762,0.0049620781756448545,73503.3021764479,2270.3652588518603
train_OOF,2005-01-01,3,Input-only PolyRidge,Liquid-WC-time,oil_cum,7,70,153048.56732994565,0.03753465851959208,203515.41174753636,0.00607930283963915,73503.3021764479,-54487.0811661029
train_OOF,2005-01-01,3,Input-only PolyRidge,Liquid-WC-time,oil_cum,8,70,224507.38902197868,0.04890936405141647,267907.35564906435,0.007882778954874133,73503.3021764479,-132002.60040812707
train_OOF,2005-01-01,3,Input-only PolyRidge,Liquid-WC-time,oil_cum,9,70,317853.6548523003,0.0625753869307751,355012.21598082833,0.01029837234123805,73503.3021764479,-226516.31703652718
train_OOF,2005-01-01,3,Input-only PolyRidge,Liquid-WC-time,oil_cum,10,70,433032.73454253236,0.07785156965003025,465321.6921974428,0.013313022113336596,73503.3021764479,-339718.4032505475
train_OOF,2005-01-01,3,Input-only PolyRidge,Liquid-WC-time,oil_cum,11,70,568287.0723381116,0.09411045043994527,596934.6008138339,0.01685039348194159,73503.3021764479,-470956.1993535299
train_OOF,2005-01-01,3,Input-only PolyRidge,Liquid-WC-time,oil_cum,12,70,720241.250208553,0.11075508637268604,746195.3253990506,0.020792874177297794,73503.3021764479,-617626.505960617
train_OOF,2005-01-01,3,Input-only PolyRidge,Liquid-WC-time,water_cum,1,70,7127.481090040874,0.012261611581625418,46161.090563510996,0.005912490584523522,40685.273755438815,-1398.8292733651986
train_OOF,2005-01-01,3,Input-only PolyRidge,Liquid-WC-time,water_cum,2,70,17971.092687687225,0.015212855596526452,55941.0846739181,0.006655472750284521,40685.273755438815,854.2437426561755
train_OOF,2005-01-01,3,Input-only PolyRidge,Liquid-WC-time,water_cum,3,70,35313.728304321645,0.019623499284793386,71749.38374613607,0.00795308481095486,40685.273755438815,7156.989673652301
train_OOF,2005-01-01,3,Input-only PolyRidge,Liquid-WC-time,water_cum,4,70,59943.72551068225,0.02468072504326026,94692.99712488297,0.009813741989498002,40685.273755438815,17430.213689823755
train_OOF,2005-01-01,3,Input-only PolyRidge,Liquid-WC-time,water_cum,5,70,90808.63206164248,0.029728441094317555,124152.77698905494,0.012085019285819764,40685.273755438815,30696.034069617745
train_OOF,2005-01-01,3,Input-only PolyRidge,Liquid-WC-time,water_cum,6,70,127903.91626493266,0.0345786570859182,160318.37957542663,0.014686405434061888,40685.273755438815,45185.325007931955
train_OOF,2005-01-01,3,Input-only PolyRidge,Liquid-WC-time,water_cum,7,70,170758.01742114467,0.039146557691942335,202641.67914675525,0.017502644593275555,40685.273755438815,59957.88526412265
train_OOF,2005-01-01,3,Input-only PolyRidge,Liquid-WC-time,water_cum,8,70,218873.68919390926,0.043460601523928374,250465.20371709543,0.020445200445727785,40685.273755438815,74464.47876616892
train_OOF,2005-01-01,3,Input-only PolyRidge,Liquid-WC-time,water_cum,9,70,270707.4277088908,0.047448319157441105,302155.3997867056,0.023389357463265745,40685.273755438815,88215.6636860562
train_OOF,2005-01-01,3,Input-only PolyRidge,Liquid-WC-time,water_cum,10,70,327187.1748655663,0.051180370625392865,358659.07694611396,0.026362634709621066,40685.273755438815,99368.43887011026
train_OOF,2005-01-01,3,Input-only PolyRidge,Liquid-WC-time,water_cum,11,70,388133.9532592263,0.05467839886425452,419740.15681510756,0.02933330035976114,40685.273755438815,107168.88548541465
train_OOF,2005-01-01,3,Input-only PolyRidge,Liquid-WC-time,water_cum,12,70,452618.0747110775,0.057922401330992926,484420.74984974315,0.03224322418098693,40685.273755438815,110811.77489196596
train_OOF,2005-01-01,3,Input-only PolyRidge,Liquid-WC-volume,gas_cum,1,70,5795.723994156765,0.023799921209727647,28393.71035926442,0.002598199755136587,26247.421898404347,5127.644707878333
train_OOF,2005-01-01,3,Input-only PolyRidge,Liquid-WC-volume,gas_cum,2,70,14164.093766373586,0.0299012186856102,33152.6887622247,0.002971310902999105,26247.421898404347,12581.726686616375
train_OOF,2005-01-01,3,Input-only PolyRidge,Liquid-WC-volume,gas_cum,3,70,23826.51291166337,0.03441303542345588,40522.494707452424,0.003562309067284812,26247.421898404347,20680.431348487815
train_OOF,2005-01-01,3,Input-only PolyRidge,Liquid-WC-volume,gas_cum,4,70,32262.805318795243,0.03582311436185087,48346.72136519439,0.004174087958737433,26247.421898404347,26234.9079597202
train_OOF,2005-01-01,3,Input-only PolyRidge,Liquid-WC-volume,gas_cum,5,70,38296.88263675446,0.03491164972980688,54999.315486422245,0.004669708039686712,26247.421898404347,27045.647798087473
train_OOF,2005-01-01,3,Input-only PolyRidge,Liquid-WC-volume,gas_cum,6,70,42949.67810875723,0.03328915895594897,60966.89140925174,0.005093293168649122,26247.421898404347,21669.79873509013
train_OOF,2005-01-01,3,Input-only PolyRidge,Liquid-WC-volume,gas_cum,7,70,49486.70543077131,0.03341281454660696,68421.76930317265,0.005626890077180643,26247.421898404347,9531.032055886782
train_OOF,2005-01-01,3,Input-only PolyRidge,Liquid-WC-volume,gas_cum,8,70,61911.03068608187,0.03713262707956634,80402.1312928967,0.0065129910871932544,26247.421898404347,-8643.327809108501
train_OOF,2005-01-01,3,Input-only PolyRidge,Liquid-WC-volume,gas_cum,9,70,81359.6895234514,0.04409664855563724,98370.53852327127,0.007856112444358012,26247.421898404347,-31777.14362136937
train_OOF,2005-01-01,3,Input-only PolyRidge,Liquid-WC-volume,gas_cum,10,70,108051.03895193062,0.053479493067302326,123283.82650444945,0.009710587872744767,26247.421898404347,-60145.83047108094
train_OOF,2005-01-01,3,Input-only PolyRidge,Liquid-WC-volume,gas_cum,11,70,141209.4469460685,0.06437822502273101,154824.74027111303,0.012032019782223378,26247.421898404347,-93508.5972434774
train_OOF,2005-01-01,3,Input-only PolyRidge,Liquid-WC-volume,gas_cum,12,70,179585.2659893678,0.07602525481272328,191887.46825676513,0.014720504369199913,26247.421898404347,-131121.7056031044
train_OOF,2005-01-01,3,Input-only PolyRidge,Liquid-WC-volume,oil_cum,1,70,15982.417565740421,0.023834801842920455,79272.03050633923,0.002634812169076874,73503.3021764479,13999.59917149315
train_OOF,2005-01-01,3,Input-only PolyRidge,Liquid-WC-volume,oil_cum,2,70,39068.64889463312,0.02995284882547668,92174.02511980216,0.00300065693412707,73503.3021764479,34436.79361296541
train_OOF,2005-01-01,3,Input-only PolyRidge,Liquid-WC-volume,oil_cum,3,70,65819.2497232097,0.03452742493537936,112328.62514498385,0.0035867877140265563,73503.3021764479,56799.76601946508
train_OOF,2005-01-01,3,Input-only PolyRidge,Liquid-WC-volume,oil_cum,4,70,89257.3276462124,0.03599899999192681,133892.66943017606,0.004198881813992375,73503.3021764479,72240.26150005613
train_OOF,2005-01-01,3,Input-only PolyRidge,Liquid-WC-volume,oil_cum,5,70,106071.44978807273,0.03512438098023409,152298.37600114354,0.004696906128328679,73503.3021764479,74585.28958190573
train_OOF,2005-01-01,3,Input-only PolyRidge,Liquid-WC-volume,oil_cum,6,70,119092.74215444803,0.03352937734864281,168843.67968420254,0.005123579884241211,73503.3021764479,59760.73473947969
train_OOF,2005-01-01,3,Input-only PolyRidge,Liquid-WC-volume,oil_cum,7,70,137377.12203998724,0.03369128802793008,189551.0985958011,0.00566216839331886,73503.3021764479,26196.500818146287
train_OOF,2005-01-01,3,Input-only PolyRidge,Liquid-WC-volume,oil_cum,8,70,171718.07552673947,0.0374091111510086,222627.83619554402,0.006550495852119129,73503.3021764479,-23903.91498658705
train_OOF,2005-01-01,3,Input-only PolyRidge,Liquid-WC-volume,oil_cum,9,70,225167.8278534697,0.04432846291744019,272020.52519857185,0.00789090776838311,73503.3021764479,-87552.10276996222
train_OOF,2005-01-01,3,Input-only PolyRidge,Liquid-WC-volume,oil_cum,10,70,298453.96584357886,0.05365670503811989,340429.06377581286,0.009739798788806127,73503.3021764479,-165577.96710276732
train_OOF,2005-01-01,3,Input-only PolyRidge,Liquid-WC-volume,oil_cum,11,70,389551.43654914363,0.06451116512704287,427073.1946321848,0.012055510545595708,73503.3021764479,-257357.55849807008
train_OOF,2005-01-01,3,Input-only PolyRidge,Liquid-WC-volume,oil_cum,12,70,495057.90171006834,0.07612752067102892,528955.1290149487,0.014739434929001158,73503.3021764479,-360865.0329182925
train_OOF,2005-01-01,3,Input-only PolyRidge,Liquid-WC-volume,water_cum,1,70,7431.105322576872,0.012783945118409896,46272.32384054886,0.005926737771822253,40685.273755438815,-2659.7661903155167
train_OOF,2005-01-01,3,Input-only PolyRidge,Liquid-WC-volume,water_cum,2,70,18232.080034046936,0.015433786114313565,56226.30396889162,0.006689406115299102,40685.273755438815,-4531.979657099875
train_OOF,2005-01-01,3,Input-only PolyRidge,Liquid-WC-volume,water_cum,3,70,34218.73560794963,0.019015022371539212,71554.01749659536,0.007931429372668547,40685.273755438815,-5707.369970239273
train_OOF,2005-01-01,3,Input-only PolyRidge,Liquid-WC-volume,water_cum,4,70,55948.49471724013,0.023035762341038164,92647.52122202894,0.00960175405622062,40685.273755438815,-6567.678737303907
train_OOF,2005-01-01,3,Input-only PolyRidge,Liquid-WC-volume,water_cum,5,70,82661.94599953982,0.027061422869148002,118805.06430740819,0.011564473451404628,40685.273755438815,-7977.229786458452
train_OOF,2005-01-01,3,Input-only PolyRidge,Liquid-WC-volume,water_cum,6,70,115185.59389613262,0.031140275207227636,150861.67293671626,0.013820097852018607,40685.273755438815,-12305.04447269594
train_OOF,2005-01-01,3,Input-only PolyRidge,Liquid-WC-volume,water_cum,7,70,153595.8474477019,0.03521210186298221,188890.13255222508,0.016314890752775542,40685.273755438815,-20725.69672012595
train_OOF,2005-01-01,3,Input-only PolyRidge,Liquid-WC-volume,water_cum,8,70,197792.790540734,0.03927467794624207,232725.48830969096,0.018997126893106814,40685.273755438815,-33634.20665537087
train_OOF,2005-01-01,3,Input-only PolyRidge,Liquid-WC-volume,water_cum,9,70,246518.68083243756,0.04320862986806289,281109.67849450366,0.02176024244919333,40685.273755438815,-50748.55058050869
train_OOF,2005-01-01,3,Input-only PolyRidge,Liquid-WC-volume,water_cum,10,70,301963.8254743773,0.047234799192816854,336185.8098483524,0.0247107748535298,40685.273755438815,-74771.99727766916
train_OOF,2005-01-01,3,Input-only PolyRidge,Liquid-WC-volume,water_cum,11,70,364572.6301246395,0.05135919575588306,398387.75020045735,0.027841099657822627,40685.273755438815,-106429.75537004479
train_OOF,2005-01-01,3,Input-only PolyRidge,Liquid-WC-volume,water_cum,12,70,433971.2044287625,0.05553612565088743,467336.0907571237,0.03110606295626662,40685.273755438815,-145949.69815035776
train_OOF,2005-01-01,3,Input-only PolyRidge,Separate,gas_cum,1,70,6489.674392396357,0.026649602253582177,28659.350813344096,0.0026225074963233245,26247.421898404347,5853.451040103287
train_OOF,2005-01-01,3,Input-only PolyRidge,Separate,gas_cum,2,70,16846.022146392763,0.03556292414399121,34268.240865436186,0.0030712922997090065,26247.421898404347,15680.998261729228
train_OOF,2005-01-01,3,Input-only PolyRidge,Separate,gas_cum,3,70,29712.153840517687,0.04291376612313197,43718.60219409835,0.00384327702747315,26247.421898404347,27882.0589938515
train_OOF,2005-01-01,3,Input-only PolyRidge,Separate,gas_cum,4,70,42081.85934244021,0.046725734011274486,54400.81127122849,0.004696777048386505,26247.421898404347,39241.34530201778
train_OOF,2005-01-01,3,Input-only PolyRidge,Separate,gas_cum,5,70,51698.58139648355,0.047128712338318446,63549.65619089529,0.005395673342647535,26247.421898404347,47338.71365514062
train_OOF,2005-01-01,3,Input-only PolyRidge,Separate,gas_cum,6,70,57686.58598359325,0.04471134627764081,69987.64883112376,0.005846904860025098,26247.421898404347,50883.185656630645
train_OOF,2005-01-01,3,Input-only PolyRidge,Separate,gas_cum,7,70,60007.06355941244,0.04051603089645917,73465.91376611197,0.0060417119491584965,26247.421898404347,49263.93276790391
train_OOF,2005-01-01,3,Input-only PolyRidge,Separate,gas_cum,8,70,60016.58068463914,0.035996385207239204,75096.85113231598,0.006083235782883578,26247.421898404347,43015.45407677341
train_OOF,2005-01-01,3,Input-only PolyRidge,Separate,gas_cum,9,70,59570.27629222701,0.032286867776988894,76394.44116946185,0.006101047416846316,26247.421898404347,32798.487473389854
train_OOF,2005-01-01,3,Input-only PolyRidge,Separate,gas_cum,10,70,61085.234511298775,0.03023392840317682,79291.34253386273,0.006245470886606442,26247.421898404347,18628.810366741647
train_OOF,2005-01-01,3,Input-only PolyRidge,Separate,gas_cum,11,70,67152.45409787052,0.0306152024120061,85743.40129011232,0.006663446027496651,26247.421898404347,659.1653293246137
train_OOF,2005-01-01,3,Input-only PolyRidge,Separate,gas_cum,12,70,79166.80932046303,0.03351431320459669,97011.5227129309,0.007442166791463146,26247.421898404347,-20646.34254537882
train_OOF,2005-01-01,3,Input-only PolyRidge,Separate,oil_cum,1,70,17844.028318571567,0.02661104787828205,79997.36738377277,0.0026589206272447175,73503.3021764479,15997.818324842145
train_OOF,2005-01-01,3,Input-only PolyRidge,Separate,oil_cum,2,70,46335.25964760434,0.03552395761770393,95185.13443673679,0.0030986813617196697,73503.3021764479,42969.15557050503
train_OOF,2005-01-01,3,Input-only PolyRidge,Separate,oil_cum,3,70,81852.82839842049,0.04293831060305092,121005.7776954851,0.003863859601274363,73503.3021764479,76625.82259753645
train_OOF,2005-01-01,3,Input-only PolyRidge,Separate,oil_cum,4,70,116079.68228168167,0.04681691231093505,150403.23430246787,0.004716654077971026,73503.3021764479,108046.78361734402
train_OOF,2005-01-01,3,Input-only PolyRidge,Separate,oil_cum,5,70,142713.17800789917,0.04725788178878153,175657.22065668265,0.005417296611103462,73503.3021764479,130451.64948497691
train_OOF,2005-01-01,3,Input-only PolyRidge,Separate,oil_cum,6,70,159302.35409872106,0.04484999376516279,193434.24969120795,0.005869783414427046,73503.3021764479,140184.40957182794
train_OOF,2005-01-01,3,Input-only PolyRidge,Separate,oil_cum,7,70,165804.09823932726,0.04066291058540585,203078.19419516978,0.006066242512242719,73503.3021764479,135579.99174923147
train_OOF,2005-01-01,3,Input-only PolyRidge,Separate,oil_cum,8,70,166021.8368415838,0.03616817465983251,207683.6115139597,0.006110784073651896,73503.3021764479,118311.05359039093
train_OOF,2005-01-01,3,Input-only PolyRidge,Separate,oil_cum,9,70,165006.5472501225,0.032484599068353034,211370.35987305848,0.0061315373665671,73503.3021764479,90222.42872882065
train_OOF,2005-01-01,3,Input-only PolyRidge,Separate,oil_cum,10,70,169313.64822588462,0.030439577025241058,219389.61285786744,0.006276816267946158,73503.3021764479,51285.855123518355
train_OOF,2005-01-01,3,Input-only PolyRidge,Separate,oil_cum,11,70,186021.82456508616,0.030805905243371266,237107.00583297212,0.00669310564367273,73503.3021764479,1882.8891761067723
train_OOF,2005-01-01,3,Input-only PolyRidge,Separate,oil_cum,12,70,218990.97961323286,0.03367533427845134,268015.5194178763,0.007468303248668551,73503.3021764479,-56730.44273876649
train_OOF,2005-01-01,3,Input-only PolyRidge,Separate,water_cum,1,70,10698.469037532643,0.018404885288235667,45504.86791284509,0.005828439055496602,40685.273755438815,-5874.3059818421225
train_OOF,2005-01-01,3,Input-only PolyRidge,Separate,water_cum,2,70,36708.084959766275,0.031074059069349565,60778.05001200394,0.007230940515869524,40685.273755438815,-16605.427714674213
train_OOF,2005-01-01,3,Input-only PolyRidge,Separate,water_cum,3,70,77464.88664777603,0.04304649270191055,94523.16180527117,0.010477451975013163,40685.273755438815,-31575.20413955969
train_OOF,2005-01-01,3,Input-only PolyRidge,Separate,water_cum,4,70,130650.85674800666,0.05379308417341037,144351.88317569002,0.01496026295710228,40685.273755438815,-50213.36732321032
train_OOF,2005-01-01,3,Input-only PolyRidge,Separate,water_cum,5,70,193291.29323998318,0.06327866299349875,205421.81845672984,0.019995739910002988,40685.273755438815,-72031.1004070757
train_OOF,2005-01-01,3,Input-only PolyRidge,Separate,water_cum,6,70,266673.6764079503,0.07209488090459512,278049.467888928,0.02547148509707049,40685.273755438815,-99194.44285433885
train_OOF,2005-01-01,3,Input-only PolyRidge,Separate,water_cum,7,70,350394.2215899471,0.08032845436805577,361447.1919016065,0.03121905506176607,40685.273755438815,-132105.1634172229
train_OOF,2005-01-01,3,Input-only PolyRidge,Separate,water_cum,8,70,443002.73068945087,0.08796473081535719,453975.4442917108,0.03705751864225458,40685.273755438815,-170066.43714645252
train_OOF,2005-01-01,3,Input-only PolyRidge,Separate,water_cum,9,70,541278.8153269051,0.09487279385038137,552305.7066791293,0.04275308537143055,40685.273755438815,-211426.87691395194
train_OOF,2005-01-01,3,Input-only PolyRidge,Separate,water_cum,10,70,648657.5558025506,0.10146648971976518,659822.097700233,0.04849911811271563,40685.273755438815,-258910.5569389792
train_OOF,2005-01-01,3,Input-only PolyRidge,Separate,water_cum,11,70,764919.2193032114,0.10775805059255264,776271.1028345852,0.05424926124016339,40685.273755438815,-312419.98830678593
train_OOF,2005-01-01,3,Input-only PolyRidge,Separate,water_cum,12,70,888647.9921175203,0.1137219844220072,900205.6542881448,0.05991802111946642,40685.273755438815,-371143.8684942539
validation,2003-01-01,3,History-conditioned,Constant,gas_cum,1,15,18932.222928235522,0.048672024075235715,18932.222928235522,0.0021928220306177224,0.0,18021.876399739584
validation,2003-01-01,3,History-conditioned,Constant,gas_cum,2,15,65342.71149961001,0.08656972479549052,65342.71149961001,0.0072615329698883175,0.0,63514.97661132812
validation,2003-01-01,3,History-conditioned,Constant,gas_cum,3,15,134542.83707830316,0.12206311681461082,134542.83707830316,0.014397286771933809,0.0,131679.7673014323
validation,2003-01-01,3,History-conditioned,Constant,gas_cum,4,15,220691.59390416992,0.15404043392612268,220691.59390416992,0.022811259466128976,0.0,216696.42465820312
validation,2003-01-01,3,History-conditioned,Constant,gas_cum,5,15,321208.4797093182,0.18416403771759418,321208.4797093182,0.0321675780539934,0.0,316038.59153645835
validation,2003-01-01,3,History-conditioned,Constant,gas_cum,6,15,436622.7366485265,0.21396288891582932,436622.7366485265,0.04246731973463279,0.0,430239.3584147135
validation,2003-01-01,3,History-conditioned,Constant,gas_cum,7,15,568047.1804696397,0.24425651138895088,568047.1804696397,0.05376294956584588,0.0,560461.482438151
validation,2003-01-01,3,History-conditioned,Constant,gas_cum,8,15,713492.7551781557,0.2747866754071659,713492.7551781557,0.06584398942593428,0.0,704753.9397949219
validation,2003-01-01,3,History-conditioned,Constant,gas_cum,9,15,869896.1737091385,0.30550426854936347,869896.1737091385,0.07846526560955047,0.0,860136.4161946614
validation,2003-01-01,3,History-conditioned,Constant,gas_cum,10,15,1044144.6477237698,0.3384637300557667,1044144.6477237698,0.09221233065227494,0.0,1033471.6497395834
validation,2003-01-01,3,History-conditioned,Constant,gas_cum,11,15,1234386.6630234723,0.37280989856208097,1234386.6630234723,0.10688604440028054,0.0,1222894.2404296875
validation,2003-01-01,3,History-conditioned,Constant,gas_cum,12,15,1435050.635937881,0.4069060614520365,1435050.635937881,0.12199129976447255,0.0,1422817.8977864583
validation,2003-01-01,3,History-conditioned,Constant,oil_cum,1,15,53694.70205669095,0.050177800777095535,53694.70205669095,0.0022590101087724894,0.0,51122.316145833334
validation,2003-01-01,3,History-conditioned,Constant,oil_cum,2,15,183435.4281769687,0.08835521719371238,183435.4281769687,0.007404880413749135,0.0,178196.98098958333
validation,2003-01-01,3,History-conditioned,Constant,oil_cum,3,15,375372.76588570885,0.12379718089449464,375372.76588570885,0.014591300615137354,0.0,367139.8611979167
validation,2003-01-01,3,History-conditioned,Constant,oil_cum,4,15,613352.7272359016,0.1555948217919598,613352.7272359016,0.02302941930197648,0.0,601944.74140625
validation,2003-01-01,3,History-conditioned,Constant,oil_cum,5,15,890587.9071194206,0.18554752750470652,890587.9071194206,0.0323975233949326,0.0,875954.0729166666
validation,2003-01-01,3,History-conditioned,Constant,oil_cum,6,15,1208415.9113159585,0.21514189534614783,1208415.9113159585,0.04269300965845204,0.0,1190436.2044270833
validation,2003-01-01,3,History-conditioned,Constant,oil_cum,7,15,1569894.364630123,0.2451976262739231,1569894.364630123,0.05396886225518495,0.0,1548604.41796875
validation,2003-01-01,3,History-conditioned,Constant,oil_cum,8,15,1970523.1622079308,0.27563296688980915,1970523.1622079308,0.06605005701536236,0.0,1946038.0981770833
validation,2003-01-01,3,History-conditioned,Constant,oil_cum,9,15,2401715.395077829,0.30634009961277175,2401715.395077829,0.0786853294101584,0.0,2374392.94765625
validation,2003-01-01,3,History-conditioned,Constant,oil_cum,10,15,2882239.253467058,0.33932392188878635,2882239.253467058,0.09245290302237477,0.0,2852383.4791666665
validation,2003-01-01,3,History-conditioned,Constant,oil_cum,11,15,3407049.6846890366,0.37373148586548505,3407049.6846890366,0.10715528709510048,0.0,3374893.159375
validation,2003-01-01,3,History-conditioned,Constant,oil_cum,12,15,3960551.33335584,0.4078854981039619,3960551.33335584,0.12228849715769503,0.0,3926300.30625
validation,2003-01-01,3,History-conditioned,Constant,water_cum,1,15,16870.536642392053,0.0365441759359173,16870.536642392053,0.005148619538534101,0.0,-15562.500553385416
validation,2003-01-01,3,History-conditioned,Constant,water_cum,2,15,47193.09883515006,0.050406876171103704,47193.09883515006,0.012585039985659793,0.0,-41705.36759440104
validation,2003-01-01,3,History-conditioned,Constant,water_cum,3,15,89086.1982305603,0.0626710723117575,89086.1982305603,0.02104321354015035,0.0,-76000.01778971354
validation,2003-01-01,3,History-conditioned,Constant,water_cum,4,15,150736.6197898579,0.07837934406340381,150736.6197898579,0.03184683584802302,0.0,-128701.7346516927
validation,2003-01-01,3,History-conditioned,Constant,water_cum,5,15,229873.18980247033,0.09437837870308151,229873.18980247033,0.043839799579761585,0.0,-198760.23502604166
validation,2003-01-01,3,History-conditioned,Constant,water_cum,6,15,325546.366238709,0.10985297602646274,325546.366238709,0.056430284659800274,0.0,-285290.7520670573
validation,2003-01-01,3,History-conditioned,Constant,water_cum,7,15,437349.91144173534,0.12453889018522622,437349.91144173534,0.06925635288070282,0.0,-388121.8689290365
validation,2003-01-01,3,History-conditioned,Constant,water_cum,8,15,563561.9076388894,0.13831080262687404,563561.9076388894,0.08196644428528373,0.0,-505913.2524576823
validation,2003-01-01,3,History-conditioned,Constant,water_cum,9,15,700080.3582784098,0.15092326701286887,700080.3582784098,0.09412923006187807,0.0,-634783.1696777344
validation,2003-01-01,3,History-conditioned,Constant,water_cum,10,15,849931.6945254736,0.1627868255954524,849931.6945254736,0.10600462302398019,0.0,-777398.1033854167
validation,2003-01-01,3,History-conditioned,Constant,water_cum,11,15,1012259.7900337469,0.17388789357161952,1012259.7900337469,0.11748422555389801,0.0,-932944.7202473958
validation,2003-01-01,3,History-conditioned,Constant,water_cum,12,15,1184386.3721867737,0.18414265031248886,1184386.3721867737,0.1283902776827066,0.0,-1098818.8704427083
validation,2003-01-01,3,History-conditioned,Liquid-WC-time,gas_cum,1,15,8508.19559845111,0.021873348025446156,8508.19559845111,0.0009854605462765462,0.0,5958.21034005098
validation,2003-01-01,3,History-conditioned,Liquid-WC-time,gas_cum,2,15,20459.288157571,0.02710562363674074,20459.288157571,0.002273639891689131,0.0,12524.558236464796
validation,2003-01-01,3,History-conditioned,Liquid-WC-time,gas_cum,3,15,31264.088281322027,0.02836414143522419,31264.088281322027,0.0033455370380459743,0.0,12038.275942550972
validation,2003-01-01,3,History-conditioned,Liquid-WC-time,gas_cum,4,15,42445.35308257975,0.029626414360970972,42445.35308257975,0.004387262537596315,0.0,-2526.7009228950988
validation,2003-01-01,3,History-conditioned,Liquid-WC-time,gas_cum,5,15,64317.222438441866,0.036876110461851186,64317.222438441866,0.006441079248209571,0.0,-32906.34577446791
validation,2003-01-01,3,History-conditioned,Liquid-WC-time,gas_cum,6,15,103738.59198716354,0.050836126867808,103738.59198716354,0.010089946273883207,0.0,-79529.92895344595
validation,2003-01-01,3,History-conditioned,Liquid-WC-time,gas_cum,7,15,161553.27454358587,0.0694668340944027,161553.27454358587,0.015290244983353591,0.0,-142798.40898639496
validation,2003-01-01,3,History-conditioned,Liquid-WC-time,gas_cum,8,15,236214.34916435982,0.09097297095067845,236214.34916435982,0.02179881294624845,0.0,-221618.33136779914
validation,2003-01-01,3,History-conditioned,Liquid-WC-time,gas_cum,9,15,322679.4437076093,0.11332380852472886,322679.4437076093,0.029105919789601635,0.0,-311190.4639719238
validation,2003-01-01,3,History-conditioned,Liquid-WC-time,gas_cum,10,15,419191.70926917595,0.13588269579027973,419191.70926917595,0.037020392324079325,0.0,-409981.9199517559
validation,2003-01-01,3,History-conditioned,Liquid-WC-time,gas_cum,11,15,525607.4294015509,0.15874414258390462,525607.4294015509,0.04551256159761603,0.0,-517980.9385610804
validation,2003-01-01,3,History-conditioned,Liquid-WC-time,gas_cum,12,15,641841.1981833184,0.1819929328554615,641841.1981833184,0.05456186705049393,0.0,-635109.0362388843
validation,2003-01-01,3,History-conditioned,Liquid-WC-time,oil_cum,1,15,24035.535303196328,0.0224612532674319,24035.535303196328,0.001011208092045137,0.0,16932.62026205485
validation,2003-01-01,3,History-conditioned,Liquid-WC-time,oil_cum,2,15,57971.74447923467,0.02792321050227899,57971.74447923467,0.0023401904392809764,0.0,35863.52169195438
validation,2003-01-01,3,History-conditioned,Liquid-WC-time,oil_cum,3,15,88002.75107057107,0.029023129762199517,88002.75107057107,0.00342079850358875,0.0,34832.83283177068
validation,2003-01-01,3,History-conditioned,Liquid-WC-time,oil_cum,4,15,118010.33959184599,0.029936767121180177,118010.33959184599,0.004430908141024697,0.0,-5474.94777076443
validation,2003-01-01,3,History-conditioned,Liquid-WC-time,oil_cum,5,15,177206.4189043113,0.03691967140224067,177206.4189043113,0.006446358698889028,0.0,-89530.77418008869
validation,2003-01-01,3,History-conditioned,Liquid-WC-time,oil_cum,6,15,285838.6958244281,0.05088966324183022,285838.6958244281,0.01009860436900595,0.0,-218726.15454428643
validation,2003-01-01,3,History-conditioned,Liquid-WC-time,oil_cum,7,15,445892.91169660614,0.06964282819509013,445892.91169660614,0.015328632087667372,0.0,-394162.9546810381
validation,2003-01-01,3,History-conditioned,Liquid-WC-time,oil_cum,8,15,652042.943501105,0.09120650520818852,652042.943501105,0.02185585758172792,0.0,-611870.6421711022
validation,2003-01-01,3,History-conditioned,Liquid-WC-time,oil_cum,9,15,890336.6401568048,0.11356292073303617,890336.6401568048,0.02916933120395876,0.0,-858757.7798181985
validation,2003-01-01,3,History-conditioned,Liquid-WC-time,oil_cum,10,15,1156086.6603726249,0.1361052380259771,1156086.6603726249,0.03708351684140056,0.0,-1130813.5099754415
validation,2003-01-01,3,History-conditioned,Liquid-WC-time,oil_cum,11,15,1448953.8837396952,0.1589409424682418,1448953.8837396952,0.04557111981589985,0.0,-1427987.3251989144
validation,2003-01-01,3,History-conditioned,Liquid-WC-time,oil_cum,12,15,1768872.666301104,0.18217097768693036,1768872.666301104,0.054616835338932884,0.0,-1750297.221339807
validation,2003-01-01,3,History-conditioned,Liquid-WC-time,water_cum,1,15,19841.322240207533,0.04297935425037932,19841.322240207533,0.006055256066934408,0.0,18627.195330393068
validation,2003-01-01,3,History-conditioned,Liquid-WC-time,water_cum,2,15,103685.80910768581,0.11074665299365899,103685.80910768581,0.027650018451295565,0.0,100628.09170322785
validation,2003-01-01,3,History-conditioned,Liquid-WC-time,water_cum,3,15,261611.38053014138,0.1840404694827225,261611.38053014138,0.06179570185250987,0.0,256307.01057643277
validation,2003-01-01,3,History-conditioned,Liquid-WC-time,water_cum,4,15,486221.52505018323,0.2528232638894917,486221.52505018323,0.10272631239599056,0.0,478717.95452532254
validation,2003-01-01,3,History-conditioned,Liquid-WC-time,water_cum,5,15,775740.2126373684,0.3184934425211154,775740.2126373684,0.1479437226986198,0.0,766724.6120707149
validation,2003-01-01,3,History-conditioned,Liquid-WC-time,water_cum,6,15,1133559.44138706,0.38251042264116236,1133559.44138706,0.1964914635519897,0.0,1123871.6069043141
validation,2003-01-01,3,History-conditioned,Liquid-WC-time,water_cum,7,15,1564222.5673160625,0.4454249044981921,1564222.5673160625,0.2477017767052467,0.0,1554645.5037207531
validation,2003-01-01,3,History-conditioned,Liquid-WC-time,water_cum,8,15,2060972.1507394703,0.5058090486539129,2060972.1507394703,0.29975510529954574,0.0,2051995.4878905045
validation,2003-01-01,3,History-conditioned,Liquid-WC-time,water_cum,9,15,2606613.884992951,0.561933610495318,2606613.884992951,0.3504719924814866,0.0,2598367.5577967167
validation,2003-01-01,3,History-conditioned,Liquid-WC-time,water_cum,10,15,3213418.6172822793,0.6154638300772676,3213418.6172822793,0.4007818879297462,0.0,3205798.8857566924
validation,2003-01-01,3,History-conditioned,Liquid-WC-time,water_cum,11,15,3877246.067164673,0.6660406331616059,3877246.067164673,0.44999836600004867,0.0,3869935.76432652
validation,2003-01-01,3,History-conditioned,Liquid-WC-time,water_cum,12,15,4585271.861907845,0.7128958360910969,4585271.861907845,0.49705429024322884,0.0,4577778.657147097
validation,2003-01-01,3,History-conditioned,Liquid-WC-volume,gas_cum,1,15,8313.84719836019,0.021373706221941874,8313.84719836019,0.0009629501704506266,0.0,5862.903156270273
validation,2003-01-01,3,History-conditioned,Liquid-WC-volume,gas_cum,2,15,19632.30424455985,0.026009988513608445,19632.30424455985,0.0021817372018239642,0.0,12100.159006718297
validation,2003-01-01,3,History-conditioned,Liquid-WC-volume,gas_cum,3,15,29377.301897776677,0.026652366719154573,29377.301897776677,0.0031436340216447916,0.0,10989.976992698883
validation,2003-01-01,3,History-conditioned,Liquid-WC-volume,gas_cum,4,15,39857.43689622908,0.027820075817405986,39857.43689622908,0.00411976876241848,0.0,-4528.620528170591
validation,2003-01-01,3,History-conditioned,Liquid-WC-volume,gas_cum,5,15,62668.78099153335,0.035930980890308,62668.78099153335,0.0062759952848009636,0.0,-36186.78613514938
validation,2003-01-01,3,History-conditioned,Liquid-WC-volume,gas_cum,6,15,104212.98386024628,0.05106859816882658,104212.98386024628,0.01013608714027133,0.0,-84403.01658861538
validation,2003-01-01,3,History-conditioned,Liquid-WC-volume,gas_cum,7,15,164617.3887038799,0.0707843828139864,164617.3887038799,0.015580248737843992,0.0,-149551.35012032837
validation,2003-01-01,3,History-conditioned,Liquid-WC-volume,gas_cum,8,15,242092.91883160284,0.09323697798268787,242092.91883160284,0.022341311067218043,0.0,-230448.47022023945
validation,2003-01-01,3,History-conditioned,Liquid-WC-volume,gas_cum,9,15,331435.22839852504,0.11639880721815721,331435.22839852504,0.029895697917333063,0.0,-322159.79076837277
validation,2003-01-01,3,History-conditioned,Liquid-WC-volume,gas_cum,10,15,430881.1308716498,0.13967186929836864,430881.1308716498,0.03805272899533555,0.0,-423136.7977274167
validation,2003-01-01,3,History-conditioned,Liquid-WC-volume,gas_cum,11,15,540230.3685360727,0.16316056785705818,540230.3685360727,0.04677876785892378,0.0,-533290.4047281507
validation,2003-01-01,3,History-conditioned,Liquid-WC-volume,gas_cum,12,15,659287.651170039,0.18693984364268607,659287.651170039,0.05604496139074266,0.0,-652454.6375966762
validation,2003-01-01,3,History-conditioned,Liquid-WC-volume,oil_cum,1,15,23499.36154579177,0.021960197875550827,23499.36154579177,0.0009886505232042369,0.0,16670.296549349776
validation,2003-01-01,3,History-conditioned,Liquid-WC-volume,oil_cum,2,15,55701.134981713556,0.026829527579032363,55701.134981713556,0.002248530981985486,0.0,34695.399435153355
validation,2003-01-01,3,History-conditioned,Liquid-WC-volume,oil_cum,3,15,82821.47368489938,0.027314354933356846,82821.47368489938,0.003219394505282258,0.0,31947.47001094098
validation,2003-01-01,3,History-conditioned,Liquid-WC-volume,oil_cum,4,15,110847.51785492657,0.028119708319296173,110847.51785492657,0.00416196725621245,0.0,-10985.09552806119
validation,2003-01-01,3,History-conditioned,Liquid-WC-volume,oil_cum,5,15,172634.62782471708,0.035967171908023954,172634.62782471708,0.006280047538279438,0.0,-98559.9863492325
validation,2003-01-01,3,History-conditioned,Liquid-WC-volume,oil_cum,6,15,287222.93693326577,0.05113610840444569,287222.93693326577,0.010147509235679605,0.0,-232139.059131443
validation,2003-01-01,3,History-conditioned,Liquid-WC-volume,oil_cum,7,15,454490.1229894896,0.07098560376590826,454490.1229894896,0.015624181726227713,0.0,-412750.0835157705
validation,2003-01-01,3,History-conditioned,Liquid-WC-volume,oil_cum,8,15,668400.0583211523,0.09349450677755611,668400.0583211523,0.022404132469935986,0.0,-636175.1846418795
validation,2003-01-01,3,History-conditioned,Liquid-WC-volume,oil_cum,9,15,914604.1872156862,0.11665825950573636,914604.1872156862,0.029964387911434593,0.0,-888950.366218486
validation,2003-01-01,3,History-conditioned,Liquid-WC-volume,oil_cum,10,15,1188417.9314807549,0.13991157495614814,1188417.9314807549,0.03812059933507433,0.0,-1167021.7550087902
validation,2003-01-01,3,History-conditioned,Liquid-WC-volume,oil_cum,11,15,1489343.12676913,0.1633713832329325,1489343.12676913,0.046841403883614546,0.0,-1470126.0051610772
validation,2003-01-01,3,History-conditioned,Liquid-WC-volume,oil_cum,12,15,1817017.0789269102,0.18712922871612747,1817017.0789269102,0.05610337278561742,0.0,-1798040.2956237856
validation,2003-01-01,3,History-conditioned,Liquid-WC-volume,water_cum,1,15,20071.965749888906,0.04347896355000847,20071.965749888906,0.006125644798813729,0.0,18889.519043098328
validation,2003-01-01,3,History-conditioned,Liquid-WC-volume,water_cum,2,15,104611.55800176722,0.11173544396143374,104611.55800176722,0.027896889013650273,0.0,101796.2139600285
validation,2003-01-01,3,History-conditioned,Liquid-WC-volume,water_cum,3,15,263956.4188030692,0.18569017579072034,263956.4188030692,0.0623496276245956,0.0,259192.37339726236
validation,2003-01-01,3,History-conditioned,Liquid-WC-volume,water_cum,4,15,490884.0228825364,0.2552476483708895,490884.0228825364,0.10371138028006358,0.0,484228.10228261835
validation,2003-01-01,3,History-conditioned,Liquid-WC-volume,water_cum,5,15,783689.2722782833,0.32175706522443415,783689.2722782833,0.14945971150011828,0.0,775753.8242398571
validation,2003-01-01,3,History-conditioned,Liquid-WC-volume,water_cum,6,15,1145793.5183318625,0.38663871249692383,1145793.5183318625,0.19861212136341458,0.0,1137284.511491469
validation,2003-01-01,3,History-conditioned,Liquid-WC-volume,water_cum,7,15,1581713.3447049323,0.4504055434499777,1581713.3447049323,0.2504715210662508,0.0,1573232.632555485
validation,2003-01-01,3,History-conditioned,Liquid-WC-volume,water_cum,8,15,2084466.6921933794,0.511575139019131,2084466.6921933794,0.3031722348056161,0.0,2076300.0303612808
validation,2003-01-01,3,History-conditioned,Liquid-WC-volume,water_cum,9,15,2636459.774761786,0.5683677849976503,2636459.774761786,0.3544849184138192,0.0,2628560.144197003
validation,2003-01-01,3,History-conditioned,Liquid-WC-volume,water_cum,10,15,3249890.208982137,0.6224492086382448,3249890.208982137,0.40533067385469806,0.0,3242007.1307900427
validation,2003-01-01,3,History-conditioned,Liquid-WC-volume,water_cum,11,15,3920370.999208928,0.6734487152245561,3920370.999208928,0.4550035033108124,0.0,3912074.444288684
validation,2003-01-01,3,History-conditioned,Liquid-WC-volume,water_cum,12,15,4634787.875921344,0.7205943458573999,4634787.875921344,0.502421943011131,0.0,4625521.73143108
validation,2003-01-01,3,History-conditioned,Separate,gas_cum,1,15,15998.092012283225,0.0411287952044127,15998.092012283225,0.0018529767341828782,0.0,14349.842848421136
validation,2003-01-01,3,History-conditioned,Separate,gas_cum,2,15,52310.31089789123,0.06930366240501085,52310.31089789123,0.005813242801416534,0.0,48076.27551917539
validation,2003-01-01,3,History-conditioned,Separate,gas_cum,3,15,104294.30815263296,0.09462033502181008,104294.30815263296,0.011160423666999044,0.0,96322.90255342027
validation,2003-01-01,3,History-conditioned,Separate,gas_cum,4,15,166413.5795359299,0.11615494523114961,166413.5795359299,0.017200942157904554,0.0,153561.64365897092
validation,2003-01-01,3,History-conditioned,Separate,gas_cum,5,15,236631.57725392052,0.13567209295969468,236631.57725392052,0.023697583383363707,0.0,217892.45839133684
validation,2003-01-01,3,History-conditioned,Separate,gas_cum,6,15,315318.35185733705,0.1545188095549936,315318.35185733705,0.030668868436190187,0.0,289776.6335346725
validation,2003-01-01,3,History-conditioned,Separate,gas_cum,7,15,403083.2613451557,0.1733231227977385,403083.2613451557,0.0381499033805952,0.0,369977.27962545917
validation,2003-01-01,3,History-conditioned,Separate,gas_cum,8,15,498375.48763679777,0.19193880016055073,498375.48763679777,0.04599210027004184,0.0,457151.0535880908
validation,2003-01-01,3,History-conditioned,Separate,gas_cum,9,15,599364.9028740926,0.21049470244932325,599364.9028740926,0.05406314882445153,0.0,549959.4919972974
validation,2003-01-01,3,History-conditioned,Separate,gas_cum,10,15,711128.3896082101,0.23051515689904734,711128.3896082101,0.06280241568227622,0.0,653456.7284485921
validation,2003-01-01,3,History-conditioned,Separate,gas_cum,11,15,831821.1242409336,0.2512269115015233,831821.1242409336,0.07202773027451047,0.0,765723.7988383217
validation,2003-01-01,3,History-conditioned,Separate,gas_cum,12,15,956828.5145629263,0.2713070274982661,956828.5145629263,0.08133842194840406,0.0,882067.4018086061
validation,2003-01-01,3,History-conditioned,Separate,oil_cum,1,15,44670.25797162583,0.04174444068606942,44670.25797162583,0.00187933931010244,0.0,40031.27584347104
validation,2003-01-01,3,History-conditioned,Separate,oil_cum,2,15,145651.2855773643,0.07015575507756373,145651.2855773643,0.005879618580379675,0.0,133722.51557057077
validation,2003-01-01,3,History-conditioned,Separate,oil_cum,3,15,289120.8747150273,0.09535148119501184,289120.8747150273,0.011238560653499555,0.0,266833.0743723405
validation,2003-01-01,3,History-conditioned,Separate,oil_cum,4,15,459819.31039332156,0.1166465892791793,459819.31039332156,0.017264734029821465,0.0,424170.73011007754
validation,2003-01-01,3,History-conditioned,Separate,oil_cum,5,15,652484.93656261,0.13594050148833142,652484.93656261,0.02373588932450406,0.0,600812.8792963909
validation,2003-01-01,3,History-conditioned,Separate,oil_cum,6,15,868104.7244752421,0.1545541514586333,868104.7244752421,0.030669906808996773,0.0,797819.3035744647
validation,2003-01-01,3,History-conditioned,Separate,oil_cum,7,15,1108290.5841522494,0.17310095926097374,1108290.5841522494,0.038100131590015344,0.0,1017292.2915891896
validation,2003-01-01,3,History-conditioned,Separate,oil_cum,8,15,1369722.3151877094,0.19159410698189414,1369722.3151877094,0.045911785635644235,0.0,1256494.8742077877
validation,2003-01-01,3,History-conditioned,Separate,oil_cum,9,15,1647237.5579014805,0.21010604279242093,1647237.5579014805,0.05396702295613285,0.0,1511623.9995585936
validation,2003-01-01,3,History-conditioned,Separate,oil_cum,10,15,1954592.2624154354,0.2301127192610632,1954592.2624154354,0.06269699112174823,0.0,1796383.0118232034
validation,2003-01-01,3,History-conditioned,Separate,oil_cum,11,15,2286830.1391460346,0.2508505906637598,2286830.1391460346,0.07192320710764376,0.0,2105507.943011171
validation,2003-01-01,3,History-conditioned,Separate,oil_cum,12,15,2630996.2645842126,0.27095854378948325,2630996.2645842126,0.08123631084233333,0.0,2425846.0998562365
validation,2003-01-01,3,History-conditioned,Separate,water_cum,1,15,7540.135481247656,0.016333092624627805,7540.135481247656,0.0023011294592962923,0.0,511.6721124644391
validation,2003-01-01,3,History-conditioned,Separate,water_cum,2,15,39013.242870274174,0.041669984615004825,39013.242870274174,0.010403708033831557,0.0,22900.2434780083
validation,2003-01-01,3,History-conditioned,Separate,water_cum,3,15,100951.66217180382,0.07101828392751967,100951.66217180382,0.023845976442012383,0.0,70044.95177392072
validation,2003-01-01,3,History-conditioned,Separate,water_cum,4,15,183573.74223647386,0.09545384209768043,183573.74223647386,0.03878448941712058,0.0,130718.63346758988
validation,2003-01-01,3,History-conditioned,Separate,water_cum,5,15,283796.4859750778,0.11651751233354059,283796.4859750778,0.05412367173953196,0.0,203626.38637943112
validation,2003-01-01,3,History-conditioned,Separate,water_cum,6,15,401931.1660168782,0.13562840603898682,401931.1660168782,0.06967084404605771,0.0,290139.37258588447
validation,2003-01-01,3,History-conditioned,Separate,water_cum,7,15,538960.469870218,0.15347331053544083,538960.469870218,0.08534684817251625,0.0,392252.209520284
validation,2003-01-01,3,History-conditioned,Separate,water_cum,8,15,692757.3872872025,0.17001828718839637,692757.3872872025,0.10075709344195007,0.0,508997.33495849353
validation,2003-01-01,3,History-conditioned,Separate,water_cum,9,15,859148.8894404278,0.18521524809479328,859148.8894404278,0.11551677248940052,0.0,637660.463141298
validation,2003-01-01,3,History-conditioned,Separate,water_cum,10,15,1043826.835263306,0.1999234268804739,1043826.835263306,0.1301874855204434,0.0,783161.0461252037
validation,2003-01-01,3,History-conditioned,Separate,water_cum,11,15,1247511.4687399992,0.21429987009402376,1247511.4687399992,0.14478785013246304,0.0,946699.5629773742
validation,2003-01-01,3,History-conditioned,Separate,water_cum,12,15,1468481.9842799571,0.22831245856213817,1468481.9842799571,0.15918691244787794,0.0,1127337.5364503379
validation,2003-01-01,3,Input-only PolyRidge,Constant,gas_cum,1,15,18257.333676544727,0.04693698080900508,32816.94161069396,0.0038010175991590213,31552.648261007933,17455.186404854183
validation,2003-01-01,3,Input-only PolyRidge,Constant,gas_cum,2,15,63774.35771706547,0.08449188088266701,63986.388568967326,0.0071108048557246405,31552.648261007933,62375.30006605803
validation,2003-01-01,3,Input-only PolyRidge,Constant,gas_cum,3,15,132025.5140217868,0.11977929178921139,127924.90808769458,0.013689109186391789,31552.648261007933,129960.8076502795
validation,2003-01-01,3,Input-only PolyRidge,Constant,gas_cum,4,15,217217.8422920633,0.15161579148182175,211549.5488676885,0.02186631381736644,31552.648261007933,214398.1819011666
validation,2003-01-01,3,Input-only PolyRidge,Constant,gas_cum,5,15,316791.76764151535,0.1816317274604718,310251.08885496075,0.031070244864363314,31552.648261007933,313167.3622290364
validation,2003-01-01,3,Input-only PolyRidge,Constant,gas_cum,6,15,431279.413846228,0.21134444354588533,424163.47947963525,0.04125549265043482,31552.648261007933,426795.1425569017
validation,2003-01-01,3,Input-only PolyRidge,Constant,gas_cum,7,15,561810.5066859536,0.24157478312156533,554305.4367731526,0.052462359229863205,31552.648261007933,556437.9834744516
validation,2003-01-01,3,Input-only PolyRidge,Constant,gas_cum,8,15,706393.9707930709,0.27205272843089606,698624.1700381011,0.06447185641458239,31552.648261007933,700151.1577253357
validation,2003-01-01,3,Input-only PolyRidge,Constant,gas_cum,9,15,861988.984643984,0.302727293452058,854038.2350022896,0.07703486803997923,31552.648261007933,854966.944130186
validation,2003-01-01,3,Input-only PolyRidge,Constant,gas_cum,10,15,1035456.506984301,0.3356474339340171,1027374.9740549397,0.09073133786391752,31552.648261007933,1027729.1911247246
validation,2003-01-01,3,Input-only PolyRidge,Constant,gas_cum,11,15,1224937.615385851,0.369956093837181,1216757.065496326,0.10535949036296606,31552.648261007933,1216572.4987089527
validation,2003-01-01,3,Input-only PolyRidge,Constant,gas_cum,12,15,1424857.8119480254,0.4040159042959614,1416604.8153564578,0.12042325082487579,31552.648261007933,1415916.8729598483
validation,2003-01-01,3,Input-only PolyRidge,Constant,oil_cum,1,15,51330.06505835339,0.04796804302320284,94337.0610931158,0.0039688901600801576,89464.00728259666,49006.236956375586
validation,2003-01-01,3,Input-only PolyRidge,Constant,oil_cum,2,15,177919.70292206772,0.08569846158373579,180628.80660108468,0.007291583340535888,89464.00728259666,173941.31061967238
validation,2003-01-01,3,Input-only PolyRidge,Constant,oil_cum,3,15,366578.66890641314,0.12089690545234634,356544.80655926006,0.013859429687171737,89464.00728259666,360721.0876565581
validation,2003-01-01,3,Input-only PolyRidge,Constant,oil_cum,4,15,601280.3243273936,0.15253230442513377,586463.9333435165,0.02201983169997337,89464.00728259666,593362.8646934477
validation,2003-01-01,3,Input-only PolyRidge,Constant,oil_cum,5,15,875271.1377473866,0.1823563897589302,857770.7689130129,0.031203711987549246,89464.00728259666,865232.6050234163
validation,2003-01-01,3,Input-only PolyRidge,Constant,oil_cum,6,15,1189864.9079973444,0.21183914339033072,1170580.7541015253,0.041356303713703434,89464.00728259666,1177575.145353388
validation,2003-01-01,3,Input-only PolyRidge,Constant,oil_cum,7,15,1548201.767396392,0.24180951719520793,1527701.2298957526,0.052518372637604734,89464.00728259666,1533580.2557236122
validation,2003-01-01,3,Input-only PolyRidge,Constant,oil_cum,8,15,1945797.9621963769,0.2721744537564276,1924473.0929052124,0.0645065026124809,89464.00728259666,1928850.8327605003
validation,2003-01-01,3,Input-only PolyRidge,Constant,oil_cum,9,15,2374135.1987855714,0.30282223063594566,2352244.497052127,0.07706455705913529,89464.00728259666,2355089.603050209
validation,2003-01-01,3,Input-only PolyRidge,Constant,oil_cum,10,15,2851887.264286792,0.3357506043741543,2829583.326340037,0.09076387137159432,89464.00728259666,2830940.5433801753
validation,2003-01-01,3,Input-only PolyRidge,Constant,oil_cum,11,15,3373972.2634739606,0.37010310503063465,3351356.595029328,0.10540368099480849,89464.00728259666,3351287.1204170636
validation,2003-01-01,3,Input-only PolyRidge,Constant,oil_cum,12,15,3924797.4853727254,0.4042033147748623,3901952.161419229,0.12047915192576703,89464.00728259666,3900531.1641206187
validation,2003-01-01,3,Input-only PolyRidge,Constant,water_cum,1,15,21670.03852292805,0.04694063485390727,34774.48169210162,0.010612618891592344,23160.164796425765,-17933.352408423925
validation,2003-01-01,3,Input-only PolyRidge,Constant,water_cum,2,15,53577.070867820665,0.05722558686553555,58942.62184407023,0.015718299308091824,23160.164796425765,-46473.414102867864
validation,2003-01-01,3,Input-only PolyRidge,Constant,water_cum,3,15,95791.14066828447,0.06738791892444229,96680.04912081873,0.022836970924006824,23160.164796425765,-83191.60174999532
validation,2003-01-01,3,Input-only PolyRidge,Constant,water_cum,4,15,157389.82954777539,0.08183884990524103,156381.64994473287,0.03303948796500739,23160.164796425765,-138316.85606378963
validation,2003-01-01,3,Input-only PolyRidge,Constant,water_cum,5,15,237349.16936409584,0.09744777027001407,235629.18947087138,0.04493754339260341,23160.164796425765,-210772.5510915661
validation,2003-01-01,3,Input-only PolyRidge,Constant,water_cum,6,15,334565.54129627824,0.11289642336339639,332633.5133213958,0.05765877242307218,23160.164796425765,-299700.2627860116
validation,2003-01-01,3,Input-only PolyRidge,Constant,water_cum,7,15,448376.9152044346,0.1276789178261323,446491.9128672193,0.07070403049580062,23160.164796425765,-404954.917099811
validation,2003-01-01,3,Input-only PolyRidge,Constant,water_cum,8,15,576804.0225387904,0.14156071628401953,575109.0528708489,0.08364590207595464,23160.164796425765,-525169.838080276
validation,2003-01-01,3,Input-only PolyRidge,Constant,water_cum,9,15,715592.5307503742,0.15426737989969966,714144.7855516137,0.09602026113400176,23160.164796425765,-656410.6071553688
validation,2003-01-01,3,Input-only PolyRidge,Constant,water_cum,10,15,867882.6245706715,0.16622495472672955,866696.7577549797,0.10809558423776242,23160.164796425765,-801422.7355164811
validation,2003-01-01,3,Input-only PolyRidge,Constant,water_cum,11,15,1032805.9356977103,0.17741734917748048,1031878.3351119524,0.11976118014371766,23160.164796425765,-959392.8898302794
validation,2003-01-01,3,Input-only PolyRidge,Constant,water_cum,12,15,1207582.1932730472,0.18774902410342872,1206901.077171558,0.13083092483368958,23160.164796425765,-1127690.577477414
validation,2003-01-01,3,Input-only PolyRidge,Liquid-WC-time,gas_cum,1,15,7881.39191318341,0.0202619258392909,31190.103587255984,0.0036125893162487765,31552.648261007933,5381.954035531419
validation,2003-01-01,3,Input-only PolyRidge,Liquid-WC-time,gas_cum,2,15,18102.697666878194,0.02398347909218562,32497.8127144616,0.0036114806542230362,31552.648261007933,11599.297955353682
validation,2003-01-01,3,Input-only PolyRidge,Liquid-WC-time,gas_cum,3,15,25917.12717991019,0.0235131456356859,35730.56917566664,0.003823490437079901,31552.648261007933,11024.806638133277
validation,2003-01-01,3,Input-only PolyRidge,Liquid-WC-time,gas_cum,4,15,33209.08607816971,0.02317959619246995,42400.93897711684,0.004382671779671434,31552.648261007933,-3347.742126570394
validation,2003-01-01,3,Input-only PolyRidge,Liquid-WC-time,gas_cum,5,15,53264.32194021555,0.03053895900779785,61811.24331663265,0.006190116760932068,31552.648261007933,-33262.666897441326
validation,2003-01-01,3,Input-only PolyRidge,Liquid-WC-time,gas_cum,6,15,92756.43100999117,0.045454421583169986,100547.8606141318,0.009779605565458444,31552.648261007933,-79168.95816658747
validation,2003-01-01,3,Input-only PolyRidge,Liquid-WC-time,gas_cum,7,15,150830.31573152388,0.06485603308833793,158356.6537954495,0.014987700113892034,31552.648261007933,-141494.77763598747
validation,2003-01-01,3,Input-only PolyRidge,Liquid-WC-time,gas_cum,8,15,225398.5761196219,0.08680750424432084,232974.63320510194,0.02149983888965674,31552.648261007933,-219207.8132639993
validation,2003-01-01,3,Input-only PolyRidge,Liquid-WC-time,gas_cum,9,15,311433.22912537475,0.1093741802084609,319187.9826644601,0.02879098747193437,31552.648261007933,-307598.4454545268
validation,2003-01-01,3,Input-only PolyRidge,Liquid-WC-time,gas_cum,10,15,407272.0649216912,0.13201889464397043,415251.7381938438,0.03667243869873541,31552.648261007933,-405156.5818216104
validation,2003-01-01,3,Input-only PolyRidge,Liquid-WC-time,gas_cum,11,15,512932.17347898637,0.15491595728646687,521141.12112725293,0.04512582214326819,31552.648261007933,-511924.38048773346
validation,2003-01-01,3,Input-only PolyRidge,Liquid-WC-time,gas_cum,12,15,628418.966703932,0.17818708293602278,636851.2050382496,0.05413767592138795,31552.648261007933,-627881.5070552545
validation,2003-01-01,3,Input-only PolyRidge,Liquid-WC-time,oil_cum,1,15,22286.81446807026,0.020827070334689883,88821.841060002,0.00373685725311376,89464.00728259666,15350.615917774787
validation,2003-01-01,3,Input-only PolyRidge,Liquid-WC-time,oil_cum,2,15,51145.846636653165,0.02463538495834132,93133.75631491201,0.0037596026833477594,89464.00728259666,33324.98631119132
validation,2003-01-01,3,Input-only PolyRidge,Liquid-WC-time,oil_cum,3,15,72794.32012368712,0.024007419918118625,102205.2497649748,0.003972870861441258,89464.00728259666,32055.508806499343
validation,2003-01-01,3,Input-only PolyRidge,Liquid-WC-time,oil_cum,4,15,91921.37523560764,0.023318539827989312,119627.00994414717,0.0044916089054673715,89464.00728259666,-7718.804743245989
validation,2003-01-01,3,Input-only PolyRidge,Liquid-WC-time,oil_cum,5,15,146088.40351441613,0.030436458717348215,171543.74688337758,0.006240363818642547,89464.00728259666,-90491.96909922262
validation,2003-01-01,3,Input-only PolyRidge,Liquid-WC-time,oil_cum,6,15,254963.2276387228,0.04539270918572336,277658.7678465439,0.009809609710052025,89464.00728259666,-217709.7737508908
validation,2003-01-01,3,Input-only PolyRidge,Liquid-WC-time,oil_cum,7,15,415887.00982928474,0.0649562861717299,437432.17330164294,0.0150377740303977,89464.00728259666,-390548.963768821
validation,2003-01-01,3,Input-only PolyRidge,Liquid-WC-time,oil_cum,8,15,621942.3167330549,0.08699608778177059,643429.3700267122,0.021567138814041785,89464.00728259666,-605207.3574109257
validation,2003-01-01,3,Input-only PolyRidge,Liquid-WC-time,oil_cum,9,15,859182.774717475,0.10958922832070189,881067.8014016728,0.02886566423651045,89464.00728259666,-848840.2240799777
validation,2003-01-01,3,Input-only PolyRidge,Liquid-WC-time,oil_cum,10,15,1123191.3762250775,0.13223250025267644,1145646.4830209916,0.03674862975558148,89464.00728259666,-1117499.3584492416
validation,2003-01-01,3,Input-only PolyRidge,Liquid-WC-time,oil_cum,11,15,1414011.360335254,0.1551079718924038,1437078.244613827,0.0451976185060455,89464.00728259666,-1411282.6532795331
validation,2003-01-01,3,Input-only PolyRidge,Liquid-WC-time,oil_cum,12,15,1731876.3524566803,0.17836083646407766,1755550.579472898,0.05420549412906016,89464.00728259666,-1730368.1515144408
validation,2003-01-01,3,Input-only PolyRidge,Liquid-WC-time,water_cum,1,15,19719.982393147686,0.04271651348763499,25442.120564820994,0.007764530661853591,23160.164796425765,16044.943781001431
validation,2003-01-01,3,Input-only PolyRidge,Liquid-WC-time,water_cum,2,15,98475.04227510336,0.10518104096627404,91454.82864857746,0.02438836829606026,23160.164796425765,94791.81771868569
validation,2003-01-01,3,Input-only PolyRidge,Liquid-WC-time,water_cum,3,15,251219.49336771545,0.17672990146267417,242746.39386019512,0.05733956890697366,23160.164796425765,246452.67325637068
validation,2003-01-01,3,Input-only PolyRidge,Liquid-WC-time,water_cum,4,15,469952.3394890313,0.24436368655183743,461385.21097396285,0.09747902730655437,23160.164796425765,464073.2693256455
validation,2003-01-01,3,Input-only PolyRidge,Liquid-WC-time,water_cum,5,15,753315.2620173768,0.30928649462157953,744947.7257764754,0.1420711959646236,23160.164796425765,746586.626056464
validation,2003-01-01,3,Input-only PolyRidge,Liquid-WC-time,water_cum,6,15,1104592.7522776534,0.37273584877303206,1096519.8959796596,0.19007101992929362,23160.164796425765,1097545.3781932099
validation,2003-01-01,3,Input-only PolyRidge,Liquid-WC-time,water_cum,7,15,1528184.3318367929,0.43516272830150154,1520446.1851715534,0.24076958696352196,23160.164796425765,1521464.6981507305
validation,2003-01-01,3,Input-only PolyRidge,Liquid-WC-time,water_cum,8,15,2017397.4790335826,0.49511484144055795,2009996.0624186595,0.2923409620677311,23160.164796425765,2011508.392885635
validation,2003-01-01,3,Input-only PolyRidge,Liquid-WC-time,water_cum,9,15,2555315.845913839,0.5508747833797963,2548226.207141211,0.3426214834702059,23160.164796425765,2550461.711696291
validation,2003-01-01,3,Input-only PolyRidge,Liquid-WC-time,water_cum,10,15,3154151.4567654384,0.6041124320946577,3147349.138742214,0.39254161378637425,23160.164796425765,3150285.6636814573
validation,2003-01-01,3,Input-only PolyRidge,Liquid-WC-time,water_cum,11,15,3809920.818980474,0.6544753752049043,3803377.9128104714,0.4414251291760216,23160.164796425765,3806774.9406715194
validation,2003-01-01,3,Input-only PolyRidge,Liquid-WC-time,water_cum,12,15,4509985.653322856,0.7011907014269566,4503672.083564563,0.4882086817100962,23160.164796425765,4507136.325552751
validation,2003-01-01,3,Input-only PolyRidge,Liquid-WC-volume,gas_cum,1,15,7740.721681179963,0.019900282890932756,31174.238063307344,0.003610751694191729,31552.648261007933,5301.7748160417505
validation,2003-01-01,3,Input-only PolyRidge,Liquid-WC-volume,gas_cum,2,15,17438.906308712852,0.02310405070791446,32215.60858302669,0.0035801193201488364,31552.648261007933,11244.580815810275
validation,2003-01-01,3,Input-only PolyRidge,Liquid-WC-volume,gas_cum,3,15,24272.144193654734,0.022020745484405548,34745.155878672056,0.0037180424018385234,31552.648261007933,10153.597443371762
validation,2003-01-01,3,Input-only PolyRidge,Liquid-WC-volume,gas_cum,4,15,30842.954667051567,0.02152806111201222,40882.155311516726,0.004225686333800909,31552.648261007933,-5003.579303218673
validation,2003-01-01,3,Input-only PolyRidge,Liquid-WC-volume,gas_cum,5,15,51991.895102258655,0.029809416424144898,61057.25303002908,0.0061146080401840285,31552.648261007933,-35965.76896355041
validation,2003-01-01,3,Input-only PolyRidge,Liquid-WC-volume,gas_cum,6,15,93461.99619389925,0.04580017720328769,101504.28997291207,0.009872630934899082,31552.648261007933,-83172.92330691988
validation,2003-01-01,3,Input-only PolyRidge,Liquid-WC-volume,gas_cum,7,15,153692.4633477215,0.06608673753657521,161353.93740935568,0.015271378676710967,31552.648261007933,-147032.18304165354
validation,2003-01-01,3,Input-only PolyRidge,Liquid-WC-volume,gas_cum,8,15,230523.95483471252,0.08878143567824372,238177.9253908567,0.021980019680803438,31552.648261007933,-226439.8944830384
validation,2003-01-01,3,Input-only PolyRidge,Liquid-WC-volume,gas_cum,9,15,318850.8158778405,0.11197920881268052,326650.56468387094,0.02946411778102562,31552.648261007933,-316578.3194855448
validation,2003-01-01,3,Input-only PolyRidge,Liquid-WC-volume,gas_cum,10,15,417025.9738163069,0.13518066384356617,425028.995361446,0.037535904955806894,31552.648261007933,-415926.72021082154
validation,2003-01-01,3,Input-only PolyRidge,Liquid-WC-volume,gas_cum,11,15,525024.1155665731,0.15856796993220465,533240.924849303,0.04617354908054889,31552.648261007933,-524465.6740258578
validation,2003-01-01,3,Input-only PolyRidge,Liquid-WC-volume,gas_cum,12,15,642763.6633272951,0.18225449621020476,651192.3439777761,0.05535679261004217,31552.648261007933,-642103.8318259155
validation,2003-01-01,3,Input-only PolyRidge,Liquid-WC-volume,oil_cum,1,15,21895.25308233214,0.02046115547804673,88773.20200843646,0.00373481094118802,89464.00728259666,15129.922303320467
validation,2003-01-01,3,Input-only PolyRidge,Liquid-WC-volume,oil_cum,2,15,49300.867667874016,0.023746715200681168,92341.3868111276,0.0037276164881109007,89464.00728259666,32348.62440925315
validation,2003-01-01,3,Input-only PolyRidge,Liquid-WC-volume,oil_cum,3,15,68230.85940739329,0.022502399780424464,99484.01256659337,0.0038670923031247305,89464.00728259666,29657.49466053024
validation,2003-01-01,3,Input-only PolyRidge,Liquid-WC-volume,oil_cum,4,15,85293.60879184508,0.021637213418398995,115402.70151468932,0.0043329997304152445,89464.00728259666,-12276.52307671532
validation,2003-01-01,3,Input-only PolyRidge,Liquid-WC-volume,oil_cum,5,15,142508.51348072416,0.029690614607878158,169394.13152292717,0.006162165795321577,89464.00728259666,-97932.30908860688
validation,2003-01-01,3,Input-only PolyRidge,Liquid-WC-volume,oil_cum,6,15,256956.73815030107,0.04574762641731323,280296.3964329217,0.0099027964197429,89464.00728259666,-228730.7746676497
validation,2003-01-01,3,Input-only PolyRidge,Liquid-WC-volume,oil_cum,7,15,423894.63532409305,0.06620697590452612,445763.7871851372,0.015324193124683467,89464.00728259666,-405790.8046465861
validation,2003-01-01,3,Input-only PolyRidge,Liquid-WC-volume,oil_cum,8,15,636188.9818736592,0.08898888373378082,657850.0194853093,0.022050505230233337,89464.00728259666,-625113.8473464114
validation,2003-01-01,3,Input-only PolyRidge,Liquid-WC-volume,oil_cum,9,15,879729.8325132234,0.11221001667256028,901704.2389816293,0.029541758036866185,89464.00728259666,-873557.5719099834
validation,2003-01-01,3,Input-only PolyRidge,Liquid-WC-volume,oil_cum,10,15,1150158.7616616478,0.13540735084095296,1172647.8182033908,0.03761474516223626,89464.00728259666,-1147144.4703398559
validation,2003-01-01,3,Input-only PolyRidge,Liquid-WC-volume,oil_cum,11,15,1447400.5603778246,0.15877055286380773,1470461.7402130219,0.04624756446698802,89464.00728259666,-1445802.931544094
validation,2003-01-01,3,Input-only PolyRidge,Liquid-WC-volume,oil_cum,12,15,1771453.280726358,0.18243674755371483,1795092.7369509407,0.05542642288502341,89464.00728259666,-1769515.5272955298
validation,2003-01-01,3,Input-only PolyRidge,Liquid-WC-volume,water_cum,1,15,19874.13193193643,0.043050425086616446,25797.063655104033,0.007872853649345696,23160.164796425765,16265.637395456184
validation,2003-01-01,3,Input-only PolyRidge,Liquid-WC-volume,water_cum,2,15,99199.39247416134,0.1059547182981223,92507.7160654069,0.024669143040000733,23160.164796425765,95768.17962062279
validation,2003-01-01,3,Input-only PolyRidge,Liquid-WC-volume,water_cum,3,15,253097.86796555892,0.17805131547054723,244930.0495033681,0.05785537419342802,23160.164796425765,248850.6874023394
validation,2003-01-01,3,Input-only PolyRidge,Liquid-WC-volume,water_cum,4,15,473706.1421920596,0.2463155718602447,465437.05181848095,0.09833507881173988,23160.164796425765,468630.98765911476
validation,2003-01-01,3,Input-only PolyRidge,Liquid-WC-volume,water_cum,5,15,759730.9491983714,0.31192056497545034,751656.6433237806,0.14335067357975453,23160.164796425765,754026.9660458466
validation,2003-01-01,3,Input-only PolyRidge,Liquid-WC-volume,water_cum,6,15,1114477.9216515555,0.3760715188552855,1106692.2812912217,0.1918343036219757,23160.164796425765,1108566.379109968
validation,2003-01-01,3,Input-only PolyRidge,Liquid-WC-volume,water_cum,7,15,1542319.5938216764,0.43918785736639987,1534860.601731774,0.2430521755584829,23160.164796425765,1536706.5390284918
validation,2003-01-01,3,Input-only PolyRidge,Liquid-WC-volume,water_cum,8,15,2036384.2090640974,0.49977461321395994,2029252.2036704454,0.2951416436036368,23160.164796425765,2031414.8828211178
validation,2003-01-01,3,Input-only PolyRidge,Liquid-WC-volume,water_cum,9,15,2579434.802013728,0.5560743459849903,2572603.7848464767,0.3458991680860307,23160.164796425765,2575179.0595262945
validation,2003-01-01,3,Input-only PolyRidge,Liquid-WC-volume,water_cum,10,15,3183632.2079995815,0.6097588598493665,3177076.729707446,0.39624927887755534,23160.164796425765,3179930.775572069
validation,2003-01-01,3,Input-only PolyRidge,Liquid-WC-volume,water_cum,11,15,3844797.3154344815,0.66046652546421,3838488.8722620835,0.4455001541056293,23160.164796425765,3841295.218936078
validation,2003-01-01,3,Input-only PolyRidge,Liquid-WC-volume,water_cum,12,15,4550059.91146518,0.7074212527714554,4543968.321828656,0.4925768890297592,23160.164796425765,4546283.7013338385
validation,2003-01-01,3,Input-only PolyRidge,Separate,gas_cum,1,15,14902.20723958056,0.038311432962120556,31803.32227194329,0.003683615283271555,31552.648261007933,13603.331568327174
validation,2003-01-01,3,Input-only PolyRidge,Separate,gas_cum,2,15,49667.02889805528,0.06580169271273634,51346.26842420327,0.005706108799071076,31552.648261007933,46619.53305732471
validation,2003-01-01,3,Input-only PolyRidge,Separate,gas_cum,3,15,99894.26729673818,0.09062842647695335,95944.17074103699,0.010266884289426431,31552.648261007933,94188.10604449685
validation,2003-01-01,3,Input-only PolyRidge,Separate,gas_cum,4,15,160112.22574765477,0.11175666591884646,153949.18154448553,0.01591258943163172,31552.648261007933,150783.6812664433
validation,2003-01-01,3,Input-only PolyRidge,Separate,gas_cum,5,15,228350.99404767496,0.13092444233945347,220884.459960452,0.022120580730378193,31552.648261007933,214507.73600947583
validation,2003-01-01,3,Input-only PolyRidge,Separate,gas_cum,6,15,305013.43546193687,0.14946898164424327,296643.2178387998,0.028852465347473447,31552.648261007933,285809.8449289384
validation,2003-01-01,3,Input-only PolyRidge,Separate,gas_cum,7,15,390742.15204812586,0.16801652784013293,381726.0734235003,0.03612854766124995,31552.648261007933,365442.786513542
validation,2003-01-01,3,Input-only PolyRidge,Separate,gas_cum,8,15,483993.8351862204,0.18640001026384223,474509.59175447025,0.04378965913141522,31552.648261007933,452065.6236101426
validation,2003-01-01,3,Input-only PolyRidge,Separate,gas_cum,9,15,583011.4039499377,0.20475141505705424,573185.5695828877,0.051701753979574126,31552.648261007933,544347.6265809112
validation,2003-01-01,3,Input-only PolyRidge,Separate,gas_cum,10,15,692845.4015379082,0.22458865202989003,682760.2142527935,0.0602971157014948,31552.648261007933,647321.7094086836
validation,2003-01-01,3,Input-only PolyRidge,Separate,gas_cum,11,15,811623.5929517177,0.2451268459250745,801330.0241166595,0.06938749348378408,31552.648261007933,759065.908333274
validation,2003-01-01,3,Input-only PolyRidge,Separate,gas_cum,12,15,934702.3473631463,0.26503319204966,924238.5942172746,0.07856800629712053,31552.648261007933,874889.5877884
validation,2003-01-01,3,Input-only PolyRidge,Separate,oil_cum,1,15,41668.862251997816,0.038939630701022576,90518.9444809904,0.0038082567327048272,89464.00728259666,37980.72088473986
validation,2003-01-01,3,Input-only PolyRidge,Separate,oil_cum,2,15,138290.89709610047,0.06661048179336063,144487.6931351124,0.0058326469404361364,89464.00728259666,129721.42807685088
validation,2003-01-01,3,Input-only PolyRidge,Separate,oil_cum,3,15,276920.64745577937,0.09132787085822221,266851.31042941555,0.010372909395362133,89464.00728259666,260970.17907648932
validation,2003-01-01,3,Input-only PolyRidge,Separate,oil_cum,4,15,442410.2969773311,0.11223028489223712,425813.69505473017,0.015987932705755704,89464.00728259666,416542.1585231786
validation,2003-01-01,3,Input-only PolyRidge,Separate,oil_cum,5,15,629656.9998320801,0.13118446653150856,609199.9468765527,0.022161281748100694,89464.00728259666,591518.8810980399
validation,2003-01-01,3,Input-only PolyRidge,Separate,oil_cum,6,15,839675.6126277548,0.14949273762867518,816530.3993049056,0.028847799749658648,89464.00728259666,786927.9337997355
validation,2003-01-01,3,Input-only PolyRidge,Separate,oil_cum,7,15,1074234.9671062853,0.1677819029925403,1049164.0351960454,0.03606751548020872,89464.00728259666,1004843.2133988808
validation,2003-01-01,3,Input-only PolyRidge,Separate,oil_cum,8,15,1330071.4368181243,0.18604781884156602,1303621.910234103,0.04369616310470565,89464.00728259666,1242534.3146936232
validation,2003-01-01,3,Input-only PolyRidge,Separate,oil_cum,9,15,1602199.530799444,0.2043614180391814,1574750.6787178307,0.051592197871458315,89464.00728259666,1496219.356652622
validation,2003-01-01,3,Input-only PolyRidge,Separate,oil_cum,10,15,1904293.9128716795,0.2241911313112808,1876088.0222586524,0.060178829281668615,89464.00728259666,1779543.4340721718
validation,2003-01-01,3,Input-only PolyRidge,Separate,oil_cum,11,15,2231293.050454898,0.24475852844040655,2202486.7563024173,0.06927051922821688,89464.00728259666,2087234.3189234813
validation,2003-01-01,3,Input-only PolyRidge,Separate,oil_cum,12,15,2570168.1799511975,0.2646940387973905,2540874.112087381,0.07845364205159304,89464.00728259666,2406146.5950999423
validation,2003-01-01,3,Input-only PolyRidge,Separate,water_cum,1,15,12999.38417022402,0.028158664554957982,23954.473749706765,0.007310524507746502,23160.164796425765,-2259.9633311235657
validation,2003-01-01,3,Input-only PolyRidge,Separate,water_cum,2,15,38790.07802918674,0.041431622591995225,27629.923586663215,0.007368104695847858,23160.164796425765,16495.95807059401
validation,2003-01-01,3,Input-only PolyRidge,Separate,water_cum,3,15,94320.39100475724,0.0663532641704381,77645.62796709665,0.01834081554969964,23160.164796425765,59096.96180429229
validation,2003-01-01,3,Input-only PolyRidge,Separate,water_cum,4,15,170769.14408992257,0.08879576521416462,153139.06927183244,0.03235441266905213,23160.164796425765,114329.5280348423
validation,2003-01-01,3,Input-only PolyRidge,Separate,water_cum,5,15,265197.0740349201,0.10888120491878196,247293.4040877185,0.04716206044697287,23160.164796425765,180952.54205888778
validation,2003-01-01,3,Input-only PolyRidge,Separate,water_cum,6,15,377496.8681021212,0.12738325075107598,359532.9795180938,0.06232153230030362,23160.164796425765,260264.38282747476
validation,2003-01-01,3,Input-only PolyRidge,Separate,water_cum,7,15,508197.92032461014,0.14471342816334065,490286.3017985609,0.07763907169433487,23160.164796425765,354147.64966693165
validation,2003-01-01,3,Input-only PolyRidge,Separate,water_cum,8,15,654950.3285710068,0.16073958228460605,637145.3473230965,0.0926686809472048,23160.164796425765,461691.96829077543
validation,2003-01-01,3,Input-only PolyRidge,Separate,water_cum,9,15,813621.4258567858,0.175400441177842,795945.7109229013,0.10701879584862141,23160.164796425765,580399.4015330127
validation,2003-01-01,3,Input-only PolyRidge,Separate,water_cum,10,15,989678.0578522105,0.18955234924987874,972147.5310535317,0.12124754638142757,23160.164796425765,714859.3332688138
validation,2003-01-01,3,Input-only PolyRidge,Separate,water_cum,11,15,1183755.9257093067,0.20334782281300684,1166378.6848599357,0.1353714706861716,23160.164796425765,866226.5023012678
validation,2003-01-01,3,Input-only PolyRidge,Separate,water_cum,12,15,1394087.1353487554,0.21674590817495726,1376866.6795366649,0.14925559721815307,23160.164796425765,1033665.6024519441
validation,2003-01-01,5,History-conditioned,Constant,gas_cum,1,15,18932.222928235522,0.048672024075235715,18932.222928235522,0.0021928220306177224,0.0,18021.876399739584
validation,2003-01-01,5,History-conditioned,Constant,gas_cum,2,15,65342.71149961001,0.08656972479549052,65342.71149961001,0.0072615329698883175,0.0,63514.97661132812
validation,2003-01-01,5,History-conditioned,Constant,gas_cum,3,15,134542.83707830316,0.12206311681461082,134542.83707830316,0.014397286771933809,0.0,131679.7673014323
validation,2003-01-01,5,History-conditioned,Constant,gas_cum,4,15,220691.59390416992,0.15404043392612268,220691.59390416992,0.022811259466128976,0.0,216696.42465820312
validation,2003-01-01,5,History-conditioned,Constant,gas_cum,5,15,321208.4797093182,0.18416403771759418,321208.4797093182,0.0321675780539934,0.0,316038.59153645835
validation,2003-01-01,5,History-conditioned,Constant,gas_cum,6,15,436622.7366485265,0.21396288891582932,436622.7366485265,0.04246731973463279,0.0,430239.3584147135
validation,2003-01-01,5,History-conditioned,Constant,gas_cum,7,15,568047.1804696397,0.24425651138895088,568047.1804696397,0.05376294956584588,0.0,560461.482438151
validation,2003-01-01,5,History-conditioned,Constant,gas_cum,8,15,713492.7551781557,0.2747866754071659,713492.7551781557,0.06584398942593428,0.0,704753.9397949219
validation,2003-01-01,5,History-conditioned,Constant,gas_cum,9,15,869896.1737091385,0.30550426854936347,869896.1737091385,0.07846526560955047,0.0,860136.4161946614
validation,2003-01-01,5,History-conditioned,Constant,gas_cum,10,15,1044144.6477237698,0.3384637300557667,1044144.6477237698,0.09221233065227494,0.0,1033471.6497395834
validation,2003-01-01,5,History-conditioned,Constant,gas_cum,11,15,1234386.6630234723,0.37280989856208097,1234386.6630234723,0.10688604440028054,0.0,1222894.2404296875
validation,2003-01-01,5,History-conditioned,Constant,gas_cum,12,15,1435050.635937881,0.4069060614520365,1435050.635937881,0.12199129976447255,0.0,1422817.8977864583
validation,2003-01-01,5,History-conditioned,Constant,gas_cum,13,15,1638779.857069757,0.4393061679720284,1638779.857069757,0.13694852432085763,0.0,1625869.574186198
validation,2003-01-01,5,History-conditioned,Constant,gas_cum,14,15,1850109.5187635473,0.4706444685543661,1850109.5187635473,0.15206997369942377,0.0,1836568.8077311197
validation,2003-01-01,5,History-conditioned,Constant,gas_cum,15,15,2068426.269752735,0.5009213988360313,2068426.269752735,0.16730087905986077,0.0,2054284.7317545572
validation,2003-01-01,5,History-conditioned,Constant,gas_cum,16,15,2291438.718271574,0.5300776700392104,2291438.718271574,0.18249466508816142,0.0,2276704.189111328
validation,2003-01-01,5,History-conditioned,Constant,gas_cum,17,15,2514008.0794792227,0.5576939288784627,2514008.0794792227,0.19732676194956184,0.0,2498682.998844401
validation,2003-01-01,5,History-conditioned,Constant,gas_cum,18,15,2743349.0245562196,0.5848489277961215,2743349.0245562196,0.2122963985103546,0.0,2727407.232389323
validation,2003-01-01,5,History-conditioned,Constant,gas_cum,19,15,2979582.699578398,0.6116720251253276,2979582.699578398,0.22741676640128178,0.0,2962993.023079427
validation,2003-01-01,5,History-conditioned,Constant,gas_cum,20,15,3220284.0496724728,0.6380217771635195,3220284.0496724728,0.24254530907113744,0.0,3203013.413769531
validation,2003-01-01,5,History-conditioned,Constant,oil_cum,1,15,53694.70205669095,0.050177800777095535,53694.70205669095,0.0022590101087724894,0.0,51122.316145833334
validation,2003-01-01,5,History-conditioned,Constant,oil_cum,2,15,183435.4281769687,0.08835521719371238,183435.4281769687,0.007404880413749135,0.0,178196.98098958333
validation,2003-01-01,5,History-conditioned,Constant,oil_cum,3,15,375372.76588570885,0.12379718089449464,375372.76588570885,0.014591300615137354,0.0,367139.8611979167
validation,2003-01-01,5,History-conditioned,Constant,oil_cum,4,15,613352.7272359016,0.1555948217919598,613352.7272359016,0.02302941930197648,0.0,601944.74140625
validation,2003-01-01,5,History-conditioned,Constant,oil_cum,5,15,890587.9071194206,0.18554752750470652,890587.9071194206,0.0323975233949326,0.0,875954.0729166666
validation,2003-01-01,5,History-conditioned,Constant,oil_cum,6,15,1208415.9113159585,0.21514189534614783,1208415.9113159585,0.04269300965845204,0.0,1190436.2044270833
validation,2003-01-01,5,History-conditioned,Constant,oil_cum,7,15,1569894.364630123,0.2451976262739231,1569894.364630123,0.05396886225518495,0.0,1548604.41796875
validation,2003-01-01,5,History-conditioned,Constant,oil_cum,8,15,1970523.1622079308,0.27563296688980915,1970523.1622079308,0.06605005701536236,0.0,1946038.0981770833
validation,2003-01-01,5,History-conditioned,Constant,oil_cum,9,15,2401715.395077829,0.30634009961277175,2401715.395077829,0.0786853294101584,0.0,2374392.94765625
validation,2003-01-01,5,History-conditioned,Constant,oil_cum,10,15,2882239.253467058,0.33932392188878635,2882239.253467058,0.09245290302237477,0.0,2852383.4791666665
validation,2003-01-01,5,History-conditioned,Constant,oil_cum,11,15,3407049.6846890366,0.37373148586548505,3407049.6846890366,0.10715528709510048,0.0,3374893.159375
validation,2003-01-01,5,History-conditioned,Constant,oil_cum,12,15,3960551.33335584,0.4078854981039619,3960551.33335584,0.12228849715769503,0.0,3926300.30625
validation,2003-01-01,5,History-conditioned,Constant,oil_cum,13,15,4522428.122368325,0.44033327249643234,4522428.122368325,0.13727105950025198,0.0,4486255.022395833
validation,2003-01-01,5,History-conditioned,Constant,oil_cum,14,15,5105129.429027682,0.4717018623621357,5105129.429027682,0.15241374961079482,0.0,5067172.620572916
validation,2003-01-01,5,History-conditioned,Constant,oil_cum,15,15,5706881.267992114,0.5019818827081918,5706881.267992114,0.1676589505861575,0.0,5667243.767447917
validation,2003-01-01,5,History-conditioned,Constant,oil_cum,16,15,6321689.335644601,0.5311582784837094,6321689.335644601,0.18287102269659614,0.0,6280393.180989583
validation,2003-01-01,5,History-conditioned,Constant,oil_cum,17,15,6935443.846904479,0.5588173896796378,6935443.846904479,0.19772690170151982,0.0,6892479.363802084
validation,2003-01-01,5,History-conditioned,Constant,oil_cum,18,15,7567850.740647173,0.5860141879321241,7567850.740647173,0.21272013799063422,0.0,7523139.8953125
validation,2003-01-01,5,History-conditioned,Constant,oil_cum,19,15,8219132.796069898,0.6128647456425831,8219132.796069898,0.22786018879197914,0.0,8172591.975520833
validation,2003-01-01,5,History-conditioned,Constant,oil_cum,20,15,8882668.014768207,0.6392359390219373,8882668.014768207,0.24300651485071575,0.0,8834206.722395834
validation,2003-01-01,5,History-conditioned,Constant,water_cum,1,15,16870.536642392053,0.0365441759359173,16870.536642392053,0.005148619538534101,0.0,-15562.500553385416
validation,2003-01-01,5,History-conditioned,Constant,water_cum,2,15,47193.09883515006,0.050406876171103704,47193.09883515006,0.012585039985659793,0.0,-41705.36759440104
validation,2003-01-01,5,History-conditioned,Constant,water_cum,3,15,89086.1982305603,0.0626710723117575,89086.1982305603,0.02104321354015035,0.0,-76000.01778971354
validation,2003-01-01,5,History-conditioned,Constant,water_cum,4,15,150736.6197898579,0.07837934406340381,150736.6197898579,0.03184683584802302,0.0,-128701.7346516927
validation,2003-01-01,5,History-conditioned,Constant,water_cum,5,15,229873.18980247033,0.09437837870308151,229873.18980247033,0.043839799579761585,0.0,-198760.23502604166
validation,2003-01-01,5,History-conditioned,Constant,water_cum,6,15,325546.366238709,0.10985297602646274,325546.366238709,0.056430284659800274,0.0,-285290.7520670573
validation,2003-01-01,5,History-conditioned,Constant,water_cum,7,15,437349.91144173534,0.12453889018522622,437349.91144173534,0.06925635288070282,0.0,-388121.8689290365
validation,2003-01-01,5,History-conditioned,Constant,water_cum,8,15,563561.9076388894,0.13831080262687404,563561.9076388894,0.08196644428528373,0.0,-505913.2524576823
validation,2003-01-01,5,History-conditioned,Constant,water_cum,9,15,700080.3582784098,0.15092326701286887,700080.3582784098,0.09412923006187807,0.0,-634783.1696777344
validation,2003-01-01,5,History-conditioned,Constant,water_cum,10,15,849931.6945254736,0.1627868255954524,849931.6945254736,0.10600462302398019,0.0,-777398.1033854167
validation,2003-01-01,5,History-conditioned,Constant,water_cum,11,15,1012259.7900337469,0.17388789357161952,1012259.7900337469,0.11748422555389801,0.0,-932944.7202473958
validation,2003-01-01,5,History-conditioned,Constant,water_cum,12,15,1184386.3721867737,0.18414265031248886,1184386.3721867737,0.1283902776827066,0.0,-1098818.8704427083
validation,2003-01-01,5,History-conditioned,Constant,water_cum,13,15,1362309.769145731,0.19353096540152717,1362309.769145731,0.1385786065980752,0.0,-1271088.3209960938
validation,2003-01-01,5,History-conditioned,Constant,water_cum,14,15,1552931.443033626,0.2026031562980452,1552931.443033626,0.14853864614746498,0.0,-1456739.8880371093
validation,2003-01-01,5,History-conditioned,Constant,water_cum,15,15,1757049.6813739785,0.21144742834287633,1757049.6813739785,0.15832053218874004,0.0,-1656551.1048990886
validation,2003-01-01,5,History-conditioned,Constant,water_cum,16,15,1972078.0249232498,0.21994857207579815,1972078.0249232498,0.16779037678494596,0.0,-1867970.4217610678
validation,2003-01-01,5,History-conditioned,Constant,water_cum,17,15,2191961.680481436,0.2278953875375606,2191961.680481436,0.1767104531545536,0.0,-2084747.4389811198
validation,2003-01-01,5,History-conditioned,Constant,water_cum,18,15,2424823.532415305,0.23568108098626864,2424823.532415305,0.1854769604711769,0.0,-2314791.572688802
validation,2003-01-01,5,History-conditioned,Constant,water_cum,19,15,2670510.109055589,0.2432893627395821,2670510.109055589,0.19407083783841814,0.0,-2557832.0228841146
validation,2003-01-01,5,History-conditioned,Constant,water_cum,20,15,2926153.378866649,0.25063852465619896,2926153.378866649,0.2023956253420177,0.0,-2810936.939746094
validation,2003-01-01,5,History-conditioned,Liquid-WC-time,gas_cum,1,15,8508.19559845111,0.021873348025446156,8508.19559845111,0.0009854605462765462,0.0,5958.21034005098
validation,2003-01-01,5,History-conditioned,Liquid-WC-time,gas_cum,2,15,20459.288157571,0.02710562363674074,20459.288157571,0.002273639891689131,0.0,12524.558236464796
validation,2003-01-01,5,History-conditioned,Liquid-WC-time,gas_cum,3,15,31264.088281322027,0.02836414143522419,31264.088281322027,0.0033455370380459743,0.0,12038.275942550972
validation,2003-01-01,5,History-conditioned,Liquid-WC-time,gas_cum,4,15,42445.35308257975,0.029626414360970972,42445.35308257975,0.004387262537596315,0.0,-2526.7009228950988
validation,2003-01-01,5,History-conditioned,Liquid-WC-time,gas_cum,5,15,64317.222438441866,0.036876110461851186,64317.222438441866,0.006441079248209571,0.0,-32906.34577446791
validation,2003-01-01,5,History-conditioned,Liquid-WC-time,gas_cum,6,15,103738.59198716354,0.050836126867808,103738.59198716354,0.010089946273883207,0.0,-79529.92895344595
validation,2003-01-01,5,History-conditioned,Liquid-WC-time,gas_cum,7,15,161553.27454358587,0.0694668340944027,161553.27454358587,0.015290244983353591,0.0,-142798.40898639496
validation,2003-01-01,5,History-conditioned,Liquid-WC-time,gas_cum,8,15,236214.34916435982,0.09097297095067845,236214.34916435982,0.02179881294624845,0.0,-221618.33136779914
validation,2003-01-01,5,History-conditioned,Liquid-WC-time,gas_cum,9,15,322679.4437076093,0.11332380852472886,322679.4437076093,0.029105919789601635,0.0,-311190.4639719238
validation,2003-01-01,5,History-conditioned,Liquid-WC-time,gas_cum,10,15,419191.70926917595,0.13588269579027973,419191.70926917595,0.037020392324079325,0.0,-409981.9199517559
validation,2003-01-01,5,History-conditioned,Liquid-WC-time,gas_cum,11,15,525607.4294015509,0.15874414258390462,525607.4294015509,0.04551256159761603,0.0,-517980.9385610804
validation,2003-01-01,5,History-conditioned,Liquid-WC-time,gas_cum,12,15,641841.1981833184,0.1819929328554615,641841.1981833184,0.05456186705049393,0.0,-635109.0362388843
validation,2003-01-01,5,History-conditioned,Liquid-WC-time,gas_cum,13,15,765108.5939514594,0.2051019379090251,765108.5939514594,0.0639381137343321,0.0,-758582.017304502
validation,2003-01-01,5,History-conditioned,Liquid-WC-time,gas_cum,14,15,898955.3360315742,0.22868287098130674,898955.3360315742,0.07388974161845256,0.0,-892025.3276260651
validation,2003-01-01,5,History-conditioned,Liquid-WC-time,gas_cum,15,15,1042143.5226140196,0.2523812420919064,1042143.5226140196,0.08429187445037999,0.0,-1034248.8912554885
validation,2003-01-01,5,History-conditioned,Liquid-WC-time,gas_cum,16,15,1191147.2815441692,0.27554765948562493,1191147.2815441692,0.09486530121130393,0.0,-1181806.6534161116
validation,2003-01-01,5,History-conditioned,Liquid-WC-time,gas_cum,17,15,1340885.5507692276,0.2974547842900169,1340885.5507692276,0.10524731644182182,0.0,-1329771.6533859805
validation,2003-01-01,5,History-conditioned,Liquid-WC-time,gas_cum,18,15,1494898.032147034,0.31869423228316895,1494898.032147034,0.11568395618795531,0.0,-1481704.7462155833
validation,2003-01-01,5,History-conditioned,Liquid-WC-time,gas_cum,19,15,1651980.8428695833,0.33913153938276736,1651980.8428695833,0.126087502620895,0.0,-1636464.1351850918
validation,2003-01-01,5,History-conditioned,Liquid-WC-time,gas_cum,20,15,1809287.4123095933,0.358466753986736,1809287.4123095933,0.1362718840475521,0.0,-1791277.2054810473
validation,2003-01-01,5,History-conditioned,Liquid-WC-time,oil_cum,1,15,24035.535303196328,0.0224612532674319,24035.535303196328,0.001011208092045137,0.0,16932.62026205485
validation,2003-01-01,5,History-conditioned,Liquid-WC-time,oil_cum,2,15,57971.74447923467,0.02792321050227899,57971.74447923467,0.0023401904392809764,0.0,35863.52169195438
validation,2003-01-01,5,History-conditioned,Liquid-WC-time,oil_cum,3,15,88002.75107057107,0.029023129762199517,88002.75107057107,0.00342079850358875,0.0,34832.83283177068
validation,2003-01-01,5,History-conditioned,Liquid-WC-time,oil_cum,4,15,118010.33959184599,0.029936767121180177,118010.33959184599,0.004430908141024697,0.0,-5474.94777076443
validation,2003-01-01,5,History-conditioned,Liquid-WC-time,oil_cum,5,15,177206.4189043113,0.03691967140224067,177206.4189043113,0.006446358698889028,0.0,-89530.77418008869
validation,2003-01-01,5,History-conditioned,Liquid-WC-time,oil_cum,6,15,285838.6958244281,0.05088966324183022,285838.6958244281,0.01009860436900595,0.0,-218726.15454428643
validation,2003-01-01,5,History-conditioned,Liquid-WC-time,oil_cum,7,15,445892.91169660614,0.06964282819509013,445892.91169660614,0.015328632087667372,0.0,-394162.9546810381
validation,2003-01-01,5,History-conditioned,Liquid-WC-time,oil_cum,8,15,652042.943501105,0.09120650520818852,652042.943501105,0.02185585758172792,0.0,-611870.6421711022
validation,2003-01-01,5,History-conditioned,Liquid-WC-time,oil_cum,9,15,890336.6401568048,0.11356292073303617,890336.6401568048,0.02916933120395876,0.0,-858757.7798181985
validation,2003-01-01,5,History-conditioned,Liquid-WC-time,oil_cum,10,15,1156086.6603726249,0.1361052380259771,1156086.6603726249,0.03708351684140056,0.0,-1130813.5099754415
validation,2003-01-01,5,History-conditioned,Liquid-WC-time,oil_cum,11,15,1448953.8837396952,0.1589409424682418,1448953.8837396952,0.04557111981589985,0.0,-1427987.3251989144
validation,2003-01-01,5,History-conditioned,Liquid-WC-time,oil_cum,12,15,1768872.666301104,0.18217097768693036,1768872.666301104,0.054616835338932884,0.0,-1750297.221339807
validation,2003-01-01,5,History-conditioned,Liquid-WC-time,oil_cum,13,15,2108196.0639028903,0.20526780012068313,2108196.0639028903,0.06399091361891218,0.0,-2090112.5893272662
validation,2003-01-01,5,History-conditioned,Liquid-WC-time,oil_cum,14,15,2476745.839381271,0.22884544677573965,2476745.839381271,0.07394330064711627,0.0,-2457470.6695071403
validation,2003-01-01,5,History-conditioned,Liquid-WC-time,oil_cum,15,15,2871186.6958741136,0.25255189928083005,2871186.6958741136,0.0843508259173154,0.0,-2849168.5106324786
validation,2003-01-01,5,History-conditioned,Liquid-WC-time,oil_cum,16,15,3281486.3595386357,0.27571564388217285,3281486.3595386357,0.09492538064947025,0.0,-3255417.765052943
validation,2003-01-01,5,History-conditioned,Liquid-WC-time,oil_cum,17,15,3693597.830607764,0.29760845070468805,3693597.830607764,0.10530308820876637,0.0,-3662616.4232385913
validation,2003-01-01,5,History-conditioned,Liquid-WC-time,oil_cum,18,15,4117462.310972391,0.31883442409162416,4117462.310972391,0.11573525707331564,0.0,-4080741.512603176
validation,2003-01-01,5,History-conditioned,Liquid-WC-time,oil_cum,19,15,4549878.625931581,0.3392645277759142,4549878.625931581,0.12613693298410894,0.0,-4506752.614302408
validation,2003-01-01,5,History-conditioned,Liquid-WC-time,oil_cum,20,15,4982948.21934287,0.35859491526572035,4982948.21934287,0.13632040265952558,0.0,-4932955.428895416
validation,2003-01-01,5,History-conditioned,Liquid-WC-time,water_cum,1,15,19841.322240207533,0.04297935425037932,19841.322240207533,0.006055256066934408,0.0,18627.195330393068
validation,2003-01-01,5,History-conditioned,Liquid-WC-time,water_cum,2,15,103685.80910768581,0.11074665299365899,103685.80910768581,0.027650018451295565,0.0,100628.09170322785
validation,2003-01-01,5,History-conditioned,Liquid-WC-time,water_cum,3,15,261611.38053014138,0.1840404694827225,261611.38053014138,0.06179570185250987,0.0,256307.01057643277
validation,2003-01-01,5,History-conditioned,Liquid-WC-time,water_cum,4,15,486221.52505018323,0.2528232638894917,486221.52505018323,0.10272631239599056,0.0,478717.95452532254
validation,2003-01-01,5,History-conditioned,Liquid-WC-time,water_cum,5,15,775740.2126373684,0.3184934425211154,775740.2126373684,0.1479437226986198,0.0,766724.6120707149
validation,2003-01-01,5,History-conditioned,Liquid-WC-time,water_cum,6,15,1133559.44138706,0.38251042264116236,1133559.44138706,0.1964914635519897,0.0,1123871.6069043141
validation,2003-01-01,5,History-conditioned,Liquid-WC-time,water_cum,7,15,1564222.5673160625,0.4454249044981921,1564222.5673160625,0.2477017767052467,0.0,1554645.5037207531
validation,2003-01-01,5,History-conditioned,Liquid-WC-time,water_cum,8,15,2060972.1507394703,0.5058090486539129,2060972.1507394703,0.29975510529954574,0.0,2051995.4878905045
validation,2003-01-01,5,History-conditioned,Liquid-WC-time,water_cum,9,15,2606613.884992951,0.561933610495318,2606613.884992951,0.3504719924814866,0.0,2598367.5577967167
validation,2003-01-01,5,History-conditioned,Liquid-WC-time,water_cum,10,15,3213418.6172822793,0.6154638300772676,3213418.6172822793,0.4007818879297462,0.0,3205798.8857566924
validation,2003-01-01,5,History-conditioned,Liquid-WC-time,water_cum,11,15,3877246.067164673,0.6660406331616059,3877246.067164673,0.44999836600004867,0.0,3869935.76432652
validation,2003-01-01,5,History-conditioned,Liquid-WC-time,water_cum,12,15,4585271.861907845,0.7128958360910969,4585271.861907845,0.49705429024322884,0.0,4577778.657147097
validation,2003-01-01,5,History-conditioned,Liquid-WC-time,water_cum,13,15,5313539.355799905,0.7548462357954064,5313539.355799905,0.5405106068442321,0.0,5305279.290727005
validation,2003-01-01,5,History-conditioned,Liquid-WC-time,water_cum,14,15,6077562.713513629,0.7929090455865739,6077562.713513629,0.5813218229248517,0.0,6067903.402042946
validation,2003-01-01,5,History-conditioned,Liquid-WC-time,water_cum,15,15,6871570.154044849,0.8269406682992863,6871570.154044849,0.6191689713121361,0.0,6859861.1731813075
validation,2003-01-01,5,History-conditioned,Liquid-WC-time,water_cum,16,15,7682219.117042016,0.8568084547428343,7682219.117042016,0.6536264913976518,0.0,7667840.52428146
validation,2003-01-01,5,History-conditioned,Liquid-WC-time,water_cum,17,15,8487854.663168434,0.882471142196431,8487854.663168434,0.6842695550722643,0.0,8470348.348059556
validation,2003-01-01,5,History-conditioned,Liquid-WC-time,water_cum,18,15,9310199.535741923,0.9049062174829228,9310199.535741923,0.7121456420168957,0.0,9289089.835226875
validation,2003-01-01,5,History-conditioned,Liquid-WC-time,water_cum,19,15,10146635.85992941,0.9243809128233608,10146635.85992941,0.7373745247772995,0.0,10121512.566939125
validation,2003-01-01,5,History-conditioned,Liquid-WC-time,water_cum,20,15,10985662.770169618,0.9409726533720856,10985662.770169618,0.7598542517365182,0.0,10956225.211545149
validation,2003-01-01,5,History-conditioned,Liquid-WC-volume,gas_cum,1,15,8313.84719836019,0.021373706221941874,8313.84719836019,0.0009629501704506266,0.0,5862.903156270273
validation,2003-01-01,5,History-conditioned,Liquid-WC-volume,gas_cum,2,15,19632.30424455985,0.026009988513608445,19632.30424455985,0.0021817372018239642,0.0,12100.159006718297
validation,2003-01-01,5,History-conditioned,Liquid-WC-volume,gas_cum,3,15,29377.301897776677,0.026652366719154573,29377.301897776677,0.0031436340216447916,0.0,10989.976992698883
validation,2003-01-01,5,History-conditioned,Liquid-WC-volume,gas_cum,4,15,39857.43689622908,0.027820075817405986,39857.43689622908,0.00411976876241848,0.0,-4528.620528170591
validation,2003-01-01,5,History-conditioned,Liquid-WC-volume,gas_cum,5,15,62668.78099153335,0.035930980890308,62668.78099153335,0.0062759952848009636,0.0,-36186.78613514938
validation,2003-01-01,5,History-conditioned,Liquid-WC-volume,gas_cum,6,15,104212.98386024628,0.05106859816882658,104212.98386024628,0.01013608714027133,0.0,-84403.01658861538
validation,2003-01-01,5,History-conditioned,Liquid-WC-volume,gas_cum,7,15,164617.3887038799,0.0707843828139864,164617.3887038799,0.015580248737843992,0.0,-149551.35012032837
validation,2003-01-01,5,History-conditioned,Liquid-WC-volume,gas_cum,8,15,242092.91883160284,0.09323697798268787,242092.91883160284,0.022341311067218043,0.0,-230448.47022023945
validation,2003-01-01,5,History-conditioned,Liquid-WC-volume,gas_cum,9,15,331435.22839852504,0.11639880721815721,331435.22839852504,0.029895697917333063,0.0,-322159.79076837277
validation,2003-01-01,5,History-conditioned,Liquid-WC-volume,gas_cum,10,15,430881.1308716498,0.13967186929836864,430881.1308716498,0.03805272899533555,0.0,-423136.7977274167
validation,2003-01-01,5,History-conditioned,Liquid-WC-volume,gas_cum,11,15,540230.3685360727,0.16316056785705818,540230.3685360727,0.04677876785892378,0.0,-533290.4047281507
validation,2003-01-01,5,History-conditioned,Liquid-WC-volume,gas_cum,12,15,659287.651170039,0.18693984364268607,659287.651170039,0.05604496139074266,0.0,-652454.6375966762
validation,2003-01-01,5,History-conditioned,Liquid-WC-volume,gas_cum,13,15,785138.8541329696,0.21047143083137274,785138.8541329696,0.06561198991836424,0.0,-777762.0735543887
validation,2003-01-01,5,History-conditioned,Liquid-WC-volume,gas_cum,14,15,921374.0000546401,0.2343858956443474,921374.0000546401,0.0757324463955418,0.0,-912876.7885109651
validation,2003-01-01,5,History-conditioned,Liquid-WC-volume,gas_cum,15,15,1066721.124976615,0.2583333261161432,1066721.124976615,0.08627978890523627,0.0,-1056592.4962850371
validation,2003-01-01,5,History-conditioned,Liquid-WC-volume,gas_cum,16,15,1217617.952009763,0.2816711098807382,1217617.952009763,0.0969734772243729,0.0,-1205445.6117520567
validation,2003-01-01,5,History-conditioned,Liquid-WC-volume,gas_cum,17,15,1368959.3902590396,0.3036825327095924,1368959.3902590396,0.10745085742772187,0.0,-1354497.4239971528
validation,2003-01-01,5,History-conditioned,Liquid-WC-volume,gas_cum,18,15,1524359.8492135382,0.3249751363781402,1524359.8492135382,0.11796388396994853,0.0,-1507363.141721452
validation,2003-01-01,5,History-conditioned,Liquid-WC-volume,gas_cum,19,15,1682631.1744077902,0.3454236790053361,1682631.1744077902,0.12842689037762095,0.0,-1662913.5273070938
validation,2003-01-01,5,History-conditioned,Liquid-WC-volume,gas_cum,20,15,1840937.0252375917,0.3647373630309639,1840937.0252375917,0.13865566915196986,0.0,-1818383.948999579
validation,2003-01-01,5,History-conditioned,Liquid-WC-volume,oil_cum,1,15,23499.36154579177,0.021960197875550827,23499.36154579177,0.0009886505232042369,0.0,16670.296549349776
validation,2003-01-01,5,History-conditioned,Liquid-WC-volume,oil_cum,2,15,55701.134981713556,0.026829527579032363,55701.134981713556,0.002248530981985486,0.0,34695.399435153355
validation,2003-01-01,5,History-conditioned,Liquid-WC-volume,oil_cum,3,15,82821.47368489938,0.027314354933356846,82821.47368489938,0.003219394505282258,0.0,31947.47001094098
validation,2003-01-01,5,History-conditioned,Liquid-WC-volume,oil_cum,4,15,110847.51785492657,0.028119708319296173,110847.51785492657,0.00416196725621245,0.0,-10985.09552806119
validation,2003-01-01,5,History-conditioned,Liquid-WC-volume,oil_cum,5,15,172634.62782471708,0.035967171908023954,172634.62782471708,0.006280047538279438,0.0,-98559.9863492325
validation,2003-01-01,5,History-conditioned,Liquid-WC-volume,oil_cum,6,15,287222.93693326577,0.05113610840444569,287222.93693326577,0.010147509235679605,0.0,-232139.059131443
validation,2003-01-01,5,History-conditioned,Liquid-WC-volume,oil_cum,7,15,454490.1229894896,0.07098560376590826,454490.1229894896,0.015624181726227713,0.0,-412750.0835157705
validation,2003-01-01,5,History-conditioned,Liquid-WC-volume,oil_cum,8,15,668400.0583211523,0.09349450677755611,668400.0583211523,0.022404132469935986,0.0,-636175.1846418795
validation,2003-01-01,5,History-conditioned,Liquid-WC-volume,oil_cum,9,15,914604.1872156862,0.11665825950573636,914604.1872156862,0.029964387911434593,0.0,-888950.366218486
validation,2003-01-01,5,History-conditioned,Liquid-WC-volume,oil_cum,10,15,1188417.9314807549,0.13991157495614814,1188417.9314807549,0.03812059933507433,0.0,-1167021.7550087902
validation,2003-01-01,5,History-conditioned,Liquid-WC-volume,oil_cum,11,15,1489343.12676913,0.1633713832329325,1489343.12676913,0.046841403883614546,0.0,-1470126.0051610772
validation,2003-01-01,5,History-conditioned,Liquid-WC-volume,oil_cum,12,15,1817017.0789269102,0.18712922871612747,1817017.0789269102,0.05610337278561742,0.0,-1798040.2956237856
validation,2003-01-01,5,History-conditioned,Liquid-WC-volume,oil_cum,13,15,2163439.158813342,0.21064663027708402,2163439.158813342,0.06566772925052458,0.0,-2142904.936388829
validation,2003-01-01,5,History-conditioned,Liquid-WC-volume,oil_cum,14,15,2538554.015720929,0.2345563758117106,2538554.015720929,0.0757885850896552,0.0,-2514863.49510849
validation,2003-01-01,5,History-conditioned,Liquid-WC-volume,oil_cum,15,15,2938934.135719992,0.25851101877280774,2938934.135719992,0.08634113623499529,0.0,-2910668.4022924304
validation,2003-01-01,5,History-conditioned,Liquid-WC-volume,oil_cum,16,15,3354441.2746218415,0.28184543056498673,3354441.2746218415,0.09703578804592115,0.0,-3320483.0590701094
validation,2003-01-01,5,History-conditioned,Liquid-WC-volume,oil_cum,17,15,3770958.906360195,0.3038417524758613,3770958.906360195,0.10750862345041526,0.0,-3730673.1149686147
validation,2003-01-01,5,History-conditioned,Liquid-WC-volume,oil_cum,18,15,4198636.906396195,0.32512015385139625,4198636.906396195,0.11801694466621984,0.0,-4151365.2042441783
validation,2003-01-01,5,History-conditioned,Liquid-WC-volume,oil_cum,19,15,4634318.928091686,0.3455608713913965,4634318.928091686,0.12847788350398054,0.0,-4579553.47725921
validation,2003-01-01,5,History-conditioned,Liquid-WC-volume,oil_cum,20,15,5070133.999460986,0.36486918825785564,5070133.999460986,0.1387055770841263,0.0,-5007565.608583133
validation,2003-01-01,5,History-conditioned,Liquid-WC-volume,water_cum,1,15,20071.965749888906,0.04347896355000847,20071.965749888906,0.006125644798813729,0.0,18889.519043098328
validation,2003-01-01,5,History-conditioned,Liquid-WC-volume,water_cum,2,15,104611.55800176722,0.11173544396143374,104611.55800176722,0.027896889013650273,0.0,101796.2139600285
validation,2003-01-01,5,History-conditioned,Liquid-WC-volume,water_cum,3,15,263956.4188030692,0.18569017579072034,263956.4188030692,0.0623496276245956,0.0,259192.37339726236
validation,2003-01-01,5,History-conditioned,Liquid-WC-volume,water_cum,4,15,490884.0228825364,0.2552476483708895,490884.0228825364,0.10371138028006358,0.0,484228.10228261835
validation,2003-01-01,5,History-conditioned,Liquid-WC-volume,water_cum,5,15,783689.2722782833,0.32175706522443415,783689.2722782833,0.14945971150011828,0.0,775753.8242398571
validation,2003-01-01,5,History-conditioned,Liquid-WC-volume,water_cum,6,15,1145793.5183318625,0.38663871249692383,1145793.5183318625,0.19861212136341458,0.0,1137284.511491469
validation,2003-01-01,5,History-conditioned,Liquid-WC-volume,water_cum,7,15,1581713.3447049323,0.4504055434499777,1581713.3447049323,0.2504715210662508,0.0,1573232.632555485
validation,2003-01-01,5,History-conditioned,Liquid-WC-volume,water_cum,8,15,2084466.6921933794,0.511575139019131,2084466.6921933794,0.3031722348056161,0.0,2076300.0303612808
validation,2003-01-01,5,History-conditioned,Liquid-WC-volume,water_cum,9,15,2636459.774761786,0.5683677849976503,2636459.774761786,0.3544849184138192,0.0,2628560.144197003
validation,2003-01-01,5,History-conditioned,Liquid-WC-volume,water_cum,10,15,3249890.208982137,0.6224492086382448,3249890.208982137,0.40533067385469806,0.0,3242007.1307900427
validation,2003-01-01,5,History-conditioned,Liquid-WC-volume,water_cum,11,15,3920370.999208928,0.6734487152245561,3920370.999208928,0.4550035033108124,0.0,3912074.444288684
validation,2003-01-01,5,History-conditioned,Liquid-WC-volume,water_cum,12,15,4634787.875921344,0.7205943458573999,4634787.875921344,0.502421943011131,0.0,4625521.73143108
validation,2003-01-01,5,History-conditioned,Liquid-WC-volume,water_cum,13,15,5368897.439906392,0.7627104555951555,5368897.439906392,0.5461418122669361,0.0,5358071.637788572
validation,2003-01-01,5,History-conditioned,Liquid-WC-volume,water_cum,14,15,6138323.8341638725,0.800836243454303,6138323.8341638725,0.5871336536017804,0.0,6125296.2276443
validation,2003-01-01,5,History-conditioned,Liquid-WC-volume,water_cum,15,15,6937232.035136349,0.83484257115618,6937232.035136349,0.6250854938038569,0.0,6921361.06484126
validation,2003-01-01,5,History-conditioned,Liquid-WC-volume,water_cum,16,15,7752209.754827492,0.8646146067535737,7752209.754827492,0.6595815070395409,0.0,7732905.818298629
validation,2003-01-01,5,History-conditioned,Liquid-WC-volume,water_cum,17,15,8561538.4198395,0.8901319459555951,8561538.4198395,0.690209754733334,0.0,8538405.039789584
validation,2003-01-01,5,History-conditioned,Liquid-WC-volume,water_cum,18,15,9387104.471504372,0.9123810040607401,9387104.471504372,0.7180281705967144,0.0,9359713.526867883
validation,2003-01-01,5,History-conditioned,Liquid-WC-volume,water_cum,19,15,10226318.674333928,0.9316401930155737,10226318.674333928,0.7431652201580695,0.0,10194313.42989594
validation,2003-01-01,5,History-conditioned,Liquid-WC-volume,water_cum,20,15,11067695.431178687,0.947999128907315,11067695.431178687,0.7655282713703868,0.0,11030835.391232876
validation,2003-01-01,5,History-conditioned,Separate,gas_cum,1,15,15998.092012283225,0.0411287952044127,15998.092012283225,0.0018529767341828782,0.0,14349.842848421136
validation,2003-01-01,5,History-conditioned,Separate,gas_cum,2,15,52310.31089789123,0.06930366240501085,52310.31089789123,0.005813242801416534,0.0,48076.27551917539
validation,2003-01-01,5,History-conditioned,Separate,gas_cum,3,15,104294.30815263296,0.09462033502181008,104294.30815263296,0.011160423666999044,0.0,96322.90255342027
validation,2003-01-01,5,History-conditioned,Separate,gas_cum,4,15,166413.5795359299,0.11615494523114961,166413.5795359299,0.017200942157904554,0.0,153561.64365897092
validation,2003-01-01,5,History-conditioned,Separate,gas_cum,5,15,236631.57725392052,0.13567209295969468,236631.57725392052,0.023697583383363707,0.0,217892.45839133684
validation,2003-01-01,5,History-conditioned,Separate,gas_cum,6,15,315318.35185733705,0.1545188095549936,315318.35185733705,0.030668868436190187,0.0,289776.6335346725
validation,2003-01-01,5,History-conditioned,Separate,gas_cum,7,15,403083.2613451557,0.1733231227977385,403083.2613451557,0.0381499033805952,0.0,369977.27962545917
validation,2003-01-01,5,History-conditioned,Separate,gas_cum,8,15,498375.48763679777,0.19193880016055073,498375.48763679777,0.04599210027004184,0.0,457151.0535880908
validation,2003-01-01,5,History-conditioned,Separate,gas_cum,9,15,599364.9028740926,0.21049470244932325,599364.9028740926,0.05406314882445153,0.0,549959.4919972974
validation,2003-01-01,5,History-conditioned,Separate,gas_cum,10,15,711128.3896082101,0.23051515689904734,711128.3896082101,0.06280241568227622,0.0,653456.7284485921
validation,2003-01-01,5,History-conditioned,Separate,gas_cum,11,15,831821.1242409336,0.2512269115015233,831821.1242409336,0.07202773027451047,0.0,765723.7988383217
validation,2003-01-01,5,History-conditioned,Separate,gas_cum,12,15,956828.5145629263,0.2713070274982661,956828.5145629263,0.08133842194840406,0.0,882067.4018086061
validation,2003-01-01,5,History-conditioned,Separate,gas_cum,13,15,1080903.5877469184,0.28975680353392536,1080903.5877469184,0.09032827114420659,0.0,997290.3461895168
validation,2003-01-01,5,History-conditioned,Separate,gas_cum,14,15,1206205.6324793722,0.3068434614859636,1206205.6324793722,0.09914421657039096,0.0,1113232.3717299039
validation,2003-01-01,5,History-conditioned,Separate,gas_cum,15,15,1332119.2018348791,0.3226061396325402,1332119.2018348791,0.10774602737284766,0.0,1229210.8519932632
validation,2003-01-01,5,History-conditioned,Separate,gas_cum,16,15,1457437.905729826,0.33714857095494527,1457437.905729826,0.11607320779391384,0.0,1344064.5693120996
validation,2003-01-01,5,History-conditioned,Separate,gas_cum,17,15,1579468.5880986415,0.35038075240367567,1579468.5880986415,0.12397391425850707,0.0,1455310.339613235
validation,2003-01-01,5,History-conditioned,Separate,gas_cum,18,15,1702284.1492306415,0.3629064514103977,1702284.1492306415,0.1317327073179792,0.0,1566665.175402474
validation,2003-01-01,5,History-conditioned,Separate,gas_cum,19,15,1825966.4479572175,0.3748486642746749,1825966.4479572175,0.13936696075273297,0.0,1678195.3128437703
validation,2003-01-01,5,History-conditioned,Separate,gas_cum,20,15,1949356.6102115263,0.386218094301063,1949356.6102115263,0.14682161393859264,0.0,1788861.2641894266
validation,2003-01-01,5,History-conditioned,Separate,oil_cum,1,15,44670.25797162583,0.04174444068606942,44670.25797162583,0.00187933931010244,0.0,40031.27584347104
validation,2003-01-01,5,History-conditioned,Separate,oil_cum,2,15,145651.2855773643,0.07015575507756373,145651.2855773643,0.005879618580379675,0.0,133722.51557057077
validation,2003-01-01,5,History-conditioned,Separate,oil_cum,3,15,289120.8747150273,0.09535148119501184,289120.8747150273,0.011238560653499555,0.0,266833.0743723405
validation,2003-01-01,5,History-conditioned,Separate,oil_cum,4,15,459819.31039332156,0.1166465892791793,459819.31039332156,0.017264734029821465,0.0,424170.73011007754
validation,2003-01-01,5,History-conditioned,Separate,oil_cum,5,15,652484.93656261,0.13594050148833142,652484.93656261,0.02373588932450406,0.0,600812.8792963909
validation,2003-01-01,5,History-conditioned,Separate,oil_cum,6,15,868104.7244752421,0.1545541514586333,868104.7244752421,0.030669906808996773,0.0,797819.3035744647
validation,2003-01-01,5,History-conditioned,Separate,oil_cum,7,15,1108290.5841522494,0.17310095926097374,1108290.5841522494,0.038100131590015344,0.0,1017292.2915891896
validation,2003-01-01,5,History-conditioned,Separate,oil_cum,8,15,1369722.3151877094,0.19159410698189414,1369722.3151877094,0.045911785635644235,0.0,1256494.8742077877
validation,2003-01-01,5,History-conditioned,Separate,oil_cum,9,15,1647237.5579014805,0.21010604279242093,1647237.5579014805,0.05396702295613285,0.0,1511623.9995585936
validation,2003-01-01,5,History-conditioned,Separate,oil_cum,10,15,1954592.2624154354,0.2301127192610632,1954592.2624154354,0.06269699112174823,0.0,1796383.0118232034
validation,2003-01-01,5,History-conditioned,Separate,oil_cum,11,15,2286830.1391460346,0.2508505906637598,2286830.1391460346,0.07192320710764376,0.0,2105507.943011171
validation,2003-01-01,5,History-conditioned,Separate,oil_cum,12,15,2630996.2645842126,0.27095854378948325,2630996.2645842126,0.08123631084233333,0.0,2425846.0998562365
validation,2003-01-01,5,History-conditioned,Separate,oil_cum,13,15,2972568.058769013,0.2894287284660404,2972568.058769013,0.09022754056512049,0.0,2743058.738431829
validation,2003-01-01,5,History-conditioned,Separate,oil_cum,14,15,3317396.532620824,0.3065195788638347,3317396.532620824,0.0990409452907619,0.0,3062151.9431424704
validation,2003-01-01,5,History-conditioned,Separate,oil_cum,15,15,3663671.4192244867,0.32225949520999253,3663671.4192244867,0.1076327466079893,0.0,3381173.9120641896
validation,2003-01-01,5,History-conditioned,Separate,oil_cum,16,15,4008443.8725103596,0.33679575722208077,4008443.8725103596,0.11595448486446848,0.0,3697231.1401057644
validation,2003-01-01,5,History-conditioned,Separate,oil_cum,17,15,4344404.7113807,0.35004665225705195,4344404.7113807,0.12385734817854438,0.0,4003528.6828064118
validation,2003-01-01,5,History-conditioned,Separate,oil_cum,18,15,4682549.034688426,0.36259174025155655,4682549.034688426,0.13161893791811924,0.0,4310122.365232936
validation,2003-01-01,5,History-conditioned,Separate,oil_cum,19,15,5022972.710752139,0.37454108226803806,5022972.710752139,0.1392525876593962,0.0,4617092.045308779
validation,2003-01-01,5,History-conditioned,Separate,oil_cum,20,15,5362554.050264928,0.38591302389977317,5362554.050264928,0.14670542322271798,0.0,4921638.938007522
validation,2003-01-01,5,History-conditioned,Separate,water_cum,1,15,7540.135481247656,0.016333092624627805,7540.135481247656,0.0023011294592962923,0.0,511.6721124644391
validation,2003-01-01,5,History-conditioned,Separate,water_cum,2,15,39013.242870274174,0.041669984615004825,39013.242870274174,0.010403708033831557,0.0,22900.2434780083
validation,2003-01-01,5,History-conditioned,Separate,water_cum,3,15,100951.66217180382,0.07101828392751967,100951.66217180382,0.023845976442012383,0.0,70044.95177392072
validation,2003-01-01,5,History-conditioned,Separate,water_cum,4,15,183573.74223647386,0.09545384209768043,183573.74223647386,0.03878448941712058,0.0,130718.63346758988
validation,2003-01-01,5,History-conditioned,Separate,water_cum,5,15,283796.4859750778,0.11651751233354059,283796.4859750778,0.05412367173953196,0.0,203626.38637943112
validation,2003-01-01,5,History-conditioned,Separate,water_cum,6,15,401931.1660168782,0.13562840603898682,401931.1660168782,0.06967084404605771,0.0,290139.37258588447
validation,2003-01-01,5,History-conditioned,Separate,water_cum,7,15,538960.469870218,0.15347331053544083,538960.469870218,0.08534684817251625,0.0,392252.209520284
validation,2003-01-01,5,History-conditioned,Separate,water_cum,8,15,692757.3872872025,0.17001828718839637,692757.3872872025,0.10075709344195007,0.0,508997.33495849353
validation,2003-01-01,5,History-conditioned,Separate,water_cum,9,15,859148.8894404278,0.18521524809479328,859148.8894404278,0.11551677248940052,0.0,637660.463141298
validation,2003-01-01,5,History-conditioned,Separate,water_cum,10,15,1043826.835263306,0.1999234268804739,1043826.835263306,0.1301874855204434,0.0,783161.0461252037
validation,2003-01-01,5,History-conditioned,Separate,water_cum,11,15,1247511.4687399992,0.21429987009402376,1247511.4687399992,0.14478785013246304,0.0,946699.5629773742
validation,2003-01-01,5,History-conditioned,Separate,water_cum,12,15,1468481.9842799571,0.22831245856213817,1468481.9842799571,0.15918691244787794,0.0,1127337.5364503379
validation,2003-01-01,5,History-conditioned,Separate,water_cum,13,15,1700993.2563878032,0.24164464977495426,1700993.2563878032,0.1730305989442907,0.0,1320086.56472994
validation,2003-01-01,5,History-conditioned,Separate,water_cum,14,15,1950677.5789927188,0.2544950945495129,1950677.5789927188,0.18658325707396928,0.0,1529201.7386276296
validation,2003-01-01,5,History-conditioned,Separate,water_cum,15,15,2217319.9133321214,0.26683741413668943,2217319.9133321214,0.19979359288060672,0.0,1754264.397960342
validation,2003-01-01,5,History-conditioned,Separate,water_cum,16,15,2498150.290366885,0.2786221347496234,2498150.290366885,0.21255019993562121,0.0,1993139.081960523
validation,2003-01-01,5,History-conditioned,Separate,water_cum,17,15,2787475.197849616,0.2898101486544927,2787475.197849616,0.22471925935351963,0.0,2241001.025491284
validation,2003-01-01,5,History-conditioned,Separate,water_cum,18,15,3093820.327948563,0.3007043232304484,3093820.327948563,0.2366491346693008,0.0,2504571.163686854
validation,2003-01-01,5,History-conditioned,Separate,water_cum,19,15,3417895.9595956993,0.3113778626414932,3417895.9595956993,0.24838473004614792,0.0,2784452.964831452
validation,2003-01-01,5,History-conditioned,Separate,water_cum,20,15,3756509.707508153,0.3217623716331652,3756509.707508153,0.25982955536286706,0.0,3077830.61241548
validation,2003-01-01,5,Input-only PolyRidge,Constant,gas_cum,1,15,18257.333676544727,0.04693698080900508,32816.94161069396,0.0038010175991590213,31552.648261007933,17455.186404854183
validation,2003-01-01,5,Input-only PolyRidge,Constant,gas_cum,2,15,63774.35771706547,0.08449188088266701,63986.388568967326,0.0071108048557246405,31552.648261007933,62375.30006605803
validation,2003-01-01,5,Input-only PolyRidge,Constant,gas_cum,3,15,132025.5140217868,0.11977929178921139,127924.90808769458,0.013689109186391789,31552.648261007933,129960.8076502795
validation,2003-01-01,5,Input-only PolyRidge,Constant,gas_cum,4,15,217217.8422920633,0.15161579148182175,211549.5488676885,0.02186631381736644,31552.648261007933,214398.1819011666
validation,2003-01-01,5,Input-only PolyRidge,Constant,gas_cum,5,15,316791.76764151535,0.1816317274604718,310251.08885496075,0.031070244864363314,31552.648261007933,313167.3622290364
validation,2003-01-01,5,Input-only PolyRidge,Constant,gas_cum,6,15,431279.413846228,0.21134444354588533,424163.47947963525,0.04125549265043482,31552.648261007933,426795.1425569017
validation,2003-01-01,5,Input-only PolyRidge,Constant,gas_cum,7,15,561810.5066859536,0.24157478312156533,554305.4367731526,0.052462359229863205,31552.648261007933,556437.9834744516
validation,2003-01-01,5,Input-only PolyRidge,Constant,gas_cum,8,15,706393.9707930709,0.27205272843089606,698624.1700381011,0.06447185641458239,31552.648261007933,700151.1577253357
validation,2003-01-01,5,Input-only PolyRidge,Constant,gas_cum,9,15,861988.984643984,0.302727293452058,854038.2350022896,0.07703486803997923,31552.648261007933,854966.944130186
validation,2003-01-01,5,Input-only PolyRidge,Constant,gas_cum,10,15,1035456.506984301,0.3356474339340171,1027374.9740549397,0.09073133786391752,31552.648261007933,1027729.1911247246
validation,2003-01-01,5,Input-only PolyRidge,Constant,gas_cum,11,15,1224937.615385851,0.369956093837181,1216757.065496326,0.10535949036296606,31552.648261007933,1216572.4987089527
validation,2003-01-01,5,Input-only PolyRidge,Constant,gas_cum,12,15,1424857.8119480254,0.4040159042959614,1416604.8153564578,0.12042325082487579,31552.648261007933,1415916.8729598483
validation,2003-01-01,5,Input-only PolyRidge,Constant,gas_cum,13,15,1627870.3595760148,0.4363816692861306,1619567.5226416246,0.13534300004171734,31552.648261007933,1618401.85936471
validation,2003-01-01,5,Input-only PolyRidge,Constant,gas_cum,14,15,1838488.1984537088,0.467688151608989,1830150.7960438202,0.1504294640926782,31552.648261007933,1828528.1063592583
validation,2003-01-01,5,Input-only PolyRidge,Constant,gas_cum,15,15,2056096.2575844713,0.4979353765478255,2047734.1953273339,0.16562723843192795,31552.648261007933,2045664.7472768235
validation,2003-01-01,5,Input-only PolyRidge,Constant,gas_cum,16,15,2278400.8306073956,0.5270616203145755,2270020.5109929056,0.18078887713365843,31552.648261007933,2267504.9215277215
validation,2003-01-01,5,Input-only PolyRidge,Constant,gas_cum,17,15,2500281.444321081,0.5546488865199628,2491886.9425823824,0.19559045395989114,31552.648261007933,2488917.0412659193
validation,2003-01-01,5,Input-only PolyRidge,Constant,gas_cum,18,15,2728927.8099211943,0.5817744987528916,2720522.431267187,0.21052994316612214,31552.648261007933,2717068.288260467
validation,2003-01-01,5,Input-only PolyRidge,Constant,gas_cum,19,15,2964460.0268558133,0.6085675246693276,2956046.538202861,0.22562036796123153,31552.648261007933,2952074.795844687
validation,2003-01-01,5,Input-only PolyRidge,Constant,gas_cum,20,15,3204456.490079665,0.6348859271751958,3196036.416583604,0.24071902618084975,31552.648261007933,3191515.903428902
validation,2003-01-01,5,Input-only PolyRidge,Constant,oil_cum,1,15,51330.06505835339,0.04796804302320284,94337.0610931158,0.0039688901600801576,89464.00728259666,49006.236956375586
validation,2003-01-01,5,Input-only PolyRidge,Constant,oil_cum,2,15,177919.70292206772,0.08569846158373579,180628.80660108468,0.007291583340535888,89464.00728259666,173941.31061967238
validation,2003-01-01,5,Input-only PolyRidge,Constant,oil_cum,3,15,366578.66890641314,0.12089690545234634,356544.80655926006,0.013859429687171737,89464.00728259666,360721.0876565581
validation,2003-01-01,5,Input-only PolyRidge,Constant,oil_cum,4,15,601280.3243273936,0.15253230442513377,586463.9333435165,0.02201983169997337,89464.00728259666,593362.8646934477
validation,2003-01-01,5,Input-only PolyRidge,Constant,oil_cum,5,15,875271.1377473866,0.1823563897589302,857770.7689130129,0.031203711987549246,89464.00728259666,865232.6050234163
validation,2003-01-01,5,Input-only PolyRidge,Constant,oil_cum,6,15,1189864.9079973444,0.21183914339033072,1170580.7541015253,0.041356303713703434,89464.00728259666,1177575.145353388
validation,2003-01-01,5,Input-only PolyRidge,Constant,oil_cum,7,15,1548201.767396392,0.24180951719520793,1527701.2298957526,0.052518372637604734,89464.00728259666,1533580.2557236122
validation,2003-01-01,5,Input-only PolyRidge,Constant,oil_cum,8,15,1945797.9621963769,0.2721744537564276,1924473.0929052124,0.0645065026124809,89464.00728259666,1928850.8327605003
validation,2003-01-01,5,Input-only PolyRidge,Constant,oil_cum,9,15,2374135.1987855714,0.30282223063594566,2352244.497052127,0.07706455705913529,89464.00728259666,2355089.603050209
validation,2003-01-01,5,Input-only PolyRidge,Constant,oil_cum,10,15,2851887.264286792,0.3357506043741543,2829583.326340037,0.09076387137159432,89464.00728259666,2830940.5433801753
validation,2003-01-01,5,Input-only PolyRidge,Constant,oil_cum,11,15,3373972.2634739606,0.37010310503063465,3351356.595029328,0.10540368099480849,89464.00728259666,3351287.1204170636
validation,2003-01-01,5,Input-only PolyRidge,Constant,oil_cum,12,15,3924797.4853727254,0.4042033147748623,3901952.161419229,0.12047915192576703,89464.00728259666,3900531.1641206187
validation,2003-01-01,5,Input-only PolyRidge,Constant,oil_cum,13,15,4484085.3409387665,0.43659996773919696,4461079.795969228,0.13540892934903553,89464.00728259666,4458369.801076995
validation,2003-01-01,5,Input-only PolyRidge,Constant,oil_cum,14,15,5064203.518208005,0.46792040517855454,5041085.401734725,0.15050171378964722,89464.00728259666,5037147.80807363
validation,2003-01-01,5,Input-only PolyRidge,Constant,oil_cum,15,15,5663374.160737805,0.49815496243683505,5640174.1145130815,0.16569920220106116,89464.00728259666,5635055.8517771745
validation,2003-01-01,5,Input-only PolyRidge,Constant,oil_cum,16,15,6275611.366683494,0.5272867350765686,6252349.104576743,0.18086517927466458,89464.00728259666,6246042.162147394
validation,2003-01-01,5,Input-only PolyRidge,Constant,oil_cum,17,15,6886869.477546567,0.5549035518793306,6863557.618309775,0.19567745229802103,89464.00728259666,6856012.265770437
validation,2003-01-01,5,Input-only PolyRidge,Constant,oil_cum,18,15,7516759.078718631,0.5820579208490081,7493407.987032366,0.2106276716664384,89464.00728259666,7484533.206100404
validation,2003-01-01,5,Input-only PolyRidge,Constant,oil_cum,19,15,8165498.21878634,0.6088654500501998,8142116.504930007,0.22572505518669359,89464.00728259666,8131822.183137296
validation,2003-01-01,5,Input-only PolyRidge,Constant,oil_cum,20,15,8826481.028701037,0.6351924758710298,8803073.89050639,0.24082902823213434,89464.00728259666,8791273.826840851
validation,2003-01-01,5,Input-only PolyRidge,Constant,water_cum,1,15,21670.03852292805,0.04694063485390727,34774.48169210162,0.010612618891592344,23160.164796425765,-17933.352408423925
validation,2003-01-01,5,Input-only PolyRidge,Constant,water_cum,2,15,53577.070867820665,0.05722558686553555,58942.62184407023,0.015718299308091824,23160.164796425765,-46473.414102867864
validation,2003-01-01,5,Input-only PolyRidge,Constant,water_cum,3,15,95791.14066828447,0.06738791892444229,96680.04912081873,0.022836970924006824,23160.164796425765,-83191.60174999532
validation,2003-01-01,5,Input-only PolyRidge,Constant,water_cum,4,15,157389.82954777539,0.08183884990524103,156381.64994473287,0.03303948796500739,23160.164796425765,-138316.85606378963
validation,2003-01-01,5,Input-only PolyRidge,Constant,water_cum,5,15,237349.16936409584,0.09744777027001407,235629.18947087138,0.04493754339260341,23160.164796425765,-210772.5510915661
validation,2003-01-01,5,Input-only PolyRidge,Constant,water_cum,6,15,334565.54129627824,0.11289642336339639,332633.5133213958,0.05765877242307218,23160.164796425765,-299700.2627860116
validation,2003-01-01,5,Input-only PolyRidge,Constant,water_cum,7,15,448376.9152044346,0.1276789178261323,446491.9128672193,0.07070403049580062,23160.164796425765,-404954.917099811
validation,2003-01-01,5,Input-only PolyRidge,Constant,water_cum,8,15,576804.0225387904,0.14156071628401953,575109.0528708489,0.08364590207595464,23160.164796425765,-525169.838080276
validation,2003-01-01,5,Input-only PolyRidge,Constant,water_cum,9,15,715592.5307503742,0.15426737989969966,714144.7855516137,0.09602026113400176,23160.164796425765,-656410.6071553688
validation,2003-01-01,5,Input-only PolyRidge,Constant,water_cum,10,15,867882.6245706715,0.16622495472672955,866696.7577549797,0.10809558423776242,23160.164796425765,-801422.7355164811
validation,2003-01-01,5,Input-only PolyRidge,Constant,water_cum,11,15,1032805.9356977103,0.17741734917748048,1031878.3351119524,0.11976118014371766,23160.164796425765,-959392.8898302794
validation,2003-01-01,5,Input-only PolyRidge,Constant,water_cum,12,15,1207582.1932730472,0.18774902410342872,1206901.077171558,0.13083092483368958,23160.164796425765,-1127690.577477414
validation,2003-01-01,5,Input-only PolyRidge,Constant,water_cum,13,15,1388052.1131362864,0.1971879462123705,1387598.9786912745,0.14115110772825923,23160.164796425765,-1302330.8798858402
validation,2003-01-01,5,Input-only PolyRidge,Constant,water_cum,14,15,1581209.3783017362,0.20629243631398655,1580987.1556162,0.15122218867113046,23160.164796425765,-1490379.641580291
validation,2003-01-01,5,Input-only PolyRidge,Constant,water_cum,15,15,1787852.0339917676,0.21515425480144798,1787864.3866343189,0.16109711875187085,23160.164796425765,-1692614.3958940953
validation,2003-01-01,5,Input-only PolyRidge,Constant,water_cum,16,15,2005353.1682073944,0.22365979453174029,2005599.1331097044,0.17064245428987787,23160.164796425765,-1906457.2502078966
validation,2003-01-01,5,Input-only PolyRidge,Constant,water_cum,17,15,2227640.25539259,0.23160484228239878,2228105.66235734,0.17962429032286492,23160.164796425765,-2125605.1192829926
validation,2003-01-01,5,Input-only PolyRidge,Constant,water_cum,18,15,2462915.7330510416,0.2393834580470991,2463592.1109143225,0.18844240435014797,23160.164796425765,-2358046.4476441047
validation,2003-01-01,5,Input-only PolyRidge,Constant,water_cum,19,15,2711022.8519916763,0.24698016300217268,2711898.6144512985,0.1970786159748079,23160.164796425765,-2603510.4352912363
validation,2003-01-01,5,Input-only PolyRidge,Constant,water_cum,20,15,2969068.8333086795,0.25431443114284624,2970128.223824733,0.20543726912900773,23160.164796425765,-2859038.8896050313
validation,2003-01-01,5,Input-only PolyRidge,Liquid-WC-time,gas_cum,1,15,7881.39191318341,0.0202619258392909,31190.103587255984,0.0036125893162487765,31552.648261007933,5381.954035531419
validation,2003-01-01,5,Input-only PolyRidge,Liquid-WC-time,gas_cum,2,15,18102.697666878194,0.02398347909218562,32497.8127144616,0.0036114806542230362,31552.648261007933,11599.297955353682
validation,2003-01-01,5,Input-only PolyRidge,Liquid-WC-time,gas_cum,3,15,25917.12717991019,0.0235131456356859,35730.56917566664,0.003823490437079901,31552.648261007933,11024.806638133277
validation,2003-01-01,5,Input-only PolyRidge,Liquid-WC-time,gas_cum,4,15,33209.08607816971,0.02317959619246995,42400.93897711684,0.004382671779671434,31552.648261007933,-3347.742126570394
validation,2003-01-01,5,Input-only PolyRidge,Liquid-WC-time,gas_cum,5,15,53264.32194021555,0.03053895900779785,61811.24331663265,0.006190116760932068,31552.648261007933,-33262.666897441326
validation,2003-01-01,5,Input-only PolyRidge,Liquid-WC-time,gas_cum,6,15,92756.43100999117,0.045454421583169986,100547.8606141318,0.009779605565458444,31552.648261007933,-79168.95816658747
validation,2003-01-01,5,Input-only PolyRidge,Liquid-WC-time,gas_cum,7,15,150830.31573152388,0.06485603308833793,158356.6537954495,0.014987700113892034,31552.648261007933,-141494.77763598747
validation,2003-01-01,5,Input-only PolyRidge,Liquid-WC-time,gas_cum,8,15,225398.5761196219,0.08680750424432084,232974.63320510194,0.02149983888965674,31552.648261007933,-219207.8132639993
validation,2003-01-01,5,Input-only PolyRidge,Liquid-WC-time,gas_cum,9,15,311433.22912537475,0.1093741802084609,319187.9826644601,0.02879098747193437,31552.648261007933,-307598.4454545268
validation,2003-01-01,5,Input-only PolyRidge,Liquid-WC-time,gas_cum,10,15,407272.0649216912,0.13201889464397043,415251.7381938438,0.03667243869873541,31552.648261007933,-405156.5818216104
validation,2003-01-01,5,Input-only PolyRidge,Liquid-WC-time,gas_cum,11,15,512932.17347898637,0.15491595728646687,521141.12112725293,0.04512582214326819,31552.648261007933,-511924.38048773346
validation,2003-01-01,5,Input-only PolyRidge,Liquid-WC-time,gas_cum,12,15,628418.966703932,0.17818708293602278,636851.2050382496,0.05413767592138795,31552.648261007933,-627881.5070552545
validation,2003-01-01,5,Input-only PolyRidge,Liquid-WC-time,gas_cum,13,15,750990.4987288435,0.2013173134614184,759630.569334172,0.06348032961873266,31552.648261007933,-750297.3747915106
validation,2003-01-01,5,Input-only PolyRidge,Liquid-WC-time,gas_cum,14,15,884218.2265073808,0.22493393665623132,893052.1470253427,0.07340452829036792,31552.648261007933,-882778.4761163656
validation,2003-01-01,5,Input-only PolyRidge,Liquid-WC-time,gas_cum,15,15,1026876.4315168061,0.24868393233501207,1035884.1131905416,0.08378559355738562,31552.648261007933,-1024145.685342212
validation,2003-01-01,5,Input-only PolyRidge,Liquid-WC-time,gas_cum,16,15,1175431.2586849642,0.27191207773820025,1184589.8032196693,0.09434305080106596,31552.648261007933,-1170963.421469252
validation,2003-01-01,5,Input-only PolyRidge,Liquid-WC-time,gas_cum,17,15,1324818.7179727308,0.2938906051690144,1334104.0729318191,0.10471503212904995,31552.648261007933,-1318310.914809971
validation,2003-01-01,5,Input-only PolyRidge,Liquid-WC-time,gas_cum,18,15,1478553.285638752,0.3152097294419694,1487950.7719774882,0.11514633654849014,31552.648261007933,-1469717.2754507274
validation,2003-01-01,5,Input-only PolyRidge,Liquid-WC-time,gas_cum,19,15,1635425.0473799927,0.3357328362838027,1644922.6212018325,0.1255487835752882,31552.648261007933,-1624032.7605927438
validation,2003-01-01,5,Input-only PolyRidge,Liquid-WC-time,gas_cum,20,15,1792575.6525798107,0.3551557210226066,1802161.098340541,0.13573514443157397,31552.648261007933,-1778479.3320928111
validation,2003-01-01,5,Input-only PolyRidge,Liquid-WC-time,oil_cum,1,15,22286.81446807026,0.020827070334689883,88821.841060002,0.00373685725311376,89464.00728259666,15350.615917774787
validation,2003-01-01,5,Input-only PolyRidge,Liquid-WC-time,oil_cum,2,15,51145.846636653165,0.02463538495834132,93133.75631491201,0.0037596026833477594,89464.00728259666,33324.98631119132
validation,2003-01-01,5,Input-only PolyRidge,Liquid-WC-time,oil_cum,3,15,72794.32012368712,0.024007419918118625,102205.2497649748,0.003972870861441258,89464.00728259666,32055.508806499343
validation,2003-01-01,5,Input-only PolyRidge,Liquid-WC-time,oil_cum,4,15,91921.37523560764,0.023318539827989312,119627.00994414717,0.0044916089054673715,89464.00728259666,-7718.804743245989
validation,2003-01-01,5,Input-only PolyRidge,Liquid-WC-time,oil_cum,5,15,146088.40351441613,0.030436458717348215,171543.74688337758,0.006240363818642547,89464.00728259666,-90491.96909922262
validation,2003-01-01,5,Input-only PolyRidge,Liquid-WC-time,oil_cum,6,15,254963.2276387228,0.04539270918572336,277658.7678465439,0.009809609710052025,89464.00728259666,-217709.7737508908
validation,2003-01-01,5,Input-only PolyRidge,Liquid-WC-time,oil_cum,7,15,415887.00982928474,0.0649562861717299,437432.17330164294,0.0150377740303977,89464.00728259666,-390548.963768821
validation,2003-01-01,5,Input-only PolyRidge,Liquid-WC-time,oil_cum,8,15,621942.3167330549,0.08699608778177059,643429.3700267122,0.021567138814041785,89464.00728259666,-605207.3574109257
validation,2003-01-01,5,Input-only PolyRidge,Liquid-WC-time,oil_cum,9,15,859182.774717475,0.10958922832070189,881067.8014016728,0.02886566423651045,89464.00728259666,-848840.2240799777
validation,2003-01-01,5,Input-only PolyRidge,Liquid-WC-time,oil_cum,10,15,1123191.3762250775,0.13223250025267644,1145646.4830209916,0.03674862975558148,89464.00728259666,-1117499.3584492416
validation,2003-01-01,5,Input-only PolyRidge,Liquid-WC-time,oil_cum,11,15,1414011.360335254,0.1551079718924038,1437078.244613827,0.0451976185060455,89464.00728259666,-1411282.6532795331
validation,2003-01-01,5,Input-only PolyRidge,Liquid-WC-time,oil_cum,12,15,1731876.3524566803,0.17836083646407766,1755550.579472898,0.05420549412906016,89464.00728259666,-1730368.1515144408
validation,2003-01-01,5,Input-only PolyRidge,Liquid-WC-time,oil_cum,13,15,2069265.6592407664,0.2014772805102783,2093511.4928611328,0.0635451869935981,89464.00728259666,-2067272.7875389033
validation,2003-01-01,5,Input-only PolyRidge,Liquid-WC-time,oil_cum,14,15,2436071.2145022745,0.22508720781764174,2460855.667903621,0.07346889923368759,89464.00728259666,-2431981.5586166177
validation,2003-01-01,5,Input-only PolyRidge,Liquid-WC-time,oil_cum,15,15,2829012.2723237225,0.24884220294376105,2854281.4042318077,0.08385417576410498,89464.00728259666,-2821321.6261036736
validation,2003-01-01,5,Input-only PolyRidge,Liquid-WC-time,oil_cum,16,15,3238057.535405346,0.27206668578909726,3263747.7380746044,0.09441224568251376,89464.00728259666,-3225533.4490118036
validation,2003-01-01,5,Input-only PolyRidge,Liquid-WC-time,oil_cum,17,15,3649210.562783327,0.2940319849891255,3675254.181813195,0.1047801176646865,89464.00728259666,-3631032.037256372
validation,2003-01-01,5,Input-only PolyRidge,Liquid-WC-time,oil_cum,18,15,4072321.2797271875,0.3153389422601056,4098677.726376694,0.11520725254941144,89464.00728259666,-4047707.001822069
validation,2003-01-01,5,Input-only PolyRidge,Liquid-WC-time,oil_cum,19,15,4504169.105158018,0.3358561689481156,4530804.864293298,0.12560814837438095,89464.00728259666,-4472496.035110802
validation,2003-01-01,5,Input-only PolyRidge,Liquid-WC-time,oil_cum,20,15,4936819.750593449,0.3552753073520107,4963701.05215198,0.1357938506132225,89464.00728259666,-4897689.896825491
validation,2003-01-01,5,Input-only PolyRidge,Liquid-WC-time,water_cum,1,15,19719.982393147686,0.04271651348763499,25442.120564820994,0.007764530661853591,23160.164796425765,16044.943781001431
validation,2003-01-01,5,Input-only PolyRidge,Liquid-WC-time,water_cum,2,15,98475.04227510336,0.10518104096627404,91454.82864857746,0.02438836829606026,23160.164796425765,94791.81771868569
validation,2003-01-01,5,Input-only PolyRidge,Liquid-WC-time,water_cum,3,15,251219.49336771545,0.17672990146267417,242746.39386019512,0.05733956890697366,23160.164796425765,246452.67325637068
validation,2003-01-01,5,Input-only PolyRidge,Liquid-WC-time,water_cum,4,15,469952.3394890313,0.24436368655183743,461385.21097396285,0.09747902730655437,23160.164796425765,464073.2693256455
validation,2003-01-01,5,Input-only PolyRidge,Liquid-WC-time,water_cum,5,15,753315.2620173768,0.30928649462157953,744947.7257764754,0.1420711959646236,23160.164796425765,746586.626056464
validation,2003-01-01,5,Input-only PolyRidge,Liquid-WC-time,water_cum,6,15,1104592.7522776534,0.37273584877303206,1096519.8959796596,0.19007101992929362,23160.164796425765,1097545.3781932099
validation,2003-01-01,5,Input-only PolyRidge,Liquid-WC-time,water_cum,7,15,1528184.3318367929,0.43516272830150154,1520446.1851715534,0.24076958696352196,23160.164796425765,1521464.6981507305
validation,2003-01-01,5,Input-only PolyRidge,Liquid-WC-time,water_cum,8,15,2017397.4790335826,0.49511484144055795,2009996.0624186595,0.2923409620677311,23160.164796425765,2011508.392885635
validation,2003-01-01,5,Input-only PolyRidge,Liquid-WC-time,water_cum,9,15,2555315.845913839,0.5508747833797963,2548226.207141211,0.3426214834702059,23160.164796425765,2550461.711696291
validation,2003-01-01,5,Input-only PolyRidge,Liquid-WC-time,water_cum,10,15,3154151.4567654384,0.6041124320946577,3147349.138742214,0.39254161378637425,23160.164796425765,3150285.6636814573
validation,2003-01-01,5,Input-only PolyRidge,Liquid-WC-time,water_cum,11,15,3809920.818980474,0.6544753752049043,3803377.9128104714,0.4414251291760216,23160.164796425765,3806774.9406715194
validation,2003-01-01,5,Input-only PolyRidge,Liquid-WC-time,water_cum,12,15,4509985.653322856,0.7011907014269566,4503672.083564563,0.4882086817100962,23160.164796425765,4507136.325552751
validation,2003-01-01,5,Input-only PolyRidge,Liquid-WC-time,water_cum,13,15,5230607.053508664,0.7430647974699222,5224489.71245607,0.5314521857918877,23160.164796425765,5227561.6350936545
validation,2003-01-01,5,Input-only PolyRidge,Liquid-WC-time,water_cum,14,15,5987114.313817993,0.7811086977073107,5981171.795309388,0.5721019848211171,23160.164796425765,5983325.543918128
validation,2003-01-01,5,Input-only PolyRidge,Liquid-WC-time,water_cum,15,15,6773785.485950547,0.8151730348515324,6767999.062382336,0.6098366055143999,23160.164796425765,6768668.345785171
validation,2003-01-01,5,Input-only PolyRidge,Liquid-WC-time,water_cum,16,15,7577367.14723029,0.8451141704660641,7571719.441337849,0.6442248440050553,23160.164796425765,7570353.040893179
validation,2003-01-01,5,Input-only PolyRidge,Liquid-WC-time,water_cum,17,15,8376358.433566106,0.8708790251076785,8370831.01685016,0.6748354022059795,23160.164796425765,8366996.0906957155
validation,2003-01-01,5,Input-only PolyRidge,Liquid-WC-time,water_cum,18,15,9192238.806724675,0.8934410070224232,9186818.707315795,0.7027081300779962,23160.164796425765,9180076.4464724
validation,2003-01-01,5,Input-only PolyRidge,Liquid-WC-time,water_cum,19,15,10022378.925567634,0.9130608319615282,10017054.333700186,0.7279575990452415,23160.164796425765,10007019.799694715
validation,2003-01-01,5,Input-only PolyRidge,Liquid-WC-time,water_cum,20,15,10855330.826685062,0.9298091216630279,10850090.040008128,0.7504769826915897,23160.164796425765,10836466.15249621
validation,2003-01-01,5,Input-only PolyRidge,Liquid-WC-volume,gas_cum,1,15,7740.721681179963,0.019900282890932756,31174.238063307344,0.003610751694191729,31552.648261007933,5301.7748160417505
validation,2003-01-01,5,Input-only PolyRidge,Liquid-WC-volume,gas_cum,2,15,17438.906308712852,0.02310405070791446,32215.60858302669,0.0035801193201488364,31552.648261007933,11244.580815810275
validation,2003-01-01,5,Input-only PolyRidge,Liquid-WC-volume,gas_cum,3,15,24272.144193654734,0.022020745484405548,34745.155878672056,0.0037180424018385234,31552.648261007933,10153.597443371762
validation,2003-01-01,5,Input-only PolyRidge,Liquid-WC-volume,gas_cum,4,15,30842.954667051567,0.02152806111201222,40882.155311516726,0.004225686333800909,31552.648261007933,-5003.579303218673
validation,2003-01-01,5,Input-only PolyRidge,Liquid-WC-volume,gas_cum,5,15,51991.895102258655,0.029809416424144898,61057.25303002908,0.0061146080401840285,31552.648261007933,-35965.76896355041
validation,2003-01-01,5,Input-only PolyRidge,Liquid-WC-volume,gas_cum,6,15,93461.99619389925,0.04580017720328769,101504.28997291207,0.009872630934899082,31552.648261007933,-83172.92330691988
validation,2003-01-01,5,Input-only PolyRidge,Liquid-WC-volume,gas_cum,7,15,153692.4633477215,0.06608673753657521,161353.93740935568,0.015271378676710967,31552.648261007933,-147032.18304165354
validation,2003-01-01,5,Input-only PolyRidge,Liquid-WC-volume,gas_cum,8,15,230523.95483471252,0.08878143567824372,238177.9253908567,0.021980019680803438,31552.648261007933,-226439.8944830384
validation,2003-01-01,5,Input-only PolyRidge,Liquid-WC-volume,gas_cum,9,15,318850.8158778405,0.11197920881268052,326650.56468387094,0.02946411778102562,31552.648261007933,-316578.3194855448
validation,2003-01-01,5,Input-only PolyRidge,Liquid-WC-volume,gas_cum,10,15,417025.9738163069,0.13518066384356617,425028.995361446,0.037535904955806894,31552.648261007933,-415926.72021082154
validation,2003-01-01,5,Input-only PolyRidge,Liquid-WC-volume,gas_cum,11,15,525024.1155665731,0.15856796993220465,533240.924849303,0.04617354908054889,31552.648261007933,-524465.6740258578
validation,2003-01-01,5,Input-only PolyRidge,Liquid-WC-volume,gas_cum,12,15,642763.6633272951,0.18225449621020476,651192.3439777761,0.05535679261004217,31552.648261007933,-642103.8318259155
validation,2003-01-01,5,Input-only PolyRidge,Liquid-WC-volume,gas_cum,13,15,767398.4474518095,0.2057157767734195,776026.7411566005,0.06485051459257521,31552.648261007933,-766041.6137381536
validation,2003-01-01,5,Input-only PolyRidge,Liquid-WC-volume,gas_cum,14,15,902536.7411976445,0.2295939351718145,911352.8948772728,0.07490876045408475,31552.648261007933,-899916.7174380581
validation,2003-01-01,5,Input-only PolyRidge,Liquid-WC-volume,gas_cum,15,15,1046925.5764923493,0.2535393366070802,1055911.358376394,0.08540546068716298,31552.648261007933,-1042535.5489041652
validation,2003-01-01,5,Input-only PolyRidge,Liquid-WC-volume,gas_cum,16,15,1197003.2279924457,0.2769023134086931,1206137.2114038186,0.09605912856859637,31552.648261007933,-1190446.421203394
validation,2003-01-01,5,Input-only PolyRidge,Liquid-WC-volume,gas_cum,17,15,1347683.5075861034,0.2989628061919732,1356942.759282379,0.10650766122261722,31552.648261007933,-1338716.7971151692
validation,2003-01-01,5,Input-only PolyRidge,Liquid-WC-volume,gas_cum,18,15,1502539.7572094619,0.3203233559088063,1511910.3123203253,0.11700046596447675,31552.648261007933,-1490920.211432181
validation,2003-01-01,5,Input-only PolyRidge,Liquid-WC-volume,gas_cum,19,15,1660374.5435595703,0.3408546638659598,1669844.8529868235,0.1274509738937002,31552.648261007933,-1645916.2688976717
validation,2003-01-01,5,Input-only PolyRidge,Liquid-WC-volume,gas_cum,20,15,1818336.7374594922,0.36025965996186454,1827894.9379196635,0.13767336540153474,31552.648261007933,-1800932.3992208436
validation,2003-01-01,5,Input-only PolyRidge,Liquid-WC-volume,oil_cum,1,15,21895.25308233214,0.02046115547804673,88773.20200843646,0.00373481094118802,89464.00728259666,15129.922303320467
validation,2003-01-01,5,Input-only PolyRidge,Liquid-WC-volume,oil_cum,2,15,49300.867667874016,0.023746715200681168,92341.3868111276,0.0037276164881109007,89464.00728259666,32348.62440925315
validation,2003-01-01,5,Input-only PolyRidge,Liquid-WC-volume,oil_cum,3,15,68230.85940739329,0.022502399780424464,99484.01256659337,0.0038670923031247305,89464.00728259666,29657.49466053024
validation,2003-01-01,5,Input-only PolyRidge,Liquid-WC-volume,oil_cum,4,15,85293.60879184508,0.021637213418398995,115402.70151468932,0.0043329997304152445,89464.00728259666,-12276.52307671532
validation,2003-01-01,5,Input-only PolyRidge,Liquid-WC-volume,oil_cum,5,15,142508.51348072416,0.029690614607878158,169394.13152292717,0.006162165795321577,89464.00728259666,-97932.30908860688
validation,2003-01-01,5,Input-only PolyRidge,Liquid-WC-volume,oil_cum,6,15,256956.73815030107,0.04574762641731323,280296.3964329217,0.0099027964197429,89464.00728259666,-228730.7746676497
validation,2003-01-01,5,Input-only PolyRidge,Liquid-WC-volume,oil_cum,7,15,423894.63532409305,0.06620697590452612,445763.7871851372,0.015324193124683467,89464.00728259666,-405790.8046465861
validation,2003-01-01,5,Input-only PolyRidge,Liquid-WC-volume,oil_cum,8,15,636188.9818736592,0.08898888373378082,657850.0194853093,0.022050505230233337,89464.00728259666,-625113.8473464114
validation,2003-01-01,5,Input-only PolyRidge,Liquid-WC-volume,oil_cum,9,15,879729.8325132234,0.11221001667256028,901704.2389816293,0.029541758036866185,89464.00728259666,-873557.5719099834
validation,2003-01-01,5,Input-only PolyRidge,Liquid-WC-volume,oil_cum,10,15,1150158.7616616478,0.13540735084095296,1172647.8182033908,0.03761474516223626,89464.00728259666,-1147144.4703398559
validation,2003-01-01,5,Input-only PolyRidge,Liquid-WC-volume,oil_cum,11,15,1447400.5603778246,0.15877055286380773,1470461.7402130219,0.04624756446698802,89464.00728259666,-1445802.931544094
validation,2003-01-01,5,Input-only PolyRidge,Liquid-WC-volume,oil_cum,12,15,1771453.280726358,0.18243674755371483,1795092.7369509407,0.05542642288502341,89464.00728259666,-1769515.5272955298
validation,2003-01-01,5,Input-only PolyRidge,Liquid-WC-volume,oil_cum,13,15,2114511.660265827,0.20588272801760282,2138702.0327747366,0.06491687342519586,89464.00728259666,-2110609.2853602613
validation,2003-01-01,5,Input-only PolyRidge,Liquid-WC-volume,oil_cum,14,15,2486570.3900361145,0.22975321197644355,2511284.537147555,0.07497445421656376,89464.00728259666,-2479155.096177053
validation,2003-01-01,5,Input-only PolyRidge,Liquid-WC-volume,oil_cum,15,15,2884275.091702962,0.2537031651423865,2909463.9862297624,0.08547535086026513,89464.00728259666,-2871940.2962814043
validation,2003-01-01,5,Input-only PolyRidge,Liquid-WC-volume,oil_cum,16,15,3297510.892923836,0.2770620503748797,3323114.853942729,0.09612959125533986,89464.00728259666,-3279161.0124946483
validation,2003-01-01,5,Input-only PolyRidge,Liquid-WC-volume,oil_cum,17,15,3712217.089911466,0.2991086814197716,3738171.431433919,0.10657386484305051,89464.00728259666,-3687199.8643287164
validation,2003-01-01,5,Input-only PolyRidge,Liquid-WC-volume,oil_cum,18,15,4138409.5253949477,0.32045646517963655,4164675.5154707325,0.11706234447501673,89464.00728259666,-4106068.7433745475
validation,2003-01-01,5,Input-only PolyRidge,Liquid-WC-volume,oil_cum,19,15,4572903.505289599,0.34098139221664336,4599448.88535198,0.1275111763441141,89464.00728259666,-4532731.071618315
validation,2003-01-01,5,Input-only PolyRidge,Liquid-WC-volume,oil_cum,20,15,5007784.099394799,0.36038221465370107,5034575.961698929,0.13773280237081706,89464.00728259666,-4959492.659431244
validation,2003-01-01,5,Input-only PolyRidge,Liquid-WC-volume,water_cum,1,15,19874.13193193643,0.043050425086616446,25797.063655104033,0.007872853649345696,23160.164796425765,16265.637395456184
validation,2003-01-01,5,Input-only PolyRidge,Liquid-WC-volume,water_cum,2,15,99199.39247416134,0.1059547182981223,92507.7160654069,0.024669143040000733,23160.164796425765,95768.17962062279
validation,2003-01-01,5,Input-only PolyRidge,Liquid-WC-volume,water_cum,3,15,253097.86796555892,0.17805131547054723,244930.0495033681,0.05785537419342802,23160.164796425765,248850.6874023394
validation,2003-01-01,5,Input-only PolyRidge,Liquid-WC-volume,water_cum,4,15,473706.1421920596,0.2463155718602447,465437.05181848095,0.09833507881173988,23160.164796425765,468630.98765911476
validation,2003-01-01,5,Input-only PolyRidge,Liquid-WC-volume,water_cum,5,15,759730.9491983714,0.31192056497545034,751656.6433237806,0.14335067357975453,23160.164796425765,754026.9660458466
validation,2003-01-01,5,Input-only PolyRidge,Liquid-WC-volume,water_cum,6,15,1114477.9216515555,0.3760715188552855,1106692.2812912217,0.1918343036219757,23160.164796425765,1108566.379109968
validation,2003-01-01,5,Input-only PolyRidge,Liquid-WC-volume,water_cum,7,15,1542319.5938216764,0.43918785736639987,1534860.601731774,0.2430521755584829,23160.164796425765,1536706.5390284918
validation,2003-01-01,5,Input-only PolyRidge,Liquid-WC-volume,water_cum,8,15,2036384.2090640974,0.49977461321395994,2029252.2036704454,0.2951416436036368,23160.164796425765,2031414.8828211178
validation,2003-01-01,5,Input-only PolyRidge,Liquid-WC-volume,water_cum,9,15,2579434.802013728,0.5560743459849903,2572603.7848464767,0.3458991680860307,23160.164796425765,2575179.0595262945
validation,2003-01-01,5,Input-only PolyRidge,Liquid-WC-volume,water_cum,10,15,3183632.2079995815,0.6097588598493665,3177076.729707446,0.39624927887755534,23160.164796425765,3179930.775572069
validation,2003-01-01,5,Input-only PolyRidge,Liquid-WC-volume,water_cum,11,15,3844797.3154344815,0.66046652546421,3838488.8722620835,0.4455001541056293,23160.164796425765,3841295.218936078
validation,2003-01-01,5,Input-only PolyRidge,Liquid-WC-volume,water_cum,12,15,4550059.91146518,0.7074212527714554,4543968.321828656,0.4925768890297592,23160.164796425765,4546283.7013338385
validation,2003-01-01,5,Input-only PolyRidge,Liquid-WC-volume,water_cum,13,15,5275446.952231356,0.7494347942833128,5269539.599513009,0.5360348076868082,23160.164796425765,5270898.132915004
validation,2003-01-01,5,Input-only PolyRidge,Liquid-WC-volume,water_cum,14,15,6036377.214765806,0.7875357806704372,6030633.027967099,0.5768329757278432,23160.164796425765,6030499.081478558
validation,2003-01-01,5,Input-only PolyRidge,Liquid-WC-volume,water_cum,15,15,6827075.329680104,0.8215860580761216,6821476.053439993,0.6146551975973968,23160.164796425765,6819287.015962899
validation,2003-01-01,5,Input-only PolyRidge,Liquid-WC-volume,water_cum,16,15,7634228.340525879,0.8514559774908533,7628757.246320694,0.6490777933651245,23160.164796425765,7623980.604376028
validation,2003-01-01,5,Input-only PolyRidge,Liquid-WC-volume,water_cum,17,15,8436277.83627233,0.8771087669970326,8430917.362116577,0.6796794126624476,23160.164796425765,8423163.917768069
validation,2003-01-01,5,Input-only PolyRidge,Liquid-WC-volume,water_cum,18,15,9254835.054823387,0.8995250585916912,9249572.7967247,0.7075082475319481,23160.164796425765,9238438.188024886
validation,2003-01-01,5,Input-only PolyRidge,Liquid-WC-volume,water_cum,19,15,10087292.699365165,0.9189746199702946,10082117.416264525,0.7326858518621076,23160.164796425765,10067254.836202228
validation,2003-01-01,5,Input-only PolyRidge,Liquid-WC-volume,water_cum,20,15,10922212.92250683,0.9355378814552351,10917113.556341292,0.7551128526356751,23160.164796425765,10898268.91510197
validation,2003-01-01,5,Input-only PolyRidge,Separate,gas_cum,1,15,14902.20723958056,0.038311432962120556,31803.32227194329,0.003683615283271555,31552.648261007933,13603.331568327174
validation,2003-01-01,5,Input-only PolyRidge,Separate,gas_cum,2,15,49667.02889805528,0.06580169271273634,51346.26842420327,0.005706108799071076,31552.648261007933,46619.53305732471
validation,2003-01-01,5,Input-only PolyRidge,Separate,gas_cum,3,15,99894.26729673818,0.09062842647695335,95944.17074103699,0.010266884289426431,31552.648261007933,94188.10604449685
validation,2003-01-01,5,Input-only PolyRidge,Separate,gas_cum,4,15,160112.22574765477,0.11175666591884646,153949.18154448553,0.01591258943163172,31552.648261007933,150783.6812664433
validation,2003-01-01,5,Input-only PolyRidge,Separate,gas_cum,5,15,228350.99404767496,0.13092444233945347,220884.459960452,0.022120580730378193,31552.648261007933,214507.73600947583
validation,2003-01-01,5,Input-only PolyRidge,Separate,gas_cum,6,15,305013.43546193687,0.14946898164424327,296643.2178387998,0.028852465347473447,31552.648261007933,285809.8449289384
validation,2003-01-01,5,Input-only PolyRidge,Separate,gas_cum,7,15,390742.15204812586,0.16801652784013293,381726.0734235003,0.03612854766124995,31552.648261007933,365442.786513542
validation,2003-01-01,5,Input-only PolyRidge,Separate,gas_cum,8,15,483993.8351862204,0.18640001026384223,474509.59175447025,0.04378965913141522,31552.648261007933,452065.6236101426
validation,2003-01-01,5,Input-only PolyRidge,Separate,gas_cum,9,15,583011.4039499377,0.20475141505705424,573185.5695828877,0.051701753979574126,31552.648261007933,544347.6265809112
validation,2003-01-01,5,Input-only PolyRidge,Separate,gas_cum,10,15,692845.4015379082,0.22458865202989003,682760.2142527935,0.0602971157014948,31552.648261007933,647321.7094086836
validation,2003-01-01,5,Input-only PolyRidge,Separate,gas_cum,11,15,811623.5929517177,0.2451268459250745,801330.0241166595,0.06938749348378408,31552.648261007933,759065.908333274
validation,2003-01-01,5,Input-only PolyRidge,Separate,gas_cum,12,15,934702.3473631463,0.26503319204966,924238.5942172746,0.07856800629712053,31552.648261007933,874889.5877884
validation,2003-01-01,5,Input-only PolyRidge,Separate,gas_cum,13,15,1056845.5389024648,0.2833075851101411,1046243.269117706,0.08743179943796489,31552.648261007933,989603.9691132675
validation,2003-01-01,5,Input-only PolyRidge,Separate,gas_cum,14,15,1180141.5670072625,0.3002130927872038,1169418.2184731623,0.09612047066580641,31552.648261007933,1105029.2384465062
validation,2003-01-01,5,Input-only PolyRidge,Separate,gas_cum,15,15,1303969.1039652994,0.31578888604782007,1293135.2534036597,0.10459288194187856,31552.648261007933,1220480.2205529436
validation,2003-01-01,5,Input-only PolyRidge,Separate,gas_cum,16,15,1427127.4885996748,0.3301368733860108,1416191.2276233495,0.11278824160781462,31552.648261007933,1334799.0388304298
validation,2003-01-01,5,Input-only PolyRidge,Separate,gas_cum,17,15,1546986.1171865216,0.34317501707986037,1535954.8402815252,0.12055848094024181,31552.648261007933,1445512.320489315
validation,2003-01-01,5,Input-only PolyRidge,Separate,gas_cum,18,15,1667544.5339447628,0.3555003843842443,1656422.7500075211,0.1281836839168139,31552.648261007933,1556317.583683808
validation,2003-01-01,5,Input-only PolyRidge,Separate,gas_cum,19,15,1788882.7398576706,0.3672358308280262,1777674.8087245245,0.13568109949435264,31552.648261007933,1667278.9110683454
validation,2003-01-01,5,Input-only PolyRidge,Separate,gas_cum,20,15,1909861.3117228542,0.3783930514965597,1898571.0155669367,0.142996545230543,31552.648261007933,1777361.1266958676
validation,2003-01-01,5,Input-only PolyRidge,Separate,oil_cum,1,15,41668.862251997816,0.038939630701022576,90518.9444809904,0.0038082567327048272,89464.00728259666,37980.72088473986
validation,2003-01-01,5,Input-only PolyRidge,Separate,oil_cum,2,15,138290.89709610047,0.06661048179336063,144487.6931351124,0.0058326469404361364,89464.00728259666,129721.42807685088
validation,2003-01-01,5,Input-only PolyRidge,Separate,oil_cum,3,15,276920.64745577937,0.09132787085822221,266851.31042941555,0.010372909395362133,89464.00728259666,260970.17907648932
validation,2003-01-01,5,Input-only PolyRidge,Separate,oil_cum,4,15,442410.2969773311,0.11223028489223712,425813.69505473017,0.015987932705755704,89464.00728259666,416542.1585231786
validation,2003-01-01,5,Input-only PolyRidge,Separate,oil_cum,5,15,629656.9998320801,0.13118446653150856,609199.9468765527,0.022161281748100694,89464.00728259666,591518.8810980399
validation,2003-01-01,5,Input-only PolyRidge,Separate,oil_cum,6,15,839675.6126277548,0.14949273762867518,816530.3993049056,0.028847799749658648,89464.00728259666,786927.9337997355
validation,2003-01-01,5,Input-only PolyRidge,Separate,oil_cum,7,15,1074234.9671062853,0.1677819029925403,1049164.0351960454,0.03606751548020872,89464.00728259666,1004843.2133988808
validation,2003-01-01,5,Input-only PolyRidge,Separate,oil_cum,8,15,1330071.4368181243,0.18604781884156602,1303621.910234103,0.04369616310470565,89464.00728259666,1242534.3146936232
validation,2003-01-01,5,Input-only PolyRidge,Separate,oil_cum,9,15,1602199.530799444,0.2043614180391814,1574750.6787178307,0.051592197871458315,89464.00728259666,1496219.356652622
validation,2003-01-01,5,Input-only PolyRidge,Separate,oil_cum,10,15,1904293.9128716795,0.2241911313112808,1876088.0222586524,0.060178829281668615,89464.00728259666,1779543.4340721718
validation,2003-01-01,5,Input-only PolyRidge,Separate,oil_cum,11,15,2231293.050454898,0.24475852844040655,2202486.7563024173,0.06927051922821688,89464.00728259666,2087234.3189234813
validation,2003-01-01,5,Input-only PolyRidge,Separate,oil_cum,12,15,2570168.1799511975,0.2646940387973905,2540874.112087381,0.07845364205159304,89464.00728259666,2406146.5950999423
validation,2003-01-01,5,Input-only PolyRidge,Separate,oil_cum,13,15,2906426.9631367316,0.2829887974603465,2876737.200771722,0.08731874841759216,89464.00728259666,2721964.554347962
validation,2003-01-01,5,Input-only PolyRidge,Separate,oil_cum,14,15,3245722.1963082524,0.2998970400247657,3215688.6011197674,0.09600445279419727,89464.00728259666,3039640.625729524
validation,2003-01-01,5,Input-only PolyRidge,Separate,oil_cum,15,15,3586235.11014215,0.3154481349594925,3555887.909996638,0.1044662412613672,89464.00728259666,3357215.9885928845
validation,2003-01-01,5,Input-only PolyRidge,Separate,oil_cum,16,15,3925055.1762875514,0.32978930784138033,3894417.751113656,0.11265598784463426,89464.00728259666,3671806.272432071
validation,2003-01-01,5,Input-only PolyRidge,Separate,oil_cum,17,15,4255050.746109897,0.34284703378527365,4224144.269715724,0.1204287681117783,89464.00728259666,3976643.4166683634
validation,2003-01-01,5,Input-only PolyRidge,Separate,oil_cum,18,15,4586998.424641322,0.35519280823345706,4555835.943587684,0.12805723630059176,89464.00728259666,4281729.759802578
validation,2003-01-01,5,Input-only PolyRidge,Separate,oil_cum,19,15,4920985.258853827,0.3669363245256785,4889578.925541969,0.13555449275865436,89464.00728259666,4587139.229347462
validation,2003-01-01,5,Input-only PolyRidge,Separate,oil_cum,20,15,5253942.325006696,0.3780968454645545,5222303.047354833,0.14286852338982595,89464.00728259666,4890084.846193979
validation,2003-01-01,5,Input-only PolyRidge,Separate,water_cum,1,15,12999.38417022402,0.028158664554957982,23954.473749706765,0.007310524507746502,23160.164796425765,-2259.9633311235657
validation,2003-01-01,5,Input-only PolyRidge,Separate,water_cum,2,15,38790.07802918674,0.041431622591995225,27629.923586663215,0.007368104695847858,23160.164796425765,16495.95807059401
validation,2003-01-01,5,Input-only PolyRidge,Separate,water_cum,3,15,94320.39100475724,0.0663532641704381,77645.62796709665,0.01834081554969964,23160.164796425765,59096.96180429229
validation,2003-01-01,5,Input-only PolyRidge,Separate,water_cum,4,15,170769.14408992257,0.08879576521416462,153139.06927183244,0.03235441266905213,23160.164796425765,114329.5280348423
validation,2003-01-01,5,Input-only PolyRidge,Separate,water_cum,5,15,265197.0740349201,0.10888120491878196,247293.4040877185,0.04716206044697287,23160.164796425765,180952.54205888778
validation,2003-01-01,5,Input-only PolyRidge,Separate,water_cum,6,15,377496.8681021212,0.12738325075107598,359532.9795180938,0.06232153230030362,23160.164796425765,260264.38282747476
validation,2003-01-01,5,Input-only PolyRidge,Separate,water_cum,7,15,508197.92032461014,0.14471342816334065,490286.3017985609,0.07763907169433487,23160.164796425765,354147.64966693165
validation,2003-01-01,5,Input-only PolyRidge,Separate,water_cum,8,15,654950.3285710068,0.16073958228460605,637145.3473230965,0.0926686809472048,23160.164796425765,461691.96829077543
validation,2003-01-01,5,Input-only PolyRidge,Separate,water_cum,9,15,813621.4258567858,0.175400441177842,795945.7109229013,0.10701879584862141,23160.164796425765,580399.4015330127
validation,2003-01-01,5,Input-only PolyRidge,Separate,water_cum,10,15,989678.0578522105,0.18955234924987874,972147.5310535317,0.12124754638142757,23160.164796425765,714859.3332688138
validation,2003-01-01,5,Input-only PolyRidge,Separate,water_cum,11,15,1183755.9257093067,0.20334782281300684,1166378.6848599357,0.1353714706861716,23160.164796425765,866226.5023012678
validation,2003-01-01,5,Input-only PolyRidge,Separate,water_cum,12,15,1394087.1353487554,0.21674590817495726,1376866.6795366649,0.14925559721815307,23160.164796425765,1033665.6024519441
validation,2003-01-01,5,Input-only PolyRidge,Separate,water_cum,13,15,1615066.7754580793,0.22943785570761574,1597994.4220984834,0.16255322055333157,23160.164796425765,1212497.1488783364
validation,2003-01-01,5,Input-only PolyRidge,Separate,water_cum,14,15,1851959.8215278995,0.2416158851454155,1835027.2952639684,0.17552125131144777,23160.164796425765,1406518.6517951326
validation,2003-01-01,5,Input-only PolyRidge,Separate,water_cum,15,15,2104521.562279096,0.25326299930692303,2087722.3859226622,0.18811609182453767,23160.164796425765,1615267.7964077997
validation,2003-01-01,5,Input-only PolyRidge,Separate,water_cum,16,15,2370071.738826466,0.26433735789554935,2353401.3440593015,0.20023452077220752,23160.164796425765,1836760.153245446
validation,2003-01-01,5,Input-only PolyRidge,Separate,water_cum,17,15,2643324.661241708,0.2748230059975138,2626778.4598383917,0.21176429136877595,23160.164796425765,2066575.4689715893
validation,2003-01-01,5,Input-only PolyRidge,Separate,water_cum,18,15,2932307.2589554177,0.2850060366603745,2915879.300838454,0.22303826344081687,23160.164796425765,2310843.27014106
validation,2003-01-01,5,Input-only PolyRidge,Separate,water_cum,19,15,3237675.6577127464,0.294959395529476,3221360.3157768496,0.23410212653466908,23160.164796425765,2570125.4065167457
validation,2003-01-01,5,Input-only PolyRidge,Separate,water_cum,20,15,3556424.247983037,0.3046241297546905,3540214.1648973823,0.2448688660423525,23160.164796425765,2841806.2458002996
validation,2004-01-01,3,History-conditioned,Constant,gas_cum,1,15,12343.684659905706,0.039630725820863424,12343.684659905706,0.001236164251114193,0.0,12176.424625651041
validation,2004-01-01,3,History-conditioned,Constant,gas_cum,2,15,39664.42182253144,0.06523965999898369,39664.42182253144,0.0038578881543283768,0.0,39211.44925130208
validation,2004-01-01,3,History-conditioned,Constant,gas_cum,3,15,82085.0080978164,0.09192476667987645,82085.0080978164,0.007768953534504555,0.0,81309.96572265626
validation,2004-01-01,3,History-conditioned,Constant,gas_cum,4,15,138579.11181989397,0.11906608287713841,138579.11181989397,0.012788639417993939,0.0,137478.81552734374
validation,2004-01-01,3,History-conditioned,Constant,gas_cum,5,15,208034.78294565508,0.1470445879374862,208034.78294565508,0.018764888262761792,0.0,206653.41497395834
validation,2004-01-01,3,History-conditioned,Constant,gas_cum,6,15,294445.9433657074,0.17820023175358,294445.9433657074,0.026003625788869264,0.0,292822.906266276
validation,2004-01-01,3,History-conditioned,Constant,gas_cum,7,15,395958.26288214285,0.2107912667748627,395958.26288214285,0.03428618741182389,0.0,394121.8894042969
validation,2004-01-01,3,History-conditioned,Constant,gas_cum,8,15,507939.82672952506,0.24254933364540684,507939.82672952506,0.04317913118402185,0.0,505921.9392089844
validation,2004-01-01,3,History-conditioned,Constant,gas_cum,9,15,624925.7257794453,0.27196048022125463,624925.7257794453,0.05222339998043619,0.0,622765.738655599
validation,2004-01-01,3,History-conditioned,Constant,gas_cum,10,15,748568.6724128495,0.2996033812302994,748568.6724128495,0.061528691772858884,0.0,746299.2299479167
validation,2004-01-01,3,History-conditioned,Constant,gas_cum,11,15,878248.5046392397,0.32566129871433214,878248.5046392397,0.07103552541745548,0.0,875891.5464192708
validation,2004-01-01,3,History-conditioned,Constant,gas_cum,12,15,1012622.4416800695,0.35033180568897604,1012622.4416800695,0.08064723349640933,0.0,1010187.3962239583
validation,2004-01-01,3,History-conditioned,Constant,oil_cum,1,15,33998.219521016144,0.03963321679590799,33998.219521016144,0.0012367764074866089,0.0,33533.55797526042
validation,2004-01-01,3,History-conditioned,Constant,oil_cum,2,15,108872.42690155083,0.06500244470067892,108872.42690155083,0.003846433607602267,0.0,107539.91595052084
validation,2004-01-01,3,History-conditioned,Constant,oil_cum,3,15,224867.1552716684,0.09138499990343706,224867.1552716684,0.007730344666490497,0.0,222589.7650390625
validation,2004-01-01,3,History-conditioned,Constant,oil_cum,4,15,380070.31521419913,0.11850537733834175,380070.31521419913,0.01273959447480762,0.0,376905.08079427085
validation,2004-01-01,3,History-conditioned,Constant,oil_cum,5,15,571327.5495753585,0.14656277692716005,571327.5495753585,0.01871791159417492,0.0,567426.74765625
validation,2004-01-01,3,History-conditioned,Constant,oil_cum,6,15,809456.3023134848,0.17781431021731933,809456.3023134848,0.02596473728841818,0.0,804941.5056315104
validation,2004-01-01,3,History-conditioned,Constant,oil_cum,7,15,1089399.84249859,0.21052990572648766,1089399.84249859,0.034262767992169194,0.0,1084332.8213867187
validation,2004-01-01,3,History-conditioned,Constant,oil_cum,8,15,1398173.4676414423,0.24238893563074224,1398173.4676414423,0.043170891558363046,0.0,1392621.6038085937
validation,2004-01-01,3,History-conditioned,Constant,oil_cum,9,15,1720676.9847623832,0.27187518280404466,1720676.9847623832,0.05222839288208244,0.0,1714743.1373372397
validation,2004-01-01,3,History-conditioned,Constant,oil_cum,10,15,2061400.5720211824,0.2995622899995486,2061400.5720211824,0.06154315869939173,0.0,2055184.9619791666
validation,2004-01-01,3,History-conditioned,Constant,oil_cum,11,15,2418559.7197908796,0.32562502723223635,2418559.7197908796,0.07105337670583028,0.0,2412137.744401042
validation,2004-01-01,3,History-conditioned,Constant,oil_cum,12,15,2788783.2361483853,0.3503228536478569,2788783.2361483853,0.08067268342308954,0.0,2782168.7934895833
validation,2004-01-01,3,History-conditioned,Constant,water_cum,1,15,12011.601928233049,0.023408742831857756,12011.601928233049,0.0022907683215172216,0.0,-10453.4751953125
validation,2004-01-01,3,History-conditioned,Constant,water_cum,2,15,41444.505507348775,0.03978660642699467,41444.505507348775,0.007184000455558659,0.0,-37378.967057291666
validation,2004-01-01,3,History-conditioned,Constant,water_cum,3,15,86977.52736908336,0.0546788051362264,86977.52736908336,0.01377328809398129,0.0,-79950.05846354166
validation,2004-01-01,3,History-conditioned,Constant,water_cum,4,15,147473.8128593729,0.06845649163999883,147473.8128593729,0.021449114820268605,0.0,-137481.41653645833
validation,2004-01-01,3,History-conditioned,Constant,water_cum,5,15,220128.77880502495,0.08096026744932212,220128.77880502495,0.029597391525642915,0.0,-207401.30885416668
validation,2004-01-01,3,History-conditioned,Constant,water_cum,6,15,305758.13042467483,0.09259594550908701,305758.13042467483,0.038134564884394005,0.0,-290411.2173828125
validation,2004-01-01,3,History-conditioned,Constant,water_cum,7,15,403471.9545516781,0.10337937249196122,403471.9545516781,0.04682749485845047,0.0,-385697.8087890625
validation,2004-01-01,3,History-conditioned,Constant,water_cum,8,15,511218.1653508882,0.11325464954657355,511218.1653508882,0.05541725550646059,0.0,-491311.93352864584
validation,2004-01-01,3,History-conditioned,Constant,water_cum,9,15,626259.7161055852,0.12227697597618768,626259.7161055852,0.06370518716961085,0.0,-604631.3591796875
validation,2004-01-01,3,History-conditioned,Constant,water_cum,10,15,753634.7811666875,0.1311196270790507,753634.7811666875,0.07208553254962773,0.0,-730677.9010416666
validation,2004-01-01,3,History-conditioned,Constant,water_cum,11,15,894196.9402845862,0.13987631115745922,894196.9402845862,0.08057241463809602,0.0,-870229.0924479166
validation,2004-01-01,3,History-conditioned,Constant,water_cum,12,15,1046044.7453577177,0.14838504225201993,1046044.7453577177,0.08900065805678004,0.0,-1021388.3838541667
validation,2004-01-01,3,History-conditioned,Liquid-WC-time,gas_cum,1,15,3896.990029849857,0.01251170518810044,3896.990029849857,0.0003902659452648092,0.0,3199.294846709321
validation,2004-01-01,3,History-conditioned,Liquid-WC-time,gas_cum,2,15,7252.639931505111,0.011929072490794928,7252.639931505111,0.0007054148880463076,0.0,2987.6387031435966
validation,2004-01-01,3,History-conditioned,Liquid-WC-time,gas_cum,3,15,12386.346344093185,0.013871132184577266,12386.346344093185,0.0011723084572869788,0.0,-969.0973394385229
validation,2004-01-01,3,History-conditioned,Liquid-WC-time,gas_cum,4,15,21057.1924900571,0.01809217416142416,21057.1924900571,0.0019432426602691748,0.0,-9297.920979532475
validation,2004-01-01,3,History-conditioned,Liquid-WC-time,gas_cum,5,15,33046.376258796314,0.02335806883347591,33046.376258796314,0.0029808070996833673,0.0,-20799.18944022879
validation,2004-01-01,3,History-conditioned,Liquid-WC-time,gas_cum,6,15,46948.90457512318,0.02841372368806098,46948.90457512318,0.004146233878496763,0.0,-33511.411616614336
validation,2004-01-01,3,History-conditioned,Liquid-WC-time,gas_cum,7,15,63853.88305413182,0.033993079976413355,63853.88305413182,0.005529133766349251,0.0,-49395.52984815029
validation,2004-01-01,3,History-conditioned,Liquid-WC-time,gas_cum,8,15,86279.05605865373,0.041199619429969664,86279.05605865373,0.007334440978919275,0.0,-71507.10752562694
validation,2004-01-01,3,History-conditioned,Liquid-WC-time,gas_cum,9,15,115679.96790628678,0.05034259004865543,115679.96790628678,0.009667070796547996,0.0,-101208.19369763657
validation,2004-01-01,3,History-conditioned,Liquid-WC-time,gas_cum,10,15,154740.00206045512,0.06193236444087672,154740.00206045512,0.012718873020721753,0.0,-140763.2118474989
validation,2004-01-01,3,History-conditioned,Liquid-WC-time,gas_cum,11,15,204131.09353597506,0.07569337912645763,204131.09353597506,0.01651077047870883,0.0,-190506.76330134048
validation,2004-01-01,3,History-conditioned,Liquid-WC-time,gas_cum,12,15,262825.61443567683,0.09092843324092165,262825.61443567683,0.020931946423253425,0.0,-249234.834529608
validation,2004-01-01,3,History-conditioned,Liquid-WC-time,oil_cum,1,15,10375.252946181994,0.012094887765349775,10375.252946181994,0.00037742764904531977,0.0,8399.15049996252
validation,2004-01-01,3,History-conditioned,Liquid-WC-time,oil_cum,2,15,19859.977145902885,0.011857428946179858,19859.977145902885,0.0007016476596897251,0.0,6980.8453825141
validation,2004-01-01,3,History-conditioned,Liquid-WC-time,oil_cum,3,15,35329.2098939552,0.014357631904255154,35329.2098939552,0.0012145258339089655,0.0,-5172.584391301125
validation,2004-01-01,3,History-conditioned,Liquid-WC-time,oil_cum,4,15,60486.029967918614,0.01885945710073875,60486.029967918614,0.002027434036115316,0.0,-28826.573997232317
validation,2004-01-01,3,History-conditioned,Liquid-WC-time,oil_cum,5,15,94144.15505080154,0.024150819973519626,94144.15505080154,0.0030843637291059186,0.0,-60798.211191773415
validation,2004-01-01,3,History-conditioned,Liquid-WC-time,oil_cum,6,15,132604.35110999315,0.029129368882604662,132604.35110999315,0.004253518231968403,0.0,-95896.14651380455
validation,2004-01-01,3,History-conditioned,Liquid-WC-time,oil_cum,7,15,179183.80092933128,0.034627826483658294,179183.80092933128,0.00563551853019903,0.0,-139499.8760200585
validation,2004-01-01,3,History-conditioned,Liquid-WC-time,oil_cum,8,15,241045.81262693668,0.04178797503535084,241045.81262693668,0.0074426835284386985,0.0,-200254.2306798463
validation,2004-01-01,3,History-conditioned,Liquid-WC-time,oil_cum,9,15,322091.9030358112,0.05089205922612873,322091.9030358112,0.009776583638221344,0.0,-281941.6612882646
validation,2004-01-01,3,History-conditioned,Liquid-WC-time,oil_cum,10,15,429696.04577123374,0.06244333741926357,429696.04577123374,0.012828584747830558,0.0,-390852.5281672833
validation,2004-01-01,3,History-conditioned,Liquid-WC-time,oil_cum,11,15,565846.1151946551,0.07618321563936664,565846.1151946551,0.016623644581301805,0.0,-527980.6239715201
validation,2004-01-01,3,History-conditioned,Liquid-WC-time,oil_cum,12,15,727534.0311758774,0.09139175631285998,727534.0311758774,0.021045781477672665,0.0,-689709.0452159654
validation,2004-01-01,3,History-conditioned,Liquid-WC-time,water_cum,1,15,8363.079497139495,0.016298340421252965,8363.079497139495,0.0015949477594114315,0.0,5764.650987604974
validation,2004-01-01,3,History-conditioned,Liquid-WC-time,water_cum,2,15,33184.248045868466,0.031856782953837565,33184.248045868466,0.005752165459824807,0.0,27670.723619094024
validation,2004-01-01,3,History-conditioned,Liquid-WC-time,water_cum,3,15,76227.00711887401,0.04792044329662323,76227.00711887401,0.012070894187817599,0.0,67684.28806191341
validation,2004-01-01,3,History-conditioned,Liquid-WC-time,water_cum,4,15,137404.91714701834,0.0637825684410774,137404.91714701834,0.01998465888697321,0.0,125908.3511153642
validation,2004-01-01,3,History-conditioned,Liquid-WC-time,water_cum,5,15,215081.28147040508,0.07910386895213828,215081.28147040508,0.028918730808728182,0.0,200818.17214793668
validation,2004-01-01,3,History-conditioned,Liquid-WC-time,water_cum,6,15,312177.02399884874,0.09453984645719037,312177.02399884874,0.038935137916255406,0.0,295219.8204450828
validation,2004-01-01,3,History-conditioned,Liquid-WC-time,water_cum,7,15,429535.45899308793,0.11005747912043391,429535.45899308793,0.049852460054803406,0.0,409859.6349675087
validation,2004-01-01,3,History-conditioned,Liquid-WC-time,water_cum,8,15,566019.9569142276,0.1253953716857611,566019.9569142276,0.06135789903424461,0.0,543529.3922030419
validation,2004-01-01,3,History-conditioned,Liquid-WC-time,water_cum,9,15,716591.1561535231,0.13991415595212903,716591.1561535231,0.07289399677617377,0.0,691142.0151511241
validation,2004-01-01,3,History-conditioned,Liquid-WC-time,water_cum,10,15,883235.2018009401,0.15366789481762896,883235.2018009401,0.08448187567701523,0.0,854166.0233281349
validation,2004-01-01,3,History-conditioned,Liquid-WC-time,water_cum,11,15,1064372.96879351,0.16649639230835106,1064372.96879351,0.09590627780935855,0.0,1030695.1418185047
validation,2004-01-01,3,History-conditioned,Liquid-WC-time,water_cum,12,15,1256900.6404697034,0.17829567565860516,1256900.6404697034,0.10694091683003219,0.0,1217461.472366539
validation,2004-01-01,3,History-conditioned,Liquid-WC-volume,gas_cum,1,15,4406.785493771295,0.014148458298054296,4406.785493771295,0.000441319657769862,0.0,3826.3750324461607
validation,2004-01-01,3,History-conditioned,Liquid-WC-volume,gas_cum,2,15,8572.329702649306,0.014099685549490185,8572.329702649306,0.0008337721236128536,0.0,5630.3958698542165
validation,2004-01-01,3,History-conditioned,Liquid-WC-volume,gas_cum,3,15,13170.917334330963,0.014749751884967185,13170.917334330963,0.001246564350158599,0.0,5310.8839614311855
validation,2004-01-01,3,History-conditioned,Liquid-WC-volume,gas_cum,4,15,18588.21878046901,0.01597085136993915,18588.21878046901,0.0017153958073793571,0.0,2386.6475004475565
validation,2004-01-01,3,History-conditioned,Liquid-WC-volume,gas_cum,5,15,25156.487446791773,0.01778128290947559,25156.487446791773,0.0022691334080701935,0.0,-1999.4020716848472
validation,2004-01-01,3,History-conditioned,Liquid-WC-volume,gas_cum,6,15,32643.737971680643,0.019756161709559215,32643.737971680643,0.0028828909539812915,0.0,-5601.328036346038
validation,2004-01-01,3,History-conditioned,Liquid-WC-volume,gas_cum,7,15,40966.26903021245,0.021808691858234103,40966.26903021245,0.003547285936930009,0.0,-10281.495319581902
validation,2004-01-01,3,History-conditioned,Liquid-WC-volume,gas_cum,8,15,51135.78383755636,0.024418148848641786,51135.78383755636,0.004346969074538383,0.0,-19195.10026246744
validation,2004-01-01,3,History-conditioned,Liquid-WC-volume,gas_cum,9,15,64767.97115380628,0.028186275282515955,64767.97115380628,0.005412489075030219,0.0,-34108.842773447184
validation,2004-01-01,3,History-conditioned,Liquid-WC-volume,gas_cum,10,15,85004.70722444681,0.03402185884007983,85004.70722444681,0.0069869721012991185,0.0,-56918.98285992171
validation,2004-01-01,3,History-conditioned,Liquid-WC-volume,gas_cum,11,15,113653.48122224474,0.0421435847629993,113653.48122224474,0.009192654142304982,0.0,-88032.52848048136
validation,2004-01-01,3,History-conditioned,Liquid-WC-volume,gas_cum,12,15,150535.82098301224,0.05208010786167539,150535.82098301224,0.011988967461799843,0.0,-126584.37060021782
validation,2004-01-01,3,History-conditioned,Liquid-WC-volume,oil_cum,1,15,11761.73991617003,0.013711176484006623,11761.73991617003,0.0004278648306956354,0.0,10125.310267643383
validation,2004-01-01,3,History-conditioned,Liquid-WC-volume,oil_cum,2,15,23123.077466526094,0.013805667854603203,23123.077466526094,0.0008169321177974928,0.0,14255.54299839139
validation,2004-01-01,3,History-conditioned,Liquid-WC-volume,oil_cum,3,15,36238.58631435408,0.014727198388920022,36238.58631435408,0.0012457878168017974,0.0,12114.263428123048
validation,2004-01-01,3,History-conditioned,Liquid-WC-volume,oil_cum,4,15,52034.1387570929,0.016224169584014275,52034.1387570929,0.001744134703699871,0.0,3337.415374135971
validation,2004-01-01,3,History-conditioned,Liquid-WC-volume,oil_cum,5,15,70803.11459745708,0.018163137937612272,70803.11459745708,0.002319661358204172,0.0,-9048.259139774987
validation,2004-01-01,3,History-conditioned,Liquid-WC-volume,oil_cum,6,15,91584.83020880367,0.02011855780652366,91584.83020880367,0.0029377448160938947,0.0,-19068.427715644488
validation,2004-01-01,3,History-conditioned,Liquid-WC-volume,oil_cum,7,15,114687.22728487932,0.022163663153227563,114687.22728487932,0.003607033622397538,0.0,-31831.24073946948
validation,2004-01-01,3,History-conditioned,Liquid-WC-volume,oil_cum,8,15,143181.49939656418,0.024822106872970005,143181.49939656418,0.004420962868105337,0.0,-56255.79299800247
validation,2004-01-01,3,History-conditioned,Liquid-WC-volume,oil_cum,9,15,181260.56016667697,0.028640034339323828,181260.56016667697,0.005501873875368238,0.0,-97238.41379925732
validation,2004-01-01,3,History-conditioned,Liquid-WC-volume,oil_cum,10,15,237365.19690040915,0.03449385961892983,237365.19690040915,0.007086543091540452,0.0,-160056.03084577198
validation,2004-01-01,3,History-conditioned,Liquid-WC-volume,oil_cum,11,15,316569.8077874298,0.04262166918524497,316569.8077874298,0.009300309445473366,0.0,-245901.75214713192
validation,2004-01-01,3,History-conditioned,Liquid-WC-volume,oil_cum,12,15,418350.21848749364,0.05255253992675147,418350.21848749364,0.012101849401043295,0.0,-352091.5703966168
validation,2004-01-01,3,History-conditioned,Liquid-WC-volume,water_cum,1,15,7193.02182918598,0.014018080118654326,7193.02182918598,0.0013718025822643135,0.0,4038.4912199239557
validation,2004-01-01,3,History-conditioned,Liquid-WC-volume,water_cum,2,15,27152.66585264508,0.026066481346516023,27152.66585264508,0.004706649565898336,0.0,20396.026003216237
validation,2004-01-01,3,History-conditioned,Liquid-WC-volume,water_cum,3,15,60943.77247685092,0.03831257061824392,60943.77247685092,0.009650724287617348,0.0,50397.440242489676
validation,2004-01-01,3,History-conditioned,Liquid-WC-volume,water_cum,4,15,108079.73221350464,0.05016998707277171,108079.73221350464,0.01571949989658118,0.0,93744.36174399406
validation,2004-01-01,3,History-conditioned,Liquid-WC-volume,water_cum,5,15,167044.4578548139,0.06143660114442081,167044.4578548139,0.02245994480211428,0.0,149068.2200959366
validation,2004-01-01,3,History-conditioned,Liquid-WC-volume,water_cum,6,15,239975.16307131216,0.0726741986956245,239975.16307131216,0.029930024801222643,0.0,218392.10164692084
validation,2004-01-01,3,History-conditioned,Liquid-WC-volume,water_cum,7,15,327444.9660987051,0.08389940053838335,327444.9660987051,0.0380037008605728,0.0,302190.9996869182
validation,2004-01-01,3,History-conditioned,Liquid-WC-volume,water_cum,8,15,428577.83860704675,0.09494661223854084,428577.83860704675,0.04645884907120129,0.0,399530.9545211982
validation,2004-01-01,3,History-conditioned,Liquid-WC-volume,water_cum,9,15,539440.9767334864,0.10532564949697468,539440.9767334864,0.054873700967811564,0.0,506438.76766211574
validation,2004-01-01,3,History-conditioned,Liquid-WC-volume,water_cum,10,15,661155.4395051699,0.11502979538046255,661155.4395051699,0.06323983864045156,0.0,623369.5260066238
validation,2004-01-01,3,History-conditioned,Liquid-WC-volume,water_cum,11,15,792428.5321385096,0.12395701096469686,792428.5321385096,0.07140248125004948,0.0,748616.2699941167
validation,2004-01-01,3,History-conditioned,Liquid-WC-volume,water_cum,12,15,931113.8848563905,0.13208170468712596,931113.8848563905,0.07922199202834729,0.0,879843.9975471876
validation,2004-01-01,3,History-conditioned,Separate,gas_cum,1,15,6125.033634084366,0.019665078563163692,6125.033634084366,0.0006133944461430355,0.0,5669.673667621861
validation,2004-01-01,3,History-conditioned,Separate,gas_cum,2,15,14988.765820253362,0.024653378039718232,14988.765820253362,0.0014578551621067604,0.0,13251.700705997646
validation,2004-01-01,3,History-conditioned,Separate,gas_cum,3,15,26655.063800162945,0.02985028054998,26655.063800162945,0.002522774339937344,0.0,23077.96395637803
validation,2004-01-01,3,History-conditioned,Separate,gas_cum,4,15,40575.706541945954,0.03486232791129951,40575.706541945954,0.003744489867778124,0.0,34836.02873677562
validation,2004-01-01,3,History-conditioned,Separate,gas_cum,5,15,57076.336643286486,0.04034309207266435,57076.336643286486,0.005148326949916029,0.0,49314.10079747488
validation,2004-01-01,3,History-conditioned,Separate,gas_cum,6,15,78716.2146181619,0.047639466611020295,78716.2146181619,0.006951724194429487,0.0,69339.65511880802
validation,2004-01-01,3,History-conditioned,Separate,gas_cum,7,15,103966.72006262088,0.05534744107853226,103966.72006262088,0.009002520676581163,0.0,93151.69907372234
validation,2004-01-01,3,History-conditioned,Separate,gas_cum,8,15,129528.55935086169,0.061851944079451826,129528.55935086169,0.011011010285016337,0.0,117240.19205732395
validation,2004-01-01,3,History-conditioned,Separate,gas_cum,9,15,152620.32358613375,0.06641860749489635,152620.32358613375,0.012754079204918561,0.0,138800.41843030925
validation,2004-01-01,3,History-conditioned,Separate,gas_cum,10,15,172390.4136680173,0.06899667689825893,172390.4136680173,0.0141696507188657,0.0,156858.0026326012
validation,2004-01-01,3,History-conditioned,Separate,gas_cum,11,15,188349.1336427629,0.06984130704443095,188349.1336427629,0.01523427549214231,0.0,170868.55146146318
validation,2004-01-01,3,History-conditioned,Separate,gas_cum,12,15,200664.9920364826,0.06942304071601398,200664.9920364826,0.015981352773963363,0.0,180964.355039849
validation,2004-01-01,3,History-conditioned,Separate,oil_cum,1,15,16433.0110186792,0.019156682246558764,16433.0110186792,0.0005977948439125343,0.0,15199.28919778193
validation,2004-01-01,3,History-conditioned,Separate,oil_cum,2,15,40207.66804854154,0.024006048117508685,40207.66804854154,0.0014205261154422108,0.0,35234.41144588888
validation,2004-01-01,3,History-conditioned,Separate,oil_cum,3,15,71370.19744370149,0.029004527044518044,71370.19744370149,0.0024535207219958267,0.0,61020.98595819424
validation,2004-01-01,3,History-conditioned,Separate,oil_cum,4,15,109017.91561200896,0.03399162920408463,109017.91561200896,0.0036541765557330393,0.0,92659.47025705849
validation,2004-01-01,3,History-conditioned,Separate,oil_cum,5,15,153993.19867843328,0.03950390777231389,153993.19867843328,0.005045146310745047,0.0,132200.20845709965
validation,2004-01-01,3,History-conditioned,Separate,oil_cum,6,15,213195.26320695077,0.046832878514129345,213195.26320695077,0.006838613751579441,0.0,187218.29266685023
validation,2004-01-01,3,History-conditioned,Separate,oil_cum,7,15,282635.7733367135,0.05462024170945136,282635.7733367135,0.008889191599213645,0.0,252884.60021782294
validation,2004-01-01,3,History-conditioned,Separate,oil_cum,8,15,353045.47662447917,0.061204363613486114,353045.47662447917,0.010900856252290557,0.0,319303.2603812861
validation,2004-01-01,3,History-conditioned,Separate,oil_cum,9,15,416640.9513798021,0.06583126049987668,416640.9513798021,0.012646468507529858,0.0,378720.6407832317
validation,2004-01-01,3,History-conditioned,Separate,oil_cum,10,15,470940.44794643996,0.06843696511732564,470940.44794643996,0.014059937267560127,0.0,428397.42847008136
validation,2004-01-01,3,History-conditioned,Separate,oil_cum,11,15,514496.4736289185,0.0692697091022387,514496.4736289185,0.015115075081849828,0.0,466762.3323310914
validation,2004-01-01,3,History-conditioned,Separate,oil_cum,12,15,548199.398733395,0.06886400321222523,548199.398733395,0.01585806884289307,0.0,494482.16122879856
validation,2004-01-01,3,History-conditioned,Separate,water_cum,1,15,6356.920558784038,0.012388648862343308,6356.920558784038,0.0012123472227493462,0.0,-2332.591241308581
validation,2004-01-01,3,History-conditioned,Separate,water_cum,2,15,19368.263112646964,0.018593477041262425,19368.263112646964,0.0033572993409214094,0.0,-5689.369645943492
validation,2004-01-01,3,History-conditioned,Separate,water_cum,3,15,38413.97740170512,0.024149115850835835,38413.97740170512,0.006083028497053346,0.0,-9850.76258968742
validation,2004-01-01,3,History-conditioned,Separate,water_cum,4,15,63125.07762859696,0.029302296219038033,63125.07762859696,0.009181135361199765,0.0,-15329.821223623927
validation,2004-01-01,3,History-conditioned,Separate,water_cum,5,15,92602.35626391925,0.03405784364162917,92602.35626391925,0.012450839955678368,0.0,-22016.503480518983
validation,2004-01-01,3,History-conditioned,Separate,water_cum,6,15,127479.76322207278,0.03860603540591824,127479.76322207278,0.015899447368046188,0.0,-29517.703031247234
validation,2004-01-01,3,History-conditioned,Separate,water_cum,7,15,167886.38725547158,0.043016594260432126,167886.38725547158,0.019485118723419143,0.0,-37388.76541502035
validation,2004-01-01,3,History-conditioned,Separate,water_cum,8,15,213227.34890849795,0.047238127107243136,213227.34890849795,0.023114347799665723,0.0,-45146.18553102594
validation,2004-01-01,3,History-conditioned,Separate,water_cum,9,15,262085.66061760677,0.05117212747824157,262085.66061760677,0.02666021082745297,0.0,-53248.59832541241
validation,2004-01-01,3,History-conditioned,Separate,water_cum,10,15,317083.4325894536,0.05516712136044421,317083.4325894536,0.030329184204436616,0.0,-63935.734849782784
validation,2004-01-01,3,History-conditioned,Separate,water_cum,11,15,378962.9540600855,0.05927993900581698,378962.9540600855,0.03414679573527643,0.0,-78222.01464320098
validation,2004-01-01,3,History-conditioned,Separate,water_cum,12,15,447227.2703651133,0.06344072536465828,447227.2703651133,0.03805145194799567,0.0,-95931.58052995714
validation,2004-01-01,3,Input-only PolyRidge,Constant,gas_cum,1,15,10557.405056924988,0.03389568323547787,40683.783872252396,0.004074297149399047,40568.70498609232,10146.910875097537
validation,2004-01-01,3,Input-only PolyRidge,Constant,gas_cum,2,15,35619.241566897574,0.05858618637234323,46986.64178483846,0.004570070618057736,40568.70498609232,35152.421750195324
validation,2004-01-01,3,Input-only PolyRidge,Constant,gas_cum,3,15,75780.46071735464,0.08486447564255863,74955.5434638043,0.007094183795777965,40568.70498609232,75199.12212208907
validation,2004-01-01,3,Input-only PolyRidge,Constant,gas_cum,4,15,130058.09092625236,0.11174488874768873,123758.02259032938,0.011420889520843818,40568.70498609232,129316.15582731676
validation,2004-01-01,3,Input-only PolyRidge,Constant,gas_cum,5,15,197387.51120082726,0.1395188094873237,188485.67076431698,0.017001544169409702,40568.70498609232,196483.54387228316
validation,2004-01-01,3,Input-only PolyRidge,Constant,gas_cum,6,15,281674.48120033037,0.17047087575808717,271309.34812823986,0.023960346273089354,40568.70498609232,280623.5214140461
validation,2004-01-01,3,Input-only PolyRidge,Constant,gas_cum,7,15,381048.1318577268,0.20285374986704827,369802.72175773635,0.03202136844246703,40568.70498609232,379870.6884526068
validation,2004-01-01,3,Input-only PolyRidge,Constant,gas_cum,8,15,490903.8866011592,0.23441440169340125,479118.0962449209,0.04072904316954542,40568.70498609232,489618.9221578339
validation,2004-01-01,3,Input-only PolyRidge,Constant,gas_cum,9,15,605826.5114115167,0.26364872204411766,593705.0503023398,0.049614370209631546,40568.70498609232,604455.5102028063
validation,2004-01-01,3,Input-only PolyRidge,Constant,gas_cum,10,15,727396.2513208042,0.2911294373133544,715055.5130033301,0.05877407361739089,40568.70498609232,725959.4877445742
validation,2004-01-01,3,Input-only PolyRidge,Constant,gas_cum,11,15,854986.2880360709,0.31703548992565234,842494.2336219988,0.06814360654231762,40568.70498609232,853499.9881164719
validation,2004-01-01,3,Input-only PolyRidge,Constant,gas_cum,12,15,987270.3446317064,0.34156087037154476,974666.9716743684,0.07762438556610161,40568.70498609232,985744.021821703
validation,2004-01-01,3,Input-only PolyRidge,Constant,oil_cum,1,15,28712.42766093996,0.03347133721280376,115001.03485303241,0.00418347103897177,114269.861833703,27546.361614445348
validation,2004-01-01,3,Input-only PolyRidge,Constant,oil_cum,2,15,96898.35085153392,0.057853304753731884,131646.57664067252,0.004651038202485935,114269.861833703,95565.52322889144
validation,2004-01-01,3,Input-only PolyRidge,Constant,oil_cum,3,15,206194.50038242564,0.08379651699143148,206335.2392715648,0.007093265863949607,114269.861833703,204562.38259001795
validation,2004-01-01,3,Input-only PolyRidge,Constant,oil_cum,4,15,354853.0311041097,0.11064266444209747,339150.8122503755,0.011368011762340298,114269.861833703,352824.70861781115
validation,2004-01-01,3,Input-only PolyRidge,Constant,oil_cum,5,15,539843.0432098713,0.13848604986133525,516590.4003166065,0.016924605597459043,114269.861833703,537424.9724855763
validation,2004-01-01,3,Input-only PolyRidge,Constant,oil_cum,6,15,771711.3414606568,0.16952282597160637,744214.5724207315,0.023871993835725615,114269.861833703,768952.5341000241
validation,2004-01-01,3,Input-only PolyRidge,Constant,oil_cum,7,15,1045364.2805038755,0.20201989649599508,1015320.1790355209,0.03193288485545817,114269.861833703,1042290.86012782
validation,2004-01-01,3,Input-only PolyRidge,Constant,oil_cum,8,15,1347886.407925579,0.23367111401373702,1316276.5386661743,0.04064218999051085,114269.861833703,1344526.6528222826
validation,2004-01-01,3,Input-only PolyRidge,Constant,oil_cum,9,15,1664320.700405707,0.2629706206768631,1631737.0551054792,0.049528763823193725,114269.861833703,1660726.783356719
validation,2004-01-01,3,Input-only PolyRidge,Constant,oil_cum,10,15,1998945.6528418749,0.29048635450936583,1965725.0779827659,0.05868676475385417,114269.861833703,1995181.4116378352
validation,2004-01-01,3,Input-only PolyRidge,Constant,oil_cum,11,15,2349957.7933057635,0.3163887433409991,2316296.7333342945,0.06804905539827488,114269.861833703,2346081.204332297
validation,2004-01-01,3,Input-only PolyRidge,Constant,oil_cum,12,15,2714031.114956358,0.34093260198800074,2680045.563597197,0.07752716830374277,114269.861833703,2710059.263693428
validation,2004-01-01,3,Input-only PolyRidge,Constant,water_cum,1,15,11816.765452561718,0.023029036862536927,24152.92799429152,0.004606276719107737,23471.633492240402,-9347.69122496539
validation,2004-01-01,3,Input-only PolyRidge,Constant,water_cum,2,15,39469.5652384876,0.037890669432884085,43262.20208802718,0.007499080413777623,23471.633492240402,-35167.39911659707
validation,2004-01-01,3,Input-only PolyRidge,Constant,water_cum,3,15,83178.02294422867,0.052290229968076626,84462.01514849054,0.013374945262606769,23471.633492240402,-76620.55508029871
validation,2004-01-01,3,Input-only PolyRidge,Constant,water_cum,4,15,141888.6178262915,0.06586387638392967,142522.43785228915,0.020728969263671244,23471.633492240402,-133033.9777106691
validation,2004-01-01,3,Input-only PolyRidge,Constant,water_cum,5,15,212858.07860345964,0.0782862062199908,213398.48565716174,0.028692470676760652,23471.633492240402,-201860.23753023607
validation,2004-01-01,3,Input-only PolyRidge,Constant,water_cum,6,15,296818.969725849,0.08988880560142275,297431.47910675185,0.03709605374321183,23471.633492240402,-283764.36208853626
validation,2004-01-01,3,Input-only PolyRidge,Constant,water_cum,7,15,392836.4429359327,0.10065429456631349,393603.71921695897,0.04568217426259391,23471.633492240402,-377933.01805223775
validation,2004-01-01,3,Input-only PolyRidge,Constant,water_cum,8,15,498933.004201963,0.11053300991236824,499883.0253291967,0.05418849957922856,23471.633492240402,-482429.207349267
validation,2004-01-01,3,Input-only PolyRidge,Constant,water_cum,9,15,612459.6375954072,0.11958251579447284,613586.7176992106,0.06241604831121722,23471.633492240402,-594655.0005021561
validation,2004-01-01,3,Input-only PolyRidge,Constant,water_cum,10,15,738397.417185878,0.12846858504548297,739719.9569718471,0.07075457286267338,23471.633492240402,-719595.7583937771
validation,2004-01-01,3,Input-only PolyRidge,Constant,water_cum,11,15,877562.431979336,0.13727422927277283,879085.181127004,0.07921075607061283,23471.633492240402,-858029.0143574674
validation,2004-01-01,3,Input-only PolyRidge,Constant,water_cum,12,15,1028062.0615184308,0.14583413674521506,1029780.2178637217,0.0876168227510989,23471.633492240402,-1008070.3703211558
validation,2004-01-01,3,Input-only PolyRidge,Liquid-WC-time,gas_cum,1,15,3200.1814190414475,0.010274526277149894,42107.95005986672,0.004216920958843307,40568.70498609232,1135.3068133288373
validation,2004-01-01,3,Input-only PolyRidge,Liquid-WC-time,gas_cum,2,15,6344.924217765778,0.010436070404314256,43462.20077395314,0.004227272246071891,40568.70498609232,-1253.6427891282985
validation,2004-01-01,3,Input-only PolyRidge,Liquid-WC-time,gas_cum,3,15,12900.332533637391,0.014446731330455731,46241.09276296262,0.004376498332461369,40568.70498609232,-7515.2501009232055
validation,2004-01-01,3,Input-only PolyRidge,Liquid-WC-time,gas_cum,4,15,24097.22935481566,0.02070414992411581,52552.17420414735,0.00484972661249199,40568.70498609232,-18239.225428329282
validation,2004-01-01,3,Input-only PolyRidge,Liquid-WC-time,gas_cum,5,15,38781.50776435884,0.027411814255572157,63096.56396115922,0.005691355819111517,40568.70498609232,-32155.49185444663
validation,2004-01-01,3,Input-only PolyRidge,Liquid-WC-time,gas_cum,6,15,55201.801163831115,0.03340842005893095,76621.788606444,0.0067667575766909545,40568.70498609232,-47364.6952889846
validation,2004-01-01,3,Input-only PolyRidge,Liquid-WC-time,gas_cum,7,15,74881.10407610914,0.0398635014478826,94267.19799539677,0.008162635106366521,40568.70498609232,-65810.75448052834
validation,2004-01-01,3,Input-only PolyRidge,Liquid-WC-time,gas_cum,8,15,100546.47157484679,0.04801253691386975,118566.70022835217,0.010079160628494626,40568.70498609232,-90502.0862569953
validation,2004-01-01,3,Input-only PolyRidge,Liquid-WC-time,gas_cum,9,15,133445.10754315346,0.058073774263889766,150638.9748414841,0.01258850309927254,40568.70498609232,-122724.62612443107
validation,2004-01-01,3,Input-only PolyRidge,Liquid-WC-time,gas_cum,10,15,176117.16953131516,0.07048825502437116,192831.05756665,0.015849771894687635,40568.70498609232,-164807.68163397783
validation,2004-01-01,3,Input-only PolyRidge,Liquid-WC-time,gas_cum,11,15,229047.22734540183,0.08493247313283012,245491.00654951108,0.01985609146316487,40568.70498609232,-217066.35785727165
validation,2004-01-01,3,Input-only PolyRidge,Liquid-WC-time,gas_cum,12,15,291087.8370138944,0.10070616980005165,307384.28237601405,0.024480685963047956,40568.70498609232,-278250.96368623414
validation,2004-01-01,3,Input-only PolyRidge,Liquid-WC-time,oil_cum,1,15,8799.816370914705,0.010258332198162677,118686.35597373628,0.0043175344775962885,114269.861833703,2738.086553830157
validation,2004-01-01,3,Input-only PolyRidge,Liquid-WC-time,oil_cum,2,15,18295.998559034215,0.010923653200573433,122487.16523622177,0.004327438657085951,114269.861833703,-4654.635435472181
validation,2004-01-01,3,Input-only PolyRidge,Liquid-WC-time,oil_cum,3,15,37827.30867980795,0.015372848008306135,130493.1278222615,0.004486012434567307,114269.861833703,-23134.907652175425
validation,2004-01-01,3,Input-only PolyRidge,Liquid-WC-time,oil_cum,4,15,69537.57528757474,0.021681715905656006,148316.79918971172,0.004971437652039531,114269.861833703,-53365.67368024215
validation,2004-01-01,3,Input-only PolyRidge,Liquid-WC-time,oil_cum,5,15,110249.39267902546,0.02828229998287448,177516.5943584214,0.005815823028610438,114269.861833703,-91970.39962223693
validation,2004-01-01,3,Input-only PolyRidge,Liquid-WC-time,oil_cum,6,15,155408.30132537385,0.034138742046034114,214630.74751621837,0.006884659440352576,114269.861833703,-133928.214086468
validation,2004-01-01,3,Input-only PolyRidge,Liquid-WC-time,oil_cum,7,15,209457.19928874503,0.04047825481492183,262954.9991556114,0.008270210603102249,114269.861833703,-184571.731398198
validation,2004-01-01,3,Input-only PolyRidge,Liquid-WC-time,oil_cum,8,15,280111.22945668496,0.04856039993432073,329674.44176249736,0.010179237343776066,114269.861833703,-252416.0883709083
validation,2004-01-01,3,Input-only PolyRidge,Liquid-WC-time,oil_cum,9,15,370722.8063723012,0.058575974250051635,417861.89871830115,0.012683528407701806,114269.861833703,-341034.3541561616
validation,2004-01-01,3,Input-only PolyRidge,Liquid-WC-time,oil_cum,10,15,488274.67718441976,0.07095597160077441,533984.4651710757,0.01594211776647146,114269.861833703,-456895.07161491463
validation,2004-01-01,3,Input-only PolyRidge,Liquid-WC-time,oil_cum,11,15,634203.0047565952,0.08538650875757102,679091.7564170959,0.019950618540318675,114269.861833703,-600938.323018115
validation,2004-01-01,3,Input-only PolyRidge,Liquid-WC-time,oil_cum,12,15,805118.0052873124,0.10113774117670947,849547.0833221825,0.024575320884571213,114269.861833703,-769421.4962029929
validation,2004-01-01,3,Input-only PolyRidge,Liquid-WC-time,water_cum,1,15,9815.418827034642,0.0191287237524053,20900.35888047556,0.003985969591549524,23471.633492240402,7173.793016776939
validation,2004-01-01,3,Input-only PolyRidge,Liquid-WC-time,water_cum,2,15,34734.95836151967,0.03334546040952961,33562.79699020154,0.005817783223995207,23471.633492240402,30626.948608068004
validation,2004-01-01,3,Input-only PolyRidge,Liquid-WC-time,water_cum,3,15,78066.29299444344,0.04907671845208164,73878.79913574758,0.011699044745386985,23471.633492240402,72317.1181143634
validation,2004-01-01,3,Input-only PolyRidge,Liquid-WC-time,water_cum,4,15,139683.17241773562,0.06484012137111768,135075.65133620682,0.019645882199408594,23471.633492240402,132296.5591471468
validation,2004-01-01,3,Input-only PolyRidge,Liquid-WC-time,water_cum,5,15,217883.88431022016,0.08013462684166725,213471.99443129223,0.028702354291162736,23471.633492240402,208961.1064124911
validation,2004-01-01,3,Input-only PolyRidge,Liquid-WC-time,water_cum,6,15,315534.3946861807,0.09555659427935362,311477.87084842526,0.038847938595858195,23471.633492240402,305131.1877839231
validation,2004-01-01,3,Input-only PolyRidge,Liquid-WC-time,water_cum,7,15,433368.554088999,0.1110396117352215,429729.34608178935,0.0498749628497235,23471.633492240402,421504.8194935897
validation,2004-01-01,3,Input-only PolyRidge,Liquid-WC-time,water_cum,8,15,570251.4129765896,0.12633280330673177,567031.6471046167,0.06146756863828869,23471.633492240402,556802.9871996619
validation,2004-01-01,3,Input-only PolyRidge,Liquid-WC-time,water_cum,9,15,721124.5256833918,0.14079929466189953,718288.6040962274,0.07306666673421146,23471.633492240402,705856.6306831872
validation,2004-01-01,3,Input-only PolyRidge,Liquid-WC-time,water_cum,10,15,887860.4828892238,0.1544726150171037,885403.3671489111,0.08468926174473651,23471.633492240402,870135.4925009732
validation,2004-01-01,3,Input-only PolyRidge,Liquid-WC-time,water_cum,11,15,1068761.9377229672,0.16718294440440476,1066672.932312334,0.09611351807818815,23471.633492240402,1047678.419581791
validation,2004-01-01,3,Input-only PolyRidge,Liquid-WC-time,water_cum,12,15,1260674.4056443714,0.17883099721858375,1258938.3890497019,0.10711429465672556,23471.633492240402,1235157.2070175854
validation,2004-01-01,3,Input-only PolyRidge,Liquid-WC-volume,gas_cum,1,15,3486.8636077949036,0.01119495024561994,41967.058302013786,0.004202811285829692,40568.70498609232,1773.240871163085
validation,2004-01-01,3,Input-only PolyRidge,Liquid-WC-volume,gas_cum,2,15,6365.02720954571,0.010469135612085421,42778.30372367532,0.004160754238048183,40568.70498609232,1434.4180691936365
validation,2004-01-01,3,Input-only PolyRidge,Liquid-WC-volume,gas_cum,3,15,10432.226199647484,0.0116827662148918,44010.45828774632,0.00416537944495674,40568.70498609232,-1129.0485586555053
validation,2004-01-01,3,Input-only PolyRidge,Liquid-WC-volume,gas_cum,4,15,16745.88220768723,0.014387930277563321,46781.952283334154,0.004317227258599531,40568.70498609232,-6360.401957127576
validation,2004-01-01,3,Input-only PolyRidge,Liquid-WC-volume,gas_cum,5,15,24937.86335482761,0.017626753512704114,51491.51261355855,0.004644571773011749,40568.70498609232,-13049.557078460108
validation,2004-01-01,3,Input-only PolyRidge,Liquid-WC-volume,gas_cum,6,15,33603.70600026322,0.02033713940350888,57232.67057792861,0.005054431830828929,40568.70498609232,-19011.256893706817
validation,2004-01-01,3,Input-only PolyRidge,Liquid-WC-volume,gas_cum,7,15,43495.65432639584,0.023155228553448638,64840.60641122604,0.005614574544118868,40568.70498609232,-26093.278240273023
validation,2004-01-01,3,Input-only PolyRidge,Liquid-WC-volume,gas_cum,8,15,56621.66985369237,0.027037746540430938,76412.32190713567,0.006495686099174181,40568.70498609232,-37409.550701847176
validation,2004-01-01,3,Input-only PolyRidge,Liquid-WC-volume,gas_cum,9,15,74486.27144860978,0.03241556767052354,93367.92382669715,0.0078025119309384685,40568.70498609232,-54660.330622462556
validation,2004-01-01,3,Input-only PolyRidge,Liquid-WC-volume,gas_cum,10,15,99601.10809733828,0.039863849316672084,117941.81156613653,0.009694241341405153,40568.70498609232,-79806.73589473045
validation,2004-01-01,3,Input-only PolyRidge,Liquid-WC-volume,gas_cum,11,15,132955.52383365508,0.04930093058421804,150932.10706113177,0.012207867671639531,40568.70498609232,-113242.50647138171
validation,2004-01-01,3,Input-only PolyRidge,Liquid-WC-volume,gas_cum,12,15,173988.9056821234,0.06019405159176311,191699.499495003,0.01526732339771983,40568.70498609232,-154065.45496608305
validation,2004-01-01,3,Input-only PolyRidge,Liquid-WC-volume,oil_cum,1,15,9516.480655804642,0.011093779211950249,118311.93696468131,0.004303913982069238,114269.861833703,4494.179562395066
validation,2004-01-01,3,Input-only PolyRidge,Liquid-WC-volume,oil_cum,2,15,17839.331452847026,0.010650999424393771,120614.68369549284,0.004261284387057715,114269.861833703,2745.0013664901257
validation,2004-01-01,3,Input-only PolyRidge,Liquid-WC-volume,oil_cum,3,15,30092.03847233358,0.012229269008033311,124249.5036082016,0.004271372964056738,114269.861833703,-5555.124959641943
validation,2004-01-01,3,Input-only PolyRidge,Liquid-WC-volume,oil_cum,4,15,48441.52923347104,0.015103999104543419,132231.56576246847,0.004432275968812019,114269.861833703,-20665.964692431688
validation,2004-01-01,3,Input-only PolyRidge,Liquid-WC-volume,oil_cum,5,15,71374.09137613041,0.01830961073120587,145361.23095440108,0.004762344599428491,114269.861833703,-39376.140554085374
validation,2004-01-01,3,Input-only PolyRidge,Liquid-WC-volume,oil_cum,6,15,95094.27808075419,0.020889482748130756,161026.9152456628,0.005165222061732488,114269.861833703,-55877.77012474413
validation,2004-01-01,3,Input-only PolyRidge,Liquid-WC-volume,oil_cum,7,15,122230.06013800627,0.023621339047357796,181749.85136279865,0.005716223508507499,114269.861833703,-75238.82589577188
validation,2004-01-01,3,Input-only PolyRidge,Liquid-WC-volume,oil_cum,8,15,158555.48017452384,0.027487357590009632,213507.78785402913,0.0065924019941966385,114269.861833703,-106264.90880581885
validation,2004-01-01,3,Input-only PolyRidge,Liquid-WC-volume,oil_cum,9,15,208010.49980927716,0.032866652580128275,260171.28775871033,0.007897082575074791,114269.861833703,-153669.62145106992
validation,2004-01-01,3,Input-only PolyRidge,Liquid-WC-volume,oil_cum,10,15,277391.20017207746,0.04031042984905936,327843.4086208805,0.00978777206097382,114269.861833703,-222907.97978189812
validation,2004-01-01,3,Input-only PolyRidge,Liquid-WC-volume,oil_cum,11,15,369513.9405804073,0.049749851525100974,418807.24936353083,0.012303880285715066,114269.861833703,-315136.5368642581
validation,2004-01-01,3,Input-only PolyRidge,Liquid-WC-volume,oil_cum,12,15,482685.9783423218,0.06063430357614664,531136.7207808526,0.015364487269763466,114269.861833703,-427569.2762841888
validation,2004-01-01,3,Input-only PolyRidge,Liquid-WC-volume,water_cum,1,15,8586.201707313025,0.016733170885102358,20770.63919050796,0.003961230363740421,23471.633492240402,5417.700008212248
validation,2004-01-01,3,Input-only PolyRidge,Liquid-WC-volume,water_cum,2,15,28266.029346288105,0.027135307107361555,28081.93555979447,0.004867729398261502,23471.633492240402,23227.311806105045
validation,2004-01-01,3,Input-only PolyRidge,Liquid-WC-volume,water_cum,3,15,61803.51597679399,0.038853052150916625,57811.6277693013,0.00915473488996457,23471.633492240402,54737.33542182942
validation,2004-01-01,3,Input-only PolyRidge,Liquid-WC-volume,water_cum,4,15,108708.3742841006,0.05046179908885717,104089.27082046184,0.015139113026901189,23471.633492240402,99596.85015933681
validation,2004-01-01,3,Input-only PolyRidge,Liquid-WC-volume,water_cum,5,15,167427.52494018024,0.061577487828345774,162988.70021020382,0.021914628339667692,23471.633492240402,156366.84734433916
validation,2004-01-01,3,Input-only PolyRidge,Liquid-WC-volume,water_cum,6,15,240031.64082530228,0.07269130244695789,235992.183305973,0.02943326221282118,23471.633492240402,227080.74382219897
validation,2004-01-01,3,Input-only PolyRidge,Liquid-WC-volume,water_cum,7,15,326972.2789241877,0.08377828653545122,323423.50208121934,0.03753696436630642,23471.633492240402,312171.9139911629
validation,2004-01-01,3,Input-only PolyRidge,Liquid-WC-volume,water_cum,8,15,427418.4128752731,0.09468975447442525,424372.5890475169,0.04600299009531975,23471.633492240402,410651.80763457355
validation,2004-01-01,3,Input-only PolyRidge,Liquid-WC-volume,water_cum,9,15,537466.9328070886,0.10494021815665933,534886.0057162271,0.054410354414066865,23471.633492240402,518491.8979780965
validation,2004-01-01,3,Input-only PolyRidge,Liquid-WC-volume,water_cum,10,15,658070.9663022605,0.1144931495326227,655956.124286603,0.06274252161662264,23471.633492240402,636148.4006679564
validation,2004-01-01,3,Input-only PolyRidge,Liquid-WC-volume,water_cum,11,15,787809.3433080815,0.1232344463203419,786154.1037166832,0.07083711826831131,23471.633492240402,761876.6334279362
validation,2004-01-01,3,Input-only PolyRidge,Liquid-WC-volume,water_cum,12,15,924519.6221024247,0.13114628585183175,923311.1202157346,0.07855810915836252,23471.633492240402,893304.9870987802
validation,2004-01-01,3,Input-only PolyRidge,Separate,gas_cum,1,15,4503.70641384954,0.01445963332526502,41592.52295364698,0.004165303262805294,40568.70498609232,3449.042461718246
validation,2004-01-01,3,Input-only PolyRidge,Separate,gas_cum,2,15,10561.649504095296,0.0173716996495888,41257.50316164172,0.0040128363256274205,40568.70498609232,8740.349755879119
validation,2004-01-01,3,Input-only PolyRidge,Separate,gas_cum,3,15,19102.840635360128,0.021392751356444778,41202.509866064924,0.00389962055279299,40568.70498609232,16187.755127144605
validation,2004-01-01,3,Input-only PolyRidge,Separate,gas_cum,4,15,29872.262309066795,0.025666012814698717,43146.70956277355,0.003981752397059374,40568.70498609232,25511.49008784654
validation,2004-01-01,3,Input-only PolyRidge,Separate,gas_cum,5,15,43339.235662547115,0.03063333909498016,48836.76931787278,0.004405112002849791,40568.70498609232,37561.55781992177
validation,2004-01-01,3,Input-only PolyRidge,Separate,gas_cum,6,15,61948.78315850742,0.03749172900639114,60948.70119353774,0.005382608434125733,40568.70498609232,55091.92035434507
validation,2004-01-01,3,Input-only PolyRidge,Separate,gas_cum,7,15,84153.93022116688,0.044799958021543206,78790.39176329416,0.006822492144964805,40568.70498609232,76346.60667377511
validation,2004-01-01,3,Input-only PolyRidge,Separate,gas_cum,8,15,106689.25212525451,0.05094581217764374,98734.0169731589,0.008393216768724896,40568.70498609232,97848.82313121694
validation,2004-01-01,3,Input-only PolyRidge,Separate,gas_cum,9,15,126835.09106774215,0.055197171204092364,117371.86504935219,0.00980845819281474,40568.70498609232,116856.43228715062
validation,2004-01-01,3,Input-only PolyRidge,Separate,gas_cum,10,15,143624.64766854484,0.0574836105962158,133258.44965836345,0.010953194245666289,40568.70498609232,132315.41336934903
validation,2004-01-01,3,Input-only PolyRidge,Separate,gas_cum,11,15,156557.15838436352,0.058052598157762064,145630.20846540036,0.011779033292225977,40568.70498609232,143685.61615727036
validation,2004-01-01,3,Input-only PolyRidge,Separate,gas_cum,12,15,165828.1207408983,0.05737070657527762,154536.9858934374,0.012307628067675146,40568.70498609232,151132.367540037
validation,2004-01-01,3,Input-only PolyRidge,Separate,oil_cum,1,15,12133.563200412402,0.014144627207066841,117320.91917712455,0.004267863052452405,114269.861833703,9107.270720239978
validation,2004-01-01,3,Input-only PolyRidge,Separate,oil_cum,2,15,28229.54673539003,0.016854492940179724,116407.3159337501,0.004112639213813403,114269.861833703,22856.38842463692
validation,2004-01-01,3,Input-only PolyRidge,Separate,oil_cum,3,15,50708.764968420335,0.02060781387190145,115837.64674081783,0.003982195325857415,114269.861833703,42113.53845505292
validation,2004-01-01,3,Input-only PolyRidge,Separate,oil_cum,4,15,79593.8729940783,0.024817255058889466,120336.28436833806,0.0040335574815775176,114269.861833703,67068.92752562389
validation,2004-01-01,3,Input-only PolyRidge,Separate,oil_cum,5,15,116123.12566661248,0.029789089946406368,134795.0008422494,0.004416172318273901,114269.861833703,99942.69865759314
validation,2004-01-01,3,Input-only PolyRidge,Separate,oil_cum,6,15,166889.05215055053,0.03666073339123845,166775.36208300552,0.005349613623724723,114269.861833703,148108.19739144866
validation,2004-01-01,3,Input-only PolyRidge,Separate,oil_cum,7,15,227934.43707667952,0.04404903844993486,215107.6967714949,0.006765362744047901,114269.861833703,206750.138733537
validation,2004-01-01,3,Input-only PolyRidge,Separate,oil_cum,8,15,290031.17026771733,0.05028013210658272,269652.32917004486,0.008325956492864417,114269.861833703,266064.03278349864
validation,2004-01-01,3,Input-only PolyRidge,Separate,oil_cum,9,15,345543.3989576999,0.05459750760328144,320777.8437058859,0.009736697472740271,114269.861833703,318468.2552841713
validation,2004-01-01,3,Input-only PolyRidge,Separate,oil_cum,10,15,391664.21499100415,0.05691655990884973,364272.5284927668,0.010875364223304715,114269.861833703,361004.7501366218
validation,2004-01-01,3,Input-only PolyRidge,Separate,oil_cum,11,15,426908.5098490125,0.05747722250053754,397878.50901361933,0.011689027710485148,114269.861833703,392113.9180653331
validation,2004-01-01,3,Input-only PolyRidge,Separate,oil_cum,12,15,452243.3186118328,0.05681014137839017,422142.7425963219,0.012211557854837822,114269.861833703,412553.39703567623
validation,2004-01-01,3,Input-only PolyRidge,Separate,water_cum,1,15,9551.705526386293,0.018614787570278953,24153.759141856564,0.0046064352297313736,23471.633492240402,-979.1795569061302
validation,2004-01-01,3,Input-only PolyRidge,Separate,water_cum,2,15,26400.065118776674,0.025343986800410747,34637.17546590298,0.006004016244860011,23471.633492240402,-2282.169430158939
validation,2004-01-01,3,Input-only PolyRidge,Separate,water_cum,3,15,50657.43983323332,0.03184602235917378,56577.63929918025,0.008959327188484316,23471.633492240402,-3414.1463478644687
validation,2004-01-01,3,Input-only PolyRidge,Separate,water_cum,4,15,81508.50471442669,0.03783577682969851,86948.21878655445,0.01264605757463544,23471.633492240402,-4740.8890945167595
validation,2004-01-01,3,Input-only PolyRidge,Separate,water_cum,5,15,117525.1967673367,0.043224113693672975,123164.85718185313,0.016560117763793212,23471.633492240402,-6177.172090457069
validation,2004-01-01,3,Input-only PolyRidge,Separate,water_cum,6,15,159082.25541795228,0.04817654998636995,165149.40106305407,0.020597655217575207,23471.633492240402,-7115.432738196974
validation,2004-01-01,3,Input-only PolyRidge,Separate,water_cum,7,15,205728.91956419236,0.05271277561690171,212354.16867947814,0.024646108929821844,23471.633492240402,-7041.428167111799
validation,2004-01-01,3,Input-only PolyRidge,Separate,water_cum,8,15,257042.4273624555,0.05694486620903661,264256.34504290036,0.028646011399838016,23471.633492240402,-5532.621800235628
validation,2004-01-01,3,Input-only PolyRidge,Separate,water_cum,9,15,311735.28791300574,0.060866198688471894,319503.39601602225,0.03250093071784834,23471.633492240402,-3305.2367212840045
validation,2004-01-01,3,Input-only PolyRidge,Separate,water_cum,10,15,372209.6115895529,0.06475813840665365,380543.0551318704,0.03639912789690626,23471.633492240402,-2301.6329603170975
validation,2004-01-01,3,Input-only PolyRidge,Separate,water_cum,11,15,438518.0676888674,0.06859595120588795,447410.33541901933,0.04031430821858767,23471.633492240402,-3530.38139104067
validation,2004-01-01,3,Input-only PolyRidge,Separate,water_cum,12,15,510058.924462406,0.07235361144277991,519483.0923251541,0.0441991963264429,23471.633492240402,-6979.514162410857
validation,2005-01-01,3,History-conditioned,Constant,gas_cum,1,15,12169.75022803965,0.04850346536119184,12169.75022803965,0.001097720294565065,0.0,12153.775227864584
validation,2005-01-01,3,History-conditioned,Constant,gas_cum,2,15,40703.75952205036,0.08332526183173411,40703.75952205036,0.003594701691973771,0.0,40668.87758789062
validation,2005-01-01,3,History-conditioned,Constant,gas_cum,3,15,83741.37450038317,0.11717930550103846,83741.37450038317,0.007251199758643434,0.0,83679.90708007812
validation,2005-01-01,3,History-conditioned,Constant,gas_cum,4,15,137282.8784097528,0.1475468804853462,137282.8784097528,0.011670192224031551,0.0,137192.0032389323
validation,2005-01-01,3,History-conditioned,Constant,gas_cum,5,15,197125.97268456014,0.17380377464902055,197125.97268456014,0.016473299295205503,0.0,197014.97846679686
validation,2005-01-01,3,History-conditioned,Constant,gas_cum,6,15,263023.43441502145,0.197029941796234,263023.43441502145,0.021619242724914788,0.0,262894.0808268229
validation,2005-01-01,3,History-conditioned,Constant,gas_cum,7,15,334344.5066388773,0.2180541684562662,334344.5066388773,0.027042844450146333,0.0,334198.44365234376
validation,2005-01-01,3,History-conditioned,Constant,gas_cum,8,15,410368.57422165107,0.23761272199747704,410368.57422165107,0.03268255656069908,0.0,410206.3398111979
validation,2005-01-01,3,History-conditioned,Constant,gas_cum,9,15,489131.536914421,0.25579232525983875,489131.536914421,0.038392375559401205,0.0,488956.4483723958
validation,2005-01-01,3,History-conditioned,Constant,gas_cum,10,15,573042.76695745,0.27350228249005526,573042.76695745,0.044345402108342626,0.0,572860.5507324219
validation,2005-01-01,3,History-conditioned,Constant,gas_cum,11,15,662222.1397268049,0.2909759414756485,662222.1397268049,0.05054413078627329,0.0,662034.7802246094
validation,2005-01-01,3,History-conditioned,Constant,gas_cum,12,15,755833.6532321145,0.3082392854442557,755833.6532321145,0.0569278685363782,0.0,755643.6097167969
validation,2005-01-01,3,History-conditioned,Constant,oil_cum,1,15,33929.48128068208,0.04910056584816153,33929.48128068208,0.0011116023225556907,0.0,33888.99498697917
validation,2005-01-01,3,History-conditioned,Constant,oil_cum,2,15,113113.52618112936,0.08408802139163309,113113.52618112936,0.003628315676418334,0.0,113030.71806640625
validation,2005-01-01,3,History-conditioned,Constant,oil_cum,3,15,232455.7163852526,0.118141466803964,232455.7163852526,0.007310976161603127,0.0,232308.6359049479
validation,2005-01-01,3,History-conditioned,Constant,oil_cum,4,15,380708.6923989026,0.14862682115574413,380708.6923989026,0.01175500326336765,0.0,380484.0204101562
validation,2005-01-01,3,History-conditioned,Constant,oil_cum,5,15,546249.8335896868,0.1749507630570064,546249.8335896868,0.01658053845849175,0.0,545972.8820638021
validation,2005-01-01,3,History-conditioned,Constant,oil_cum,6,15,728363.3537741404,0.19819579515158162,728363.3537741404,0.021745303693300085,0.0,728041.6718098958
validation,2005-01-01,3,History-conditioned,Constant,oil_cum,7,15,925241.7669670322,0.21918596676154695,925241.7669670322,0.02718210812588945,0.0,924881.0563151041
validation,2005-01-01,3,History-conditioned,Constant,oil_cum,8,15,1135208.0537299654,0.23875614232336628,1135208.0537299654,0.032838794622267416,0.0,1134798.7074869792
validation,2005-01-01,3,History-conditioned,Constant,oil_cum,9,15,1352880.512744163,0.25699136460185423,1352880.512744163,0.03857011577949138,0.0,1352419.0358072917
validation,2005-01-01,3,History-conditioned,Constant,oil_cum,10,15,1584736.8587229627,0.27475158830284496,1584736.8587229627,0.04454440961101261,0.0,1584230.7588867187
validation,2005-01-01,3,History-conditioned,Constant,oil_cum,11,15,1831001.230024688,0.29224938689548574,1831001.230024688,0.05076110780826753,0.0,1830451.0767252604
validation,2005-01-01,3,History-conditioned,Constant,oil_cum,12,15,2089422.4768597567,0.3095272793235865,2089422.4768597567,0.05716112245873339,0.0,2088834.0612304688
validation,2005-01-01,3,History-conditioned,Constant,water_cum,1,15,9613.21711591175,0.017020577981183192,9613.21711591175,0.0012925440841729545,0.0,-9538.452864583332
validation,2005-01-01,3,History-conditioned,Constant,water_cum,2,15,31713.2400270378,0.0276248493834659,31713.2400270378,0.003955317910355189,0.0,-31496.017057291665
validation,2005-01-01,3,History-conditioned,Constant,water_cum,3,15,65464.22020244881,0.03743260602848207,65464.22020244881,0.007597864982583313,0.0,-65059.35924479167
validation,2005-01-01,3,History-conditioned,Constant,water_cum,4,15,109535.83200144228,0.04641354328857237,109535.83200144228,0.011873942673712001,0.0,-108950.234765625
validation,2005-01-01,3,History-conditioned,Constant,water_cum,5,15,162585.4277312967,0.0547824602147882,162585.4277312967,0.016538721617098632,0.0,-161888.22096354168
validation,2005-01-01,3,History-conditioned,Constant,water_cum,6,15,227655.11646421993,0.06334415227778262,227655.11646421993,0.02177532236843663,0.0,-226882.41848958333
validation,2005-01-01,3,History-conditioned,Constant,water_cum,7,15,305540.89190391544,0.07207720957350006,305540.89190391544,0.027531035191801258,0.0,-304710.3606770833
validation,2005-01-01,3,History-conditioned,Constant,water_cum,8,15,395005.1987025021,0.08068104560631162,395005.1987025021,0.033608239777878315,0.0,-394146.40286458336
validation,2005-01-01,3,History-conditioned,Constant,water_cum,9,15,492474.4535940517,0.08875992833741614,492474.4535940517,0.039702055303508794,0.0,-491591.9557291667
validation,2005-01-01,3,History-conditioned,Constant,water_cum,10,15,601887.5712307674,0.09678237440281483,601887.5712307674,0.04603892850959907,0.0,-600978.719921875
validation,2005-01-01,3,History-conditioned,Constant,water_cum,11,15,722986.2661672187,0.10466885197363703,722986.2661672187,0.05254072993206596,0.0,-722035.8954427083
validation,2005-01-01,3,History-conditioned,Constant,water_cum,12,15,854158.2331827572,0.11230411789674181,854158.2331827572,0.05908025566760132,0.0,-853157.5376302083
validation,2005-01-01,3,History-conditioned,Liquid-WC-time,gas_cum,1,15,4792.331447834229,0.019100201567310307,4792.331447834229,0.00043227177139998043,0.0,4671.113800757378
validation,2005-01-01,3,History-conditioned,Liquid-WC-time,gas_cum,2,15,10896.11889124115,0.022305604450874535,10896.11889124115,0.0009622771329776892,0.0,10265.665496521318
validation,2005-01-01,3,History-conditioned,Liquid-WC-time,gas_cum,3,15,16934.859278341566,0.023696948621076217,16934.859278341566,0.0014663963691115317,0.0,14839.200358340517
validation,2005-01-01,3,History-conditioned,Liquid-WC-time,gas_cum,4,15,21088.94932062822,0.022665671939693256,21088.94932062822,0.001792736976566094,0.0,15036.739745695144
validation,2005-01-01,3,History-conditioned,Liquid-WC-time,gas_cum,5,15,24837.20289945481,0.021898685175071077,24837.20289945481,0.0020755797495705225,0.0,8795.690238031993
validation,2005-01-01,3,History-conditioned,Liquid-WC-time,gas_cum,6,15,34456.28222955553,0.025811081424371437,34456.28222955553,0.0028321382487293168,0.0,-5591.54269185327
validation,2005-01-01,3,History-conditioned,Liquid-WC-time,gas_cum,7,15,55062.46792766277,0.03591086564519082,55062.46792766277,0.004453627099120433,0.0,-28646.786223257208
validation,2005-01-01,3,History-conditioned,Liquid-WC-time,gas_cum,8,15,86050.37149336337,0.04982511889028906,86050.37149336337,0.006853220032102148,0.0,-59696.71689503454
validation,2005-01-01,3,History-conditioned,Liquid-WC-time,gas_cum,9,15,124905.20282303558,0.06531942812091876,124905.20282303558,0.009803922041821178,0.0,-97382.87278728014
validation,2005-01-01,3,History-conditioned,Liquid-WC-time,gas_cum,10,15,171785.55369171748,0.081989938173308,171785.55369171748,0.013293771240339454,0.0,-142384.80637742678
validation,2005-01-01,3,History-conditioned,Liquid-WC-time,gas_cum,11,15,226118.20085457346,0.09935481227731609,226118.20085457346,0.017258480548332778,0.0,-194341.47026410972
validation,2005-01-01,3,History-conditioned,Liquid-WC-time,gas_cum,12,15,286584.5921916526,0.11687311029184948,286584.5921916526,0.02158497431157352,0.0,-252105.30627035274
validation,2005-01-01,3,History-conditioned,Liquid-WC-time,oil_cum,1,15,13034.331084080248,0.01886244668423517,13034.331084080248,0.0004270325439449856,0.0,12743.989141752323
validation,2005-01-01,3,History-conditioned,Liquid-WC-time,oil_cum,2,15,29891.842203771957,0.022221443814253845,29891.842203771957,0.0009588335129018616,0.0,28226.977819821983
validation,2005-01-01,3,History-conditioned,Liquid-WC-time,oil_cum,3,15,46712.94163418575,0.023741018415070397,46712.94163418575,0.0014691710233526297,0.0,41114.716571319106
validation,2005-01-01,3,History-conditioned,Liquid-WC-time,oil_cum,4,15,58161.4144021404,0.022705933195385476,58161.4144021404,0.0017958287524017914,0.0,41936.35801772475
validation,2005-01-01,3,History-conditioned,Liquid-WC-time,oil_cum,5,15,68173.17738755984,0.021834238970099396,68173.17738755984,0.0020692875677122352,0.0,24978.194923752548
validation,2005-01-01,3,History-conditioned,Liquid-WC-time,oil_cum,6,15,94149.53159285655,0.02561913800372429,94149.53159285655,0.0028108363036939265,0.0,-14511.74967406243
validation,2005-01-01,3,History-conditioned,Liquid-WC-time,oil_cum,7,15,150783.82270959875,0.03572006704900808,150783.82270959875,0.004429785077648033,0.0,-78042.57837509364
validation,2005-01-01,3,History-conditioned,Liquid-WC-time,oil_cum,8,15,236078.23259688786,0.04965180428041522,236078.23259688786,0.006829166309703779,0.0,-163459.36648768684
validation,2005-01-01,3,History-conditioned,Liquid-WC-time,oil_cum,9,15,342830.44120798755,0.06512361001814321,342830.44120798755,0.009773967239209348,0.0,-266984.72735781816
validation,2005-01-01,3,History-conditioned,Liquid-WC-time,oil_cum,10,15,471660.98088586325,0.08177357832346793,471660.98088586325,0.013257633161282293,0.0,-390659.88650577515
validation,2005-01-01,3,History-conditioned,Liquid-WC-time,oil_cum,11,15,621116.5146930979,0.099137519753207,621116.5146930979,0.017219301574912988,0.0,-533593.2612486099
validation,2005-01-01,3,History-conditioned,Liquid-WC-time,oil_cum,12,15,787498.7919075867,0.11666015907711867,787498.7919075867,0.02154390286256864,0.0,-692564.3685627227
validation,2005-01-01,3,History-conditioned,Liquid-WC-time,water_cum,1,15,2894.2836787499537,0.00512444278120906,2894.2836787499537,0.00038915060398402127,0.0,-868.7270858107134
validation,2005-01-01,3,History-conditioned,Liquid-WC-time,water_cum,2,15,10722.261833918908,0.00933997497447635,10722.261833918908,0.0013372949038023179,0.0,3185.2161342603463
validation,2005-01-01,3,History-conditioned,Liquid-WC-time,water_cum,3,15,26551.008542847394,0.015181933571800046,26551.008542847394,0.003081545574607249,0.0,12871.212355996358
validation,2005-01-01,3,History-conditioned,Liquid-WC-time,water_cum,4,15,50820.34987077964,0.02153407214396076,50820.34987077964,0.005509045852828132,0.0,28480.68271892431
validation,2005-01-01,3,History-conditioned,Liquid-WC-time,water_cum,5,15,82238.62498593148,0.027709950788802756,82238.62498593148,0.008365581982311184,0.0,48610.20571107442
validation,2005-01-01,3,History-conditioned,Liquid-WC-time,water_cum,6,15,120877.90276644976,0.03363380713237962,120877.90276644976,0.011562030060385977,0.0,71481.65702049385
validation,2005-01-01,3,History-conditioned,Liquid-WC-time,water_cum,7,15,166134.3040723481,0.039191143867367786,166134.3040723481,0.014969679977957196,0.0,95720.32886903087
validation,2005-01-01,3,History-conditioned,Liquid-WC-time,water_cum,8,15,217535.65001406742,0.04443233597287954,217535.65001406742,0.01850859257023517,0.0,120512.58407253325
validation,2005-01-01,3,History-conditioned,Liquid-WC-time,water_cum,9,15,273482.02465421805,0.049290363657907024,273482.02465421805,0.02204743492397971,0.0,145418.9084451478
validation,2005-01-01,3,History-conditioned,Liquid-WC-time,water_cum,10,15,334339.0584637915,0.05376108343217634,334339.0584637915,0.025573899090665122,0.0,169203.13535215546
validation,2005-01-01,3,History-conditioned,Liquid-WC-time,water_cum,11,15,399743.9225374519,0.05787210547891138,399743.9225374519,0.029050119565019832,0.0,191187.55480480008
validation,2005-01-01,3,History-conditioned,Liquid-WC-time,water_cum,12,15,468482.40381148295,0.061595733748476,468482.40381148295,0.0324039025998978,0.0,210267.23744421874
validation,2005-01-01,3,History-conditioned,Liquid-WC-volume,gas_cum,1,15,5242.280581588712,0.020893508070271655,5242.280581588712,0.0004728575095120295,0.0,5139.952613613755
validation,2005-01-01,3,History-conditioned,Liquid-WC-volume,gas_cum,2,15,12748.895387883918,0.026098450333201646,12748.895387883918,0.0011259027755604828,0.0,12271.810838728397
validation,2005-01-01,3,History-conditioned,Liquid-WC-volume,gas_cum,3,15,21076.255134803734,0.029492003851067632,21076.255134803734,0.0018250015247349084,0.0,19638.73154610172
validation,2005-01-01,3,History-conditioned,Liquid-WC-volume,gas_cum,4,15,27677.09724302418,0.029746385029232335,27677.09724302418,0.0023527846208559657,0.0,24004.466406448682
validation,2005-01-01,3,History-conditioned,Liquid-WC-volume,gas_cum,5,15,31691.574968585694,0.027942108688674236,31691.574968585694,0.0026483816033179967,0.0,23268.83876103287
validation,2005-01-01,3,History-conditioned,Liquid-WC-volume,gas_cum,6,15,35167.432018457395,0.02634380126291878,35167.432018457395,0.002890591290885941,0.0,15953.682726957897
validation,2005-01-01,3,History-conditioned,Liquid-WC-volume,gas_cum,7,15,43179.13259976527,0.028160743385187884,43179.13259976527,0.003492465236310591,0.0,1629.3267109192907
validation,2005-01-01,3,History-conditioned,Liquid-WC-volume,gas_cum,8,15,59743.03857372676,0.034592575815115906,59743.03857372676,0.004758052540931714,0.0,-19086.054801069076
validation,2005-01-01,3,History-conditioned,Liquid-WC-volume,gas_cum,9,15,84236.96831046502,0.044051892734005234,84236.96831046502,0.006611835629659237,0.0,-45123.705373483775
validation,2005-01-01,3,History-conditioned,Liquid-WC-volume,gas_cum,10,15,116087.45305197261,0.05540630683944953,116087.45305197261,0.008983526330252626,0.0,-76838.33177080416
validation,2005-01-01,3,History-conditioned,Liquid-WC-volume,gas_cum,11,15,154366.8220760757,0.06782774040855875,154366.8220760757,0.011782053749053676,0.0,-113880.09812065115
validation,2005-01-01,3,History-conditioned,Liquid-WC-volume,gas_cum,12,15,197744.06482602016,0.08064273002686305,197744.06482602016,0.014893684712405474,0.0,-155321.27092062085
validation,2005-01-01,3,History-conditioned,Liquid-WC-volume,oil_cum,1,15,14276.909195687906,0.020660625910311727,14276.909195687906,0.0004677420585819323,0.0,14034.938216506689
validation,2005-01-01,3,History-conditioned,Liquid-WC-volume,oil_cum,2,15,35002.734118294546,0.02602085492933583,35002.734118294546,0.0011227743772707038,0.0,33750.90809797595
validation,2005-01-01,3,History-conditioned,Liquid-WC-volume,oil_cum,3,15,58157.220584145536,0.029557368826609486,58157.220584145536,0.001829105603112444,0.0,54330.254080815364
validation,2005-01-01,3,History-conditioned,Liquid-WC-volume,oil_cum,4,15,76455.1758717782,0.02984772866393974,76455.1758717782,0.0023606785445613615,0.0,66629.05704602772
validation,2005-01-01,3,History-conditioned,Liquid-WC-volume,oil_cum,5,15,87453.1280914601,0.028009146274295415,87453.1280914601,0.0026544995796283126,0.0,64830.12570311129
validation,2005-01-01,3,History-conditioned,Liquid-WC-volume,oil_cum,6,15,96691.50236962961,0.026310836613688743,96691.50236962961,0.0028867268962587535,0.0,44813.21694266125
validation,2005-01-01,3,History-conditioned,Liquid-WC-volume,oil_cum,7,15,118441.16198765591,0.02805822383021579,118441.16198765591,0.0034796099642777642,0.0,5322.977445103476
validation,2005-01-01,3,History-conditioned,Liquid-WC-volume,oil_cum,8,15,163890.12703243204,0.03446925377826628,163890.12703243204,0.004740940838599416,0.0,-51637.52577544153
validation,2005-01-01,3,History-conditioned,Liquid-WC-volume,oil_cum,9,15,231046.11674531183,0.04388920992578855,231046.11674531183,0.00658703809340313,0.0,-123088.61922597612
validation,2005-01-01,3,History-conditioned,Liquid-WC-volume,oil_cum,10,15,318446.04654442036,0.05521014835696231,318446.04654442036,0.008951007265466784,0.0,-210177.0707216556
validation,2005-01-01,3,History-conditioned,Liquid-WC-volume,oil_cum,11,15,423657.86655292,0.06762079114052313,423657.86655292,0.011745127357245647,0.0,-312042.1788959938
validation,2005-01-01,3,History-conditioned,Liquid-WC-volume,oil_cum,12,15,542951.4150440312,0.0804328833276692,542951.4150440312,0.014853727605686892,0.0,-426068.76084416953
validation,2005-01-01,3,History-conditioned,Liquid-WC-volume,water_cum,1,15,3417.383822769882,0.0060506121047461696,3417.383822769882,0.0004594839781740052,0.0,-2159.676160565205
validation,2005-01-01,3,History-conditioned,Liquid-WC-volume,water_cum,2,15,9985.328653673028,0.008698045354777618,9985.328653673028,0.0012453836073193203,0.0,-2338.7141438930607
validation,2005-01-01,3,History-conditioned,Liquid-WC-volume,water_cum,3,15,21860.996414090023,0.012500172821551164,21860.996414090023,0.0025372164920828126,0.0,-344.3251534991587
validation,2005-01-01,3,History-conditioned,Liquid-WC-volume,water_cum,4,15,39569.48384040299,0.016766750364472754,39569.48384040299,0.004289425425126016,0.0,3787.9836906230075
validation,2005-01-01,3,History-conditioned,Liquid-WC-volume,water_cum,5,15,62375.165573328166,0.02101704361881082,62375.165573328166,0.006345005906326568,0.0,8758.274931717167
validation,2005-01-01,3,History-conditioned,Liquid-WC-volume,water_cum,6,15,91188.53567100634,0.025372856008004895,91188.53567100634,0.008722227689769177,0.0,12156.690403770905
validation,2005-01-01,3,History-conditioned,Liquid-WC-volume,water_cum,7,15,126047.35106137821,0.02973461680373876,126047.35106137821,0.011357609242678462,0.0,12354.773048834255
validation,2005-01-01,3,History-conditioned,Liquid-WC-volume,water_cum,8,15,167006.93756089732,0.03411168863139279,167006.93756089732,0.014209456535135561,0.0,8690.74336028869
validation,2005-01-01,3,History-conditioned,Liquid-WC-volume,water_cum,9,15,212691.0412606992,0.03833384948708759,212691.0412606992,0.017146618308964693,0.0,1522.8003133043646
validation,2005-01-01,3,History-conditioned,Liquid-WC-volume,water_cum,10,15,264307.3858494203,0.04250012393909392,264307.3858494203,0.020217112669061954,0.0,-11279.680431965862
validation,2005-01-01,3,History-conditioned,Liquid-WC-volume,water_cum,11,15,322076.80685496633,0.04662800830167786,322076.80685496633,0.023405908684903085,0.0,-30363.527547816313
validation,2005-01-01,3,History-conditioned,Liquid-WC-volume,water_cum,12,15,385581.2911657425,0.05069595433214121,385581.2911657425,0.026669814066923352,0.0,-56228.370274335146
validation,2005-01-01,3,History-conditioned,Separate,gas_cum,1,15,6055.282916862319,0.024133790727565236,6055.282916862319,0.0005461909096423286,0.0,5988.793661150957
validation,2005-01-01,3,History-conditioned,Separate,gas_cum,2,15,15971.718793734353,0.032695939294496525,15971.718793734353,0.0014105224000368721,0.0,15756.231296602016
validation,2005-01-01,3,History-conditioned,Separate,gas_cum,3,15,28173.99084409374,0.03942386544286319,28173.99084409374,0.002439597353489583,0.0,27648.85009815904
validation,2005-01-01,3,History-conditioned,Separate,gas_cum,4,15,39544.873326519046,0.042501459512678405,39544.873326519046,0.0033616447916979997,0.0,38414.85407449553
validation,2005-01-01,3,History-conditioned,Separate,gas_cum,5,15,47877.53175941811,0.04221308652199231,47877.53175941811,0.004000999459623091,0.0,45722.911522867405
validation,2005-01-01,3,History-conditioned,Separate,gas_cum,6,15,52357.43074764511,0.039220769646446815,52357.43074764511,0.004303525297294237,0.0,48272.979276447244
validation,2005-01-01,3,History-conditioned,Separate,gas_cum,7,15,53253.39305941919,0.034731015795000056,53253.39305941919,0.0043073033842420515,0.0,45607.09704315588
validation,2005-01-01,3,History-conditioned,Separate,gas_cum,8,15,52194.08955155592,0.0302215629304661,52194.08955155592,0.004156839463495446,0.0,38138.180505191165
validation,2005-01-01,3,History-conditioned,Separate,gas_cum,9,15,51572.70123172125,0.0269700482843759,51572.70123172125,0.0040479878414534905,0.0,26479.32478007786
validation,2005-01-01,3,History-conditioned,Separate,gas_cum,10,15,54541.99220877662,0.026031843033039927,54541.99220877662,0.004220778475453445,0.0,10604.963267979274
validation,2005-01-01,3,History-conditioned,Separate,gas_cum,11,15,64020.07107626443,0.0281299874124398,64020.07107626443,0.0048863344356927475,0.0,-9227.686345348755
validation,2005-01-01,3,History-conditioned,Separate,gas_cum,12,15,80396.4620155713,0.03278677510316633,80396.4620155713,0.006055299603081902,0.0,-32399.237198638046
validation,2005-01-01,3,History-conditioned,Separate,oil_cum,1,15,16506.40651519126,0.023887011219270195,16506.40651519126,0.0005407851557631042,0.0,16372.298091598104
validation,2005-01-01,3,History-conditioned,Separate,oil_cum,2,15,43845.363109878504,0.03259442045156985,43845.363109878504,0.0014064172843049985,0.0,43345.57984832277
validation,2005-01-01,3,History-conditioned,Separate,oil_cum,3,15,77679.02231508183,0.03947897594822852,77679.02231508183,0.0024430867488799248,0.0,76386.86694893589
validation,2005-01-01,3,History-conditioned,Separate,oil_cum,4,15,109180.13395037873,0.042623393072939206,109180.13395037873,0.0033711151242558773,0.0,106309.43584865083
validation,2005-01-01,3,History-conditioned,Separate,oil_cum,5,15,132226.6679416716,0.042349040732627886,132226.6679416716,0.00401352864244881,0.0,126659.59199246863
validation,2005-01-01,3,History-conditioned,Separate,oil_cum,6,15,144489.2448536317,0.03931713563872855,144489.2448536317,0.004313729532763005,0.0,133807.574036553
validation,2005-01-01,3,History-conditioned,Separate,oil_cum,7,15,146695.61641190917,0.03475158780210043,146695.61641190917,0.0043096801822659165,0.0,126420.13528137455
validation,2005-01-01,3,History-conditioned,Separate,oil_cum,8,15,143574.88608218307,0.030196566896144417,143574.88608218307,0.0041532705669913945,0.0,105935.142746037
validation,2005-01-01,3,History-conditioned,Separate,oil_cum,9,15,141591.02835929536,0.026896441519160433,141591.02835929536,0.004036707089584643,0.0,74077.55910275603
validation,2005-01-01,3,History-conditioned,Separate,oil_cum,10,15,149286.6836010259,0.02588237485994924,149286.6836010259,0.004196209072307722,0.0,30606.937680408857
validation,2005-01-01,3,History-conditioned,Separate,oil_cum,11,15,174874.13653093387,0.027911974250478137,174874.13653093387,0.004848060586613992,0.0,-23871.054485794903
validation,2005-01-01,3,History-conditioned,Separate,oil_cum,12,15,219585.63042219274,0.03252943984085317,219585.63042219274,0.006007287300558514,0.0,-87590.30024093638
validation,2005-01-01,3,History-conditioned,Separate,water_cum,1,15,5517.544010367183,0.009769028095456466,5517.544010367183,0.0007418607926746726,0.0,-4402.715664143116
validation,2005-01-01,3,History-conditioned,Separate,water_cum,2,15,17176.999961191173,0.014962584598204107,17176.999961191173,0.002142338516491715,0.0,-11156.688247024267
validation,2005-01-01,3,History-conditioned,Separate,water_cum,3,15,36101.17217682211,0.020642741196370815,36101.17217682211,0.0041899503433209355,0.0,-19712.159744879416
validation,2005-01-01,3,History-conditioned,Separate,water_cum,4,15,62617.222261433286,0.026532752825604352,62617.222261433286,0.006787854658460546,0.0,-29426.524865603446
validation,2005-01-01,3,History-conditioned,Separate,water_cum,5,15,96450.37620160513,0.032498539203022876,96450.37620160513,0.009811247810591592,0.0,-40497.41509513942
validation,2005-01-01,3,History-conditioned,Separate,water_cum,6,15,139772.26304283235,0.03889108952131539,139772.26304283235,0.013369284790056321,0.0,-55065.26817117582
validation,2005-01-01,3,History-conditioned,Separate,water_cum,7,15,192974.33294670665,0.04552271662046526,192974.33294670665,0.01738812477231651,0.0,-73989.72212734706
validation,2005-01-01,3,History-conditioned,Separate,water_cum,8,15,255608.13330035144,0.05220875960086244,255608.13330035144,0.021747914866315603,0.0,-96873.42890381465
validation,2005-01-01,3,History-conditioned,Separate,water_cum,9,15,325290.7570789393,0.05862798379984685,325290.7570789393,0.026224124993727962,0.0,-122088.00485477249
validation,2005-01-01,3,History-conditioned,Separate,water_cum,10,15,404300.26349820924,0.06501071187269628,404300.26349820924,0.030925295382897303,0.0,-151526.95718493982
validation,2005-01-01,3,History-conditioned,Separate,water_cum,11,15,492375.9225456848,0.07128271305280569,492375.9225456848,0.03578185586936344,0.0,-184924.38033516333
validation,2005-01-01,3,History-conditioned,Separate,water_cum,12,15,588337.3990037305,0.07735418339828887,588337.3990037305,0.04069401031519981,0.0,-221733.3890042228
validation,2005-01-01,3,Input-only PolyRidge,Constant,gas_cum,1,15,11534.21007899838,0.045970471747761255,49914.657599005266,0.004502338307359048,50700.99484871212,11206.924888896694
validation,2005-01-01,3,Input-only PolyRidge,Constant,gas_cum,2,15,39143.19342622158,0.08013060413751752,55352.2989448134,0.004888369158228945,50700.99484871212,38764.656350632264
validation,2005-01-01,3,Input-only PolyRidge,Constant,gas_cum,3,15,81193.89649148985,0.11361461951824603,82127.22235750241,0.007111429666515114,50700.99484871212,80807.79438520782
validation,2005-01-01,3,Input-only PolyRidge,Constant,gas_cum,4,15,133751.44164780685,0.14375141462760688,127574.13110094445,0.010844867546542175,50700.99484871212,133351.99908644918
validation,2005-01-01,3,Input-only PolyRidge,Constant,gas_cum,5,15,192647.24365704137,0.1698549291467664,183060.62910322717,0.01529789550974916,50700.99484871212,192228.1239753439
validation,2005-01-01,3,Input-only PolyRidge,Constant,gas_cum,6,15,257594.23329436622,0.1929629460808832,246111.83446794542,0.020229191739778645,50700.99484871212,257149.85543707808
validation,2005-01-01,3,Input-only PolyRidge,Constant,gas_cum,7,15,327955.0048033599,0.21388703700374206,315291.26112161,0.025501757503709883,50700.99484871212,327486.32680498547
validation,2005-01-01,3,Input-only PolyRidge,Constant,gas_cum,8,15,403019.5630684366,0.23335747767859327,389549.31869073375,0.031024470295854308,50700.99484871212,402526.33150622697
validation,2005-01-01,3,Input-only PolyRidge,Constant,gas_cum,9,15,480838.8279327042,0.25145563634683654,466786.60482868727,0.03663850168347711,50700.99484871212,480329.58972845634
validation,2005-01-01,3,Input-only PolyRidge,Constant,gas_cum,10,15,563800.4687971438,0.26909111147795334,549299.154626158,0.04250798246525701,50700.99484871212,563276.3211901933
validation,2005-01-01,3,Input-only PolyRidge,Constant,gas_cum,11,15,652024.5570627765,0.28649519243626187,637165.066530045,0.0486316486918197,50700.99484871212,651482.6592247714
validation,2005-01-01,3,Input-only PolyRidge,Constant,gas_cum,12,15,744686.0056905324,0.3036931225446442,729530.7480171353,0.0549467866888049,50700.99484871212,744123.5972593497
validation,2005-01-01,3,Input-only PolyRidge,Constant,oil_cum,1,15,31867.079007954428,0.04611598975754155,140676.15647863963,0.00460885154642482,143031.47376461833,30924.508862257997
validation,2005-01-01,3,Input-only PolyRidge,Constant,oil_cum,2,15,108141.58490741467,0.08039190547785113,154642.36709630332,0.0049604264292448744,143031.47376461833,107068.80708224674
validation,2005-01-01,3,Input-only PolyRidge,Constant,oil_cum,3,15,224395.03626232958,0.11404477007407408,227264.40988788893,0.007147704125793518,143031.47376461833,223316.36132663116
validation,2005-01-01,3,Input-only PolyRidge,Constant,oil_cum,4,15,369570.7695447689,0.14427863026559942,351988.5617856275,0.010868222278788357,143031.47376461833,368461.3822376845
validation,2005-01-01,3,Input-only PolyRidge,Constant,oil_cum,5,15,532156.0662947181,0.17043686631785468,504764.36565655743,0.01532131355033287,143031.47376461833,530985.7577666114
validation,2005-01-01,3,Input-only PolyRidge,Constant,oil_cum,6,15,711312.0927120282,0.19355595677004975,678473.6886700337,0.02025584666169022,143031.47376461833,710057.1226532648
validation,2005-01-01,3,Input-only PolyRidge,Constant,oil_cum,7,15,905209.0424664168,0.2144402967720386,868980.6068480804,0.0255292461472799,143031.47376461833,903866.143564311
validation,2005-01-01,3,Input-only PolyRidge,Constant,oil_cum,8,15,1112178.0884776607,0.23391249657630273,1073627.2459965714,0.031057412353893116,143031.47376461833,1110753.4311420186
validation,2005-01-01,3,Input-only PolyRidge,Constant,oil_cum,9,15,1326885.8674880697,0.25205345671289064,1286650.3074372516,0.0366819174776284,143031.47376461833,1325409.2733376017
validation,2005-01-01,3,Input-only PolyRidge,Constant,oil_cum,10,15,1555752.571487645,0.2697264770928068,1514213.5468663818,0.042562112503973536,143031.47376461833,1554223.5715575807
validation,2005-01-01,3,Input-only PolyRidge,Constant,oil_cum,11,15,1799006.6335754036,0.28714267203208516,1756426.0153693652,0.0486936485139379,143031.47376461833,1797413.5258019539
validation,2005-01-01,3,Input-only PolyRidge,Constant,oil_cum,12,15,2054432.4200034456,0.30434384838893475,2010990.741452441,0.055015435752516606,143031.47376461833,2052766.146712992
validation,2005-01-01,3,Input-only PolyRidge,Constant,water_cum,1,15,10622.929349631417,0.018808313096843304,32104.587091953217,0.004316618840516415,27544.60703034417,-10013.469975935419
validation,2005-01-01,3,Input-only PolyRidge,Constant,water_cum,2,15,33228.60835965425,0.02894486026577604,47584.65729940503,0.005934822399539938,27544.60703034417,-32451.329247899168
validation,2005-01-01,3,Input-only PolyRidge,Constant,water_cum,3,15,67341.03958076632,0.03850577607706614,77663.38776617708,0.009013716691539438,27544.60703034417,-66500.24448256126
validation,2005-01-01,3,Input-only PolyRidge,Constant,water_cum,4,15,111790.75167866665,0.047369018863448444,120176.63721917525,0.013027431069690343,27544.60703034417,-110876.6930505557
validation,2005-01-01,3,Input-only PolyRidge,Constant,water_cum,5,15,165263.32449560496,0.05568476600563976,172678.60953916464,0.017565433091062788,27544.60703034417,-164289.69635982488
validation,2005-01-01,3,Input-only PolyRidge,Constant,water_cum,6,15,230776.671787176,0.06421271292685517,237696.8465261105,0.022735818722002463,27544.60703034417,-229764.1889651231
validation,2005-01-01,3,Input-only PolyRidge,Constant,water_cum,7,15,309101.0745754888,0.07291705798442775,315747.1771223258,0.02845068164493127,27544.60703034417,-308077.70419978735
validation,2005-01-01,3,Input-only PolyRidge,Constant,water_cum,8,15,399013.37033081136,0.08149972718063969,405518.2239013098,0.03450271983240163,27544.60703034417,-397999.31943445577
validation,2005-01-01,3,Input-only PolyRidge,Constant,water_cum,9,15,496904.12893362076,0.08955830003533626,503314.53671201103,0.040575955617125084,27544.60703034417,-495919.889410398
validation,2005-01-01,3,Input-only PolyRidge,Constant,water_cum,10,15,606743.1384569233,0.09756314035925237,613080.0824016591,0.04689505388295723,27544.60703034417,-605786.9486823658
validation,2005-01-01,3,Input-only PolyRidge,Constant,water_cum,11,15,728286.5761600148,0.1054361934682292,734560.95832491,0.05338188391128056,27544.60703034417,-727329.6972503625
validation,2005-01-01,3,Input-only PolyRidge,Constant,water_cum,12,15,859900.3863891924,0.11305909212238824,866118.4199182019,0.059907515609274375,27544.60703034417,-858936.9124850257
validation,2005-01-01,3,Input-only PolyRidge,Liquid-WC-time,gas_cum,1,15,4557.715596463556,0.018165122243009577,51159.555968251894,0.004614629042911236,50700.99484871212,3872.581048667679
validation,2005-01-01,3,Input-only PolyRidge,Liquid-WC-time,gas_cum,2,15,10351.255241761564,0.021190206099749604,52407.48874103813,0.0046283019225153,50700.99484871212,8687.00279975459
validation,2005-01-01,3,Input-only PolyRidge,Liquid-WC-time,gas_cum,3,15,16088.631313795162,0.022512821828642792,55058.981134069705,0.004767579623483406,50700.99484871212,12500.494835423679
validation,2005-01-01,3,Input-only PolyRidge,Liquid-WC-time,gas_cum,4,15,20366.22526813507,0.021888913172450532,59648.28587231254,0.005070602904217809,50700.99484871212,11967.447640629609
validation,2005-01-01,3,Input-only PolyRidge,Liquid-WC-time,gas_cum,5,15,25134.69452820571,0.022160980230863294,66847.66879801638,0.005586283939654318,50700.99484871212,5040.642072486256
validation,2005-01-01,3,Input-only PolyRidge,Liquid-WC-time,gas_cum,6,15,36402.43687703883,0.027268939115922458,79173.21966274854,0.00650765228204397,50700.99484871212,-10010.599596127744
validation,2005-01-01,3,Input-only PolyRidge,Liquid-WC-time,gas_cum,7,15,58285.7408335728,0.038013032958395594,99368.90899798667,0.008037272621068486,50700.99484871212,-33707.0686622976
validation,2005-01-01,3,Input-only PolyRidge,Liquid-WC-time,gas_cum,8,15,90089.16889964,0.05216367429044842,128498.92958972554,0.010233906293314598,50700.99484871212,-65368.12091130055
validation,2005-01-01,3,Input-only PolyRidge,Liquid-WC-time,gas_cum,9,15,129505.60265049145,0.06772521650335091,165509.0370070292,0.012990953614100026,50700.99484871212,-103623.30805638545
validation,2005-01-01,3,Input-only PolyRidge,Liquid-WC-time,gas_cum,10,15,176865.70760230173,0.0844145978497973,210927.36370153172,0.016322793512707563,50700.99484871212,-149172.1311922991
validation,2005-01-01,3,Input-only PolyRidge,Liquid-WC-time,gas_cum,11,15,231628.75313452637,0.10177611178018618,264188.9816921651,0.020164234388856162,50700.99484871212,-201653.2723193493
validation,2005-01-01,3,Input-only PolyRidge,Liquid-WC-time,gas_cum,12,15,292495.8842584,0.11928381592120962,323909.46622926753,0.024396208652971242,50700.99484871212,-259913.83034731782
validation,2005-01-01,3,Input-only PolyRidge,Liquid-WC-time,oil_cum,1,15,12504.13086552549,0.01809517498536957,144411.97340260338,0.00473124489323043,143031.47376461833,10368.375770146897
validation,2005-01-01,3,Input-only PolyRidge,Liquid-WC-time,oil_cum,2,15,28595.677029420644,0.021257881200765747,147860.8451884585,0.00474289716392247,143031.47376461833,23535.31112422347
validation,2005-01-01,3,Input-only PolyRidge,Liquid-WC-time,oil_cum,3,15,44690.28449093455,0.022713039041359576,155194.29323654316,0.004881023344630448,143031.47376461833,34171.332013701896
validation,2005-01-01,3,Input-only PolyRidge,Liquid-WC-time,oil_cum,4,15,56812.77319471628,0.022179430229886946,167988.36561532575,0.00518691541706875,143031.47376461833,32833.02886804367
validation,2005-01-01,3,Input-only PolyRidge,Liquid-WC-time,oil_cum,5,15,70293.28506586183,0.022513258776191567,188113.07148791134,0.005709870876945945,143031.47376461833,13851.612399843583
validation,2005-01-01,3,Input-only PolyRidge,Liquid-WC-time,oil_cum,6,15,101534.49055414212,0.02762866773350757,222418.0361104843,0.0066402952826064895,143031.47376461833,-27593.450865827253
validation,2005-01-01,3,Input-only PolyRidge,Liquid-WC-time,oil_cum,7,15,162055.00112310666,0.038390162828627845,278419.5340847896,0.008179516046557997,143031.47376461833,-93008.4569615831
validation,2005-01-01,3,Input-only PolyRidge,Liquid-WC-time,oil_cum,8,15,249671.58101189195,0.05251074755355362,358734.7917209946,0.01037732080078235,143031.47376461833,-180217.28088603294
validation,2005-01-01,3,Input-only PolyRidge,Liquid-WC-time,oil_cum,9,15,357949.97620247374,0.06799569657255519,460385.74326854397,0.013125424790897929,143031.47376461833,-285407.86669112794
validation,2005-01-01,3,Input-only PolyRidge,Liquid-WC-time,oil_cum,10,15,488089.3524633606,0.08462182480634713,585114.6244322967,0.016446632989346253,143031.47376461833,-410680.222201435
validation,2005-01-01,3,Input-only PolyRidge,Liquid-WC-time,oil_cum,11,15,638740.8666561027,0.10195057414724963,731538.6410247921,0.020280549905732345,143031.47376461833,-555142.20426427
validation,2005-01-01,3,Input-only PolyRidge,Liquid-WC-time,oil_cum,12,15,806253.2612835558,0.11943844826726163,895803.452817438,0.024506834511712157,143031.47376461833,-715558.0407266207
validation,2005-01-01,3,Input-only PolyRidge,Liquid-WC-time,water_cum,1,15,5532.585280060116,0.009795659253440076,31183.74089176344,0.004192806562676734,27544.60703034417,-920.1664127980049
validation,2005-01-01,3,Input-only PolyRidge,Liquid-WC-time,water_cum,2,15,13900.87466889442,0.01210880908728497,37896.753998379194,0.004726534081863561,27544.60703034417,3120.6248543171832
validation,2005-01-01,3,Input-only PolyRidge,Liquid-WC-time,water_cum,3,15,28936.942334186504,0.016546216524305126,50271.64337414646,0.005834594189438706,27544.60703034417,12827.550586230307
validation,2005-01-01,3,Input-only PolyRidge,Liquid-WC-time,water_cum,4,15,52423.40064319025,0.022213331752981486,71152.29045343575,0.007713076191691111,27544.60703034417,28487.3396860697
validation,2005-01-01,3,Input-only PolyRidge,Liquid-WC-time,water_cum,5,15,83313.47203596141,0.028072115876885326,100324.26873385826,0.010205312832651125,27544.60703034417,48690.27175825288
validation,2005-01-01,3,Input-only PolyRidge,Liquid-WC-time,water_cum,6,15,121482.27700393352,0.03380197191745686,137686.73436433135,0.013169802959872565,27544.60703034417,71656.6386539219
validation,2005-01-01,3,Input-only PolyRidge,Liquid-WC-time,water_cum,7,15,166199.10623234982,0.03920643072091512,182145.82543161046,0.01641241242293138,27544.60703034417,96009.37629782099
validation,2005-01-01,3,Input-only PolyRidge,Liquid-WC-time,water_cum,8,15,217056.49801382353,0.0443344676802317,233031.7288660909,0.019827045935877963,27544.60703034417,120931.49060018125
validation,2005-01-01,3,Input-only PolyRidge,Liquid-WC-time,water_cum,9,15,272430.62601911015,0.049100867397085426,288520.37173199205,0.023259788748625602,27544.60703034417,145978.42488557484
validation,2005-01-01,3,Input-only PolyRidge,Liquid-WC-time,water_cum,10,15,332722.86856614985,0.053501203176699805,349046.10669747664,0.026698854604920545,27544.60703034417,169917.3374025787
validation,2005-01-01,3,Input-only PolyRidge,Liquid-WC-time,water_cum,11,15,397642.9683364877,0.05756794414894602,414269.3941329131,0.030105712065108217,27544.60703034417,192070.3017029284
validation,2005-01-01,3,Input-only PolyRidge,Liquid-WC-time,water_cum,12,15,465906.8332585758,0.061257099561286506,482884.3012808455,0.03340005032936243,27544.60703034417,211330.58309244912
validation,2005-01-01,3,Input-only PolyRidge,Liquid-WC-volume,gas_cum,1,15,4955.547186692157,0.019750710311348195,51029.326110781025,0.004602882215340797,50700.99484871212,4337.270622223119
validation,2005-01-01,3,Input-only PolyRidge,Liquid-WC-volume,gas_cum,2,15,12036.069307652868,0.02463921363189487,52059.7430084326,0.004597591192399656,50700.99484871212,10675.718101596709
validation,2005-01-01,3,Input-only PolyRidge,Liquid-WC-volume,gas_cum,3,15,19881.02815638659,0.027819522737847015,54668.77925506264,0.004733791883698154,50700.99484871212,17258.94041696638
validation,2005-01-01,3,Input-only PolyRidge,Liquid-WC-volume,gas_cum,4,15,26204.021505751658,0.028163174272939136,59086.89967969983,0.00502288038517102,50700.99484871212,20859.30917711345
validation,2005-01-01,3,Input-only PolyRidge,Liquid-WC-volume,gas_cum,5,15,30442.835139528728,0.02684110868908528,64899.20498206793,0.005423455941045736,50700.99484871212,19392.478346256292
validation,2005-01-01,3,Input-only PolyRidge,Liquid-WC-volume,gas_cum,6,15,34981.316773102044,0.026204382978607676,73062.75004090657,0.006005401498908902,50700.99484871212,11355.392132384453
validation,2005-01-01,3,Input-only PolyRidge,Liquid-WC-volume,gas_cum,7,15,44795.244470948746,0.02921474583836364,85493.6679161755,0.00691499910129154,50700.99484871212,-3681.272721645981
validation,2005-01-01,3,Input-only PolyRidge,Liquid-WC-volume,gas_cum,8,15,63052.15462814999,0.036508629144950955,103847.5768544052,0.0082706243056576,50700.99484871212,-25091.53436187804
validation,2005-01-01,3,Input-only PolyRidge,Liquid-WC-volume,gas_cum,9,15,88753.00429401432,0.04641356287385411,128229.10933045822,0.010064818461958641,50700.99484871212,-51792.29398484317
validation,2005-01-01,3,Input-only PolyRidge,Liquid-WC-volume,gas_cum,10,15,121553.27736970333,0.05801503957771652,159342.74789728606,0.012330874126674206,50700.99484871212,-84160.82274056971
validation,2005-01-01,3,Input-only PolyRidge,Liquid-WC-volume,gas_cum,11,15,160637.85943465243,0.07058319192546757,196843.9011248924,0.015024118473358992,50700.99484871212,-121846.90515814188
validation,2005-01-01,3,Input-only PolyRidge,Liquid-WC-volume,gas_cum,12,15,204743.62032581845,0.08349724434553504,239615.6829575274,0.01804737066195641,50700.99484871212,-163915.68707099295
validation,2005-01-01,3,Input-only PolyRidge,Liquid-WC-volume,oil_cum,1,15,13572.164384652782,0.019640764489085645,144040.697551142,0.0047190811028270585,143031.47376461833,11647.570387049516
validation,2005-01-01,3,Input-only PolyRidge,Liquid-WC-volume,oil_cum,2,15,33145.14032541274,0.02463992912968669,146830.75935589077,0.004709855345666559,143031.47376461833,29009.830278851092
validation,2005-01-01,3,Input-only PolyRidge,Liquid-WC-volume,oil_cum,3,15,54974.109218784986,0.027939609317177514,153934.7455631595,0.004841409248846074,143031.47376461833,47270.33230874911
validation,2005-01-01,3,Input-only PolyRidge,Liquid-WC-volume,oil_cum,4,15,72645.83206460178,0.028360579376166914,166129.7488553695,0.0051295275861238665,143031.47376461833,57310.43721252059
validation,2005-01-01,3,Input-only PolyRidge,Liquid-WC-volume,oil_cum,5,15,84652.93692337404,0.027112311984492907,182372.41761884428,0.005535622526832118,143031.47376461833,53359.14736745283
validation,2005-01-01,3,Input-only PolyRidge,Liquid-WC-volume,oil_cum,6,15,97574.19309787569,0.026551026609315444,205292.9668338964,0.006129025968659536,143031.47376461833,31222.51759544909
validation,2005-01-01,3,Input-only PolyRidge,Liquid-WC-volume,oil_cum,7,15,125128.30230219706,0.02964237984980136,240109.68431230163,0.0070540345605504,143031.47376461833,-10353.96214312911
validation,2005-01-01,3,Input-only PolyRidge,Liquid-WC-volume,oil_cum,8,15,175639.957152562,0.03694046960801624,291017.80313087656,0.00841843381663638,143031.47376461833,-69344.64466987427
validation,2005-01-01,3,Input-only PolyRidge,Liquid-WC-volume,oil_cum,9,15,246204.74459105293,0.04676872250570355,358102.6085574993,0.010209370999796909,143031.47376461833,-142728.48560729125
validation,2005-01-01,3,Input-only PolyRidge,Liquid-WC-volume,oil_cum,10,15,336238.1883716503,0.058294836644127004,443553.02725466044,0.01246756369770927,143031.47376461833,-231718.4677549136
validation,2005-01-01,3,Input-only PolyRidge,Liquid-WC-volume,oil_cum,11,15,443688.08410304564,0.07081785005147126,546618.7187809559,0.015153988571423872,143031.47376461833,-335453.01211575366
validation,2005-01-01,3,Input-only PolyRidge,Liquid-WC-volume,oil_cum,12,15,565021.0900167003,0.08370228744555389,664221.3815363642,0.018171356032683092,143031.47376461833,-451296.58030087774
validation,2005-01-01,3,Input-only PolyRidge,Liquid-WC-volume,water_cum,1,15,5883.085075897563,0.01041623289028904,31428.221353362605,0.004225678157120682,27544.60703034417,-2199.361029700128
validation,2005-01-01,3,Input-only PolyRidge,Liquid-WC-volume,water_cum,2,15,13612.714012101478,0.011857797373081097,38403.79020780182,0.0047897723192249315,27544.60703034417,-2353.8943003107483
validation,2005-01-01,3,Input-only PolyRidge,Liquid-WC-volume,water_cum,3,15,25330.469383310578,0.014484026205608473,49386.27737775409,0.005731837427348567,27544.60703034417,-271.44970881585033
validation,2005-01-01,3,Input-only PolyRidge,Liquid-WC-volume,water_cum,4,15,42680.96471917916,0.018085176032310305,65801.38892221951,0.007133025838547286,27544.60703034417,4009.9313415929055
validation,2005-01-01,3,Input-only PolyRidge,Liquid-WC-volume,water_cum,5,15,65364.74316494886,0.022024368923158847,87741.48440460325,0.008925350845323024,27544.60703034417,9182.736790644625
validation,2005-01-01,3,Input-only PolyRidge,Liquid-WC-volume,water_cum,6,15,94143.40618969391,0.026195037257448914,116180.70270551616,0.011112740595055884,27544.60703034417,12840.670192646545
validation,2005-01-01,3,Input-only PolyRidge,Liquid-WC-volume,water_cum,7,15,128932.17863430706,0.030415148696742438,150901.08257599195,0.013597076937862088,27544.60703034417,13354.881479365751
validation,2005-01-01,3,Input-only PolyRidge,Liquid-WC-volume,water_cum,8,15,169871.6733609455,0.0346968198663561,191881.33374485353,0.016325845570080804,27544.60703034417,10058.85438402171
validation,2005-01-01,3,Input-only PolyRidge,Liquid-WC-volume,water_cum,9,15,215547.37342414883,0.03884865352673962,237598.57582844008,0.019154601276742435,27544.60703034417,3299.0438017353417
validation,2005-01-01,3,Input-only PolyRidge,Liquid-WC-volume,water_cum,10,15,267217.47591709846,0.042968060876053794,289338.39304776903,0.022131757207362615,27544.60703034417,-9044.417043944944
validation,2005-01-01,3,Input-only PolyRidge,Liquid-WC-volume,water_cum,11,15,325177.70194456814,0.04707693402033632,347360.11639879306,0.02524329287972786,27544.60703034417,-27618.89044559213
validation,2005-01-01,3,Input-only PolyRidge,Liquid-WC-volume,water_cum,12,15,388884.93628923217,0.05113031524681028,411111.3631261557,0.028435673271971544,27544.60703034417,-52930.8773332987
validation,2005-01-01,3,Input-only PolyRidge,Separate,gas_cum,1,15,5709.659238505845,0.022756281263768184,51294.947854570135,0.004626841489226572,50700.99484871212,4998.1834695835905
validation,2005-01-01,3,Input-only PolyRidge,Separate,gas_cum,2,15,14928.45655604417,0.030560261899203273,52164.69200481999,0.004606859631956949,50700.99484871212,13804.010619600986
validation,2005-01-01,3,Input-only PolyRidge,Separate,gas_cum,3,15,26292.445624968685,0.036791019214086944,54928.77197755829,0.004756304759535902,50700.99484871212,24764.02281021749
validation,2005-01-01,3,Input-only PolyRidge,Separate,gas_cum,4,15,36883.35304432988,0.03964094974238216,59833.45344704286,0.005086343695901319,50700.99484871212,34635.88725863882
validation,2005-01-01,3,Input-only PolyRidge,Separate,gas_cum,5,15,44597.58222479463,0.039321191547360634,65306.19558745949,0.005457467075964423,50700.99484871212,41105.21215320329
validation,2005-01-01,3,Input-only PolyRidge,Separate,gas_cum,6,15,48639.3452075449,0.03643556467340459,70207.91949609868,0.005770748360020461,50700.99484871212,42842.163994118695
validation,2005-01-01,3,Input-only PolyRidge,Separate,gas_cum,7,15,49394.20620491566,0.03221411552068201,74371.00073594217,0.006015362491587416,50700.99484871212,39388.70409309802
validation,2005-01-01,3,Input-only PolyRidge,Separate,gas_cum,8,15,48733.19807357873,0.028217628184293613,78765.15651757013,0.006273011250387272,50700.99484871212,31165.645032097276
validation,2005-01-01,3,Input-only PolyRidge,Separate,gas_cum,9,15,49280.06492722276,0.025771109497884616,84638.35826542146,0.006643341089302406,50700.99484871212,18800.236825812855
validation,2005-01-01,3,Input-only PolyRidge,Separate,gas_cum,10,15,54352.77774224562,0.025941534610247795,93730.82495106931,0.00725343964198483,50700.99484871212,2241.7084447547795
validation,2005-01-01,3,Input-only PolyRidge,Separate,gas_cum,11,15,66267.59427879287,0.029117533947978266,107235.71551185302,0.00818477019210915,50700.99484871212,-18252.850134389475
validation,2005-01-01,3,Input-only PolyRidge,Separate,gas_cum,12,15,84729.48382238389,0.034553840567683465,125334.35535722824,0.00943993122608005,50700.99484871212,-42057.4867965918
validation,2005-01-01,3,Input-only PolyRidge,Separate,oil_cum,1,15,15590.317577264199,0.022561306153302395,144744.554760985,0.004742140969340683,143031.47376461833,13467.438656268518
validation,2005-01-01,3,Input-only PolyRidge,Separate,oil_cum,2,15,40945.70574496084,0.03043882988020739,146970.40473415912,0.004714334717252051,143031.47376461833,37622.174786027026
validation,2005-01-01,3,Input-only PolyRidge,Separate,oil_cum,3,15,72386.32491319846,0.03678905700740225,154271.1777005619,0.004851990392535695,143031.47376461833,67931.11235815908
validation,2005-01-01,3,Input-only PolyRidge,Separate,oil_cum,4,15,101713.35317334057,0.03970839818757105,167512.82714209607,0.005172232389293763,143031.47376461833,95235.11179699749
validation,2005-01-01,3,Input-only PolyRidge,Separate,oil_cum,5,15,123146.68512562968,0.039440939302606635,182545.52781061566,0.005540877009333944,143031.47376461833,113129.90948936368
validation,2005-01-01,3,Input-only PolyRidge,Separate,oil_cum,6,15,134506.72665346967,0.036600781058223716,196291.6008337766,0.0058602899918796724,143031.47376461833,117898.38668425182
validation,2005-01-01,3,Input-only PolyRidge,Separate,oil_cum,7,15,136929.54030810454,0.03243804456540008,208286.51243323847,0.006119121190003996,143031.47376461833,108206.97464526916
validation,2005-01-01,3,Input-only PolyRidge,Separate,oil_cum,8,15,135701.54785513785,0.02854065205646379,221070.9771394547,0.006395043086043338,143031.47376461833,85516.54207241883
validation,2005-01-01,3,Input-only PolyRidge,Separate,oil_cum,9,15,137738.09693075845,0.026164543841420494,237785.42636057272,0.006779173281755575,143031.47376461833,51593.322301330416
validation,2005-01-01,3,Input-only PolyRidge,Separate,oil_cum,10,15,151945.28423968997,0.026343306114318208,263159.6859025735,0.0073969964019111,143031.47376461833,6123.079971278211
validation,2005-01-01,3,Input-only PolyRidge,Separate,oil_cum,11,15,184705.7522340226,0.029481216047973255,300496.77453153173,0.00833071486676504,143031.47376461833,-50288.956793285906
validation,2005-01-01,3,Input-only PolyRidge,Separate,oil_cum,12,15,235355.19726080634,0.03486554523539428,350320.2723889476,0.009583844441023281,143031.47376461833,-115857.55765421614
validation,2005-01-01,3,Input-only PolyRidge,Separate,water_cum,1,15,7875.657988361993,0.01394416139027669,30931.00083170474,0.004158824424800988,27544.60703034417,-5152.273393727466
validation,2005-01-01,3,Input-only PolyRidge,Separate,water_cum,2,15,26569.770180039868,0.02314446265191225,42457.85696619738,0.005295400972922456,27544.60703034417,-13046.064941006402
validation,2005-01-01,3,Input-only PolyRidge,Separate,water_cum,3,15,57074.491519151175,0.03263533803206304,68346.75797383217,0.007932416172934895,27544.60703034417,-22933.320140287404
validation,2005-01-01,3,Input-only PolyRidge,Separate,water_cum,4,15,98246.98840031003,0.04163012929896415,107453.5499569714,0.01164821838628228,27544.60703034417,-34012.032758734
validation,2005-01-01,3,Input-only PolyRidge,Separate,water_cum,5,15,148019.0632082704,0.04987438637267484,156417.3874705663,0.01591128838265237,27544.60703034417,-46354.151371014676
validation,2005-01-01,3,Input-only PolyRidge,Separate,water_cum,6,15,207873.5614946421,0.05784001141002749,216092.8063119297,0.02066938179130254,27544.60703034417,-62084.070394109316
validation,2005-01-01,3,Input-only PolyRidge,Separate,water_cum,7,15,277955.03809848125,0.06556969644290579,286272.62505478197,0.025794850783216982,27544.60703034417,-82023.7488483075
validation,2005-01-01,3,Input-only PolyRidge,Separate,water_cum,8,15,357371.8837574879,0.07299432348374492,365922.66004242096,0.031133809223931202,27544.60703034417,-105748.64455566555
validation,2005-01-01,3,Input-only PolyRidge,Separate,water_cum,9,15,443631.307787862,0.07995680344455626,452428.03505676,0.03647361347902059,27544.60703034417,-131619.25097388512
validation,2005-01-01,3,Input-only PolyRidge,Separate,water_cum,10,15,539194.706941404,0.08670148130241272,548250.9631266157,0.0419362155046521,27544.60703034417,-161565.96644978077
validation,2005-01-01,3,Input-only PolyRidge,Separate,water_cum,11,15,643615.916243392,0.0931781725568425,652933.3344147574,0.047449855678440477,27544.60703034417,-195338.14944949013
validation,2005-01-01,3,Input-only PolyRidge,Separate,water_cum,12,15,755420.17737286,0.09932210844019045,764990.2631374303,0.052912702323288166,27544.60703034417,-232408.93336441193
