method,mode,horizon_years,split,cutoff,metric,lead_quarter,cases,increment_NRMSE,cumulative_RMSE,bias
Constant,History-conditioned,3,train,2003-01-01,gas_cum,1,70,0.0513750844852226,19390.80560079732,0.04894858648315456
Constant,History-conditioned,3,train,2003-01-01,gas_cum,2,70,0.09034470671858148,66120.6925159603,0.0875166400231628
Constant,History-conditioned,3,train,2003-01-01,gas_cum,3,70,0.12655542627610541,135193.98299751358,0.12343246139435117
Constant,History-conditioned,3,train,2003-01-01,gas_cum,4,70,0.15893538473528526,220630.90900056707,0.15561726480731114
Constant,History-conditioned,3,train,2003-01-01,gas_cum,5,70,0.18921335961407718,319750.5928444462,0.185767705409345
Constant,History-conditioned,3,train,2003-01-01,gas_cum,6,70,0.21890744959421607,432889.5798645148,0.2153686262291627
Constant,History-conditioned,3,train,2003-01-01,gas_cum,7,70,0.24901611001709362,561317.5849501657,0.24542917545498955
Constant,History-conditioned,3,train,2003-01-01,gas_cum,8,70,0.279324593680179,703152.5144819055,0.27572431154470994
Constant,History-conditioned,3,train,2003-01-01,gas_cum,9,70,0.310009309173516,855874.2440544938,0.3064322701481274
Constant,History-conditioned,3,train,2003-01-01,gas_cum,10,70,0.3431653388897181,1026372.5296029733,0.3396363657691973
Constant,History-conditioned,3,train,2003-01-01,gas_cum,11,70,0.37790015353128853,1212852.4378073458,0.37443409466060706
Constant,History-conditioned,3,train,2003-01-01,gas_cum,12,70,0.41253364936847015,1409854.6039990883,0.4091293894153293
Constant,History-conditioned,3,train,2003-01-01,oil_cum,1,70,0.052257032495396996,54278.98247330902,0.04986698288685376
Constant,History-conditioned,3,train,2003-01-01,oil_cum,2,70,0.09123736838175898,183765.2795199542,0.08844163092134574
Constant,History-conditioned,3,train,2003-01-01,oil_cum,3,70,0.12738969776974338,374543.27981594286,0.12430468728486398
Constant,History-conditioned,3,train,2003-01-01,oil_cum,4,70,0.1597392460104569,610336.645817925,0.15646726489793777
Constant,History-conditioned,3,train,2003-01-01,oil_cum,5,70,0.18997477334948393,883673.6965698896,0.18658079647169434
Constant,History-conditioned,3,train,2003-01-01,oil_cum,6,70,0.21961525542156118,1195481.7293615844,0.21613082520330687
Constant,History-conditioned,3,train,2003-01-01,oil_cum,7,70,0.24970074180863155,1549462.8043832183,0.24616903877848373
Constant,History-conditioned,3,train,2003-01-01,oil_cum,8,70,0.2800010677306018,1940396.3944817549,0.2764569721349266
Constant,History-conditioned,3,train,2003-01-01,oil_cum,9,70,0.31067902256674174,2361277.3103403724,0.3071586266849476
Constant,History-conditioned,3,train,2003-01-01,oil_cum,10,70,0.343838544655296,2831145.423693978,0.3403656346306961
Constant,History-conditioned,3,train,2003-01-01,oil_cum,11,70,0.37860528799386806,3345190.529744205,0.3751923369763678
Constant,History-conditioned,3,train,2003-01-01,oil_cum,12,70,0.41328417359911557,3888305.109915341,0.4099283405358839
Constant,History-conditioned,3,train,2003-01-01,water_cum,1,70,0.035858644432756825,17510.323400131452,-0.03247971762606983
Constant,History-conditioned,3,train,2003-01-01,water_cum,2,70,0.04975873050544351,49224.68447398745,-0.04212500408150572
Constant,History-conditioned,3,train,2003-01-01,water_cum,3,70,0.06128551080242092,91911.32987255733,-0.049277949577669365
Constant,History-conditioned,3,train,2003-01-01,water_cum,4,70,0.0748802345884684,151612.31466741912,-0.06037622618191567
Constant,History-conditioned,3,train,2003-01-01,water_cum,5,70,0.08828281690728494,225848.8052118109,-0.07248435358247203
Constant,History-conditioned,3,train,2003-01-01,water_cum,6,70,0.10105950082445975,313773.9136079916,-0.08456024636025669
Constant,History-conditioned,3,train,2003-01-01,water_cum,7,70,0.11324179056164366,415679.00746148237,-0.09650911959882655
Constant,History-conditioned,3,train,2003-01-01,water_cum,8,70,0.12484676095083941,530678.6312421422,-0.10827242232882706
Constant,History-conditioned,3,train,2003-01-01,water_cum,9,70,0.13568480796903298,655548.1180278792,-0.11951501167281595
Constant,History-conditioned,3,train,2003-01-01,water_cum,10,70,0.14606867873097354,793291.2600664129,-0.1304191445252965
Constant,History-conditioned,3,train,2003-01-01,water_cum,11,70,0.15594140115838506,943254.6005838441,-0.14089582171365575
Constant,History-conditioned,3,train,2003-01-01,water_cum,12,70,0.16524029127893045,1103410.145010149,-0.15082202775553596
Constant,History-conditioned,3,train,2004-01-01,gas_cum,1,70,0.03863176566164435,11656.09241018067,0.03829728787649104
Constant,History-conditioned,3,train,2004-01-01,gas_cum,2,70,0.0635768070065711,37468.22083989274,0.06307257840170878
Constant,History-conditioned,3,train,2004-01-01,gas_cum,3,70,0.0897766996241747,77745.67581350128,0.08916377160413531
Constant,History-conditioned,3,train,2004-01-01,gas_cum,4,70,0.11648872141033334,131538.26239759306,0.11581316405199114
Constant,History-conditioned,3,train,2004-01-01,gas_cum,5,70,0.14442295986509432,198247.1300067145,0.14372261310322124
Constant,History-conditioned,3,train,2004-01-01,gas_cum,6,70,0.17587297533153395,281891.35145949293,0.17516518134875889
Constant,History-conditioned,3,train,2004-01-01,gas_cum,7,70,0.20898835128040374,380653.7241090812,0.20828394088549992
Constant,History-conditioned,3,train,2004-01-01,gas_cum,8,70,0.2414211953884669,489980.3970575619,0.24072432106352162
Constant,History-conditioned,3,train,2004-01-01,gas_cum,9,70,0.27153899361323924,604397.1616457739,0.2708550282378159
Constant,History-conditioned,3,train,2004-01-01,gas_cum,10,70,0.29990526138756646,725456.7943751065,0.29923957729952777
Constant,History-conditioned,3,train,2004-01-01,gas_cum,11,70,0.3266165789898037,852377.8814431062,0.3259712042407099
Constant,History-conditioned,3,train,2004-01-01,gas_cum,12,70,0.35193841053345043,983965.2168593354,0.3513153229890495
Constant,History-conditioned,3,train,2004-01-01,oil_cum,1,70,0.03851574702347297,31996.05163486717,0.03818169944019772
Constant,History-conditioned,3,train,2004-01-01,oil_cum,2,70,0.06336776652855244,102829.96591633819,0.06286443458982756
Constant,History-conditioned,3,train,2004-01-01,oil_cum,3,70,0.08955669576999777,213550.6748595206,0.088946065594424
Constant,History-conditioned,3,train,2004-01-01,oil_cum,4,70,0.11627016640075252,361513.2908316601,0.11560043221331871
Constant,History-conditioned,3,train,2004-01-01,oil_cum,5,70,0.144192910666416,545009.6917161231,0.14350299331989141
Constant,History-conditioned,3,train,2004-01-01,oil_cum,6,70,0.17563828343501076,775158.1140406509,0.17494484633282434
Constant,History-conditioned,3,train,2004-01-01,oil_cum,7,70,0.20878486105591876,1047082.587517612,0.20809665895237314
Constant,History-conditioned,3,train,2004-01-01,oil_cum,8,70,0.24126125295916825,1348175.5749141753,0.24058136393818108
Constant,History-conditioned,3,train,2004-01-01,oil_cum,9,70,0.27140780213205,1663243.7062360765,0.270741779396335
Constant,History-conditioned,3,train,2004-01-01,oil_cum,10,70,0.2997714710363621,1996460.222831407,0.2991246344082766
Constant,History-conditioned,3,train,2004-01-01,oil_cum,11,70,0.32645770981164557,2345694.14145305,0.3258315275729366
Constant,History-conditioned,3,train,2004-01-01,oil_cum,12,70,0.3517732779077019,2707868.062080664,0.35116777758588213
Constant,History-conditioned,3,train,2004-01-01,water_cum,1,70,0.018162088370798385,9698.575614900692,-0.01587446769375533
Constant,History-conditioned,3,train,2004-01-01,water_cum,2,70,0.03170352186682677,34276.194555752714,-0.02856302811896794
Constant,History-conditioned,3,train,2004-01-01,water_cum,3,70,0.04443221792968869,73205.39378258125,-0.040836663415389204
Constant,History-conditioned,3,train,2004-01-01,water_cum,4,70,0.05664772117546554,126211.57037724782,-0.05293489160886692
Constant,History-conditioned,3,train,2004-01-01,water_cum,5,70,0.06809726059109811,191300.8009309509,-0.06444075966419718
Constant,History-conditioned,3,train,2004-01-01,water_cum,6,70,0.07898685269923998,269281.2446166401,-0.07544109873778954
Constant,History-conditioned,3,train,2004-01-01,water_cum,7,70,0.08924862951781123,359438.83454345755,-0.08586949518453076
Constant,History-conditioned,3,train,2004-01-01,water_cum,8,70,0.09884176496009453,460260.8451744076,-0.09565079624763098
Constant,History-conditioned,3,train,2004-01-01,water_cum,9,70,0.10771225266778381,568972.5237294493,-0.10471186877310697
Constant,History-conditioned,3,train,2004-01-01,water_cum,10,70,0.11646471095577868,690242.163980765,-0.11365666435579093
Constant,History-conditioned,3,train,2004-01-01,water_cum,11,70,0.12510713222150016,824415.3331576479,-0.12248415604479211
Constant,History-conditioned,3,train,2004-01-01,water_cum,12,70,0.1334705729539457,969498.4493157876,-0.13102261696006928
Constant,History-conditioned,3,train,2005-01-01,gas_cum,1,70,0.049722182861059734,12108.27740605751,0.04966573363141289
Constant,History-conditioned,3,train,2005-01-01,gas_cum,2,70,0.08566812595024637,40580.6660091998,0.08559327639033748
Constant,History-conditioned,3,train,2005-01-01,gas_cum,3,70,0.1207476675188617,83601.92071956655,0.12064951913668888
Constant,History-conditioned,3,train,2005-01-01,gas_cum,4,70,0.15234996835704362,137208.54417566498,0.15223416518335886
Constant,History-conditioned,3,train,2005-01-01,gas_cum,5,70,0.17971048793706954,197136.24301299674,0.17958370536185594
Constant,History-conditioned,3,train,2005-01-01,gas_cum,6,70,0.2039369347532899,263119.4652208279,0.20380441547086417
Constant,History-conditioned,3,train,2005-01-01,gas_cum,7,70,0.22576363812874192,334371.67172709305,0.2256278299249996
Constant,History-conditioned,3,train,2005-01-01,gas_cum,8,70,0.24608861551492095,410302.23350460565,0.24595232699706598
Constant,History-conditioned,3,train,2005-01-01,gas_cum,9,70,0.2650555961597025,489035.8273554078,0.26492030831453356
Constant,History-conditioned,3,train,2005-01-01,gas_cum,10,70,0.28359787964326727,572986.8363085688,0.2834629090484436
Constant,History-conditioned,3,train,2005-01-01,gas_cum,11,70,0.30188404764148896,662163.0123266618,0.301749397601435
Constant,History-conditioned,3,train,2005-01-01,gas_cum,12,70,0.31987094417360323,755592.4506033112,0.319737387094715
Constant,History-conditioned,3,train,2005-01-01,oil_cum,1,70,0.04999256728615884,33522.497515039715,0.04993757908236727
Constant,History-conditioned,3,train,2005-01-01,oil_cum,2,70,0.08596475112196462,112127.12014364148,0.08589408442430933
Constant,History-conditioned,3,train,2005-01-01,oil_cum,3,70,0.12114700551222977,230941.20178241158,0.12105250196495083
Constant,History-conditioned,3,train,2005-01-01,oil_cum,4,70,0.15284711446118462,378975.1098169289,0.15273570177482196
Constant,History-conditioned,3,train,2005-01-01,oil_cum,5,70,0.18026002361470655,544363.8153909103,0.18013930696305477
Constant,History-conditioned,3,train,2005-01-01,oil_cum,6,70,0.20447925188704535,726288.3103286746,0.2043538836146035
Constant,History-conditioned,3,train,2005-01-01,oil_cum,7,70,0.22626517799388748,922602.2746562067,0.22613664469178069
Constant,History-conditioned,3,train,2005-01-01,oil_cum,8,70,0.2465820639268292,1131879.2714962685,0.2464521763652102
Constant,History-conditioned,3,train,2005-01-01,oil_cum,9,70,0.26557097535196317,1348976.1594553844,0.2654404409325013
Constant,History-conditioned,3,train,2005-01-01,oil_cum,10,70,0.2841419841707322,1580479.1214475571,0.28400933424488783
Constant,History-conditioned,3,train,2005-01-01,oil_cum,11,70,0.3024536882956495,1826370.187751684,0.30231838543734396
Constant,History-conditioned,3,train,2005-01-01,oil_cum,12,70,0.3204592575318662,2083949.2238667686,0.32032156914123694
Constant,History-conditioned,3,train,2005-01-01,water_cum,1,70,0.016479630205844493,9579.348675425303,-0.016329246484030793
Constant,History-conditioned,3,train,2005-01-01,water_cum,2,70,0.026820970452143655,31683.870454883527,-0.02663406955276074
Constant,History-conditioned,3,train,2005-01-01,water_cum,3,70,0.03651995756245339,65719.97380942214,-0.03629276160912856
Constant,History-conditioned,3,train,2005-01-01,water_cum,4,70,0.045587983339002124,110722.58027545022,-0.045329471439636754
Constant,History-conditioned,3,train,2005-01-01,water_cum,5,70,0.05403629308692607,165059.50787455472,-0.053761023972749504
Constant,History-conditioned,3,train,2005-01-01,water_cum,6,70,0.06259470197821941,231533.21138405328,-0.06231592437997546
Constant,History-conditioned,3,train,2005-01-01,water_cum,7,70,0.07116672137323851,310430.5707717068,-0.07089475532141656
Constant,History-conditioned,3,train,2005-01-01,water_cum,8,70,0.07949371485431284,400341.50535888446,-0.07923566646624373
Constant,History-conditioned,3,train,2005-01-01,water_cum,9,70,0.08728984893092599,498015.7545893354,-0.08704795805849412
Constant,History-conditioned,3,train,2005-01-01,water_cum,10,70,0.09506027034460886,607703.7136690489,-0.0948344389426194
Constant,History-conditioned,3,train,2005-01-01,water_cum,11,70,0.10273072245737365,729232.791317589,-0.10251918576083675
Constant,History-conditioned,3,train,2005-01-01,water_cum,12,70,0.11016831914272868,860878.8889741048,-0.10997080903641661
Constant,History-conditioned,3,validation,2003-01-01,gas_cum,1,15,0.048672024075235715,18932.222928235522,0.04633165399192764
Constant,History-conditioned,3,validation,2003-01-01,gas_cum,2,15,0.08656972479549052,65342.71149961001,0.08414823810406934
Constant,History-conditioned,3,validation,2003-01-01,gas_cum,3,15,0.12206311681461082,134542.83707830316,0.11946561531834628
Constant,History-conditioned,3,validation,2003-01-01,gas_cum,4,15,0.15404043392612268,220691.59390416992,0.15125184740422618
Constant,History-conditioned,3,validation,2003-01-01,gas_cum,5,15,0.18416403771759418,321208.4797093182,0.1811998959199557
Constant,History-conditioned,3,validation,2003-01-01,gas_cum,6,15,0.21396288891582932,436622.7366485265,0.21083477410799123
Constant,History-conditioned,3,validation,2003-01-01,gas_cum,7,15,0.24425651138895088,568047.1804696397,0.24099471166293238
Constant,History-conditioned,3,validation,2003-01-01,gas_cum,8,15,0.2747866754071659,713492.7551781557,0.27142110510707756
Constant,History-conditioned,3,validation,2003-01-01,gas_cum,9,15,0.30550426854936347,869896.1737091385,0.30207667837159996
Constant,History-conditioned,3,validation,2003-01-01,gas_cum,10,15,0.3384637300557667,1044144.6477237698,0.3350040343934076
Constant,History-conditioned,3,validation,2003-01-01,gas_cum,11,15,0.37280989856208097,1234386.6630234723,0.36933895300687936
Constant,History-conditioned,3,validation,2003-01-01,gas_cum,12,15,0.4069060614520365,1435050.635937881,0.40343749025509307
Constant,History-conditioned,3,validation,2003-01-01,oil_cum,1,15,0.050177800777095535,53694.70205669095,0.04777390127094795
Constant,History-conditioned,3,validation,2003-01-01,oil_cum,2,15,0.08835521719371238,183435.4281769687,0.08583201792081784
Constant,History-conditioned,3,validation,2003-01-01,oil_cum,3,15,0.12379718089449464,375372.76588570885,0.12108198553790858
Constant,History-conditioned,3,validation,2003-01-01,oil_cum,4,15,0.1555948217919598,613352.7272359016,0.15270085321017968
Constant,History-conditioned,3,validation,2003-01-01,oil_cum,5,15,0.18554752750470652,890587.9071194206,0.18249867434542968
Constant,History-conditioned,3,validation,2003-01-01,oil_cum,6,15,0.21514189534614783,1208415.9113159585,0.21194085489176623
Constant,History-conditioned,3,validation,2003-01-01,oil_cum,7,15,0.2451976262739231,1569894.364630123,0.2418724061174083
Constant,History-conditioned,3,validation,2003-01-01,oil_cum,8,15,0.27563296688980915,1970523.1622079308,0.27220804351273625
Constant,History-conditioned,3,validation,2003-01-01,oil_cum,9,15,0.30634009961277175,2401715.395077829,0.30285510664401916
Constant,History-conditioned,3,validation,2003-01-01,oil_cum,10,15,0.33932392188878635,2882239.253467058,0.33580902338948626
Constant,History-conditioned,3,validation,2003-01-01,oil_cum,11,15,0.37373148586548505,3407049.6846890366,0.3702041214011823
Constant,History-conditioned,3,validation,2003-01-01,oil_cum,12,15,0.4078854981039619,3960551.33335584,0.40435808586365635
Constant,History-conditioned,3,validation,2003-01-01,water_cum,1,15,0.0365441759359173,16870.536642392053,-0.0337107686780193
Constant,History-conditioned,3,validation,2003-01-01,water_cum,2,15,0.050406876171103704,47193.09883515006,-0.044545438885983044
Constant,History-conditioned,3,validation,2003-01-01,water_cum,3,15,0.0626710723117575,89086.1982305603,-0.053465101274914266
Constant,History-conditioned,3,validation,2003-01-01,water_cum,4,15,0.07837934406340381,150736.6197898579,-0.06692174440348336
Constant,History-conditioned,3,validation,2003-01-01,water_cum,5,15,0.09437837870308151,229873.18980247033,-0.08160442176193118
Constant,History-conditioned,3,validation,2003-01-01,water_cum,6,15,0.10985297602646274,325546.366238709,-0.09626904612541023
Constant,History-conditioned,3,validation,2003-01-01,water_cum,7,15,0.12453889018522622,437349.91144173534,-0.11052081079357323
Constant,History-conditioned,3,validation,2003-01-01,water_cum,8,15,0.13831080262687404,563561.9076388894,-0.12416252244612458
Constant,History-conditioned,3,validation,2003-01-01,water_cum,9,15,0.15092326701286887,700080.3582784098,-0.13684650437578558
Constant,History-conditioned,3,validation,2003-01-01,water_cum,10,15,0.1627868255954524,849931.6945254736,-0.14889451739376736
Constant,History-conditioned,3,validation,2003-01-01,water_cum,11,15,0.17388789357161952,1012259.7900337469,-0.16026300147433015
Constant,History-conditioned,3,validation,2003-01-01,water_cum,12,15,0.18414265031248886,1184386.3721867737,-0.1708390300397575
Constant,History-conditioned,3,validation,2004-01-01,gas_cum,1,15,0.039630725820863424,12343.684659905706,0.03909371951027079
Constant,History-conditioned,3,validation,2004-01-01,gas_cum,2,15,0.06523965999898369,39664.42182253144,0.06449461506506052
Constant,History-conditioned,3,validation,2004-01-01,gas_cum,3,15,0.09192476667987645,82085.0080978164,0.09105681781619705
Constant,History-conditioned,3,validation,2004-01-01,gas_cum,4,15,0.11906608287713841,138579.11181989397,0.11812071695699557
Constant,History-conditioned,3,validation,2004-01-01,gas_cum,5,15,0.1470445879374862,208034.78294565508,0.14606819984837877
Constant,History-conditioned,3,validation,2004-01-01,gas_cum,6,15,0.17820023175358,294445.9433657074,0.17721796117461633
Constant,History-conditioned,3,validation,2004-01-01,gas_cum,7,15,0.2107912667748627,395958.26288214285,0.2098136599714352
Constant,History-conditioned,3,validation,2004-01-01,gas_cum,8,15,0.24254933364540684,507939.82672952506,0.24158576030911252
Constant,History-conditioned,3,validation,2004-01-01,gas_cum,9,15,0.27196048022125463,624925.7257794453,0.27102047869588886
Constant,History-conditioned,3,validation,2004-01-01,gas_cum,10,15,0.2996033812302994,748568.6724128495,0.29869507092950914
Constant,History-conditioned,3,validation,2004-01-01,gas_cum,11,15,0.32566129871433214,878248.5046392397,0.32478732048279985
Constant,History-conditioned,3,validation,2004-01-01,gas_cum,12,15,0.35033180568897604,1012622.4416800695,0.34948936546993564
Constant,History-conditioned,3,validation,2004-01-01,oil_cum,1,15,0.03963321679590799,33998.219521016144,0.03909154043640703
Constant,History-conditioned,3,validation,2004-01-01,oil_cum,2,15,0.06500244470067892,108872.42690155083,0.06420686705193504
Constant,History-conditioned,3,validation,2004-01-01,oil_cum,3,15,0.09138499990343706,224867.1552716684,0.09045947876214214
Constant,History-conditioned,3,validation,2004-01-01,oil_cum,4,15,0.11850537733834175,380070.31521419913,0.1175184618011825
Constant,History-conditioned,3,validation,2004-01-01,oil_cum,5,15,0.14656277692716005,571327.5495753585,0.14556210338720513
Constant,History-conditioned,3,validation,2004-01-01,oil_cum,6,15,0.17781431021731933,809456.3023134848,0.17682253900560319
Constant,History-conditioned,3,validation,2004-01-01,oil_cum,7,15,0.21052990572648766,1089399.84249859,0.20955068814688005
Constant,History-conditioned,3,validation,2004-01-01,oil_cum,8,15,0.24238893563074224,1398173.4676414423,0.24142645822979353
Constant,History-conditioned,3,validation,2004-01-01,oil_cum,9,15,0.27187518280404466,1720676.9847623832,0.27093760656647736
Constant,History-conditioned,3,validation,2004-01-01,oil_cum,10,15,0.2995622899995486,2061400.5720211824,0.2986590388783438
Constant,History-conditioned,3,validation,2004-01-01,oil_cum,11,15,0.32562502723223635,2418559.7197908796,0.324760398629482
Constant,History-conditioned,3,validation,2004-01-01,oil_cum,12,15,0.3503228536478569,2788783.2361483853,0.34949195707709224
Constant,History-conditioned,3,validation,2004-01-01,water_cum,1,15,0.023408742831857756,12011.601928233049,-0.020372196315555972
Constant,History-conditioned,3,validation,2004-01-01,water_cum,2,15,0.03978660642699467,41444.505507348775,-0.03588370117463125
Constant,History-conditioned,3,validation,2004-01-01,water_cum,3,15,0.0546788051362264,86977.52736908336,-0.050260955899647734
Constant,History-conditioned,3,validation,2004-01-01,water_cum,4,15,0.06845649163999883,147473.8128593729,-0.06381807901554568
Constant,History-conditioned,3,validation,2004-01-01,water_cum,5,15,0.08096026744932212,220128.77880502495,-0.07627928308749377
Constant,History-conditioned,3,validation,2004-01-01,water_cum,6,15,0.09259594550908701,305758.13042467483,-0.08794827866934268
Constant,History-conditioned,3,validation,2004-01-01,water_cum,7,15,0.10337937249196122,403471.9545516781,-0.09882520208484684
Constant,History-conditioned,3,validation,2004-01-01,water_cum,8,15,0.11325464954657355,511218.1653508882,-0.10884464719997561
Constant,History-conditioned,3,validation,2004-01-01,water_cum,9,15,0.12227697597618768,626259.7161055852,-0.11805404735373333
Constant,History-conditioned,3,validation,2004-01-01,water_cum,10,15,0.1311196270790507,753634.7811666875,-0.12712552060186377
Constant,History-conditioned,3,validation,2004-01-01,water_cum,11,15,0.13987631115745922,894196.9402845862,-0.13612709888582064
Constant,History-conditioned,3,validation,2004-01-01,water_cum,12,15,0.14838504225201993,1046044.7453577177,-0.14488745263195607
Constant,History-conditioned,3,validation,2005-01-01,gas_cum,1,15,0.04850346536119184,12169.75022803965,0.048439795782678145
Constant,History-conditioned,3,validation,2005-01-01,gas_cum,2,15,0.08332526183173411,40703.75952205036,0.08325385451380607
Constant,History-conditioned,3,validation,2005-01-01,gas_cum,3,15,0.11717930550103846,83741.37450038317,0.11709329413968622
Constant,History-conditioned,3,validation,2005-01-01,gas_cum,4,15,0.1475468804853462,137282.8784097528,0.14744921100082303
Constant,History-conditioned,3,validation,2005-01-01,gas_cum,5,15,0.17380377464902055,197125.97268456014,0.17370591228340349
Constant,History-conditioned,3,validation,2005-01-01,gas_cum,6,15,0.197029941796234,263023.43441502145,0.1969330434722859
Constant,History-conditioned,3,validation,2005-01-01,gas_cum,7,15,0.2180541684562662,334344.5066388773,0.21795890850002828
Constant,History-conditioned,3,validation,2005-01-01,gas_cum,8,15,0.23761272199747704,410368.57422165107,0.23751878459025097
Constant,History-conditioned,3,validation,2005-01-01,gas_cum,9,15,0.25579232525983875,489131.536914421,0.2557007623531133
Constant,History-conditioned,3,validation,2005-01-01,gas_cum,10,15,0.27350228249005526,573042.76695745,0.2734153141932273
Constant,History-conditioned,3,validation,2005-01-01,gas_cum,11,15,0.2909759414756485,662222.1397268049,0.29089361697413263
Constant,History-conditioned,3,validation,2005-01-01,gas_cum,12,15,0.3082392854442557,755833.6532321145,0.30816178310347697
Constant,History-conditioned,3,validation,2005-01-01,oil_cum,1,15,0.04910056584816153,33929.48128068208,0.049041976684552964
Constant,History-conditioned,3,validation,2005-01-01,oil_cum,2,15,0.08408802139163309,113113.52618112936,0.08402646225934074
Constant,History-conditioned,3,validation,2005-01-01,oil_cum,3,15,0.118141466803964,232455.7163852526,0.11806671577632039
Constant,History-conditioned,3,validation,2005-01-01,oil_cum,4,15,0.14862682115574413,380708.6923989026,0.1485391103044901
Constant,History-conditioned,3,validation,2005-01-01,oil_cum,5,15,0.1749507630570064,546249.8335896868,0.1748620621040653
Constant,History-conditioned,3,validation,2005-01-01,oil_cum,6,15,0.19819579515158162,728363.3537741404,0.19810826189999914
Constant,History-conditioned,3,validation,2005-01-01,oil_cum,7,15,0.21918596676154695,925241.7669670322,0.21910051589261004
Constant,History-conditioned,3,validation,2005-01-01,oil_cum,8,15,0.23875614232336628,1135208.0537299654,0.2386700489156171
Constant,History-conditioned,3,validation,2005-01-01,oil_cum,9,15,0.25699136460185423,1352880.512744163,0.2569037030629219
Constant,History-conditioned,3,validation,2005-01-01,oil_cum,10,15,0.27475158830284496,1584736.8587229627,0.2746638439350135
Constant,History-conditioned,3,validation,2005-01-01,oil_cum,11,15,0.29224938689548574,1831001.230024688,0.29216157594166453
Constant,History-conditioned,3,validation,2005-01-01,oil_cum,12,15,0.3095272793235865,2089422.4768597567,0.30944011136647775
Constant,History-conditioned,3,validation,2005-01-01,water_cum,1,15,0.017020577981183192,9613.21711591175,-0.01688820494158609
Constant,History-conditioned,3,validation,2005-01-01,water_cum,2,15,0.0276248493834659,31713.2400270378,-0.02743563024922575
Constant,History-conditioned,3,validation,2005-01-01,water_cum,3,15,0.03743260602848207,65464.22020244881,-0.037201105512972586
Constant,History-conditioned,3,validation,2005-01-01,water_cum,4,15,0.04641354328857237,109535.83200144228,-0.046165408571761934
Constant,History-conditioned,3,validation,2005-01-01,water_cum,5,15,0.0547824602147882,162585.4277312967,-0.0545475393947062
Constant,History-conditioned,3,validation,2005-01-01,water_cum,6,15,0.06334415227778262,227655.11646421993,-0.06312915206636498
Constant,History-conditioned,3,validation,2005-01-01,water_cum,7,15,0.07207720957350006,305540.89190391544,-0.07188128694945882
Constant,History-conditioned,3,validation,2005-01-01,water_cum,8,15,0.08068104560631162,395005.1987025021,-0.08050563387402751
Constant,History-conditioned,3,validation,2005-01-01,water_cum,9,15,0.08875992833741614,492474.4535940517,-0.08860087349371111
Constant,History-conditioned,3,validation,2005-01-01,water_cum,10,15,0.09678237440281483,601887.5712307674,-0.09663623284439414
Constant,History-conditioned,3,validation,2005-01-01,water_cum,11,15,0.10466885197363703,722986.2661672187,-0.10453126400365911
Constant,History-conditioned,3,validation,2005-01-01,water_cum,12,15,0.11230411789674181,854158.2331827572,-0.11217254715616201
Constant,History-conditioned,5,train,2003-01-01,gas_cum,1,70,0.0513750844852226,19390.80560079732,0.04894858648315456
Constant,History-conditioned,5,train,2003-01-01,gas_cum,2,70,0.09034470671858148,66120.6925159603,0.0875166400231628
Constant,History-conditioned,5,train,2003-01-01,gas_cum,3,70,0.12655542627610541,135193.98299751358,0.12343246139435117
Constant,History-conditioned,5,train,2003-01-01,gas_cum,4,70,0.15893538473528526,220630.90900056707,0.15561726480731114
Constant,History-conditioned,5,train,2003-01-01,gas_cum,5,70,0.18921335961407718,319750.5928444462,0.185767705409345
Constant,History-conditioned,5,train,2003-01-01,gas_cum,6,70,0.21890744959421607,432889.5798645148,0.2153686262291627
Constant,History-conditioned,5,train,2003-01-01,gas_cum,7,70,0.24901611001709362,561317.5849501657,0.24542917545498955
Constant,History-conditioned,5,train,2003-01-01,gas_cum,8,70,0.279324593680179,703152.5144819055,0.27572431154470994
Constant,History-conditioned,5,train,2003-01-01,gas_cum,9,70,0.310009309173516,855874.2440544938,0.3064322701481274
Constant,History-conditioned,5,train,2003-01-01,gas_cum,10,70,0.3431653388897181,1026372.5296029733,0.3396363657691973
Constant,History-conditioned,5,train,2003-01-01,gas_cum,11,70,0.37790015353128853,1212852.4378073458,0.37443409466060706
Constant,History-conditioned,5,train,2003-01-01,gas_cum,12,70,0.41253364936847015,1409854.6039990883,0.4091293894153293
Constant,History-conditioned,5,train,2003-01-01,gas_cum,13,70,0.4455311083013372,1610033.5472843554,0.4421812680061737
Constant,History-conditioned,5,train,2003-01-01,gas_cum,14,70,0.47751872608784657,1817818.3786569322,0.4742165675887072
Constant,History-conditioned,5,train,2003-01-01,gas_cum,15,70,0.5084295233186394,2032442.3862131732,0.505164769797214
Constant,History-conditioned,5,train,2003-01-01,gas_cum,16,70,0.5382441035814792,2251764.47891127,0.535006020181078
Constant,History-conditioned,5,train,2003-01-01,gas_cum,17,70,0.5665546802805541,2470802.8069704166,0.5633309654106037
Constant,History-conditioned,5,train,2003-01-01,gas_cum,18,70,0.5944558757417832,2696640.841682567,0.5912372390991733
Constant,History-conditioned,5,train,2003-01-01,gas_cum,19,70,0.622043081221743,2929300.743996381,0.6188184443100372
Constant,History-conditioned,5,train,2003-01-01,gas_cum,20,70,0.6491249918162969,3166261.1926196166,0.6458827750438532
Constant,History-conditioned,5,train,2003-01-01,oil_cum,1,70,0.052257032495396996,54278.98247330902,0.04986698288685376
Constant,History-conditioned,5,train,2003-01-01,oil_cum,2,70,0.09123736838175898,183765.2795199542,0.08844163092134574
Constant,History-conditioned,5,train,2003-01-01,oil_cum,3,70,0.12738969776974338,374543.27981594286,0.12430468728486398
Constant,History-conditioned,5,train,2003-01-01,oil_cum,4,70,0.1597392460104569,610336.645817925,0.15646726489793777
Constant,History-conditioned,5,train,2003-01-01,oil_cum,5,70,0.18997477334948393,883673.6965698896,0.18658079647169434
Constant,History-conditioned,5,train,2003-01-01,oil_cum,6,70,0.21961525542156118,1195481.7293615844,0.21613082520330687
Constant,History-conditioned,5,train,2003-01-01,oil_cum,7,70,0.24970074180863155,1549462.8043832183,0.24616903877848373
Constant,History-conditioned,5,train,2003-01-01,oil_cum,8,70,0.2800010677306018,1940396.3944817549,0.2764569721349266
Constant,History-conditioned,5,train,2003-01-01,oil_cum,9,70,0.31067902256674174,2361277.3103403724,0.3071586266849476
Constant,History-conditioned,5,train,2003-01-01,oil_cum,10,70,0.343838544655296,2831145.423693978,0.3403656346306961
Constant,History-conditioned,5,train,2003-01-01,oil_cum,11,70,0.37860528799386806,3345190.529744205,0.3751923369763678
Constant,History-conditioned,5,train,2003-01-01,oil_cum,12,70,0.41328417359911557,3888305.109915341,0.4099283405358839
Constant,History-conditioned,5,train,2003-01-01,oil_cum,13,70,0.4463192456075274,4440120.23313382,0.4430133521921105
Constant,History-conditioned,5,train,2003-01-01,oil_cum,14,70,0.47832157260431274,5012731.997764052,0.47506039045664117
Constant,History-conditioned,5,train,2003-01-01,oil_cum,15,70,0.5092284601439556,5604046.625076798,0.5060029432451052
Constant,History-conditioned,5,train,2003-01-01,oil_cum,16,70,0.5390517145759615,6208383.001500249,0.5358505244141768
Constant,History-conditioned,5,train,2003-01-01,oil_cum,17,70,0.5673850317871824,6812033.268562009,0.5641958256719569
Constant,History-conditioned,5,train,2003-01-01,oil_cum,18,70,0.5953127861961619,7434441.472790763,0.5921265796150568
Constant,History-conditioned,5,train,2003-01-01,oil_cum,19,70,0.6229249211446439,8075627.775862858,0.6197310630695869
Constant,History-conditioned,5,train,2003-01-01,oil_cum,20,70,0.650027486415679,8728623.014085235,0.6468147791896942
Constant,History-conditioned,5,train,2003-01-01,water_cum,1,70,0.035858644432756825,17510.323400131452,-0.03247971762606983
Constant,History-conditioned,5,train,2003-01-01,water_cum,2,70,0.04975873050544351,49224.68447398745,-0.04212500408150572
Constant,History-conditioned,5,train,2003-01-01,water_cum,3,70,0.06128551080242092,91911.32987255733,-0.049277949577669365
Constant,History-conditioned,5,train,2003-01-01,water_cum,4,70,0.0748802345884684,151612.31466741912,-0.06037622618191567
Constant,History-conditioned,5,train,2003-01-01,water_cum,5,70,0.08828281690728494,225848.8052118109,-0.07248435358247203
Constant,History-conditioned,5,train,2003-01-01,water_cum,6,70,0.10105950082445975,313773.9136079916,-0.08456024636025669
Constant,History-conditioned,5,train,2003-01-01,water_cum,7,70,0.11324179056164366,415679.00746148237,-0.09650911959882655
Constant,History-conditioned,5,train,2003-01-01,water_cum,8,70,0.12484676095083941,530678.6312421422,-0.10827242232882706
Constant,History-conditioned,5,train,2003-01-01,water_cum,9,70,0.13568480796903298,655548.1180278792,-0.11951501167281595
Constant,History-conditioned,5,train,2003-01-01,water_cum,10,70,0.14606867873097354,793291.2600664129,-0.1304191445252965
Constant,History-conditioned,5,train,2003-01-01,water_cum,11,70,0.15594140115838506,943254.6005838441,-0.14089582171365575
Constant,History-conditioned,5,train,2003-01-01,water_cum,12,70,0.16524029127893045,1103410.145010149,-0.15082202775553596
Constant,History-conditioned,5,train,2003-01-01,water_cum,13,70,0.1738799101376715,1269866.9518434145,-0.1600630733977122
Constant,History-conditioned,5,train,2003-01-01,water_cum,14,70,0.18236056892231084,1449246.6985924959,-0.1691357681279341
Constant,History-conditioned,5,train,2003-01-01,water_cum,15,70,0.19070058284453614,1641924.1681508466,-0.17804837753523545
Constant,History-conditioned,5,train,2003-01-01,water_cum,16,70,0.19876440904643877,1845292.8386109911,-0.18665665553357735
Constant,History-conditioned,5,train,2003-01-01,water_cum,17,70,0.206354054617274,2053789.9244264837,-0.1947388461533745
Constant,History-conditioned,5,train,2003-01-01,water_cum,18,70,0.2138386080814928,2275248.881106748,-0.20269814345074244
Constant,History-conditioned,5,train,2003-01-01,water_cum,19,70,0.22119562053567937,2509566.4796052277,-0.2105057501605999
Constant,History-conditioned,5,train,2003-01-01,water_cum,20,70,0.22833053038938173,2753886.3703466235,-0.21805793960160022
Constant,History-conditioned,5,validation,2003-01-01,gas_cum,1,15,0.048672024075235715,18932.222928235522,0.04633165399192764
Constant,History-conditioned,5,validation,2003-01-01,gas_cum,2,15,0.08656972479549052,65342.71149961001,0.08414823810406934
Constant,History-conditioned,5,validation,2003-01-01,gas_cum,3,15,0.12206311681461082,134542.83707830316,0.11946561531834628
Constant,History-conditioned,5,validation,2003-01-01,gas_cum,4,15,0.15404043392612268,220691.59390416992,0.15125184740422618
Constant,History-conditioned,5,validation,2003-01-01,gas_cum,5,15,0.18416403771759418,321208.4797093182,0.1811998959199557
Constant,History-conditioned,5,validation,2003-01-01,gas_cum,6,15,0.21396288891582932,436622.7366485265,0.21083477410799123
Constant,History-conditioned,5,validation,2003-01-01,gas_cum,7,15,0.24425651138895088,568047.1804696397,0.24099471166293238
Constant,History-conditioned,5,validation,2003-01-01,gas_cum,8,15,0.2747866754071659,713492.7551781557,0.27142110510707756
Constant,History-conditioned,5,validation,2003-01-01,gas_cum,9,15,0.30550426854936347,869896.1737091385,0.30207667837159996
Constant,History-conditioned,5,validation,2003-01-01,gas_cum,10,15,0.3384637300557667,1044144.6477237698,0.3350040343934076
Constant,History-conditioned,5,validation,2003-01-01,gas_cum,11,15,0.37280989856208097,1234386.6630234723,0.36933895300687936
Constant,History-conditioned,5,validation,2003-01-01,gas_cum,12,15,0.4069060614520365,1435050.635937881,0.40343749025509307
Constant,History-conditioned,5,validation,2003-01-01,gas_cum,13,15,0.4393061679720284,1638779.857069757,0.4358453206370164
Constant,History-conditioned,5,validation,2003-01-01,gas_cum,14,15,0.4706444685543661,1850109.5187635473,0.46719988287818176
Constant,History-conditioned,5,validation,2003-01-01,gas_cum,15,15,0.5009213988360313,2068426.269752735,0.4974966700461639
Constant,History-conditioned,5,validation,2003-01-01,gas_cum,16,15,0.5300776700392104,2291438.718271574,0.5266691368656594
Constant,History-conditioned,5,validation,2003-01-01,gas_cum,17,15,0.5576939288784627,2514008.0794792227,0.5542942960374325
Constant,History-conditioned,5,validation,2003-01-01,gas_cum,18,15,0.5848489277961215,2743349.0245562196,0.5814503299609568
Constant,History-conditioned,5,validation,2003-01-01,gas_cum,19,15,0.6116720251253276,2979582.699578398,0.6082663666679419
Constant,History-conditioned,5,validation,2003-01-01,gas_cum,20,15,0.6380217771635195,3220284.0496724728,0.6346000163369677
Constant,History-conditioned,5,validation,2003-01-01,oil_cum,1,15,0.050177800777095535,53694.70205669095,0.04777390127094795
Constant,History-conditioned,5,validation,2003-01-01,oil_cum,2,15,0.08835521719371238,183435.4281769687,0.08583201792081784
Constant,History-conditioned,5,validation,2003-01-01,oil_cum,3,15,0.12379718089449464,375372.76588570885,0.12108198553790858
Constant,History-conditioned,5,validation,2003-01-01,oil_cum,4,15,0.1555948217919598,613352.7272359016,0.15270085321017968
Constant,History-conditioned,5,validation,2003-01-01,oil_cum,5,15,0.18554752750470652,890587.9071194206,0.18249867434542968
Constant,History-conditioned,5,validation,2003-01-01,oil_cum,6,15,0.21514189534614783,1208415.9113159585,0.21194085489176623
Constant,History-conditioned,5,validation,2003-01-01,oil_cum,7,15,0.2451976262739231,1569894.364630123,0.2418724061174083
Constant,History-conditioned,5,validation,2003-01-01,oil_cum,8,15,0.27563296688980915,1970523.1622079308,0.27220804351273625
Constant,History-conditioned,5,validation,2003-01-01,oil_cum,9,15,0.30634009961277175,2401715.395077829,0.30285510664401916
Constant,History-conditioned,5,validation,2003-01-01,oil_cum,10,15,0.33932392188878635,2882239.253467058,0.33580902338948626
Constant,History-conditioned,5,validation,2003-01-01,oil_cum,11,15,0.37373148586548505,3407049.6846890366,0.3702041214011823
Constant,History-conditioned,5,validation,2003-01-01,oil_cum,12,15,0.4078854981039619,3960551.33335584,0.40435808586365635
Constant,History-conditioned,5,validation,2003-01-01,oil_cum,13,15,0.44033327249643234,4522428.122368325,0.43681122216058615
Constant,History-conditioned,5,validation,2003-01-01,oil_cum,14,15,0.4717018623621357,5105129.429027682,0.46819474320162385
Constant,History-conditioned,5,validation,2003-01-01,oil_cum,15,15,0.5019818827081918,5706881.267992114,0.49849533616645453
Constant,History-conditioned,5,validation,2003-01-01,oil_cum,16,15,0.5311582784837094,6321689.335644601,0.5276885106337017
Constant,History-conditioned,5,validation,2003-01-01,oil_cum,17,15,0.5588173896796378,6935443.846904479,0.5553555636125244
Constant,History-conditioned,5,validation,2003-01-01,oil_cum,18,15,0.5860141879321241,7567850.740647173,0.5825520174139043
Constant,History-conditioned,5,validation,2003-01-01,oil_cum,19,15,0.6128647456425831,8219132.796069898,0.6093944004303194
Constant,History-conditioned,5,validation,2003-01-01,oil_cum,20,15,0.6392359390219373,8882668.014768207,0.635748450838841
Constant,History-conditioned,5,validation,2003-01-01,water_cum,1,15,0.0365441759359173,16870.536642392053,-0.0337107686780193
Constant,History-conditioned,5,validation,2003-01-01,water_cum,2,15,0.050406876171103704,47193.09883515006,-0.044545438885983044
Constant,History-conditioned,5,validation,2003-01-01,water_cum,3,15,0.0626710723117575,89086.1982305603,-0.053465101274914266
Constant,History-conditioned,5,validation,2003-01-01,water_cum,4,15,0.07837934406340381,150736.6197898579,-0.06692174440348336
Constant,History-conditioned,5,validation,2003-01-01,water_cum,5,15,0.09437837870308151,229873.18980247033,-0.08160442176193118
Constant,History-conditioned,5,validation,2003-01-01,water_cum,6,15,0.10985297602646274,325546.366238709,-0.09626904612541023
Constant,History-conditioned,5,validation,2003-01-01,water_cum,7,15,0.12453889018522622,437349.91144173534,-0.11052081079357323
Constant,History-conditioned,5,validation,2003-01-01,water_cum,8,15,0.13831080262687404,563561.9076388894,-0.12416252244612458
Constant,History-conditioned,5,validation,2003-01-01,water_cum,9,15,0.15092326701286887,700080.3582784098,-0.13684650437578558
Constant,History-conditioned,5,validation,2003-01-01,water_cum,10,15,0.1627868255954524,849931.6945254736,-0.14889451739376736
Constant,History-conditioned,5,validation,2003-01-01,water_cum,11,15,0.17388789357161952,1012259.7900337469,-0.16026300147433015
Constant,History-conditioned,5,validation,2003-01-01,water_cum,12,15,0.18414265031248886,1184386.3721867737,-0.1708390300397575
Constant,History-conditioned,5,validation,2003-01-01,water_cum,13,15,0.19353096540152717,1362309.769145731,-0.1805719634729165
Constant,History-conditioned,5,validation,2003-01-01,water_cum,14,15,0.2026031562980452,1552931.443033626,-0.19005352782671975
Constant,History-conditioned,5,validation,2003-01-01,water_cum,15,15,0.21144742834287633,1757049.6813739785,-0.19935319687463568
Constant,History-conditioned,5,validation,2003-01-01,water_cum,16,15,0.21994857207579815,1972078.0249232498,-0.20833730803433256
Constant,History-conditioned,5,validation,2003-01-01,water_cum,17,15,0.2278953875375606,2191961.680481436,-0.21674846314840174
Constant,History-conditioned,5,validation,2003-01-01,water_cum,18,15,0.23568108098626864,2424823.532415305,-0.22498650842677642
Constant,History-conditioned,5,validation,2003-01-01,water_cum,19,15,0.2432893627395821,2670510.109055589,-0.2330241404936838
Constant,History-conditioned,5,validation,2003-01-01,water_cum,20,15,0.25063852465619896,2926153.378866649,-0.240769705569039
Constant,Input-only PolyRidge,3,train,2003-01-01,gas_cum,1,70,0.06232373885041191,23523.221742064656,0.047839983392373345
Constant,Input-only PolyRidge,3,train,2003-01-01,gas_cum,2,70,0.08959679280965847,65573.3158361693,0.08682022121416315
Constant,Input-only PolyRidge,3,train,2003-01-01,gas_cum,3,70,0.12479381057370152,133312.12103136326,0.12286897076852879
Constant,Input-only PolyRidge,3,train,2003-01-01,gas_cum,4,70,0.157083069166792,218059.56173064825,0.1551171718094188
Constant,Input-only PolyRidge,3,train,2003-01-01,gas_cum,5,70,0.18741263332213384,316707.55560556496,0.1853028945528535
Constant,Input-only PolyRidge,3,train,2003-01-01,gas_cum,6,70,0.21718069397734857,429474.91985682625,0.21492526680939716
Constant,Input-only PolyRidge,3,train,2003-01-01,gas_cum,7,70,0.24736735229181087,557601.0514919083,0.24499929628958403
Constant,Input-only PolyRidge,3,train,2003-01-01,gas_cum,8,70,0.2777478623587115,699183.3595330161,0.27530272474263273
Constant,Input-only PolyRidge,3,train,2003-01-01,gas_cum,9,70,0.3084968603384754,851698.6726601621,0.3060151692368286
Constant,Input-only PolyRidge,3,train,2003-01-01,gas_cum,10,70,0.3417113458942262,1022023.7848444368,0.3392208400240215
Constant,Input-only PolyRidge,3,train,2003-01-01,gas_cum,11,70,0.37649857870930953,1208354.150564745,0.3740181170524601
Constant,Input-only PolyRidge,3,train,2003-01-01,gas_cum,12,70,0.41117635029491306,1405215.9657915444,0.40871174371886604
Constant,Input-only PolyRidge,3,train,2003-01-01,oil_cum,1,70,0.06444188002080009,66935.29098699192,0.04871534204488811
Constant,Input-only PolyRidge,3,train,2003-01-01,oil_cum,2,70,0.09083222819347486,182949.26847902546,0.0877422684495867
Constant,Input-only PolyRidge,3,train,2003-01-01,oil_cum,3,70,0.12579335140717834,369849.801357127,0.12375254707550158
Constant,Input-only PolyRidge,3,train,2003-01-01,oil_cum,4,70,0.15799228565225742,603661.8057142567,0.1559861864559877
Constant,Input-only PolyRidge,3,train,2003-01-01,oil_cum,5,70,0.18825241394577485,875662.0870584648,0.18613996617574322
Constant,Input-only PolyRidge,3,train,2003-01-01,oil_cum,6,70,0.21795296089599894,1186432.9830424234,0.21571511079657082
Constant,Input-only PolyRidge,3,train,2003-01-01,oil_cum,7,70,0.24810869609877556,1539583.7163499505,0.245769749101191
Constant,Input-only PolyRidge,3,train,2003-01-01,oil_cum,8,70,0.2784772824665589,1929836.6224913208,0.2760684482984885
Constant,Input-only PolyRidge,3,train,2003-01-01,oil_cum,9,70,0.30921782361828687,2350171.649281012,0.3067767327469167
Constant,Input-only PolyRidge,3,train,2003-01-01,oil_cum,10,70,0.34243514747236586,2819589.9376269323,0.3399873279193111
Constant,Input-only PolyRidge,3,train,2003-01-01,oil_cum,11,70,0.37725368563595724,3333248.3631896363,0.3748154843024683
Constant,Input-only PolyRidge,3,train,2003-01-01,oil_cum,12,70,0.4119758804235721,3875996.28377416,0.4095516037278783
Constant,Input-only PolyRidge,3,train,2003-01-01,water_cum,1,70,0.0822905106563912,40183.71238370301,-0.04003346795369662
Constant,Input-only PolyRidge,3,train,2003-01-01,water_cum,2,70,0.061762386116317756,61099.50832856817,-0.046276540282746775
Constant,Input-only PolyRidge,3,train,2003-01-01,water_cum,3,70,0.06308240841151744,94606.17971119742,-0.05229846859144168
Constant,Input-only PolyRidge,3,train,2003-01-01,water_cum,4,70,0.07309837300166666,148004.52469351358,-0.06282243222146887
Constant,Input-only PolyRidge,3,train,2003-01-01,water_cum,5,70,0.08536199213343679,218376.62876212367,-0.07458395015228442
Constant,Input-only PolyRidge,3,train,2003-01-01,water_cum,6,70,0.09784711130048435,303799.94753109687,-0.08642495992108108
Constant,Input-only PolyRidge,3,train,2003-01-01,water_cum,7,70,0.11008736362916687,404099.98659031425,-0.09820159592579897
Constant,Input-only PolyRidge,3,train,2003-01-01,water_cum,8,70,0.12190091016133442,518156.8801537526,-0.1098334985706135
Constant,Input-only PolyRidge,3,train,2003-01-01,water_cum,9,70,0.13299324299151466,642544.0803469283,-0.12097407886388784
Constant,Input-only PolyRidge,3,train,2003-01-01,water_cum,10,70,0.14363194690767583,780057.4985554459,-0.13179417365273222
Constant,Input-only PolyRidge,3,train,2003-01-01,water_cum,11,70,0.15374002296186123,929938.9570403629,-0.142200329476841
Constant,Input-only PolyRidge,3,train,2003-01-01,water_cum,12,70,0.1632448595921236,1090085.4313470586,-0.15206703017716494
Constant,Input-only PolyRidge,3,train,2004-01-01,gas_cum,1,70,0.08143308035294468,24570.23368160463,0.03652421924061555
Constant,Input-only PolyRidge,3,train,2004-01-01,gas_cum,2,70,0.07268531713234752,42836.2109133753,0.06202584982937028
Constant,Input-only PolyRidge,3,train,2004-01-01,gas_cum,3,70,0.09231091109561103,79940.27624240913,0.08835581948795182
Constant,Input-only PolyRidge,3,train,2004-01-01,gas_cum,4,70,0.11720540149354476,132347.53261447974,0.11512020974278382
Constant,Input-only PolyRidge,3,train,2004-01-01,gas_cum,5,70,0.14449969456277115,198352.4625217147,0.1430935679356436
Constant,Input-only PolyRidge,3,train,2004-01-01,gas_cum,6,70,0.1756648548533537,281557.7734168742,0.17457535452516001
Constant,Input-only PolyRidge,3,train,2004-01-01,gas_cum,7,70,0.20864335396449926,380025.34213323373,0.20771944295745023
Constant,Input-only PolyRidge,3,train,2004-01-01,gas_cum,8,70,0.24100076876541435,489127.11322154495,0.24017692140587288
Constant,Input-only PolyRidge,3,train,2004-01-01,gas_cum,9,70,0.2710727277636969,603359.3373823565,0.27031950210025235
Constant,Input-only PolyRidge,3,train,2004-01-01,gas_cum,10,70,0.2994088123980575,724255.9074989189,0.2987129501376312
Constant,Input-only PolyRidge,3,train,2004-01-01,gas_cum,11,70,0.3260966071726277,851020.9004922144,0.32545134479958326
Constant,Input-only PolyRidge,3,train,2004-01-01,gas_cum,12,70,0.35139833084028016,982455.2377933785,0.3508004557698999
Constant,Input-only PolyRidge,3,train,2004-01-01,oil_cum,1,70,0.08400524362411532,69785.3818324936,0.036524162915661657
Constant,Input-only PolyRidge,3,train,2004-01-01,oil_cum,2,70,0.07332580577076266,118989.36196209662,0.061909908797901175
Constant,Input-only PolyRidge,3,train,2004-01-01,oil_cum,3,70,0.0924336254039792,220410.8013925264,0.08822355788599882
Constant,Input-only PolyRidge,3,train,2004-01-01,oil_cum,4,70,0.1171758412362589,364329.2624634442,0.11499040524272229
Constant,Input-only PolyRidge,3,train,2004-01-01,oil_cum,5,70,0.14440238716987644,545801.455500106,0.14295617225404472
Constant,Input-only PolyRidge,3,train,2004-01-01,oil_cum,6,70,0.17553830729588657,774716.8815602546,0.17443756372285285
Constant,Input-only PolyRidge,3,train,2004-01-01,oil_cum,7,70,0.20853648381841203,1045836.9441351668,0.20761557123876803
Constant,Input-only PolyRidge,3,train,2004-01-01,oil_cum,8,70,0.24093252925632752,1346338.656380306,0.24011848145303924
Constant,Input-only PolyRidge,3,train,2004-01-01,oil_cum,9,70,0.2710312359368407,1660936.0299303732,0.2702919402796464
Constant,Input-only PolyRidge,3,train,2004-01-01,oil_cum,10,70,0.29936365084579397,1993744.1645429987,0.2986848851286602
Constant,Input-only PolyRidge,3,train,2004-01-01,oil_cum,11,70,0.3260259071729344,2342591.5131816175,0.32539973022599467
Constant,Input-only PolyRidge,3,train,2004-01-01,oil_cum,12,70,0.35132115336998737,2704387.7135930182,0.3507421376337889
Constant,Input-only PolyRidge,3,train,2004-01-01,water_cum,1,70,0.062214512316337144,33222.61954271296,-0.024068060153140072
Constant,Input-only PolyRidge,3,train,2004-01-01,water_cum,2,70,0.04218556384951273,45608.83172613763,-0.032686904805323165
Constant,Input-only PolyRidge,3,train,2004-01-01,water_cum,3,70,0.047672580008396664,78544.13204555372,-0.04359378700386253
Constant,Input-only PolyRidge,3,train,2004-01-01,water_cum,4,70,0.05801604748798597,129260.21221328533,-0.05501146107543017
Constant,Input-only PolyRidge,3,train,2004-01-01,water_cum,5,70,0.06888292883054131,193507.92295270142,-0.06611696065141164
Constant,Input-only PolyRidge,3,train,2004-01-01,water_cum,6,70,0.07954173716634474,271172.95158829726,-0.07684670074144533
Constant,Input-only PolyRidge,3,train,2004-01-01,water_cum,7,70,0.08971770109229261,361327.967642307,-0.08708020843462211
Constant,Input-only PolyRidge,3,train,2004-01-01,water_cum,8,70,0.09928354239606038,462318.0004279455,-0.09671597678092284
Constant,Input-only PolyRidge,3,train,2004-01-01,water_cum,9,70,0.10814538680180634,571260.4846182468,-0.10566642286531136
Constant,Input-only PolyRidge,3,train,2004-01-01,water_cum,10,70,0.11689496854970109,692792.1375329334,-0.11452147593264037
Constant,Input-only PolyRidge,3,train,2004-01-01,water_cum,11,70,0.1255340290398771,827228.4444207456,-0.12327470438061248
Constant,Input-only PolyRidge,3,train,2004-01-01,water_cum,12,70,0.13389127644730078,972554.3392801636,-0.1317513719877151
Constant,Input-only PolyRidge,3,train,2005-01-01,gas_cum,1,70,0.12436003536673179,30283.984326576654,0.0463648712954489
Constant,Input-only PolyRidge,3,train,2005-01-01,gas_cum,2,70,0.10527603198851265,49868.85665481725,0.08378722877998383
Constant,Input-only PolyRidge,3,train,2005-01-01,gas_cum,3,70,0.1282571952414698,88801.28360753952,0.1193383936101366
Constant,Input-only PolyRidge,3,train,2005-01-01,gas_cum,4,70,0.15606937232312373,140558.2921860554,0.1511681737853445
Constant,Input-only PolyRidge,3,train,2005-01-01,gas_cum,5,70,0.18186424285929323,199498.83831064354,0.17866191233333073
Constant,Input-only PolyRidge,3,train,2005-01-01,gas_cum,6,70,0.20528722109391861,264861.6048693963,0.20298061166792247
Constant,Input-only PolyRidge,3,train,2005-01-01,gas_cum,7,70,0.22663461391953044,335661.6475337095,0.22487490359028905
Constant,Input-only PolyRidge,3,train,2005-01-01,gas_cum,8,70,0.24664335273353208,411227.1439045769,0.24525215028807407
Constant,Input-only PolyRidge,3,train,2005-01-01,gas_cum,9,70,0.26539267802729416,489657.75389607553,0.264259870004891
Constant,Input-only PolyRidge,3,train,2005-01-01,gas_cum,10,70,0.2837732887874325,573341.236456769,0.2828342151743214
Constant,Input-only PolyRidge,3,train,2005-01-01,gas_cum,11,70,0.3019371603969118,662279.511699181,0.30114646645118237
Constant,Input-only PolyRidge,3,train,2005-01-01,gas_cum,12,70,0.31983030482530794,755496.4531852002,0.31915540124947767
Constant,Input-only PolyRidge,3,train,2005-01-01,oil_cum,1,70,0.12553664115372234,84178.54832366688,0.04640879227901207
Constant,Input-only PolyRidge,3,train,2005-01-01,oil_cum,2,70,0.10557034369683327,137699.44607302925,0.08388777684993401
Constant,Input-only PolyRidge,3,train,2005-01-01,oil_cum,3,70,0.1284652741744997,244891.93669893057,0.11954678284900729
Constant,Input-only PolyRidge,3,train,2005-01-01,oil_cum,4,70,0.15634167332876445,387639.65566243854,0.15147583309656704
Constant,Input-only PolyRidge,3,train,2005-01-01,oil_cum,5,70,0.18218616577126845,550180.5354395687,0.17902280926975092
Constant,Input-only PolyRidge,3,train,2005-01-01,oil_cum,6,70,0.2056045574384946,730285.2746173401,0.20333404211222467
Constant,Input-only PolyRidge,3,train,2005-01-01,oil_cum,7,70,0.22691392881130582,925247.573350164,0.22518611766298516
Constant,Input-only PolyRidge,3,train,2005-01-01,oil_cum,8,70,0.2469144808302568,1133405.1562118588,0.24555261547379606
Constant,Input-only PolyRidge,3,train,2005-01-01,oil_cum,9,70,0.26568376757225975,1349549.0911018131,0.26457871706826924
Constant,Input-only PolyRidge,3,train,2005-01-01,oil_cum,10,70,0.2840900850467037,1580190.4436508284,0.283177332731508
Constant,Input-only PolyRidge,3,train,2005-01-01,oil_cum,11,70,0.3022763457217296,1825299.3025135123,0.3015100302052553
Constant,Input-only PolyRidge,3,train,2005-01-01,oil_cum,12,70,0.3201849052692223,2082165.1088151194,0.3195319815714176
Constant,Input-only PolyRidge,3,train,2005-01-01,water_cum,1,70,0.0789809216502902,45910.36192828249,-0.024059625841203042
Constant,Input-only PolyRidge,3,train,2005-01-01,water_cum,2,70,0.05042854413305365,59571.72438599615,-0.03058181307823752
Constant,Input-only PolyRidge,3,train,2005-01-01,water_cum,3,70,0.04851519611084237,87306.16437083678,-0.038979710847646655
Constant,Input-only PolyRidge,3,train,2005-01-01,water_cum,4,70,0.05299737782775672,128718.27159552973,-0.04739107852642539
Constant,Input-only PolyRidge,3,train,2005-01-01,water_cum,5,70,0.05925783382848369,181009.25009247463,-0.055455271149566464
Constant,Input-only PolyRidge,3,train,2005-01-01,water_cum,6,70,0.06655265918971394,246173.40479877507,-0.06376099634208801
Constant,Input-only PolyRidge,3,train,2005-01-01,water_cum,7,70,0.07432272298985751,324197.10889934184,-0.07215954652592894
Constant,Input-only PolyRidge,3,train,2005-01-01,water_cum,8,70,0.08211183575143771,413526.7296635662,-0.08036527569541024
Constant,Input-only PolyRidge,3,train,2005-01-01,water_cum,9,70,0.08953166996041545,510806.04126446653,-0.08807453885801068
Constant,Input-only PolyRidge,3,train,2005-01-01,water_cum,10,70,0.09701361996880775,620191.1368208707,-0.09577720252083893
Constant,Input-only PolyRidge,3,train,2005-01-01,water_cum,11,70,0.10445553846061474,741476.3768630392,-0.10339243521505934
Constant,Input-only PolyRidge,3,train,2005-01-01,water_cum,12,70,0.11170856666200009,872914.7136417902,-0.11078606414860256
Constant,Input-only PolyRidge,3,validation,2003-01-01,gas_cum,1,15,0.08436764019766198,32816.94161069396,0.024177277824080527
Constant,Input-only PolyRidge,3,validation,2003-01-01,gas_cum,2,15,0.08477279136336242,63986.388568967326,0.07197214957164193
Constant,Input-only PolyRidge,3,validation,2003-01-01,gas_cum,3,15,0.11605904363618279,127924.90808769458,0.11060204727966105
Constant,Input-only PolyRidge,3,validation,2003-01-01,gas_cum,4,15,0.1476593817098645,211549.5488676885,0.1440283103299724
Constant,Input-only PolyRidge,3,validation,2003-01-01,gas_cum,5,15,0.17788164646685733,310251.08885496075,0.1749377684237849
Constant,Input-only PolyRidge,3,validation,2003-01-01,gas_cum,6,15,0.20785734645584708,424163.47947963525,0.205201739943772
Constant,Input-only PolyRidge,3,validation,2003-01-01,gas_cum,7,15,0.23834765295059013,554305.4367731526,0.23580283535372104
Constant,Input-only PolyRidge,3,validation,2003-01-01,gas_cum,8,15,0.269060353662492,698624.1700381011,0.2665478378599552
Constant,Input-only PolyRidge,3,validation,2003-01-01,gas_cum,9,15,0.2999350200439017,854038.2350022896,0.2974337619315228
Constant,Input-only PolyRidge,3,validation,2003-01-01,gas_cum,10,15,0.33302777219864055,1027374.9740549397,0.33053288752269594
Constant,Input-only PolyRidge,3,validation,2003-01-01,gas_cum,11,15,0.367485401252877,1216757.065496326,0.3649981472156047
Constant,Input-only PolyRidge,3,validation,2003-01-01,gas_cum,12,15,0.40167578175662183,1416604.8153564578,0.39919792156675804
Constant,Input-only PolyRidge,3,validation,2003-01-01,oil_cum,1,15,0.08815816227882753,94337.0610931158,0.024658099609981318
Constant,Input-only PolyRidge,3,validation,2003-01-01,oil_cum,2,15,0.08700335369939026,180628.80660108468,0.07288688947375069
Constant,Input-only PolyRidge,3,validation,2003-01-01,oil_cum,3,15,0.11758775789303946,356544.80655926006,0.11150509585036233
Constant,Input-only PolyRidge,3,validation,2003-01-01,oil_cum,4,15,0.14877369439151492,586463.9333435165,0.1447856166470905
Constant,Input-only PolyRidge,3,validation,2003-01-01,oil_cum,5,15,0.1787103149114272,857770.7689130129,0.17555224625734425
Constant,Input-only PolyRidge,3,validation,2003-01-01,oil_cum,6,15,0.2084058640198404,1170580.7541015253,0.2056239596679598
Constant,Input-only PolyRidge,3,validation,2003-01-01,oil_cum,7,15,0.23860759275637436,1527701.2298957526,0.23599288310120672
Constant,Input-only PolyRidge,3,validation,2003-01-01,oil_cum,8,15,0.2691915723044405,1924473.0929052124,0.26663989689878886
Constant,Input-only PolyRidge,3,validation,2003-01-01,oil_cum,9,15,0.30003005977200387,2352244.497052127,0.2975077765073818
Constant,Input-only PolyRidge,3,validation,2003-01-01,oil_cum,10,15,0.3331247780522925,2829583.326340037,0.33062154015493816
Constant,Input-only PolyRidge,3,validation,2003-01-01,oil_cum,11,15,0.3676223113370067,3351356.595029328,0.3651334346327258
Constant,Input-only PolyRidge,3,validation,2003-01-01,oil_cum,12,15,0.4018505422551276,3901952.161419229,0.39937464311913196
Constant,Input-only PolyRidge,3,validation,2003-01-01,water_cum,1,15,0.07532687335168911,34774.48169210162,-0.05251330460815392
Constant,Input-only PolyRidge,3,validation,2003-01-01,water_cum,2,15,0.06295652359834686,58942.62184407023,-0.05637713197031286
Constant,Input-only PolyRidge,3,validation,2003-01-01,water_cum,3,15,0.06801325536278854,96680.04912081873,-0.06296280885597776
Constant,Input-only PolyRidge,3,validation,2003-01-01,water_cum,4,15,0.08131462124670577,156381.64994473287,-0.0752020510613115
Constant,Input-only PolyRidge,3,validation,2003-01-01,water_cum,5,15,0.09674160303988205,235629.18947087138,-0.08912667391203916
Constant,Input-only PolyRidge,3,validation,2003-01-01,water_cum,6,15,0.11224447622216616,332633.5133213958,-0.10326043929395462
Constant,Input-only PolyRidge,3,validation,2003-01-01,water_cum,7,15,0.12714214831290782,446491.9128672193,-0.11711077881581103
Constant,Input-only PolyRidge,3,validation,2003-01-01,water_cum,8,15,0.14114473249941037,575109.0528708489,-0.13043696654657067
Constant,Input-only PolyRidge,3,validation,2003-01-01,water_cum,9,15,0.15395527510684925,714144.7855516137,-0.14286910324324995
Constant,Input-only PolyRidge,3,validation,2003-01-01,water_cum,10,15,0.16599782648130834,866696.7577549797,-0.15470435363556662
Constant,Input-only PolyRidge,3,validation,2003-01-01,water_cum,11,15,0.17725800420149576,1031878.3351119524,-0.1658901407176638
Constant,Input-only PolyRidge,3,validation,2003-01-01,water_cum,12,15,0.18764312747455486,1206901.077171558,-0.17630880189587353
Constant,Input-only PolyRidge,3,validation,2004-01-01,gas_cum,1,15,0.13061965923624108,40683.783872252396,-0.009787918342516723
Constant,Input-only PolyRidge,3,validation,2004-01-01,gas_cum,2,15,0.07728317705605883,46986.64178483846,0.0361144850975379
Constant,Input-only PolyRidge,3,validation,2004-01-01,gas_cum,3,15,0.08394067325988168,74955.5434638043,0.06943613574679147
Constant,Input-only PolyRidge,3,validation,2004-01-01,gas_cum,4,15,0.10633191958685626,123758.02259032938,0.09976992860252726
Constant,Input-only PolyRidge,3,validation,2004-01-01,gas_cum,5,15,0.13322674889852376,188485.67076431698,0.12955290520927698
Constant,Input-only PolyRidge,3,validation,2004-01-01,gas_cum,6,15,0.16419784277114896,271309.34812823986,0.1618488254682239
Constant,Input-only PolyRidge,3,validation,2004-01-01,gas_cum,7,15,0.1968671738498548,369802.72175773635,0.19520219288248408
Constant,Input-only PolyRidge,3,validation,2004-01-01,gas_cum,8,15,0.22878649963304115,479118.0962449209,0.22749973577261812
Constant,Input-only PolyRidge,3,validation,2004-01-01,gas_cum,9,15,0.25837360174062346,593705.0503023398,0.25730953550950114
Constant,Input-only PolyRidge,3,validation,2004-01-01,gas_cum,10,15,0.28619024193549275,715055.5130033301,0.2852730814335579
Constant,Input-only PolyRidge,3,validation,2004-01-01,gas_cum,11,15,0.3124033400926527,842494.2336219988,0.3115913546017217
Constant,Input-only PolyRidge,3,validation,2004-01-01,gas_cum,12,15,0.3372005459068902,974666.9716743684,0.33646762636770955
Constant,Input-only PolyRidge,3,validation,2004-01-01,oil_cum,1,15,0.13406175412411062,115001.03485303241,-0.009628005780662948
Constant,Input-only PolyRidge,3,validation,2004-01-01,oil_cum,2,15,0.0785997847357356,131646.57664067252,0.035679828507574264
Constant,Input-only PolyRidge,3,validation,2004-01-01,oil_cum,3,15,0.08385371264259206,206335.2392715648,0.06858204958359759
Constant,Input-only PolyRidge,3,validation,2004-01-01,oil_cum,4,15,0.10574673519999843,339150.8122503755,0.09884614222572898
Constant,Input-only PolyRidge,3,validation,2004-01-01,oil_cum,5,15,0.1325210444701801,516590.4003166065,0.12868055675326764
Constant,Input-only PolyRidge,3,validation,2004-01-01,oil_cum,6,15,0.16348257524273413,744214.5724207315,0.16105136129580233
Constant,Input-only PolyRidge,3,validation,2004-01-01,oil_cum,7,15,0.1962137805016485,1015320.1790355209,0.19450642998232123
Constant,Input-only PolyRidge,3,validation,2004-01-01,oil_cum,8,15,0.22819119128416418,1316276.5386661743,0.22688138614804515
Constant,Input-only PolyRidge,3,validation,2004-01-01,oil_cum,9,15,0.2578222490761092,1631737.0551054792,0.25674532923953663
Constant,Input-only PolyRidge,3,validation,2004-01-01,oil_cum,10,15,0.2856587476798312,1965725.0779827659,0.28473609246824655
Constant,Input-only PolyRidge,3,validation,2004-01-01,oil_cum,11,15,0.3118567553647736,2316296.7333342945,0.3110461125182812
Constant,Input-only PolyRidge,3,validation,2004-01-01,oil_cum,12,15,0.3366633869480465,2680045.563597197,0.3359358332541079
Constant,Input-only PolyRidge,3,validation,2004-01-01,water_cum,1,15,0.047070297819794556,24152.92799429152,-0.02677715526640938
Constant,Input-only PolyRidge,3,validation,2004-01-01,water_cum,2,15,0.04153158993141415,43262.20208802718,-0.03797722266164739
Constant,Input-only PolyRidge,3,validation,2004-01-01,water_cum,3,15,0.0530974173147041,84462.01514849054,-0.05092910401516307
Constant,Input-only PolyRidge,3,validation,2004-01-01,water_cum,4,15,0.06615809197698784,142522.43785228915,-0.06379249596242932
Constant,Input-only PolyRidge,3,validation,2004-01-01,water_cum,5,15,0.07848496033036532,213398.48565716174,-0.07585679072282187
Constant,Input-only PolyRidge,3,validation,2004-01-01,water_cum,6,15,0.09007429824941583,297431.47910675185,-0.0872655158889324
Constant,Input-only PolyRidge,3,validation,2004-01-01,water_cum,7,15,0.10085088949581385,393603.71921695897,-0.09796109422346375
Constant,Input-only PolyRidge,3,validation,2004-01-01,water_cum,8,15,0.11074347643550683,499883.0253291967,-0.10784984941579065
Constant,Input-only PolyRidge,3,validation,2004-01-01,water_cum,9,15,0.11980257776434218,613586.7176992106,-0.11696376705716148
Constant,Input-only PolyRidge,3,validation,2004-01-01,water_cum,10,15,0.12869868446215935,739719.9569718471,-0.12596160634866763
Constant,Input-only PolyRidge,3,validation,2004-01-01,water_cum,11,15,0.1375124279558573,879085.181127004,-0.13490575769015242
Constant,Input-only PolyRidge,3,validation,2004-01-01,water_cum,12,15,0.14607786312787988,1029780.2178637217,-0.14362131317958612
Constant,Input-only PolyRidge,3,validation,2005-01-01,gas_cum,1,15,0.1989386651741572,49914.657599005266,-0.028652652560236618
Constant,Input-only PolyRidge,3,validation,2005-01-01,gas_cum,2,15,0.11331250127070977,55352.2989448134,0.04169695048621668
Constant,Input-only PolyRidge,3,validation,2005-01-01,gas_cum,3,15,0.11492062240437022,82127.22235750241,0.08733280757759196
Constant,Input-only PolyRidge,3,validation,2005-01-01,gas_cum,4,15,0.13711225531264581,127574.13110094445,0.12355071165942656
Constant,Input-only PolyRidge,3,validation,2005-01-01,gas_cum,5,15,0.161402517864442,183060.62910322717,0.15326583732411822
Constant,Input-only PolyRidge,3,validation,2005-01-01,gas_cum,6,15,0.18436152097409572,246111.83446794542,0.17884967562687526
Constant,Input-only PolyRidge,3,validation,2005-01-01,gas_cum,7,15,0.20562794483014216,315291.26112161,0.20158378645748773
Constant,Input-only PolyRidge,3,validation,2005-01-01,gas_cum,8,15,0.22555790033856918,389549.31869073375,0.22242017692191157
Constant,Input-only PolyRidge,3,validation,2005-01-01,gas_cum,9,15,0.24410699788953868,466786.60482868727,0.24156909770082438
Constant,Input-only PolyRidge,3,validation,2005-01-01,gas_cum,10,15,0.26216991335180284,549299.154626158,0.2600608836055036
Constant,Input-only PolyRidge,3,validation,2005-01-01,gas_cum,11,15,0.2799660325241608,637165.066530045,0.2781740027050928
Constant,Input-only PolyRidge,3,validation,2005-01-01,gas_cum,12,15,0.2975126015053979,729530.7480171353,0.2959616199031257
Constant,Input-only PolyRidge,3,validation,2005-01-01,oil_cum,1,15,0.20357749731878202,140676.15647863963,-0.03165467180019978
Constant,Input-only PolyRidge,3,validation,2005-01-01,oil_cum,2,15,0.11496035099837694,154642.36709630332,0.040344251944727516
Constant,Input-only PolyRidge,3,validation,2005-01-01,oil_cum,3,15,0.11550307797978449,227264.40988788893,0.08666264505792926
Constant,Input-only PolyRidge,3,validation,2005-01-01,oil_cum,4,15,0.13741462190352355,351988.5617856275,0.12323324339725754
Constant,Input-only PolyRidge,3,validation,2005-01-01,oil_cum,5,15,0.16166395942910874,504764.36565655743,0.15315193895689364
Constant,Input-only PolyRidge,3,validation,2005-01-01,oil_cum,6,15,0.18462026064134224,678473.6886700337,0.1788473975358396
Constant,Input-only PolyRidge,3,validation,2005-01-01,oil_cum,7,15,0.20585792947219916,868980.6068480804,0.20161441615021033
Constant,Input-only PolyRidge,3,validation,2005-01-01,oil_cum,8,15,0.22580451108072938,1073627.2459965714,0.22250831571639487
Constant,Input-only PolyRidge,3,validation,2005-01-01,oil_cum,9,15,0.24441036378223285,1286650.3074372516,0.24174342790285144
Constant,Input-only PolyRidge,3,validation,2005-01-01,oil_cum,10,15,0.2625247054368866,1514213.5468663818,0.260307516576842
Constant,Input-only PolyRidge,3,validation,2005-01-01,oil_cum,11,15,0.2803463032693085,1756426.0153693652,0.2784611259928016
Constant,Input-only PolyRidge,3,validation,2005-01-01,oil_cum,12,15,0.29790839327152296,2010990.741452441,0.29627542700682685
Constant,Input-only PolyRidge,3,validation,2005-01-01,water_cum,1,15,0.056842430745459235,32104.587091953217,-0.027293249793876557
Constant,Input-only PolyRidge,3,validation,2005-01-01,water_cum,2,15,0.041450163708885754,47584.65729940503,-0.03297315516856323
Constant,Input-only PolyRidge,3,validation,2005-01-01,water_cum,3,15,0.04440812077342662,77663.38776617708,-0.04111374098753736
Constant,Input-only PolyRidge,3,validation,2005-01-01,water_cum,4,15,0.05092236441654822,120176.63721917525,-0.049270584824771355
Constant,Input-only PolyRidge,3,validation,2005-01-01,water_cum,5,15,0.058183314390624734,172678.60953916464,-0.05717680226309168
Constant,Input-only PolyRidge,3,validation,2005-01-01,water_cum,6,15,0.06613822468016042,237696.8465261105,-0.06543400918943529
Constant,Input-only PolyRidge,3,validation,2005-01-01,water_cum,7,15,0.07448487603696519,315747.1771223258,-0.07394991911521731
Constant,Input-only PolyRidge,3,validation,2005-01-01,water_cum,8,15,0.0828283638398727,405518.2239013098,-0.08239592821566448
Constant,Input-only PolyRidge,3,validation,2005-01-01,water_cum,9,15,0.0907136641986367,503314.53671201103,-0.09035447904228423
Constant,Input-only PolyRidge,3,validation,2005-01-01,water_cum,10,15,0.09858210886889439,613080.0824016591,-0.09827797780479175
Constant,Input-only PolyRidge,3,validation,2005-01-01,water_cum,11,15,0.1063445542612011,734560.95832491,-0.10607969040247447
Constant,Input-only PolyRidge,3,validation,2005-01-01,water_cum,12,15,0.11387663475488823,866118.4199182019,-0.11364263337532603
Constant,Input-only PolyRidge,5,train,2003-01-01,gas_cum,1,70,0.06232373885041191,23523.221742064656,0.047839983392373345
Constant,Input-only PolyRidge,5,train,2003-01-01,gas_cum,2,70,0.08959679280965847,65573.3158361693,0.08682022121416315
Constant,Input-only PolyRidge,5,train,2003-01-01,gas_cum,3,70,0.12479381057370152,133312.12103136326,0.12286897076852879
Constant,Input-only PolyRidge,5,train,2003-01-01,gas_cum,4,70,0.157083069166792,218059.56173064825,0.1551171718094188
Constant,Input-only PolyRidge,5,train,2003-01-01,gas_cum,5,70,0.18741263332213384,316707.55560556496,0.1853028945528535
Constant,Input-only PolyRidge,5,train,2003-01-01,gas_cum,6,70,0.21718069397734857,429474.91985682625,0.21492526680939716
Constant,Input-only PolyRidge,5,train,2003-01-01,gas_cum,7,70,0.24736735229181087,557601.0514919083,0.24499929628958403
Constant,Input-only PolyRidge,5,train,2003-01-01,gas_cum,8,70,0.2777478623587115,699183.3595330161,0.27530272474263273
Constant,Input-only PolyRidge,5,train,2003-01-01,gas_cum,9,70,0.3084968603384754,851698.6726601621,0.3060151692368286
Constant,Input-only PolyRidge,5,train,2003-01-01,gas_cum,10,70,0.3417113458942262,1022023.7848444368,0.3392208400240215
Constant,Input-only PolyRidge,5,train,2003-01-01,gas_cum,11,70,0.37649857870930953,1208354.150564745,0.3740181170524601
Constant,Input-only PolyRidge,5,train,2003-01-01,gas_cum,12,70,0.41117635029491306,1405215.9657915444,0.40871174371886604
Constant,Input-only PolyRidge,5,train,2003-01-01,gas_cum,13,70,0.44420995977255245,1605259.2601186428,0.441761319521275
Constant,Input-only PolyRidge,5,train,2003-01-01,gas_cum,14,70,0.4762282650610474,1812905.8513709875,0.47379394314915757
Constant,Input-only PolyRidge,5,train,2003-01-01,gas_cum,15,70,0.5071651882248027,2027388.2181972845,0.5047392248928293
Constant,Input-only PolyRidge,5,train,2003-01-01,gas_cum,16,70,0.5370020188521684,2246568.170666275,0.5345773454322585
Constant,Input-only PolyRidge,5,train,2003-01-01,gas_cum,17,70,0.5653306262278803,2465464.5822685533,0.5628990479206393
Constant,Input-only PolyRidge,5,train,2003-01-01,gas_cum,18,70,0.5932467534030291,2691155.878349996,0.5908018863513773
Constant,Input-only PolyRidge,5,train,2003-01-01,gas_cum,19,70,0.620845384852731,2923660.5994939487,0.6183794778478147
Constant,Input-only PolyRidge,5,train,2003-01-01,gas_cum,20,70,0.6479353576147912,3160458.46948751,0.6454400639071557
Constant,Input-only PolyRidge,5,train,2003-01-01,oil_cum,1,70,0.06444188002080009,66935.29098699192,0.04871534204488811
Constant,Input-only PolyRidge,5,train,2003-01-01,oil_cum,2,70,0.09083222819347486,182949.26847902546,0.0877422684495867
Constant,Input-only PolyRidge,5,train,2003-01-01,oil_cum,3,70,0.12579335140717834,369849.801357127,0.12375254707550158
Constant,Input-only PolyRidge,5,train,2003-01-01,oil_cum,4,70,0.15799228565225742,603661.8057142567,0.1559861864559877
Constant,Input-only PolyRidge,5,train,2003-01-01,oil_cum,5,70,0.18825241394577485,875662.0870584648,0.18613996617574322
Constant,Input-only PolyRidge,5,train,2003-01-01,oil_cum,6,70,0.21795296089599894,1186432.9830424234,0.21571511079657082
Constant,Input-only PolyRidge,5,train,2003-01-01,oil_cum,7,70,0.24810869609877556,1539583.7163499505,0.245769749101191
Constant,Input-only PolyRidge,5,train,2003-01-01,oil_cum,8,70,0.2784772824665589,1929836.6224913208,0.2760684482984885
Constant,Input-only PolyRidge,5,train,2003-01-01,oil_cum,9,70,0.30921782361828687,2350171.649281012,0.3067767327469167
Constant,Input-only PolyRidge,5,train,2003-01-01,oil_cum,10,70,0.34243514747236586,2819589.9376269323,0.3399873279193111
Constant,Input-only PolyRidge,5,train,2003-01-01,oil_cum,11,70,0.37725368563595724,3333248.3631896363,0.3748154843024683
Constant,Input-only PolyRidge,5,train,2003-01-01,oil_cum,12,70,0.4119758804235721,3875996.28377416,0.4095516037278783
Constant,Input-only PolyRidge,5,train,2003-01-01,oil_cum,13,70,0.44504609912676546,4427454.582919074,0.44263594734684936
Constant,Input-only PolyRidge,5,train,2003-01-01,oil_cum,14,70,0.47707842153950264,4999703.977541801,0.47468185827391685
Constant,Input-only PolyRidge,5,train,2003-01-01,oil_cum,15,70,0.5080111322902878,5590649.962117247,0.5056229599757639
Constant,Input-only PolyRidge,5,train,2003-01-01,oil_cum,16,70,0.5378567367651815,6194620.1662712535,0.535468795716871
Constant,Input-only PolyRidge,5,train,2003-01-01,oil_cum,17,70,0.5662085662916244,6797908.606038197,0.5638121396637384
Constant,Input-only PolyRidge,5,train,2003-01-01,oil_cum,18,70,0.5941520163054781,7419945.436394826,0.5917407017256219
Constant,Input-only PolyRidge,5,train,2003-01-01,oil_cum,19,70,0.6217764549748898,8060739.006790875,0.6193427809306516
Constant,Input-only PolyRidge,5,train,2003-01-01,oil_cum,20,70,0.6488880367432669,8713322.389354963,0.6464239222957371
Constant,Input-only PolyRidge,5,train,2003-01-01,water_cum,1,70,0.0822905106563912,40183.71238370301,-0.04003346795369662
Constant,Input-only PolyRidge,5,train,2003-01-01,water_cum,2,70,0.061762386116317756,61099.50832856817,-0.046276540282746775
Constant,Input-only PolyRidge,5,train,2003-01-01,water_cum,3,70,0.06308240841151744,94606.17971119742,-0.05229846859144168
Constant,Input-only PolyRidge,5,train,2003-01-01,water_cum,4,70,0.07309837300166666,148004.52469351358,-0.06282243222146887
Constant,Input-only PolyRidge,5,train,2003-01-01,water_cum,5,70,0.08536199213343679,218376.62876212367,-0.07458395015228442
Constant,Input-only PolyRidge,5,train,2003-01-01,water_cum,6,70,0.09784711130048435,303799.94753109687,-0.08642495992108108
Constant,Input-only PolyRidge,5,train,2003-01-01,water_cum,7,70,0.11008736362916687,404099.98659031425,-0.09820159592579897
Constant,Input-only PolyRidge,5,train,2003-01-01,water_cum,8,70,0.12190091016133442,518156.8801537526,-0.1098334985706135
Constant,Input-only PolyRidge,5,train,2003-01-01,water_cum,9,70,0.13299324299151466,642544.0803469283,-0.12097407886388784
Constant,Input-only PolyRidge,5,train,2003-01-01,water_cum,10,70,0.14363194690767583,780057.4985554459,-0.13179417365273222
Constant,Input-only PolyRidge,5,train,2003-01-01,water_cum,11,70,0.15374002296186123,929938.9570403629,-0.142200329476841
Constant,Input-only PolyRidge,5,train,2003-01-01,water_cum,12,70,0.1632448595921236,1090085.4313470586,-0.15206703017716494
Constant,Input-only PolyRidge,5,train,2003-01-01,water_cum,13,70,0.17205805163683335,1256561.6890369314,-0.16125809722446316
Constant,Input-only PolyRidge,5,train,2003-01-01,water_cum,14,70,0.18068981512656068,1435968.9684507165,-0.17028659301272664
Constant,Input-only PolyRidge,5,train,2003-01-01,water_cum,15,70,0.18916328488915699,1628688.0960375082,-0.1791597350208662
Constant,Input-only PolyRidge,5,train,2003-01-01,water_cum,16,70,0.19734347981103112,1832101.1884818268,-0.18773290516836516
Constant,Input-only PolyRidge,5,train,2003-01-01,water_cum,17,70,0.2050318859289353,2040630.7125295398,-0.19578433397973485
Constant,Input-only PolyRidge,5,train,2003-01-01,water_cum,18,70,0.21260703542166465,2262144.91292525,-0.2037154193326543
Constant,Input-only PolyRidge,5,train,2003-01-01,water_cum,19,70,0.22004825706996683,2496549.111148733,-0.21149705481742007
Constant,Input-only PolyRidge,5,train,2003-01-01,water_cum,20,70,0.22726236222144044,2741003.232231387,-0.21902550519186645
Constant,Input-only PolyRidge,5,validation,2003-01-01,gas_cum,1,15,0.08436764019766198,32816.94161069396,0.024177277824080527
Constant,Input-only PolyRidge,5,validation,2003-01-01,gas_cum,2,15,0.08477279136336242,63986.388568967326,0.07197214957164193
Constant,Input-only PolyRidge,5,validation,2003-01-01,gas_cum,3,15,0.11605904363618279,127924.90808769458,0.11060204727966105
Constant,Input-only PolyRidge,5,validation,2003-01-01,gas_cum,4,15,0.1476593817098645,211549.5488676885,0.1440283103299724
Constant,Input-only PolyRidge,5,validation,2003-01-01,gas_cum,5,15,0.17788164646685733,310251.08885496075,0.1749377684237849
Constant,Input-only PolyRidge,5,validation,2003-01-01,gas_cum,6,15,0.20785734645584708,424163.47947963525,0.205201739943772
Constant,Input-only PolyRidge,5,validation,2003-01-01,gas_cum,7,15,0.23834765295059013,554305.4367731526,0.23580283535372104
Constant,Input-only PolyRidge,5,validation,2003-01-01,gas_cum,8,15,0.269060353662492,698624.1700381011,0.2665478378599552
Constant,Input-only PolyRidge,5,validation,2003-01-01,gas_cum,9,15,0.2999350200439017,854038.2350022896,0.2974337619315228
Constant,Input-only PolyRidge,5,validation,2003-01-01,gas_cum,10,15,0.33302777219864055,1027374.9740549397,0.33053288752269594
Constant,Input-only PolyRidge,5,validation,2003-01-01,gas_cum,11,15,0.367485401252877,1216757.065496326,0.3649981472156047
Constant,Input-only PolyRidge,5,validation,2003-01-01,gas_cum,12,15,0.40167578175662183,1416604.8153564578,0.39919792156675804
Constant,Input-only PolyRidge,5,validation,2003-01-01,gas_cum,13,15,0.43415593563361576,1619567.5226416246,0.4316852820299887
Constant,Input-only PolyRidge,5,validation,2003-01-01,gas_cum,14,15,0.4655672218550854,1830150.7960438202,0.46310640364672295
Constant,Input-only PolyRidge,5,validation,2003-01-01,gas_cum,15,15,0.4959102930414649,2047734.1953273339,0.49345941614604905
Constant,Input-only PolyRidge,5,validation,2003-01-01,gas_cum,16,15,0.5251230040818955,2270020.5109929056,0.5226786808049774
Constant,Input-only PolyRidge,5,validation,2003-01-01,gas_cum,17,15,0.5527866957442666,2491886.9425823824,0.550341918947494
Constant,Input-only PolyRidge,5,validation,2003-01-01,gas_cum,18,15,0.5799825733910386,2720522.431267187,0.5775298543124231
Constant,Input-only PolyRidge,5,validation,2003-01-01,gas_cum,19,15,0.606840337958434,2956046.538202861,0.604372252664885
Constant,Input-only PolyRidge,5,validation,2003-01-01,gas_cum,20,15,0.6332176922701567,3196036.416583604,0.6307269854447884
Constant,Input-only PolyRidge,5,validation,2003-01-01,oil_cum,1,15,0.08815816227882753,94337.0610931158,0.024658099609981318
Constant,Input-only PolyRidge,5,validation,2003-01-01,oil_cum,2,15,0.08700335369939026,180628.80660108468,0.07288688947375069
Constant,Input-only PolyRidge,5,validation,2003-01-01,oil_cum,3,15,0.11758775789303946,356544.80655926006,0.11150509585036233
Constant,Input-only PolyRidge,5,validation,2003-01-01,oil_cum,4,15,0.14877369439151492,586463.9333435165,0.1447856166470905
Constant,Input-only PolyRidge,5,validation,2003-01-01,oil_cum,5,15,0.1787103149114272,857770.7689130129,0.17555224625734425
Constant,Input-only PolyRidge,5,validation,2003-01-01,oil_cum,6,15,0.2084058640198404,1170580.7541015253,0.2056239596679598
Constant,Input-only PolyRidge,5,validation,2003-01-01,oil_cum,7,15,0.23860759275637436,1527701.2298957526,0.23599288310120672
Constant,Input-only PolyRidge,5,validation,2003-01-01,oil_cum,8,15,0.2691915723044405,1924473.0929052124,0.26663989689878886
Constant,Input-only PolyRidge,5,validation,2003-01-01,oil_cum,9,15,0.30003005977200387,2352244.497052127,0.2975077765073818
Constant,Input-only PolyRidge,5,validation,2003-01-01,oil_cum,10,15,0.3331247780522925,2829583.326340037,0.33062154015493816
Constant,Input-only PolyRidge,5,validation,2003-01-01,oil_cum,11,15,0.3676223113370067,3351356.595029328,0.3651334346327258
Constant,Input-only PolyRidge,5,validation,2003-01-01,oil_cum,12,15,0.4018505422551276,3901952.161419229,0.39937464311913196
Constant,Input-only PolyRidge,5,validation,2003-01-01,oil_cum,13,15,0.4343599969474234,4461079.795969228,0.43189371404656435
Constant,Input-only PolyRidge,5,validation,2003-01-01,oil_cum,14,15,0.4657843459960495,5041085.401734725,0.4633304982656851
Constant,Input-only PolyRidge,5,validation,2003-01-01,oil_cum,15,15,0.49611426764472116,5640174.1145130815,0.4936743981315455
Constant,Input-only PolyRidge,5,validation,2003-01-01,oil_cum,16,15,0.5253322032357535,6252349.104576743,0.5229017260444527
Constant,Input-only PolyRidge,5,validation,2003-01-01,oil_cum,17,15,0.5530252189831458,6863557.618309775,0.5505946813789223
Constant,Input-only PolyRidge,5,validation,2003-01-01,oil_cum,18,15,0.580249736266514,7493407.987032366,0.5778109568329046
Constant,Input-only PolyRidge,5,validation,2003-01-01,oil_cum,19,15,0.6071219780233089,8142116.504930007,0.604667710032993
Constant,Input-only PolyRidge,5,validation,2003-01-01,oil_cum,20,15,0.6335079950440086,8803073.89050639,0.6310309841256625
Constant,Input-only PolyRidge,5,validation,2003-01-01,water_cum,1,15,0.07532687335168911,34774.48169210162,-0.05251330460815392
Constant,Input-only PolyRidge,5,validation,2003-01-01,water_cum,2,15,0.06295652359834686,58942.62184407023,-0.05637713197031286
Constant,Input-only PolyRidge,5,validation,2003-01-01,water_cum,3,15,0.06801325536278854,96680.04912081873,-0.06296280885597776
Constant,Input-only PolyRidge,5,validation,2003-01-01,water_cum,4,15,0.08131462124670577,156381.64994473287,-0.0752020510613115
Constant,Input-only PolyRidge,5,validation,2003-01-01,water_cum,5,15,0.09674160303988205,235629.18947087138,-0.08912667391203916
Constant,Input-only PolyRidge,5,validation,2003-01-01,water_cum,6,15,0.11224447622216616,332633.5133213958,-0.10326043929395462
Constant,Input-only PolyRidge,5,validation,2003-01-01,water_cum,7,15,0.12714214831290782,446491.9128672193,-0.11711077881581103
Constant,Input-only PolyRidge,5,validation,2003-01-01,water_cum,8,15,0.14114473249941037,575109.0528708489,-0.13043696654657067
Constant,Input-only PolyRidge,5,validation,2003-01-01,water_cum,9,15,0.15395527510684925,714144.7855516137,-0.14286910324324995
Constant,Input-only PolyRidge,5,validation,2003-01-01,water_cum,10,15,0.16599782648130834,866696.7577549797,-0.15470435363556662
Constant,Input-only PolyRidge,5,validation,2003-01-01,water_cum,11,15,0.17725800420149576,1031878.3351119524,-0.1658901407176638
Constant,Input-only PolyRidge,5,validation,2003-01-01,water_cum,12,15,0.18764312747455486,1206901.077171558,-0.17630880189587353
Constant,Input-only PolyRidge,5,validation,2003-01-01,water_cum,13,15,0.19712357352079476,1387598.9786912745,-0.1859066142295347
Constant,Input-only PolyRidge,5,validation,2003-01-01,water_cum,14,15,0.20626344403767416,1580987.1556162,-0.19526547950776277
Constant,Input-only PolyRidge,5,validation,2003-01-01,water_cum,15,15,0.21515574134706383,1787864.3866343189,-0.20445241220639382
Constant,Input-only PolyRidge,5,validation,2003-01-01,water_cum,16,15,0.2236872273352907,2005599.1331097044,-0.21333348141518843
Constant,Input-only PolyRidge,5,validation,2003-01-01,water_cum,17,15,0.23165323003549632,2228105.66235734,-0.221652352011998
Constant,Input-only PolyRidge,5,validation,2003-01-01,water_cum,18,15,0.239449198693312,2463592.1109143225,-0.229803905391259
Constant,Input-only PolyRidge,5,validation,2003-01-01,water_cum,19,15,0.24705994689439248,2711898.6144512985,-0.23776033547968134
Constant,Input-only PolyRidge,5,validation,2003-01-01,water_cum,20,15,0.2544051728236809,2970128.223824733,-0.24543027962828498
Liquid-WC-time,History-conditioned,3,train,2003-01-01,gas_cum,1,70,0.022924075177270742,8652.370887455765,0.016191658150822432
Liquid-WC-time,History-conditioned,3,train,2003-01-01,gas_cum,2,70,0.028975561763021372,21206.38031155296,0.016663249618041713
Liquid-WC-time,History-conditioned,3,train,2003-01-01,gas_cum,3,70,0.03109759729524858,33220.2906165798,0.010118940838124837
Liquid-WC-time,History-conditioned,3,train,2003-01-01,gas_cum,4,70,0.033381485261350055,46339.50739961051,-0.0034524340959797275
Liquid-WC-time,History-conditioned,3,train,2003-01-01,gas_cum,5,70,0.04139697395832138,69956.51359997611,-0.021385665228581856
Liquid-WC-time,History-conditioned,3,train,2003-01-01,gas_cum,6,70,0.05583576477719949,110415.24991780998,-0.04228127759964497
Liquid-WC-time,History-conditioned,3,train,2003-01-01,gas_cum,7,70,0.07475316386186173,168504.2200821621,-0.06531488526320481
Liquid-WC-time,History-conditioned,3,train,2003-01-01,gas_cum,8,70,0.09638556611073816,242634.39276001262,-0.08966158504616654
Liquid-WC-time,History-conditioned,3,train,2003-01-01,gas_cum,9,70,0.11861210529122852,327464.5081545661,-0.11367547765742538
Liquid-WC-time,History-conditioned,3,train,2003-01-01,gas_cum,10,70,0.1408174893537705,421170.748852397,-0.1370807645571664
Liquid-WC-time,History-conditioned,3,train,2003-01-01,gas_cum,11,70,0.163147790863907,523615.01847283443,-0.16021373613233755
Liquid-WC-time,History-conditioned,3,train,2003-01-01,gas_cum,12,70,0.18575616373689877,634831.0812138355,-0.1833182631854877
Liquid-WC-time,History-conditioned,3,train,2003-01-01,oil_cum,1,70,0.0231954884052519,24092.977509188084,0.01638603700838213
Liquid-WC-time,History-conditioned,3,train,2003-01-01,oil_cum,2,70,0.0292321439056907,58877.773340849315,0.01683122735232481
Liquid-WC-time,History-conditioned,3,train,2003-01-01,oil_cum,3,70,0.031273174424886335,91947.44570730123,0.010210448246163887
Liquid-WC-time,History-conditioned,3,train,2003-01-01,oil_cum,4,70,0.033480009173155016,127921.45331247608,-0.003402675475320581
Liquid-WC-time,History-conditioned,3,train,2003-01-01,oil_cum,5,70,0.04144880073655604,192800.41407329694,-0.021384879785061768
Liquid-WC-time,History-conditioned,3,train,2003-01-01,oil_cum,6,70,0.05589713646999427,304277.6115221942,-0.0423357050826612
Liquid-WC-time,History-conditioned,3,train,2003-01-01,oil_cum,7,70,0.07482886112850125,464333.97102932434,-0.06539754458857494
Liquid-WC-time,History-conditioned,3,train,2003-01-01,oil_cum,8,70,0.09646770536946699,668517.4067369605,-0.08975831663079983
Liquid-WC-time,History-conditioned,3,train,2003-01-01,oil_cum,9,70,0.11870159159306815,902176.6986851791,-0.1137838571702988
Liquid-WC-time,History-conditioned,3,train,2003-01-01,oil_cum,10,70,0.14091137011421928,1160255.552632312,-0.13719414232833702
Liquid-WC-time,History-conditioned,3,train,2003-01-01,oil_cum,11,70,0.1632363395814332,1442284.8137471431,-0.16031624832162422
Liquid-WC-time,History-conditioned,3,train,2003-01-01,oil_cum,12,70,0.18583699701287296,1748411.8465116618,-0.18340421939721985
Liquid-WC-time,History-conditioned,3,train,2003-01-01,water_cum,1,70,0.04234049569086442,20675.51030433387,0.038700935620432704
Liquid-WC-time,History-conditioned,3,train,2003-01-01,water_cum,2,70,0.10816375299638847,107002.86278780899,0.10360078286990264
Liquid-WC-time,History-conditioned,3,train,2003-01-01,water_cum,3,70,0.17938796572242405,269032.3744846623,0.1742893374162218
Liquid-WC-time,History-conditioned,3,train,2003-01-01,water_cum,4,70,0.24634400024704128,498780.276092203,0.2411668911129392
Liquid-WC-time,History-conditioned,3,train,2003-01-01,water_cum,5,70,0.31035282289077054,793957.6091869056,0.30547162876201117
Liquid-WC-time,History-conditioned,3,train,2003-01-01,water_cum,6,70,0.37276075217584026,1157363.7223167764,0.3683816949975644
Liquid-WC-time,History-conditioned,3,train,2003-01-01,water_cum,7,70,0.4337174262195866,1592055.621476299,0.42994411978346214
Liquid-WC-time,History-conditioned,3,train,2003-01-01,water_cum,8,70,0.49167924592716006,2089951.4512958582,0.48850531153790483
Liquid-WC-time,History-conditioned,3,train,2003-01-01,water_cum,9,70,0.5450349026034833,2633283.784745945,0.5423724350474937
Liquid-WC-time,History-conditioned,3,train,2003-01-01,water_cum,10,70,0.5955371730566708,3234330.8540541832,0.5932811816898984
Liquid-WC-time,History-conditioned,3,train,2003-01-01,water_cum,11,70,0.6429351450607483,3888970.6578924297,0.6409673552595397
Liquid-WC-time,History-conditioned,3,train,2003-01-01,water_cum,12,70,0.6865513676028746,4584521.960233302,0.6847510401960308
Liquid-WC-time,History-conditioned,3,train,2004-01-01,gas_cum,1,70,0.009643256501367183,2909.5923261568846,0.007801836050664402
Liquid-WC-time,History-conditioned,3,train,2004-01-01,gas_cum,2,70,0.009094674669201741,5359.836314796515,0.0006399735377080861
Liquid-WC-time,History-conditioned,3,train,2004-01-01,gas_cum,3,70,0.013980783450266472,12107.211139342138,-0.006961334379132468
Liquid-WC-time,History-conditioned,3,train,2004-01-01,gas_cum,4,70,0.021362917017741918,24122.858850509052,-0.01534010314784516
Liquid-WC-time,History-conditioned,3,train,2004-01-01,gas_cum,5,70,0.0289344142028206,39717.81619413465,-0.023108191476525212
Liquid-WC-time,History-conditioned,3,train,2004-01-01,gas_cum,6,70,0.03562334447633999,57097.531323460986,-0.02943125417011978
Liquid-WC-time,History-conditioned,3,train,2004-01-01,gas_cum,7,70,0.04261278542133624,77615.4047147305,-0.035968082887410435
Liquid-WC-time,History-conditioned,3,train,2004-01-01,gas_cum,8,70,0.051100320547949545,103711.5043340106,-0.04417596757529379
Liquid-WC-time,History-conditioned,3,train,2004-01-01,gas_cum,9,70,0.061336646650635165,136524.38880773025,-0.054338463320450225
Liquid-WC-time,History-conditioned,3,train,2004-01-01,gas_cum,10,70,0.07377520164715218,178458.76075563565,-0.06683422807523245
Liquid-WC-time,History-conditioned,3,train,2004-01-01,gas_cum,11,70,0.08817901211931317,230122.54849547168,-0.08133422974317872
Liquid-WC-time,History-conditioned,3,train,2004-01-01,gas_cum,12,70,0.10382543074141386,290279.8029920613,-0.09705029544621661
Liquid-WC-time,History-conditioned,3,train,2004-01-01,oil_cum,1,70,0.00949669466049933,7889.155895969563,0.007639360481262019
Liquid-WC-time,History-conditioned,3,train,2004-01-01,oil_cum,2,70,0.009078617504704513,14732.315492855389,0.0003949468974009344
Liquid-WC-time,History-conditioned,3,train,2004-01-01,oil_cum,3,70,0.014119989066869482,33669.54495488646,-0.007207368480859029
Liquid-WC-time,History-conditioned,3,train,2004-01-01,oil_cum,4,70,0.02155118965422578,67008.08758097695,-0.015573485164211956
Liquid-WC-time,History-conditioned,3,train,2004-01-01,oil_cum,5,70,0.02913930023497545,110138.57036722136,-0.02333935826409515
Liquid-WC-time,History-conditioned,3,train,2004-01-01,oil_cum,6,70,0.03582822102522682,158123.47795816817,-0.02965473493573927
Liquid-WC-time,History-conditioned,3,train,2004-01-01,oil_cum,7,70,0.04279888242197922,214641.82950154386,-0.036157376519889116
Liquid-WC-time,History-conditioned,3,train,2004-01-01,oil_cum,8,70,0.05125856329738645,286434.486247256,-0.04432470013335835
Liquid-WC-time,History-conditioned,3,train,2004-01-01,oil_cum,9,70,0.061471777112820966,376711.89107637206,-0.05446000773336531
Liquid-WC-time,History-conditioned,3,train,2004-01-01,oil_cum,10,70,0.0739085162377332,492226.33590514393,-0.06695214453016253
Liquid-WC-time,History-conditioned,3,train,2004-01-01,oil_cum,11,70,0.08832809468440307,634663.1983250027,-0.08146391709349574
Liquid-WC-time,History-conditioned,3,train,2004-01-01,oil_cum,12,70,0.10398159235103697,800425.8727280071,-0.09718014903949618
Liquid-WC-time,History-conditioned,3,train,2004-01-01,water_cum,1,70,0.017165277753791407,9166.277624416187,0.0145868790621746
Liquid-WC-time,History-conditioned,3,train,2004-01-01,water_cum,2,70,0.03470291831223579,37518.98557892439,0.031661265623207764
Liquid-WC-time,History-conditioned,3,train,2004-01-01,water_cum,3,70,0.05204364538100905,85745.78833824325,0.04866792598941397
Liquid-WC-time,History-conditioned,3,train,2004-01-01,water_cum,4,70,0.06850376673181141,152626.9335565647,0.0648962383339574
Liquid-WC-time,History-conditioned,3,train,2004-01-01,water_cum,5,70,0.08389840667094056,235689.8391163719,0.0800922454710413
Liquid-WC-time,History-conditioned,3,train,2004-01-01,water_cum,6,70,0.09906748553140267,337739.9515653038,0.09504811715944014
Liquid-WC-time,History-conditioned,3,train,2004-01-01,water_cum,7,70,0.11401891489873993,459198.37770656025,0.10975381831015361
Liquid-WC-time,History-conditioned,3,train,2004-01-01,water_cum,8,70,0.1285070679176861,598398.5789262117,0.12394803571648537
Liquid-WC-time,History-conditioned,3,train,2004-01-01,water_cum,9,70,0.14205262893216544,750369.997693969,0.13716440831981397
Liquid-WC-time,History-conditioned,3,train,2004-01-01,water_cum,10,70,0.15472641277565416,917004.7570873187,0.14945259105158837
Liquid-WC-time,History-conditioned,3,train,2004-01-01,water_cum,11,70,0.16645211874608518,1096865.354469914,0.16073529873556616
Liquid-WC-time,History-conditioned,3,train,2004-01-01,water_cum,12,70,0.17716143426109845,1286858.4587103042,0.1709471796450233
Liquid-WC-time,History-conditioned,3,train,2005-01-01,gas_cum,1,70,0.019786702599366972,4818.430532178535,0.019303029773759736
Liquid-WC-time,History-conditioned,3,train,2005-01-01,gas_cum,2,70,0.023988654089180984,11363.334365089831,0.022566436308058366
Liquid-WC-time,History-conditioned,3,train,2005-01-01,gas_cum,3,70,0.02649780015657033,18346.25076783756,0.02326336266028236
Liquid-WC-time,History-conditioned,3,train,2005-01-01,gas_cum,4,70,0.026223504399342356,23617.260315968815,0.01960025761819708
Liquid-WC-time,History-conditioned,3,train,2005-01-01,gas_cum,5,70,0.025201882001321094,27645.600385532616,0.012002418049207415
Liquid-WC-time,History-conditioned,3,train,2005-01-01,gas_cum,6,70,0.02702974551134805,34873.78190029524,0.0007662021813607672
Liquid-WC-time,History-conditioned,3,train,2005-01-01,gas_cum,7,70,0.034525197828172594,51134.22254442744,-0.013195011579150024
Liquid-WC-time,History-conditioned,3,train,2005-01-01,gas_cum,8,70,0.046539413040145854,77594.91464653888,-0.028576213893207365
Liquid-WC-time,History-conditioned,3,train,2005-01-01,gas_cum,9,70,0.060703845153637866,112000.48430774163,-0.04442341870129958
Liquid-WC-time,History-conditioned,3,train,2005-01-01,gas_cum,10,70,0.07634639085094666,154251.77724279198,-0.06091932634342852
Liquid-WC-time,History-conditioned,3,train,2005-01-01,gas_cum,11,70,0.09285987623685114,203682.09533978635,-0.07784772831539691
Liquid-WC-time,History-conditioned,3,train,2005-01-01,gas_cum,12,70,0.1096813162028969,259086.90990753195,-0.09483753921627491
Liquid-WC-time,History-conditioned,3,train,2005-01-01,oil_cum,1,70,0.019564206750821607,13118.771605268601,0.019117821431027773
Liquid-WC-time,History-conditioned,3,train,2005-01-01,oil_cum,2,70,0.02383540099976378,31089.42719767286,0.02240128045699869
Liquid-WC-time,History-conditioned,3,train,2005-01-01,oil_cum,3,70,0.02645729083804692,50435.24201205726,0.023184039640713302
Liquid-WC-time,History-conditioned,3,train,2005-01-01,oil_cum,4,70,0.026267412806604946,65128.45000759043,0.019599302007150623
Liquid-WC-time,History-conditioned,3,train,2005-01-01,oil_cum,5,70,0.025275353037279315,76328.55770691838,0.012038504333347872
Liquid-WC-time,History-conditioned,3,train,2005-01-01,oil_cum,6,70,0.027111868134762847,96298.43964965257,0.0007887765652975376
Liquid-WC-time,History-conditioned,3,train,2005-01-01,oil_cum,7,70,0.03463496950128601,141225.00831921233,-0.013211466376296298
Liquid-WC-time,History-conditioned,3,train,2005-01-01,oil_cum,8,70,0.04664893209647443,214131.38667338164,-0.028604954658267068
Liquid-WC-time,History-conditioned,3,train,2005-01-01,oil_cum,9,70,0.06079038884448933,308786.7006797603,-0.044441905376689864
Liquid-WC-time,History-conditioned,3,train,2005-01-01,oil_cum,10,70,0.07640787438192477,425002.4878486741,-0.060923940377436744
Liquid-WC-time,History-conditioned,3,train,2005-01-01,oil_cum,11,70,0.0929029914381843,560995.8168200337,-0.07784188637408647
Liquid-WC-time,History-conditioned,3,train,2005-01-01,oil_cum,12,70,0.10971302514501459,713464.7173558186,-0.0948268337382305
Liquid-WC-time,History-conditioned,3,train,2005-01-01,water_cum,1,70,0.005801229285500502,3372.162929492746,-0.0023920544524168143
Liquid-WC-time,History-conditioned,3,train,2005-01-01,water_cum,2,70,0.009725368563120552,11488.671456900269,0.0007408852876659386
Liquid-WC-time,History-conditioned,3,train,2005-01-01,water_cum,3,70,0.015075822155603883,27129.89563384457,0.00399947539752469
Liquid-WC-time,History-conditioned,3,train,2005-01-01,water_cum,4,70,0.020735497003561823,50361.68664131319,0.007204729554998437
Liquid-WC-time,History-conditioned,3,train,2005-01-01,water_cum,5,70,0.026173197492449694,79948.76870361266,0.010083798709702347
Liquid-WC-time,History-conditioned,3,train,2005-01-01,water_cum,6,70,0.031265681889659544,115649.4640160444,0.012257834611864155
Liquid-WC-time,History-conditioned,3,train,2005-01-01,water_cum,7,70,0.03600908702339873,157072.31163588798,0.013795501146692488
Liquid-WC-time,History-conditioned,3,train,2005-01-01,water_cum,8,70,0.040464768108963836,203786.25163548847,0.014844539282908855
Liquid-WC-time,History-conditioned,3,train,2005-01-01,water_cum,9,70,0.04457637665258087,254322.10190970247,0.015529120722286604
Liquid-WC-time,History-conditioned,3,train,2005-01-01,water_cum,10,70,0.04842432234364542,309568.23932291026,0.015619672717352796
Liquid-WC-time,History-conditioned,3,train,2005-01-01,water_cum,11,70,0.05203598445051067,369376.8064908698,0.015182336379806155
Liquid-WC-time,History-conditioned,3,train,2005-01-01,water_cum,12,70,0.055389617273614224,432826.3565266269,0.014274645137987553
Liquid-WC-time,History-conditioned,3,validation,2003-01-01,gas_cum,1,15,0.021873348025446156,8508.19559845111,0.015317702428053304
Liquid-WC-time,History-conditioned,3,validation,2003-01-01,gas_cum,2,15,0.02710562363674074,20459.288157571,0.01659324406398903
Liquid-WC-time,History-conditioned,3,validation,2003-01-01,gas_cum,3,15,0.02836414143522419,31264.088281322027,0.010921647815163278
Liquid-WC-time,History-conditioned,3,validation,2003-01-01,gas_cum,4,15,0.029626414360970972,42445.35308257975,-0.001763610927262153
Liquid-WC-time,History-conditioned,3,validation,2003-01-01,gas_cum,5,15,0.036876110461851186,64317.222438441866,-0.0188667668731583
Liquid-WC-time,History-conditioned,3,validation,2003-01-01,gas_cum,6,15,0.050836126867808,103738.59198716354,-0.03897289794106141
Liquid-WC-time,History-conditioned,3,validation,2003-01-01,gas_cum,7,15,0.0694668340944027,161553.27454358587,-0.061402366581720304
Liquid-WC-time,History-conditioned,3,validation,2003-01-01,gas_cum,8,15,0.09097297095067845,236214.34916435982,-0.08535162276544109
Liquid-WC-time,History-conditioned,3,validation,2003-01-01,gas_cum,9,15,0.11332380852472886,322679.4437076093,-0.10928892199848618
Liquid-WC-time,History-conditioned,3,validation,2003-01-01,gas_cum,10,15,0.13588269579027973,419191.70926917595,-0.1328973051624609
Liquid-WC-time,History-conditioned,3,validation,2003-01-01,gas_cum,11,15,0.15874414258390462,525607.4294015509,-0.1564407871104614
Liquid-WC-time,History-conditioned,3,validation,2003-01-01,gas_cum,12,15,0.1819929328554615,641841.1981833184,-0.18008404028173247
Liquid-WC-time,History-conditioned,3,validation,2003-01-01,oil_cum,1,15,0.0224612532674319,24035.535303196328,0.015823565707591532
Liquid-WC-time,History-conditioned,3,validation,2003-01-01,oil_cum,2,15,0.02792321050227899,57971.74447923467,0.017274357957542553
Liquid-WC-time,History-conditioned,3,validation,2003-01-01,oil_cum,3,15,0.029023129762199517,88002.75107057107,0.011487797994528351
Liquid-WC-time,History-conditioned,3,validation,2003-01-01,oil_cum,4,15,0.029936767121180177,118010.33959184599,-0.0013888803047332663
Liquid-WC-time,History-conditioned,3,validation,2003-01-01,oil_cum,5,15,0.03691967140224067,177206.4189043113,-0.018653087080902967
Liquid-WC-time,History-conditioned,3,validation,2003-01-01,oil_cum,6,15,0.05088966324183022,285838.6958244281,-0.038941194840100404
Liquid-WC-time,History-conditioned,3,validation,2003-01-01,oil_cum,7,15,0.06964282819509013,445892.91169660614,-0.06156326376499689
Liquid-WC-time,History-conditioned,3,validation,2003-01-01,oil_cum,8,15,0.09120650520818852,652042.943501105,-0.08558728143313113
Liquid-WC-time,History-conditioned,3,validation,2003-01-01,oil_cum,9,15,0.11356292073303617,890336.6401568048,-0.10953501999108628
Liquid-WC-time,History-conditioned,3,validation,2003-01-01,oil_cum,10,15,0.1361052380259771,1156086.6603726249,-0.13312984849128057
Liquid-WC-time,History-conditioned,3,validation,2003-01-01,oil_cum,11,15,0.1589409424682418,1448953.8837396952,-0.15664104554799868
Liquid-WC-time,History-conditioned,3,validation,2003-01-01,oil_cum,12,15,0.18217097768693036,1768872.666301104,-0.18025794740836013
Liquid-WC-time,History-conditioned,3,validation,2003-01-01,water_cum,1,15,0.04297935425037932,19841.322240207533,0.040349368711608664
Liquid-WC-time,History-conditioned,3,validation,2003-01-01,water_cum,2,15,0.11074665299365899,103685.80910768581,0.10748070974396624
Liquid-WC-time,History-conditioned,3,validation,2003-01-01,water_cum,3,15,0.1840404694827225,261611.38053014138,0.1803089088196798
Liquid-WC-time,History-conditioned,3,validation,2003-01-01,water_cum,4,15,0.2528232638894917,486221.52505018323,0.24892159131190586
Liquid-WC-time,History-conditioned,3,validation,2003-01-01,water_cum,5,15,0.3184934425211154,775740.2126373684,0.3147919331574245
Liquid-WC-time,History-conditioned,3,validation,2003-01-01,water_cum,6,15,0.38251042264116236,1133559.44138706,0.3792413416144644
Liquid-WC-time,History-conditioned,3,validation,2003-01-01,water_cum,7,15,0.4454249044981921,1564222.5673160625,0.4426977589330739
Liquid-WC-time,History-conditioned,3,validation,2003-01-01,water_cum,8,15,0.5058090486539129,2060972.1507394703,0.5036059731324445
Liquid-WC-time,History-conditioned,3,validation,2003-01-01,water_cum,9,15,0.561933610495318,2606613.884992951,0.5601558679453438
Liquid-WC-time,History-conditioned,3,validation,2003-01-01,water_cum,10,15,0.6154638300772676,3213418.6172822793,0.6140044282042354
Liquid-WC-time,History-conditioned,3,validation,2003-01-01,water_cum,11,15,0.6660406331616059,3877246.067164673,0.6647848555693193
Liquid-WC-time,History-conditioned,3,validation,2003-01-01,water_cum,12,15,0.7128958360910969,4585271.861907845,0.7117308289478361
Liquid-WC-time,History-conditioned,3,validation,2004-01-01,gas_cum,1,15,0.01251170518810044,3896.990029849857,0.010271679841423211
Liquid-WC-time,History-conditioned,3,validation,2004-01-01,gas_cum,2,15,0.011929072490794928,7252.639931505111,0.004914039439802761
Liquid-WC-time,History-conditioned,3,validation,2004-01-01,gas_cum,3,15,0.013871132184577266,12386.346344093185,-0.0010852657370980395
Liquid-WC-time,History-conditioned,3,validation,2004-01-01,gas_cum,4,15,0.01809217416142416,21057.1924900571,-0.00798870057251421
Liquid-WC-time,History-conditioned,3,validation,2004-01-01,gas_cum,5,15,0.02335806883347591,33046.376258796314,-0.014701427315984486
Liquid-WC-time,History-conditioned,3,validation,2004-01-01,gas_cum,6,15,0.02841372368806098,46948.90457512318,-0.020281282357669544
Liquid-WC-time,History-conditioned,3,validation,2004-01-01,gas_cum,7,15,0.033993079976413355,63853.88305413182,-0.026296070282554807
Liquid-WC-time,History-conditioned,3,validation,2004-01-01,gas_cum,8,15,0.041199619429969664,86279.05605865373,-0.03414577941825154
Liquid-WC-time,History-conditioned,3,validation,2004-01-01,gas_cum,9,15,0.05034259004865543,115679.96790628678,-0.044044640546689946
Liquid-WC-time,History-conditioned,3,validation,2004-01-01,gas_cum,10,15,0.06193236444087672,154740.00206045512,-0.056338363835627285
Liquid-WC-time,History-conditioned,3,validation,2004-01-01,gas_cum,11,15,0.07569337912645763,204131.09353597506,-0.07064137271268457
Liquid-WC-time,History-conditioned,3,validation,2004-01-01,gas_cum,12,15,0.09092843324092165,262825.61443567683,-0.08622650064567422
Liquid-WC-time,History-conditioned,3,validation,2004-01-01,oil_cum,1,15,0.012094887765349775,10375.252946181994,0.00979125840577325
Liquid-WC-time,History-conditioned,3,validation,2004-01-01,oil_cum,2,15,0.011857428946179858,19859.977145902885,0.004167924137037849
Liquid-WC-time,History-conditioned,3,validation,2004-01-01,oil_cum,3,15,0.014357631904255154,35329.2098939552,-0.0021021150177690253
Liquid-WC-time,History-conditioned,3,validation,2004-01-01,oil_cum,4,15,0.01885945710073875,60486.029967918614,-0.008988084289056899
Liquid-WC-time,History-conditioned,3,validation,2004-01-01,oil_cum,5,15,0.024150819973519626,94144.15505080154,-0.01559657795443823
Liquid-WC-time,History-conditioned,3,validation,2004-01-01,oil_cum,6,15,0.029129368882604662,132604.35110999315,-0.021065630221317855
Liquid-WC-time,History-conditioned,3,validation,2004-01-01,oil_cum,7,15,0.034627826483658294,179183.80092933128,-0.026958784646049408
Liquid-WC-time,History-conditioned,3,validation,2004-01-01,oil_cum,8,15,0.04178797503535084,241045.81262693668,-0.034716300196942995
Liquid-WC-time,History-conditioned,3,validation,2004-01-01,oil_cum,9,15,0.05089205922612873,322091.9030358112,-0.04454812924310043
Liquid-WC-time,History-conditioned,3,validation,2004-01-01,oil_cum,10,15,0.06244333741926357,429696.04577123374,-0.05679860575332241
Liquid-WC-time,History-conditioned,3,validation,2004-01-01,oil_cum,11,15,0.07618321563936664,565846.1151946551,-0.07108516016866631
Liquid-WC-time,History-conditioned,3,validation,2004-01-01,oil_cum,12,15,0.09139175631285998,727534.0311758774,-0.08664023713815082
Liquid-WC-time,History-conditioned,3,validation,2004-01-01,water_cum,1,15,0.016298340421252965,8363.079497139495,0.011234407641088911
Liquid-WC-time,History-conditioned,3,validation,2004-01-01,water_cum,2,15,0.031856782953837565,33184.248045868466,0.026563815316552105
Liquid-WC-time,History-conditioned,3,validation,2004-01-01,water_cum,3,15,0.04792044329662323,76227.00711887401,0.04255002538778864
Liquid-WC-time,History-conditioned,3,validation,2004-01-01,water_cum,4,15,0.0637825684410774,137404.91714701834,0.05844592893081328
Liquid-WC-time,History-conditioned,3,validation,2004-01-01,water_cum,5,15,0.07910386895213828,215081.28147040508,0.07385809803715603
Liquid-WC-time,History-conditioned,3,validation,2004-01-01,water_cum,6,15,0.09453984645719037,312177.02399884874,0.08940451843150495
Liquid-WC-time,History-conditioned,3,validation,2004-01-01,water_cum,7,15,0.11005747912043391,429535.45899308793,0.10501605228003105
Liquid-WC-time,History-conditioned,3,validation,2004-01-01,water_cum,8,15,0.1253953716857611,566019.9569142276,0.12041283937937963
Liquid-WC-time,History-conditioned,3,validation,2004-01-01,water_cum,9,15,0.13991415595212903,716591.1561535231,0.13494522066388143
Liquid-WC-time,History-conditioned,3,validation,2004-01-01,water_cum,10,15,0.15366789481762896,883235.2018009401,0.14861035244286222
Liquid-WC-time,History-conditioned,3,validation,2004-01-01,water_cum,11,15,0.16649639230835106,1064372.96879351,0.16122827966689682
Liquid-WC-time,History-conditioned,3,validation,2004-01-01,water_cum,12,15,0.17829567565860516,1256900.6404697034,0.17270109411575607
Liquid-WC-time,History-conditioned,3,validation,2005-01-01,gas_cum,1,15,0.019100201567310307,4792.331447834229,0.018617079413117642
Liquid-WC-time,History-conditioned,3,validation,2005-01-01,gas_cum,2,15,0.022305604450874535,10896.11889124115,0.021014994079631623
Liquid-WC-time,History-conditioned,3,validation,2005-01-01,gas_cum,3,15,0.023696948621076217,16934.859278341566,0.020764493090248314
Liquid-WC-time,History-conditioned,3,validation,2005-01-01,gas_cum,4,15,0.022665671939693256,21088.94932062822,0.016160966814268967
Liquid-WC-time,History-conditioned,3,validation,2005-01-01,gas_cum,5,15,0.021898685175071077,24837.20289945481,0.007755062121924229
Liquid-WC-time,History-conditioned,3,validation,2005-01-01,gas_cum,6,15,0.025811081424371437,34456.28222955553,-0.004188605222866365
Liquid-WC-time,History-conditioned,3,validation,2005-01-01,gas_cum,7,15,0.03591086564519082,55062.46792766277,-0.018682978259916858
Liquid-WC-time,History-conditioned,3,validation,2005-01-01,gas_cum,8,15,0.04982511889028906,86050.37149336337,-0.03456575451140758
Liquid-WC-time,History-conditioned,3,validation,2005-01-01,gas_cum,9,15,0.06531942812091876,124905.20282303558,-0.050926570034472554
Liquid-WC-time,History-conditioned,3,validation,2005-01-01,gas_cum,10,15,0.081989938173308,171785.55369171748,-0.06795752739868785
Liquid-WC-time,History-conditioned,3,validation,2005-01-01,gas_cum,11,15,0.09935481227731609,226118.20085457346,-0.08539233119144858
Liquid-WC-time,History-conditioned,3,validation,2005-01-01,gas_cum,12,15,0.11687311029184948,286584.5921916526,-0.1028119866443875
Liquid-WC-time,History-conditioned,3,validation,2005-01-01,oil_cum,1,15,0.01886244668423517,13034.331084080248,0.01844228247542152
Liquid-WC-time,History-conditioned,3,validation,2005-01-01,oil_cum,2,15,0.022221443814253845,29891.842203771957,0.020983792079238717
Liquid-WC-time,History-conditioned,3,validation,2005-01-01,oil_cum,3,15,0.023741018415070397,46712.94163418575,0.020895820496471318
Liquid-WC-time,History-conditioned,3,validation,2005-01-01,oil_cum,4,15,0.022705933195385476,58161.4144021404,0.01637175012671604
Liquid-WC-time,History-conditioned,3,validation,2005-01-01,oil_cum,5,15,0.021834238970099396,68173.17738755984,0.00799991870565882
Liquid-WC-time,History-conditioned,3,validation,2005-01-01,oil_cum,6,15,0.02561913800372429,94149.53159285655,-0.003948808998679229
Liquid-WC-time,History-conditioned,3,validation,2005-01-01,oil_cum,7,15,0.03572006704900808,150783.82270959875,-0.018487965632790336
Liquid-WC-time,History-conditioned,3,validation,2005-01-01,oil_cum,8,15,0.04965180428041522,236078.23259688786,-0.03437865652995524
Liquid-WC-time,History-conditioned,3,validation,2005-01-01,oil_cum,9,15,0.06512361001814321,342830.44120798755,-0.05071606011410909
Liquid-WC-time,History-conditioned,3,validation,2005-01-01,oil_cum,10,15,0.08177357832346793,471660.98088586325,-0.06773012422400825
Liquid-WC-time,History-conditioned,3,validation,2005-01-01,oil_cum,11,15,0.099137519753207,621116.5146930979,-0.08516777645712797
Liquid-WC-time,History-conditioned,3,validation,2005-01-01,oil_cum,12,15,0.11666015907711867,787498.7919075867,-0.10259656298895345
Liquid-WC-time,History-conditioned,3,validation,2005-01-01,water_cum,1,15,0.00512444278120906,2894.2836787499537,-0.0015381153811592544
Liquid-WC-time,History-conditioned,3,validation,2005-01-01,water_cum,2,15,0.00933997497447635,10722.261833918908,0.002774586131461461
Liquid-WC-time,History-conditioned,3,validation,2005-01-01,water_cum,3,15,0.015181933571800046,26551.008542847394,0.0073597916501710586
Liquid-WC-time,History-conditioned,3,validation,2005-01-01,water_cum,4,15,0.02153407214396076,50820.34987077964,0.012068100238152963
Liquid-WC-time,History-conditioned,3,validation,2005-01-01,water_cum,5,15,0.027709950788802756,82238.62498593148,0.016378999628433467
Liquid-WC-time,History-conditioned,3,validation,2005-01-01,water_cum,6,15,0.03363380713237962,120877.90276644976,0.019889493536096467
Liquid-WC-time,History-conditioned,3,validation,2005-01-01,water_cum,7,15,0.039191143867367786,166134.3040723481,0.022580461035333756
Liquid-WC-time,History-conditioned,3,validation,2005-01-01,water_cum,8,15,0.04443233597287954,217535.65001406742,0.024615071709507927
Liquid-WC-time,History-conditioned,3,validation,2005-01-01,water_cum,9,15,0.049290363657907024,273482.02465421805,0.02620922120589058
Liquid-WC-time,History-conditioned,3,validation,2005-01-01,water_cum,10,15,0.05376108343217634,334339.0584637915,0.027207541704668044
Liquid-WC-time,History-conditioned,3,validation,2005-01-01,water_cum,11,15,0.05787210547891138,399743.9225374519,0.027678785627771284
Liquid-WC-time,History-conditioned,3,validation,2005-01-01,water_cum,12,15,0.061595733748476,468482.40381148295,0.027645787052555732
Liquid-WC-time,History-conditioned,5,train,2003-01-01,gas_cum,1,70,0.022924075177270742,8652.370887455765,0.016191658150822432
Liquid-WC-time,History-conditioned,5,train,2003-01-01,gas_cum,2,70,0.028975561763021372,21206.38031155296,0.016663249618041713
Liquid-WC-time,History-conditioned,5,train,2003-01-01,gas_cum,3,70,0.03109759729524858,33220.2906165798,0.010118940838124837
Liquid-WC-time,History-conditioned,5,train,2003-01-01,gas_cum,4,70,0.033381485261350055,46339.50739961051,-0.0034524340959797275
Liquid-WC-time,History-conditioned,5,train,2003-01-01,gas_cum,5,70,0.04139697395832138,69956.51359997611,-0.021385665228581856
Liquid-WC-time,History-conditioned,5,train,2003-01-01,gas_cum,6,70,0.05583576477719949,110415.24991780998,-0.04228127759964497
Liquid-WC-time,History-conditioned,5,train,2003-01-01,gas_cum,7,70,0.07475316386186173,168504.2200821621,-0.06531488526320481
Liquid-WC-time,History-conditioned,5,train,2003-01-01,gas_cum,8,70,0.09638556611073816,242634.39276001262,-0.08966158504616654
Liquid-WC-time,History-conditioned,5,train,2003-01-01,gas_cum,9,70,0.11861210529122852,327464.5081545661,-0.11367547765742538
Liquid-WC-time,History-conditioned,5,train,2003-01-01,gas_cum,10,70,0.1408174893537705,421170.748852397,-0.1370807645571664
Liquid-WC-time,History-conditioned,5,train,2003-01-01,gas_cum,11,70,0.163147790863907,523615.01847283443,-0.16021373613233755
Liquid-WC-time,History-conditioned,5,train,2003-01-01,gas_cum,12,70,0.18575616373689877,634831.0812138355,-0.1833182631854877
Liquid-WC-time,History-conditioned,5,train,2003-01-01,gas_cum,13,70,0.20819630484007673,752367.2959474863,-0.20601088188581196
Liquid-WC-time,History-conditioned,5,train,2003-01-01,gas_cum,14,70,0.2311055482118167,879772.6455480221,-0.22899169024478128
Liquid-WC-time,History-conditioned,5,train,2003-01-01,gas_cum,15,70,0.25417852104667776,1016076.3215878066,-0.25199617054722423
Liquid-WC-time,History-conditioned,5,train,2003-01-01,gas_cum,16,70,0.2767541385686409,1157811.3619338805,-0.2743985535317027
Liquid-WC-time,History-conditioned,5,train,2003-01-01,gas_cum,17,70,0.298115604771947,1300112.5905578223,-0.2955189701155567
Liquid-WC-time,History-conditioned,5,train,2003-01-01,gas_cum,18,70,0.31884125199397473,1446365.2850049904,-0.3159507685386994
Liquid-WC-time,History-conditioned,5,train,2003-01-01,gas_cum,19,70,0.3388156475730088,1595537.284272809,-0.3355951273764254
Liquid-WC-time,History-conditioned,5,train,2003-01-01,gas_cum,20,70,0.3577555128340704,1745037.4134613741,-0.35418732761836647
Liquid-WC-time,History-conditioned,5,train,2003-01-01,oil_cum,1,70,0.0231954884052519,24092.977509188084,0.01638603700838213
Liquid-WC-time,History-conditioned,5,train,2003-01-01,oil_cum,2,70,0.0292321439056907,58877.773340849315,0.01683122735232481
Liquid-WC-time,History-conditioned,5,train,2003-01-01,oil_cum,3,70,0.031273174424886335,91947.44570730123,0.010210448246163887
Liquid-WC-time,History-conditioned,5,train,2003-01-01,oil_cum,4,70,0.033480009173155016,127921.45331247608,-0.003402675475320581
Liquid-WC-time,History-conditioned,5,train,2003-01-01,oil_cum,5,70,0.04144880073655604,192800.41407329694,-0.021384879785061768
Liquid-WC-time,History-conditioned,5,train,2003-01-01,oil_cum,6,70,0.05589713646999427,304277.6115221942,-0.0423357050826612
Liquid-WC-time,History-conditioned,5,train,2003-01-01,oil_cum,7,70,0.07482886112850125,464333.97102932434,-0.06539754458857494
Liquid-WC-time,History-conditioned,5,train,2003-01-01,oil_cum,8,70,0.09646770536946699,668517.4067369605,-0.08975831663079983
Liquid-WC-time,History-conditioned,5,train,2003-01-01,oil_cum,9,70,0.11870159159306815,902176.6986851791,-0.1137838571702988
Liquid-WC-time,History-conditioned,5,train,2003-01-01,oil_cum,10,70,0.14091137011421928,1160255.552632312,-0.13719414232833702
Liquid-WC-time,History-conditioned,5,train,2003-01-01,oil_cum,11,70,0.1632363395814332,1442284.8137471431,-0.16031624832162422
Liquid-WC-time,History-conditioned,5,train,2003-01-01,oil_cum,12,70,0.18583699701287296,1748411.8465116618,-0.18340421939721985
Liquid-WC-time,History-conditioned,5,train,2003-01-01,oil_cum,13,70,0.20827441827122728,2071977.55353675,-0.20608532916779923
Liquid-WC-time,History-conditioned,5,train,2003-01-01,oil_cum,14,70,0.2311906315979397,2422840.078661809,-0.22906582758541216
Liquid-WC-time,History-conditioned,5,train,2003-01-01,oil_cum,15,70,0.25427715538009926,2798313.813880592,-0.2520775928813199
Liquid-WC-time,History-conditioned,5,train,2003-01-01,oil_cum,16,70,0.27685795258819096,3188636.9344558925,-0.27448115534537904
Liquid-WC-time,History-conditioned,5,train,2003-01-01,oil_cum,17,70,0.2982159872035207,3580385.650373333,-0.2955964760824827
Liquid-WC-time,History-conditioned,5,train,2003-01-01,oil_cum,18,70,0.3189354472967755,3982959.8347395738,-0.31602188876333664
Liquid-WC-time,History-conditioned,5,train,2003-01-01,oil_cum,19,70,0.3389039264631412,4393566.333589058,-0.33566074518268846
Liquid-WC-time,History-conditioned,5,train,2003-01-01,oil_cum,20,70,0.3578395685360671,4805099.412791396,-0.35424925572781624
Liquid-WC-time,History-conditioned,5,train,2003-01-01,water_cum,1,70,0.04234049569086442,20675.51030433387,0.038700935620432704
Liquid-WC-time,History-conditioned,5,train,2003-01-01,water_cum,2,70,0.10816375299638847,107002.86278780899,0.10360078286990264
Liquid-WC-time,History-conditioned,5,train,2003-01-01,water_cum,3,70,0.17938796572242405,269032.3744846623,0.1742893374162218
Liquid-WC-time,History-conditioned,5,train,2003-01-01,water_cum,4,70,0.24634400024704128,498780.276092203,0.2411668911129392
Liquid-WC-time,History-conditioned,5,train,2003-01-01,water_cum,5,70,0.31035282289077054,793957.6091869056,0.30547162876201117
Liquid-WC-time,History-conditioned,5,train,2003-01-01,water_cum,6,70,0.37276075217584026,1157363.7223167764,0.3683816949975644
Liquid-WC-time,History-conditioned,5,train,2003-01-01,water_cum,7,70,0.4337174262195866,1592055.621476299,0.42994411978346214
Liquid-WC-time,History-conditioned,5,train,2003-01-01,water_cum,8,70,0.49167924592716006,2089951.4512958582,0.48850531153790483
Liquid-WC-time,History-conditioned,5,train,2003-01-01,water_cum,9,70,0.5450349026034833,2633283.784745945,0.5423724350474937
Liquid-WC-time,History-conditioned,5,train,2003-01-01,water_cum,10,70,0.5955371730566708,3234330.8540541832,0.5932811816898984
Liquid-WC-time,History-conditioned,5,train,2003-01-01,water_cum,11,70,0.6429351450607483,3888970.6578924297,0.6409673552595397
Liquid-WC-time,History-conditioned,5,train,2003-01-01,water_cum,12,70,0.6865513676028746,4584521.960233302,0.6847510401960308
Liquid-WC-time,History-conditioned,5,train,2003-01-01,water_cum,13,70,0.7254554308811965,5298092.666265811,0.7237172714136403
Liquid-WC-time,History-conditioned,5,train,2003-01-01,water_cum,14,70,0.7606996443864137,6045393.775433752,0.758941350230965
Liquid-WC-time,History-conditioned,5,train,2003-01-01,water_cum,15,70,0.7922724695932368,6821433.349504645,0.7904310512664385
Liquid-WC-time,History-conditioned,5,train,2003-01-01,water_cum,16,70,0.8200859145664071,7613529.366022331,0.818115358944354
Liquid-WC-time,History-conditioned,5,train,2003-01-01,water_cum,17,70,0.8440291382710124,8400409.399846433,0.8419030459152561
Liquid-WC-time,History-conditioned,5,train,2003-01-01,water_cum,18,70,0.8649525181578884,9203119.431076786,0.8626515953851129
Liquid-WC-time,History-conditioned,5,train,2003-01-01,water_cum,19,70,0.8830942309416475,10019111.928784506,0.8806086395275194
Liquid-WC-time,History-conditioned,5,train,2003-01-01,water_cum,20,70,0.8985462680901118,10837334.440555638,0.8958757309261508
Liquid-WC-time,History-conditioned,5,validation,2003-01-01,gas_cum,1,15,0.021873348025446156,8508.19559845111,0.015317702428053304
Liquid-WC-time,History-conditioned,5,validation,2003-01-01,gas_cum,2,15,0.02710562363674074,20459.288157571,0.01659324406398903
Liquid-WC-time,History-conditioned,5,validation,2003-01-01,gas_cum,3,15,0.02836414143522419,31264.088281322027,0.010921647815163278
Liquid-WC-time,History-conditioned,5,validation,2003-01-01,gas_cum,4,15,0.029626414360970972,42445.35308257975,-0.001763610927262153
Liquid-WC-time,History-conditioned,5,validation,2003-01-01,gas_cum,5,15,0.036876110461851186,64317.222438441866,-0.0188667668731583
Liquid-WC-time,History-conditioned,5,validation,2003-01-01,gas_cum,6,15,0.050836126867808,103738.59198716354,-0.03897289794106141
Liquid-WC-time,History-conditioned,5,validation,2003-01-01,gas_cum,7,15,0.0694668340944027,161553.27454358587,-0.061402366581720304
Liquid-WC-time,History-conditioned,5,validation,2003-01-01,gas_cum,8,15,0.09097297095067845,236214.34916435982,-0.08535162276544109
Liquid-WC-time,History-conditioned,5,validation,2003-01-01,gas_cum,9,15,0.11332380852472886,322679.4437076093,-0.10928892199848618
Liquid-WC-time,History-conditioned,5,validation,2003-01-01,gas_cum,10,15,0.13588269579027973,419191.70926917595,-0.1328973051624609
Liquid-WC-time,History-conditioned,5,validation,2003-01-01,gas_cum,11,15,0.15874414258390462,525607.4294015509,-0.1564407871104614
Liquid-WC-time,History-conditioned,5,validation,2003-01-01,gas_cum,12,15,0.1819929328554615,641841.1981833184,-0.18008404028173247
Liquid-WC-time,History-conditioned,5,validation,2003-01-01,gas_cum,13,15,0.2051019379090251,765108.5939514594,-0.20335236467355874
Liquid-WC-time,History-conditioned,5,validation,2003-01-01,gas_cum,14,15,0.22868287098130674,898955.3360315742,-0.22691996446684923
Liquid-WC-time,History-conditioned,5,validation,2003-01-01,gas_cum,15,15,0.2523812420919064,1042143.5226140196,-0.2504693587237441
Liquid-WC-time,History-conditioned,5,validation,2003-01-01,gas_cum,16,15,0.27554765948562493,1191147.2815441692,-0.27338689544016176
Liquid-WC-time,History-conditioned,5,validation,2003-01-01,gas_cum,17,15,0.2974547842900169,1340885.5507692276,-0.2949893375210077
Liquid-WC-time,History-conditioned,5,validation,2003-01-01,gas_cum,18,15,0.31869423228316895,1494898.032147034,-0.31588158283096707
Liquid-WC-time,History-conditioned,5,validation,2003-01-01,gas_cum,19,15,0.33913153938276736,1651980.8428695833,-0.33594614834999165
Liquid-WC-time,History-conditioned,5,validation,2003-01-01,gas_cum,20,15,0.358466753986736,1809287.4123095933,-0.3548984649816092
Liquid-WC-time,History-conditioned,5,validation,2003-01-01,oil_cum,1,15,0.0224612532674319,24035.535303196328,0.015823565707591532
Liquid-WC-time,History-conditioned,5,validation,2003-01-01,oil_cum,2,15,0.02792321050227899,57971.74447923467,0.017274357957542553
Liquid-WC-time,History-conditioned,5,validation,2003-01-01,oil_cum,3,15,0.029023129762199517,88002.75107057107,0.011487797994528351
Liquid-WC-time,History-conditioned,5,validation,2003-01-01,oil_cum,4,15,0.029936767121180177,118010.33959184599,-0.0013888803047332663
Liquid-WC-time,History-conditioned,5,validation,2003-01-01,oil_cum,5,15,0.03691967140224067,177206.4189043113,-0.018653087080902967
Liquid-WC-time,History-conditioned,5,validation,2003-01-01,oil_cum,6,15,0.05088966324183022,285838.6958244281,-0.038941194840100404
Liquid-WC-time,History-conditioned,5,validation,2003-01-01,oil_cum,7,15,0.06964282819509013,445892.91169660614,-0.06156326376499689
Liquid-WC-time,History-conditioned,5,validation,2003-01-01,oil_cum,8,15,0.09120650520818852,652042.943501105,-0.08558728143313113
Liquid-WC-time,History-conditioned,5,validation,2003-01-01,oil_cum,9,15,0.11356292073303617,890336.6401568048,-0.10953501999108628
Liquid-WC-time,History-conditioned,5,validation,2003-01-01,oil_cum,10,15,0.1361052380259771,1156086.6603726249,-0.13312984849128057
Liquid-WC-time,History-conditioned,5,validation,2003-01-01,oil_cum,11,15,0.1589409424682418,1448953.8837396952,-0.15664104554799868
Liquid-WC-time,History-conditioned,5,validation,2003-01-01,oil_cum,12,15,0.18217097768693036,1768872.666301104,-0.18025794740836013
Liquid-WC-time,History-conditioned,5,validation,2003-01-01,oil_cum,13,15,0.20526780012068313,2108196.0639028903,-0.2035070743949151
Liquid-WC-time,History-conditioned,5,validation,2003-01-01,oil_cum,14,15,0.22884544677573965,2476745.839381271,-0.22706446675292646
Liquid-WC-time,History-conditioned,5,validation,2003-01-01,oil_cum,15,15,0.25255189928083005,2871186.6958741136,-0.2506151619347415
Liquid-WC-time,History-conditioned,5,validation,2003-01-01,oil_cum,16,15,0.27571564388217285,3281486.3595386357,-0.2735253195820784
Liquid-WC-time,History-conditioned,5,validation,2003-01-01,oil_cum,17,15,0.29760845070468805,3693597.830607764,-0.29511215060092905
Liquid-WC-time,History-conditioned,5,validation,2003-01-01,oil_cum,18,15,0.31883442409162416,4117462.310972391,-0.31599096039578567
Liquid-WC-time,History-conditioned,5,validation,2003-01-01,oil_cum,19,15,0.3392645277759142,4549878.625931581,-0.3360488099132791
Liquid-WC-time,History-conditioned,5,validation,2003-01-01,oil_cum,20,15,0.35859491526572035,4982948.21934287,-0.35499721373135323
Liquid-WC-time,History-conditioned,5,validation,2003-01-01,water_cum,1,15,0.04297935425037932,19841.322240207533,0.040349368711608664
Liquid-WC-time,History-conditioned,5,validation,2003-01-01,water_cum,2,15,0.11074665299365899,103685.80910768581,0.10748070974396624
Liquid-WC-time,History-conditioned,5,validation,2003-01-01,water_cum,3,15,0.1840404694827225,261611.38053014138,0.1803089088196798
Liquid-WC-time,History-conditioned,5,validation,2003-01-01,water_cum,4,15,0.2528232638894917,486221.52505018323,0.24892159131190586
Liquid-WC-time,History-conditioned,5,validation,2003-01-01,water_cum,5,15,0.3184934425211154,775740.2126373684,0.3147919331574245
Liquid-WC-time,History-conditioned,5,validation,2003-01-01,water_cum,6,15,0.38251042264116236,1133559.44138706,0.3792413416144644
Liquid-WC-time,History-conditioned,5,validation,2003-01-01,water_cum,7,15,0.4454249044981921,1564222.5673160625,0.4426977589330739
Liquid-WC-time,History-conditioned,5,validation,2003-01-01,water_cum,8,15,0.5058090486539129,2060972.1507394703,0.5036059731324445
Liquid-WC-time,History-conditioned,5,validation,2003-01-01,water_cum,9,15,0.561933610495318,2606613.884992951,0.5601558679453438
Liquid-WC-time,History-conditioned,5,validation,2003-01-01,water_cum,10,15,0.6154638300772676,3213418.6172822793,0.6140044282042354
Liquid-WC-time,History-conditioned,5,validation,2003-01-01,water_cum,11,15,0.6660406331616059,3877246.067164673,0.6647848555693193
Liquid-WC-time,History-conditioned,5,validation,2003-01-01,water_cum,12,15,0.7128958360910969,4585271.861907845,0.7117308289478361
Liquid-WC-time,History-conditioned,5,validation,2003-01-01,water_cum,13,15,0.7548462357954064,5313539.355799905,0.753672803435129
Liquid-WC-time,History-conditioned,5,validation,2003-01-01,water_cum,14,15,0.7929090455865739,6077562.713513629,0.7916488437918293
Liquid-WC-time,History-conditioned,5,validation,2003-01-01,water_cum,15,15,0.8269406682992863,6871570.154044849,0.8255315824217738
Liquid-WC-time,History-conditioned,5,validation,2003-01-01,water_cum,16,15,0.8568084547428343,7682219.117042016,0.8552047905337232
Liquid-WC-time,History-conditioned,5,validation,2003-01-01,water_cum,17,15,0.882471142196431,8487854.663168434,0.8806510335231734
Liquid-WC-time,History-conditioned,5,validation,2003-01-01,water_cum,18,15,0.9049062174829228,9310199.535741923,0.9028544570268836
Liquid-WC-time,History-conditioned,5,validation,2003-01-01,water_cum,19,15,0.9243809128233608,10146635.85992941,0.9220921254037587
Liquid-WC-time,History-conditioned,5,validation,2003-01-01,water_cum,20,15,0.9409726533720856,10985662.770169618,0.9384511907869716
Liquid-WC-time,Input-only PolyRidge,3,train,2003-01-01,gas_cum,1,70,0.04186896090937653,15802.852488439754,0.015825563263732814
Liquid-WC-time,Input-only PolyRidge,3,train,2003-01-01,gas_cum,2,70,0.027141895203534668,19864.372493272193,0.016712804857029306
Liquid-WC-time,Input-only PolyRidge,3,train,2003-01-01,gas_cum,3,70,0.023628067991792984,25240.89812930982,0.010295722041207902
Liquid-WC-time,Input-only PolyRidge,3,train,2003-01-01,gas_cum,4,70,0.02341024655119898,32497.634086462396,-0.003226732517440038
Liquid-WC-time,Input-only PolyRidge,3,train,2003-01-01,gas_cum,5,70,0.03228286063857189,54554.62473131852,-0.02114495326899446
Liquid-WC-time,Input-only PolyRidge,3,train,2003-01-01,gas_cum,6,70,0.04868173060715747,96268.1441343086,-0.042043138187199236
Liquid-WC-time,Input-only PolyRidge,3,train,2003-01-01,gas_cum,7,70,0.06920868287001018,156006.17455436641,-0.06508959769176752
Liquid-WC-time,Input-only PolyRidge,3,train,2003-01-01,gas_cum,8,70,0.09200267989397252,231601.216542327,-0.08945520555461535
Liquid-WC-time,Input-only PolyRidge,3,train,2003-01-01,gas_cum,9,70,0.11504037775431213,317603.6765112301,-0.11349085757126517
Liquid-WC-time,Input-only PolyRidge,3,train,2003-01-01,gas_cum,10,70,0.1378431031766913,412274.66315078724,-0.13691976469237965
Liquid-WC-time,Input-only PolyRidge,3,train,2003-01-01,gas_cum,11,70,0.1606527206900681,515607.2102870927,-0.16007739708109972
Liquid-WC-time,Input-only PolyRidge,3,train,2003-01-01,gas_cum,12,70,0.18366364229472576,627679.7833894504,-0.18320672902381405
Liquid-WC-time,Input-only PolyRidge,3,train,2003-01-01,oil_cum,1,70,0.04378279276905837,45476.85407803381,0.015939693120500226
Liquid-WC-time,Input-only PolyRidge,3,train,2003-01-01,oil_cum,2,70,0.028135232068816008,56668.433967221295,0.01683924474671064
Liquid-WC-time,Input-only PolyRidge,3,train,2003-01-01,oil_cum,3,70,0.024227627381076033,71232.56574380552,0.010358661910589493
Liquid-WC-time,Input-only PolyRidge,3,train,2003-01-01,oil_cum,4,70,0.02373000876083681,90668.35054029869,-0.003199041989642266
Liquid-WC-time,Input-only PolyRidge,3,train,2003-01-01,oil_cum,5,70,0.03241541152924767,150781.31704986357,-0.02116236469944572
Liquid-WC-time,Input-only PolyRidge,3,train,2003-01-01,oil_cum,6,70,0.04877948512775319,265532.47918026405,-0.04211317430707556
Liquid-WC-time,Input-only PolyRidge,3,train,2003-01-01,oil_cum,7,70,0.06930664867128115,430067.1012619859,-0.0651859931662059
Liquid-WC-time,Input-only PolyRidge,3,train,2003-01-01,oil_cum,8,70,0.09210732091894858,638300.1138712036,-0.08956426882751933
Liquid-WC-time,Input-only PolyRidge,3,train,2003-01-01,oil_cum,9,70,0.11515715303932757,875237.6338403831,-0.11361050533969487
Liquid-WC-time,Input-only PolyRidge,3,train,2003-01-01,oil_cum,10,70,0.13796892589820411,1136027.6479772432,-0.13704356164368464
Liquid-WC-time,Input-only PolyRidge,3,train,2003-01-01,oil_cum,11,70,0.16077300623711716,1420519.8790346025,-0.16018963014983434
Liquid-WC-time,Input-only PolyRidge,3,train,2003-01-01,oil_cum,12,70,0.18377197327007352,1728983.4655473037,-0.18330182194180694
Liquid-WC-time,Input-only PolyRidge,3,train,2003-01-01,water_cum,1,70,0.07654274562331224,37376.990987808844,0.031725597762083425
Liquid-WC-time,Input-only PolyRidge,3,train,2003-01-01,water_cum,2,70,0.10720219653017363,106051.6264284294,0.10010903789948838
Liquid-WC-time,Input-only PolyRidge,3,train,2003-01-01,water_cum,3,70,0.17526788603957838,262853.3935498034,0.17202184144543636
Liquid-WC-time,Input-only PolyRidge,3,train,2003-01-01,water_cum,4,70,0.24216055754535262,490309.93095015915,0.23957032773039544
Liquid-WC-time,Input-only PolyRidge,3,train,2003-01-01,water_cum,5,70,0.3066077479693509,784376.8014367449,0.304319078778096
Liquid-WC-time,Input-only PolyRidge,3,train,2003-01-01,water_cum,6,70,0.36954185813302903,1147369.560728182,0.3675611635624006
Liquid-WC-time,Input-only PolyRidge,3,train,2003-01-01,water_cum,7,70,0.43102386611379995,1582168.3140983593,0.4293914149514674
Liquid-WC-time,Input-only PolyRidge,3,train,2003-01-01,water_cum,8,70,0.48947188992162505,2080568.775648048,0.4881750385766638
Liquid-WC-time,Input-only PolyRidge,3,train,2003-01-01,water_cum,9,70,0.5432531334179546,2624675.338053814,0.5422278701804466
Liquid-WC-time,Input-only PolyRidge,3,train,2003-01-01,water_cum,10,70,0.5941347269238147,3226714.2433641003,0.593299713284263
Liquid-WC-time,Input-only PolyRidge,3,train,2003-01-01,water_cum,11,70,0.6418654544833345,3882500.339228806,0.6411306181034088
Liquid-WC-time,Input-only PolyRidge,3,train,2003-01-01,water_cum,12,70,0.6857672653079655,4579286.031270505,0.6850423442983566
Liquid-WC-time,Input-only PolyRidge,3,train,2004-01-01,gas_cum,1,70,0.07359955279876039,22206.678210985167,0.006371677101446431
Liquid-WC-time,Input-only PolyRidge,3,train,2004-01-01,gas_cum,2,70,0.03911340530674022,23051.0114746987,-6.779462562025002e-05
Liquid-WC-time,Input-only PolyRidge,3,train,2004-01-01,gas_cum,3,70,0.02992261336523795,25912.667851738443,-0.0074340396145750305
Liquid-WC-time,Input-only PolyRidge,3,train,2004-01-01,gas_cum,4,70,0.029981460265994027,33854.858562998175,-0.015701390723370744
Liquid-WC-time,Input-only PolyRidge,3,train,2004-01-01,gas_cum,5,70,0.03427060998224324,47042.72837854531,-0.02340859146248376
Liquid-WC-time,Input-only PolyRidge,3,train,2004-01-01,gas_cum,6,70,0.03945573482350909,63240.1333477193,-0.029694700653578453
Liquid-WC-time,Input-only PolyRidge,3,train,2004-01-01,gas_cum,7,70,0.04562427357642809,83100.56297509708,-0.036208333834207955
Liquid-WC-time,Input-only PolyRidge,3,train,2004-01-01,gas_cum,8,70,0.05354932604965192,108681.9241274734,-0.04440168510512381
Liquid-WC-time,Input-only PolyRidge,3,train,2004-01-01,gas_cum,9,70,0.06337084778207012,141052.15615965275,-0.05455547834645341
Liquid-WC-time,Input-only PolyRidge,3,train,2004-01-01,gas_cum,10,70,0.07548936076137759,182605.23144541727,-0.06704629732679714
Liquid-WC-time,Input-only PolyRidge,3,train,2004-01-01,gas_cum,11,70,0.08964084316634548,233937.51849715077,-0.0815441873888558
Liquid-WC-time,Input-only PolyRidge,3,train,2004-01-01,gas_cum,12,70,0.10509415168992298,293826.9500094657,-0.09726036304787557
Liquid-WC-time,Input-only PolyRidge,3,train,2004-01-01,oil_cum,1,70,0.07660959950485441,63641.624294342735,0.006265517052093269
Liquid-WC-time,Input-only PolyRidge,3,train,2004-01-01,oil_cum,2,70,0.04067434687002035,66004.24681890795,-0.0002814450418158505
Liquid-WC-time,Input-only PolyRidge,3,train,2004-01-01,oil_cum,3,70,0.030964884517846743,73836.71236281318,-0.007657123869361866
Liquid-WC-time,Input-only PolyRidge,3,train,2004-01-01,oil_cum,4,70,0.03070107423449968,95457.38792809739,-0.015916040063120765
Liquid-WC-time,Input-only PolyRidge,3,train,2004-01-01,oil_cum,5,70,0.03479636386825287,131520.72079709763,-0.023623503288101484
Liquid-WC-time,Input-only PolyRidge,3,train,2004-01-01,oil_cum,6,70,0.039871684860042673,175968.8117833942,-0.029903588011707016
Liquid-WC-time,Input-only PolyRidge,3,train,2004-01-01,oil_cum,7,70,0.04595637470310499,230477.05419679882,-0.036384244739129414
Liquid-WC-time,Input-only PolyRidge,3,train,2004-01-01,oil_cum,8,70,0.053813625426478114,300712.2549008598,-0.04453796828226655
Liquid-WC-time,Input-only PolyRidge,3,train,2004-01-01,oil_cum,9,70,0.06358553832055132,389665.46130399936,-0.05466531413658746
Liquid-WC-time,Input-only PolyRidge,3,train,2004-01-01,oil_cum,10,70,0.07568160019155848,504034.9699066211,-0.06715313519332097
Liquid-WC-time,Input-only PolyRidge,3,train,2004-01-01,oil_cum,11,70,0.08983381222506026,645482.2193119491,-0.08166334521458732
Liquid-WC-time,Input-only PolyRidge,3,train,2004-01-01,oil_cum,12,70,0.10528390769155875,810450.7903065444,-0.09738017208408482
Liquid-WC-time,Input-only PolyRidge,3,train,2004-01-01,water_cum,1,70,0.05932925271483008,31681.887670775457,0.006692972516563196
Liquid-WC-time,Input-only PolyRidge,3,train,2004-01-01,water_cum,2,70,0.04128654368739204,44636.85800927948,0.027859362592772653
Liquid-WC-time,Input-only PolyRidge,3,train,2004-01-01,water_cum,3,70,0.05265456120579358,86752.3177352707,0.04625390255255661
Liquid-WC-time,Input-only PolyRidge,3,train,2004-01-01,water_cum,4,70,0.06822015425423548,151995.04271557988,0.06318242900404301
Liquid-WC-time,Input-only PolyRidge,3,train,2004-01-01,water_cum,5,70,0.08359262040060825,234830.81545050791,0.07879679034977921
Liquid-WC-time,Input-only PolyRidge,3,train,2004-01-01,water_cum,6,70,0.09888993081576755,337134.6336778342,0.0940404636886757
Liquid-WC-time,Input-only PolyRidge,3,train,2004-01-01,water_cum,7,70,0.11400060092286857,459124.62022503227,0.10895761631256008
Liquid-WC-time,Input-only PolyRidge,3,train,2004-01-01,water_cum,8,70,0.1286390134299171,599012.9887660292,0.12331322897794157
Liquid-WC-time,Input-only PolyRidge,3,train,2004-01-01,water_cum,9,70,0.14231196841825092,751739.9165123588,0.13665513500152732
Liquid-WC-time,Input-only PolyRidge,3,train,2004-01-01,water_cum,10,70,0.15509719752351814,919202.2576403737,0.14904745466328287
Liquid-WC-time,Input-only PolyRidge,3,train,2004-01-01,water_cum,11,70,0.16691960672795542,1099945.9483055908,0.16041831828958286
Liquid-WC-time,Input-only PolyRidge,3,train,2004-01-01,water_cum,12,70,0.1777110711069276,1290850.8898351938,0.17070526646800002
Liquid-WC-time,Input-only PolyRidge,3,train,2005-01-01,gas_cum,1,70,0.11638561063384861,28342.06341193607,0.016084667357154206
Liquid-WC-time,Input-only PolyRidge,3,train,2005-01-01,gas_cum,2,70,0.06878759037476459,32584.42039688322,0.02084139010173194
Liquid-WC-time,Input-only PolyRidge,3,train,2005-01-01,gas_cum,3,70,0.05584456779471943,38665.037804256586,0.02203270706192787
Liquid-WC-time,Input-only PolyRidge,3,train,2005-01-01,gas_cum,4,70,0.04984105152033804,44887.55851437448,0.018615054623634626
Liquid-WC-time,Input-only PolyRidge,3,train,2005-01-01,gas_cum,5,70,0.046350399115444016,50844.79847926988,0.01116251664922937
Liquid-WC-time,Input-only PolyRidge,3,train,2005-01-01,gas_cum,6,70,0.04574341218720716,59018.1575820693,2.615311170345485e-05
Liquid-WC-time,Input-only PolyRidge,3,train,2005-01-01,gas_cum,7,70,0.049622154227736456,73493.86642310457,-0.01386156778558514
Liquid-WC-time,Input-only PolyRidge,3,train,2005-01-01,gas_cum,8,70,0.05810985003684036,96886.24241655607,-0.0291866997330923
Liquid-WC-time,Input-only PolyRidge,3,train,2005-01-01,gas_cum,9,70,0.06969226175526883,128584.3927898896,-0.044990313408832715
Liquid-WC-time,Input-only PolyRidge,3,train,2005-01-01,gas_cum,10,70,0.08351155442603798,168728.41724337754,-0.061450071667188105
Liquid-WC-time,Input-only PolyRidge,3,train,2005-01-01,gas_cum,11,70,0.09874987317578296,216601.42031289535,-0.07834783997232772
Liquid-WC-time,Input-only PolyRidge,3,train,2005-01-01,gas_cum,12,70,0.11466815413335334,270866.7141106612,-0.0953115143700792
Liquid-WC-time,Input-only PolyRidge,3,train,2005-01-01,oil_cum,1,70,0.11801398027781113,79134.23085391693,0.01583828784945474
Liquid-WC-time,Input-only PolyRidge,3,train,2005-01-01,oil_cum,2,70,0.06949172605904443,90640.72209964914,0.020648220900985597
Liquid-WC-time,Input-only PolyRidge,3,train,2005-01-01,oil_cum,3,70,0.05627561214398907,107277.57937245697,0.021936391902850176
Liquid-WC-time,Input-only PolyRidge,3,train,2005-01-01,oil_cum,4,70,0.05019102292507773,124445.5840197476,0.018602620704486185
Liquid-WC-time,Input-only PolyRidge,3,train,2005-01-01,oil_cum,5,70,0.046666430249163976,140927.0647573361,0.011190415067273416
Liquid-WC-time,Input-only PolyRidge,3,train,2005-01-01,oil_cum,6,70,0.046037856187717184,163521.51366536762,4.281128151989055e-05
Liquid-WC-time,Input-only PolyRidge,3,train,2005-01-01,oil_cum,7,70,0.04991148637771877,203515.41174753636,-0.013882284864402454
Liquid-WC-time,Input-only PolyRidge,3,train,2005-01-01,oil_cum,8,70,0.05836412978019903,267907.35564906435,-0.029218495562835727
Liquid-WC-time,Input-only PolyRidge,3,train,2005-01-01,oil_cum,9,70,0.06989073883852327,355012.21598082833,-0.04501096548899372
Liquid-WC-time,Input-only PolyRidge,3,train,2005-01-01,oil_cum,10,70,0.08365654889358266,465321.6921974428,-0.061456148959422946
Liquid-WC-time,Input-only PolyRidge,3,train,2005-01-01,oil_cum,11,70,0.09885458758483767,596934.6008138339,-0.07834289532065263
Liquid-WC-time,Input-only PolyRidge,3,train,2005-01-01,oil_cum,12,70,0.11474617385707324,746195.3253990506,-0.09530124796036436
Liquid-WC-time,Input-only PolyRidge,3,train,2005-01-01,water_cum,1,70,0.07941225736324758,46161.090563510996,-0.0098476516677087
Liquid-WC-time,Input-only PolyRidge,3,train,2005-01-01,water_cum,2,70,0.04735514182954764,55941.0846739181,-0.0029384432760611325
Liquid-WC-time,Input-only PolyRidge,3,train,2005-01-01,water_cum,3,70,0.039870442692802883,71749.38374613607,0.0015734565618225897
Liquid-WC-time,Input-only PolyRidge,3,train,2005-01-01,water_cum,4,70,0.038988097680798806,94692.99712488297,0.005395643027142194
Liquid-WC-time,Input-only PolyRidge,3,train,2005-01-01,water_cum,5,70,0.04064446775180622,124152.77698905494,0.008633058190598317
Liquid-WC-time,Input-only PolyRidge,3,train,2005-01-01,water_cum,6,70,0.043341865001428684,160318.37957542663,0.011046412595206273
Liquid-WC-time,Input-only PolyRidge,3,train,2005-01-01,water_cum,7,70,0.04645593983412124,202641.67914675525,0.012753826564237436
Liquid-WC-time,Input-only PolyRidge,3,train,2005-01-01,water_cum,8,70,0.049733563017318315,250465.20371709543,0.013927138396231676
Liquid-WC-time,Input-only PolyRidge,3,train,2005-01-01,water_cum,9,70,0.05296037114888872,302155.3997867056,0.014703879486792821
Liquid-WC-time,Input-only PolyRidge,3,train,2005-01-01,water_cum,10,70,0.05610337414296754,358659.07694611396,0.014867132670746994
Liquid-WC-time,Input-only PolyRidge,3,train,2005-01-01,water_cum,11,70,0.059130925086455656,419740.15681510756,0.014488075733410813
Liquid-WC-time,Input-only PolyRidge,3,train,2005-01-01,water_cum,12,70,0.06199225053875347,484420.74984974315,0.013627258163901246
Liquid-WC-time,Input-only PolyRidge,3,validation,2003-01-01,gas_cum,1,15,0.08018527346009358,31190.103587255984,-0.00686126734692542
Liquid-WC-time,Input-only PolyRidge,3,validation,2003-01-01,gas_cum,2,15,0.0430549427561347,32497.8127144616,0.0047012263415100435
Liquid-WC-time,Input-only PolyRidge,3,validation,2003-01-01,gas_cum,3,15,0.03241632727429131,35730.56917566664,0.002698131320470609
Liquid-WC-time,Input-only PolyRidge,3,validation,2003-01-01,gas_cum,4,15,0.029595413777954122,42400.93897711684,-0.007956076703100627
Liquid-WC-time,Input-only PolyRidge,3,validation,2003-01-01,gas_cum,5,15,0.03543931391798028,61811.24331663265,-0.023686978370859174
Liquid-WC-time,Input-only PolyRidge,3,validation,2003-01-01,gas_cum,6,15,0.04927253879731821,100547.8606141318,-0.042741235975145335
Liquid-WC-time,Input-only PolyRidge,3,validation,2003-01-01,gas_cum,7,15,0.06809230842291218,158356.6537954495,-0.06430361226908375
Liquid-WC-time,Input-only PolyRidge,3,validation,2003-01-01,gas_cum,8,15,0.0897252627276486,232974.63320510194,-0.08752386547616706
Liquid-WC-time,Input-only PolyRidge,3,validation,2003-01-01,gas_cum,9,15,0.11209762052161602,319187.9826644601,-0.11085483585766441
Liquid-WC-time,Input-only PolyRidge,3,validation,2003-01-01,gas_cum,10,15,0.13460553815759363,415251.7381938438,-0.13394285777994072
Liquid-WC-time,Input-only PolyRidge,3,validation,2003-01-01,gas_cum,11,15,0.15739522657195615,521141.12112725293,-0.15704309439973554
Liquid-WC-time,Input-only PolyRidge,3,validation,2003-01-01,gas_cum,12,15,0.18057802915347082,636851.2050382496,-0.18031748255031102
Liquid-WC-time,Input-only PolyRidge,3,validation,2003-01-01,oil_cum,1,15,0.08300417871130077,88821.841060002,-0.0067931419989456735
Liquid-WC-time,Input-only PolyRidge,3,validation,2003-01-01,oil_cum,2,15,0.0448596726872825,93133.75631491201,0.005156320745930289
Liquid-WC-time,Input-only PolyRidge,3,validation,2003-01-01,oil_cum,3,15,0.03370708517882731,102205.2497649748,0.003111851010956759
Liquid-WC-time,Input-only PolyRidge,3,validation,2003-01-01,oil_cum,4,15,0.03034688274338707,119627.00994414717,-0.007696293166681824
Liquid-WC-time,Input-only PolyRidge,3,validation,2003-01-01,oil_cum,5,15,0.03573989478035416,171543.74688337758,-0.023566033124553378
Liquid-WC-time,Input-only PolyRidge,3,validation,2003-01-01,oil_cum,6,15,0.04943333914639479,277658.7678465439,-0.042787402043664866
Liquid-WC-time,Input-only PolyRidge,3,validation,2003-01-01,oil_cum,7,15,0.06832136796330034,437432.17330164294,-0.06453174320063883
Liquid-WC-time,Input-only PolyRidge,3,validation,2003-01-01,oil_cum,8,15,0.09000165521819398,643429.3700267122,-0.08781925924010624
Liquid-WC-time,Input-only PolyRidge,3,validation,2003-01-01,oil_cum,9,15,0.11238067532903823,881067.8014016728,-0.11115520846032138
Liquid-WC-time,Input-only PolyRidge,3,validation,2003-01-01,oil_cum,10,15,0.1348761235727237,1145646.4830209916,-0.13422540522590792
Liquid-WC-time,Input-only PolyRidge,3,validation,2003-01-01,oil_cum,11,15,0.15763826106736342,1437078.244613827,-0.1572899060248763
Liquid-WC-time,Input-only PolyRidge,3,validation,2003-01-01,oil_cum,12,15,0.18079897526495878,1755550.579472898,-0.18053506611445094
Liquid-WC-time,Input-only PolyRidge,3,validation,2003-01-01,water_cum,1,15,0.055111544452435886,25442.120564820994,0.021088908544267072
Liquid-WC-time,Input-only PolyRidge,3,validation,2003-01-01,water_cum,2,15,0.09768276160549129,91454.82864857746,0.09450804453790336
Liquid-WC-time,Input-only PolyRidge,3,validation,2003-01-01,water_cum,3,15,0.17076917755158957,242746.39386019512,0.16893798617642136
Liquid-WC-time,Input-only PolyRidge,3,validation,2003-01-01,water_cum,4,15,0.23990898991306403,461385.21097396285,0.2380260348816923
Liquid-WC-time,Input-only PolyRidge,3,validation,2003-01-01,water_cum,5,15,0.30585105917634925,744947.7257764754,0.3039335479145616
Liquid-WC-time,Input-only PolyRidge,3,validation,2003-01-01,water_cum,6,15,0.3700117290121059,1096519.8959796596,0.36822874878999806
Liquid-WC-time,Input-only PolyRidge,3,validation,2003-01-01,water_cum,7,15,0.43295922906080764,1520446.1851715534,0.4314526360559781
Liquid-WC-time,Input-only PolyRidge,3,validation,2003-01-01,water_cum,8,15,0.4932983668727952,2009996.0624186595,0.4921210831998051
Liquid-WC-time,Input-only PolyRidge,3,validation,2003-01-01,water_cum,9,15,0.5493463996266263,2548226.207141211,0.5484681718724616
Liquid-WC-time,Input-only PolyRidge,3,validation,2003-01-01,water_cum,10,15,0.6028095888605203,3147349.138742214,0.6021636042577709
Liquid-WC-time,Input-only PolyRidge,3,validation,2003-01-01,water_cum,11,15,0.6533514224578525,3803377.9128104714,0.6528511474521878
Liquid-WC-time,Input-only PolyRidge,3,validation,2003-01-01,water_cum,12,15,0.7002090982140807,4503672.083564563,0.6997667629219733
Liquid-WC-time,Input-only PolyRidge,3,validation,2004-01-01,gas_cum,1,15,0.1351920977956946,42107.95005986672,-0.03872064140033848
Liquid-WC-time,Input-only PolyRidge,3,validation,2004-01-01,gas_cum,2,15,0.07148621033698219,43462.20077395314,-0.023765860141664343
Liquid-WC-time,Input-only PolyRidge,3,validation,2004-01-01,gas_cum,3,15,0.05178414136467555,46241.09276296262,-0.02319343868916601
Liquid-WC-time,Input-only PolyRidge,3,validation,2004-01-01,gas_cum,4,15,0.045152414725366734,52552.17420414735,-0.027008494370669944
Liquid-WC-time,Input-only PolyRidge,3,validation,2004-01-01,gas_cum,5,15,0.04459835089386756,63096.56396115922,-0.032055323562945964
Liquid-WC-time,Input-only PolyRidge,3,validation,2004-01-01,gas_cum,6,15,0.04637190898596821,76621.788606444,-0.03665136631852622
Liquid-WC-time,Input-only PolyRidge,3,validation,2004-01-01,gas_cum,7,15,0.0501838298211774,94267.19799539677,-0.042059571148153715
Liquid-WC-time,Input-only PolyRidge,3,validation,2004-01-01,gas_cum,8,15,0.056617482267707936,118566.70022835217,-0.0495172584069787
Liquid-WC-time,Input-only PolyRidge,3,validation,2004-01-01,gas_cum,9,15,0.0655563473352452,150638.9748414841,-0.05915088678508324
Liquid-WC-time,Input-only PolyRidge,3,validation,2004-01-01,gas_cum,10,15,0.07717773797154052,192831.05756665,-0.07124311496902076
Liquid-WC-time,Input-only PolyRidge,3,validation,2004-01-01,gas_cum,11,15,0.09102995290432335,245491.00654951108,-0.08538287848607494
Liquid-WC-time,Input-only PolyRidge,3,validation,2004-01-01,gas_cum,12,15,0.106344167631258,307384.28237601405,-0.10083025231658646
Liquid-WC-time,Input-only PolyRidge,3,validation,2004-01-01,oil_cum,1,15,0.1383578947160939,118686.35597373628,-0.0385481009404136
Liquid-WC-time,Input-only PolyRidge,3,validation,2004-01-01,oil_cum,2,15,0.07313114450925327,122487.16523622177,-0.024156766550276577
Liquid-WC-time,Input-only PolyRidge,3,validation,2004-01-01,oil_cum,3,15,0.05303181987173492,130493.1278222615,-0.023953104435035517
Liquid-WC-time,Input-only PolyRidge,3,validation,2004-01-01,oil_cum,4,15,0.04624496455001022,148316.79918971172,-0.027803434440914584
Liquid-WC-time,Input-only PolyRidge,3,validation,2004-01-01,oil_cum,5,15,0.045538369433016056,177516.5943584214,-0.03277837094903986
Liquid-WC-time,Input-only PolyRidge,3,validation,2004-01-01,oil_cum,6,15,0.047148213204279615,214630.74751621837,-0.037285617474303874
Liquid-WC-time,Input-only PolyRidge,3,validation,2004-01-01,oil_cum,7,15,0.05081687092552628,262954.9991556114,-0.04258857926692163
Liquid-WC-time,Input-only PolyRidge,3,validation,2004-01-01,oil_cum,8,15,0.057152734544640496,329674.44176249736,-0.04996641583035951
Liquid-WC-time,Input-only PolyRidge,3,validation,2004-01-01,oil_cum,9,15,0.06602417601149688,417861.89871830115,-0.059542492362553406
Liquid-WC-time,Input-only PolyRidge,3,validation,2004-01-01,oil_cum,10,15,0.07759850820939226,533984.4651710757,-0.07159913734932112
Liquid-WC-time,Input-only PolyRidge,3,validation,2004-01-01,oil_cum,11,15,0.09143014740013282,679091.7564170959,-0.08572859020867234
Liquid-WC-time,Input-only PolyRidge,3,validation,2004-01-01,oil_cum,12,15,0.1067188566970449,849547.0833221825,-0.1011514287531105
Liquid-WC-time,Input-only PolyRidge,3,validation,2004-01-01,water_cum,1,15,0.040731546803645824,20900.35888047556,0.005420646336263995
Liquid-WC-time,Input-only PolyRidge,3,validation,2004-01-01,water_cum,2,15,0.032220188854744355,33562.79699020154,0.025185162460257753
Liquid-WC-time,Input-only PolyRidge,3,validation,2004-01-01,water_cum,3,15,0.04644423201984302,73878.79913574758,0.042701219315327874
Liquid-WC-time,Input-only PolyRidge,3,validation,2004-01-01,water_cum,4,15,0.0627013367131285,135075.65133620682,0.05937240583314436
Liquid-WC-time,Input-only PolyRidge,3,validation,2004-01-01,water_cum,5,15,0.07851199582316087,213471.99443129223,0.07523751898101182
Liquid-WC-time,Input-only PolyRidge,3,validation,2004-01-01,water_cum,6,15,0.09432811456659697,311477.87084842526,0.09107590767614815
Liquid-WC-time,Input-only PolyRidge,3,validation,2004-01-01,water_cum,7,15,0.11010715772966095,429729.34608178935,0.10687441183705121
Liquid-WC-time,Input-only PolyRidge,3,validation,2004-01-01,water_cum,8,15,0.12561950029802116,567031.6471046167,0.1223803848920423
Liquid-WC-time,Input-only PolyRidge,3,validation,2004-01-01,water_cum,9,15,0.1402455820297979,718288.6040962274,0.13696064384394172
Liquid-WC-time,Input-only PolyRidge,3,validation,2004-01-01,water_cum,10,15,0.15404511869181317,885403.3671489111,0.15062457834220183
Liquid-WC-time,Input-only PolyRidge,3,validation,2004-01-01,water_cum,11,15,0.1668561681008151,1066672.932312334,0.16319784118811564
Liquid-WC-time,Input-only PolyRidge,3,validation,2004-01-01,water_cum,12,15,0.17858473729816118,1258938.3890497019,0.17458822835439122
Liquid-WC-time,Input-only PolyRidge,3,validation,2005-01-01,gas_cum,1,15,0.2039003023318234,51159.555968251894,-0.05788423790386802
Liquid-WC-time,Input-only PolyRidge,3,validation,2005-01-01,gas_cum,2,15,0.10728413720420606,52407.48874103813,-0.019875454295051134
Liquid-WC-time,Input-only PolyRidge,3,validation,2005-01-01,gas_cum,3,15,0.07704403240784573,55058.981134069705,-0.00824959681509541
Liquid-WC-time,Input-only PolyRidge,3,validation,2005-01-01,gas_cum,4,15,0.06410791067834014,59648.28587231254,-0.0069091979258560495
Liquid-WC-time,Input-only PolyRidge,3,validation,2005-01-01,gas_cum,5,15,0.058938845071290845,66847.66879801638,-0.011775280691428228
Liquid-WC-time,Input-only PolyRidge,3,validation,2005-01-01,gas_cum,6,15,0.05930838404823482,79173.21966274854,-0.02127929395531841
Liquid-WC-time,Input-only PolyRidge,3,validation,2005-01-01,gas_cum,7,15,0.06480682168158242,99368.90899798667,-0.033980800178838956
Liquid-WC-time,Input-only PolyRidge,3,validation,2005-01-01,gas_cum,8,15,0.07440379783342072,128498.92958972554,-0.04850133469071419
Liquid-WC-time,Input-only PolyRidge,3,validation,2005-01-01,gas_cum,9,15,0.08655328522591632,165509.0370070292,-0.06381024976239114
Liquid-WC-time,Input-only PolyRidge,3,validation,2005-01-01,gas_cum,10,15,0.10067157067225062,210927.36370153172,-0.07997704919609436
Liquid-WC-time,Input-only PolyRidge,3,validation,2005-01-01,gas_cum,11,15,0.11608285658809875,264188.9816921651,-0.09668817117233965
Liquid-WC-time,Input-only PolyRidge,3,validation,2005-01-01,gas_cum,12,15,0.13209470363246528,323909.46622926753,-0.11349855419913296
Liquid-WC-time,Input-only PolyRidge,3,validation,2005-01-01,oil_cum,1,15,0.2089837316008309,144411.97340260338,-0.06140218718728097
Liquid-WC-time,Input-only PolyRidge,3,validation,2005-01-01,oil_cum,2,15,0.1099190020235289,147860.8451884585,-0.021754125076852714
Liquid-WC-time,Input-only PolyRidge,3,validation,2005-01-01,oil_cum,3,15,0.07887472817481943,155194.29323654316,-0.009466938456696196
Liquid-WC-time,Input-only PolyRidge,3,validation,2005-01-01,oil_cum,4,15,0.06558184058060332,167988.36561532575,-0.007794432742060075
Liquid-WC-time,Input-only PolyRidge,3,validation,2005-01-01,oil_cum,5,15,0.06024811976881605,188113.07148791134,-0.012473765201594612
Liquid-WC-time,Input-only PolyRidge,3,validation,2005-01-01,oil_cum,6,15,0.06052242921688809,222418.0361104843,-0.021875553728910462
Liquid-WC-time,Input-only PolyRidge,3,validation,2005-01-01,oil_cum,7,15,0.0659564417889584,278419.5340847896,-0.03454107407646953
Liquid-WC-time,Input-only PolyRidge,3,validation,2005-01-01,oil_cum,8,15,0.07544884367853044,358734.7917209946,-0.04900771699982983
Liquid-WC-time,Input-only PolyRidge,3,validation,2005-01-01,oil_cum,9,15,0.08745425726166557,460385.74326854397,-0.06424523187934664
Liquid-WC-time,Input-only PolyRidge,3,validation,2005-01-01,oil_cum,10,15,0.10144344880798899,585114.6244322967,-0.08035499482117901
Liquid-WC-time,Input-only PolyRidge,3,validation,2005-01-01,oil_cum,11,15,0.11676219317830262,731538.6410247921,-0.09703450911392392
Liquid-WC-time,Input-only PolyRidge,3,validation,2005-01-01,oil_cum,12,15,0.1327044236529802,895803.452817438,-0.11382442762461895
Liquid-WC-time,Input-only PolyRidge,3,validation,2005-01-01,water_cum,1,15,0.055212036427924896,31183.74089176344,-0.011193199151436434
Liquid-WC-time,Input-only PolyRidge,3,validation,2005-01-01,water_cum,2,15,0.03301120038302407,37896.753998379194,-0.0019870473627542863
Liquid-WC-time,Input-only PolyRidge,3,validation,2005-01-01,water_cum,3,15,0.02874545232509137,50271.64337414646,0.004246092074480242
Liquid-WC-time,Input-only PolyRidge,3,validation,2005-01-01,water_cum,4,15,0.030149311441740188,71152.29045343575,0.009782041590721699
Liquid-WC-time,Input-only PolyRidge,3,validation,2005-01-01,water_cum,5,15,0.03380383062111514,100324.26873385826,0.014585881470522652
Liquid-WC-time,Input-only PolyRidge,3,validation,2005-01-01,water_cum,6,15,0.03831079926365535,137686.73436433135,0.018435165819407053
Liquid-WC-time,Input-only PolyRidge,3,validation,2005-01-01,water_cum,7,15,0.04296826768673874,182145.82543161046,0.021374372849372145
Liquid-WC-time,Input-only PolyRidge,3,validation,2005-01-01,water_cum,8,15,0.047597458479332236,233031.7288660909,0.023597310578282488
Liquid-WC-time,Input-only PolyRidge,3,validation,2005-01-01,water_cum,9,15,0.05200076335315029,288520.37173199205,0.025336493273171792
Liquid-WC-time,Input-only PolyRidge,3,validation,2005-01-01,water_cum,10,15,0.056125948760101574,349046.10669747664,0.026453793094257532
Liquid-WC-time,Input-only PolyRidge,3,validation,2005-01-01,water_cum,11,15,0.05997500079991455,414269.3941329131,0.027024556383793707
Liquid-WC-time,Input-only PolyRidge,3,validation,2005-01-01,water_cum,12,15,0.06348928499987513,482884.3012808455,0.027075376865601002
Liquid-WC-time,Input-only PolyRidge,5,train,2003-01-01,gas_cum,1,70,0.04186896090937653,15802.852488439754,0.015825563263732814
Liquid-WC-time,Input-only PolyRidge,5,train,2003-01-01,gas_cum,2,70,0.027141895203534668,19864.372493272193,0.016712804857029306
Liquid-WC-time,Input-only PolyRidge,5,train,2003-01-01,gas_cum,3,70,0.023628067991792984,25240.89812930982,0.010295722041207902
Liquid-WC-time,Input-only PolyRidge,5,train,2003-01-01,gas_cum,4,70,0.02341024655119898,32497.634086462396,-0.003226732517440038
Liquid-WC-time,Input-only PolyRidge,5,train,2003-01-01,gas_cum,5,70,0.03228286063857189,54554.62473131852,-0.02114495326899446
Liquid-WC-time,Input-only PolyRidge,5,train,2003-01-01,gas_cum,6,70,0.04868173060715747,96268.1441343086,-0.042043138187199236
Liquid-WC-time,Input-only PolyRidge,5,train,2003-01-01,gas_cum,7,70,0.06920868287001018,156006.17455436641,-0.06508959769176752
Liquid-WC-time,Input-only PolyRidge,5,train,2003-01-01,gas_cum,8,70,0.09200267989397252,231601.216542327,-0.08945520555461535
Liquid-WC-time,Input-only PolyRidge,5,train,2003-01-01,gas_cum,9,70,0.11504037775431213,317603.6765112301,-0.11349085757126517
Liquid-WC-time,Input-only PolyRidge,5,train,2003-01-01,gas_cum,10,70,0.1378431031766913,412274.66315078724,-0.13691976469237965
Liquid-WC-time,Input-only PolyRidge,5,train,2003-01-01,gas_cum,11,70,0.1606527206900681,515607.2102870927,-0.16007739708109972
Liquid-WC-time,Input-only PolyRidge,5,train,2003-01-01,gas_cum,12,70,0.18366364229472576,627679.7833894504,-0.18320672902381405
Liquid-WC-time,Input-only PolyRidge,5,train,2003-01-01,gas_cum,13,70,0.2064416666435514,746026.4898688195,-0.20592317888148023
Liquid-WC-time,Input-only PolyRidge,5,train,2003-01-01,gas_cum,14,70,0.22964517022436304,874213.2783434553,-0.2289271341764518
Liquid-WC-time,Input-only PolyRidge,5,train,2003-01-01,gas_cum,15,70,0.25297513219356466,1011265.7856138152,-0.2519536035870166
Liquid-WC-time,Input-only PolyRidge,5,train,2003-01-01,gas_cum,16,70,0.2757706564743792,1153696.927552216,-0.27437622993903205
Liquid-WC-time,Input-only PolyRidge,5,train,2003-01-01,gas_cum,17,70,0.2973151137132087,1296621.5673190663,-0.29551457993220276
Liquid-WC-time,Input-only PolyRidge,5,train,2003-01-01,gas_cum,18,70,0.3181976305429517,1443445.6134831202,-0.31596255907708304
Liquid-WC-time,Input-only PolyRidge,5,train,2003-01-01,gas_cum,19,70,0.338304981382186,1593132.475188247,-0.33562129592169543
Liquid-WC-time,Input-only PolyRidge,5,train,2003-01-01,gas_cum,20,70,0.357355812719202,1743087.7812975403,-0.3542259641075308
Liquid-WC-time,Input-only PolyRidge,5,train,2003-01-01,oil_cum,1,70,0.04378279276905837,45476.85407803381,0.015939693120500226
Liquid-WC-time,Input-only PolyRidge,5,train,2003-01-01,oil_cum,2,70,0.028135232068816008,56668.433967221295,0.01683924474671064
Liquid-WC-time,Input-only PolyRidge,5,train,2003-01-01,oil_cum,3,70,0.024227627381076033,71232.56574380552,0.010358661910589493
Liquid-WC-time,Input-only PolyRidge,5,train,2003-01-01,oil_cum,4,70,0.02373000876083681,90668.35054029869,-0.003199041989642266
Liquid-WC-time,Input-only PolyRidge,5,train,2003-01-01,oil_cum,5,70,0.03241541152924767,150781.31704986357,-0.02116236469944572
Liquid-WC-time,Input-only PolyRidge,5,train,2003-01-01,oil_cum,6,70,0.04877948512775319,265532.47918026405,-0.04211317430707556
Liquid-WC-time,Input-only PolyRidge,5,train,2003-01-01,oil_cum,7,70,0.06930664867128115,430067.1012619859,-0.0651859931662059
Liquid-WC-time,Input-only PolyRidge,5,train,2003-01-01,oil_cum,8,70,0.09210732091894858,638300.1138712036,-0.08956426882751933
Liquid-WC-time,Input-only PolyRidge,5,train,2003-01-01,oil_cum,9,70,0.11515715303932757,875237.6338403831,-0.11361050533969487
Liquid-WC-time,Input-only PolyRidge,5,train,2003-01-01,oil_cum,10,70,0.13796892589820411,1136027.6479772432,-0.13704356164368464
Liquid-WC-time,Input-only PolyRidge,5,train,2003-01-01,oil_cum,11,70,0.16077300623711716,1420519.8790346025,-0.16018963014983434
Liquid-WC-time,Input-only PolyRidge,5,train,2003-01-01,oil_cum,12,70,0.18377197327007352,1728983.4655473037,-0.18330182194180694
Liquid-WC-time,Input-only PolyRidge,5,train,2003-01-01,oil_cum,13,70,0.2065418233655666,2054741.1700015138,-0.206006273383934
Liquid-WC-time,Input-only PolyRidge,5,train,2003-01-01,oil_cum,14,70,0.22974789359263523,2407720.419884548,-0.2290094865296142
Liquid-WC-time,Input-only PolyRidge,5,train,2003-01-01,oil_cum,15,70,0.25308836257227435,2785231.1783956797,-0.252042854403841
Liquid-WC-time,Input-only PolyRidge,5,train,2003-01-01,oil_cum,16,70,0.2758870537661903,3177454.868654605,-0.27446631569405616
Liquid-WC-time,Input-only PolyRidge,5,train,2003-01-01,oil_cum,17,70,0.2974268408071385,3570911.146809168,-0.2955992677423819
Liquid-WC-time,Input-only PolyRidge,5,train,2003-01-01,oil_cum,18,70,0.31830259495443586,3975056.5882292725,-0.3160405860170461
Liquid-WC-time,Input-only PolyRidge,5,train,2003-01-01,oil_cum,19,70,0.33840379947812005,4387082.663993252,-0.33569356896088903
Liquid-WC-time,Input-only PolyRidge,5,train,2003-01-01,oil_cum,20,70,0.35745024801324143,4799871.584512733,-0.3542943191409149
Liquid-WC-time,Input-only PolyRidge,5,train,2003-01-01,water_cum,1,70,0.07654274562331224,37376.990987808844,0.031725597762083425
Liquid-WC-time,Input-only PolyRidge,5,train,2003-01-01,water_cum,2,70,0.10720219653017363,106051.6264284294,0.10010903789948838
Liquid-WC-time,Input-only PolyRidge,5,train,2003-01-01,water_cum,3,70,0.17526788603957838,262853.3935498034,0.17202184144543636
Liquid-WC-time,Input-only PolyRidge,5,train,2003-01-01,water_cum,4,70,0.24216055754535262,490309.93095015915,0.23957032773039544
Liquid-WC-time,Input-only PolyRidge,5,train,2003-01-01,water_cum,5,70,0.3066077479693509,784376.8014367449,0.304319078778096
Liquid-WC-time,Input-only PolyRidge,5,train,2003-01-01,water_cum,6,70,0.36954185813302903,1147369.560728182,0.3675611635624006
Liquid-WC-time,Input-only PolyRidge,5,train,2003-01-01,water_cum,7,70,0.43102386611379995,1582168.3140983593,0.4293914149514674
Liquid-WC-time,Input-only PolyRidge,5,train,2003-01-01,water_cum,8,70,0.48947188992162505,2080568.775648048,0.4881750385766638
Liquid-WC-time,Input-only PolyRidge,5,train,2003-01-01,water_cum,9,70,0.5432531334179546,2624675.338053814,0.5422278701804466
Liquid-WC-time,Input-only PolyRidge,5,train,2003-01-01,water_cum,10,70,0.5941347269238147,3226714.2433641003,0.593299713284263
Liquid-WC-time,Input-only PolyRidge,5,train,2003-01-01,water_cum,11,70,0.6418654544833345,3882500.339228806,0.6411306181034088
Liquid-WC-time,Input-only PolyRidge,5,train,2003-01-01,water_cum,12,70,0.6857672653079655,4579286.031270505,0.6850423442983566
Liquid-WC-time,Input-only PolyRidge,5,train,2003-01-01,water_cum,13,70,0.724909238507575,5294103.754354932,0.7241201565598807
Liquid-WC-time,Input-only PolyRidge,5,train,2003-01-01,water_cum,14,70,0.7603568840596985,6042669.807885087,0.7594450659961102
Liquid-WC-time,Input-only PolyRidge,5,train,2003-01-01,water_cum,15,70,0.7921042991557811,6819985.408960843,0.7910259085135508
Liquid-WC-time,Input-only PolyRidge,5,train,2003-01-01,water_cum,16,70,0.8200659780107761,7613344.278644218,0.8187917882067831
Liquid-WC-time,Input-only PolyRidge,5,train,2003-01-01,water_cum,17,70,0.8441333320366669,8401446.414149283,0.8426511359701813
Liquid-WC-time,Input-only PolyRidge,5,train,2003-01-01,water_cum,18,70,0.8651649931202815,9205380.170728924,0.8634648188937174
Liquid-WC-time,Input-only PolyRidge,5,train,2003-01-01,water_cum,19,70,0.8834021569216043,10022605.49125029,0.8814811440897673
Liquid-WC-time,Input-only PolyRidge,5,train,2003-01-01,water_cum,20,70,0.8989382235643066,10842061.801528027,0.8968017649485156
Liquid-WC-time,Input-only PolyRidge,5,validation,2003-01-01,gas_cum,1,15,0.08018527346009358,31190.103587255984,-0.00686126734692542
Liquid-WC-time,Input-only PolyRidge,5,validation,2003-01-01,gas_cum,2,15,0.0430549427561347,32497.8127144616,0.0047012263415100435
Liquid-WC-time,Input-only PolyRidge,5,validation,2003-01-01,gas_cum,3,15,0.03241632727429131,35730.56917566664,0.002698131320470609
Liquid-WC-time,Input-only PolyRidge,5,validation,2003-01-01,gas_cum,4,15,0.029595413777954122,42400.93897711684,-0.007956076703100627
Liquid-WC-time,Input-only PolyRidge,5,validation,2003-01-01,gas_cum,5,15,0.03543931391798028,61811.24331663265,-0.023686978370859174
Liquid-WC-time,Input-only PolyRidge,5,validation,2003-01-01,gas_cum,6,15,0.04927253879731821,100547.8606141318,-0.042741235975145335
Liquid-WC-time,Input-only PolyRidge,5,validation,2003-01-01,gas_cum,7,15,0.06809230842291218,158356.6537954495,-0.06430361226908375
Liquid-WC-time,Input-only PolyRidge,5,validation,2003-01-01,gas_cum,8,15,0.0897252627276486,232974.63320510194,-0.08752386547616706
Liquid-WC-time,Input-only PolyRidge,5,validation,2003-01-01,gas_cum,9,15,0.11209762052161602,319187.9826644601,-0.11085483585766441
Liquid-WC-time,Input-only PolyRidge,5,validation,2003-01-01,gas_cum,10,15,0.13460553815759363,415251.7381938438,-0.13394285777994072
Liquid-WC-time,Input-only PolyRidge,5,validation,2003-01-01,gas_cum,11,15,0.15739522657195615,521141.12112725293,-0.15704309439973554
Liquid-WC-time,Input-only PolyRidge,5,validation,2003-01-01,gas_cum,12,15,0.18057802915347082,636851.2050382496,-0.18031748255031102
Liquid-WC-time,Input-only PolyRidge,5,validation,2003-01-01,gas_cum,13,15,0.2036334490254846,759630.569334172,-0.20328968373269707
Liquid-WC-time,Input-only PolyRidge,5,validation,2003-01-01,gas_cum,14,15,0.22718117433879093,893052.1470253427,-0.22661570883124726
Liquid-WC-time,Input-only PolyRidge,5,validation,2003-01-01,gas_cum,15,15,0.2508653688069133,1035884.1131905416,-0.24997232157443258
Liquid-WC-time,Input-only PolyRidge,5,validation,2003-01-01,gas_cum,16,15,0.2740307204534498,1184589.8032196693,-0.2727409275074126
Liquid-WC-time,Input-only PolyRidge,5,validation,2003-01-01,gas_cum,17,15,0.29595041799556576,1334104.0729318191,-0.2942328993640358
Liquid-WC-time,Input-only PolyRidge,5,validation,2003-01-01,gas_cum,18,15,0.3172131601975867,1487950.7719774882,-0.31504233607624926
Liquid-WC-time,Input-only PolyRidge,5,validation,2003-01-01,gas_cum,19,15,0.3376825724714252,1644922.6212018325,-0.33504687358841845
Liquid-WC-time,Input-only PolyRidge,5,validation,2003-01-01,gas_cum,20,15,0.3570548463931737,1802161.098340541,-0.35395795034039473
Liquid-WC-time,Input-only PolyRidge,5,validation,2003-01-01,oil_cum,1,15,0.08300417871130077,88821.841060002,-0.0067931419989456735
Liquid-WC-time,Input-only PolyRidge,5,validation,2003-01-01,oil_cum,2,15,0.0448596726872825,93133.75631491201,0.005156320745930289
Liquid-WC-time,Input-only PolyRidge,5,validation,2003-01-01,oil_cum,3,15,0.03370708517882731,102205.2497649748,0.003111851010956759
Liquid-WC-time,Input-only PolyRidge,5,validation,2003-01-01,oil_cum,4,15,0.03034688274338707,119627.00994414717,-0.007696293166681824
Liquid-WC-time,Input-only PolyRidge,5,validation,2003-01-01,oil_cum,5,15,0.03573989478035416,171543.74688337758,-0.023566033124553378
Liquid-WC-time,Input-only PolyRidge,5,validation,2003-01-01,oil_cum,6,15,0.04943333914639479,277658.7678465439,-0.042787402043664866
Liquid-WC-time,Input-only PolyRidge,5,validation,2003-01-01,oil_cum,7,15,0.06832136796330034,437432.17330164294,-0.06453174320063883
Liquid-WC-time,Input-only PolyRidge,5,validation,2003-01-01,oil_cum,8,15,0.09000165521819398,643429.3700267122,-0.08781925924010624
Liquid-WC-time,Input-only PolyRidge,5,validation,2003-01-01,oil_cum,9,15,0.11238067532903823,881067.8014016728,-0.11115520846032138
Liquid-WC-time,Input-only PolyRidge,5,validation,2003-01-01,oil_cum,10,15,0.1348761235727237,1145646.4830209916,-0.13422540522590792
Liquid-WC-time,Input-only PolyRidge,5,validation,2003-01-01,oil_cum,11,15,0.15763826106736342,1437078.244613827,-0.1572899060248763
Liquid-WC-time,Input-only PolyRidge,5,validation,2003-01-01,oil_cum,12,15,0.18079897526495878,1755550.579472898,-0.18053506611445094
Liquid-WC-time,Input-only PolyRidge,5,validation,2003-01-01,oil_cum,13,15,0.20383801394231546,2093511.4928611328,-0.20348566146522246
Liquid-WC-time,Input-only PolyRidge,5,validation,2003-01-01,oil_cum,14,15,0.2273772325838247,2460855.667903621,-0.22679935671088775
Liquid-WC-time,Input-only PolyRidge,5,validation,2003-01-01,oil_cum,15,15,0.25106489618267,2854281.4042318077,-0.25015539048631097
Liquid-WC-time,Input-only PolyRidge,5,validation,2003-01-01,oil_cum,16,15,0.27422521701377495,3263747.7380746044,-0.2729149503279592
Liquid-WC-time,Input-only PolyRidge,5,validation,2003-01-01,oil_cum,17,15,0.29613042706800957,3675254.181813195,-0.2943898433660695
Liquid-WC-time,Input-only PolyRidge,5,validation,2003-01-01,oil_cum,18,15,0.3173798455772297,4098677.726376694,-0.3151845067517745
Liquid-WC-time,Input-only PolyRidge,5,validation,2003-01-01,oil_cum,19,15,0.33784228088382323,4530804.864293298,-0.33518111228053604
Liquid-WC-time,Input-only PolyRidge,5,validation,2003-01-01,oil_cum,20,15,0.3572098042864149,4963701.05215198,-0.35408717694786435
Liquid-WC-time,Input-only PolyRidge,5,validation,2003-01-01,water_cum,1,15,0.055111544452435886,25442.120564820994,0.021088908544267072
Liquid-WC-time,Input-only PolyRidge,5,validation,2003-01-01,water_cum,2,15,0.09768276160549129,91454.82864857746,0.09450804453790336
Liquid-WC-time,Input-only PolyRidge,5,validation,2003-01-01,water_cum,3,15,0.17076917755158957,242746.39386019512,0.16893798617642136
Liquid-WC-time,Input-only PolyRidge,5,validation,2003-01-01,water_cum,4,15,0.23990898991306403,461385.21097396285,0.2380260348816923
Liquid-WC-time,Input-only PolyRidge,5,validation,2003-01-01,water_cum,5,15,0.30585105917634925,744947.7257764754,0.3039335479145616
Liquid-WC-time,Input-only PolyRidge,5,validation,2003-01-01,water_cum,6,15,0.3700117290121059,1096519.8959796596,0.36822874878999806
Liquid-WC-time,Input-only PolyRidge,5,validation,2003-01-01,water_cum,7,15,0.43295922906080764,1520446.1851715534,0.4314526360559781
Liquid-WC-time,Input-only PolyRidge,5,validation,2003-01-01,water_cum,8,15,0.4932983668727952,2009996.0624186595,0.4921210831998051
Liquid-WC-time,Input-only PolyRidge,5,validation,2003-01-01,water_cum,9,15,0.5493463996266263,2548226.207141211,0.5484681718724616
Liquid-WC-time,Input-only PolyRidge,5,validation,2003-01-01,water_cum,10,15,0.6028095888605203,3147349.138742214,0.6021636042577709
Liquid-WC-time,Input-only PolyRidge,5,validation,2003-01-01,water_cum,11,15,0.6533514224578525,3803377.9128104714,0.6528511474521878
Liquid-WC-time,Input-only PolyRidge,5,validation,2003-01-01,water_cum,12,15,0.7002090982140807,4503672.083564563,0.6997667629219733
Liquid-WC-time,Input-only PolyRidge,5,validation,2003-01-01,water_cum,13,15,0.7421957624336828,5224489.71245607,0.7417358581463652
Liquid-WC-time,Input-only PolyRidge,5,validation,2003-01-01,water_cum,14,15,0.7803334072000551,5981171.795309388,0.7797912537534877
Liquid-WC-time,Input-only PolyRidge,5,validation,2003-01-01,water_cum,15,15,0.8144766832367937,6767999.062382336,0.8137979509882248
Liquid-WC-time,Input-only PolyRidge,5,validation,2003-01-01,water_cum,16,15,0.8444842740670133,7571719.441337849,0.8436281930307469
Liquid-WC-time,Input-only PolyRidge,5,validation,2003-01-01,water_cum,17,15,0.8703043468248514,8370831.01685016,0.8692496652623073
Liquid-WC-time,Input-only PolyRidge,5,validation,2003-01-01,water_cum,18,15,0.8929141996607076,9186818.707315795,0.891645651611823
Liquid-WC-time,Input-only PolyRidge,5,validation,2003-01-01,water_cum,19,15,0.9125757498950393,10017054.333700186,0.9110867908706279
Liquid-WC-time,Input-only PolyRidge,5,validation,2003-01-01,water_cum,20,15,0.9293602241273651,10850090.040008128,0.9276528550306725
Liquid-WC-volume,History-conditioned,3,train,2003-01-01,gas_cum,1,70,0.02246192947340738,8477.940468651574,0.01594324752492592
Liquid-WC-volume,History-conditioned,3,train,2003-01-01,gas_cum,2,70,0.02799016080286902,20485.19368914108,0.016102497415938402
Liquid-WC-volume,History-conditioned,3,train,2003-01-01,gas_cum,3,70,0.02964859957253015,31672.38564519401,0.009184859020712036
Liquid-WC-volume,History-conditioned,3,train,2003-01-01,gas_cum,4,70,0.03196919880596414,44378.99970687766,-0.004806007766964495
Liquid-WC-volume,History-conditioned,3,train,2003-01-01,gas_cum,5,70,0.040753867610916046,68869.73179839352,-0.023185855342400613
Liquid-WC-volume,History-conditioned,3,train,2003-01-01,gas_cum,6,70,0.056206594486812686,111148.56583507688,-0.04454334139469325
Liquid-WC-volume,History-conditioned,3,train,2003-01-01,gas_cum,7,70,0.07607653746362615,171487.29163555763,-0.06804170816821255
Liquid-WC-volume,History-conditioned,3,train,2003-01-01,gas_cum,8,70,0.09855031382526844,248083.77972102526,-0.09283308024869676
Liquid-WC-volume,History-conditioned,3,train,2003-01-01,gas_cum,9,70,0.12150043132811267,335438.6037389587,-0.11724991040844808
Liquid-WC-volume,History-conditioned,3,train,2003-01-01,gas_cum,10,70,0.1443479148583512,431729.891472788,-0.14102296036147527
Liquid-WC-volume,History-conditioned,3,train,2003-01-01,gas_cum,11,70,0.16724633973939362,536769.1147298897,-0.16447818166831465
Liquid-WC-volume,History-conditioned,3,train,2003-01-01,gas_cum,12,70,0.19033766013329068,650488.5767843097,-0.18784830971781022
Liquid-WC-volume,History-conditioned,3,train,2003-01-01,oil_cum,1,70,0.02273290418050339,23612.49479081395,0.01613758342134961
Liquid-WC-volume,History-conditioned,3,train,2003-01-01,oil_cum,2,70,0.02824837950585341,56896.329299615616,0.016270392810992365
Liquid-WC-volume,History-conditioned,3,train,2003-01-01,oil_cum,3,70,0.02983099332340304,87707.23437706902,0.00927630274453173
Liquid-WC-volume,History-conditioned,3,train,2003-01-01,oil_cum,4,70,0.032077644488359584,122563.25500299162,-0.004756278613400961
Liquid-WC-volume,History-conditioned,3,train,2003-01-01,oil_cum,5,70,0.040819634590718815,189873.82774793354,-0.02318501082238763
Liquid-WC-volume,History-conditioned,3,train,2003-01-01,oil_cum,6,70,0.056285867644519705,306393.68044412025,-0.04459755471932159
Liquid-WC-volume,History-conditioned,3,train,2003-01-01,oil_cum,7,70,0.07617012997777897,472656.9186408555,-0.06812400999436645
Liquid-WC-volume,History-conditioned,3,train,2003-01-01,oil_cum,8,70,0.09864893684220101,683633.2551139939,-0.09292932342931678
Liquid-WC-volume,History-conditioned,3,train,2003-01-01,oil_cum,9,70,0.121604986907966,924243.5940403171,-0.11735766399952083
Liquid-WC-volume,History-conditioned,3,train,2003-01-01,oil_cum,10,70,0.14445551806700013,1189437.8488390073,-0.1411355934977044
Liquid-WC-volume,History-conditioned,3,train,2003-01-01,oil_cum,11,70,0.16734692295462358,1478604.1283678708,-0.16457991636458663
Liquid-WC-volume,History-conditioned,3,train,2003-01-01,oil_cum,12,70,0.19042879726541953,1791612.9210415713,-0.18793351035070172
Liquid-WC-volume,History-conditioned,3,train,2003-01-01,water_cum,1,70,0.0427668846211252,20883.722527110534,0.03922941972043776
Liquid-WC-volume,History-conditioned,3,train,2003-01-01,water_cum,2,70,0.10907052831909021,107899.90595380994,0.10474264011967858
Liquid-WC-volume,History-conditioned,3,train,2003-01-01,water_cum,3,70,0.1808999389509809,271299.91649171815,0.17612068588207908
Liquid-WC-volume,History-conditioned,3,train,2003-01-01,water_cum,4,70,0.24854099161014204,503228.5920956805,0.2437212498329535
Liquid-WC-volume,History-conditioned,3,train,2003-01-01,water_cum,5,70,0.31327360425738554,801429.6745903882,0.3087447229094911
Liquid-WC-volume,History-conditioned,3,train,2003-01-01,water_cum,6,70,0.37641381656277406,1168705.9147875388,0.372347254611942
Liquid-WC-volume,History-conditioned,3,train,2003-01-01,water_cum,7,70,0.43808425018924324,1608085.0134919416,0.43455315418448065
Liquid-WC-volume,History-conditioned,3,train,2003-01-01,water_cum,8,70,0.49669906236487804,2111288.8836486605,0.4936751101280539
Liquid-WC-volume,History-conditioned,3,train,2003-01-01,water_cum,9,70,0.5506086383514777,2660212.7536900314,0.5479944602433838
Liquid-WC-volume,History-conditioned,3,train,2003-01-01,water_cum,10,70,0.6015692160420346,3267090.560119898,0.5992568736166164
Liquid-WC-volume,History-conditioned,3,train,2003-01-01,water_cum,11,70,0.6493215145575066,3927600.3762616217,0.6471953762494508
Liquid-WC-volume,History-conditioned,3,train,2003-01-01,water_cum,12,70,0.693184230860102,4628813.631180163,0.691132510616738
Liquid-WC-volume,History-conditioned,3,train,2004-01-01,gas_cum,1,70,0.01138734977044555,3435.8253876846825,0.009953200559699631
Liquid-WC-volume,History-conditioned,3,train,2004-01-01,gas_cum,2,70,0.010267180450731836,6050.838389717956,0.005267537502857634
Liquid-WC-volume,History-conditioned,3,train,2004-01-01,gas_cum,3,70,0.011752639803108757,10177.662220936701,0.0004983285495314346
Liquid-WC-volume,History-conditioned,3,train,2004-01-01,gas_cum,4,70,0.015118892199401985,17072.14900471428,-0.004730230630239542
Liquid-WC-volume,History-conditioned,3,train,2004-01-01,gas_cum,5,70,0.019092256314892257,26207.64055324389,-0.00911039477500641
Liquid-WC-volume,History-conditioned,3,train,2004-01-01,gas_cum,6,70,0.022562976588934882,36164.21426665517,-0.01169136884628536
Liquid-WC-volume,History-conditioned,3,train,2004-01-01,gas_cum,7,70,0.026094803024647294,47529.36654300649,-0.014161641170444805
Liquid-WC-volume,History-conditioned,3,train,2004-01-01,gas_cum,8,70,0.030508524233691613,61919.0820988644,-0.01808656514569316
Liquid-WC-volume,History-conditioned,3,train,2004-01-01,gas_cum,9,70,0.036169826287198066,80507.55456632639,-0.023918668042647667
Liquid-WC-volume,History-conditioned,3,train,2004-01-01,gas_cum,10,70,0.04362306209981679,105522.1460448553,-0.031963980906866765
Liquid-WC-volume,History-conditioned,3,train,2004-01-01,gas_cum,11,70,0.052908789316186984,138077.13584698035,-0.04194854994354954
Liquid-WC-volume,History-conditioned,3,train,2004-01-01,gas_cum,12,70,0.06353745898271629,177640.88185730268,-0.053174001173146204
Liquid-WC-volume,History-conditioned,3,train,2004-01-01,oil_cum,1,70,0.011235678524700992,9333.775871204307,0.009790342071750611
Liquid-WC-volume,History-conditioned,3,train,2004-01-01,oil_cum,2,70,0.010150800621632525,16472.199339323335,0.005021287031733192
Liquid-WC-volume,History-conditioned,3,train,2004-01-01,oil_cum,3,70,0.011776411422866548,28081.212523017373,0.00025025941735138676
Liquid-WC-volume,History-conditioned,3,train,2004-01-01,oil_cum,4,70,0.015236480949049908,47374.06455237754,-0.004966452097612406
Liquid-WC-volume,History-conditioned,3,train,2004-01-01,oil_cum,5,70,0.01924849564801777,72754.03922870303,-0.00934537743690097
Liquid-WC-volume,History-conditioned,3,train,2004-01-01,oil_cum,6,70,0.022725449259434365,100295.99495139571,-0.011919648375993708
Liquid-WC-volume,History-conditioned,3,train,2004-01-01,oil_cum,7,70,0.026252961386953,131661.93468255503,-0.014356116653179745
Liquid-WC-volume,History-conditioned,3,train,2004-01-01,oil_cum,8,70,0.03065614637985632,171307.5235388531,-0.018240409550571803
Liquid-WC-volume,History-conditioned,3,train,2004-01-01,oil_cum,9,70,0.0363045276753229,222481.7293000131,-0.024045333673769858
Liquid-WC-volume,History-conditioned,3,train,2004-01-01,oil_cum,10,70,0.04376074584708551,291443.97264722834,-0.032087749652781536
Liquid-WC-volume,History-conditioned,3,train,2004-01-01,oil_cum,11,70,0.05306658263140297,381298.91941359104,-0.04208555734020963
Liquid-WC-volume,History-conditioned,3,train,2004-01-01,oil_cum,12,70,0.06370858319416711,490413.7083350553,-0.05331213792294083
Liquid-WC-volume,History-conditioned,3,train,2004-01-01,water_cum,1,70,0.014296109095124064,7634.138334050803,0.011240673743099722
Liquid-WC-volume,History-conditioned,3,train,2004-01-01,water_cum,2,70,0.028309886945774642,30607.17345160553,0.024717360768666204
Liquid-WC-volume,History-conditioned,3,train,2004-01-01,water_cum,3,70,0.04187596652484617,68993.77889099745,0.03787452012507711
Liquid-WC-volume,History-conditioned,3,train,2004-01-01,water_cum,4,70,0.05439988228336855,121203.36756450187,0.05009380306642178
Liquid-WC-volume,History-conditioned,3,train,2004-01-01,water_cum,5,70,0.06584261225180944,184966.97737652817,0.061263800887754724
Liquid-WC-volume,History-conditioned,3,train,2004-01-01,water_cum,6,70,0.07695828272062213,262365.46268627053,0.07208910863465658
Liquid-WC-volume,History-conditioned,3,train,2004-01-01,water_cum,7,70,0.08780049530878815,353606.6366131813,0.08260567814326132
Liquid-WC-volume,History-conditioned,3,train,2004-01-01,water_cum,8,70,0.09821977940885263,457364.5432354807,0.0926458714244884
Liquid-WC-volume,History-conditioned,3,train,2004-01-01,water_cum,9,70,0.10787023253712912,569807.0267941756,0.10187937420652515
Liquid-WC-volume,History-conditioned,3,train,2004-01-01,water_cum,10,70,0.1167505316083813,691936.114570122,0.11027431132528696
Liquid-WC-volume,History-conditioned,3,train,2004-01-01,water_cum,11,70,0.12482984985734454,822588.1325131684,0.11779766724659795
Liquid-WC-volume,History-conditioned,3,train,2004-01-01,water_cum,12,70,0.13211305405432114,959637.7553892167,0.1244580939220234
Liquid-WC-volume,History-conditioned,3,train,2005-01-01,gas_cum,1,70,0.021597762985618173,5259.457460081673,0.021182326285234993
Liquid-WC-volume,History-conditioned,3,train,2005-01-01,gas_cum,2,70,0.027812222989268463,13174.544436239605,0.02669362904366855
Liquid-WC-volume,History-conditioned,3,train,2005-01-01,gas_cum,3,70,0.032355129783627486,22401.683201206164,0.030007927277852352
Liquid-WC-volume,History-conditioned,3,train,2005-01-01,gas_cum,4,70,0.03360831429757869,30268.124940872443,0.02927338749893622
Liquid-WC-volume,History-conditioned,3,train,2005-01-01,gas_cum,5,70,0.032415965555632066,35559.20267443585,0.024801417076185044
Liquid-WC-volume,History-conditioned,3,train,2005-01-01,gas_cum,6,70,0.03044605754577727,39281.508223209355,0.016943979807444547
Liquid-WC-volume,History-conditioned,3,train,2005-01-01,gas_cum,7,70,0.03041210658412211,45042.44794937523,0.0065842591001115235
Liquid-WC-volume,History-conditioned,3,train,2005-01-01,gas_cum,8,70,0.03435415436038251,57278.49797006267,-0.005035189410329854
Liquid-WC-volume,History-conditioned,3,train,2005-01-01,gas_cum,9,70,0.04171410333915943,76963.81941909085,-0.01707512904294336
Liquid-WC-volume,History-conditioned,3,train,2005-01-01,gas_cum,10,70,0.05148530125905785,104021.93388021505,-0.029622523407991028
Liquid-WC-volume,History-conditioned,3,train,2005-01-01,gas_cum,11,70,0.06268604118529042,137497.7518235066,-0.04248673320491485
Liquid-WC-volume,History-conditioned,3,train,2005-01-01,gas_cum,12,70,0.07455465064632258,176111.4356018379,-0.05536689772514577
Liquid-WC-volume,History-conditioned,3,train,2005-01-01,oil_cum,1,70,0.021377541699029508,14334.702684528535,0.02099666265498985
Liquid-WC-volume,History-conditioned,3,train,2005-01-01,oil_cum,2,70,0.02765424756313937,36070.49515672777,0.026527553661646355
Liquid-WC-volume,History-conditioned,3,train,2005-01-01,oil_cum,3,70,0.03230363842949898,61580.070009240786,0.02992770983165757
Liquid-WC-volume,History-conditioned,3,train,2005-01-01,oil_cum,4,70,0.0336405470996751,83409.68736206349,0.02927196469516214
Liquid-WC-volume,History-conditioned,3,train,2005-01-01,oil_cum,5,70,0.03248517023234016,98101.34746846433,0.02483741319978399
Liquid-WC-volume,History-conditioned,3,train,2005-01-01,oil_cum,6,70,0.030526763691231303,108427.78138368063,0.016966219871681124
Liquid-WC-volume,History-conditioned,3,train,2005-01-01,oil_cum,7,70,0.030518886491298698,124441.57049038899,0.006566549280596431
Liquid-WC-volume,History-conditioned,3,train,2005-01-01,oil_cum,8,70,0.03447596217347753,158254.11762563654,-0.005065691427487833
Liquid-WC-volume,History-conditioned,3,train,2005-01-01,oil_cum,9,70,0.041822757717557,212440.0191281898,-0.01709526500109423
Liquid-WC-volume,History-conditioned,3,train,2005-01-01,oil_cum,10,70,0.05156998101561237,286847.00899268803,-0.029628428632206345
Liquid-WC-volume,History-conditioned,3,train,2005-01-01,oil_cum,11,70,0.06275032022915392,378918.5537270455,-0.04248182029305117
Liquid-WC-volume,History-conditioned,3,train,2005-01-01,oil_cum,12,70,0.07460467857621034,485154.8468693036,-0.05535689651983635
Liquid-WC-volume,History-conditioned,3,train,2005-01-01,water_cum,1,70,0.006874927822491296,3996.2869255810297,-0.004559421613422147
Liquid-WC-volume,History-conditioned,3,train,2005-01-01,water_cum,2,70,0.010113676027865863,11947.382801130221,-0.003815122903141122
Liquid-WC-volume,History-conditioned,3,train,2005-01-01,water_cum,3,70,0.014312714821709703,25756.635713935335,-0.0031441379904800933
Liquid-WC-volume,History-conditioned,3,train,2005-01-01,water_cum,4,70,0.018775924512450595,45602.342038609466,-0.002669737588815458
Liquid-WC-volume,History-conditioned,3,train,2005-01-01,water_cum,5,70,0.023116654808026472,70612.23944767573,-0.002569616962163517
Liquid-WC-volume,History-conditioned,3,train,2005-01-01,water_cum,6,70,0.027418908049066812,101420.52973514443,-0.003276547144128949
Liquid-WC-volume,History-conditioned,3,train,2005-01-01,water_cum,7,70,0.03167645256518326,138173.27902828556,-0.004692586480485101
Liquid-WC-volume,History-conditioned,3,train,2005-01-01,water_cum,8,70,0.03590424070412046,180818.79553117245,-0.006610714873886389
Liquid-WC-volume,History-conditioned,3,train,2005-01-01,water_cum,9,70,0.039990613448047975,228158.89564180464,-0.008818039032082468
Liquid-WC-volume,History-conditioned,3,train,2005-01-01,water_cum,10,70,0.04417451075248666,282399.93570901867,-0.011610009096803285
Liquid-WC-volume,History-conditioned,3,train,2005-01-01,water_cum,11,70,0.048462261985803314,344008.78078255,-0.014897616079156331
Liquid-WC-volume,History-conditioned,3,train,2005-01-01,water_cum,12,70,0.05280117162704132,412599.6867386944,-0.018572332283168944
Liquid-WC-volume,History-conditioned,3,validation,2003-01-01,gas_cum,1,15,0.021373706221941874,8313.84719836019,0.015072681356777029
Liquid-WC-volume,History-conditioned,3,validation,2003-01-01,gas_cum,2,15,0.026009988513608445,19632.30424455985,0.01603097592911385
Liquid-WC-volume,History-conditioned,3,validation,2003-01-01,gas_cum,3,15,0.026652366719154573,29377.301897776677,0.009970585388124087
Liquid-WC-volume,History-conditioned,3,validation,2003-01-01,gas_cum,4,15,0.027820075817405986,39857.43689622908,-0.0031609299606991685
Liquid-WC-volume,History-conditioned,3,validation,2003-01-01,gas_cum,5,15,0.035930980890308,62668.78099153335,-0.020747598733081747
Liquid-WC-volume,History-conditioned,3,validation,2003-01-01,gas_cum,6,15,0.05106859816882658,104212.98386024628,-0.04136090896486702
Liquid-WC-volume,History-conditioned,3,validation,2003-01-01,gas_cum,7,15,0.0707843828139864,164617.3887038799,-0.06430608637771651
Liquid-WC-volume,History-conditioned,3,validation,2003-01-01,gas_cum,8,15,0.09323697798268787,242092.91883160284,-0.08875236437218642
Liquid-WC-volume,History-conditioned,3,validation,2003-01-01,gas_cum,9,15,0.11639880721815721,331435.22839852504,-0.11314130836448091
Liquid-WC-volume,History-conditioned,3,validation,2003-01-01,gas_cum,10,15,0.13967186929836864,430881.1308716498,-0.13716151224342824
Liquid-WC-volume,History-conditioned,3,validation,2003-01-01,gas_cum,11,15,0.16316056785705818,540230.3685360727,-0.1610645575219184
Liquid-WC-volume,History-conditioned,3,validation,2003-01-01,gas_cum,12,15,0.18693984364268607,659287.651170039,-0.18500235476852644
Liquid-WC-volume,History-conditioned,3,validation,2003-01-01,oil_cum,1,15,0.021960197875550827,23499.36154579177,0.015578423701191611
Liquid-WC-volume,History-conditioned,3,validation,2003-01-01,oil_cum,2,15,0.026829527579032363,55701.134981713556,0.016711709309273293
Liquid-WC-volume,History-conditioned,3,validation,2003-01-01,oil_cum,3,15,0.027314354933356846,82821.47368489938,0.010536211157284913
Liquid-WC-volume,History-conditioned,3,validation,2003-01-01,oil_cum,4,15,0.028119708319296173,110847.51785492657,-0.0027866901134670436
Liquid-WC-volume,History-conditioned,3,validation,2003-01-01,oil_cum,5,15,0.035967171908023954,172634.62782471708,-0.020534257911886854
Liquid-WC-volume,History-conditioned,3,validation,2003-01-01,oil_cum,6,15,0.05113610840444569,287222.93693326577,-0.04132917871879281
Liquid-WC-volume,History-conditioned,3,validation,2003-01-01,oil_cum,7,15,0.07098560376590826,454490.1229894896,-0.0644663379922859
Liquid-WC-volume,History-conditioned,3,validation,2003-01-01,oil_cum,8,15,0.09349450677755611,668400.0583211523,-0.08898695380369767
Liquid-WC-volume,History-conditioned,3,validation,2003-01-01,oil_cum,9,15,0.11665825950573636,914604.1872156862,-0.1133861007412813
Liquid-WC-volume,History-conditioned,3,validation,2003-01-01,oil_cum,10,15,0.13991157495614814,1188417.9314807549,-0.13739261872961064
Liquid-WC-volume,History-conditioned,3,validation,2003-01-01,oil_cum,11,15,0.1633713832329325,1489343.12676913,-0.161263388317299
Liquid-WC-volume,History-conditioned,3,validation,2003-01-01,oil_cum,12,15,0.18712922871612747,1817017.0789269102,-0.18517486578568987
Liquid-WC-volume,History-conditioned,3,validation,2003-01-01,water_cum,1,15,0.04347896355000847,20071.965749888906,0.04091760220129953
Liquid-WC-volume,History-conditioned,3,validation,2003-01-01,water_cum,2,15,0.11173544396143374,104611.55800176722,0.10872837932711735
Liquid-WC-volume,History-conditioned,3,validation,2003-01-01,water_cum,3,15,0.18569017579072034,263956.4188030692,0.1823387269686356
Liquid-WC-volume,History-conditioned,3,validation,2003-01-01,water_cum,4,15,0.2552476483708895,490884.0228825364,0.2517867329577207
Liquid-WC-volume,History-conditioned,3,validation,2003-01-01,water_cum,5,15,0.32175706522443415,783689.2722782833,0.31849903099785576
Liquid-WC-volume,History-conditioned,3,validation,2003-01-01,water_cum,6,15,0.38663871249692383,1145793.5183318625,0.3837674172794514
Liquid-WC-volume,History-conditioned,3,validation,2003-01-01,water_cum,7,15,0.4504055434499777,1581713.3447049323,0.4479905927401655
Liquid-WC-volume,History-conditioned,3,validation,2003-01-01,water_cum,8,15,0.511575139019131,2084466.6921933794,0.5095708560158454
Liquid-WC-volume,History-conditioned,3,validation,2003-01-01,water_cum,9,15,0.5683677849976503,2636459.774761786,0.5666647832794423
Liquid-WC-volume,History-conditioned,3,validation,2003-01-01,water_cum,10,15,0.6224492086382448,3249890.208982137,0.6209393681615601
Liquid-WC-volume,History-conditioned,3,validation,2003-01-01,water_cum,11,15,0.6734487152245561,3920370.999208928,0.6720235173917603
Liquid-WC-volume,History-conditioned,3,validation,2003-01-01,water_cum,12,15,0.7205943458573999,4634787.875921344,0.7191536906415978
Liquid-WC-volume,History-conditioned,3,validation,2004-01-01,gas_cum,1,15,0.014148458298054296,4406.785493771295,0.012284988151976135
Liquid-WC-volume,History-conditioned,3,validation,2004-01-01,gas_cum,2,15,0.014099685549490185,8572.329702649306,0.009260821041397646
Liquid-WC-volume,History-conditioned,3,validation,2004-01-01,gas_cum,3,15,0.014749751884967185,13170.917334330963,0.005947514416234146
Liquid-WC-volume,History-conditioned,3,validation,2004-01-01,gas_cum,4,15,0.01597085136993915,18588.21878046901,0.0020505887601309455
Liquid-WC-volume,History-conditioned,3,validation,2004-01-01,gas_cum,5,15,0.01778128290947559,25156.487446791773,-0.0014132312375332763
Liquid-WC-volume,History-conditioned,3,validation,2004-01-01,gas_cum,6,15,0.019756161709559215,32643.737971680643,-0.003389953153353375
Liquid-WC-volume,History-conditioned,3,validation,2004-01-01,gas_cum,7,15,0.021808691858234103,40966.26903021245,-0.005473428959353662
Liquid-WC-volume,History-conditioned,3,validation,2004-01-01,gas_cum,8,15,0.024418148848641786,51135.78383755636,-0.00916596520476709
Liquid-WC-volume,History-conditioned,3,validation,2004-01-01,gas_cum,9,15,0.028186275282515955,64767.97115380628,-0.014843775632517058
Liquid-WC-volume,History-conditioned,3,validation,2004-01-01,gas_cum,10,15,0.03402185884007983,85004.70722444681,-0.022780969000552685
Liquid-WC-volume,History-conditioned,3,validation,2004-01-01,gas_cum,11,15,0.0421435847629993,113653.48122224474,-0.03264313847688968
Liquid-WC-volume,History-conditioned,3,validation,2004-01-01,gas_cum,12,15,0.05208010786167539,150535.82098301224,-0.04379374710558488
Liquid-WC-volume,History-conditioned,3,validation,2004-01-01,oil_cum,1,15,0.013711176484006623,11761.73991617003,0.011803518614122687
Liquid-WC-volume,History-conditioned,3,validation,2004-01-01,oil_cum,2,15,0.013805667854603203,23123.077466526094,0.008511293187842838
Liquid-WC-volume,History-conditioned,3,validation,2004-01-01,oil_cum,3,15,0.014727198388920022,36238.58631435408,0.004923182137790479
Liquid-WC-volume,History-conditioned,3,validation,2004-01-01,oil_cum,4,15,0.016224169584014275,52034.1387570929,0.0010406013109018272
Liquid-WC-volume,History-conditioned,3,validation,2004-01-01,oil_cum,5,15,0.018163137937612272,70803.11459745708,-0.002321151827647093
Liquid-WC-volume,History-conditioned,3,validation,2004-01-01,oil_cum,6,15,0.02011855780652366,91584.83020880367,-0.0041887861166754106
Liquid-WC-volume,History-conditioned,3,validation,2004-01-01,oil_cum,7,15,0.022163663153227563,114687.22728487932,-0.006151486213425183
Liquid-WC-volume,History-conditioned,3,validation,2004-01-01,oil_cum,8,15,0.024822106872970005,143181.49939656418,-0.009752567977742543
Liquid-WC-volume,History-conditioned,3,validation,2004-01-01,oil_cum,9,15,0.028640034339323828,181260.56016667697,-0.015364133862056161
Liquid-WC-volume,History-conditioned,3,validation,2004-01-01,oil_cum,10,15,0.03449385961892983,237365.19690040915,-0.023259308151538222
Liquid-WC-volume,History-conditioned,3,validation,2004-01-01,oil_cum,11,15,0.04262166918524497,316569.8077874298,-0.03310721008215908
Liquid-WC-volume,History-conditioned,3,validation,2004-01-01,oil_cum,12,15,0.05255253992675147,418350.21848749364,-0.044229225881697434
Liquid-WC-volume,History-conditioned,3,validation,2004-01-01,water_cum,1,15,0.014018080118654326,7193.02182918598,0.007870390890469843
Liquid-WC-volume,History-conditioned,3,validation,2004-01-01,water_cum,2,15,0.026066481346516023,27152.66585264508,0.019580126468653935
Liquid-WC-volume,History-conditioned,3,validation,2004-01-01,water_cum,3,15,0.03831257061824392,60943.77247685092,0.031682572472889435
Liquid-WC-volume,History-conditioned,3,validation,2004-01-01,water_cum,4,15,0.05016998707277171,108079.73221350464,0.04351559094863999
Liquid-WC-volume,History-conditioned,3,validation,2004-01-01,water_cum,5,15,0.06143660114442081,167044.4578548139,0.054825193837335494
Liquid-WC-volume,History-conditioned,3,validation,2004-01-01,water_cum,6,15,0.0726741986956245,239975.16307131216,0.06613797355323353
Liquid-WC-volume,History-conditioned,3,validation,2004-01-01,water_cum,7,15,0.08389940053838335,327444.9660987051,0.07742871733195197
Liquid-WC-volume,History-conditioned,3,validation,2004-01-01,water_cum,8,15,0.09494661223854084,428577.83860704675,0.08851160092530874
Liquid-WC-volume,History-conditioned,3,validation,2004-01-01,water_cum,9,15,0.10532564949697468,539440.9767334864,0.09888198048553733
Liquid-WC-volume,History-conditioned,3,validation,2004-01-01,water_cum,10,15,0.11502979538046255,661155.4395051699,0.10845568944668292
Liquid-WC-volume,History-conditioned,3,validation,2004-01-01,water_cum,11,15,0.12395701096469686,792428.5321385096,0.11710360168075223
Liquid-WC-volume,History-conditioned,3,validation,2004-01-01,water_cum,12,15,0.13208170468712596,931113.8848563905,0.12480889496421992
Liquid-WC-volume,History-conditioned,3,validation,2005-01-01,gas_cum,1,15,0.020893508070271655,5242.280581588712,0.02048567216919302
Liquid-WC-volume,History-conditioned,3,validation,2005-01-01,gas_cum,2,15,0.026098450333201646,12748.895387883918,0.025121803570321594
Liquid-WC-volume,History-conditioned,3,validation,2005-01-01,gas_cum,3,15,0.029492003851067632,21076.255134803734,0.02748047709060478
Liquid-WC-volume,History-conditioned,3,validation,2005-01-01,gas_cum,4,15,0.029746385029232335,27677.09724302418,0.02579916867284433
Liquid-WC-volume,History-conditioned,3,validation,2005-01-01,gas_cum,5,15,0.027942108688674236,31691.574968585694,0.02051587598169256
Liquid-WC-volume,History-conditioned,3,validation,2005-01-01,gas_cum,6,15,0.02634380126291878,35167.432018457395,0.011950848357368189
Liquid-WC-volume,History-conditioned,3,validation,2005-01-01,gas_cum,7,15,0.028160743385187884,43179.13259976527,0.0010626209614289421
Liquid-WC-volume,History-conditioned,3,validation,2005-01-01,gas_cum,8,15,0.034592575815115906,59743.03857372676,-0.0110512590835611
Liquid-WC-volume,History-conditioned,3,validation,2005-01-01,gas_cum,9,15,0.044051892734005234,84236.96831046502,-0.023597532873540206
Liquid-WC-volume,History-conditioned,3,validation,2005-01-01,gas_cum,10,15,0.05540630683944953,116087.45305197261,-0.03667345673626402
Liquid-WC-volume,History-conditioned,3,validation,2005-01-01,gas_cum,11,15,0.06782774040855875,154366.8220760757,-0.050038146987453284
Liquid-WC-volume,History-conditioned,3,validation,2005-01-01,gas_cum,12,15,0.08064273002686305,197744.06482602016,-0.06334213534702615
Liquid-WC-volume,History-conditioned,3,validation,2005-01-01,oil_cum,1,15,0.020660625910311727,14276.909195687906,0.020310461052253734
Liquid-WC-volume,History-conditioned,3,validation,2005-01-01,oil_cum,2,15,0.02602085492933583,35002.734118294546,0.025090253817965702
Liquid-WC-volume,History-conditioned,3,validation,2005-01-01,oil_cum,3,15,0.029557368826609486,58157.220584145536,0.02761238144086694
Liquid-WC-volume,History-conditioned,3,validation,2005-01-01,oil_cum,4,15,0.02984772866393974,76455.1758717782,0.026011659683829118
Liquid-WC-volume,History-conditioned,3,validation,2005-01-01,oil_cum,5,15,0.028009146274295415,87453.1280914601,0.020763539434522773
Liquid-WC-volume,History-conditioned,3,validation,2005-01-01,oil_cum,6,15,0.026310836613688743,96691.50236962961,0.012194176325907314
Liquid-WC-volume,History-conditioned,3,validation,2005-01-01,oil_cum,7,15,0.02805822383021579,118441.16198765591,0.0012609914500287434
Liquid-WC-volume,History-conditioned,3,validation,2005-01-01,oil_cum,8,15,0.03446925377826628,163890.12703243204,-0.010860367324526124
Liquid-WC-volume,History-conditioned,3,validation,2005-01-01,oil_cum,9,15,0.04388920992578855,231046.11674531183,-0.02338174873823728
Liquid-WC-volume,History-conditioned,3,validation,2005-01-01,oil_cum,10,15,0.05521014835696231,318446.04654442036,-0.03643916255733991
Liquid-WC-volume,History-conditioned,3,validation,2005-01-01,oil_cum,11,15,0.06762079114052313,423657.86655292,-0.049805611253825356
Liquid-WC-volume,History-conditioned,3,validation,2005-01-01,oil_cum,12,15,0.0804328833276692,542951.4150440312,-0.06311787386678884
Liquid-WC-volume,History-conditioned,3,validation,2005-01-01,water_cum,1,15,0.0060506121047461696,3417.383822769882,-0.003823791355357945
Liquid-WC-volume,History-conditioned,3,validation,2005-01-01,water_cum,2,15,0.008698045354777618,9985.328653673028,-0.002037213035342508
Liquid-WC-volume,History-conditioned,3,validation,2005-01-01,water_cum,3,15,0.012500172821551164,21860.996414090023,-0.00019688599019084457
Liquid-WC-volume,History-conditioned,3,validation,2005-01-01,water_cum,4,15,0.016766750364472754,39569.48384040299,0.0016050797422967682
Liquid-WC-volume,History-conditioned,3,validation,2005-01-01,water_cum,5,15,0.02101704361881082,62375.165573328166,0.0029510630484666373
Liquid-WC-volume,History-conditioned,3,validation,2005-01-01,water_cum,6,15,0.025372856008004895,91188.53567100634,0.0033825519061037694
Liquid-WC-volume,History-conditioned,3,validation,2005-01-01,water_cum,7,15,0.02973461680373876,126047.35106137821,0.002914495538469184
Liquid-WC-volume,History-conditioned,3,validation,2005-01-01,water_cum,8,15,0.03411168863139279,167006.93756089732,0.0017751114762727302
Liquid-WC-volume,History-conditioned,3,validation,2005-01-01,water_cum,9,15,0.03833384948708759,212691.0412606992,0.0002744581890383822
Liquid-WC-volume,History-conditioned,3,validation,2005-01-01,water_cum,10,15,0.04250012393909392,264307.3858494203,-0.0018137511171369071
Liquid-WC-volume,History-conditioned,3,validation,2005-01-01,water_cum,11,15,0.04662800830167786,322076.80685496633,-0.0043958173467776125
Liquid-WC-volume,History-conditioned,3,validation,2005-01-01,water_cum,12,15,0.05069595433214121,385581.2911657425,-0.007392866191666724
Liquid-WC-volume,History-conditioned,5,train,2003-01-01,gas_cum,1,70,0.02246192947340738,8477.940468651574,0.01594324752492592
Liquid-WC-volume,History-conditioned,5,train,2003-01-01,gas_cum,2,70,0.02799016080286902,20485.19368914108,0.016102497415938402
Liquid-WC-volume,History-conditioned,5,train,2003-01-01,gas_cum,3,70,0.02964859957253015,31672.38564519401,0.009184859020712036
Liquid-WC-volume,History-conditioned,5,train,2003-01-01,gas_cum,4,70,0.03196919880596414,44378.99970687766,-0.004806007766964495
Liquid-WC-volume,History-conditioned,5,train,2003-01-01,gas_cum,5,70,0.040753867610916046,68869.73179839352,-0.023185855342400613
Liquid-WC-volume,History-conditioned,5,train,2003-01-01,gas_cum,6,70,0.056206594486812686,111148.56583507688,-0.04454334139469325
Liquid-WC-volume,History-conditioned,5,train,2003-01-01,gas_cum,7,70,0.07607653746362615,171487.29163555763,-0.06804170816821255
Liquid-WC-volume,History-conditioned,5,train,2003-01-01,gas_cum,8,70,0.09855031382526844,248083.77972102526,-0.09283308024869676
Liquid-WC-volume,History-conditioned,5,train,2003-01-01,gas_cum,9,70,0.12150043132811267,335438.6037389587,-0.11724991040844808
Liquid-WC-volume,History-conditioned,5,train,2003-01-01,gas_cum,10,70,0.1443479148583512,431729.891472788,-0.14102296036147527
Liquid-WC-volume,History-conditioned,5,train,2003-01-01,gas_cum,11,70,0.16724633973939362,536769.1147298897,-0.16447818166831465
Liquid-WC-volume,History-conditioned,5,train,2003-01-01,gas_cum,12,70,0.19033766013329068,650488.5767843097,-0.18784830971781022
Liquid-WC-volume,History-conditioned,5,train,2003-01-01,gas_cum,13,70,0.21316500705422947,770322.8934404481,-0.21074398422290577
Liquid-WC-volume,History-conditioned,5,train,2003-01-01,gas_cum,14,70,0.23638165631556776,899857.7348959424,-0.23387471809589094
Liquid-WC-volume,History-conditioned,5,train,2003-01-01,gas_cum,15,70,0.25968505980501955,1038088.6600938959,-0.2569794456198281
Liquid-WC-volume,History-conditioned,5,train,2003-01-01,gas_cum,16,70,0.28242146032035376,1181520.8159272512,-0.27943812481234487
Liquid-WC-volume,History-conditioned,5,train,2003-01-01,gas_cum,17,70,0.30388347243907843,1325266.8503639987,-0.3005783358206951
Liquid-WC-volume,History-conditioned,5,train,2003-01-01,gas_cum,18,70,0.32466426411925087,1472780.3192563353,-0.32100144547714204
Liquid-WC-volume,History-conditioned,5,train,2003-01-01,gas_cum,19,70,0.3446559388511433,1623040.153612009,-0.34061393957011354
Liquid-WC-volume,History-conditioned,5,train,2003-01-01,gas_cum,20,70,0.3635829157641214,1773461.9541643145,-0.3591566331382871
Liquid-WC-volume,History-conditioned,5,train,2003-01-01,oil_cum,1,70,0.02273290418050339,23612.49479081395,0.01613758342134961
Liquid-WC-volume,History-conditioned,5,train,2003-01-01,oil_cum,2,70,0.02824837950585341,56896.329299615616,0.016270392810992365
Liquid-WC-volume,History-conditioned,5,train,2003-01-01,oil_cum,3,70,0.02983099332340304,87707.23437706902,0.00927630274453173
Liquid-WC-volume,History-conditioned,5,train,2003-01-01,oil_cum,4,70,0.032077644488359584,122563.25500299162,-0.004756278613400961
Liquid-WC-volume,History-conditioned,5,train,2003-01-01,oil_cum,5,70,0.040819634590718815,189873.82774793354,-0.02318501082238763
Liquid-WC-volume,History-conditioned,5,train,2003-01-01,oil_cum,6,70,0.056285867644519705,306393.68044412025,-0.04459755471932159
Liquid-WC-volume,History-conditioned,5,train,2003-01-01,oil_cum,7,70,0.07617012997777897,472656.9186408555,-0.06812400999436645
Liquid-WC-volume,History-conditioned,5,train,2003-01-01,oil_cum,8,70,0.09864893684220101,683633.2551139939,-0.09292932342931678
Liquid-WC-volume,History-conditioned,5,train,2003-01-01,oil_cum,9,70,0.121604986907966,924243.5940403171,-0.11735766399952083
Liquid-WC-volume,History-conditioned,5,train,2003-01-01,oil_cum,10,70,0.14445551806700013,1189437.8488390073,-0.1411355934977044
Liquid-WC-volume,History-conditioned,5,train,2003-01-01,oil_cum,11,70,0.16734692295462358,1478604.1283678708,-0.16457991636458663
Liquid-WC-volume,History-conditioned,5,train,2003-01-01,oil_cum,12,70,0.19042879726541953,1791612.9210415713,-0.18793351035070172
Liquid-WC-volume,History-conditioned,5,train,2003-01-01,oil_cum,13,70,0.21325203785202992,2121496.4340938292,-0.2108176901880312
Liquid-WC-volume,History-conditioned,5,train,2003-01-01,oil_cum,14,70,0.23647467392888244,2478215.9797018566,-0.2339480657146831
Liquid-WC-volume,History-conditioned,5,train,2003-01-01,oil_cum,15,70,0.25979089135888817,2858992.3421285255,-0.2570599795581738
Liquid-WC-volume,History-conditioned,5,train,2003-01-01,oil_cum,16,70,0.2825316599626934,3253982.331691215,-0.2795197951265064
Liquid-WC-volume,History-conditioned,5,train,2003-01-01,oil_cum,17,70,0.30398947197431203,3649702.1958068376,-0.30065492629341095
Liquid-WC-volume,History-conditioned,5,train,2003-01-01,oil_cum,18,70,0.324763393020787,4055740.9380459758,-0.3210716855177081
Liquid-WC-volume,History-conditioned,5,train,2003-01-01,oil_cum,19,70,0.3447485643822826,4469336.492588235,-0.3406787113917736
Liquid-WC-volume,History-conditioned,5,train,2003-01-01,oil_cum,20,70,0.36367082011241664,4883401.942721179,-0.35921773955974945
Liquid-WC-volume,History-conditioned,5,train,2003-01-01,water_cum,1,70,0.0427668846211252,20883.722527110534,0.03922941972043776
Liquid-WC-volume,History-conditioned,5,train,2003-01-01,water_cum,2,70,0.10907052831909021,107899.90595380994,0.10474264011967858
Liquid-WC-volume,History-conditioned,5,train,2003-01-01,water_cum,3,70,0.1808999389509809,271299.91649171815,0.17612068588207908
Liquid-WC-volume,History-conditioned,5,train,2003-01-01,water_cum,4,70,0.24854099161014204,503228.5920956805,0.2437212498329535
Liquid-WC-volume,History-conditioned,5,train,2003-01-01,water_cum,5,70,0.31327360425738554,801429.6745903882,0.3087447229094911
Liquid-WC-volume,History-conditioned,5,train,2003-01-01,water_cum,6,70,0.37641381656277406,1168705.9147875388,0.372347254611942
Liquid-WC-volume,History-conditioned,5,train,2003-01-01,water_cum,7,70,0.43808425018924324,1608085.0134919416,0.43455315418448065
Liquid-WC-volume,History-conditioned,5,train,2003-01-01,water_cum,8,70,0.49669906236487804,2111288.8836486605,0.4936751101280539
Liquid-WC-volume,History-conditioned,5,train,2003-01-01,water_cum,9,70,0.5506086383514777,2660212.7536900314,0.5479944602433838
Liquid-WC-volume,History-conditioned,5,train,2003-01-01,water_cum,10,70,0.6015692160420346,3267090.560119898,0.5992568736166164
Liquid-WC-volume,History-conditioned,5,train,2003-01-01,water_cum,11,70,0.6493215145575066,3927600.3762616217,0.6471953762494508
Liquid-WC-volume,History-conditioned,5,train,2003-01-01,water_cum,12,70,0.693184230860102,4628813.631180163,0.691132510616738
Liquid-WC-volume,History-conditioned,5,train,2003-01-01,water_cum,13,70,0.7322323068378902,5347585.047572737,0.7301636850807178
Liquid-WC-volume,History-conditioned,5,train,2003-01-01,water_cum,14,70,0.7675351115306261,6099716.254523559,0.7653795151093499
Liquid-WC-volume,History-conditioned,5,train,2003-01-01,water_cum,15,70,0.7990923928166619,6880152.607717943,0.7967993793101036
Liquid-WC-volume,History-conditioned,5,train,2003-01-01,water_cum,16,70,0.8268306968937564,7676146.705748076,0.8243661460285632
Liquid-WC-volume,History-conditioned,5,train,2003-01-01,water_cum,17,70,0.8506562621334041,8466367.494257275,0.8480050620726265
Liquid-WC-volume,History-conditioned,5,train,2003-01-01,water_cum,18,70,0.8714271427138124,9272009.620779283,0.8685785860690313
Liquid-WC-volume,History-conditioned,5,train,2003-01-01,water_cum,19,70,0.8893906084805976,10090547.240100445,0.8863424870388612
Liquid-WC-volume,History-conditioned,5,train,2003-01-01,water_cum,20,70,0.9046488032520695,10910936.899142392,0.9014073958536534
Liquid-WC-volume,History-conditioned,5,validation,2003-01-01,gas_cum,1,15,0.021373706221941874,8313.84719836019,0.015072681356777029
Liquid-WC-volume,History-conditioned,5,validation,2003-01-01,gas_cum,2,15,0.026009988513608445,19632.30424455985,0.01603097592911385
Liquid-WC-volume,History-conditioned,5,validation,2003-01-01,gas_cum,3,15,0.026652366719154573,29377.301897776677,0.009970585388124087
Liquid-WC-volume,History-conditioned,5,validation,2003-01-01,gas_cum,4,15,0.027820075817405986,39857.43689622908,-0.0031609299606991685
Liquid-WC-volume,History-conditioned,5,validation,2003-01-01,gas_cum,5,15,0.035930980890308,62668.78099153335,-0.020747598733081747
Liquid-WC-volume,History-conditioned,5,validation,2003-01-01,gas_cum,6,15,0.05106859816882658,104212.98386024628,-0.04136090896486702
Liquid-WC-volume,History-conditioned,5,validation,2003-01-01,gas_cum,7,15,0.0707843828139864,164617.3887038799,-0.06430608637771651
Liquid-WC-volume,History-conditioned,5,validation,2003-01-01,gas_cum,8,15,0.09323697798268787,242092.91883160284,-0.08875236437218642
Liquid-WC-volume,History-conditioned,5,validation,2003-01-01,gas_cum,9,15,0.11639880721815721,331435.22839852504,-0.11314130836448091
Liquid-WC-volume,History-conditioned,5,validation,2003-01-01,gas_cum,10,15,0.13967186929836864,430881.1308716498,-0.13716151224342824
Liquid-WC-volume,History-conditioned,5,validation,2003-01-01,gas_cum,11,15,0.16316056785705818,540230.3685360727,-0.1610645575219184
Liquid-WC-volume,History-conditioned,5,validation,2003-01-01,gas_cum,12,15,0.18693984364268607,659287.651170039,-0.18500235476852644
Liquid-WC-volume,History-conditioned,5,validation,2003-01-01,gas_cum,13,15,0.21047143083137274,785138.8541329696,-0.20849394423122536
Liquid-WC-volume,History-conditioned,5,validation,2003-01-01,gas_cum,14,15,0.2343858956443474,921374.0000546401,-0.23222431246745542
Liquid-WC-volume,History-conditioned,5,validation,2003-01-01,gas_cum,15,15,0.2583333261161432,1066721.124976615,-0.2558804241555224
Liquid-WC-volume,History-conditioned,5,validation,2003-01-01,gas_cum,16,15,0.2816711098807382,1217617.952009763,-0.27885528691707784
Liquid-WC-volume,History-conditioned,5,validation,2003-01-01,gas_cum,17,15,0.3036825327095924,1368959.3902590396,-0.3004743684838154
Liquid-WC-volume,History-conditioned,5,validation,2003-01-01,gas_cum,18,15,0.3249751363781402,1524359.8492135382,-0.3213516433177123
Liquid-WC-volume,History-conditioned,5,validation,2003-01-01,gas_cum,19,15,0.3454236790053361,1682631.1744077902,-0.3413758862944656
Liquid-WC-volume,History-conditioned,5,validation,2003-01-01,gas_cum,20,15,0.3647373630309639,1840937.0252375917,-0.3602690137922237
Liquid-WC-volume,History-conditioned,5,validation,2003-01-01,oil_cum,1,15,0.021960197875550827,23499.36154579177,0.015578423701191611
Liquid-WC-volume,History-conditioned,5,validation,2003-01-01,oil_cum,2,15,0.026829527579032363,55701.134981713556,0.016711709309273293
Liquid-WC-volume,History-conditioned,5,validation,2003-01-01,oil_cum,3,15,0.027314354933356846,82821.47368489938,0.010536211157284913
Liquid-WC-volume,History-conditioned,5,validation,2003-01-01,oil_cum,4,15,0.028119708319296173,110847.51785492657,-0.0027866901134670436
Liquid-WC-volume,History-conditioned,5,validation,2003-01-01,oil_cum,5,15,0.035967171908023954,172634.62782471708,-0.020534257911886854
Liquid-WC-volume,History-conditioned,5,validation,2003-01-01,oil_cum,6,15,0.05113610840444569,287222.93693326577,-0.04132917871879281
Liquid-WC-volume,History-conditioned,5,validation,2003-01-01,oil_cum,7,15,0.07098560376590826,454490.1229894896,-0.0644663379922859
Liquid-WC-volume,History-conditioned,5,validation,2003-01-01,oil_cum,8,15,0.09349450677755611,668400.0583211523,-0.08898695380369767
Liquid-WC-volume,History-conditioned,5,validation,2003-01-01,oil_cum,9,15,0.11665825950573636,914604.1872156862,-0.1133861007412813
Liquid-WC-volume,History-conditioned,5,validation,2003-01-01,oil_cum,10,15,0.13991157495614814,1188417.9314807549,-0.13739261872961064
Liquid-WC-volume,History-conditioned,5,validation,2003-01-01,oil_cum,11,15,0.1633713832329325,1489343.12676913,-0.161263388317299
Liquid-WC-volume,History-conditioned,5,validation,2003-01-01,oil_cum,12,15,0.18712922871612747,1817017.0789269102,-0.18517486578568987
Liquid-WC-volume,History-conditioned,5,validation,2003-01-01,oil_cum,13,15,0.21064663027708402,2163439.158813342,-0.2086472836620138
Liquid-WC-volume,History-conditioned,5,validation,2003-01-01,oil_cum,14,15,0.2345563758117106,2538554.015720929,-0.23236742784308984
Liquid-WC-volume,History-conditioned,5,validation,2003-01-01,oil_cum,15,15,0.25851101877280774,2938934.135719992,-0.25602474204550385
Liquid-WC-volume,History-conditioned,5,validation,2003-01-01,oil_cum,16,15,0.28184543056498673,3354441.2746218415,-0.2789922078969358
Liquid-WC-volume,History-conditioned,5,validation,2003-01-01,oil_cum,17,15,0.3038417524758613,3770958.906360195,-0.3005957596766161
Liquid-WC-volume,History-conditioned,5,validation,2003-01-01,oil_cum,18,15,0.32512015385139625,4198636.906396195,-0.3214596841753764
Liquid-WC-volume,History-conditioned,5,validation,2003-01-01,oil_cum,19,15,0.3455608713913965,4634318.928091686,-0.34147725150992975
Liquid-WC-volume,History-conditioned,5,validation,2003-01-01,oil_cum,20,15,0.36486918825785564,5070133.999460986,-0.36036649109193664
Liquid-WC-volume,History-conditioned,5,validation,2003-01-01,water_cum,1,15,0.04347896355000847,20071.965749888906,0.04091760220129953
Liquid-WC-volume,History-conditioned,5,validation,2003-01-01,water_cum,2,15,0.11173544396143374,104611.55800176722,0.10872837932711735
Liquid-WC-volume,History-conditioned,5,validation,2003-01-01,water_cum,3,15,0.18569017579072034,263956.4188030692,0.1823387269686356
Liquid-WC-volume,History-conditioned,5,validation,2003-01-01,water_cum,4,15,0.2552476483708895,490884.0228825364,0.2517867329577207
Liquid-WC-volume,History-conditioned,5,validation,2003-01-01,water_cum,5,15,0.32175706522443415,783689.2722782833,0.31849903099785576
Liquid-WC-volume,History-conditioned,5,validation,2003-01-01,water_cum,6,15,0.38663871249692383,1145793.5183318625,0.3837674172794514
Liquid-WC-volume,History-conditioned,5,validation,2003-01-01,water_cum,7,15,0.4504055434499777,1581713.3447049323,0.4479905927401655
Liquid-WC-volume,History-conditioned,5,validation,2003-01-01,water_cum,8,15,0.511575139019131,2084466.6921933794,0.5095708560158454
Liquid-WC-volume,History-conditioned,5,validation,2003-01-01,water_cum,9,15,0.5683677849976503,2636459.774761786,0.5666647832794423
Liquid-WC-volume,History-conditioned,5,validation,2003-01-01,water_cum,10,15,0.6224492086382448,3249890.208982137,0.6209393681615601
Liquid-WC-volume,History-conditioned,5,validation,2003-01-01,water_cum,11,15,0.6734487152245561,3920370.999208928,0.6720235173917603
Liquid-WC-volume,History-conditioned,5,validation,2003-01-01,water_cum,12,15,0.7205943458573999,4634787.875921344,0.7191536906415978
Liquid-WC-volume,History-conditioned,5,validation,2003-01-01,water_cum,13,15,0.7627104555951555,5368897.439906392,0.7611725322956542
Liquid-WC-volume,History-conditioned,5,validation,2003-01-01,water_cum,14,15,0.800836243454303,6138323.8341638725,0.799136597142346
Liquid-WC-volume,History-conditioned,5,validation,2003-01-01,water_cum,15,15,0.83484257115618,6937232.035136349,0.8329326218304567
Liquid-WC-volume,History-conditioned,5,validation,2003-01-01,water_cum,16,15,0.8646146067535737,7752209.754827492,0.8624616121857597
Liquid-WC-volume,History-conditioned,5,validation,2003-01-01,water_cum,17,15,0.8901319459555951,8561538.4198395,0.8877267987039463
Liquid-WC-volume,History-conditioned,5,validation,2003-01-01,water_cum,18,15,0.9123810040607401,9387104.471504372,0.9097187371555965
Liquid-WC-volume,History-conditioned,5,validation,2003-01-01,water_cum,19,15,0.9316401930155737,10226318.674333928,0.9287244446358018
Liquid-WC-volume,History-conditioned,5,validation,2003-01-01,water_cum,20,15,0.947999128907315,11067695.431178687,0.9448418965839823
Liquid-WC-volume,Input-only PolyRidge,3,train,2003-01-01,gas_cum,1,70,0.041832658542951956,15789.15066902201,0.015570765938336341
Liquid-WC-volume,Input-only PolyRidge,3,train,2003-01-01,gas_cum,2,70,0.02648461581263491,19383.32861055602,0.01613786690752505
Liquid-WC-volume,Input-only PolyRidge,3,train,2003-01-01,gas_cum,3,70,0.022234919699322765,23752.654818791296,0.009338431715065636
Liquid-WC-volume,Input-only PolyRidge,3,train,2003-01-01,gas_cum,4,70,0.022001041783607782,30541.40433083295,-0.004613308961235196
Liquid-WC-volume,Input-only PolyRidge,3,train,2003-01-01,gas_cum,5,70,0.03198552262941431,54052.15490097863,-0.022988240755566988
Liquid-WC-volume,Input-only PolyRidge,3,train,2003-01-01,gas_cum,6,70,0.0495173218917602,97920.52627480056,-0.044358476414379656
Liquid-WC-volume,Input-only PolyRidge,3,train,2003-01-01,gas_cum,7,70,0.0709786772486897,159995.99260247406,-0.06787980179036139
Liquid-WC-volume,Input-only PolyRidge,3,train,2003-01-01,gas_cum,8,70,0.09457166110621903,238068.19309905721,-0.09269979360772286
Liquid-WC-volume,Input-only PolyRidge,3,train,2003-01-01,gas_cum,9,70,0.11829593371589495,326591.6211152976,-0.11714740930103673
Liquid-WC-volume,Input-only PolyRidge,3,train,2003-01-01,gas_cum,10,70,0.1417120680150812,423846.3423913861,-0.1409527170588146
Liquid-WC-volume,Input-only PolyRidge,3,train,2003-01-01,gas_cum,11,70,0.1650650918809371,529768.504230344,-0.16444071893099457
Liquid-WC-volume,Input-only PolyRidge,3,train,2003-01-01,gas_cum,12,70,0.18853645151070922,644332.8552493589,-0.18784301839611056
Liquid-WC-volume,Input-only PolyRidge,3,train,2003-01-01,oil_cum,1,70,0.04374708049421226,45439.76000958236,0.015684849841808863
Liquid-WC-volume,Input-only PolyRidge,3,train,2003-01-01,oil_cum,2,70,0.027497473168946865,55383.895136482475,0.01626421841132212
Liquid-WC-volume,Input-only PolyRidge,3,train,2003-01-01,oil_cum,3,70,0.022870715278733886,67243.0570305359,0.00940130014010085
Liquid-WC-volume,Input-only PolyRidge,3,train,2003-01-01,oil_cum,4,70,0.02234777182139379,85387.05694204255,-0.004585657065664963
Liquid-WC-volume,Input-only PolyRidge,3,train,2003-01-01,oil_cum,5,70,0.032132874290591196,149467.0861038268,-0.02300560240169505
Liquid-WC-volume,Input-only PolyRidge,3,train,2003-01-01,oil_cum,6,70,0.049630658072595084,270165.8626951393,-0.04442830628525762
Liquid-WC-volume,Input-only PolyRidge,3,train,2003-01-01,oil_cum,7,70,0.07109150797494714,441142.65146682784,-0.06797584664356342
Liquid-WC-volume,Input-only PolyRidge,3,train,2003-01-01,oil_cum,8,70,0.09468983938271891,656196.8653243226,-0.09280837457973161
Liquid-WC-volume,Input-only PolyRidge,3,train,2003-01-01,oil_cum,9,70,0.11842505395807333,900074.9087491425,-0.11726643617874204
Liquid-WC-volume,Input-only PolyRidge,3,train,2003-01-01,oil_cum,10,70,0.14184907506002797,1167976.557468355,-0.14107577364189716
Liquid-WC-volume,Input-only PolyRidge,3,train,2003-01-01,oil_cum,11,70,0.16519519320259704,1459592.3865425305,-0.1645521798003517
Liquid-WC-volume,Input-only PolyRidge,3,train,2003-01-01,oil_cum,12,70,0.18865319205123526,1774907.4789546407,-0.18793736309673717
Liquid-WC-volume,Input-only PolyRidge,3,train,2003-01-01,water_cum,1,70,0.07712262408523361,37660.15449166228,0.03226767333599716
Liquid-WC-volume,Input-only PolyRidge,3,train,2003-01-01,water_cum,2,70,0.10840080255228861,107237.3681595368,0.10127978959448135
Liquid-WC-volume,Input-only PolyRidge,3,train,2003-01-01,water_cum,3,70,0.17702518393844938,265488.8547665369,0.17389870431807422
Liquid-WC-volume,Input-only PolyRidge,3,train,2003-01-01,water_cum,4,70,0.24458050730990052,495209.67768837896,0.24218698265021552
Liquid-WC-volume,Input-only PolyRidge,3,train,2003-01-01,water_cum,5,70,0.30974163342713407,792394.038664849,0.30767055176009045
Liquid-WC-volume,Input-only PolyRidge,3,train,2003-01-01,water_cum,6,70,0.3734033361698766,1159358.8449226248,0.3716201397763055
Liquid-WC-volume,Input-only PolyRidge,3,train,2003-01-01,water_cum,7,70,0.43559607606540807,1598951.6207306876,0.4341076056002207
Liquid-WC-volume,Input-only PolyRidge,3,train,2003-01-01,water_cum,8,70,0.49469435441486165,2102767.591923889,0.4934640128393256
Liquid-WC-volume,Input-only PolyRidge,3,train,2003-01-01,water_cum,9,70,0.5490260839114212,2652566.7939073234,0.5479790862572341
Liquid-WC-volume,Input-only PolyRidge,3,train,2003-01-01,water_cum,10,70,0.6003616182764088,3260532.1605953085,0.5994130090347726
Liquid-WC-volume,Input-only PolyRidge,3,train,2003-01-01,water_cum,11,70,0.648441366355485,3922276.55696421,0.6475030773378465
Liquid-WC-volume,Input-only PolyRidge,3,train,2003-01-01,water_cum,12,70,0.6925837782117892,4624804.04284902,0.6915735142028686
Liquid-WC-volume,Input-only PolyRidge,3,train,2004-01-01,gas_cum,1,70,0.07386862322176428,22287.862947475056,0.008523780391557965
Liquid-WC-volume,Input-only PolyRidge,3,train,2004-01-01,gas_cum,2,70,0.03943240555373711,23239.010404893863,0.004561135815577966
Liquid-WC-volume,Input-only PolyRidge,3,train,2004-01-01,gas_cum,3,70,0.028975304169572162,25092.30807097469,2.7494116057285345e-05
Liquid-WC-volume,Input-only PolyRidge,3,train,2004-01-01,gas_cum,4,70,0.025917485319564556,29265.84602677453,-0.005089279844901331
Liquid-WC-volume,Input-only PolyRidge,3,train,2004-01-01,gas_cum,5,70,0.026483967738560755,36354.126797182835,-0.009408319283152538
Liquid-WC-volume,Input-only PolyRidge,3,train,2004-01-01,gas_cum,6,70,0.02820233311464601,45203.043736606094,-0.011952202804360702
Liquid-WC-volume,Input-only PolyRidge,3,train,2004-01-01,gas_cum,7,70,0.03072669503694486,55965.946540647245,-0.01439922728009443
Liquid-WC-volume,Input-only PolyRidge,3,train,2004-01-01,gas_cum,8,70,0.034397706328349695,69812.4362176004,-0.018309632813326596
Liquid-WC-volume,Input-only PolyRidge,3,train,2004-01-01,gas_cum,9,70,0.0394511820659456,87811.26477249204,-0.02413309602021211
Liquid-WC-volume,Input-only PolyRidge,3,train,2004-01-01,gas_cum,10,70,0.04638064914817722,112192.62008408405,-0.03217356568116942
Liquid-WC-volume,Input-only PolyRidge,3,train,2004-01-01,gas_cum,11,70,0.05521724022861034,144101.5468068669,-0.0421561681626134
Liquid-WC-volume,Input-only PolyRidge,3,train,2004-01-01,gas_cum,12,70,0.06548682346642151,183091.00264417427,-0.053381930471344055
Liquid-WC-volume,Input-only PolyRidge,3,train,2004-01-01,oil_cum,1,70,0.07686676995796426,63855.2626041917,0.008417247561207165
Liquid-WC-volume,Input-only PolyRidge,3,train,2004-01-01,oil_cum,2,70,0.04095967386092686,66467.26084571143,0.004346283495291556
Liquid-WC-volume,Input-only PolyRidge,3,train,2004-01-01,oil_cum,3,70,0.0299987060615302,71532.83034028942,-0.00019758945490792762
Liquid-WC-volume,Input-only PolyRidge,3,train,2004-01-01,oil_cum,4,70,0.026665673527933004,82910.30870377556,-0.005306717337475323
Liquid-WC-volume,Input-only PolyRidge,3,train,2004-01-01,oil_cum,5,70,0.027053912485779326,102256.37609674621,-0.009626978768212854
Liquid-WC-volume,Input-only PolyRidge,3,train,2004-01-01,oil_cum,6,70,0.028655008711070094,126465.38144123007,-0.012165801870350395
Liquid-WC-volume,Input-only PolyRidge,3,train,2004-01-01,oil_cum,7,70,0.031095239403355294,155946.57375672716,-0.014580212324544728
Liquid-WC-volume,Input-only PolyRidge,3,train,2004-01-01,oil_cum,8,70,0.034704619312302835,193930.51938373208,-0.01845089830957021
Liquid-WC-volume,Input-only PolyRidge,3,train,2004-01-01,oil_cum,9,70,0.03970948010026434,243347.98902552287,-0.024247901498293388
Liquid-WC-volume,Input-only PolyRidge,3,train,2004-01-01,oil_cum,10,70,0.046611011303861284,310426.57158931706,-0.0322860818404641
Liquid-WC-volume,Input-only PolyRidge,3,train,2004-01-01,oil_cum,11,70,0.055443254421333785,398376.00145589904,-0.04228244940537013
Liquid-WC-volume,Input-only PolyRidge,3,train,2004-01-01,oil_cum,12,70,0.06570908851518509,505813.1283792018,-0.05350980364713086
Liquid-WC-volume,Input-only PolyRidge,3,train,2004-01-01,water_cum,1,70,0.05911216305500364,31565.961548291383,0.0033456021315016907
Liquid-WC-volume,Input-only PolyRidge,3,train,2004-01-01,water_cum,2,70,0.0369438016958739,39941.7118349213,0.020913373815197252
Liquid-WC-volume,Input-only PolyRidge,3,train,2004-01-01,water_cum,3,70,0.04334368202312903,71411.94966929663,0.03545773739211593
Liquid-WC-volume,Input-only PolyRidge,3,train,2004-01-01,water_cum,4,70,0.05458246506193361,121610.16343781086,0.0483767984480982
Liquid-WC-volume,Input-only PolyRidge,3,train,2004-01-01,water_cum,5,70,0.06587772432876685,185065.61524222197,0.05996492331097202
Liquid-WC-volume,Input-only PolyRidge,3,train,2004-01-01,water_cum,6,70,0.07707207220379675,262753.3927354677,0.07107796041256846
Liquid-WC-volume,Input-only PolyRidge,3,train,2004-01-01,water_cum,7,70,0.08805716480265725,354640.34418087854,0.08180602361499711
Liquid-WC-volume,Input-only PolyRidge,3,train,2004-01-01,water_cum,8,70,0.09862425684559162,459248.00947025133,0.09200772930983679
Liquid-WC-volume,Input-only PolyRidge,3,train,2004-01-01,water_cum,9,70,0.10840442593357619,572628.8168636261,0.10136692377568328
Liquid-WC-volume,Input-only PolyRidge,3,train,2004-01-01,water_cum,10,70,0.11740097825995248,695791.0651439916,0.10986618751969736
Liquid-WC-volume,Input-only PolyRidge,3,train,2004-01-01,water_cum,11,70,0.12558179356996316,827543.1971473471,0.11747792151948785
Liquid-WC-volume,Input-only PolyRidge,3,train,2004-01-01,water_cum,12,70,0.13295038212479254,965719.9070420063,0.124213682576806
Liquid-WC-volume,Input-only PolyRidge,3,train,2005-01-01,gas_cum,1,70,0.11659769686817878,28393.71035926442,0.01796557324229517
Liquid-WC-volume,Input-only PolyRidge,3,train,2005-01-01,gas_cum,2,70,0.06998723766208555,33152.6887622247,0.024971772030085305
Liquid-WC-volume,Input-only PolyRidge,3,train,2005-01-01,gas_cum,3,70,0.058527324203271815,40522.494707452424,0.028781969283390905
Liquid-WC-volume,Input-only PolyRidge,3,train,2005-01-01,gas_cum,4,70,0.05368194462237083,48346.72136519439,0.02829426296357792
Liquid-WC-volume,Input-only PolyRidge,3,train,2005-01-01,gas_cum,5,70,0.05013767976504523,54999.315486422245,0.023968802735051524
Liquid-WC-volume,Input-only PolyRidge,3,train,2005-01-01,gas_cum,6,70,0.04725382420872785,60966.89140925174,0.016212295074822834
Liquid-WC-volume,Input-only PolyRidge,3,train,2005-01-01,gas_cum,7,70,0.04619753666721313,68421.76930317265,0.0059270264506768216
Liquid-WC-volume,Input-only PolyRidge,3,train,2005-01-01,gas_cum,8,70,0.04822310862242905,80402.1312928967,-0.005635489121157066
Liquid-WC-volume,Input-only PolyRidge,3,train,2005-01-01,gas_cum,9,70,0.05331646532696173,98370.53852327127,-0.017631050281002942
Liquid-WC-volume,Input-only PolyRidge,3,train,2005-01-01,gas_cum,10,70,0.061018909293304884,123283.82650444945,-0.030141516453179182
Liquid-WC-volume,Input-only PolyRidge,3,train,2005-01-01,gas_cum,11,70,0.07058551806428633,154824.74027111303,-0.04297428175643997
Liquid-WC-volume,Input-only PolyRidge,3,train,2005-01-01,gas_cum,12,70,0.08123324365848926,191887.46825676513,-0.05582743499775096
Liquid-WC-volume,Input-only PolyRidge,3,train,2005-01-01,oil_cum,1,70,0.11821948281808696,79272.03050633923,0.01771874063003794
Liquid-WC-volume,Input-only PolyRidge,3,train,2005-01-01,oil_cum,2,70,0.0706672669304514,92174.02511980216,0.024777688896365627
Liquid-WC-volume,Input-only PolyRidge,3,train,2005-01-01,oil_cum,3,70,0.05892528688943955,112328.62514498385,0.02868477043669953
Liquid-WC-volume,Input-only PolyRidge,3,train,2005-01-01,oil_cum,4,70,0.05400119332320724,133892.66943017606,0.028281379323774707
Liquid-WC-volume,Input-only PolyRidge,3,train,2005-01-01,oil_cum,5,70,0.05043191350757442,152298.37600114354,0.02399663630912443
Liquid-WC-volume,Input-only PolyRidge,3,train,2005-01-01,oil_cum,6,70,0.04753625910908258,168843.67968420254,0.016228653150279593
Liquid-WC-volume,Input-only PolyRidge,3,train,2005-01-01,oil_cum,7,70,0.046486784436660634,189551.0985958011,0.0059050986488815614
Liquid-WC-volume,Input-only PolyRidge,3,train,2005-01-01,oil_cum,8,70,0.048499899873678594,222627.83619554402,-0.005668990213396827
Liquid-WC-volume,Input-only PolyRidge,3,train,2005-01-01,oil_cum,9,70,0.053552285328677285,272020.52519857185,-0.017653282654413252
Liquid-WC-volume,Input-only PolyRidge,3,train,2005-01-01,oil_cum,10,70,0.06120307971044202,340429.06377581286,-0.030148801472245898
Liquid-WC-volume,Input-only PolyRidge,3,train,2005-01-01,oil_cum,11,70,0.07072490766383019,427073.1946321848,-0.04297016684811843
Liquid-WC-volume,Input-only PolyRidge,3,train,2005-01-01,oil_cum,12,70,0.0813400662408078,528955.1290149487,-0.05581775667776105
Liquid-WC-volume,Input-only PolyRidge,3,train,2005-01-01,water_cum,1,70,0.07960361518247706,46272.32384054886,-0.012016877865471703
Liquid-WC-volume,Input-only PolyRidge,3,train,2005-01-01,water_cum,2,70,0.04759658513091952,56226.30396889162,-0.00749797898238249
Liquid-WC-volume,Input-only PolyRidge,3,train,2005-01-01,water_cum,3,70,0.039761879546337676,71554.01749659536,-0.0055751444042311
Liquid-WC-volume,Input-only PolyRidge,3,train,2005-01-01,water_cum,4,70,0.03814591064769626,92647.52122202894,-0.004485047229690899
Liquid-WC-volume,Input-only PolyRidge,3,train,2005-01-01,water_cum,5,70,0.03889376236360311,118805.06430740819,-0.004027586732341695
Liquid-WC-volume,Input-only PolyRidge,3,train,2005-01-01,water_cum,6,70,0.04078525668503622,150861.67293671626,-0.004496033876062579
Liquid-WC-volume,Input-only PolyRidge,3,train,2005-01-01,water_cum,7,70,0.043303375051241835,188890.13255222508,-0.00574301794496707
Liquid-WC-volume,Input-only PolyRidge,3,train,2005-01-01,water_cum,8,70,0.04621108068831596,232725.48830969096,-0.007537451110476205
Liquid-WC-volume,Input-only PolyRidge,3,train,2005-01-01,water_cum,9,70,0.04927157653685172,281109.67849450366,-0.00965311154883382
Liquid-WC-volume,Input-only PolyRidge,3,train,2005-01-01,water_cum,10,70,0.052587985314846535,336185.8098483524,-0.012372847217134865
Liquid-WC-volume,Input-only PolyRidge,3,train,2005-01-01,water_cum,11,70,0.056122903253313344,398387.75020045735,-0.015602648315554715
Liquid-WC-volume,Input-only PolyRidge,3,train,2005-01-01,water_cum,12,70,0.05980589401466285,467336.0907571237,-0.01923099898234261
Liquid-WC-volume,Input-only PolyRidge,3,validation,2003-01-01,gas_cum,1,15,0.08014448547832717,31174.238063307344,-0.007067396596307678
Liquid-WC-volume,Input-only PolyRidge,3,validation,2003-01-01,gas_cum,2,15,0.04268106274054005,32215.60858302669,0.004231276986091886
Liquid-WC-volume,Input-only PolyRidge,3,validation,2003-01-01,gas_cum,3,15,0.03152231744817387,34745.155878672056,0.0019077324258178444
Liquid-WC-volume,Input-only PolyRidge,3,validation,2003-01-01,gas_cum,4,15,0.02853531859829568,40882.155311516726,-0.00911183380598631
Liquid-WC-volume,Input-only PolyRidge,3,validation,2003-01-01,gas_cum,5,15,0.035007015568614096,61057.25303002908,-0.025236794836812758
Liquid-WC-volume,Input-only PolyRidge,3,validation,2003-01-01,gas_cum,6,15,0.04974122806031752,101504.28997291207,-0.04470334164815664
Liquid-WC-volume,Input-only PolyRidge,3,validation,2003-01-01,gas_cum,7,15,0.0693811204518192,161353.93740935568,-0.06668465978245416
Liquid-WC-volume,Input-only PolyRidge,3,validation,2003-01-01,gas_cum,8,15,0.09172920089032639,238177.9253908567,-0.09030914891462068
Liquid-WC-volume,Input-only PolyRidge,3,validation,2003-01-01,gas_cum,9,15,0.1147184512945676,326650.56468387094,-0.11400853388557279
Liquid-WC-volume,Input-only PolyRidge,3,validation,2003-01-01,gas_cum,10,15,0.137774875794745,425028.995361446,-0.13743404189928277
Liquid-WC-volume,Input-only PolyRidge,3,validation,2003-01-01,gas_cum,11,15,0.16104961359132788,533240.924849303,-0.16083082033022586
Liquid-WC-volume,Input-only PolyRidge,3,validation,2003-01-01,gas_cum,12,15,0.1846444336527137,651192.3439777761,-0.1843501975027972
Liquid-WC-volume,Input-only PolyRidge,3,validation,2003-01-01,oil_cum,1,15,0.08295872542548376,88773.20200843646,-0.006999380599677159
Liquid-WC-volume,Input-only PolyRidge,3,validation,2003-01-01,oil_cum,2,15,0.04447801261048967,92341.3868111276,0.004686037176596084
Liquid-WC-volume,Input-only PolyRidge,3,validation,2003-01-01,oil_cum,3,15,0.032809626640752584,99484.01256659337,0.0023209907834822853
Liquid-WC-volume,Input-only PolyRidge,3,validation,2003-01-01,oil_cum,4,15,0.029275263611215234,115402.70151468932,-0.008852491452568566
Liquid-WC-volume,Input-only PolyRidge,3,validation,2003-01-01,oil_cum,5,15,0.035292038019635506,169394.13152292717,-0.025116173967235544
Liquid-WC-volume,Input-only PolyRidge,3,validation,2003-01-01,oil_cum,6,15,0.04990293277552413,280296.3964329217,-0.0447495402476058
Liquid-WC-volume,Input-only PolyRidge,3,validation,2003-01-01,oil_cum,7,15,0.06962266058100137,445763.7871851372,-0.06691232579745157
Liquid-WC-volume,Input-only PolyRidge,3,validation,2003-01-01,oil_cum,8,15,0.09201878775993855,657850.0194853093,-0.09060374053244087
Liquid-WC-volume,Input-only PolyRidge,3,validation,2003-01-01,oil_cum,9,15,0.11501286412078794,901704.2389816293,-0.11430791956502832
Liquid-WC-volume,Input-only PolyRidge,3,validation,2003-01-01,oil_cum,10,15,0.13805497103977699,1172647.8182033908,-0.13771550259358992
Liquid-WC-volume,Input-only PolyRidge,3,validation,2003-01-01,oil_cum,11,15,0.16130021629793698,1470461.7402130219,-0.16107655901860327
Liquid-WC-volume,Input-only PolyRidge,3,validation,2003-01-01,oil_cum,12,15,0.18487130541334007,1795092.7369509407,-0.18456673886047817
Liquid-WC-volume,Input-only PolyRidge,3,validation,2003-01-01,water_cum,1,15,0.05588040575267146,25797.063655104033,0.021566964841202064
Liquid-WC-volume,Input-only PolyRidge,3,validation,2003-01-01,water_cum,2,15,0.09880734903357316,92507.7160654069,0.09555089518140612
Liquid-WC-volume,Input-only PolyRidge,3,validation,2003-01-01,water_cum,3,15,0.17230535311453243,244930.0495033681,0.17062496037592279
Liquid-WC-volume,Input-only PolyRidge,3,validation,2003-01-01,water_cum,4,15,0.24201584774286924,465437.05181848095,0.2403959365943689
Liquid-WC-volume,Input-only PolyRidge,3,validation,2003-01-01,water_cum,5,15,0.30860552028384686,751656.6433237806,0.30698830704415403
Liquid-WC-volume,Input-only PolyRidge,3,validation,2003-01-01,water_cum,6,15,0.3734443177787198,1106692.2812912217,0.37194769599707117
Liquid-WC-volume,Input-only PolyRidge,3,validation,2003-01-01,water_cum,7,15,0.43706384962688855,1534860.601731774,0.4357928723236357
Liquid-WC-volume,Input-only PolyRidge,3,validation,2003-01-01,water_cum,8,15,0.49802425823615815,2029252.2036704454,0.4970065847980157
Liquid-WC-volume,Input-only PolyRidge,3,validation,2003-01-01,water_cum,9,15,0.5546017158565892,2572603.7848464767,0.553796735718434
Liquid-WC-volume,Input-only PolyRidge,3,validation,2003-01-01,water_cum,10,15,0.6085032936570357,3177076.729707446,0.6078415118945595
Liquid-WC-volume,Input-only PolyRidge,3,validation,2003-01-01,water_cum,11,15,0.6593828492125553,3838488.8722620835,0.6587811058798858
Liquid-WC-volume,Input-only PolyRidge,3,validation,2003-01-01,water_cum,12,15,0.7064741619515783,4543968.321828656,0.7058532070912005
Liquid-WC-volume,Input-only PolyRidge,3,validation,2004-01-01,gas_cum,1,15,0.13473974966952887,41967.058302013786,-0.03667248556726384
Liquid-WC-volume,Input-only PolyRidge,3,validation,2004-01-01,gas_cum,2,15,0.07036134303817064,42778.30372367532,-0.019344563463292466
Liquid-WC-volume,Input-only PolyRidge,3,validation,2004-01-01,gas_cum,3,15,0.04928611452111358,44010.45828774632,-0.016041705378205394
Liquid-WC-volume,Input-only PolyRidge,3,validation,2004-01-01,gas_cum,4,15,0.040194685436872366,46781.952283334154,-0.01680230267748608
Liquid-WC-volume,Input-only PolyRidge,3,validation,2004-01-01,gas_cum,5,15,0.03639558802297261,51491.51261355855,-0.018550734250930134
Liquid-WC-volume,Input-only PolyRidge,3,validation,2004-01-01,gas_cum,6,15,0.034637512897217886,57232.67057792861,-0.0194917164510667
Liquid-WC-volume,Input-only PolyRidge,3,validation,2004-01-01,gas_cum,7,15,0.03451836934626834,64840.60641122604,-0.020915683232179384
Liquid-WC-volume,Input-only PolyRidge,3,validation,2004-01-01,gas_cum,8,15,0.036488097183100386,76412.32190713567,-0.024164729538823083
Liquid-WC-volume,Input-only PolyRidge,3,validation,2004-01-01,gas_cum,9,15,0.040632645374774984,93367.92382669715,-0.0295300891014082
Liquid-WC-volume,Input-only PolyRidge,3,validation,2004-01-01,gas_cum,10,15,0.047204440735870136,117941.81156613653,-0.03722276160696282
Liquid-WC-volume,Input-only PolyRidge,3,validation,2004-01-01,gas_cum,11,15,0.05596678587390182,150932.10706113177,-0.04688419605024031
Liquid-WC-volume,Input-only PolyRidge,3,validation,2004-01-01,gas_cum,12,15,0.06632129512785927,191699.499495003,-0.057866427183348855
Liquid-WC-volume,Input-only PolyRidge,3,validation,2004-01-01,oil_cum,1,15,0.1379214180426842,118311.93696468131,-0.03650094623929145
Liquid-WC-volume,Input-only PolyRidge,3,validation,2004-01-01,oil_cum,2,15,0.07201317661537747,120614.68369549284,-0.019738802372261072
Liquid-WC-volume,Input-only PolyRidge,3,validation,2004-01-01,oil_cum,3,15,0.05049443909013685,124249.5036082016,-0.016808759865377384
Liquid-WC-volume,Input-only PolyRidge,3,validation,2004-01-01,oil_cum,4,15,0.04122961191507348,132231.56576246847,-0.017607712235483915
Liquid-WC-volume,Input-only PolyRidge,3,validation,2004-01-01,oil_cum,5,15,0.03728954726944633,145361.23095440108,-0.019286354565121334
Liquid-WC-volume,Input-only PolyRidge,3,validation,2004-01-01,oil_cum,6,15,0.03537299021453709,161026.9152456628,-0.020140175755530728
Liquid-WC-volume,Input-only PolyRidge,3,validation,2004-01-01,oil_cum,7,15,0.035123723705938276,181749.85136279865,-0.021459655440903596
Liquid-WC-volume,Input-only PolyRidge,3,validation,2004-01-01,oil_cum,8,15,0.03701395187688118,213507.78785402913,-0.024629481840531958
Liquid-WC-volume,Input-only PolyRidge,3,validation,2004-01-01,oil_cum,9,15,0.04110830623420648,260171.28775871033,-0.029937969604168106
Liquid-WC-volume,Input-only PolyRidge,3,validation,2004-01-01,oil_cum,10,15,0.04764213398438872,327843.4086208805,-0.03759618323589185
Liquid-WC-volume,Input-only PolyRidge,3,validation,2004-01-01,oil_cum,11,15,0.05638650179407159,418807.24936353083,-0.04724940210434957
Liquid-WC-volume,Input-only PolyRidge,3,validation,2004-01-01,oil_cum,12,15,0.0667206146713989,531136.7207808526,-0.05820845503773133
Liquid-WC-volume,Input-only PolyRidge,3,validation,2004-01-01,water_cum,1,15,0.04047874331574948,20770.63919050796,0.0019982943575748884
Liquid-WC-volume,Input-only PolyRidge,3,validation,2004-01-01,water_cum,2,15,0.02695857760029629,28081.93555979447,0.01808153235203502
Liquid-WC-volume,Input-only PolyRidge,3,validation,2004-01-01,water_cum,3,15,0.03634353407164459,57811.6277693013,0.031649611604024394
Liquid-WC-volume,Input-only PolyRidge,3,validation,2004-01-01,water_cum,4,15,0.04831763795603013,104089.27082046184,0.04419338990108198
Liquid-WC-volume,Input-only PolyRidge,3,validation,2004-01-01,water_cum,5,15,0.05994495055061954,162988.70021020382,0.055894090540753213
Liquid-WC-volume,Input-only PolyRidge,3,validation,2004-01-01,water_cum,6,15,0.07146799110662957,235992.183305973,0.06743907209633254
Liquid-WC-volume,Input-only PolyRidge,3,validation,2004-01-01,water_cum,7,15,0.08286900320360793,323423.50208121934,0.07886065019623788
Liquid-WC-volume,Input-only PolyRidge,3,validation,2004-01-01,water_cum,8,15,0.09401498637428084,424372.5890475169,0.09000223062379302
Liquid-WC-volume,Input-only PolyRidge,3,validation,2004-01-01,water_cum,9,15,0.10443629310484846,534886.0057162271,0.1003777496698854
Liquid-WC-volume,Input-only PolyRidge,3,validation,2004-01-01,water_cum,10,15,0.11412520301084082,655956.124286603,0.10991480619638722
Liquid-WC-volume,Input-only PolyRidge,3,validation,2004-01-01,water_cum,11,15,0.12297552258923085,786154.1037166832,0.1184907998548147
Liquid-WC-volume,Input-only PolyRidge,3,validation,2004-01-01,water_cum,12,15,0.13097485570573714,923311.1202157346,0.1260953160562161
Liquid-WC-volume,Input-only PolyRidge,3,validation,2005-01-01,gas_cum,1,15,0.2033812613274914,51029.326110781025,-0.05603218225668455
Liquid-WC-volume,Input-only PolyRidge,3,validation,2005-01-01,gas_cum,2,15,0.10657226182560553,52059.7430084326,-0.015804326095087178
Liquid-WC-volume,Input-only PolyRidge,3,validation,2005-01-01,gas_cum,3,15,0.07649802291779324,54668.77925506264,-0.0015911039036002998
Liquid-WC-volume,Input-only PolyRidge,3,validation,2005-01-01,gas_cum,4,15,0.06350455225209617,59086.89967969983,0.0026474667260895316
Liquid-WC-volume,Input-only PolyRidge,3,validation,2005-01-01,gas_cum,5,15,0.057220906225551926,64899.20498206793,0.0008785735092939449
Liquid-WC-volume,Input-only PolyRidge,3,validation,2005-01-01,gas_cum,6,15,0.054731052463249545,73062.75004090657,-0.00527410371038731
Liquid-WC-volume,Input-only PolyRidge,3,validation,2005-01-01,gas_cum,7,15,0.055757610176240015,85493.6679161755,-0.01439845371861148
Liquid-WC-volume,Input-only PolyRidge,3,validation,2005-01-01,gas_cum,8,15,0.060130104884419125,103847.5768544052,-0.02518027658842851
Liquid-WC-volume,Input-only PolyRidge,3,validation,2005-01-01,gas_cum,9,15,0.06705767174316285,128229.10933045822,-0.03670511625664696
Liquid-WC-volume,Input-only PolyRidge,3,validation,2005-01-01,gas_cum,10,15,0.07605122647221403,159342.74789728606,-0.04894840303828799
Liquid-WC-volume,Input-only PolyRidge,3,validation,2005-01-01,gas_cum,11,15,0.0864918824326595,196843.9011248924,-0.061621791739505286
Liquid-WC-volume,Input-only PolyRidge,3,validation,2005-01-01,gas_cum,12,15,0.09771854769925635,239615.6829575274,-0.07434920042144064
Liquid-WC-volume,Input-only PolyRidge,3,validation,2005-01-01,oil_cum,1,15,0.20844644503751134,144040.697551142,-0.05955101890680385
Liquid-WC-volume,Input-only PolyRidge,3,validation,2005-01-01,oil_cum,2,15,0.1091532414425576,146830.75935589077,-0.017684395316628593
Liquid-WC-volume,Input-only PolyRidge,3,validation,2005-01-01,oil_cum,3,15,0.078234585562037,153934.7455631595,-0.0028096054704955884
Liquid-WC-volume,Input-only PolyRidge,3,validation,2005-01-01,oil_cum,4,15,0.06485624564070726,166129.7488553695,0.0017614283795946727
Liquid-WC-volume,Input-only PolyRidge,3,validation,2005-01-01,oil_cum,5,15,0.05840952557055431,182372.41761884428,0.0001795537818879983
Liquid-WC-volume,Input-only PolyRidge,3,validation,2005-01-01,oil_cum,6,15,0.05586250679669485,205292.9668338964,-0.005871072481481065
Liquid-WC-volume,Input-only PolyRidge,3,validation,2005-01-01,oil_cum,7,15,0.05688099604206142,240109.68431230163,-0.014960564418591497
Liquid-WC-volume,Input-only PolyRidge,3,validation,2005-01-01,oil_cum,8,15,0.06120665528635941,291017.80313087656,-0.025689063802106088
Liquid-WC-volume,Input-only PolyRidge,3,validation,2005-01-01,oil_cum,9,15,0.06802469040965382,358102.6085574993,-0.03714204833883749
Liquid-WC-volume,Input-only PolyRidge,3,validation,2005-01-01,oil_cum,10,15,0.07690040025506677,443553.02725466044,-0.049327745086312345
Liquid-WC-volume,Input-only PolyRidge,3,validation,2005-01-01,oil_cum,11,15,0.08724679307133854,546618.7187809559,-0.061969523542012114
Liquid-WC-volume,Input-only PolyRidge,3,validation,2005-01-01,oil_cum,12,15,0.09839782972206648,664221.3815363642,-0.07467670533219334
Liquid-WC-volume,Input-only PolyRidge,3,validation,2005-01-01,water_cum,1,15,0.055644898674907406,31428.221353362605,-0.013458063396940095
Liquid-WC-volume,Input-only PolyRidge,3,validation,2005-01-01,water_cum,2,15,0.033452870767548694,38403.79020780182,-0.006755805363026695
Liquid-WC-volume,Input-only PolyRidge,3,validation,2005-01-01,water_cum,3,15,0.02823919781795023,49386.27737775409,-0.003243949293080287
Liquid-WC-volume,Input-only PolyRidge,3,validation,2005-01-01,water_cum,4,15,0.027881977590213658,65801.38892221951,-0.0005897539307061863
Liquid-WC-volume,Input-only PolyRidge,3,validation,2005-01-01,water_cum,5,15,0.02956411558928647,87741.48440460325,0.0012739875772747123
Liquid-WC-volume,Input-only PolyRidge,3,validation,2005-01-01,water_cum,6,15,0.032326829452456705,116180.70270551616,0.0020698509499657704
Liquid-WC-volume,Input-only PolyRidge,3,validation,2005-01-01,water_cum,7,15,0.03559762127394127,150901.08257599195,0.0018761469061977353
Liquid-WC-volume,Input-only PolyRidge,3,validation,2005-01-01,water_cum,8,15,0.03919236174541609,191881.33374485353,0.0009512283281470259
Liquid-WC-volume,Input-only PolyRidge,3,validation,2005-01-01,water_cum,9,15,0.042822998045272,237598.57582844008,-0.00037897592082549147
Liquid-WC-volume,Input-only PolyRidge,3,validation,2005-01-01,water_cum,10,15,0.04652506219358617,289338.39304776903,-0.0023229159632340937
Liquid-WC-volume,Input-only PolyRidge,3,validation,2005-01-01,water_cum,11,15,0.05028834751956609,347360.11639879306,-0.004780495259999207
Liquid-WC-volume,Input-only PolyRidge,3,validation,2005-01-01,water_cum,12,15,0.0540526300626684,411111.3631261557,-0.007669532279199659
Liquid-WC-volume,Input-only PolyRidge,5,train,2003-01-01,gas_cum,1,70,0.041832658542951956,15789.15066902201,0.015570765938336341
Liquid-WC-volume,Input-only PolyRidge,5,train,2003-01-01,gas_cum,2,70,0.02648461581263491,19383.32861055602,0.01613786690752505
Liquid-WC-volume,Input-only PolyRidge,5,train,2003-01-01,gas_cum,3,70,0.022234919699322765,23752.654818791296,0.009338431715065636
Liquid-WC-volume,Input-only PolyRidge,5,train,2003-01-01,gas_cum,4,70,0.022001041783607782,30541.40433083295,-0.004613308961235196
Liquid-WC-volume,Input-only PolyRidge,5,train,2003-01-01,gas_cum,5,70,0.03198552262941431,54052.15490097863,-0.022988240755566988
Liquid-WC-volume,Input-only PolyRidge,5,train,2003-01-01,gas_cum,6,70,0.0495173218917602,97920.52627480056,-0.044358476414379656
Liquid-WC-volume,Input-only PolyRidge,5,train,2003-01-01,gas_cum,7,70,0.0709786772486897,159995.99260247406,-0.06787980179036139
Liquid-WC-volume,Input-only PolyRidge,5,train,2003-01-01,gas_cum,8,70,0.09457166110621903,238068.19309905721,-0.09269979360772286
Liquid-WC-volume,Input-only PolyRidge,5,train,2003-01-01,gas_cum,9,70,0.11829593371589495,326591.6211152976,-0.11714740930103673
Liquid-WC-volume,Input-only PolyRidge,5,train,2003-01-01,gas_cum,10,70,0.1417120680150812,423846.3423913861,-0.1409527170588146
Liquid-WC-volume,Input-only PolyRidge,5,train,2003-01-01,gas_cum,11,70,0.1650650918809371,529768.504230344,-0.16444071893099457
Liquid-WC-volume,Input-only PolyRidge,5,train,2003-01-01,gas_cum,12,70,0.18853645151070922,644332.8552493589,-0.18784301839611056
Liquid-WC-volume,Input-only PolyRidge,5,train,2003-01-01,gas_cum,13,70,0.21168138546741083,764961.4709005933,-0.21076891172899148
Liquid-WC-volume,Input-only PolyRidge,5,train,2003-01-01,gas_cum,14,70,0.23517341257905797,895258.1924065435,-0.2339283777390723
Liquid-WC-volume,Input-only PolyRidge,5,train,2003-01-01,gas_cum,15,70,0.25871669920685764,1034217.6474272896,-0.2570598569327024
Liquid-WC-volume,Input-only PolyRidge,5,train,2003-01-01,gas_cum,16,70,0.28165786035963275,1178326.2667325488,-0.27954271375510265
Liquid-WC-volume,Input-only PolyRidge,5,train,2003-01-01,gas_cum,17,70,0.303289861928939,1322678.054320564,-0.300703970054868
Liquid-WC-volume,Input-only PolyRidge,5,train,2003-01-01,gas_cum,18,70,0.32421598240236865,1470746.7708709051,-0.32114573466221163
Liquid-WC-volume,Input-only PolyRidge,5,train,2003-01-01,gas_cum,19,70,0.3443304846638628,1621507.5375895542,-0.3407744942080182
Liquid-WC-volume,Input-only PolyRidge,5,train,2003-01-01,gas_cum,20,70,0.36335956677900816,1772372.51648607,-0.3593310004147607
Liquid-WC-volume,Input-only PolyRidge,5,train,2003-01-01,oil_cum,1,70,0.04374708049421226,45439.76000958236,0.015684849841808863
Liquid-WC-volume,Input-only PolyRidge,5,train,2003-01-01,oil_cum,2,70,0.027497473168946865,55383.895136482475,0.01626421841132212
Liquid-WC-volume,Input-only PolyRidge,5,train,2003-01-01,oil_cum,3,70,0.022870715278733886,67243.0570305359,0.00940130014010085
Liquid-WC-volume,Input-only PolyRidge,5,train,2003-01-01,oil_cum,4,70,0.02234777182139379,85387.05694204255,-0.004585657065664963
Liquid-WC-volume,Input-only PolyRidge,5,train,2003-01-01,oil_cum,5,70,0.032132874290591196,149467.0861038268,-0.02300560240169505
Liquid-WC-volume,Input-only PolyRidge,5,train,2003-01-01,oil_cum,6,70,0.049630658072595084,270165.8626951393,-0.04442830628525762
Liquid-WC-volume,Input-only PolyRidge,5,train,2003-01-01,oil_cum,7,70,0.07109150797494714,441142.65146682784,-0.06797584664356342
Liquid-WC-volume,Input-only PolyRidge,5,train,2003-01-01,oil_cum,8,70,0.09468983938271891,656196.8653243226,-0.09280837457973161
Liquid-WC-volume,Input-only PolyRidge,5,train,2003-01-01,oil_cum,9,70,0.11842505395807333,900074.9087491425,-0.11726643617874204
Liquid-WC-volume,Input-only PolyRidge,5,train,2003-01-01,oil_cum,10,70,0.14184907506002797,1167976.557468355,-0.14107577364189716
Liquid-WC-volume,Input-only PolyRidge,5,train,2003-01-01,oil_cum,11,70,0.16519519320259704,1459592.3865425305,-0.1645521798003517
Liquid-WC-volume,Input-only PolyRidge,5,train,2003-01-01,oil_cum,12,70,0.18865319205123526,1774907.4789546407,-0.18793736309673717
Liquid-WC-volume,Input-only PolyRidge,5,train,2003-01-01,oil_cum,13,70,0.21178882461397947,2106939.941700557,-0.2108512739048621
Liquid-WC-volume,Input-only PolyRidge,5,train,2003-01-01,oil_cum,14,70,0.23528262454761512,2465723.4967810903,-0.2340099492543213
Liquid-WC-volume,Input-only PolyRidge,5,train,2003-01-01,oil_cum,15,70,0.25883583454749987,2848481.965510722,-0.2571482266163702
Liquid-WC-volume,Input-only PolyRidge,5,train,2003-01-01,oil_cum,16,70,0.2817794902981533,3245319.4200756783,-0.2796318747282991
Liquid-WC-volume,Input-only PolyRidge,5,train,2003-01-01,oil_cum,17,70,0.3034061761974647,3642699.137892567,-0.3007877498091891
Liquid-WC-volume,Input-only PolyRidge,5,train,2003-01-01,oil_cum,18,70,0.3243249558754251,4050265.605796659,-0.3212228899279164
Liquid-WC-volume,Input-only PolyRidge,5,train,2003-01-01,oil_cum,19,70,0.3444328191654642,4465243.156848273,-0.34084593069803165
Liquid-WC-volume,Input-only PolyRidge,5,train,2003-01-01,oil_cum,20,70,0.36345711234781547,4880532.257128848,-0.3593985437543458
Liquid-WC-volume,Input-only PolyRidge,5,train,2003-01-01,water_cum,1,70,0.07712262408523361,37660.15449166228,0.03226767333599716
Liquid-WC-volume,Input-only PolyRidge,5,train,2003-01-01,water_cum,2,70,0.10840080255228861,107237.3681595368,0.10127978959448135
Liquid-WC-volume,Input-only PolyRidge,5,train,2003-01-01,water_cum,3,70,0.17702518393844938,265488.8547665369,0.17389870431807422
Liquid-WC-volume,Input-only PolyRidge,5,train,2003-01-01,water_cum,4,70,0.24458050730990052,495209.67768837896,0.24218698265021552
Liquid-WC-volume,Input-only PolyRidge,5,train,2003-01-01,water_cum,5,70,0.30974163342713407,792394.038664849,0.30767055176009045
Liquid-WC-volume,Input-only PolyRidge,5,train,2003-01-01,water_cum,6,70,0.3734033361698766,1159358.8449226248,0.3716201397763055
Liquid-WC-volume,Input-only PolyRidge,5,train,2003-01-01,water_cum,7,70,0.43559607606540807,1598951.6207306876,0.4341076056002207
Liquid-WC-volume,Input-only PolyRidge,5,train,2003-01-01,water_cum,8,70,0.49469435441486165,2102767.591923889,0.4934640128393256
Liquid-WC-volume,Input-only PolyRidge,5,train,2003-01-01,water_cum,9,70,0.5490260839114212,2652566.7939073234,0.5479790862572341
Liquid-WC-volume,Input-only PolyRidge,5,train,2003-01-01,water_cum,10,70,0.6003616182764088,3260532.1605953085,0.5994130090347726
Liquid-WC-volume,Input-only PolyRidge,5,train,2003-01-01,water_cum,11,70,0.648441366355485,3922276.55696421,0.6475030773378465
Liquid-WC-volume,Input-only PolyRidge,5,train,2003-01-01,water_cum,12,70,0.6925837782117892,4624804.04284902,0.6915735142028686
Liquid-WC-volume,Input-only PolyRidge,5,train,2003-01-01,water_cum,13,70,0.7318635697211656,5344892.113822795,0.7307200075521405
Liquid-WC-volume,Input-only PolyRidge,5,train,2003-01-01,water_cum,14,70,0.7673631932167223,6098349.993986398,0.7660391326183154
Liquid-WC-volume,Input-only PolyRidge,5,train,2003-01-01,water_cum,15,70,0.7990881540923619,6880116.112476206,0.7975514327538592
Liquid-WC-volume,Input-only PolyRidge,5,train,2003-01-01,water_cum,16,70,0.8269676291196079,7677417.959776656,0.8252000275524306
Liquid-WC-volume,Input-only PolyRidge,5,train,2003-01-01,water_cum,17,70,0.8509104031935397,8468896.896209942,0.8489100097524089
Liquid-WC-volume,Input-only PolyRidge,5,train,2003-01-01,water_cum,18,70,0.8717826457324626,9275792.183024103,0.8695473343879047
Liquid-WC-volume,Input-only PolyRidge,5,train,2003-01-01,water_cum,19,70,0.8898347929377919,10095586.717924811,0.8873685604837954
Liquid-WC-volume,Input-only PolyRidge,5,train,2003-01-01,water_cum,20,70,0.9051705202039138,10917229.308661226,0.9024845569694416
Liquid-WC-volume,Input-only PolyRidge,5,validation,2003-01-01,gas_cum,1,15,0.08014448547832717,31174.238063307344,-0.007067396596307678
Liquid-WC-volume,Input-only PolyRidge,5,validation,2003-01-01,gas_cum,2,15,0.04268106274054005,32215.60858302669,0.004231276986091886
Liquid-WC-volume,Input-only PolyRidge,5,validation,2003-01-01,gas_cum,3,15,0.03152231744817387,34745.155878672056,0.0019077324258178444
Liquid-WC-volume,Input-only PolyRidge,5,validation,2003-01-01,gas_cum,4,15,0.02853531859829568,40882.155311516726,-0.00911183380598631
Liquid-WC-volume,Input-only PolyRidge,5,validation,2003-01-01,gas_cum,5,15,0.035007015568614096,61057.25303002908,-0.025236794836812758
Liquid-WC-volume,Input-only PolyRidge,5,validation,2003-01-01,gas_cum,6,15,0.04974122806031752,101504.28997291207,-0.04470334164815664
Liquid-WC-volume,Input-only PolyRidge,5,validation,2003-01-01,gas_cum,7,15,0.0693811204518192,161353.93740935568,-0.06668465978245416
Liquid-WC-volume,Input-only PolyRidge,5,validation,2003-01-01,gas_cum,8,15,0.09172920089032639,238177.9253908567,-0.09030914891462068
Liquid-WC-volume,Input-only PolyRidge,5,validation,2003-01-01,gas_cum,9,15,0.1147184512945676,326650.56468387094,-0.11400853388557279
Liquid-WC-volume,Input-only PolyRidge,5,validation,2003-01-01,gas_cum,10,15,0.137774875794745,425028.995361446,-0.13743404189928277
Liquid-WC-volume,Input-only PolyRidge,5,validation,2003-01-01,gas_cum,11,15,0.16104961359132788,533240.924849303,-0.16083082033022586
Liquid-WC-volume,Input-only PolyRidge,5,validation,2003-01-01,gas_cum,12,15,0.1846444336527137,651192.3439777761,-0.1843501975027972
Liquid-WC-volume,Input-only PolyRidge,5,validation,2003-01-01,gas_cum,13,15,0.2080287553148854,776026.7411566005,-0.20751022699202956
Liquid-WC-volume,Input-only PolyRidge,5,validation,2003-01-01,gas_cum,14,15,0.2318366531953482,911352.8948772728,-0.23097546072539185
Liquid-WC-volume,Input-only PolyRidge,5,validation,2003-01-01,gas_cum,15,15,0.2557154694945867,1055911.358376394,-0.2544258891560116
Liquid-WC-volume,Input-only PolyRidge,5,validation,2003-01-01,gas_cum,16,15,0.27901527440837864,1206137.2114038186,-0.2772479226201767
Liquid-WC-volume,Input-only PolyRidge,5,validation,2003-01-01,gas_cum,17,15,0.30101682841215643,1356942.759282379,-0.29875962971463
Liquid-WC-volume,Input-only PolyRidge,5,validation,2003-01-01,gas_cum,18,15,0.3223210452514263,1511910.3123203253,-0.31956254632433784
Liquid-WC-volume,Input-only PolyRidge,5,validation,2003-01-01,gas_cum,19,15,0.3427988030055618,1669844.8529868235,-0.33953929121576487
Liquid-WC-volume,Input-only PolyRidge,5,validation,2003-01-01,gas_cum,20,15,0.36215338733187835,1827894.9379196635,-0.35840648518105767
Liquid-WC-volume,Input-only PolyRidge,5,validation,2003-01-01,oil_cum,1,15,0.08295872542548376,88773.20200843646,-0.006999380599677159
Liquid-WC-volume,Input-only PolyRidge,5,validation,2003-01-01,oil_cum,2,15,0.04447801261048967,92341.3868111276,0.004686037176596084
Liquid-WC-volume,Input-only PolyRidge,5,validation,2003-01-01,oil_cum,3,15,0.032809626640752584,99484.01256659337,0.0023209907834822853
Liquid-WC-volume,Input-only PolyRidge,5,validation,2003-01-01,oil_cum,4,15,0.029275263611215234,115402.70151468932,-0.008852491452568566
Liquid-WC-volume,Input-only PolyRidge,5,validation,2003-01-01,oil_cum,5,15,0.035292038019635506,169394.13152292717,-0.025116173967235544
Liquid-WC-volume,Input-only PolyRidge,5,validation,2003-01-01,oil_cum,6,15,0.04990293277552413,280296.3964329217,-0.0447495402476058
Liquid-WC-volume,Input-only PolyRidge,5,validation,2003-01-01,oil_cum,7,15,0.06962266058100137,445763.7871851372,-0.06691232579745157
Liquid-WC-volume,Input-only PolyRidge,5,validation,2003-01-01,oil_cum,8,15,0.09201878775993855,657850.0194853093,-0.09060374053244087
Liquid-WC-volume,Input-only PolyRidge,5,validation,2003-01-01,oil_cum,9,15,0.11501286412078794,901704.2389816293,-0.11430791956502832
Liquid-WC-volume,Input-only PolyRidge,5,validation,2003-01-01,oil_cum,10,15,0.13805497103977699,1172647.8182033908,-0.13771550259358992
Liquid-WC-volume,Input-only PolyRidge,5,validation,2003-01-01,oil_cum,11,15,0.16130021629793698,1470461.7402130219,-0.16107655901860327
Liquid-WC-volume,Input-only PolyRidge,5,validation,2003-01-01,oil_cum,12,15,0.18487130541334007,1795092.7369509407,-0.18456673886047817
Liquid-WC-volume,Input-only PolyRidge,5,validation,2003-01-01,oil_cum,13,15,0.2082380613919623,2138702.0327747366,-0.20770518721286885
Liquid-WC-volume,Input-only PolyRidge,5,validation,2003-01-01,oil_cum,14,15,0.23203674060803373,2511284.537147555,-0.23115807980122585
Liquid-WC-volume,Input-only PolyRidge,5,validation,2003-01-01,oil_cum,15,15,0.2559188006364731,2909463.9862297624,-0.2546078495725926
Liquid-WC-volume,Input-only PolyRidge,5,validation,2003-01-01,oil_cum,16,15,0.27921333544048355,3323114.853942729,-0.27742082253813144
Liquid-WC-volume,Input-only PolyRidge,5,validation,2003-01-01,oil_cum,17,15,0.30119993004070944,3738171.431433919,-0.2989155174543334
Liquid-WC-volume,Input-only PolyRidge,5,validation,2003-01-01,oil_cum,18,15,0.32249036401987424,4164675.5154707325,-0.31970373020824233
Liquid-WC-volume,Input-only PolyRidge,5,validation,2003-01-01,oil_cum,19,15,0.34296076498060407,4599448.88535198,-0.3396725752175504
Liquid-WC-volume,Input-only PolyRidge,5,validation,2003-01-01,oil_cum,20,15,0.362310275145172,5034575.961698929,-0.3585347761289611
Liquid-WC-volume,Input-only PolyRidge,5,validation,2003-01-01,water_cum,1,15,0.05588040575267146,25797.063655104033,0.021566964841202064
Liquid-WC-volume,Input-only PolyRidge,5,validation,2003-01-01,water_cum,2,15,0.09880734903357316,92507.7160654069,0.09555089518140612
Liquid-WC-volume,Input-only PolyRidge,5,validation,2003-01-01,water_cum,3,15,0.17230535311453243,244930.0495033681,0.17062496037592279
Liquid-WC-volume,Input-only PolyRidge,5,validation,2003-01-01,water_cum,4,15,0.24201584774286924,465437.05181848095,0.2403959365943689
Liquid-WC-volume,Input-only PolyRidge,5,validation,2003-01-01,water_cum,5,15,0.30860552028384686,751656.6433237806,0.30698830704415403
Liquid-WC-volume,Input-only PolyRidge,5,validation,2003-01-01,water_cum,6,15,0.3734443177787198,1106692.2812912217,0.37194769599707117
Liquid-WC-volume,Input-only PolyRidge,5,validation,2003-01-01,water_cum,7,15,0.43706384962688855,1534860.601731774,0.4357928723236357
Liquid-WC-volume,Input-only PolyRidge,5,validation,2003-01-01,water_cum,8,15,0.49802425823615815,2029252.2036704454,0.4970065847980157
Liquid-WC-volume,Input-only PolyRidge,5,validation,2003-01-01,water_cum,9,15,0.5546017158565892,2572603.7848464767,0.553796735718434
Liquid-WC-volume,Input-only PolyRidge,5,validation,2003-01-01,water_cum,10,15,0.6085032936570357,3177076.729707446,0.6078415118945595
Liquid-WC-volume,Input-only PolyRidge,5,validation,2003-01-01,water_cum,11,15,0.6593828492125553,3838488.8722620835,0.6587811058798858
Liquid-WC-volume,Input-only PolyRidge,5,validation,2003-01-01,water_cum,12,15,0.7064741619515783,4543968.321828656,0.7058532070912005
Liquid-WC-volume,Input-only PolyRidge,5,validation,2003-01-01,water_cum,13,15,0.7485955903809097,5269539.599513009,0.7478922804597328
Liquid-WC-volume,Input-only PolyRidge,5,validation,2003-01-01,water_cum,14,15,0.7867863655040406,6030633.027967099,0.7859457479820395
Liquid-WC-volume,Input-only PolyRidge,5,validation,2003-01-01,water_cum,15,15,0.8209122282043181,6821476.053439993,0.8198895190006029
Liquid-WC-volume,Input-only PolyRidge,5,validation,2003-01-01,water_cum,16,15,0.8508457788359753,7628757.246320694,0.8496093488789875
Liquid-WC-volume,Input-only PolyRidge,5,validation,2003-01-01,water_cum,17,15,0.8765514455137291,8430917.362116577,0.8750893607422874
Liquid-WC-volume,Input-only PolyRidge,5,validation,2003-01-01,water_cum,18,15,0.8990135926394072,9249572.7967247,0.8973181296925807
Liquid-WC-volume,Input-only PolyRidge,5,validation,2003-01-01,water_cum,19,15,0.9185031402618741,10082117.416264525,0.9165743355898243
Liquid-WC-volume,Input-only PolyRidge,5,validation,2003-01-01,water_cum,20,15,0.9351010972382344,10917113.556341292,0.9329465465203457
Separate,History-conditioned,3,train,2003-01-01,gas_cum,1,70,0.042398953967613694,16002.890940250083,0.038110220348521184
Separate,History-conditioned,3,train,2003-01-01,gas_cum,2,70,0.0706112947125657,51678.37580553183,0.06437673621889843
Separate,History-conditioned,3,train,2003-01-01,gas_cum,3,70,0.09542793492320138,101941.75778246323,0.0873161002823438
Separate,History-conditioned,3,train,2003-01-01,gas_cum,4,70,0.1160609434494671,161113.47070615174,0.10612862423996014
Separate,History-conditioned,3,train,2003-01-01,gas_cum,5,70,0.13436937627926984,227070.05368472138,0.1226882318132082
Separate,History-conditioned,3,train,2003-01-01,gas_cum,6,70,0.1517166012299708,300019.64705475915,0.1383300064447756
Separate,History-conditioned,3,train,2003-01-01,gas_cum,7,70,0.16888038202161923,380680.30287409713,0.15388329360344657
Separate,History-conditioned,3,train,2003-01-01,gas_cum,8,70,0.1857748831808868,467656.9095300979,0.1692744887182327
Separate,History-conditioned,3,train,2003-01-01,gas_cum,9,70,0.20276486141205302,559793.5847298119,0.18494579807554354
Separate,History-conditioned,3,train,2003-01-01,gas_cum,10,70,0.22134552182944872,662021.8810309116,0.20235702092820046
Separate,History-conditioned,3,train,2003-01-01,gas_cum,11,70,0.24071638096223466,772567.692132561,0.22064466456931986
Separate,History-conditioned,3,train,2003-01-01,gas_cum,12,70,0.25957042148583104,887095.0390447173,0.2384217923472086
Separate,History-conditioned,3,train,2003-01-01,oil_cum,1,70,0.04266346778009665,44314.21971943066,0.038309373999445465
Separate,History-conditioned,3,train,2003-01-01,oil_cum,2,70,0.07085124691916271,142704.67710070766,0.06455374229314535
Separate,History-conditioned,3,train,2003-01-01,oil_cum,3,70,0.09557127490640223,280992.72850411694,0.0874159682987537
Separate,History-conditioned,3,train,2003-01-01,oil_cum,4,70,0.1161357205018827,443734.9485556419,0.10618494958682616
Separate,History-conditioned,3,train,2003-01-01,oil_cum,5,70,0.134367578198086,625015.0608523883,0.12268954636286258
Separate,History-conditioned,3,train,2003-01-01,oil_cum,6,70,0.15163243180862696,825415.3449309192,0.1382648172595581
Separate,History-conditioned,3,train,2003-01-01,oil_cum,7,70,0.16874263469330836,1047095.1510880472,0.15377933325289028
Separate,History-conditioned,3,train,2003-01-01,oil_cum,8,70,0.18559775172828918,1286185.12492241,0.1691464262399851
Separate,History-conditioned,3,train,2003-01-01,oil_cum,9,70,0.2025506378942339,1539460.9571744646,0.18479477007102985
Separate,History-conditioned,3,train,2003-01-01,oil_cum,10,70,0.22110408414478172,1820557.4264924268,0.2021903064289206
Separate,History-conditioned,3,train,2003-01-01,oil_cum,11,70,0.24047732627981291,2124752.347628241,0.22048466146432902
Separate,History-conditioned,3,train,2003-01-01,oil_cum,12,70,0.25934979161745675,2440042.915797233,0.2382786147385867
Separate,History-conditioned,3,train,2003-01-01,water_cum,1,70,0.019098761809581356,9326.216903011316,0.002236768942805296
Separate,History-conditioned,3,train,2003-01-01,water_cum,2,70,0.04569640992943041,45205.96360721301,0.026734030891533287
Separate,History-conditioned,3,train,2003-01-01,water_cum,3,70,0.07601419471957346,114000.28545721996,0.053376234180837236
Separate,History-conditioned,3,train,2003-01-01,water_cum,4,70,0.10156581696709945,205643.43429341732,0.07465561799720685
Separate,History-conditioned,3,train,2003-01-01,water_cum,5,70,0.12391769373860463,317011.44181725295,0.09324586001760651
Separate,History-conditioned,3,train,2003-01-01,water_cum,6,70,0.14454532693860864,448790.5892792277,0.11067317346294674
Separate,History-conditioned,3,train,2003-01-01,water_cum,7,70,0.16388208150771386,601565.3818610857,0.12739095843253512
Separate,History-conditioned,3,train,2003-01-01,water_cum,8,70,0.18170925169260643,772380.606736261,0.1431354504982282
Separate,History-conditioned,3,train,2003-01-01,water_cum,9,70,0.19792325109969655,956247.1784017085,0.1577381030961258
Separate,History-conditioned,3,train,2003-01-01,water_cum,10,70,0.21348849539828463,1159444.7146065386,0.17200867001178444
Separate,History-conditioned,3,train,2003-01-01,water_cum,11,70,0.22856474802160756,1382536.956197381,0.18609164276915738
Separate,History-conditioned,3,train,2003-01-01,water_cum,12,70,0.243134809117118,1623559.3202391174,0.19990119460568093
Separate,History-conditioned,3,train,2004-01-01,gas_cum,1,70,0.016981507892473085,5123.711584723191,0.015946321930240072
Separate,History-conditioned,3,train,2004-01-01,gas_cum,2,70,0.020226374524612064,11920.168740154199,0.01792034099796429
Separate,History-conditioned,3,train,2004-01-01,gas_cum,3,70,0.024014426034541184,20796.23988344968,0.02051780649517787
Separate,History-conditioned,3,train,2004-01-01,gas_cum,4,70,0.027734993813641612,31318.16410795277,0.023234182027054563
Separate,History-conditioned,3,train,2004-01-01,gas_cum,5,70,0.03227458934669825,44302.82218357049,0.027169765417167424
Separate,History-conditioned,3,train,2004-01-01,gas_cum,6,70,0.038860651984688604,62286.32731044019,0.033564485816801416
Separate,History-conditioned,3,train,2004-01-01,gas_cum,7,70,0.04603379031472602,83846.46134963834,0.04065516997130856
Separate,History-conditioned,3,train,2004-01-01,gas_cum,8,70,0.05217129457946754,105885.11746833856,0.04663071337736003
Separate,History-conditioned,3,train,2004-01-01,gas_cum,9,70,0.056464671261402276,125680.24426083504,0.05067460545142152
Separate,History-conditioned,3,train,2004-01-01,gas_cum,10,70,0.05882027168028104,142283.4849246117,0.052677860262194336
Separate,History-conditioned,3,train,2004-01-01,gas_cum,11,70,0.059430122250885,155095.99008963833,0.05282345244656426
Separate,History-conditioned,3,train,2004-01-01,gas_cum,12,70,0.05880145561124618,164399.75089523566,0.05164807253184883
Separate,History-conditioned,3,train,2004-01-01,oil_cum,1,70,0.016793029499694384,13950.41458369252,0.015782312526381428
Separate,History-conditioned,3,train,2004-01-01,oil_cum,2,70,0.019952728322972985,32378.26557236776,0.017670566603576555
Separate,History-conditioned,3,train,2004-01-01,oil_cum,3,70,0.023733986168841932,56594.41452015563,0.0202639952290429
Separate,History-conditioned,3,train,2004-01-01,oil_cum,4,70,0.02745310966349383,85358.64637713178,0.0229900853673273
Separate,History-conditioned,3,train,2004-01-01,oil_cum,5,70,0.03197647407596089,120862.31006617086,0.02692438631813018
Separate,History-conditioned,3,train,2004-01-01,oil_cum,6,70,0.03855266952056386,170147.49866791157,0.03332333450891232
Separate,History-conditioned,3,train,2004-01-01,oil_cum,7,70,0.04575356036332689,229459.91453156393,0.040446907672087695
Separate,History-conditioned,3,train,2004-01-01,oil_cum,8,70,0.05192938174872589,290183.0411445094,0.046463292523199244
Separate,History-conditioned,3,train,2004-01-01,oil_cum,9,70,0.056243524031630625,344672.0640574408,0.05053435101555612
Separate,History-conditioned,3,train,2004-01-01,oil_cum,10,70,0.058591531914762414,390216.12850006996,0.05253871756338378
Separate,History-conditioned,3,train,2004-01-01,oil_cum,11,70,0.05917669407020008,425201.8574507443,0.05266752323789557
Separate,History-conditioned,3,train,2004-01-01,oil_cum,12,70,0.05854546226385019,450669.2162263234,0.051488699449909595
Separate,History-conditioned,3,train,2004-01-01,water_cum,1,70,0.008885790041116694,4745.021874822726,-0.0007386257982292823
Separate,History-conditioned,3,train,2004-01-01,water_cum,2,70,0.014623783866876874,15810.472510526786,0.0005747231082925519
Separate,History-conditioned,3,train,2004-01-01,water_cum,3,70,0.02012683030337283,33160.45443162779,0.0014112782388353195
Separate,History-conditioned,3,train,2004-01-01,water_cum,4,70,0.025287952518600307,56341.75802256523,0.0014488714453987327
Separate,History-conditioned,3,train,2004-01-01,water_cum,5,70,0.030184534862148574,84795.27142112484,0.0009576831035208312
Separate,History-conditioned,3,train,2004-01-01,water_cum,6,70,0.035075518231175,119579.13098309001,0.0003317482193480311
Separate,History-conditioned,3,train,2004-01-01,water_cum,7,70,0.039983152531610416,161027.6575111693,-0.0003055332947920456
Separate,History-conditioned,3,train,2004-01-01,water_cum,8,70,0.044829489070900924,208750.4056290376,-0.0009269185834333753
Separate,History-conditioned,3,train,2004-01-01,water_cum,9,70,0.04944572942326762,261189.05473429564,-0.001586712747974791
Separate,History-conditioned,3,train,2004-01-01,water_cum,10,70,0.05397855153789765,319910.39960776264,-0.0025804134551141336
Separate,History-conditioned,3,train,2004-01-01,water_cum,11,70,0.058443748553976486,385125.3048451547,-0.0038828274333132296
Separate,History-conditioned,3,train,2004-01-01,water_cum,12,70,0.06281897796807823,456302.09251195117,-0.005362935815180496
Separate,History-conditioned,3,train,2005-01-01,gas_cum,1,70,0.02468031269365156,6010.115714308493,0.024413380538281383
Separate,History-conditioned,3,train,2005-01-01,gas_cum,2,70,0.03401995725876898,16115.124590995983,0.03349200176771247
Separate,History-conditioned,3,train,2005-01-01,gas_cum,3,70,0.04161835052195781,28815.248462437943,0.04067082073126095
Separate,History-conditioned,3,train,2005-01-01,gas_cum,4,70,0.04550157995538797,40979.368822315606,0.04398259993671107
Separate,History-conditioned,3,train,2005-01-01,gas_cum,5,70,0.045874256588481294,50322.48645406958,0.04357412955568551
Separate,History-conditioned,3,train,2005-01-01,gas_cum,6,70,0.043328398030062214,55902.30593755274,0.03986603844329287
Separate,History-conditioned,3,train,2005-01-01,gas_cum,7,70,0.03893135591450315,57660.0495439908,0.03369729167249415
Separate,History-conditioned,3,train,2005-01-01,gas_cum,8,70,0.034168196506750764,56968.45143449588,0.02624095321854306
Separate,History-conditioned,3,train,2005-01-01,gas_cum,9,70,0.030196983389721425,55714.37452968245,0.018224077342687026
Separate,History-conditioned,3,train,2005-01-01,gas_cum,10,70,0.02794909070573668,56468.90266360804,0.00967350351964363
Separate,History-conditioned,3,train,2005-01-01,gas_cum,11,70,0.028287803630041138,62047.45633335955,0.0007594244703208485
Separate,History-conditioned,3,train,2005-01-01,gas_cum,12,70,0.0313102940338504,73960.52135734925,-0.008275966084160303
Separate,History-conditioned,3,train,2005-01-01,oil_cum,1,70,0.02443760593703799,16386.627628237162,0.02422695315901164
Separate,History-conditioned,3,train,2005-01-01,oil_cum,2,70,0.033817873269408716,44109.94843341755,0.03332445028787867
Separate,History-conditioned,3,train,2005-01-01,oil_cum,3,70,0.041512829769909075,79135.44999247765,0.040589247578838944
Separate,History-conditioned,3,train,2005-01-01,oil_cum,4,70,0.0454777653058924,112759.34885513256,0.043980544493829474
Separate,History-conditioned,3,train,2005-01-01,oil_cum,5,70,0.045885538562622216,138568.86481167586,0.04361008967157522
Separate,History-conditioned,3,train,2005-01-01,oil_cum,6,70,0.04332910612751247,153900.32478594265,0.0398879189853924
Separate,History-conditioned,3,train,2005-01-01,oil_cum,7,70,0.03890648108474063,158642.21028575636,0.03367799306953885
Separate,History-conditioned,3,train,2005-01-01,oil_cum,8,70,0.034141750649248716,156719.99510859078,0.026208259618604544
Separate,History-conditioned,3,train,2005-01-01,oil_cum,9,70,0.03018434203367787,153322.31897071842,0.018201976969678544
Separate,History-conditioned,3,train,2005-01-01,oil_cum,10,70,0.027948313373143626,155456.52605630294,0.009666157250737282
Separate,History-conditioned,3,train,2005-01-01,oil_cum,11,70,0.028292656014973914,170845.53926005136,0.0007633970815449638
Separate,History-conditioned,3,train,2005-01-01,oil_cum,12,70,0.03131415952264724,203636.24048767504,-0.008266593633110693
Separate,History-conditioned,3,train,2005-01-01,water_cum,1,70,0.011022406014010036,6407.150471911706,-0.009348731527392486
Separate,History-conditioned,3,train,2005-01-01,water_cum,2,70,0.01708801140011557,20186.232280404387,-0.013149450101709061
Separate,History-conditioned,3,train,2005-01-01,water_cum,3,70,0.023433722063536732,42170.465221358034,-0.016722571132558314
Separate,History-conditioned,3,train,2005-01-01,water_cum,4,70,0.029770349942939298,72305.2374761505,-0.020103311792574095
Separate,History-conditioned,3,train,2005-01-01,water_cum,5,70,0.03593150042029821,109756.52543426832,-0.02337037810367411
Separate,History-conditioned,3,train,2005-01-01,water_cum,6,70,0.04230769181439335,156493.04881173215,-0.027047408346228936
Separate,History-conditioned,3,train,2005-01-01,water_cum,7,70,0.04878645252576501,212807.41913164844,-0.031011051610679283
Separate,History-conditioned,3,train,2005-01-01,water_cum,8,70,0.05519535054537741,277971.5322984289,-0.03501836044016578
Separate,History-conditioned,3,train,2005-01-01,water_cum,9,70,0.061273436274539655,349584.0235293979,-0.03883104674169643
Separate,History-conditioned,3,train,2005-01-01,water_cum,10,70,0.06738938150371858,430808.55180833855,-0.04280342444615897
Separate,History-conditioned,3,train,2005-01-01,water_cum,11,70,0.07347578160396705,521566.9473709283,-0.046843350199614914
Separate,History-conditioned,3,train,2005-01-01,water_cum,12,70,0.07942188391207604,620619.6455977343,-0.05084111513200786
Separate,History-conditioned,3,validation,2003-01-01,gas_cum,1,15,0.0411287952044127,15998.092012283225,0.03689138350217475
Separate,History-conditioned,3,validation,2003-01-01,gas_cum,2,15,0.06930366240501085,52310.31089789123,0.06369417254611529
Separate,History-conditioned,3,validation,2003-01-01,gas_cum,3,15,0.09462033502181008,104294.30815263296,0.0873883289636425
Separate,History-conditioned,3,validation,2003-01-01,gas_cum,4,15,0.11615494523114961,166413.5795359299,0.10718442784870183
Separate,History-conditioned,3,validation,2003-01-01,gas_cum,5,15,0.13567209295969468,236631.57725392052,0.12492806840552838
Separate,History-conditioned,3,validation,2003-01-01,gas_cum,6,15,0.1545188095549936,315318.35185733705,0.14200232935027424
Separate,History-conditioned,3,validation,2003-01-01,gas_cum,7,15,0.1733231227977385,403083.2613451557,0.15908777073723893
Separate,History-conditioned,3,validation,2003-01-01,gas_cum,8,15,0.19193880016055073,498375.48763679777,0.17606207948528946
Separate,History-conditioned,3,validation,2003-01-01,gas_cum,9,15,0.21049470244932325,599364.9028740926,0.1931437077347025
Separate,History-conditioned,3,validation,2003-01-01,gas_cum,10,15,0.23051515689904734,711128.3896082101,0.21182065360666388
Separate,History-conditioned,3,validation,2003-01-01,gas_cum,11,15,0.2512269115015233,831821.1242409336,0.23126417379807487
Separate,History-conditioned,3,validation,2003-01-01,gas_cum,12,15,0.2713070274982661,956828.5145629263,0.25010864663364213
Separate,History-conditioned,3,validation,2003-01-01,oil_cum,1,15,0.04174444068606942,44670.25797162583,0.03740930310044142
Separate,History-conditioned,3,validation,2003-01-01,oil_cum,2,15,0.07015575507756373,145651.2855773643,0.06441003258939057
Separate,History-conditioned,3,validation,2003-01-01,oil_cum,3,15,0.09535148119501184,289120.8747150273,0.08800100960644683
Separate,History-conditioned,3,validation,2003-01-01,oil_cum,4,15,0.1166465892791793,459819.31039332156,0.10760328638020256
Separate,History-conditioned,3,validation,2003-01-01,oil_cum,5,15,0.13594050148833142,652484.93656261,0.1251750033379698
Separate,History-conditioned,3,validation,2003-01-01,oil_cum,6,15,0.1545541514586333,868104.7244752421,0.14204079531511155
Separate,History-conditioned,3,validation,2003-01-01,oil_cum,7,15,0.17310095926097374,1108290.5841522494,0.158888177920938
Separate,History-conditioned,3,validation,2003-01-01,oil_cum,8,15,0.19159410698189414,1369722.3151877094,0.17575607163717516
Separate,History-conditioned,3,validation,2003-01-01,oil_cum,9,15,0.21010604279242093,1647237.5579014805,0.19280845996610269
Separate,History-conditioned,3,validation,2003-01-01,oil_cum,10,15,0.2301127192610632,1954592.2624154354,0.2114868597577395
Separate,History-conditioned,3,validation,2003-01-01,oil_cum,11,15,0.2508505906637598,2286830.1391460346,0.23096070937250404
Separate,History-conditioned,3,validation,2003-01-01,oil_cum,12,15,0.27095854378948325,2630996.2645842126,0.24983073352189641
Separate,History-conditioned,3,validation,2003-01-01,water_cum,1,15,0.016333092624627805,7540.135481247656,0.0011083604567988224
Separate,History-conditioned,3,validation,2003-01-01,water_cum,2,15,0.041669984615004825,39013.242870274174,0.024459714784067735
Separate,History-conditioned,3,validation,2003-01-01,water_cum,3,15,0.07101828392751967,100951.66217180382,0.049275783734040526
Separate,History-conditioned,3,validation,2003-01-01,water_cum,4,15,0.09545384209768043,183573.74223647386,0.0679704823044172
Separate,History-conditioned,3,validation,2003-01-01,water_cum,5,15,0.11651751233354059,283796.4859750778,0.08360230361866856
Separate,History-conditioned,3,validation,2003-01-01,water_cum,6,15,0.13562840603898682,401931.1660168782,0.09790517372151916
Separate,History-conditioned,3,validation,2003-01-01,water_cum,7,15,0.15347331053544083,538960.469870218,0.11169695835840357
Separate,History-conditioned,3,validation,2003-01-01,water_cum,8,15,0.17001828718839637,692757.3872872025,0.12491942584976631
Separate,History-conditioned,3,validation,2003-01-01,water_cum,9,15,0.18521524809479328,859148.8894404278,0.13746679106793572
Separate,History-conditioned,3,validation,2003-01-01,water_cum,10,15,0.1999234268804739,1043826.835263306,0.1499982898036456
Separate,History-conditioned,3,validation,2003-01-01,water_cum,11,15,0.21429987009402376,1247511.4687399992,0.1626258342691062
Separate,History-conditioned,3,validation,2003-01-01,water_cum,12,15,0.22831245856213817,1468481.9842799571,0.17527297394973812
Separate,History-conditioned,3,validation,2004-01-01,gas_cum,1,15,0.019665078563163692,6125.033634084366,0.01820309646641666
Separate,History-conditioned,3,validation,2004-01-01,gas_cum,2,15,0.024653378039718232,14988.765820253362,0.021796270025962593
Separate,History-conditioned,3,validation,2004-01-01,gas_cum,3,15,0.02985028054998,26655.063800162945,0.025844383783316976
Separate,History-conditioned,3,validation,2004-01-01,gas_cum,4,15,0.03486232791129951,40575.706541945954,0.029930841886719742
Separate,History-conditioned,3,validation,2004-01-01,gas_cum,5,15,0.04034309207266435,57076.336643286486,0.03485653470346173
Separate,History-conditioned,3,validation,2004-01-01,gas_cum,6,15,0.047639466611020295,78716.2146181619,0.04196472354362881
Separate,History-conditioned,3,validation,2004-01-01,gas_cum,7,15,0.05534744107853226,103966.72006262088,0.049589985841071514
Separate,History-conditioned,3,validation,2004-01-01,gas_cum,8,15,0.061851944079451826,129528.55935086169,0.05598405355031498
Separate,History-conditioned,3,validation,2004-01-01,gas_cum,9,15,0.06641860749489635,152620.32358613375,0.060404343898846705
Separate,History-conditioned,3,validation,2004-01-01,gas_cum,10,15,0.06899667689825893,172390.4136680173,0.06278006239598523
Separate,History-conditioned,3,validation,2004-01-01,gas_cum,11,15,0.06984130704443095,188349.1336427629,0.06335937275661442
Separate,History-conditioned,3,validation,2004-01-01,gas_cum,12,15,0.06942304071601398,200664.9920364826,0.06260731212046478
Separate,History-conditioned,3,validation,2004-01-01,oil_cum,1,15,0.019156682246558764,16433.0110186792,0.01771847856759145
Separate,History-conditioned,3,validation,2004-01-01,oil_cum,2,15,0.024006048117508685,40207.66804854154,0.02103675785277949
Separate,History-conditioned,3,validation,2004-01-01,oil_cum,3,15,0.029004527044518044,71370.19744370149,0.024798654072713304
Separate,History-conditioned,3,validation,2004-01-01,oil_cum,4,15,0.03399162920408463,109017.91561200896,0.028891089483258185
Separate,History-conditioned,3,validation,2004-01-01,oil_cum,5,15,0.03950390777231389,153993.19867843328,0.033913347389291776
Separate,History-conditioned,3,validation,2004-01-01,oil_cum,6,15,0.046832878514129345,213195.26320695077,0.04112648388242169
Separate,History-conditioned,3,validation,2004-01-01,oil_cum,7,15,0.05462024170945136,282635.7733367135,0.04887073502914307
Separate,History-conditioned,3,validation,2004-01-01,oil_cum,8,15,0.061204363613486114,353045.47662447917,0.05535477479615109
Separate,History-conditioned,3,validation,2004-01-01,oil_cum,9,15,0.06583126049987668,416640.9513798021,0.059839670290484516
Separate,History-conditioned,3,validation,2004-01-01,oil_cum,10,15,0.06843696511732564,470940.44794643996,0.06225462263095592
Separate,History-conditioned,3,validation,2004-01-01,oil_cum,11,15,0.0692697091022387,514496.4736289185,0.062842978791293
Separate,History-conditioned,3,validation,2004-01-01,oil_cum,12,15,0.06886400321222523,548199.398733395,0.06211612274279149
Separate,History-conditioned,3,validation,2004-01-01,water_cum,1,15,0.012388648862343308,6356.920558784038,-0.004545857315775095
Separate,History-conditioned,3,validation,2004-01-01,water_cum,2,15,0.018593477041262425,19368.263112646964,-0.005461778543375463
Separate,History-conditioned,3,validation,2004-01-01,water_cum,3,15,0.024149115850835835,38413.97740170512,-0.006192725228887176
Separate,History-conditioned,3,validation,2004-01-01,water_cum,4,15,0.029302296219038033,63125.07762859696,-0.007116014417002919
Separate,History-conditioned,3,validation,2004-01-01,water_cum,5,15,0.03405784364162917,92602.35626391925,-0.008097360189603066
Separate,History-conditioned,3,validation,2004-01-01,water_cum,6,15,0.03860603540591824,127479.76322207278,-0.008939155984629245
Separate,History-conditioned,3,validation,2004-01-01,water_cum,7,15,0.043016594260432126,167886.38725547158,-0.009579915191748164
Separate,History-conditioned,3,validation,2004-01-01,water_cum,8,15,0.047238127107243136,213227.34890849795,-0.010001630941990252
Separate,History-conditioned,3,validation,2004-01-01,water_cum,9,15,0.05117212747824157,262085.66061760677,-0.010396768961432568
Separate,History-conditioned,3,validation,2004-01-01,water_cum,10,15,0.05516712136044421,317083.4325894536,-0.011123729849026697
Separate,History-conditioned,3,validation,2004-01-01,water_cum,11,15,0.05927993900581698,378962.9540600855,-0.012236014648085812
Separate,History-conditioned,3,validation,2004-01-01,water_cum,12,15,0.06344072536465828,447227.2703651133,-0.013608224402841238
Separate,History-conditioned,3,validation,2005-01-01,gas_cum,1,15,0.024133790727565236,6055.282916862319,0.02386879274068322
Separate,History-conditioned,3,validation,2005-01-01,gas_cum,2,15,0.032695939294496525,15971.718793734353,0.032254811685379976
Separate,History-conditioned,3,validation,2005-01-01,gas_cum,3,15,0.03942386544286319,28173.99084409374,0.038689035996056775
Separate,History-conditioned,3,validation,2005-01-01,gas_cum,4,15,0.042501459512678405,39544.873326519046,0.04128695397887974
Separate,History-conditioned,3,validation,2005-01-01,gas_cum,5,15,0.04221308652199231,47877.53175941811,0.04031338185625087
Separate,History-conditioned,3,validation,2005-01-01,gas_cum,6,15,0.039220769646446815,52357.43074764511,0.03616112122603331
Separate,History-conditioned,3,validation,2005-01-01,gas_cum,7,15,0.034731015795000056,53253.39305941919,0.02974422317095494
Separate,History-conditioned,3,validation,2005-01-01,gas_cum,8,15,0.0302215629304661,52194.08955155592,0.022082872449621094
Separate,History-conditioned,3,validation,2005-01-01,gas_cum,9,15,0.0269700482843759,51572.70123172125,0.013847416381151542
Separate,History-conditioned,3,validation,2005-01-01,gas_cum,10,15,0.026031843033039927,54541.99220877662,0.0050615448388181055
Separate,History-conditioned,3,validation,2005-01-01,gas_cum,11,15,0.0281299874124398,64020.07107626443,-0.00405458313895626
Separate,History-conditioned,3,validation,2005-01-01,gas_cum,12,15,0.03278677510316633,80396.4620155713,-0.013212851373237605
Separate,History-conditioned,3,validation,2005-01-01,oil_cum,1,15,0.023887011219270195,16506.40651519126,0.023692938123104773
Separate,History-conditioned,3,validation,2005-01-01,oil_cum,2,15,0.03259442045156985,43845.363109878504,0.032222884110977096
Separate,History-conditioned,3,validation,2005-01-01,oil_cum,3,15,0.03947897594822852,77679.02231508183,0.038822261057887456
Separate,History-conditioned,3,validation,2005-01-01,oil_cum,4,15,0.042623393072939206,109180.13395037873,0.04150268650154683
Separate,History-conditioned,3,validation,2005-01-01,oil_cum,5,15,0.042349040732627886,132226.6679416716,0.040566039392547014
Separate,History-conditioned,3,validation,2005-01-01,oil_cum,6,15,0.03931713563872855,144489.2448536317,0.03641053383048486
Separate,History-conditioned,3,validation,2005-01-01,oil_cum,7,15,0.03475158780210043,146695.61641190917,0.029948409766029253
Separate,History-conditioned,3,validation,2005-01-01,oil_cum,8,15,0.030196566896144417,143574.88608218307,0.02228020311819895
Separate,History-conditioned,3,validation,2005-01-01,oil_cum,9,15,0.026896441519160433,141591.02835929536,0.01407167360373668
Separate,History-conditioned,3,validation,2005-01-01,oil_cum,10,15,0.02588237485994924,149286.6836010259,0.005306436014591749
Separate,History-conditioned,3,validation,2005-01-01,oil_cum,11,15,0.027911974250478137,174874.13653093387,-0.0038101017758072346
Separate,History-conditioned,3,validation,2005-01-01,oil_cum,12,15,0.03252943984085317,219585.63042219274,-0.012975636870461821
Separate,History-conditioned,3,validation,2005-01-01,water_cum,1,15,0.009769028095456466,5517.544010367183,-0.007795180779438517
Separate,History-conditioned,3,validation,2005-01-01,water_cum,2,15,0.014962584598204107,17176.999961191173,-0.00971839623386212
Separate,History-conditioned,3,validation,2005-01-01,water_cum,3,15,0.020642741196370815,36101.17217682211,-0.011271462600771547
Separate,History-conditioned,3,validation,2005-01-01,water_cum,4,15,0.026532752825604352,62617.222261433286,-0.012468881285020533
Separate,History-conditioned,3,validation,2005-01-01,water_cum,5,15,0.032498539203022876,96450.37620160513,-0.01364542974243553
Separate,History-conditioned,3,validation,2005-01-01,water_cum,6,15,0.03889108952131539,139772.26304283235,-0.01532169707593683
Separate,History-conditioned,3,validation,2005-01-01,water_cum,7,15,0.04552271662046526,192974.33294670665,-0.01745420285588126
Separate,History-conditioned,3,validation,2005-01-01,water_cum,8,15,0.05220875960086244,255608.13330035144,-0.019786700431036496
Separate,History-conditioned,3,validation,2005-01-01,water_cum,9,15,0.05862798379984685,325290.7570789393,-0.022004232874788466
Separate,History-conditioned,3,validation,2005-01-01,water_cum,10,15,0.06501071187269628,404300.26349820924,-0.02436524594186949
Separate,History-conditioned,3,validation,2005-01-01,water_cum,11,15,0.07128271305280569,492375.9225456848,-0.026772047405864523
Separate,History-conditioned,3,validation,2005-01-01,water_cum,12,15,0.07735418339828887,588337.3990037305,-0.0291533485166868
Separate,History-conditioned,5,train,2003-01-01,gas_cum,1,70,0.042398953967613694,16002.890940250083,0.038110220348521184
Separate,History-conditioned,5,train,2003-01-01,gas_cum,2,70,0.0706112947125657,51678.37580553183,0.06437673621889843
Separate,History-conditioned,5,train,2003-01-01,gas_cum,3,70,0.09542793492320138,101941.75778246323,0.0873161002823438
Separate,History-conditioned,5,train,2003-01-01,gas_cum,4,70,0.1160609434494671,161113.47070615174,0.10612862423996014
Separate,History-conditioned,5,train,2003-01-01,gas_cum,5,70,0.13436937627926984,227070.05368472138,0.1226882318132082
Separate,History-conditioned,5,train,2003-01-01,gas_cum,6,70,0.1517166012299708,300019.64705475915,0.1383300064447756
Separate,History-conditioned,5,train,2003-01-01,gas_cum,7,70,0.16888038202161923,380680.30287409713,0.15388329360344657
Separate,History-conditioned,5,train,2003-01-01,gas_cum,8,70,0.1857748831808868,467656.9095300979,0.1692744887182327
Separate,History-conditioned,5,train,2003-01-01,gas_cum,9,70,0.20276486141205302,559793.5847298119,0.18494579807554354
Separate,History-conditioned,5,train,2003-01-01,gas_cum,10,70,0.22134552182944872,662021.8810309116,0.20235702092820046
Separate,History-conditioned,5,train,2003-01-01,gas_cum,11,70,0.24071638096223466,772567.692132561,0.22064466456931986
Separate,History-conditioned,5,train,2003-01-01,gas_cum,12,70,0.25957042148583104,887095.0390447173,0.2384217923472086
Separate,History-conditioned,5,train,2003-01-01,gas_cum,13,70,0.2768800060689654,1000572.3282555179,0.2546445625553692
Separate,History-conditioned,5,train,2003-01-01,gas_cum,14,70,0.29287147210488285,1114903.176548152,0.26948554184334633
Separate,History-conditioned,5,train,2003-01-01,gas_cum,15,70,0.30753200264849917,1229356.3780876473,0.2829181170440846
Separate,History-conditioned,5,train,2003-01-01,gas_cum,16,70,0.3210035854786123,1342930.5896232186,0.29510381093337984
Separate,History-conditioned,5,train,2003-01-01,gas_cum,17,70,0.33323852601998594,1453287.2362348852,0.30602282085797183
Separate,History-conditioned,5,train,2003-01-01,gas_cum,18,70,0.34479490301774374,1564099.2972294283,0.31620004857582595
Separate,History-conditioned,5,train,2003-01-01,gas_cum,19,70,0.3557721942443719,1675388.38507193,0.3257282313315333
Separate,History-conditioned,5,train,2003-01-01,gas_cum,20,70,0.3661576855736988,1786021.0049338476,0.33460875424160247
Separate,History-conditioned,5,train,2003-01-01,oil_cum,1,70,0.04266346778009665,44314.21971943066,0.038309373999445465
Separate,History-conditioned,5,train,2003-01-01,oil_cum,2,70,0.07085124691916271,142704.67710070766,0.06455374229314535
Separate,History-conditioned,5,train,2003-01-01,oil_cum,3,70,0.09557127490640223,280992.72850411694,0.0874159682987537
Separate,History-conditioned,5,train,2003-01-01,oil_cum,4,70,0.1161357205018827,443734.9485556419,0.10618494958682616
Separate,History-conditioned,5,train,2003-01-01,oil_cum,5,70,0.134367578198086,625015.0608523883,0.12268954636286258
Separate,History-conditioned,5,train,2003-01-01,oil_cum,6,70,0.15163243180862696,825415.3449309192,0.1382648172595581
Separate,History-conditioned,5,train,2003-01-01,oil_cum,7,70,0.16874263469330836,1047095.1510880472,0.15377933325289028
Separate,History-conditioned,5,train,2003-01-01,oil_cum,8,70,0.18559775172828918,1286185.12492241,0.1691464262399851
Separate,History-conditioned,5,train,2003-01-01,oil_cum,9,70,0.2025506378942339,1539460.9571744646,0.18479477007102985
Separate,History-conditioned,5,train,2003-01-01,oil_cum,10,70,0.22110408414478172,1820557.4264924268,0.2021903064289206
Separate,History-conditioned,5,train,2003-01-01,oil_cum,11,70,0.24047732627981291,2124752.347628241,0.22048466146432902
Separate,History-conditioned,5,train,2003-01-01,oil_cum,12,70,0.25934979161745675,2440042.915797233,0.2382786147385867
Separate,History-conditioned,5,train,2003-01-01,oil_cum,13,70,0.2766728467322468,2752426.0197706847,0.25451223099597037
Separate,History-conditioned,5,train,2003-01-01,oil_cum,14,70,0.29265683856133523,3066995.893648403,0.2693461916855912
Separate,History-conditioned,5,train,2003-01-01,oil_cum,15,70,0.3072934917431152,3381757.285962074,0.28275786501589156
Separate,History-conditioned,5,train,2003-01-01,oil_cum,16,70,0.32075608648291104,3694221.87352607,0.2949335765585283
Separate,History-conditioned,5,train,2003-01-01,oil_cum,17,70,0.33299667437767344,3997963.1063514883,0.30585514461884
Separate,History-conditioned,5,train,2003-01-01,oil_cum,18,70,0.34456249415684087,4302997.946500948,0.3160384665036561
Separate,History-conditioned,5,train,2003-01-01,oil_cum,19,70,0.35554757758403566,4609335.404180563,0.3255718409927785
Separate,History-conditioned,5,train,2003-01-01,oil_cum,20,70,0.36593751016449694,4913839.24478587,0.334454592920763
Separate,History-conditioned,5,train,2003-01-01,water_cum,1,70,0.019098761809581356,9326.216903011316,0.002236768942805296
Separate,History-conditioned,5,train,2003-01-01,water_cum,2,70,0.04569640992943041,45205.96360721301,0.026734030891533287
Separate,History-conditioned,5,train,2003-01-01,water_cum,3,70,0.07601419471957346,114000.28545721996,0.053376234180837236
Separate,History-conditioned,5,train,2003-01-01,water_cum,4,70,0.10156581696709945,205643.43429341732,0.07465561799720685
Separate,History-conditioned,5,train,2003-01-01,water_cum,5,70,0.12391769373860463,317011.44181725295,0.09324586001760651
Separate,History-conditioned,5,train,2003-01-01,water_cum,6,70,0.14454532693860864,448790.5892792277,0.11067317346294674
Separate,History-conditioned,5,train,2003-01-01,water_cum,7,70,0.16388208150771386,601565.3818610857,0.12739095843253512
Separate,History-conditioned,5,train,2003-01-01,water_cum,8,70,0.18170925169260643,772380.606736261,0.1431354504982282
Separate,History-conditioned,5,train,2003-01-01,water_cum,9,70,0.19792325109969655,956247.1784017085,0.1577381030961258
Separate,History-conditioned,5,train,2003-01-01,water_cum,10,70,0.21348849539828463,1159444.7146065386,0.17200867001178444
Separate,History-conditioned,5,train,2003-01-01,water_cum,11,70,0.22856474802160756,1382536.956197381,0.18609164276915738
Separate,History-conditioned,5,train,2003-01-01,water_cum,12,70,0.243134809117118,1623559.3202391174,0.19990119460568093
Separate,History-conditioned,5,train,2003-01-01,water_cum,13,70,0.25695574087360395,1876580.2395657902,0.21312499995115472
Separate,History-conditioned,5,train,2003-01-01,water_cum,14,70,0.27033879081399104,2148422.7780380147,0.22597581421352714
Separate,History-conditioned,5,train,2003-01-01,water_cum,15,70,0.2833039307161401,2439235.1813322785,0.23845353403377126
Separate,History-conditioned,5,train,2003-01-01,water_cum,16,70,0.2958028092459629,2746179.802315913,0.25051935383781865
Separate,History-conditioned,5,train,2003-01-01,water_cum,17,70,0.3077069669529465,3062529.9298136127,0.2620369285099708
Separate,History-conditioned,5,train,2003-01-01,water_cum,18,70,0.3192707979747592,3397050.3847709964,0.2732345957353272
Separate,History-conditioned,5,train,2003-01-01,water_cum,19,70,0.33055419031951844,3750289.9637432126,0.2841665572408251
Separate,History-conditioned,5,train,2003-01-01,water_cum,20,70,0.3414945565043922,4118753.646747297,0.294768073096894
Separate,History-conditioned,5,validation,2003-01-01,gas_cum,1,15,0.0411287952044127,15998.092012283225,0.03689138350217475
Separate,History-conditioned,5,validation,2003-01-01,gas_cum,2,15,0.06930366240501085,52310.31089789123,0.06369417254611529
Separate,History-conditioned,5,validation,2003-01-01,gas_cum,3,15,0.09462033502181008,104294.30815263296,0.0873883289636425
Separate,History-conditioned,5,validation,2003-01-01,gas_cum,4,15,0.11615494523114961,166413.5795359299,0.10718442784870183
Separate,History-conditioned,5,validation,2003-01-01,gas_cum,5,15,0.13567209295969468,236631.57725392052,0.12492806840552838
Separate,History-conditioned,5,validation,2003-01-01,gas_cum,6,15,0.1545188095549936,315318.35185733705,0.14200232935027424
Separate,History-conditioned,5,validation,2003-01-01,gas_cum,7,15,0.1733231227977385,403083.2613451557,0.15908777073723893
Separate,History-conditioned,5,validation,2003-01-01,gas_cum,8,15,0.19193880016055073,498375.48763679777,0.17606207948528946
Separate,History-conditioned,5,validation,2003-01-01,gas_cum,9,15,0.21049470244932325,599364.9028740926,0.1931437077347025
Separate,History-conditioned,5,validation,2003-01-01,gas_cum,10,15,0.23051515689904734,711128.3896082101,0.21182065360666388
Separate,History-conditioned,5,validation,2003-01-01,gas_cum,11,15,0.2512269115015233,831821.1242409336,0.23126417379807487
Separate,History-conditioned,5,validation,2003-01-01,gas_cum,12,15,0.2713070274982661,956828.5145629263,0.25010864663364213
Separate,History-conditioned,5,validation,2003-01-01,gas_cum,13,15,0.28975680353392536,1080903.5877469184,0.2673426808670893
Separate,History-conditioned,5,validation,2003-01-01,gas_cum,14,15,0.3068434614859636,1206205.6324793722,0.28319223951698325
Separate,History-conditioned,5,validation,2003-01-01,gas_cum,15,15,0.3226061396325402,1332119.2018348791,0.2976842967279187
Separate,History-conditioned,5,validation,2003-01-01,gas_cum,16,15,0.33714857095494527,1457437.905729826,0.3109219590304462
Separate,History-conditioned,5,validation,2003-01-01,gas_cum,17,15,0.35038075240367567,1579468.5880986415,0.322838159376354
Separate,History-conditioned,5,validation,2003-01-01,gas_cum,18,15,0.3629064514103977,1702284.1492306415,0.3339941217278686
Separate,History-conditioned,5,validation,2003-01-01,gas_cum,19,15,0.3748486642746749,1825966.4479572175,0.3445130506725754
Separate,History-conditioned,5,validation,2003-01-01,gas_cum,20,15,0.386218094301063,1949356.6102115263,0.3544198043626618
Separate,History-conditioned,5,validation,2003-01-01,oil_cum,1,15,0.04174444068606942,44670.25797162583,0.03740930310044142
Separate,History-conditioned,5,validation,2003-01-01,oil_cum,2,15,0.07015575507756373,145651.2855773643,0.06441003258939057
Separate,History-conditioned,5,validation,2003-01-01,oil_cum,3,15,0.09535148119501184,289120.8747150273,0.08800100960644683
Separate,History-conditioned,5,validation,2003-01-01,oil_cum,4,15,0.1166465892791793,459819.31039332156,0.10760328638020256
Separate,History-conditioned,5,validation,2003-01-01,oil_cum,5,15,0.13594050148833142,652484.93656261,0.1251750033379698
Separate,History-conditioned,5,validation,2003-01-01,oil_cum,6,15,0.1545541514586333,868104.7244752421,0.14204079531511155
Separate,History-conditioned,5,validation,2003-01-01,oil_cum,7,15,0.17310095926097374,1108290.5841522494,0.158888177920938
Separate,History-conditioned,5,validation,2003-01-01,oil_cum,8,15,0.19159410698189414,1369722.3151877094,0.17575607163717516
Separate,History-conditioned,5,validation,2003-01-01,oil_cum,9,15,0.21010604279242093,1647237.5579014805,0.19280845996610269
Separate,History-conditioned,5,validation,2003-01-01,oil_cum,10,15,0.2301127192610632,1954592.2624154354,0.2114868597577395
Separate,History-conditioned,5,validation,2003-01-01,oil_cum,11,15,0.2508505906637598,2286830.1391460346,0.23096070937250404
Separate,History-conditioned,5,validation,2003-01-01,oil_cum,12,15,0.27095854378948325,2630996.2645842126,0.24983073352189641
Separate,History-conditioned,5,validation,2003-01-01,oil_cum,13,15,0.2894287284660404,2972568.058769013,0.2670821952856346
Separate,History-conditioned,5,validation,2003-01-01,oil_cum,14,15,0.3065195788638347,3317396.532620824,0.282935583611881
Separate,History-conditioned,5,validation,2003-01-01,oil_cum,15,15,0.32225949520999253,3663671.4192244867,0.2974107864590235
Separate,History-conditioned,5,validation,2003-01-01,oil_cum,16,15,0.33679575722208077,4008443.8725103596,0.310647174080834
Separate,History-conditioned,5,validation,2003-01-01,oil_cum,17,15,0.35004665225705195,4344404.7113807,0.3225808610694748
Separate,History-conditioned,5,validation,2003-01-01,oil_cum,18,15,0.36259174025155655,4682549.034688426,0.3337529959706987
Separate,History-conditioned,5,validation,2003-01-01,oil_cum,19,15,0.37454108226803806,5022972.710752139,0.344276338169107
Separate,History-conditioned,5,validation,2003-01-01,oil_cum,20,15,0.38591302389977317,5362554.050264928,0.35418282917176724
Separate,History-conditioned,5,validation,2003-01-01,water_cum,1,15,0.016333092624627805,7540.135481247656,0.0011083604567988224
Separate,History-conditioned,5,validation,2003-01-01,water_cum,2,15,0.041669984615004825,39013.242870274174,0.024459714784067735
Separate,History-conditioned,5,validation,2003-01-01,water_cum,3,15,0.07101828392751967,100951.66217180382,0.049275783734040526
Separate,History-conditioned,5,validation,2003-01-01,water_cum,4,15,0.09545384209768043,183573.74223647386,0.0679704823044172
Separate,History-conditioned,5,validation,2003-01-01,water_cum,5,15,0.11651751233354059,283796.4859750778,0.08360230361866856
Separate,History-conditioned,5,validation,2003-01-01,water_cum,6,15,0.13562840603898682,401931.1660168782,0.09790517372151916
Separate,History-conditioned,5,validation,2003-01-01,water_cum,7,15,0.15347331053544083,538960.469870218,0.11169695835840357
Separate,History-conditioned,5,validation,2003-01-01,water_cum,8,15,0.17001828718839637,692757.3872872025,0.12491942584976631
Separate,History-conditioned,5,validation,2003-01-01,water_cum,9,15,0.18521524809479328,859148.8894404278,0.13746679106793572
Separate,History-conditioned,5,validation,2003-01-01,water_cum,10,15,0.1999234268804739,1043826.835263306,0.1499982898036456
Separate,History-conditioned,5,validation,2003-01-01,water_cum,11,15,0.21429987009402376,1247511.4687399992,0.1626258342691062
Separate,History-conditioned,5,validation,2003-01-01,water_cum,12,15,0.22831245856213817,1468481.9842799571,0.17527297394973812
Separate,History-conditioned,5,validation,2003-01-01,water_cum,13,15,0.24164464977495426,1700993.2563878032,0.18753269856236457
Separate,History-conditioned,5,validation,2003-01-01,water_cum,14,15,0.2544950945495129,1950677.5789927188,0.19950726109143985
Separate,History-conditioned,5,validation,2003-01-01,water_cum,15,15,0.26683741413668943,2217319.9133321214,0.2111122408855934
Separate,History-conditioned,5,validation,2003-01-01,water_cum,16,15,0.2786221347496234,2498150.290366885,0.2222975407084847
Separate,History-conditioned,5,validation,2003-01-01,water_cum,17,15,0.2898101486544927,2787475.197849616,0.23299394406577184
Separate,History-conditioned,5,validation,2003-01-01,water_cum,18,15,0.3007043232304484,3093820.327948563,0.24343216377349802
Separate,History-conditioned,5,validation,2003-01-01,water_cum,19,15,0.3113778626414932,3417895.9595956993,0.2536698082868342
Separate,History-conditioned,5,validation,2003-01-01,water_cum,20,15,0.3217623716331652,3756509.707508153,0.2636303788478398
Separate,Input-only PolyRidge,3,train,2003-01-01,gas_cum,1,70,0.053883980540570545,20337.753253912182,0.037082485779528336
Separate,Input-only PolyRidge,3,train,2003-01-01,gas_cum,2,70,0.06840737338774179,50065.38917309996,0.0638074932668967
Separate,Input-only PolyRidge,3,train,2003-01-01,gas_cum,3,70,0.09197770359943816,98256.01684943773,0.08692685611332793
Separate,Input-only PolyRidge,3,train,2003-01-01,gas_cum,4,70,0.11245972997352466,156114.33848631525,0.10584942302855165
Separate,Input-only PolyRidge,3,train,2003-01-01,gas_cum,5,70,0.13078360502854453,221010.47900372362,0.1224899208622699
Separate,Input-only PolyRidge,3,train,2003-01-01,gas_cum,6,70,0.14817246209890386,293011.1103317152,0.13819820146436917
Separate,Input-only PolyRidge,3,train,2003-01-01,gas_cum,7,70,0.1653843509954137,372799.7537304862,0.1538099581747049
Separate,Input-only PolyRidge,3,train,2003-01-01,gas_cum,8,70,0.18231893389415355,458957.14056642837,0.16925378021578244
Separate,Input-only PolyRidge,3,train,2003-01-01,gas_cum,9,70,0.19934464229192161,550351.0377890529,0.18497249235607816
Separate,Input-only PolyRidge,3,train,2003-01-01,gas_cum,10,70,0.2179634639524806,651906.4908528756,0.20242858053448673
Separate,Input-only PolyRidge,3,train,2003-01-01,gas_cum,11,70,0.23736742746056122,761819.3863151309,0.2207590859366862
Separate,Input-only PolyRidge,3,train,2003-01-01,gas_cum,12,70,0.25623894067627284,875709.534941766,0.23857681818372536
Separate,Input-only PolyRidge,3,train,2003-01-01,oil_cum,1,70,0.05543476917789654,57579.67341302851,0.037201256229621976
Separate,Input-only PolyRidge,3,train,2003-01-01,oil_cum,2,70,0.06891173378246701,138798.2166227357,0.06394284873104336
Separate,Input-only PolyRidge,3,train,2003-01-01,oil_cum,3,70,0.092199597067462,271079.5306679624,0.0869980939147756
Separate,Input-only PolyRidge,3,train,2003-01-01,oil_cum,4,70,0.11255799083523586,430065.04852217383,0.10588364318436592
Separate,Input-only PolyRidge,3,train,2003-01-01,oil_cum,5,70,0.13078434896016344,608347.556159503,0.12247302512648421
Separate,Input-only PolyRidge,3,train,2003-01-01,oil_cum,6,70,0.14808241186151494,806090.7129626388,0.13811740955229684
Separate,Input-only PolyRidge,3,train,2003-01-01,oil_cum,7,70,0.1652374471321624,1025344.4838331426,0.15369227095470717
Separate,Input-only PolyRidge,3,train,2003-01-01,oil_cum,8,70,0.1821332816723774,1262176.4835991235,0.16911339106841722
Separate,Input-only PolyRidge,3,train,2003-01-01,oil_cum,9,70,0.19912440004122112,1513420.2620695662,0.18481019444155974
Separate,Input-only PolyRidge,3,train,2003-01-01,oil_cum,10,70,0.21771907559801257,1792685.4743645522,0.20225143584346808
Separate,Input-only PolyRidge,3,train,2003-01-01,oil_cum,11,70,0.23712674529124192,2095148.0812655108,0.2205893402667867
Separate,Input-only PolyRidge,3,train,2003-01-01,oil_cum,12,70,0.25601614993609545,2408678.9855712545,0.23842447396833777
Separate,Input-only PolyRidge,3,train,2003-01-01,water_cum,1,70,0.06916845943579167,33776.01448601305,-0.005873839121431319
Separate,Input-only PolyRidge,3,train,2003-01-01,water_cum,2,70,0.047044237820571544,46539.32565227973,0.021478588010447622
Separate,Input-only PolyRidge,3,train,2003-01-01,water_cum,3,70,0.06758913084642938,101365.01792492547,0.04871084283807373
Separate,Input-only PolyRidge,3,train,2003-01-01,water_cum,4,70,0.09151418228244736,185291.580308092,0.0700466971816484
Separate,Input-only PolyRidge,3,train,2003-01-01,water_cum,5,70,0.11362157232177324,290671.4721406032,0.08849289932351968
Separate,Input-only PolyRidge,3,train,2003-01-01,water_cum,6,70,0.13429183732624803,416955.11079811305,0.10568379581245474
Separate,Input-only PolyRidge,3,train,2003-01-01,water_cum,7,70,0.15372159825309137,564269.0836158596,0.1221160531224079
Separate,Input-only PolyRidge,3,train,2003-01-01,water_cum,8,70,0.17161976262338804,729493.821301005,0.1375527844286199
Separate,Input-only PolyRidge,3,train,2003-01-01,water_cum,9,70,0.18786617292898014,907657.3711391513,0.15184485529179145
Separate,Input-only PolyRidge,3,train,2003-01-01,water_cum,10,70,0.20342341682803097,1104781.805822584,0.16579753643969575
Separate,Input-only PolyRidge,3,train,2003-01-01,water_cum,11,70,0.2184455211996935,1321328.0201276883,0.17955882687901256
Separate,Input-only PolyRidge,3,train,2003-01-01,water_cum,12,70,0.23292114149350432,1555356.4359036428,0.19304868054392693
Separate,Input-only PolyRidge,3,train,2004-01-01,gas_cum,1,70,0.07385537259023728,22283.864927117284,0.014231047543903213
Separate,Input-only PolyRidge,3,train,2004-01-01,gas_cum,2,70,0.04129023055806305,24333.897059657203,0.01693137323977209
Separate,Input-only PolyRidge,3,train,2004-01-01,gas_cum,3,70,0.033357579550811485,28887.31237099439,0.019767392706582485
Separate,Input-only PolyRidge,3,train,2004-01-01,gas_cum,4,70,0.03209562979245969,36242.16423996277,0.02259833326585178
Separate,Input-only PolyRidge,3,train,2004-01-01,gas_cum,5,70,0.034299781383882996,47082.77150367415,0.02659726850545195
Separate,Input-only PolyRidge,3,train,2004-01-01,gas_cum,6,70,0.03963020545090694,63519.776998794485,0.03303057364898095
Separate,Input-only PolyRidge,3,train,2004-01-01,gas_cum,7,70,0.04616128625902682,84078.68389079704,0.04014577526415766
Separate,Input-only PolyRidge,3,train,2004-01-01,gas_cum,8,70,0.05194213513929606,105420.02312024689,0.04613734764199275
Separate,Input-only PolyRidge,3,train,2004-01-01,gas_cum,9,70,0.056013240164660735,124675.43949994739,0.05019179161211532
Separate,Input-only PolyRidge,3,train,2004-01-01,gas_cum,10,70,0.058209082419788914,140805.04670174865,0.05220233345818516
Separate,Input-only PolyRidge,3,train,2004-01-01,gas_cum,11,70,0.0586751877082679,153125.82216964345,0.052352812252794
Separate,Input-only PolyRidge,3,train,2004-01-01,gas_cum,12,70,0.057900388977119854,161880.5083246139,0.05118033487864781
Separate,Input-only PolyRidge,3,train,2004-01-01,oil_cum,1,70,0.07682890019602082,63823.803189479986,0.0141234521452394
Separate,Input-only PolyRidge,3,train,2004-01-01,oil_cum,2,70,0.042647090118329414,69205.51352118162,0.016713147812214533
Separate,Input-only PolyRidge,3,train,2004-01-01,oil_cum,3,70,0.03404760916125653,81187.56337787236,0.019536762278570274
Separate,Input-only PolyRidge,3,train,2004-01-01,oil_cum,4,70,0.03241769345127594,100794.79030200193,0.022373260147344493
Separate,Input-only PolyRidge,3,train,2004-01-01,oil_cum,5,70,0.034393146923582786,129996.67123256836,0.026368501733654418
Separate,Input-only PolyRidge,3,train,2004-01-01,oil_cum,6,70,0.03958063228982387,174684.28680965194,0.032804443784593754
Separate,Input-only PolyRidge,3,train,2004-01-01,oil_cum,7,70,0.04606062075614329,230999.8613888615,0.03995139143261869
Separate,Input-only PolyRidge,3,train,2004-01-01,oil_cum,8,70,0.05183777506919486,289671.1400981212,0.04598294043241609
Separate,Input-only PolyRidge,3,train,2004-01-01,oil_cum,9,70,0.05590695772789959,342609.51544235187,0.05006388240506275
Separate,Input-only PolyRidge,3,train,2004-01-01,oil_cum,10,70,0.05808086646978169,386815.12691524986,0.05207498684897271
Separate,Input-only PolyRidge,3,train,2004-01-01,oil_cum,11,70,0.05851341567325986,420436.00814440474,0.052208216175195346
Separate,Input-only PolyRidge,3,train,2004-01-01,oil_cum,12,70,0.057730331911130056,444394.5342445313,0.05103189098064381
Separate,Input-only PolyRidge,3,train,2004-01-01,water_cum,1,70,0.06658560177445019,35556.786229026744,-0.009647013312567905
Separate,Input-only PolyRidge,3,train,2004-01-01,water_cum,2,70,0.04841225018171404,52340.80027703542,-0.0044852284225529076
Separate,Input-only PolyRidge,3,train,2004-01-01,water_cum,3,70,0.051733991688511186,85235.61077899091,-0.0021505134062576943
Separate,Input-only PolyRidge,3,train,2004-01-01,water_cum,4,70,0.05826284127687084,129810.070724946,-0.0010526245975219647
Separate,Input-only PolyRidge,3,train,2004-01-01,water_cum,5,70,0.06480130776676854,182041.71459396987,-0.0006095901399093463
Separate,Input-only PolyRidge,3,train,2004-01-01,water_cum,6,70,0.0710468556067162,242212.2802730604,-0.0003191160700166708
Separate,Input-only PolyRidge,3,train,2004-01-01,water_cum,7,70,0.07696755748620161,309978.19585538603,-4.2709612175935595e-05
Separate,Input-only PolyRidge,3,train,2004-01-01,water_cum,8,70,0.08247371603496507,384042.33536554617,0.00023516836519188935
Separate,Input-only PolyRidge,3,train,2004-01-01,water_cum,9,70,0.08741759368774317,461769.27570420457,0.00043501376271487665
Separate,Input-only PolyRidge,3,train,2004-01-01,water_cum,10,70,0.09198563932410571,545163.9919179704,0.00028308985608646955
Separate,Input-only PolyRidge,3,train,2004-01-01,water_cum,11,70,0.0961994706915443,633923.2405978644,-0.00020238699667297184
Separate,Input-only PolyRidge,3,train,2004-01-01,water_cum,12,70,0.10007500830522553,726921.0225137683,-0.0009040583568279789
Separate,Input-only PolyRidge,3,train,2005-01-01,gas_cum,1,70,0.11768853933817676,28659.350813344096,0.02094606947329082
Separate,Input-only PolyRidge,3,train,2005-01-01,gas_cum,2,70,0.07234223247809765,34268.240865436186,0.03151451303858907
Separate,Input-only PolyRidge,3,train,2005-01-01,gas_cum,3,70,0.06314351628152085,43718.60219409835,0.0391834018465724
Separate,Input-only PolyRidge,3,train,2005-01-01,gas_cum,4,70,0.06040412370499517,54400.81127122849,0.04273600439769734
Separate,Input-only PolyRidge,3,train,2005-01-01,gas_cum,5,70,0.057932217575770044,63549.65619089529,0.04246807365130652
Separate,Input-only PolyRidge,3,train,2005-01-01,gas_cum,6,70,0.054245574576666594,69987.64883112376,0.03885481822506077
Separate,Input-only PolyRidge,3,train,2005-01-01,gas_cum,7,70,0.04960328093770738,73465.91376611197,0.032754192076939526
Separate,Input-only PolyRidge,3,train,2005-01-01,gas_cum,8,70,0.04504113947133636,75096.85113231598,0.025348105593642985
Separate,Input-only PolyRidge,3,train,2005-01-01,gas_cum,9,70,0.041405502449502925,76394.44116946185,0.017368701147783973
Separate,Input-only PolyRidge,3,train,2005-01-01,gas_cum,10,70,0.039244979451084114,79291.34253386273,0.008847723256396886
Separate,Input-only PolyRidge,3,train,2005-01-01,gas_cum,11,70,0.03909092558500996,85743.40129011232,-4.2639859178491336e-05
Separate,Input-only PolyRidge,3,train,2005-01-01,gas_cum,12,70,0.04106865723860394,97011.5227129309,-0.0090590234539612
Separate,Input-only PolyRidge,3,train,2005-01-01,oil_cum,1,70,0.11930118780244739,79997.36738377277,0.02069871267512417
Separate,Input-only PolyRidge,3,train,2005-01-01,oil_cum,2,70,0.07297580087567102,95185.13443673679,0.031319214008423954
Separate,Input-only PolyRidge,3,train,2005-01-01,oil_cum,3,70,0.06347714268542898,121005.7776954851,0.039085112025864656
Separate,Input-only PolyRidge,3,train,2005-01-01,oil_cum,4,70,0.06066018525561428,150403.23430246787,0.04272275935836811
Separate,Input-only PolyRidge,3,train,2005-01-01,oil_cum,5,70,0.058166935142317064,175657.22065668265,0.042496160103085004
Separate,Input-only PolyRidge,3,train,2005-01-01,oil_cum,6,70,0.05445948957692942,193434.24969120795,0.03887113910228887
Separate,Input-only PolyRidge,3,train,2005-01-01,oil_cum,7,70,0.04980426020884211,203078.19419516978,0.03273104057964186
Separate,Input-only PolyRidge,3,train,2005-01-01,oil_cum,8,70,0.04524427194712418,207683.6115139597,0.025312812666201185
Separate,Input-only PolyRidge,3,train,2005-01-01,oil_cum,9,70,0.041612175455084575,211370.35987305848,0.01734493091070316
Separate,Input-only PolyRidge,3,train,2005-01-01,oil_cum,10,70,0.03944234318438082,219389.61285786744,0.008839449562534005
Separate,Input-only PolyRidge,3,train,2005-01-01,oil_cum,11,70,0.039265801049458884,237107.00583297212,-3.8985601126560205e-05
Separate,Input-only PolyRidge,3,train,2005-01-01,oil_cum,12,70,0.04121408207840343,268015.5194178763,-0.009049465088656424
Separate,Input-only PolyRidge,3,train,2005-01-01,water_cum,1,70,0.0782833385836842,45504.86791284509,-0.01754694351411341
Separate,Input-only PolyRidge,3,train,2005-01-01,water_cum,2,70,0.05144972063410299,60778.05001200394,-0.01771837153413215
Separate,Input-only PolyRidge,3,train,2005-01-01,water_cum,3,70,0.05252561219527623,94523.16180527117,-0.019949651138449008
Separate,Input-only PolyRidge,3,train,2005-01-01,water_cum,4,70,0.05943422948413744,144351.88317569002,-0.022455355717116418
Separate,Input-only PolyRidge,3,train,2005-01-01,water_cum,5,70,0.06724988903404071,205421.81845672984,-0.024997198060870893
Separate,Input-only PolyRidge,3,train,2005-01-01,water_cum,6,70,0.0751703113072644,278049.467888928,-0.027986469499762967
Separate,Input-only PolyRidge,3,train,2005-01-01,water_cum,7,70,0.08286236607836543,361447.1919016065,-0.03127694475323048
Separate,Input-only PolyRidge,3,train,2005-01-01,water_cum,8,70,0.09014352505627446,453975.4442917108,-0.034628084188536704
Separate,Input-only PolyRidge,3,train,2005-01-01,water_cum,9,70,0.09680553527762215,552305.7066791293,-0.03781604957412945
Separate,Input-only PolyRidge,3,train,2005-01-01,water_cum,10,70,0.10321290717155218,659822.097700233,-0.04117678714468271
Separate,Input-only PolyRidge,3,train,2005-01-01,water_cum,11,70,0.10935724800977645,776271.1028345852,-0.044621537346201764
Separate,Input-only PolyRidge,3,train,2005-01-01,water_cum,12,70,0.11520104057132753,900205.6542881448,-0.048049527982505634
Separate,Input-only PolyRidge,3,validation,2003-01-01,gas_cum,1,15,0.08176177056228921,31803.32227194329,0.014274712655245984
Separate,Input-only PolyRidge,3,validation,2003-01-01,gas_cum,2,15,0.06802644433855781,51346.26842420327,0.05109801713077969
Separate,Input-only PolyRidge,3,validation,2003-01-01,gas_cum,3,15,0.08704472698184808,95944.17074103699,0.07814749563125505
Separate,Input-only PolyRidge,3,validation,2003-01-01,gas_cum,4,15,0.10745492525638019,153949.18154448553,0.09962605146540754
Separate,Input-only PolyRidge,3,validation,2003-01-01,gas_cum,5,15,0.12664352464231352,220884.459960452,0.11837153100456835
Separate,Input-only PolyRidge,3,validation,2003-01-01,gas_cum,6,15,0.14536723477405625,296643.2178387998,0.13611321329789597
Separate,Input-only PolyRidge,3,validation,2003-01-01,gas_cum,7,15,0.16413967396782111,381726.0734235003,0.15367617034123499
Separate,Input-only PolyRidge,3,validation,2003-01-01,gas_cum,8,15,0.18274735408415596,474509.59175447025,0.17100293058321198
Separate,Input-only PolyRidge,3,validation,2003-01-01,gas_cum,9,15,0.20130061893687667,573185.5695828877,0.18834542441123023
Separate,Input-only PolyRidge,3,validation,2003-01-01,gas_cum,10,15,0.22131949759398667,682760.2142527935,0.2072222566791481
Separate,Input-only PolyRidge,3,validation,2003-01-01,gas_cum,11,15,0.24201797860805388,801330.0241166595,0.2268218442315234
Separate,Input-only PolyRidge,3,validation,2003-01-01,gas_cum,12,15,0.262066213412136,924238.5942172746,0.24579059486060043
Separate,Input-only PolyRidge,3,validation,2003-01-01,oil_cum,1,15,0.08459012507276067,90518.9444809904,0.014354733957200619
Separate,Input-only PolyRidge,3,validation,2003-01-01,oil_cum,2,15,0.06959528830196932,144487.6931351124,0.05158752890212696
Separate,Input-only PolyRidge,3,validation,2003-01-01,oil_cum,3,15,0.0880070238212799,266851.31042941555,0.07860744744281409
Separate,Input-only PolyRidge,3,validation,2003-01-01,oil_cum,4,15,0.10802007239324549,425813.69505473017,0.09992988348735193
Separate,Input-only PolyRidge,3,validation,2003-01-01,oil_cum,5,15,0.12692238800384448,609199.9468765527,0.11852597820175373
Separate,Input-only PolyRidge,3,validation,2003-01-01,oil_cum,6,15,0.14537204953127497,816530.3993049056,0.13607457628238662
Separate,Input-only PolyRidge,3,validation,2003-01-01,oil_cum,7,15,0.16386614080409886,1049164.0351960454,0.1534108504358024
Separate,Input-only PolyRidge,3,validation,2003-01-01,oil_cum,8,15,0.18234811024386754,1303621.910234103,0.17063927040105523
Separate,Input-only PolyRidge,3,validation,2003-01-01,oil_cum,9,15,0.20086030208757,1574750.6787178307,0.18795841134317318
Separate,Input-only PolyRidge,3,validation,2003-01-01,oil_cum,10,15,0.2208704724132849,1876088.0222586524,0.2068413265020392
Separate,Input-only PolyRidge,3,validation,2003-01-01,oil_cum,11,15,0.2415986628346112,2202486.7563024173,0.2264749542948485
Separate,Input-only PolyRidge,3,validation,2003-01-01,oil_cum,12,15,0.26167712916627617,2540874.112087381,0.24547238482485523
Separate,Input-only PolyRidge,3,validation,2003-01-01,water_cum,1,15,0.05188907274958357,23954.473749706765,-0.018562334340041786
Separate,Input-only PolyRidge,3,validation,2003-01-01,water_cum,2,15,0.029511478822676084,27629.923586663215,0.01088035745218151
Separate,Input-only PolyRidge,3,validation,2003-01-01,water_cum,3,15,0.05462276830383864,77645.62796709665,0.037135489564706546
Separate,Input-only PolyRidge,3,validation,2003-01-01,water_cum,4,15,0.07962855885145691,153139.06927183244,0.05616787015125047
Separate,Input-only PolyRidge,3,validation,2003-01-01,water_cum,5,15,0.10153054630607491,247293.4040877185,0.07170277827689164
Separate,Input-only PolyRidge,3,validation,2003-01-01,water_cum,6,15,0.12132148251583723,359532.9795180938,0.08569508031746578
Separate,Input-only PolyRidge,3,validation,2003-01-01,water_cum,7,15,0.13961295132706608,490286.3017985609,0.09904975701290433
Separate,Input-only PolyRidge,3,validation,2003-01-01,water_cum,8,15,0.15636983831544327,637145.3473230965,0.1117611782727687
Separate,Input-only PolyRidge,3,validation,2003-01-01,water_cum,9,15,0.17158991198206486,795945.7109229013,0.12376229839254976
Separate,Input-only PolyRidge,3,validation,2003-01-01,water_cum,10,15,0.18619473965965608,972147.5310535317,0.1357080951232385
Separate,Input-only PolyRidge,3,validation,2003-01-01,water_cum,11,15,0.2003627276456061,1166378.6848599357,0.14771819746464399
Separate,Input-only PolyRidge,3,validation,2003-01-01,water_cum,12,15,0.21406855520358467,1376866.6795366649,0.1597283770076892
Separate,Input-only PolyRidge,3,validation,2004-01-01,gas_cum,1,15,0.13353726369307165,41592.52295364698,-0.03129214451066026
Separate,Input-only PolyRidge,3,validation,2004-01-01,gas_cum,2,15,0.06785994488248201,41257.50316164172,-0.007327837205495149
Separate,Input-only PolyRidge,3,validation,2004-01-01,gas_cum,3,15,0.04614156950012021,41202.509866064924,0.003350911804234104
Separate,Input-only PolyRidge,3,validation,2004-01-01,gas_cum,4,15,0.03707131348448663,43146.70956277355,0.010581776278151442
Separate,Input-only PolyRidge,3,validation,2004-01-01,gas_cum,5,15,0.03451914395690557,48836.76931787278,0.01722256495371984
Separate,Input-only PolyRidge,3,validation,2004-01-01,gas_cum,6,15,0.036886474147407304,60948.70119353774,0.025355915709646584
Separate,Input-only PolyRidge,3,validation,2004-01-01,gas_cum,7,15,0.04194463923692877,78790.39176329416,0.03361893602826183
Separate,Input-only PolyRidge,3,validation,2004-01-01,gas_cum,8,15,0.04714706105872277,98734.0169731589,0.04042329194869157
Separate,Input-only PolyRidge,3,validation,2004-01-01,gas_cum,9,15,0.05107888420415549,117371.86504935219,0.04511203120611159
Separate,Input-only PolyRidge,3,validation,2004-01-01,gas_cum,10,15,0.05333469535462222,133258.44965836345,0.047675946414718964
Separate,Input-only PolyRidge,3,validation,2004-01-01,gas_cum,11,15,0.05400080110624561,145630.20846540036,0.048386727440659326
Separate,Input-only PolyRidge,3,validation,2004-01-01,gas_cum,12,15,0.05346437041623913,154536.9858934374,0.04772130211239728
Separate,Input-only PolyRidge,3,validation,2004-01-01,oil_cum,1,15,0.1367661451085072,117320.91917712455,-0.031123263391954828
Separate,Input-only PolyRidge,3,validation,2004-01-01,oil_cum,2,15,0.06950116142428223,116407.3159337501,-0.007731268763377085
Separate,Input-only PolyRidge,3,validation,2004-01-01,oil_cum,3,15,0.04707589831620799,115837.64674081783,0.002563570416855316
Separate,Input-only PolyRidge,3,validation,2004-01-01,oil_cum,4,15,0.037520680294452886,120336.28436833806,0.009747900901995319
Separate,Input-only PolyRidge,3,validation,2004-01-01,oil_cum,5,15,0.03457899002773912,134795.0008422494,0.016453136674726254
Separate,Input-only PolyRidge,3,validation,2004-01-01,oil_cum,6,15,0.03663575894742808,166775.36208300552,0.02466968489320028
Separate,Input-only PolyRidge,3,validation,2004-01-01,oil_cum,7,15,0.041570231016811746,215107.6967714949,0.033035588475376944
Separate,Input-only PolyRidge,3,validation,2004-01-01,oil_cum,8,15,0.04674723313705399,269652.32917004486,0.039917885095699594
Separate,Input-only PolyRidge,3,validation,2004-01-01,oil_cum,9,15,0.05068443157509222,320777.8437058859,0.04466207019576764
Separate,Input-only PolyRidge,3,validation,2004-01-01,oil_cum,10,15,0.052936005888572016,364272.5284927668,0.04725788972226892
Separate,Input-only PolyRidge,3,validation,2004-01-01,oil_cum,11,15,0.053568741459021615,397878.50901361933,0.04797191774231207
Separate,Input-only PolyRidge,3,validation,2004-01-01,oil_cum,12,15,0.053028951234418385,422142.7425963219,0.04732652111845118
Separate,Input-only PolyRidge,3,validation,2004-01-01,water_cum,1,15,0.04707191759705005,24153.759141856564,-0.010468228389424763
Separate,Input-only PolyRidge,3,validation,2004-01-01,water_cum,2,15,0.033251589110172376,34637.17546590298,-0.00640749647529835
Separate,Input-only PolyRidge,3,validation,2004-01-01,water_cum,3,15,0.03556778179241754,56577.63929918025,-0.0049075731797562
Separate,Input-only PolyRidge,3,validation,2004-01-01,water_cum,4,15,0.04036086066446512,86948.21878655445,-0.004239585665765228
Separate,Input-only PolyRidge,3,validation,2004-01-01,water_cum,5,15,0.045298301439415295,123164.85718185313,-0.003887312677700098
Separate,Input-only PolyRidge,3,validation,2004-01-01,water_cum,6,15,0.05001392741528493,165149.40106305407,-0.003485015427041797
Separate,Input-only PolyRidge,3,validation,2004-01-01,water_cum,7,15,0.05441032631011461,212354.16867947814,-0.002929607171346729
Separate,Input-only PolyRidge,3,validation,2004-01-01,water_cum,8,15,0.05854302874341337,264256.34504290036,-0.0021987608453339566
Separate,Input-only PolyRidge,3,validation,2004-01-01,water_cum,9,15,0.062382918898099486,319503.39601602225,-0.0015029462510424386
Separate,Input-only PolyRidge,3,validation,2004-01-01,water_cum,10,15,0.06620801577014454,380543.0551318704,-0.0011646349466444556
Separate,Input-only PolyRidge,3,validation,2004-01-01,water_cum,11,15,0.06998693964689325,447410.33541901933,-0.0012393232798581489
Separate,Input-only PolyRidge,3,validation,2004-01-01,water_cum,12,15,0.07369046204377958,519483.0923251541,-0.001613134611252193
Separate,Input-only PolyRidge,3,validation,2005-01-01,gas_cum,1,15,0.20443991699483371,51294.947854570135,-0.05339806382384641
Separate,Input-only PolyRidge,3,validation,2005-01-01,gas_cum,2,15,0.10678710445207644,52164.69200481999,-0.009400352697795673
Separate,Input-only PolyRidge,3,validation,2005-01-01,gas_cum,3,15,0.0768618307348864,54928.77197755829,0.008910757903853228
Separate,Input-only PolyRidge,3,validation,2005-01-01,gas_cum,4,15,0.06430692237109437,59833.45344704286,0.017454055451777684
Separate,Input-only PolyRidge,3,validation,2005-01-01,gas_cum,5,15,0.05757974530951645,65306.19558745949,0.0200224490839019
Separate,Input-only PolyRidge,3,validation,2005-01-01,gas_cum,6,15,0.052592508810922096,70207.91949609868,0.0183125278042778
Separate,Input-only PolyRidge,3,validation,2005-01-01,gas_cum,7,15,0.04850358358138654,74371.00073594217,0.013691100000042684
Separate,Input-only PolyRidge,3,validation,2005-01-01,gas_cum,8,15,0.04560681400664067,78765.15651757013,0.007393907614289577
Separate,Input-only PolyRidge,3,validation,2005-01-01,gas_cum,9,15,0.044261800421744886,84638.35826542146,0.00021139032549515768
Separate,Input-only PolyRidge,3,validation,2005-01-01,gas_cum,10,15,0.0447359185770803,93730.82495106931,-0.007710138017382284
Separate,Input-only PolyRidge,3,validation,2005-01-01,gas_cum,11,15,0.047118650085828925,107235.71551185302,-0.016103262708971926
Separate,Input-only PolyRidge,3,validation,2005-01-01,gas_cum,12,15,0.05111306167927981,125334.35535722824,-0.024653762255273957
Separate,Input-only PolyRidge,3,validation,2005-01-01,oil_cum,1,15,0.20946502197930728,144744.554760985,-0.056917422446882644
Separate,Input-only PolyRidge,3,validation,2005-01-01,oil_cum,2,15,0.10925705310816043,146970.40473415912,-0.011282022111572056
Separate,Input-only PolyRidge,3,validation,2005-01-01,oil_cum,3,15,0.07840557118807702,154271.1777005619,0.007690867042325024
Separate,Input-only PolyRidge,3,validation,2005-01-01,oil_cum,4,15,0.06539619267441017,167512.82714209607,0.016567036813012966
Separate,Input-only PolyRidge,3,validation,2005-01-01,oil_cum,5,15,0.05846496862660858,182545.52781061566,0.019322700010435512
Separate,Input-only PolyRidge,3,validation,2005-01-01,oil_cum,6,15,0.05341313467685949,196291.6008337766,0.017714398568778086
Separate,Input-only PolyRidge,3,validation,2005-01-01,oil_cum,7,15,0.04934221759219074,208286.51243323847,0.013126033568986905
Separate,Input-only PolyRidge,3,validation,2005-01-01,oil_cum,8,15,0.04649548909386851,221070.9771394547,0.006881229740757941
Separate,Input-only PolyRidge,3,validation,2005-01-01,oil_cum,9,15,0.045169400126020824,237785.42636057272,-0.00022893878044752698
Separate,Input-only PolyRidge,3,validation,2005-01-01,oil_cum,10,15,0.04562495109583974,263159.6859025735,-0.008092291614978741
Separate,Input-only PolyRidge,3,validation,2005-01-01,oil_cum,11,15,0.0479628285775248,300496.77453153173,-0.016453977748797168
Separate,Input-only PolyRidge,3,validation,2005-01-01,oil_cum,12,15,0.051896484318200826,350320.2723889476,-0.024984731014568037
Separate,Input-only PolyRidge,3,validation,2005-01-01,water_cum,1,15,0.05476455023788788,30931.00083170474,-0.01868631056513697
Separate,Input-only PolyRidge,3,validation,2005-01-01,water_cum,2,15,0.03698429749959219,42457.85696619738,-0.016069568424754536
Separate,Input-only PolyRidge,3,validation,2005-01-01,water_cum,3,15,0.03908084838781557,68346.75797383217,-0.01620206389532296
Separate,Input-only PolyRidge,3,validation,2005-01-01,water_cum,4,15,0.045531219339923365,107453.5499569714,-0.016700774812565475
Separate,Input-only PolyRidge,3,validation,2005-01-01,water_cum,5,15,0.05270416559206765,156417.3874705663,-0.017438927895060637
Separate,Input-only PolyRidge,3,validation,2005-01-01,water_cum,6,15,0.060126984368952696,216092.8063119297,-0.018777667220559284
Separate,Input-only PolyRidge,3,validation,2005-01-01,water_cum,7,15,0.0675318182867591,286272.62505478197,-0.020623707316663478
Separate,Input-only PolyRidge,3,validation,2005-01-01,water_cum,8,15,0.0747408462476988,365922.66004242096,-0.02270281504697022
Separate,Input-only PolyRidge,3,validation,2005-01-01,water_cum,9,15,0.08154226006325589,452428.03505676,-0.02469564471104414
Separate,Input-only PolyRidge,3,validation,2005-01-01,water_cum,10,15,0.08815771003797655,548250.9631266157,-0.026848090438773165
Separate,Input-only PolyRidge,3,validation,2005-01-01,water_cum,11,15,0.09452708263853078,652933.3344147574,-0.02906170655723679
Separate,Input-only PolyRidge,3,validation,2005-01-01,water_cum,12,15,0.10058037652007709,764990.2631374303,-0.03126717962527814
Separate,Input-only PolyRidge,5,train,2003-01-01,gas_cum,1,70,0.053883980540570545,20337.753253912182,0.037082485779528336
Separate,Input-only PolyRidge,5,train,2003-01-01,gas_cum,2,70,0.06840737338774179,50065.38917309996,0.0638074932668967
Separate,Input-only PolyRidge,5,train,2003-01-01,gas_cum,3,70,0.09197770359943816,98256.01684943773,0.08692685611332793
Separate,Input-only PolyRidge,5,train,2003-01-01,gas_cum,4,70,0.11245972997352466,156114.33848631525,0.10584942302855165
Separate,Input-only PolyRidge,5,train,2003-01-01,gas_cum,5,70,0.13078360502854453,221010.47900372362,0.1224899208622699
Separate,Input-only PolyRidge,5,train,2003-01-01,gas_cum,6,70,0.14817246209890386,293011.1103317152,0.13819820146436917
Separate,Input-only PolyRidge,5,train,2003-01-01,gas_cum,7,70,0.1653843509954137,372799.7537304862,0.1538099581747049
Separate,Input-only PolyRidge,5,train,2003-01-01,gas_cum,8,70,0.18231893389415355,458957.14056642837,0.16925378021578244
Separate,Input-only PolyRidge,5,train,2003-01-01,gas_cum,9,70,0.19934464229192161,550351.0377890529,0.18497249235607816
Separate,Input-only PolyRidge,5,train,2003-01-01,gas_cum,10,70,0.2179634639524806,651906.4908528756,0.20242858053448673
Separate,Input-only PolyRidge,5,train,2003-01-01,gas_cum,11,70,0.23736742746056122,761819.3863151309,0.2207590859366862
Separate,Input-only PolyRidge,5,train,2003-01-01,gas_cum,12,70,0.25623894067627284,875709.534941766,0.23857681818372536
Separate,Input-only PolyRidge,5,train,2003-01-01,gas_cum,13,70,0.2735486909538937,988533.8218708789,0.2548371759465086
Separate,Input-only PolyRidge,5,train,2003-01-01,gas_cum,14,70,0.28952359554482265,1102158.4794130023,0.2697139720502914
Separate,Input-only PolyRidge,5,train,2003-01-01,gas_cum,15,70,0.3041534955843775,1215850.8268867228,0.2831804873994423
Separate,Input-only PolyRidge,5,train,2003-01-01,gas_cum,16,70,0.3175840142110336,1328624.684435957,0.29539785884549746
Separate,Input-only PolyRidge,5,train,2003-01-01,gas_cum,17,70,0.32976893957942416,1438156.015516487,0.3063456777854584
Separate,Input-only PolyRidge,5,train,2003-01-01,gas_cum,18,70,0.34126548358549175,1548088.7286122665,0.3165498455133083
Separate,Input-only PolyRidge,5,train,2003-01-01,gas_cum,19,70,0.352171583938353,1658432.533031029,0.32610303106413563
Separate,Input-only PolyRidge,5,train,2003-01-01,gas_cum,20,70,0.36247592987484856,1768062.367788546,0.33500632112646844
Separate,Input-only PolyRidge,5,train,2003-01-01,oil_cum,1,70,0.05543476917789654,57579.67341302851,0.037201256229621976
Separate,Input-only PolyRidge,5,train,2003-01-01,oil_cum,2,70,0.06891173378246701,138798.2166227357,0.06394284873104336
Separate,Input-only PolyRidge,5,train,2003-01-01,oil_cum,3,70,0.092199597067462,271079.5306679624,0.0869980939147756
Separate,Input-only PolyRidge,5,train,2003-01-01,oil_cum,4,70,0.11255799083523586,430065.04852217383,0.10588364318436592
Separate,Input-only PolyRidge,5,train,2003-01-01,oil_cum,5,70,0.13078434896016344,608347.556159503,0.12247302512648421
Separate,Input-only PolyRidge,5,train,2003-01-01,oil_cum,6,70,0.14808241186151494,806090.7129626388,0.13811740955229684
Separate,Input-only PolyRidge,5,train,2003-01-01,oil_cum,7,70,0.1652374471321624,1025344.4838331426,0.15369227095470717
Separate,Input-only PolyRidge,5,train,2003-01-01,oil_cum,8,70,0.1821332816723774,1262176.4835991235,0.16911339106841722
Separate,Input-only PolyRidge,5,train,2003-01-01,oil_cum,9,70,0.19912440004122112,1513420.2620695662,0.18481019444155974
Separate,Input-only PolyRidge,5,train,2003-01-01,oil_cum,10,70,0.21771907559801257,1792685.4743645522,0.20225143584346808
Separate,Input-only PolyRidge,5,train,2003-01-01,oil_cum,11,70,0.23712674529124192,2095148.0812655108,0.2205893402667867
Separate,Input-only PolyRidge,5,train,2003-01-01,oil_cum,12,70,0.25601614993609545,2408678.9855712545,0.23842447396833777
Separate,Input-only PolyRidge,5,train,2003-01-01,oil_cum,13,70,0.2733378573420088,2719248.5262733432,0.2546961617959693
Separate,Input-only PolyRidge,5,train,2003-01-01,oil_cum,14,70,0.2893038150317255,3031856.7544190823,0.26956636585075844
Separate,Input-only PolyRidge,5,train,2003-01-01,oil_cum,15,70,0.30390873185578554,3344508.087011326,0.2830123582190392
Separate,Input-only PolyRidge,5,train,2003-01-01,oil_cum,16,70,0.31732968357088204,3654759.200427877,0.29522008634539487
Separate,Input-only PolyRidge,5,train,2003-01-01,oil_cum,17,70,0.32952015850529653,3956224.0042346776,0.3061707639013598
Separate,Input-only PolyRidge,5,train,2003-01-01,oil_cum,18,70,0.34102646296531763,4258838.947149841,0.3163813016908181
Separate,Input-only PolyRidge,5,train,2003-01-01,oil_cum,19,70,0.35194087172135546,4562577.9008999,0.3259399323516281
Separate,Input-only PolyRidge,5,train,2003-01-01,oil_cum,20,70,0.3622501453556798,4864325.0042280685,0.3348456818635213
Separate,Input-only PolyRidge,5,train,2003-01-01,water_cum,1,70,0.06916845943579167,33776.01448601305,-0.005873839121431319
Separate,Input-only PolyRidge,5,train,2003-01-01,water_cum,2,70,0.047044237820571544,46539.32565227973,0.021478588010447622
Separate,Input-only PolyRidge,5,train,2003-01-01,water_cum,3,70,0.06758913084642938,101365.01792492547,0.04871084283807373
Separate,Input-only PolyRidge,5,train,2003-01-01,water_cum,4,70,0.09151418228244736,185291.580308092,0.0700466971816484
Separate,Input-only PolyRidge,5,train,2003-01-01,water_cum,5,70,0.11362157232177324,290671.4721406032,0.08849289932351968
Separate,Input-only PolyRidge,5,train,2003-01-01,water_cum,6,70,0.13429183732624803,416955.11079811305,0.10568379581245474
Separate,Input-only PolyRidge,5,train,2003-01-01,water_cum,7,70,0.15372159825309137,564269.0836158596,0.1221160531224079
Separate,Input-only PolyRidge,5,train,2003-01-01,water_cum,8,70,0.17161976262338804,729493.821301005,0.1375527844286199
Separate,Input-only PolyRidge,5,train,2003-01-01,water_cum,9,70,0.18786617292898014,907657.3711391513,0.15184485529179145
Separate,Input-only PolyRidge,5,train,2003-01-01,water_cum,10,70,0.20342341682803097,1104781.805822584,0.16579753643969575
Separate,Input-only PolyRidge,5,train,2003-01-01,water_cum,11,70,0.2184455211996935,1321328.0201276883,0.17955882687901256
Separate,Input-only PolyRidge,5,train,2003-01-01,water_cum,12,70,0.23292114149350432,1555356.4359036428,0.19304868054392693
Separate,Input-only PolyRidge,5,train,2003-01-01,water_cum,13,70,0.24661844081913725,1801085.631246388,0.20596336250602518
Separate,Input-only PolyRidge,5,train,2003-01-01,water_cum,14,70,0.2598501133911044,2065067.6908195936,0.21850767642658497
Separate,Input-only PolyRidge,5,train,2003-01-01,water_cum,15,70,0.27264487683969246,2347461.1662332853,0.23068239152431344
Separate,Input-only PolyRidge,5,train,2003-01-01,water_cum,16,70,0.28496064428794804,2645523.1030202685,0.24245196835081184
Separate,Input-only PolyRidge,5,train,2003-01-01,water_cum,17,70,0.2966753307683315,2952734.83376899,0.25368580069176205
Separate,Input-only PolyRidge,5,train,2003-01-01,water_cum,18,70,0.30804301988632754,3277586.506090662,0.2646038686394294
Separate,Input-only PolyRidge,5,train,2003-01-01,water_cum,19,70,0.31912641619198145,3620636.58806826,0.2752602423242759
Separate,Input-only PolyRidge,5,train,2003-01-01,water_cum,20,70,0.3298687765946777,3978535.530565401,0.2855928786588549
Separate,Input-only PolyRidge,5,validation,2003-01-01,gas_cum,1,15,0.08176177056228921,31803.32227194329,0.014274712655245984
Separate,Input-only PolyRidge,5,validation,2003-01-01,gas_cum,2,15,0.06802644433855781,51346.26842420327,0.05109801713077969
Separate,Input-only PolyRidge,5,validation,2003-01-01,gas_cum,3,15,0.08704472698184808,95944.17074103699,0.07814749563125505
Separate,Input-only PolyRidge,5,validation,2003-01-01,gas_cum,4,15,0.10745492525638019,153949.18154448553,0.09962605146540754
Separate,Input-only PolyRidge,5,validation,2003-01-01,gas_cum,5,15,0.12664352464231352,220884.459960452,0.11837153100456835
Separate,Input-only PolyRidge,5,validation,2003-01-01,gas_cum,6,15,0.14536723477405625,296643.2178387998,0.13611321329789597
Separate,Input-only PolyRidge,5,validation,2003-01-01,gas_cum,7,15,0.16413967396782111,381726.0734235003,0.15367617034123499
Separate,Input-only PolyRidge,5,validation,2003-01-01,gas_cum,8,15,0.18274735408415596,474509.59175447025,0.17100293058321198
Separate,Input-only PolyRidge,5,validation,2003-01-01,gas_cum,9,15,0.20130061893687667,573185.5695828877,0.18834542441123023
Separate,Input-only PolyRidge,5,validation,2003-01-01,gas_cum,10,15,0.22131949759398667,682760.2142527935,0.2072222566791481
Separate,Input-only PolyRidge,5,validation,2003-01-01,gas_cum,11,15,0.24201797860805388,801330.0241166595,0.2268218442315234
Separate,Input-only PolyRidge,5,validation,2003-01-01,gas_cum,12,15,0.262066213412136,924238.5942172746,0.24579059486060043
Separate,Input-only PolyRidge,5,validation,2003-01-01,gas_cum,13,15,0.28046544466592294,1046243.269117706,0.2631240256760187
Separate,Input-only PolyRidge,5,validation,2003-01-01,gas_cum,14,15,0.29748520850750576,1169418.2184731623,0.27905743966103913
Separate,Input-only PolyRidge,5,validation,2003-01-01,gas_cum,15,15,0.3131651968897986,1293135.2534036597,0.2936202468853592
Separate,Input-only PolyRidge,5,validation,2003-01-01,gas_cum,16,15,0.3276069921847173,1416191.2276233495,0.3069161743980965
Separate,Input-only PolyRidge,5,validation,2003-01-01,gas_cum,17,15,0.3407278983900238,1535954.8402815252,0.3188786699269179
Separate,Input-only PolyRidge,5,validation,2003-01-01,gas_cum,18,15,0.353129354175309,1656422.7500075211,0.33007180251747553
Separate,Input-only PolyRidge,5,validation,2003-01-01,gas_cum,19,15,0.36493497912330697,1777674.8087245245,0.3406193114140748
Separate,Input-only PolyRidge,5,validation,2003-01-01,gas_cum,20,15,0.37615615105331046,1898571.0155669367,0.350546252963361
Separate,Input-only PolyRidge,5,validation,2003-01-01,oil_cum,1,15,0.08459012507276067,90518.9444809904,0.014354733957200619
Separate,Input-only PolyRidge,5,validation,2003-01-01,oil_cum,2,15,0.06959528830196932,144487.6931351124,0.05158752890212696
Separate,Input-only PolyRidge,5,validation,2003-01-01,oil_cum,3,15,0.0880070238212799,266851.31042941555,0.07860744744281409
Separate,Input-only PolyRidge,5,validation,2003-01-01,oil_cum,4,15,0.10802007239324549,425813.69505473017,0.09992988348735193
Separate,Input-only PolyRidge,5,validation,2003-01-01,oil_cum,5,15,0.12692238800384448,609199.9468765527,0.11852597820175373
Separate,Input-only PolyRidge,5,validation,2003-01-01,oil_cum,6,15,0.14537204953127497,816530.3993049056,0.13607457628238662
Separate,Input-only PolyRidge,5,validation,2003-01-01,oil_cum,7,15,0.16386614080409886,1049164.0351960454,0.1534108504358024
Separate,Input-only PolyRidge,5,validation,2003-01-01,oil_cum,8,15,0.18234811024386754,1303621.910234103,0.17063927040105523
Separate,Input-only PolyRidge,5,validation,2003-01-01,oil_cum,9,15,0.20086030208757,1574750.6787178307,0.18795841134317318
Separate,Input-only PolyRidge,5,validation,2003-01-01,oil_cum,10,15,0.2208704724132849,1876088.0222586524,0.2068413265020392
Separate,Input-only PolyRidge,5,validation,2003-01-01,oil_cum,11,15,0.2415986628346112,2202486.7563024173,0.2264749542948485
Separate,Input-only PolyRidge,5,validation,2003-01-01,oil_cum,12,15,0.26167712916627617,2540874.112087381,0.24547238482485523
Separate,Input-only PolyRidge,5,validation,2003-01-01,oil_cum,13,15,0.2800980074094966,2876737.200771722,0.26282590711108067
Separate,Input-only PolyRidge,5,validation,2003-01-01,oil_cum,14,15,0.2971220069955763,3215688.6011197674,0.2787655678182876
Separate,Input-only PolyRidge,5,validation,2003-01-01,oil_cum,15,15,0.31277877073959764,3555887.909996638,0.29331376518091096
Separate,Input-only PolyRidge,5,validation,2003-01-01,oil_cum,16,15,0.32721510320263236,3894417.751113656,0.3066103787486354
Separate,Input-only PolyRidge,5,validation,2003-01-01,oil_cum,17,15,0.34035677118001934,4224144.269715724,0.31859202665362274
Separate,Input-only PolyRidge,5,validation,2003-01-01,oil_cum,18,15,0.35277975112458543,4555835.943587684,0.32980285981698415
Separate,Input-only PolyRidge,5,validation,2003-01-01,oil_cum,19,15,0.36459449176128494,4889578.925541969,0.3403562223421289
Separate,Input-only PolyRidge,5,validation,2003-01-01,oil_cum,20,15,0.3758199436005944,5222303.047354833,0.3502842313257478
Separate,Input-only PolyRidge,5,validation,2003-01-01,water_cum,1,15,0.05188907274958357,23954.473749706765,-0.018562334340041786
Separate,Input-only PolyRidge,5,validation,2003-01-01,water_cum,2,15,0.029511478822676084,27629.923586663215,0.01088035745218151
Separate,Input-only PolyRidge,5,validation,2003-01-01,water_cum,3,15,0.05462276830383864,77645.62796709665,0.037135489564706546
Separate,Input-only PolyRidge,5,validation,2003-01-01,water_cum,4,15,0.07962855885145691,153139.06927183244,0.05616787015125047
Separate,Input-only PolyRidge,5,validation,2003-01-01,water_cum,5,15,0.10153054630607491,247293.4040877185,0.07170277827689164
Separate,Input-only PolyRidge,5,validation,2003-01-01,water_cum,6,15,0.12132148251583723,359532.9795180938,0.08569508031746578
Separate,Input-only PolyRidge,5,validation,2003-01-01,water_cum,7,15,0.13961295132706608,490286.3017985609,0.09904975701290433
Separate,Input-only PolyRidge,5,validation,2003-01-01,water_cum,8,15,0.15636983831544327,637145.3473230965,0.1117611782727687
Separate,Input-only PolyRidge,5,validation,2003-01-01,water_cum,9,15,0.17158991198206486,795945.7109229013,0.12376229839254976
Separate,Input-only PolyRidge,5,validation,2003-01-01,water_cum,10,15,0.18619473965965608,972147.5310535317,0.1357080951232385
Separate,Input-only PolyRidge,5,validation,2003-01-01,water_cum,11,15,0.2003627276456061,1166378.6848599357,0.14771819746464399
Separate,Input-only PolyRidge,5,validation,2003-01-01,water_cum,12,15,0.21406855520358467,1376866.6795366649,0.1597283770076892
Separate,Input-only PolyRidge,5,validation,2003-01-01,water_cum,13,15,0.22701254165482843,1597994.4220984834,0.17135214383600098
Separate,Input-only PolyRidge,5,validation,2003-01-01,water_cum,14,15,0.23940678359070008,1835027.2952639684,0.1826782734796462
Separate,Input-only PolyRidge,5,validation,2003-01-01,water_cum,15,15,0.2512413475138624,2087722.3859226622,0.19362579254674708
Separate,Input-only PolyRidge,5,validation,2003-01-01,water_cum,16,15,0.26247808585933247,2353401.3440593015,0.20415269938178165
Separate,Input-only PolyRidge,5,validation,2003-01-01,water_cum,17,15,0.27310271908982703,2626778.4598383917,0.21420317789757604
Separate,Input-only PolyRidge,5,validation,2003-01-01,water_cum,18,15,0.28340931884745124,2915879.300838454,0.22398951956665236
Separate,Input-only PolyRidge,5,validation,2003-01-01,water_cum,19,15,0.29347303188344337,3221360.3157768496,0.2335693040270024
Separate,Input-only PolyRidge,5,validation,2003-01-01,water_cum,20,15,0.3032356614199525,3540214.1648973823,0.2428733835873734
