method,case_num,date,midpoint,interval_days,water_rate
Separate,80,2008-04-01,2008-02-15 12:00:00,0.091,8657727.110251538
Separate,80,2008-07-01,2008-05-16 12:00:00,0.091,8734920.588666635
Separate,80,2008-10-01,2008-08-16 00:00:00,0.092,8896241.51524128
Separate,80,2009-01-01,2008-11-16 00:00:00,0.092,9056425.698841274
Separate,80,2009-04-01,2009-02-15 00:00:00,0.09,9212904.307916801
Separate,80,2009-07-01,2009-05-16 12:00:00,0.091,9366600.737779023
Separate,80,2009-10-01,2009-08-16 00:00:00,0.092,9520075.897715662
Separate,80,2010-01-01,2009-11-16 00:00:00,0.092,9672469.599632181
Separate,80,2010-04-01,2010-02-15 00:00:00,0.09,9821337.945881197
Separate,80,2010-07-01,2010-05-16 12:00:00,0.091,9967559.422881395
Separate,80,2010-10-01,2010-08-16 00:00:00,0.092,10113570.391313618
Separate,80,2011-01-01,2010-11-16 00:00:00,0.092,10258552.497923212
Separate,80,2011-04-01,2011-02-15 00:00:00,0.09,10400180.70286318
Separate,80,2011-07-01,2011-05-16 12:00:00,0.091,10539290.767783402
Separate,80,2011-10-01,2011-08-16 00:00:00,0.092,10678200.562119767
Separate,80,2012-01-01,2011-11-16 00:00:00,0.092,10816131.532839378
Separate,80,2012-04-01,2012-02-15 12:00:00,0.091,10951605.89865104
Separate,80,2012-07-01,2012-05-16 12:00:00,0.091,11084669.497849358
Separate,80,2012-10-01,2012-08-16 00:00:00,0.092,11216805.4300477
Separate,80,2013-01-01,2012-11-16 00:00:00,0.092,11348010.270441517
Separate,80,2013-04-01,2013-02-15 00:00:00,0.09,11476179.921573319
Separate,80,2013-07-01,2013-05-16 12:00:00,0.091,11602070.72487187
Separate,80,2013-10-01,2013-08-16 00:00:00,0.092,11727780.288771119
Separate,80,2014-01-01,2013-11-16 00:00:00,0.092,11852604.044073626
Separate,80,2014-04-01,2014-02-15 00:00:00,0.09,11974540.225101594
Separate,80,2014-07-01,2014-05-16 12:00:00,0.091,12094308.388978899
Separate,80,2014-10-01,2014-08-16 00:00:00,0.092,12213904.127948552
Separate,80,2015-01-01,2014-11-16 00:00:00,0.092,12332657.139202014
Separate,80,2015-04-01,2015-02-15 00:00:00,0.09,12448663.011984196
Separate,80,2015-07-01,2015-05-16 12:00:00,0.091,12562606.30810015
Separate,80,2015-10-01,2015-08-16 00:00:00,0.092,12676385.5651119
Separate,80,2016-01-01,2015-11-16 00:00:00,0.092,12789363.080069505
Separate,80,2016-04-01,2016-02-15 12:00:00,0.091,12900328.420993228
Separate,80,2016-07-01,2016-05-16 12:00:00,0.091,13009319.133451024
Separate,80,2016-10-01,2016-08-16 00:00:00,0.092,13117550.005592812
Separate,80,2017-01-01,2016-11-16 00:00:00,0.092,13225018.23220491
Separate,80,2017-04-01,2017-02-15 00:00:00,0.09,13330000.373650922
Separate,80,2017-07-01,2017-05-16 12:00:00,0.091,13433115.93963607
Separate,80,2017-10-01,2017-08-16 00:00:00,0.092,13536083.054720141
Separate,80,2018-01-01,2017-11-16 00:00:00,0.092,13638324.61517693
Separate,80,2018-04-01,2018-02-15 00:00:00,0.09,13738201.00003928
Separate,80,2018-07-01,2018-05-16 12:00:00,0.091,13836301.589451566
Separate,80,2018-10-01,2018-08-16 00:00:00,0.092,13934260.947802307
Separate,80,2019-01-01,2018-11-16 00:00:00,0.092,14031530.038530251
Separate,80,2019-04-01,2019-02-15 00:00:00,0.09,14126548.982854353
Separate,80,2019-07-01,2019-05-16 12:00:00,0.091,14219878.496697972
Separate,80,2019-10-01,2019-08-16 00:00:00,0.092,14313073.64818462
Separate,80,2020-01-01,2019-11-16 00:00:00,0.092,14405612.102886906
Separate,80,2020-04-01,2020-02-15 12:00:00,0.091,14496502.411268242
Separate,80,2020-07-01,2020-05-16 12:00:00,0.091,14585775.326427687
Separate,80,2020-10-01,2020-08-16 00:00:00,0.092,14674425.86598756
Separate,80,2021-01-01,2020-11-16 00:00:00,0.092,14762451.73223187
Separate,80,2021-04-01,2021-02-15 00:00:00,0.09,14848441.277534764
Separate,80,2021-07-01,2021-05-16 12:00:00,0.091,14932901.934468975
Separate,80,2021-10-01,2021-08-16 00:00:00,0.092,15017240.997145196
Separate,80,2022-01-01,2021-11-16 00:00:00,0.092,15100985.767196054
Separate,80,2022-04-01,2022-02-15 00:00:00,0.09,15182793.251807658
Separate,80,2022-07-01,2022-05-16 12:00:00,0.091,15263146.204810059
Separate,80,2022-10-01,2022-08-16 00:00:00,0.092,15343383.477233188
Separate,80,2023-01-01,2022-11-16 00:00:00,0.092,15423055.360170325
Separate,80,2023-04-01,2023-02-15 00:00:00,0.09,15500884.176626472
Separate,80,2023-07-01,2023-05-16 12:00:00,0.091,15577329.20192526
Separate,80,2023-10-01,2023-08-16 00:00:00,0.092,15653664.172717087
Separate,80,2024-01-01,2023-11-16 00:00:00,0.092,15729461.25147103
Separate,80,2024-04-01,2024-02-15 12:00:00,0.091,15803908.354402244
Separate,80,2024-07-01,2024-05-16 12:00:00,0.091,15877030.670987053
Separate,80,2024-10-01,2024-08-16 00:00:00,0.092,15949643.207583414
Separate,80,2025-01-01,2024-11-16 00:00:00,0.092,16021744.082160942
Separate,80,2025-04-01,2025-02-15 00:00:00,0.09,16092177.031990886
Separate,80,2025-07-01,2025-05-16 12:00:00,0.091,16161357.6886798
Separate,80,2025-10-01,2025-08-16 00:00:00,0.092,16230438.749048697
Separate,80,2026-01-01,2025-11-16 00:00:00,0.092,16299033.031838743
Separate,80,2026-04-01,2026-02-15 00:00:00,0.09,16366040.508607693
Separate,80,2026-07-01,2026-05-16 12:00:00,0.091,16431856.59691888
Separate,80,2026-10-01,2026-08-16 00:00:00,0.092,16497577.932729993
Separate,80,2027-01-01,2026-11-16 00:00:00,0.092,16562836.165157998
Separate,80,2027-04-01,2027-02-15 00:00:00,0.09,16626584.76512366
Separate,80,2027-07-01,2027-05-16 12:00:00,0.091,16689199.919240816
Separate,80,2027-10-01,2027-08-16 00:00:00,0.092,16751724.929101441
Separate,80,2028-01-01,2027-11-16 00:00:00,0.092,16813809.3583924
Separate,84,2008-04-01,2008-02-15 12:00:00,0.091,8265109.627950405
Separate,84,2008-07-01,2008-05-16 12:00:00,0.091,8781444.246337965
Separate,84,2008-10-01,2008-08-16 00:00:00,0.092,8931011.07568974
Separate,84,2009-01-01,2008-11-16 00:00:00,0.092,9079663.31796174
Separate,84,2009-04-01,2009-02-15 00:00:00,0.09,9225012.505360113
Separate,84,2009-07-01,2009-05-16 12:00:00,0.091,9367910.363573171
Separate,84,2009-10-01,2009-08-16 00:00:00,0.092,9510735.391225424
Separate,84,2010-01-01,2009-11-16 00:00:00,0.092,9652687.057280468
Separate,84,2010-04-01,2010-02-15 00:00:00,0.09,9791484.555358026
Separate,84,2010-07-01,2010-05-16 12:00:00,0.091,9927941.219172921
Separate,84,2010-10-01,2010-08-16 00:00:00,0.092,10064328.33530195
Separate,84,2011-01-01,2010-11-16 00:00:00,0.092,10199881.45705685
Separate,84,2011-04-01,2011-02-15 00:00:00,0.09,10332422.586576559
Separate,84,2011-07-01,2011-05-16 12:00:00,0.091,10462728.396141186
Separate,84,2011-10-01,2011-08-16 00:00:00,0.092,10592967.79291761
Separate,84,2012-01-01,2011-11-16 00:00:00,0.092,10722410.78804494
Separate,84,2012-04-01,2012-02-15 12:00:00,0.091,10849667.634887887
Separate,84,2012-07-01,2012-05-16 12:00:00,0.091,10974776.788981406
Separate,84,2012-10-01,2012-08-16 00:00:00,0.092,11099129.863217311
Separate,84,2013-01-01,2012-11-16 00:00:00,0.092,11222722.530111995
Separate,84,2013-04-01,2013-02-15 00:00:00,0.09,11343568.966244245
Separate,84,2013-07-01,2013-05-16 12:00:00,0.091,11462377.314643055
Separate,84,2013-10-01,2013-08-16 00:00:00,0.092,11581125.110149466
Separate,84,2014-01-01,2013-11-16 00:00:00,0.092,11699146.774066288
Separate,84,2014-04-01,2014-02-15 00:00:00,0.09,11814545.994983034
Separate,84,2014-07-01,2014-05-16 12:00:00,0.091,11927998.996018872
Separate,84,2014-10-01,2014-08-16 00:00:00,0.092,12041394.173615329
Separate,84,2015-01-01,2014-11-16 00:00:00,0.092,12154095.950376566
Separate,84,2015-04-01,2015-02-15 00:00:00,0.09,12264293.492103865
Separate,84,2015-07-01,2015-05-16 12:00:00,0.091,12372632.540811468
Separate,84,2015-10-01,2015-08-16 00:00:00,0.092,12480916.372500522
Separate,84,2016-01-01,2015-11-16 00:00:00,0.092,12588538.058753733
Separate,84,2016-04-01,2016-02-15 12:00:00,0.091,12694342.134370582
Separate,84,2016-07-01,2016-05-16 12:00:00,0.091,12798360.572108692
Separate,84,2016-10-01,2016-08-16 00:00:00,0.092,12901750.388814056
Separate,84,2017-01-01,2016-11-16 00:00:00,0.092,13004507.986525156
Separate,84,2017-04-01,2017-02-15 00:00:00,0.09,13104982.308997711
Separate,84,2017-07-01,2017-05-16 12:00:00,0.091,13203762.121555734
Separate,84,2017-10-01,2017-08-16 00:00:00,0.092,13302491.58913869
Separate,84,2018-01-01,2017-11-16 00:00:00,0.092,13400617.335322434
Separate,84,2018-04-01,2018-02-15 00:00:00,0.09,13496562.726072801
Separate,84,2018-07-01,2018-05-16 12:00:00,0.091,13590889.987814885
Separate,84,2018-10-01,2018-08-16 00:00:00,0.092,13685169.173907164
Separate,84,2019-01-01,2018-11-16 00:00:00,0.092,13778871.851651726
Separate,84,2019-04-01,2019-02-15 00:00:00,0.09,13870492.45460497
Separate,84,2019-07-01,2019-05-16 12:00:00,0.091,13960567.866546603
Separate,84,2019-10-01,2019-08-16 00:00:00,0.092,14050597.369872844
Separate,84,2020-01-01,2019-11-16 00:00:00,0.092,14140076.35126198
Separate,84,2020-04-01,2020-02-15 12:00:00,0.091,14228044.13213147
Separate,84,2020-07-01,2020-05-16 12:00:00,0.091,14314527.295316478
Separate,84,2020-10-01,2020-08-16 00:00:00,0.092,14400487.809474215
Separate,84,2021-01-01,2020-11-16 00:00:00,0.092,14485922.683181161
Separate,84,2021-04-01,2021-02-15 00:00:00,0.09,14569459.192816418
Separate,84,2021-07-01,2021-05-16 12:00:00,0.091,14651586.850515598
Separate,84,2021-10-01,2021-08-16 00:00:00,0.092,14733672.650320051
Separate,84,2022-01-01,2021-11-16 00:00:00,0.092,14815256.503187444
Separate,84,2022-04-01,2022-02-15 00:00:00,0.09,14895027.561718889
Separate,84,2022-07-01,2022-05-16 12:00:00,0.091,14973453.27303927
Separate,84,2022-10-01,2022-08-16 00:00:00,0.092,15051839.013231676
Separate,84,2023-01-01,2022-11-16 00:00:00,0.092,15129745.432002876
Separate,84,2023-04-01,2023-02-15 00:00:00,0.09,15205920.76907489
Separate,84,2023-07-01,2023-05-16 12:00:00,0.091,15280811.401152186
Separate,84,2023-10-01,2023-08-16 00:00:00,0.092,15355663.863820389
Separate,84,2024-01-01,2023-11-16 00:00:00,0.092,15430058.610728092
Separate,84,2024-04-01,2024-02-15 12:00:00,0.091,15503196.913064837
Separate,84,2024-07-01,2024-05-16 12:00:00,0.091,15575100.87237499
Separate,84,2024-10-01,2024-08-16 00:00:00,0.092,15646570.290058041
Separate,84,2025-01-01,2024-11-16 00:00:00,0.092,15717602.678980354
Separate,84,2025-04-01,2025-02-15 00:00:00,0.09,15787056.727241311
Separate,84,2025-07-01,2025-05-16 12:00:00,0.091,15855339.42574492
Separate,84,2025-10-01,2025-08-16 00:00:00,0.092,15923587.3226951
Separate,84,2026-01-01,2025-11-16 00:00:00,0.092,15991417.890181199
Separate,84,2026-04-01,2026-02-15 00:00:00,0.09,16057741.261523632
Separate,84,2026-07-01,2026-05-16 12:00:00,0.091,16122946.082298081
Separate,84,2026-10-01,2026-08-16 00:00:00,0.092,16188117.670219392
Separate,84,2027-01-01,2026-11-16 00:00:00,0.092,16252890.740016233
Separate,84,2027-04-01,2027-02-15 00:00:00,0.09,16316224.551309645
Separate,84,2027-07-01,2027-05-16 12:00:00,0.091,16378490.23127818
Separate,84,2027-10-01,2027-08-16 00:00:00,0.092,16440724.176380945
Separate,84,2028-01-01,2027-11-16 00:00:00,0.092,16502577.566766383
Separate,85,2008-04-01,2008-02-15 12:00:00,0.091,8480043.727398042
Separate,85,2008-07-01,2008-05-16 12:00:00,0.091,9220613.127020607
Separate,85,2008-10-01,2008-08-16 00:00:00,0.092,9362787.576801347
Separate,85,2009-01-01,2008-11-16 00:00:00,0.092,9503313.14009764
Separate,85,2009-04-01,2009-02-15 00:00:00,0.09,9639960.935218964
Separate,85,2009-07-01,2009-05-16 12:00:00,0.091,9773568.389296614
Separate,85,2009-10-01,2009-08-16 00:00:00,0.092,9906376.445771923
Separate,85,2010-01-01,2009-11-16 00:00:00,0.092,10037644.243715128
Separate,85,2010-04-01,2010-02-15 00:00:00,0.09,10165289.739229158
Separate,85,2010-07-01,2010-05-16 12:00:00,0.091,10290095.190096319
Separate,85,2010-10-01,2010-08-16 00:00:00,0.092,10414153.907341072
Separate,85,2011-01-01,2010-11-16 00:00:00,0.092,10536773.83764153
Separate,85,2011-04-01,2011-02-15 00:00:00,0.09,10656010.101282515
Separate,85,2011-07-01,2011-05-16 12:00:00,0.091,10772593.421230359
Separate,85,2011-10-01,2011-08-16 00:00:00,0.092,10888479.202054685
Separate,85,2012-01-01,2011-11-16 00:00:00,0.092,11003020.982617026
Separate,85,2012-04-01,2012-02-15 12:00:00,0.091,11115007.054375423
Separate,85,2012-07-01,2012-05-16 12:00:00,0.091,11224497.986380134
Separate,85,2012-10-01,2012-08-16 00:00:00,0.092,11332729.050480396
Separate,85,2013-01-01,2012-11-16 00:00:00,0.092,11439704.890881706
Separate,85,2013-04-01,2013-02-15 00:00:00,0.09,11543728.75941611
Separate,85,2013-07-01,2013-05-16 12:00:00,0.091,11645438.15198901
Separate,85,2013-10-01,2013-08-16 00:00:00,0.092,11746538.998840215
Separate,85,2014-01-01,2013-11-16 00:00:00,0.092,11846467.315604586
Separate,85,2014-04-01,2014-02-15 00:00:00,0.09,11943638.13517458
Separate,85,2014-07-01,2014-05-16 12:00:00,0.091,12038646.95549175
Separate,85,2014-10-01,2014-08-16 00:00:00,0.092,12133087.32082468
Separate,85,2015-01-01,2014-11-16 00:00:00,0.092,12226432.401863292
Separate,85,2015-04-01,2015-02-15 00:00:00,0.09,12317201.648468856
Separate,85,2015-07-01,2015-05-16 12:00:00,0.091,12405951.327428631
Separate,85,2015-10-01,2015-08-16 00:00:00,0.092,12494170.000980891
Separate,85,2016-01-01,2015-11-16 00:00:00,0.092,12581365.547109881
Separate,85,2016-04-01,2016-02-15 12:00:00,0.091,12666615.546175167
Separate,85,2016-07-01,2016-05-16 12:00:00,0.091,12749966.106690139
Separate,85,2016-10-01,2016-08-16 00:00:00,0.092,12832357.585992016
Separate,85,2017-01-01,2016-11-16 00:00:00,0.092,12913793.519505665
Separate,85,2017-04-01,2017-02-15 00:00:00,0.09,12992982.248567874
Separate,85,2017-07-01,2017-05-16 12:00:00,0.091,13070409.070364231
Separate,85,2017-10-01,2017-08-16 00:00:00,0.092,13147372.63345929
Separate,85,2018-01-01,2017-11-16 00:00:00,0.092,13223443.60172295
Separate,85,2018-04-01,2018-02-15 00:00:00,0.09,13297415.410425266
Separate,85,2018-07-01,2018-05-16 12:00:00,0.091,13369741.385575179
Separate,85,2018-10-01,2018-08-16 00:00:00,0.092,13441634.621313248
Separate,85,2019-01-01,2018-11-16 00:00:00,0.092,13512694.065995352
Separate,85,2019-04-01,2019-02-15 00:00:00,0.09,13581792.642869884
Separate,85,2019-07-01,2019-05-16 12:00:00,0.091,13649353.813017955
Separate,85,2019-10-01,2019-08-16 00:00:00,0.092,13716510.75244533
Separate,85,2020-01-01,2019-11-16 00:00:00,0.092,13782888.830623224
Separate,85,2020-04-01,2020-02-15 12:00:00,0.091,13847785.850640181
Separate,85,2020-07-01,2020-05-16 12:00:00,0.091,13911236.912851479
Separate,85,2020-10-01,2020-08-16 00:00:00,0.092,13973957.869334066
Separate,85,2021-01-01,2020-11-16 00:00:00,0.092,14035951.411449553
Separate,85,2021-04-01,2021-02-15 00:00:00,0.09,14096234.257097213
Separate,85,2021-07-01,2021-05-16 12:00:00,0.091,14155175.841367835
Separate,85,2021-10-01,2021-08-16 00:00:00,0.092,14213764.767462308
Separate,85,2022-01-01,2021-11-16 00:00:00,0.092,14271674.200944116
Separate,85,2022-04-01,2022-02-15 00:00:00,0.09,14327985.637926228
Separate,85,2022-07-01,2022-05-16 12:00:00,0.091,14383044.175270168
Separate,85,2022-10-01,2022-08-16 00:00:00,0.092,14437773.287410323
Separate,85,2023-01-01,2022-11-16 00:00:00,0.092,14491867.671627551
Separate,85,2023-04-01,2023-02-15 00:00:00,0.09,14544469.334686631
Separate,85,2023-07-01,2023-05-16 12:00:00,0.091,14595900.638611272
Separate,85,2023-10-01,2023-08-16 00:00:00,0.092,14647024.219727388
Separate,85,2024-01-01,2023-11-16 00:00:00,0.092,14697554.88853011
Separate,85,2024-04-01,2024-02-15 12:00:00,0.091,14746958.093846729
Separate,85,2024-07-01,2024-05-16 12:00:00,0.091,14795260.556013048
Separate,85,2024-10-01,2024-08-16 00:00:00,0.092,14843007.221268248
Separate,85,2025-01-01,2024-11-16 00:00:00,0.092,14890200.138426669
Separate,85,2025-04-01,2025-02-15 00:00:00,0.09,14936090.778702995
Separate,85,2025-07-01,2025-05-16 12:00:00,0.091,14980960.376546606
Separate,85,2025-10-01,2025-08-16 00:00:00,0.092,15025561.5114581
Separate,85,2026-01-01,2025-11-16 00:00:00,0.092,15069645.378967019
Separate,85,2026-04-01,2026-02-15 00:00:00,0.09,15112512.763050364
Separate,85,2026-07-01,2026-05-16 12:00:00,0.091,15154426.370549824
Separate,85,2026-10-01,2026-08-16 00:00:00,0.092,15196089.201342314
Separate,85,2027-01-01,2026-11-16 00:00:00,0.092,15237268.842090894
Separate,85,2027-04-01,2027-02-15 00:00:00,0.09,15277312.140834663
Separate,85,2027-07-01,2027-05-16 12:00:00,0.091,15316464.497397726
Separate,85,2027-10-01,2027-08-16 00:00:00,0.092,15355382.598317187
Separate,85,2028-01-01,2027-11-16 00:00:00,0.092,15393849.341551248
Separate,83,2008-04-01,2008-02-15 12:00:00,0.091,8948683.778203573
Separate,83,2008-07-01,2008-05-16 12:00:00,0.091,8657984.394722383
Separate,83,2008-10-01,2008-08-16 00:00:00,0.092,8809819.730144318
Separate,83,2009-01-01,2008-11-16 00:00:00,0.092,8960752.029378857
Separate,83,2009-04-01,2009-02-15 00:00:00,0.09,9108355.383872407
Separate,83,2009-07-01,2009-05-16 12:00:00,0.091,9253493.662321346
Separate,83,2009-10-01,2009-08-16 00:00:00,0.092,9398582.228405036
Separate,83,2010-01-01,2009-11-16 00:00:00,0.092,9542807.884513441
Separate,83,2010-04-01,2010-02-15 00:00:00,0.09,9683852.516799461
Separate,83,2010-07-01,2010-05-16 12:00:00,0.091,9822541.608146382
Separate,83,2010-10-01,2010-08-16 00:00:00,0.092,9961183.196085626
Separate,83,2011-01-01,2010-11-16 00:00:00,0.092,10099000.217262777
Separate,83,2011-04-01,2011-02-15 00:00:00,0.09,10233777.562702904
Separate,83,2011-07-01,2011-05-16 12:00:00,0.091,10366304.03514141
Separate,83,2011-10-01,2011-08-16 00:00:00,0.092,10498785.114975728
Separate,83,2012-01-01,2011-11-16 00:00:00,0.092,10630478.267488029
Separate,83,2012-04-01,2012-02-15 12:00:00,0.091,10759969.081024015
Separate,83,2012-07-01,2012-05-16 12:00:00,0.091,10887295.868988344
Separate,83,2012-10-01,2012-08-16 00:00:00,0.092,11013874.418129496
Separate,83,2013-01-01,2012-11-16 00:00:00,0.092,11139700.145076312
Separate,83,2013-04-01,2013-02-15 00:00:00,0.09,11262750.67483758
Separate,83,2013-07-01,2013-05-16 12:00:00,0.091,11383746.177365901
Separate,83,2013-10-01,2013-08-16 00:00:00,0.092,11504700.236846166
Separate,83,2014-01-01,2013-11-16 00:00:00,0.092,11624934.925618865
Separate,83,2014-04-01,2014-02-15 00:00:00,0.09,11742517.732475532
Separate,83,2014-07-01,2014-05-16 12:00:00,0.091,11858136.826776542
Separate,83,2014-10-01,2014-08-16 00:00:00,0.092,11973716.31954254
Separate,83,2015-01-01,2014-11-16 00:00:00,0.092,12088608.406678004
Separate,83,2015-04-01,2015-02-15 00:00:00,0.09,12200966.447680444
Separate,83,2015-07-01,2015-05-16 12:00:00,0.091,12311448.03325791
Separate,83,2015-10-01,2015-08-16 00:00:00,0.092,12421891.776984964
Separate,83,2016-01-01,2015-11-16 00:00:00,0.092,12531678.659798173
Separate,83,2016-04-01,2016-02-15 12:00:00,0.091,12639629.547903007
Separate,83,2016-07-01,2016-05-16 12:00:00,0.091,12745776.381527167
Separate,83,2016-10-01,2016-08-16 00:00:00,0.092,12851299.440821877
Separate,83,2017-01-01,2016-11-16 00:00:00,0.092,12956194.90482804
Separate,83,2017-04-01,2017-02-15 00:00:00,0.09,13058776.807024082
Separate,83,2017-07-01,2017-05-16 12:00:00,0.091,13159645.521938965
Separate,83,2017-10-01,2017-08-16 00:00:00,0.092,13260479.68757768
Separate,83,2018-01-01,2017-11-16 00:00:00,0.092,13360714.144984988
Separate,83,2018-04-01,2018-02-15 00:00:00,0.09,13458737.843187485
Separate,83,2018-07-01,2018-05-16 12:00:00,0.091,13555124.479203599
Separate,83,2018-10-01,2018-08-16 00:00:00,0.092,13651478.101132844
Separate,83,2019-01-01,2018-11-16 00:00:00,0.092,13747258.662732724
Separate,83,2019-04-01,2019-02-15 00:00:00,0.09,13840926.699721318
Separate,83,2019-07-01,2019-05-16 12:00:00,0.091,13933030.417017229
Separate,83,2019-10-01,2019-08-16 00:00:00,0.092,14025102.587199891
Separate,83,2020-01-01,2019-11-16 00:00:00,0.092,14116627.160860954
Separate,83,2020-04-01,2020-02-15 12:00:00,0.091,14206621.145178165
Separate,83,2020-07-01,2020-05-16 12:00:00,0.091,14295111.167338196
Separate,83,2020-10-01,2020-08-16 00:00:00,0.092,14383081.175829567
Separate,83,2021-01-01,2020-11-16 00:00:00,0.092,14470527.98528613
Separate,83,2021-04-01,2021-02-15 00:00:00,0.09,14556046.07837134
Separate,83,2021-07-01,2021-05-16 12:00:00,0.091,14640135.961349685
Separate,83,2021-10-01,2021-08-16 00:00:00,0.092,14724197.04209187
Separate,83,2022-01-01,2021-11-16 00:00:00,0.092,14807758.172031654
Separate,83,2022-04-01,2022-02-15 00:00:00,0.09,14889476.28768252
Separate,83,2022-07-01,2022-05-16 12:00:00,0.091,14969829.655425398
Separate,83,2022-10-01,2022-08-16 00:00:00,0.092,15050155.500752447
Separate,83,2023-01-01,2022-11-16 00:00:00,0.092,15130003.610479929
Separate,83,2023-04-01,2023-02-15 00:00:00,0.09,15208090.599848827
Separate,83,2023-07-01,2023-05-16 12:00:00,0.091,15284873.48357842
Separate,83,2023-10-01,2023-08-16 00:00:00,0.092,15361630.067846535
Separate,83,2024-01-01,2023-11-16 00:00:00,0.092,15437930.144587614
Separate,83,2024-04-01,2024-02-15 12:00:00,0.091,15512954.235222314
Separate,83,2024-07-01,2024-05-16 12:00:00,0.091,15586724.537684532
Separate,83,2024-10-01,2024-08-16 00:00:00,0.092,15660061.327252375
Separate,83,2025-01-01,2024-11-16 00:00:00,0.092,15732961.94842296
Separate,83,2025-04-01,2025-02-15 00:00:00,0.09,15804254.682212738
Separate,83,2025-07-01,2025-05-16 12:00:00,0.091,15874356.779036123
Separate,83,2025-10-01,2025-08-16 00:00:00,0.092,15944434.864680566
Separate,83,2026-01-01,2025-11-16 00:00:00,0.092,16014096.162974348
Separate,83,2026-04-01,2026-02-15 00:00:00,0.09,16082221.020003658
Separate,83,2026-07-01,2026-05-16 12:00:00,0.091,16149208.145755334
Separate,83,2026-10-01,2026-08-16 00:00:00,0.092,16216172.327260446
Separate,83,2027-01-01,2026-11-16 00:00:00,0.092,16282738.24126808
Separate,83,2027-04-01,2027-02-15 00:00:00,0.09,16347835.985437036
Separate,83,2027-07-01,2027-05-16 12:00:00,0.091,16411846.553162888
Separate,83,2027-10-01,2027-08-16 00:00:00,0.092,16475835.196166907
Separate,83,2028-01-01,2027-11-16 00:00:00,0.092,16539443.268599717
Separate,82,2008-04-01,2008-02-15 12:00:00,0.091,8346538.364512805
Separate,82,2008-07-01,2008-05-16 12:00:00,0.091,7016333.065493114
Separate,82,2008-10-01,2008-08-16 00:00:00,0.092,7180292.278338811
Separate,82,2009-01-01,2008-11-16 00:00:00,0.092,7343862.306868516
Separate,82,2009-04-01,2009-02-15 00:00:00,0.09,7504397.684146154
Separate,82,2009-07-01,2009-05-16 12:00:00,0.091,7662815.412762606
Separate,82,2009-10-01,2009-08-16 00:00:00,0.092,7821744.068941162
Separate,82,2010-01-01,2009-11-16 00:00:00,0.092,7980295.481662226
Separate,82,2010-04-01,2010-02-15 00:00:00,0.09,8135905.351562508
Separate,82,2010-07-01,2010-05-16 12:00:00,0.091,8289462.545982388
Separate,82,2010-10-01,2010-08-16 00:00:00,0.092,8443514.99180929
Separate,82,2011-01-01,2010-11-16 00:00:00,0.092,8597201.768670635
Separate,82,2011-04-01,2011-02-15 00:00:00,0.09,8748037.254412184
Separate,82,2011-07-01,2011-05-16 12:00:00,0.091,8896883.044362806
Separate,82,2011-10-01,2011-08-16 00:00:00,0.092,9046208.890537286
Separate,82,2012-01-01,2011-11-16 00:00:00,0.092,9195180.287112523
Separate,82,2012-04-01,2012-02-15 12:00:00,0.091,9342187.038022779
Separate,82,2012-07-01,2012-05-16 12:00:00,0.091,9487254.849754069
Separate,82,2012-10-01,2012-08-16 00:00:00,0.092,9631986.75947519
Separate,82,2013-01-01,2012-11-16 00:00:00,0.092,9776375.124065002
Separate,82,2013-04-01,2013-02-15 00:00:00,0.09,9918084.707368787
Separate,82,2013-07-01,2013-05-16 12:00:00,0.091,10057924.97616724
Separate,82,2013-10-01,2013-08-16 00:00:00,0.092,10198216.2566564
Separate,82,2014-01-01,2013-11-16 00:00:00,0.092,10338174.532582417
Separate,82,2014-04-01,2014-02-15 00:00:00,0.09,10475536.216938
Separate,82,2014-07-01,2014-05-16 12:00:00,0.091,10611085.940641034
Separate,82,2014-10-01,2014-08-16 00:00:00,0.092,10747072.838203982
Separate,82,2015-01-01,2014-11-16 00:00:00,0.092,10882736.948368505
Separate,82,2015-04-01,2015-02-15 00:00:00,0.09,11015884.134953469
Separate,82,2015-07-01,2015-05-16 12:00:00,0.091,11147274.955021156
Separate,82,2015-10-01,2015-08-16 00:00:00,0.092,11279089.5356872
Separate,82,2016-01-01,2015-11-16 00:00:00,0.092,11410591.23263921
Separate,82,2016-04-01,2016-02-15 12:00:00,0.091,11540358.675601637
Separate,82,2016-07-01,2016-05-16 12:00:00,0.091,11668414.556491505
Separate,82,2016-10-01,2016-08-16 00:00:00,0.092,11796173.926202418
Separate,82,2017-01-01,2016-11-16 00:00:00,0.092,11923630.03791391
Separate,82,2017-04-01,2017-02-15 00:00:00,0.09,12048721.505855024
Separate,82,2017-07-01,2017-05-16 12:00:00,0.091,12172162.871593548
Separate,82,2017-10-01,2017-08-16 00:00:00,0.092,12296002.35941496
Separate,82,2018-01-01,2017-11-16 00:00:00,0.092,12419547.893725174
Separate,82,2018-04-01,2018-02-15 00:00:00,0.09,12540801.33568926
Separate,82,2018-07-01,2018-05-16 12:00:00,0.091,12660455.303485332
Separate,82,2018-10-01,2018-08-16 00:00:00,0.092,12780495.178279264
Separate,82,2019-01-01,2018-11-16 00:00:00,0.092,12900250.118571537
Separate,82,2019-04-01,2019-02-15 00:00:00,0.09,13017783.291937824
Separate,82,2019-07-01,2019-05-16 12:00:00,0.091,13133766.065813355
Separate,82,2019-10-01,2019-08-16 00:00:00,0.092,13250122.90638175
Separate,82,2020-01-01,2019-11-16 00:00:00,0.092,13366203.554740096
Separate,82,2020-04-01,2020-02-15 12:00:00,0.091,13480753.323024446
Separate,82,2020-07-01,2020-05-16 12:00:00,0.091,13593792.242097577
Separate,82,2020-10-01,2020-08-16 00:00:00,0.092,13706569.421507984
Separate,82,2021-01-01,2020-11-16 00:00:00,0.092,13819078.905625189
Separate,82,2021-04-01,2021-02-15 00:00:00,0.09,13929501.044953035
Separate,82,2021-07-01,2021-05-16 12:00:00,0.091,14038466.587613655
Separate,82,2021-10-01,2021-08-16 00:00:00,0.092,14147783.565050801
Separate,82,2022-01-01,2021-11-16 00:00:00,0.092,14256841.060557362
Separate,82,2022-04-01,2022-02-15 00:00:00,0.09,14363875.254678976
Separate,82,2022-07-01,2022-05-16 12:00:00,0.091,14469497.543077547
Separate,82,2022-10-01,2022-08-16 00:00:00,0.092,14575460.48361727
Separate,82,2023-01-01,2022-11-16 00:00:00,0.092,14681171.90358626
Separate,82,2023-04-01,2023-02-15 00:00:00,0.09,14784922.100612191
Separate,82,2023-07-01,2023-05-16 12:00:00,0.091,14887303.711662581
Separate,82,2023-10-01,2023-08-16 00:00:00,0.092,14990015.523048038
Separate,82,2024-01-01,2023-11-16 00:00:00,0.092,15092483.530955955
Separate,82,2024-04-01,2024-02-15 12:00:00,0.091,15193600.183287656
Separate,82,2024-07-01,2024-05-16 12:00:00,0.091,15293383.161909306
Separate,82,2024-10-01,2024-08-16 00:00:00,0.092,15392935.094770044
Separate,82,2025-01-01,2024-11-16 00:00:00,0.092,15492250.724647356
Separate,82,2025-04-01,2025-02-15 00:00:00,0.09,15589723.790193101
Separate,82,2025-07-01,2025-05-16 12:00:00,0.091,15685911.072440036
Separate,82,2025-10-01,2025-08-16 00:00:00,0.092,15782408.57712228
Separate,82,2026-01-01,2025-11-16 00:00:00,0.092,15878677.029015578
Separate,82,2026-04-01,2026-02-15 00:00:00,0.09,15973159.449683296
Separate,82,2026-07-01,2026-05-16 12:00:00,0.091,16066395.537144864
Separate,82,2026-10-01,2026-08-16 00:00:00,0.092,16159932.328874327
Separate,82,2027-01-01,2026-11-16 00:00:00,0.092,16253247.0955528
Separate,82,2027-04-01,2027-02-15 00:00:00,0.09,16344830.629584856
Separate,82,2027-07-01,2027-05-16 12:00:00,0.091,16435206.070101196
Separate,82,2027-10-01,2027-08-16 00:00:00,0.092,16525872.98874881
Separate,82,2028-01-01,2027-11-16 00:00:00,0.092,16616324.694465036
Liquid-WC-time,85,2008-04-01,2008-02-15 12:00:00,0.091,8441238.289998537
Liquid-WC-time,85,2008-07-01,2008-05-16 12:00:00,0.091,9135388.15927661
Liquid-WC-time,85,2008-10-01,2008-08-16 00:00:00,0.092,9229013.07008699
Liquid-WC-time,85,2009-01-01,2008-11-16 00:00:00,0.092,9318775.53028018
Liquid-WC-time,85,2009-04-01,2009-02-15 00:00:00,0.09,9403250.93882535
Liquid-WC-time,85,2009-07-01,2009-05-16 12:00:00,0.091,9483002.306536905
Liquid-WC-time,85,2009-10-01,2009-08-16 00:00:00,0.092,9559352.354257813
Liquid-WC-time,85,2010-01-01,2009-11-16 00:00:00,0.092,9631818.3085011
Liquid-WC-time,85,2010-04-01,2010-02-15 00:00:00,0.09,9699303.596236061
Liquid-WC-time,85,2010-07-01,2010-05-16 12:00:00,0.091,9762318.526303334
Liquid-WC-time,85,2010-10-01,2010-08-16 00:00:00,0.092,9821949.45097164
Liquid-WC-time,85,2011-01-01,2010-11-16 00:00:00,0.092,9877846.961477043
Liquid-WC-time,85,2011-04-01,2011-02-15 00:00:00,0.09,9929215.682471378
Liquid-WC-time,85,2011-07-01,2011-05-16 12:00:00,0.091,9976501.474888606
Liquid-WC-time,85,2011-10-01,2011-08-16 00:00:00,0.092,10020558.170940524
Liquid-WC-time,85,2012-01-01,2011-11-16 00:00:00,0.092,10061152.822222034
Liquid-WC-time,85,2012-04-01,2012-02-15 12:00:00,0.091,10097944.752928566
Liquid-WC-time,85,2012-07-01,2012-05-16 12:00:00,0.091,10131088.883144269
Liquid-WC-time,85,2012-10-01,2012-08-16 00:00:00,0.092,10161055.320640378
Liquid-WC-time,85,2013-01-01,2012-11-16 00:00:00,0.092,10187903.75540438
Liquid-WC-time,85,2013-04-01,2013-02-15 00:00:00,0.09,10211334.21374667
Liquid-WC-time,85,2013-07-01,2013-05-16 12:00:00,0.091,10231646.173084913
Liquid-WC-time,85,2013-10-01,2013-08-16 00:00:00,0.092,10249269.060114237
Liquid-WC-time,85,2014-01-01,2013-11-16 00:00:00,0.092,10264147.807718538
Liquid-WC-time,85,2014-04-01,2014-02-15 00:00:00,0.09,10276173.70959032
Liquid-WC-time,85,2014-07-01,2014-05-16 12:00:00,0.091,10285573.221934447
Liquid-WC-time,85,2014-10-01,2014-08-16 00:00:00,0.092,10292594.0911271
Liquid-WC-time,85,2015-01-01,2014-11-16 00:00:00,0.092,10297244.790053561
Liquid-WC-time,85,2015-04-01,2015-02-15 00:00:00,0.09,10299573.677199747
Liquid-WC-time,85,2015-07-01,2015-05-16 12:00:00,0.091,10299738.668430474
Liquid-WC-time,85,2015-10-01,2015-08-16 00:00:00,0.092,10297828.87740498
Liquid-WC-time,85,2016-01-01,2015-11-16 00:00:00,0.092,10293902.465362264
Liquid-WC-time,85,2016-04-01,2016-02-15 12:00:00,0.091,10288096.335214246
Liquid-WC-time,85,2016-07-01,2016-05-16 12:00:00,0.091,10280528.846602354
Liquid-WC-time,85,2016-10-01,2016-08-16 00:00:00,0.092,10271205.285653634
Liquid-WC-time,85,2017-01-01,2016-11-16 00:00:00,0.092,10260187.031788185
Liquid-WC-time,85,2017-04-01,2017-02-15 00:00:00,0.09,10247750.680456394
Liquid-WC-time,85,2017-07-01,2017-05-16 12:00:00,0.091,10233937.37035302
Liquid-WC-time,85,2017-10-01,2017-08-16 00:00:00,0.092,10218586.714990113
Liquid-WC-time,85,2018-01-01,2017-11-16 00:00:00,0.092,10201824.341833267
Liquid-WC-time,85,2018-04-01,2018-02-15 00:00:00,0.09,10184006.29561113
Liquid-WC-time,85,2018-07-01,2018-05-16 12:00:00,0.091,10165126.918269055
Liquid-WC-time,85,2018-10-01,2018-08-16 00:00:00,0.092,10144932.219957529
Liquid-WC-time,85,2019-01-01,2018-11-16 00:00:00,0.092,10123569.68661673
Liquid-WC-time,85,2019-04-01,2019-02-15 00:00:00,0.09,10101457.043435177
Liquid-WC-time,85,2019-07-01,2019-05-16 12:00:00,0.091,10078549.31625298
Liquid-WC-time,85,2019-10-01,2019-08-16 00:00:00,0.092,10054516.620756654
Liquid-WC-time,85,2020-01-01,2019-11-16 00:00:00,0.092,10029522.647848757
Liquid-WC-time,85,2020-04-01,2020-02-15 12:00:00,0.091,10003889.600800125
Liquid-WC-time,85,2020-07-01,2020-05-16 12:00:00,0.091,9977676.506714342
Liquid-WC-time,85,2020-10-01,2020-08-16 00:00:00,0.092,9950641.071149837
Liquid-WC-time,85,2021-01-01,2020-11-16 00:00:00,0.092,9922817.37232856
Liquid-WC-time,85,2021-04-01,2021-02-15 00:00:00,0.09,9894705.993418893
Liquid-WC-time,85,2021-07-01,2021-05-16 12:00:00,0.091,9866203.140438095
Liquid-WC-time,85,2021-10-01,2021-08-16 00:00:00,0.092,9836870.668138336
Liquid-WC-time,85,2022-01-01,2021-11-16 00:00:00,0.092,9806892.529688613
Liquid-WC-time,85,2022-04-01,2022-02-15 00:00:00,0.09,9776795.490167374
Liquid-WC-time,85,2022-07-01,2022-05-16 12:00:00,0.091,9746454.743718054
Liquid-WC-time,85,2022-10-01,2022-08-16 00:00:00,0.092,9715395.477800589
Liquid-WC-time,85,2023-01-01,2022-11-16 00:00:00,0.092,9683807.447977688
Liquid-WC-time,85,2023-04-01,2023-02-15 00:00:00,0.09,9652236.151362624
Liquid-WC-time,85,2023-07-01,2023-05-16 12:00:00,0.091,9620540.26306003
Liquid-WC-time,85,2023-10-01,2023-08-16 00:00:00,0.092,9588217.2842374
Liquid-WC-time,85,2024-01-01,2023-11-16 00:00:00,0.092,9555460.756824393
Liquid-WC-time,85,2024-04-01,2024-02-15 12:00:00,0.091,9522648.908990426
Liquid-WC-time,85,2024-07-01,2024-05-16 12:00:00,0.091,9489805.930558141
Liquid-WC-time,85,2024-10-01,2024-08-16 00:00:00,0.092,9456590.685839886
Liquid-WC-time,85,2025-01-01,2024-11-16 00:00:00,0.092,9423019.242880624
Liquid-WC-time,85,2025-04-01,2025-02-15 00:00:00,0.09,9389658.071202205
Liquid-WC-time,85,2025-07-01,2025-05-16 12:00:00,0.091,9356343.394707847
Liquid-WC-time,85,2025-10-01,2025-08-16 00:00:00,0.092,9322537.959856994
Liquid-WC-time,85,2026-01-01,2025-11-16 00:00:00,0.092,9288438.578399142
Liquid-WC-time,85,2026-04-01,2026-02-15 00:00:00,0.09,9254616.160881685
Liquid-WC-time,85,2026-07-01,2026-05-16 12:00:00,0.091,9220899.806373067
Liquid-WC-time,85,2026-10-01,2026-08-16 00:00:00,0.092,9186742.689785913
Liquid-WC-time,85,2027-01-01,2026-11-16 00:00:00,0.092,9152341.734745905
Liquid-WC-time,85,2027-04-01,2027-02-15 00:00:00,0.09,9118269.39725462
Liquid-WC-time,85,2027-07-01,2027-05-16 12:00:00,0.091,9084349.703676099
Liquid-WC-time,85,2027-10-01,2027-08-16 00:00:00,0.092,9050030.095372673
Liquid-WC-time,85,2028-01-01,2027-11-16 00:00:00,0.092,9015506.89983222
Liquid-WC-volume,85,2008-04-01,2008-02-15 12:00:00,0.091,8440926.463060286
Liquid-WC-volume,85,2008-07-01,2008-05-16 12:00:00,0.091,9134120.313070755
Liquid-WC-volume,85,2008-10-01,2008-08-16 00:00:00,0.092,9226318.59203752
Liquid-WC-volume,85,2009-01-01,2008-11-16 00:00:00,0.092,9314227.849020705
Liquid-WC-volume,85,2009-04-01,2009-02-15 00:00:00,0.09,9396506.905370496
Liquid-WC-volume,85,2009-07-01,2009-05-16 12:00:00,0.091,9473761.993120905
Liquid-WC-volume,85,2009-10-01,2009-08-16 00:00:00,0.092,9547319.832805341
Liquid-WC-volume,85,2010-01-01,2009-11-16 00:00:00,0.092,9616752.446740218
Liquid-WC-volume,85,2010-04-01,2010-02-15 00:00:00,0.09,9681057.960381236
Liquid-WC-volume,85,2010-07-01,2010-05-16 12:00:00,0.091,9740773.35883501
Liquid-WC-volume,85,2010-10-01,2010-08-16 00:00:00,0.092,9796968.050031357
Liquid-WC-volume,85,2011-01-01,2010-11-16 00:00:00,0.092,9849345.361677688
Liquid-WC-volume,85,2011-04-01,2011-02-15 00:00:00,0.09,9897201.02193488
Liquid-WC-volume,85,2011-07-01,2011-05-16 12:00:00,0.091,9940992.309303565
Liquid-WC-volume,85,2011-10-01,2011-08-16 00:00:00,0.092,9981542.78762177
Liquid-WC-volume,85,2012-01-01,2011-11-16 00:00:00,0.092,10018664.534255214
Liquid-WC-volume,85,2012-04-01,2012-02-15 12:00:00,0.091,10052077.06279545
Liquid-WC-volume,85,2012-07-01,2012-05-16 12:00:00,0.091,10081953.820956687
Liquid-WC-volume,85,2012-10-01,2012-08-16 00:00:00,0.092,10108746.185841525
Liquid-WC-volume,85,2013-01-01,2012-11-16 00:00:00,0.092,10132530.348607218
Liquid-WC-volume,85,2013-04-01,2013-02-15 00:00:00,0.09,10153067.493503293
Liquid-WC-volume,85,2013-07-01,2013-05-16 12:00:00,0.091,10170648.54224583
Liquid-WC-volume,85,2013-10-01,2013-08-16 00:00:00,0.092,10185666.680333894
Liquid-WC-volume,85,2014-01-01,2013-11-16 00:00:00,0.092,10198091.220371587
Liquid-WC-volume,85,2014-04-01,2014-02-15 00:00:00,0.09,10207856.61523988
Liquid-WC-volume,85,2014-07-01,2014-05-16 12:00:00,0.091,10215176.582802702
Liquid-WC-volume,85,2014-10-01,2014-08-16 00:00:00,0.092,10220266.982419174
Liquid-WC-volume,85,2015-01-01,2014-11-16 00:00:00,0.092,10223151.293351922
Liquid-WC-volume,85,2015-04-01,2015-02-15 00:00:00,0.09,10223904.318939067
Liquid-WC-volume,85,2015-07-01,2015-05-16 12:00:00,0.091,10222670.093941657
Liquid-WC-volume,85,2015-10-01,2015-08-16 00:00:00,0.092,10219512.776849711
Liquid-WC-volume,85,2016-01-01,2015-11-16 00:00:00,0.092,10214497.80238193
Liquid-WC-volume,85,2016-04-01,2016-02-15 12:00:00,0.091,10207769.72563614
Liquid-WC-volume,85,2016-07-01,2016-05-16 12:00:00,0.091,10199439.85871553
Liquid-WC-volume,85,2016-10-01,2016-08-16 00:00:00,0.092,10189499.896931665
Liquid-WC-volume,85,2017-01-01,2016-11-16 00:00:00,0.092,10178007.75852937
Liquid-WC-volume,85,2017-04-01,2017-02-15 00:00:00,0.09,10165240.586166829
Liquid-WC-volume,85,2017-07-01,2017-05-16 12:00:00,0.091,10151228.88760105
Liquid-WC-volume,85,2017-10-01,2017-08-16 00:00:00,0.092,10135803.434611015
Liquid-WC-volume,85,2018-01-01,2017-11-16 00:00:00,0.092,10119086.784601536
Liquid-WC-volume,85,2018-04-01,2018-02-15 00:00:00,0.09,10101426.71328634
Liquid-WC-volume,85,2018-07-01,2018-05-16 12:00:00,0.091,10082809.778755674
Liquid-WC-volume,85,2018-10-01,2018-08-16 00:00:00,0.092,10062980.49768514
Liquid-WC-volume,85,2019-01-01,2018-11-16 00:00:00,0.092,10042080.295168674
Liquid-WC-volume,85,2019-04-01,2019-02-15 00:00:00,0.09,10020512.248085937
Liquid-WC-volume,85,2019-07-01,2019-05-16 12:00:00,0.091,9998226.543845711
Liquid-WC-volume,85,2019-10-01,2019-08-16 00:00:00,0.092,9974898.05513507
Liquid-WC-volume,85,2020-01-01,2019-11-16 00:00:00,0.092,9950682.506088978
Liquid-WC-volume,85,2020-04-01,2020-02-15 12:00:00,0.091,9925887.927661559
Liquid-WC-volume,85,2020-07-01,2020-05-16 12:00:00,0.091,9900566.944638124
Liquid-WC-volume,85,2020-10-01,2020-08-16 00:00:00,0.092,9874481.771716606
Liquid-WC-volume,85,2021-01-01,2020-11-16 00:00:00,0.092,9847662.134230461
Liquid-WC-volume,85,2021-04-01,2021-02-15 00:00:00,0.09,9820586.976381475
Liquid-WC-volume,85,2021-07-01,2021-05-16 12:00:00,0.091,9793152.759944508
Liquid-WC-volume,85,2021-10-01,2021-08-16 00:00:00,0.092,9764934.858626159
Liquid-WC-volume,85,2022-01-01,2021-11-16 00:00:00,0.092,9736107.706390807
Liquid-WC-volume,85,2022-04-01,2022-02-15 00:00:00,0.09,9707175.065493418
Liquid-WC-volume,85,2022-07-01,2022-05-16 12:00:00,0.091,9678014.291087678
Liquid-WC-volume,85,2022-10-01,2022-08-16 00:00:00,0.092,9648166.703771962
Liquid-WC-volume,85,2023-01-01,2022-11-16 00:00:00,0.092,9617812.499166021
Liquid-WC-volume,85,2023-04-01,2023-02-15 00:00:00,0.09,9587473.784249028
Liquid-WC-volume,85,2023-07-01,2023-05-16 12:00:00,0.091,9557012.850563278
Liquid-WC-volume,85,2023-10-01,2023-08-16 00:00:00,0.092,9525944.965199122
Liquid-WC-volume,85,2024-01-01,2023-11-16 00:00:00,0.092,9494454.363123069
Liquid-WC-volume,85,2024-04-01,2024-02-15 12:00:00,0.091,9462903.09515972
Liquid-WC-volume,85,2024-07-01,2024-05-16 12:00:00,0.091,9431313.103941116
Liquid-WC-volume,85,2024-10-01,2024-08-16 00:00:00,0.092,9399354.950581394
Liquid-WC-volume,85,2025-01-01,2024-11-16 00:00:00,0.092,9367042.730523517
Liquid-WC-volume,85,2025-04-01,2025-02-15 00:00:00,0.09,9334920.675244762
Liquid-WC-volume,85,2025-07-01,2025-05-16 12:00:00,0.091,9302830.352666287
Liquid-WC-volume,85,2025-10-01,2025-08-16 00:00:00,0.092,9270253.28303501
Liquid-WC-volume,85,2026-01-01,2025-11-16 00:00:00,0.092,9237377.975700181
Liquid-WC-volume,85,2026-04-01,2026-02-15 00:00:00,0.09,9204754.260086682
Liquid-WC-volume,85,2026-07-01,2026-05-16 12:00:00,0.091,9172216.966777548
Liquid-WC-volume,85,2026-10-01,2026-08-16 00:00:00,0.092,9139237.740713455
Liquid-WC-volume,85,2027-01-01,2026-11-16 00:00:00,0.092,9106005.822907485
Liquid-WC-volume,85,2027-04-01,2027-02-15 00:00:00,0.09,9073073.948048884
Liquid-WC-volume,85,2027-07-01,2027-05-16 12:00:00,0.091,9040272.026391147
Liquid-WC-volume,85,2027-10-01,2027-08-16 00:00:00,0.092,9007065.31166496
Liquid-WC-volume,85,2028-01-01,2027-11-16 00:00:00,0.092,8973643.09057804
Liquid-WC-time,84,2008-04-01,2008-02-15 12:00:00,0.091,8253686.374995735
Liquid-WC-time,84,2008-07-01,2008-05-16 12:00:00,0.091,8717198.58936593
Liquid-WC-time,84,2008-10-01,2008-08-16 00:00:00,0.092,8811265.270629818
Liquid-WC-time,84,2009-01-01,2008-11-16 00:00:00,0.092,8901652.744317265
Liquid-WC-time,84,2009-04-01,2009-02-15 00:00:00,0.09,8986907.460947376
Liquid-WC-time,84,2009-07-01,2009-05-16 12:00:00,0.091,9067576.709750345
Liquid-WC-time,84,2009-10-01,2009-08-16 00:00:00,0.092,9144982.5976344
Liquid-WC-time,84,2010-01-01,2009-11-16 00:00:00,0.092,9218623.237037383
Liquid-WC-time,84,2010-04-01,2010-02-15 00:00:00,0.09,9287366.272881627
Liquid-WC-time,84,2010-07-01,2010-05-16 12:00:00,0.091,9351712.144869288
Liquid-WC-time,84,2010-10-01,2010-08-16 00:00:00,0.092,9412755.38157542
Liquid-WC-time,84,2011-01-01,2010-11-16 00:00:00,0.092,9470126.686057279
Liquid-WC-time,84,2011-04-01,2011-02-15 00:00:00,0.09,9522993.39584079
Liquid-WC-time,84,2011-07-01,2011-05-16 12:00:00,0.091,9571796.945580741
Liquid-WC-time,84,2011-10-01,2011-08-16 00:00:00,0.092,9617405.336723218
Liquid-WC-time,84,2012-01-01,2011-11-16 00:00:00,0.092,9659567.122008206
Liquid-WC-time,84,2012-04-01,2012-02-15 12:00:00,0.091,9697915.044700174
Liquid-WC-time,84,2012-07-01,2012-05-16 12:00:00,0.091,9732595.440707242
Liquid-WC-time,84,2012-10-01,2012-08-16 00:00:00,0.092,9764087.458314536
Liquid-WC-time,84,2013-01-01,2012-11-16 00:00:00,0.092,9792443.408369815
Liquid-WC-time,84,2013-04-01,2013-02-15 00:00:00,0.09,9817332.767154276
Liquid-WC-time,84,2013-07-01,2013-05-16 12:00:00,0.091,9839058.254148196
Liquid-WC-time,84,2013-10-01,2013-08-16 00:00:00,0.092,9858067.741853468
Liquid-WC-time,84,2014-01-01,2013-11-16 00:00:00,0.092,9874293.414259411
Liquid-WC-time,84,2014-04-01,2014-02-15 00:00:00,0.09,9887601.555569967
Liquid-WC-time,84,2014-07-01,2014-05-16 12:00:00,0.091,9898223.81134233
Liquid-WC-time,84,2014-10-01,2014-08-16 00:00:00,0.092,9906425.55882304
Liquid-WC-time,84,2015-01-01,2014-11-16 00:00:00,0.092,9912205.640339982
Liquid-WC-time,84,2015-04-01,2015-02-15 00:00:00,0.09,9915593.153141852
Liquid-WC-time,84,2015-07-01,2015-05-16 12:00:00,0.091,9916752.069850054
Liquid-WC-time,84,2015-10-01,2015-08-16 00:00:00,0.092,9915787.09557045
Liquid-WC-time,84,2016-01-01,2015-11-16 00:00:00,0.092,9912749.593280984
Liquid-WC-time,84,2016-04-01,2016-02-15 12:00:00,0.091,9907766.915973809
Liquid-WC-time,84,2016-07-01,2016-05-16 12:00:00,0.091,9900958.699459886
Liquid-WC-time,84,2016-10-01,2016-08-16 00:00:00,0.092,9892339.223118823
Liquid-WC-time,84,2017-01-01,2016-11-16 00:00:00,0.092,9881969.880058147
Liquid-WC-time,84,2017-04-01,2017-02-15 00:00:00,0.09,9870118.275737515
Liquid-WC-time,84,2017-07-01,2017-05-16 12:00:00,0.091,9856831.122124342
Liquid-WC-time,84,2017-10-01,2017-08-16 00:00:00,0.092,9841957.814957218
Liquid-WC-time,84,2018-01-01,2017-11-16 00:00:00,0.092,9825621.581729501
Liquid-WC-time,84,2018-04-01,2018-02-15 00:00:00,0.09,9808173.58852211
Liquid-WC-time,84,2018-07-01,2018-05-16 12:00:00,0.091,9789612.893849447
Liquid-WC-time,84,2018-10-01,2018-08-16 00:00:00,0.092,9769692.247520484
Liquid-WC-time,84,2019-01-01,2018-11-16 00:00:00,0.092,9748558.295003584
Liquid-WC-time,84,2019-04-01,2019-02-15 00:00:00,0.09,9726627.2679468
Liquid-WC-time,84,2019-07-01,2019-05-16 12:00:00,0.091,9703857.898847578
Liquid-WC-time,84,2019-10-01,2019-08-16 00:00:00,0.092,9679924.207995605
Liquid-WC-time,84,2020-01-01,2019-11-16 00:00:00,0.092,9654990.243276177
Liquid-WC-time,84,2020-04-01,2020-02-15 12:00:00,0.091,9629379.412003435
Liquid-WC-time,84,2020-07-01,2020-05-16 12:00:00,0.091,9603153.110172067
Liquid-WC-time,84,2020-10-01,2020-08-16 00:00:00,0.092,9576070.709824562
Liquid-WC-time,84,2021-01-01,2020-11-16 00:00:00,0.092,9548167.597242834
Liquid-WC-time,84,2021-04-01,2021-02-15 00:00:00,0.09,9519947.677443095
Liquid-WC-time,84,2021-07-01,2021-05-16 12:00:00,0.091,9491308.847367272
Liquid-WC-time,84,2021-10-01,2021-08-16 00:00:00,0.092,9461812.215555783
Liquid-WC-time,84,2022-01-01,2021-11-16 00:00:00,0.092,9431643.63844061
Liquid-WC-time,84,2022-04-01,2022-02-15 00:00:00,0.09,9401334.786650373
Liquid-WC-time,84,2022-07-01,2022-05-16 12:00:00,0.091,9370761.672579162
Liquid-WC-time,84,2022-10-01,2022-08-16 00:00:00,0.092,9339446.991137512
Liquid-WC-time,84,2023-01-01,2022-11-16 00:00:00,0.092,9307582.854886094
Liquid-WC-time,84,2023-04-01,2023-02-15 00:00:00,0.09,9275720.814353062
Liquid-WC-time,84,2023-07-01,2023-05-16 12:00:00,0.091,9243719.617326673
Liquid-WC-time,84,2023-10-01,2023-08-16 00:00:00,0.092,9211072.895200843
Liquid-WC-time,84,2024-01-01,2023-11-16 00:00:00,0.092,9177976.847022772
Liquid-WC-time,84,2024-04-01,2024-02-15 12:00:00,0.091,9144814.584180221
Liquid-WC-time,84,2024-07-01,2024-05-16 12:00:00,0.091,9111611.615009196
Liquid-WC-time,84,2024-10-01,2024-08-16 00:00:00,0.092,9078023.939005544
Liquid-WC-time,84,2025-01-01,2024-11-16 00:00:00,0.092,9044068.524761692
Liquid-WC-time,84,2025-04-01,2025-02-15 00:00:00,0.09,9010319.17748799
Liquid-WC-time,84,2025-07-01,2025-05-16 12:00:00,0.091,8976611.09291541
Liquid-WC-time,84,2025-10-01,2025-08-16 00:00:00,0.092,8942401.35907236
Liquid-WC-time,84,2026-01-01,2025-11-16 00:00:00,0.092,8907889.712952077
Liquid-WC-time,84,2026-04-01,2026-02-15 00:00:00,0.09,8873654.65672281
Liquid-WC-time,84,2026-07-01,2026-05-16 12:00:00,0.091,8839523.890975248
Liquid-WC-time,84,2026-10-01,2026-08-16 00:00:00,0.092,8804944.440694122
Liquid-WC-time,84,2027-01-01,2026-11-16 00:00:00,0.092,8770116.170807054
Liquid-WC-time,84,2027-04-01,2027-02-15 00:00:00,0.09,8735619.19546591
Liquid-WC-time,84,2027-07-01,2027-05-16 12:00:00,0.091,8701275.874155728
Liquid-WC-time,84,2027-10-01,2027-08-16 00:00:00,0.092,8666527.219860774
Liquid-WC-time,84,2028-01-01,2027-11-16 00:00:00,0.092,8631572.462795706
Liquid-WC-time,80,2008-04-01,2008-02-15 12:00:00,0.091,8646245.913467238
Liquid-WC-time,80,2008-07-01,2008-05-16 12:00:00,0.091,8657129.632893704
Liquid-WC-time,80,2008-10-01,2008-08-16 00:00:00,0.092,8749881.974327419
Liquid-WC-time,80,2009-01-01,2008-11-16 00:00:00,0.092,8839151.514594564
Liquid-WC-time,80,2009-04-01,2009-02-15 00:00:00,0.09,8923497.765962614
Liquid-WC-time,80,2009-07-01,2009-05-16 12:00:00,0.091,9003454.802800175
Liquid-WC-time,80,2009-10-01,2009-08-16 00:00:00,0.092,9080328.805423463
Liquid-WC-time,80,2010-01-01,2009-11-16 00:00:00,0.092,9153619.229337484
Liquid-WC-time,80,2010-04-01,2010-02-15 00:00:00,0.09,9222191.137742044
Liquid-WC-time,80,2010-07-01,2010-05-16 12:00:00,0.091,9286533.364654979
Liquid-WC-time,80,2010-10-01,2010-08-16 00:00:00,0.092,9347733.593146196
Liquid-WC-time,80,2011-01-01,2010-11-16 00:00:00,0.092,9405417.285019653
Liquid-WC-time,80,2011-04-01,2011-02-15 00:00:00,0.09,9458736.906857084
Liquid-WC-time,80,2011-07-01,2011-05-16 12:00:00,0.091,9508124.968728317
Liquid-WC-time,80,2011-10-01,2011-08-16 00:00:00,0.092,9554451.153310906
Liquid-WC-time,80,2012-01-01,2011-11-16 00:00:00,0.092,9597454.183515972
Liquid-WC-time,80,2012-04-01,2012-02-15 12:00:00,0.091,9636748.77079785
Liquid-WC-time,80,2012-07-01,2012-05-16 12:00:00,0.091,9672470.91485777
Liquid-WC-time,80,2012-10-01,2012-08-16 00:00:00,0.092,9705102.555060638
Liquid-WC-time,80,2013-01-01,2012-11-16 00:00:00,0.092,9734688.790753363
Liquid-WC-time,80,2013-04-01,2013-02-15 00:00:00,0.09,9760870.08440296
Liquid-WC-time,80,2013-07-01,2013-05-16 12:00:00,0.091,9783946.8793327
Liquid-WC-time,80,2013-10-01,2013-08-16 00:00:00,0.092,9804382.145555448
Liquid-WC-time,80,2014-01-01,2013-11-16 00:00:00,0.092,9822094.239583643
Liquid-WC-time,80,2014-04-01,2014-02-15 00:00:00,0.09,9836917.718081674
Liquid-WC-time,80,2014-07-01,2014-05-16 12:00:00,0.091,9849085.035367163
Liquid-WC-time,80,2014-10-01,2014-08-16 00:00:00,0.092,9858881.059037603
Liquid-WC-time,80,2015-01-01,2014-11-16 00:00:00,0.092,9866290.639414007
Liquid-WC-time,80,2015-04-01,2015-02-15 00:00:00,0.09,9871310.471755516
Liquid-WC-time,80,2015-07-01,2015-05-16 12:00:00,0.091,9874107.899499383
Liquid-WC-time,80,2015-10-01,2015-08-16 00:00:00,0.092,9874809.986754766
Liquid-WC-time,80,2016-01-01,2015-11-16 00:00:00,0.092,9873454.64852663
Liquid-WC-time,80,2016-04-01,2016-02-15 12:00:00,0.091,9870146.72801308
Liquid-WC-time,80,2016-07-01,2016-05-16 12:00:00,0.091,9865001.98529456
Liquid-WC-time,80,2016-10-01,2016-08-16 00:00:00,0.092,9858049.435844889
Liquid-WC-time,80,2017-01-01,2016-11-16 00:00:00,0.092,9849347.131732041
Liquid-WC-time,80,2017-04-01,2017-02-15 00:00:00,0.09,9839132.675745752
Liquid-WC-time,80,2017-07-01,2017-05-16 12:00:00,0.091,9827459.41622408
Liquid-WC-time,80,2017-10-01,2017-08-16 00:00:00,0.092,9814201.066520875
Liquid-WC-time,80,2018-01-01,2017-11-16 00:00:00,0.092,9799469.507153511
Liquid-WC-time,80,2018-04-01,2018-02-15 00:00:00,0.09,9783588.061035922
Liquid-WC-time,80,2018-07-01,2018-05-16 12:00:00,0.091,9766563.198656991
Liquid-WC-time,80,2018-10-01,2018-08-16 00:00:00,0.092,9748171.586893175
Liquid-WC-time,80,2019-01-01,2018-11-16 00:00:00,0.092,9728549.7173177
Liquid-WC-time,80,2019-04-01,2019-02-15 00:00:00,0.09,9708088.364062293
Liquid-WC-time,80,2019-07-01,2019-05-16 12:00:00,0.091,9686754.002888534
Liquid-WC-time,80,2019-10-01,2019-08-16 00:00:00,0.092,9664243.586197577
Liquid-WC-time,80,2020-01-01,2019-11-16 00:00:00,0.092,9640712.161617678
Liquid-WC-time,80,2020-04-01,2020-02-15 12:00:00,0.091,9616467.460357472
Liquid-WC-time,80,2020-07-01,2020-05-16 12:00:00,0.091,9591570.992280167
Liquid-WC-time,80,2020-10-01,2020-08-16 00:00:00,0.092,9565796.548780298
Liquid-WC-time,80,2021-01-01,2020-11-16 00:00:00,0.092,9539178.997038743
Liquid-WC-time,80,2021-04-01,2021-02-15 00:00:00,0.09,9512201.548298448
Liquid-WC-time,80,2021-07-01,2021-05-16 12:00:00,0.091,9484769.59286098
Liquid-WC-time,80,2021-10-01,2021-08-16 00:00:00,0.092,9456464.239568653
Liquid-WC-time,80,2022-01-01,2021-11-16 00:00:00,0.092,9427464.372359378
Liquid-WC-time,80,2022-04-01,2022-02-15 00:00:00,0.09,9398283.14904852
Liquid-WC-time,80,2022-07-01,2022-05-16 12:00:00,0.091,9368803.676698398
Liquid-WC-time,80,2022-10-01,2022-08-16 00:00:00,0.092,9338567.000480127
Liquid-WC-time,80,2023-01-01,2022-11-16 00:00:00,0.092,9307759.105549235
Liquid-WC-time,80,2023-04-01,2023-02-15 00:00:00,0.09,9276915.020588206
Liquid-WC-time,80,2023-07-01,2023-05-16 12:00:00,0.091,9245900.099981945
Liquid-WC-time,80,2023-10-01,2023-08-16 00:00:00,0.092,9214224.682164906
Liquid-WC-time,80,2024-01-01,2023-11-16 00:00:00,0.092,9182079.574906794
Liquid-WC-time,80,2024-04-01,2024-02-15 12:00:00,0.091,9149838.099487208
Liquid-WC-time,80,2024-07-01,2024-05-16 12:00:00,0.091,9117526.68190461
Liquid-WC-time,80,2024-10-01,2024-08-16 00:00:00,0.092,9084811.686108455
Liquid-WC-time,80,2025-01-01,2024-11-16 00:00:00,0.092,9051710.313107494
Liquid-WC-time,80,2025-04-01,2025-02-15 00:00:00,0.09,9018783.228757646
Liquid-WC-time,80,2025-07-01,2025-05-16 12:00:00,0.091,8985871.169774415
Liquid-WC-time,80,2025-10-01,2025-08-16 00:00:00,0.092,8952444.874850953
Liquid-WC-time,80,2026-01-01,2025-11-16 00:00:00,0.092,8918699.874211913
Liquid-WC-time,80,2026-04-01,2026-02-15 00:00:00,0.09,8885202.93111735
Liquid-WC-time,80,2026-07-01,2026-05-16 12:00:00,0.091,8851786.768277595
Liquid-WC-time,80,2026-10-01,2026-08-16 00:00:00,0.092,8817910.707636371
Liquid-WC-time,80,2027-01-01,2026-11-16 00:00:00,0.092,8783770.876328096
Liquid-WC-time,80,2027-04-01,2027-02-15 00:00:00,0.09,8749936.877192723
Liquid-WC-time,80,2027-07-01,2027-05-16 12:00:00,0.091,8716235.603505274
Liquid-WC-time,80,2027-10-01,2027-08-16 00:00:00,0.092,8682119.139797337
Liquid-WC-time,80,2028-01-01,2027-11-16 00:00:00,0.092,8647783.380404115
Liquid-WC-volume,84,2008-04-01,2008-02-15 12:00:00,0.091,8253196.829910872
Liquid-WC-volume,84,2008-07-01,2008-05-16 12:00:00,0.091,8715385.16907746
Liquid-WC-volume,84,2008-10-01,2008-08-16 00:00:00,0.092,8807637.24539935
Liquid-WC-volume,84,2009-01-01,2008-11-16 00:00:00,0.092,8895764.361693444
Liquid-WC-volume,84,2009-04-01,2009-02-15 00:00:00,0.09,8978404.639850102
Liquid-WC-volume,84,2009-07-01,2009-05-16 12:00:00,0.091,9056148.282371584
Liquid-WC-volume,84,2009-10-01,2009-08-16 00:00:00,0.092,9130316.10447626
Liquid-WC-volume,84,2010-01-01,2009-11-16 00:00:00,0.092,9200465.256015932
Liquid-WC-volume,84,2010-04-01,2010-02-15 00:00:00,0.09,9265567.812534215
Liquid-WC-volume,84,2010-07-01,2010-05-16 12:00:00,0.091,9326150.742152644
Liquid-WC-volume,84,2010-10-01,2010-08-16 00:00:00,0.092,9383286.217413398
Liquid-WC-volume,84,2011-01-01,2010-11-16 00:00:00,0.092,9436662.516914552
Liquid-WC-volume,84,2011-04-01,2011-02-15 00:00:00,0.09,9485548.102909576
Liquid-WC-volume,84,2011-07-01,2011-05-16 12:00:00,0.091,9530395.421754897
Liquid-WC-volume,84,2011-10-01,2011-08-16 00:00:00,0.092,9572036.7149032
Liquid-WC-volume,84,2012-01-01,2011-11-16 00:00:00,0.092,9610270.283558892
Liquid-WC-volume,84,2012-04-01,2012-02-15 12:00:00,0.091,9644795.943591129
Liquid-WC-volume,84,2012-07-01,2012-05-16 12:00:00,0.091,9675780.19284285
Liquid-WC-volume,84,2012-10-01,2012-08-16 00:00:00,0.092,9703680.376541194
Liquid-WC-volume,84,2013-01-01,2012-11-16 00:00:00,0.092,9728566.996791117
Liquid-WC-volume,84,2013-04-01,2013-02-15 00:00:00,0.09,9750178.464764025
Liquid-WC-volume,84,2013-07-01,2013-05-16 12:00:00,0.091,9768807.641930304
Liquid-WC-volume,84,2013-10-01,2013-08-16 00:00:00,0.092,9784861.180093868
Liquid-WC-volume,84,2014-01-01,2013-11-16 00:00:00,0.092,9798298.826615853
Liquid-WC-volume,84,2014-04-01,2014-02-15 00:00:00,0.09,9809035.955704583
Liquid-WC-volume,84,2014-07-01,2014-05-16 12:00:00,0.091,9817289.878891801
Liquid-WC-volume,84,2014-10-01,2014-08-16 00:00:00,0.092,9823289.777200751
Liquid-WC-volume,84,2015-01-01,2014-11-16 00:00:00,0.092,9827051.704294493
Liquid-WC-volume,84,2015-04-01,2015-02-15 00:00:00,0.09,9828635.21824206
Liquid-WC-volume,84,2015-07-01,2015-05-16 12:00:00,0.091,9828188.719961097
Liquid-WC-volume,84,2015-10-01,2015-08-16 00:00:00,0.092,9825788.529453395
Liquid-WC-volume,84,2016-01-01,2015-11-16 00:00:00,0.092,9821494.573592491
Liquid-WC-volume,84,2016-04-01,2016-02-15 12:00:00,0.091,9815443.363457918
Liquid-WC-volume,84,2016-07-01,2016-05-16 12:00:00,0.091,9807746.794414718
Liquid-WC-volume,84,2016-10-01,2016-08-16 00:00:00,0.092,9798403.701018218
Liquid-WC-volume,84,2017-01-01,2016-11-16 00:00:00,0.092,9787471.762678789
Liquid-WC-volume,84,2017-04-01,2017-02-15 00:00:00,0.09,9775219.826339435
Liquid-WC-volume,84,2017-07-01,2017-05-16 12:00:00,0.091,9761682.606219428
Liquid-WC-volume,84,2017-10-01,2017-08-16 00:00:00,0.092,9746699.234788347
Liquid-WC-volume,84,2018-01-01,2017-11-16 00:00:00,0.092,9730389.766293537
Liquid-WC-volume,84,2018-04-01,2018-02-15 00:00:00,0.09,9713096.546379395
Liquid-WC-volume,84,2018-07-01,2018-05-16 12:00:00,0.091,9694809.798430283
Liquid-WC-volume,84,2018-10-01,2018-08-16 00:00:00,0.092,9675280.311312202
Liquid-WC-volume,84,2019-01-01,2018-11-16 00:00:00,0.092,9654648.11019227
Liquid-WC-volume,84,2019-04-01,2019-02-15 00:00:00,0.09,9633313.26970839
Liquid-WC-volume,84,2019-07-01,2019-05-16 12:00:00,0.091,9611228.980629819
Liquid-WC-volume,84,2019-10-01,2019-08-16 00:00:00,0.092,9588074.396134881
Liquid-WC-volume,84,2020-01-01,2019-11-16 00:00:00,0.092,9564004.719961597
Liquid-WC-volume,84,2020-04-01,2020-02-15 12:00:00,0.091,9539327.536344856
Liquid-WC-volume,84,2020-07-01,2020-05-16 12:00:00,0.091,9514097.001568303
Liquid-WC-volume,84,2020-10-01,2020-08-16 00:00:00,0.092,9488077.454952119
Liquid-WC-volume,84,2021-01-01,2020-11-16 00:00:00,0.092,9461299.38478703
Liquid-WC-volume,84,2021-04-01,2021-02-15 00:00:00,0.09,9434242.379511727
Liquid-WC-volume,84,2021-07-01,2021-05-16 12:00:00,0.091,9406804.539325474
Liquid-WC-volume,84,2021-10-01,2021-08-16 00:00:00,0.092,9378562.129529597
Liquid-WC-volume,84,2022-01-01,2021-11-16 00:00:00,0.092,9349690.288170524
Liquid-WC-volume,84,2022-04-01,2022-02-15 00:00:00,0.09,9320694.716000557
Liquid-WC-volume,84,2022-07-01,2022-05-16 12:00:00,0.091,9291453.79596654
Liquid-WC-volume,84,2022-10-01,2022-08-16 00:00:00,0.092,9261508.407112697
Liquid-WC-volume,84,2023-01-01,2022-11-16 00:00:00,0.092,9231039.852134235
Liquid-WC-volume,84,2023-04-01,2023-02-15 00:00:00,0.09,9200573.178455565
Liquid-WC-volume,84,2023-07-01,2023-05-16 12:00:00,0.091,9169971.170139346
Liquid-WC-volume,84,2023-10-01,2023-08-16 00:00:00,0.092,9138747.559724458
Liquid-WC-volume,84,2024-01-01,2023-11-16 00:00:00,0.092,9107087.986108888
Liquid-WC-volume,84,2024-04-01,2024-02-15 12:00:00,0.091,9075357.171174262
Liquid-WC-volume,84,2024-07-01,2024-05-16 12:00:00,0.091,9043578.024516067
Liquid-WC-volume,84,2024-10-01,2024-08-16 00:00:00,0.092,9011419.805667646
Liquid-WC-volume,84,2025-01-01,2024-11-16 00:00:00,0.092,8978897.22298361
Liquid-WC-volume,84,2025-04-01,2025-02-15 00:00:00,0.09,8946558.738661971
Liquid-WC-volume,84,2025-07-01,2025-05-16 12:00:00,0.091,8914245.585027305
Liquid-WC-volume,84,2025-10-01,2025-08-16 00:00:00,0.092,8881436.214643165
Liquid-WC-volume,84,2026-01-01,2025-11-16 00:00:00,0.092,8848320.890515719
Liquid-WC-volume,84,2026-04-01,2026-02-15 00:00:00,0.09,8815454.030531479
Liquid-WC-volume,84,2026-07-01,2026-05-16 12:00:00,0.091,8782669.8322735
Liquid-WC-volume,84,2026-10-01,2026-08-16 00:00:00,0.092,8749436.39080194
Liquid-WC-volume,84,2027-01-01,2026-11-16 00:00:00,0.092,8715944.782208813
Liquid-WC-volume,84,2027-04-01,2027-02-15 00:00:00,0.09,8682752.53683461
Liquid-WC-volume,84,2027-07-01,2027-05-16 12:00:00,0.091,8649688.703288743
Liquid-WC-volume,84,2027-10-01,2027-08-16 00:00:00,0.092,8616214.66081476
Liquid-WC-volume,84,2028-01-01,2027-11-16 00:00:00,0.092,8582521.565585032
Liquid-WC-time,83,2008-04-01,2008-02-15 12:00:00,0.091,8950027.433107844
Liquid-WC-time,83,2008-07-01,2008-05-16 12:00:00,0.091,8605262.609964421
Liquid-WC-time,83,2008-10-01,2008-08-16 00:00:00,0.092,8700606.22191085
Liquid-WC-time,83,2009-01-01,2008-11-16 00:00:00,0.092,8792524.15818717
Liquid-WC-time,83,2009-04-01,2009-02-15 00:00:00,0.09,8879521.478347687
Liquid-WC-time,83,2009-07-01,2009-05-16 12:00:00,0.091,8962135.628854303
Liquid-WC-time,83,2009-10-01,2009-08-16 00:00:00,0.092,9041706.564401034
Liquid-WC-time,83,2010-01-01,2009-11-16 00:00:00,0.092,9117709.105344934
Liquid-WC-time,83,2010-04-01,2010-02-15 00:00:00,0.09,9188954.507760497
Liquid-WC-time,83,2010-07-01,2010-05-16 12:00:00,0.091,9255937.442894984
Liquid-WC-time,83,2010-10-01,2010-08-16 00:00:00,0.092,9319780.632723205
Liquid-WC-time,83,2011-01-01,2010-11-16 00:00:00,0.092,9380086.261747891
Liquid-WC-time,83,2011-04-01,2011-02-15 00:00:00,0.09,9435956.850604217
Liquid-WC-time,83,2011-07-01,2011-05-16 12:00:00,0.091,9487832.903368624
Liquid-WC-time,83,2011-10-01,2011-08-16 00:00:00,0.092,9536618.707088836
Liquid-WC-time,83,2012-01-01,2011-11-16 00:00:00,0.092,9582032.373993779
Liquid-WC-time,83,2012-04-01,2012-02-15 12:00:00,0.091,9623657.1822173
Liquid-WC-time,83,2012-07-01,2012-05-16 12:00:00,0.091,9661625.512134816
Liquid-WC-time,83,2012-10-01,2012-08-16 00:00:00,0.092,9696439.939919373
Liquid-WC-time,83,2013-01-01,2012-11-16 00:00:00,0.092,9728140.94171098
Liquid-WC-time,83,2013-04-01,2013-02-15 00:00:00,0.09,9756332.299403185
Liquid-WC-time,83,2013-07-01,2013-05-16 12:00:00,0.091,9781324.755517991
Liquid-WC-time,83,2013-10-01,2013-08-16 00:00:00,0.092,9803610.645187939
Liquid-WC-time,83,2014-01-01,2013-11-16 00:00:00,0.092,9823094.682484541
Liquid-WC-time,83,2014-04-01,2014-02-15 00:00:00,0.09,9839582.307858683
Liquid-WC-time,83,2014-07-01,2014-05-16 12:00:00,0.091,9853316.282721257
Liquid-WC-time,83,2014-10-01,2014-08-16 00:00:00,0.092,9864606.706356388
Liquid-WC-time,83,2015-01-01,2014-11-16 00:00:00,0.092,9873428.23707531
Liquid-WC-time,83,2015-04-01,2015-02-15 00:00:00,0.09,9879755.785149254
Liquid-WC-time,83,2015-07-01,2015-05-16 12:00:00,0.091,9883766.367206698
Liquid-WC-time,83,2015-10-01,2015-08-16 00:00:00,0.092,9885607.642273216
Liquid-WC-time,83,2016-01-01,2015-11-16 00:00:00,0.092,9885310.445101527
Liquid-WC-time,83,2016-04-01,2016-02-15 12:00:00,0.091,9882969.545514947
Liquid-WC-time,83,2016-07-01,2016-05-16 12:00:00,0.091,9878703.544972772
Liquid-WC-time,83,2016-10-01,2016-08-16 00:00:00,0.092,9872552.88591244
Liquid-WC-time,83,2017-01-01,2016-11-16 00:00:00,0.092,9864576.355375107
Liquid-WC-time,83,2017-04-01,2017-02-15 00:00:00,0.09,9855002.46114971
Liquid-WC-time,83,2017-07-01,2017-05-16 12:00:00,0.091,9843891.71586022
Liquid-WC-time,83,2017-10-01,2017-08-16 00:00:00,0.092,9831128.936938941
Liquid-WC-time,83,2018-01-01,2017-11-16 00:00:00,0.092,9816823.843004748
Liquid-WC-time,83,2018-04-01,2018-02-15 00:00:00,0.09,9801295.751007896
Liquid-WC-time,83,2018-07-01,2018-05-16 12:00:00,0.091,9784556.761126596
Liquid-WC-time,83,2018-10-01,2018-08-16 00:00:00,0.092,9766390.273656858
Liquid-WC-time,83,2019-01-01,2018-11-16 00:00:00,0.092,9746932.428498631
Liquid-WC-time,83,2019-04-01,2019-02-15 00:00:00,0.09,9726574.249499043
Liquid-WC-time,83,2019-07-01,2019-05-16 12:00:00,0.091,9705286.296567747
Liquid-WC-time,83,2019-10-01,2019-08-16 00:00:00,0.092,9682768.317052204
Liquid-WC-time,83,2020-01-01,2019-11-16 00:00:00,0.092,9659176.445220314
Liquid-WC-time,83,2020-04-01,2020-02-15 12:00:00,0.091,9634821.370088138
Liquid-WC-time,83,2020-07-01,2020-05-16 12:00:00,0.091,9609767.57433945
Liquid-WC-time,83,2020-10-01,2020-08-16 00:00:00,0.092,9583789.331490256
Liquid-WC-time,83,2021-01-01,2020-11-16 00:00:00,0.092,9556923.02641791
Liquid-WC-time,83,2021-04-01,2021-02-15 00:00:00,0.09,9529658.418051403
Liquid-WC-time,83,2021-07-01,2021-05-16 12:00:00,0.091,9501902.170248084
Liquid-WC-time,83,2021-10-01,2021-08-16 00:00:00,0.092,9473231.794557493
Liquid-WC-time,83,2022-01-01,2021-11-16 00:00:00,0.092,9443829.246364048
Liquid-WC-time,83,2022-04-01,2022-02-15 00:00:00,0.09,9414216.444095638
Liquid-WC-time,83,2022-07-01,2022-05-16 12:00:00,0.091,9384276.590288833
Liquid-WC-time,83,2022-10-01,2022-08-16 00:00:00,0.092,9353544.684875432
Liquid-WC-time,83,2023-01-01,2022-11-16 00:00:00,0.092,9322210.431515846
Liquid-WC-time,83,2023-04-01,2023-02-15 00:00:00,0.09,9290819.332546659
Liquid-WC-time,83,2023-07-01,2023-05-16 12:00:00,0.091,9259235.828592718
Liquid-WC-time,83,2023-10-01,2023-08-16 00:00:00,0.092,9226962.21776744
Liquid-WC-time,83,2024-01-01,2023-11-16 00:00:00,0.092,9194193.502315685
Liquid-WC-time,83,2024-04-01,2024-02-15 12:00:00,0.091,9161311.199860258
Liquid-WC-time,83,2024-07-01,2024-05-16 12:00:00,0.091,9128343.384800704
Liquid-WC-time,83,2024-10-01,2024-08-16 00:00:00,0.092,9094950.508237371
Liquid-WC-time,83,2025-01-01,2024-11-16 00:00:00,0.092,9061150.767403776
Liquid-WC-time,83,2025-04-01,2025-02-15 00:00:00,0.09,9027517.54930483
Liquid-WC-time,83,2025-07-01,2025-05-16 12:00:00,0.091,8993889.141372763
Liquid-WC-time,83,2025-10-01,2025-08-16 00:00:00,0.092,8959725.415455421
Liquid-WC-time,83,2026-01-01,2025-11-16 00:00:00,0.092,8925226.667726979
Liquid-WC-time,83,2026-04-01,2026-02-15 00:00:00,0.09,8890973.049079545
Liquid-WC-time,83,2026-07-01,2026-05-16 12:00:00,0.091,8856794.28185015
Liquid-WC-time,83,2026-10-01,2026-08-16 00:00:00,0.092,8822137.892348936
Liquid-WC-time,83,2027-01-01,2026-11-16 00:00:00,0.092,8787204.919483837
Liquid-WC-time,83,2027-04-01,2027-02-15 00:00:00,0.09,8752578.79040208
Liquid-WC-time,83,2027-07-01,2027-05-16 12:00:00,0.091,8718082.968237637
Liquid-WC-time,83,2027-10-01,2027-08-16 00:00:00,0.092,8683157.070612617
Liquid-WC-time,83,2028-01-01,2027-11-16 00:00:00,0.092,8648001.982349254
Liquid-WC-volume,80,2008-04-01,2008-02-15 12:00:00,0.091,8645754.566772258
Liquid-WC-volume,80,2008-07-01,2008-05-16 12:00:00,0.091,8655319.574293364
Liquid-WC-volume,80,2008-10-01,2008-08-16 00:00:00,0.092,8746273.520340456
Liquid-WC-volume,80,2009-01-01,2008-11-16 00:00:00,0.092,8833307.157169016
Liquid-WC-volume,80,2009-04-01,2009-02-15 00:00:00,0.09,8915068.41228501
Liquid-WC-volume,80,2009-07-01,2009-05-16 12:00:00,0.091,8992131.735949727
Liquid-WC-volume,80,2009-10-01,2009-08-16 00:00:00,0.092,9065800.136011984
Liquid-WC-volume,80,2010-01-01,2009-11-16 00:00:00,0.092,9135629.703445643
Liquid-WC-volume,80,2010-04-01,2010-02-15 00:00:00,0.09,9200587.491247058
Liquid-WC-volume,80,2010-07-01,2010-05-16 12:00:00,0.091,9261187.39094483
Liquid-WC-volume,80,2010-10-01,2010-08-16 00:00:00,0.092,9318493.581251323
Liquid-WC-volume,80,2011-01-01,2010-11-16 00:00:00,0.092,9372187.634768654
Liquid-WC-volume,80,2011-04-01,2011-02-15 00:00:00,0.09,9421522.175617682
Liquid-WC-volume,80,2011-07-01,2011-05-16 12:00:00,0.091,9466940.179318517
Liquid-WC-volume,80,2011-10-01,2011-08-16 00:00:00,0.092,9509274.792856254
Liquid-WC-volume,80,2012-01-01,2011-11-16 00:00:00,0.092,9548314.08827189
Liquid-WC-volume,80,2012-04-01,2012-02-15 12:00:00,0.091,9583740.148872793
Liquid-WC-volume,80,2012-07-01,2012-05-16 12:00:00,0.091,9615709.385796031
Liquid-WC-volume,80,2012-10-01,2012-08-16 00:00:00,0.092,9644681.56085795
Liquid-WC-volume,80,2013-01-01,2012-11-16 00:00:00,0.092,9670720.201888891
Liquid-WC-volume,80,2013-04-01,2013-02-15 00:00:00,0.09,9693536.577133834
Liquid-WC-volume,80,2013-07-01,2013-05-16 12:00:00,0.091,9713421.5823082
Liquid-WC-volume,80,2013-10-01,2013-08-16 00:00:00,0.092,9730796.017328843
Liquid-WC-volume,80,2014-01-01,2013-11-16 00:00:00,0.092,9745606.932278236
Liquid-WC-volume,80,2014-04-01,2014-02-15 00:00:00,0.09,9757740.679583948
Liquid-WC-volume,80,2014-07-01,2014-05-16 12:00:00,0.091,9767415.679918377
Liquid-WC-volume,80,2014-10-01,2014-08-16 00:00:00,0.092,9774879.360691523
Liquid-WC-volume,80,2015-01-01,2014-11-16 00:00:00,0.092,9780135.235628517
Liquid-WC-volume,80,2015-04-01,2015-02-15 00:00:00,0.09,9783213.554446978
Liquid-WC-volume,80,2015-07-01,2015-05-16 12:00:00,0.091,9784266.225480935
Liquid-WC-volume,80,2015-10-01,2015-08-16 00:00:00,0.092,9783390.414186712
Liquid-WC-volume,80,2016-01-01,2015-11-16 00:00:00,0.092,9780634.127866153
Liquid-WC-volume,80,2016-04-01,2016-02-15 12:00:00,0.091,9776113.693050466
Liquid-WC-volume,80,2016-07-01,2016-05-16 12:00:00,0.091,9769937.84211363
Liquid-WC-volume,80,2016-10-01,2016-08-16 00:00:00,0.092,9762119.246742161
Liquid-WC-volume,80,2017-01-01,2016-11-16 00:00:00,0.092,9752712.89149283
Liquid-WC-volume,80,2017-04-01,2017-02-15 00:00:00,0.09,9741960.483609637
Liquid-WC-volume,80,2017-07-01,2017-05-16 12:00:00,0.091,9729903.091239898
Liquid-WC-volume,80,2017-10-01,2017-08-16 00:00:00,0.092,9716402.435241349
Liquid-WC-volume,80,2018-01-01,2017-11-16 00:00:00,0.092,9701568.45891581
Liquid-WC-volume,80,2018-04-01,2018-02-15 00:00:00,0.09,9685718.118285554
Liquid-WC-volume,80,2018-07-01,2018-05-16 12:00:00,0.091,9668848.618898664
Liquid-WC-volume,80,2018-10-01,2018-08-16 00:00:00,0.092,9650733.016740127
Liquid-WC-volume,80,2019-01-01,2018-11-16 00:00:00,0.092,9631502.176323095
Liquid-WC-volume,80,2019-04-01,2019-02-15 00:00:00,0.09,9611532.68110421
Liquid-WC-volume,80,2019-07-01,2019-05-16 12:00:00,0.091,9590784.953809457
Liquid-WC-volume,80,2019-10-01,2019-08-16 00:00:00,0.092,9568959.6086947
Liquid-WC-volume,80,2020-01-01,2019-11-16 00:00:00,0.092,9546203.591815561
Liquid-WC-volume,80,2020-04-01,2020-02-15 12:00:00,0.091,9522809.842790714
Liquid-WC-volume,80,2020-07-01,2020-05-16 12:00:00,0.091,9498832.583803397
Liquid-WC-volume,80,2020-10-01,2020-08-16 00:00:00,0.092,9474049.739722162
Liquid-WC-volume,80,2021-01-01,2020-11-16 00:00:00,0.092,9448491.345296169
Liquid-WC-volume,80,2021-04-01,2021-02-15 00:00:00,0.09,9422617.276935859
Liquid-WC-volume,80,2021-07-01,2021-05-16 12:00:00,0.091,9396332.627269838
Liquid-WC-volume,80,2021-10-01,2021-08-16 00:00:00,0.092,9369232.72290834
Liquid-WC-volume,80,2022-01-01,2021-11-16 00:00:00,0.092,9341486.029221555
Liquid-WC-volume,80,2022-04-01,2022-02-15 00:00:00,0.09,9313580.284335464
Liquid-WC-volume,80,2022-07-01,2022-05-16 12:00:00,0.091,9285400.529601417
Liquid-WC-volume,80,2022-10-01,2022-08-16 00:00:00,0.092,9256505.349661669
Liquid-WC-volume,80,2023-01-01,2022-11-16 00:00:00,0.092,9227070.04545046
Liquid-WC-volume,80,2023-04-01,2023-02-15 00:00:00,0.09,9197603.320832385
Liquid-WC-volume,80,2023-07-01,2023-05-16 12:00:00,0.091,9167974.215423012
Liquid-WC-volume,80,2023-10-01,2023-08-16 00:00:00,0.092,9137712.808286367
Liquid-WC-volume,80,2024-01-01,2023-11-16 00:00:00,0.092,9106999.331644695
Liquid-WC-volume,80,2024-04-01,2024-02-15 12:00:00,0.091,9076188.597216057
Liquid-WC-volume,80,2024-07-01,2024-05-16 12:00:00,0.091,9045304.19932879
Liquid-WC-volume,80,2024-10-01,2024-08-16 00:00:00,0.092,9014025.62192212
Liquid-WC-volume,80,2025-01-01,2024-11-16 00:00:00,0.092,8982367.68341923
Liquid-WC-volume,80,2025-04-01,2025-02-15 00:00:00,0.09,8950865.327726139
Liquid-WC-volume,80,2025-07-01,2025-05-16 12:00:00,0.091,8919365.165595662
Liquid-WC-volume,80,2025-10-01,2025-08-16 00:00:00,0.092,8887359.428072268
Liquid-WC-volume,80,2026-01-01,2025-11-16 00:00:00,0.092,8855033.962454647
Liquid-WC-volume,80,2026-04-01,2026-02-15 00:00:00,0.09,8822930.877339013
Liquid-WC-volume,80,2026-07-01,2026-05-16 12:00:00,0.091,8790889.318065165
Liquid-WC-volume,80,2026-10-01,2026-08-16 00:00:00,0.092,8758389.995912818
Liquid-WC-volume,80,2027-01-01,2026-11-16 00:00:00,0.092,8725619.98036115
Liquid-WC-volume,80,2027-04-01,2027-02-15 00:00:00,0.09,8693125.578249495
Liquid-WC-volume,80,2027-07-01,2027-05-16 12:00:00,0.091,8660740.376186568
Liquid-WC-volume,80,2027-10-01,2027-08-16 00:00:00,0.092,8627937.299005363
Liquid-WC-volume,80,2028-01-01,2027-11-16 00:00:00,0.092,8594903.857470207
Liquid-WC-volume,83,2008-04-01,2008-02-15 12:00:00,0.091,8949414.308832733
Liquid-WC-volume,83,2008-07-01,2008-05-16 12:00:00,0.091,8603073.876256267
Liquid-WC-volume,83,2008-10-01,2008-08-16 00:00:00,0.092,8696341.324646836
Liquid-WC-volume,83,2009-01-01,2008-11-16 00:00:00,0.092,8785725.60722798
Liquid-WC-volume,83,2009-04-01,2009-02-15 00:00:00,0.09,8869826.569902897
Liquid-WC-volume,83,2009-07-01,2009-05-16 12:00:00,0.091,8949222.171036342
Liquid-WC-volume,83,2009-10-01,2009-08-16 00:00:00,0.092,9025245.395391006
Liquid-WC-volume,83,2010-01-01,2009-11-16 00:00:00,0.092,9097431.054484058
Liquid-WC-volume,83,2010-04-01,2010-02-15 00:00:00,0.09,9164700.182182219
Liquid-WC-volume,83,2010-07-01,2010-05-16 12:00:00,0.091,9227572.637101246
Liquid-WC-volume,83,2010-10-01,2010-08-16 00:00:00,0.092,9287143.465669097
Liquid-WC-volume,83,2011-01-01,2010-11-16 00:00:00,0.092,9343074.895335281
Liquid-WC-volume,83,2011-04-01,2011-02-15 00:00:00,0.09,9394577.878235405
Liquid-WC-volume,83,2011-07-01,2011-05-16 12:00:00,0.091,9442103.237612767
Liquid-WC-volume,83,2011-10-01,2011-08-16 00:00:00,0.092,9486514.292082263
Liquid-WC-volume,83,2012-01-01,2011-11-16 00:00:00,0.092,9527582.463174209
Liquid-WC-volume,83,2012-04-01,2012-02-15 12:00:00,0.091,9564964.282972882
Liquid-WC-volume,83,2012-07-01,2012-05-16 12:00:00,0.091,9598814.082875602
Liquid-WC-volume,83,2012-10-01,2012-08-16 00:00:00,0.092,9629609.755934581
Liquid-WC-volume,83,2013-01-01,2012-11-16 00:00:00,0.092,9657411.73348422
Liquid-WC-volume,83,2013-04-01,2013-02-15 00:00:00,0.09,9681901.501051668
Liquid-WC-volume,83,2013-07-01,2013-05-16 12:00:00,0.091,9703379.302617367
Liquid-WC-volume,83,2013-10-01,2013-08-16 00:00:00,0.092,9722291.019562552
Liquid-WC-volume,83,2014-01-01,2013-11-16 00:00:00,0.092,9738572.9661098
Liquid-WC-volume,83,2014-04-01,2014-02-15 00:00:00,0.09,9752087.900345359
Liquid-WC-volume,83,2014-07-01,2014-05-16 12:00:00,0.091,9763063.313362936
Liquid-WC-volume,83,2014-10-01,2014-08-16 00:00:00,0.092,9771768.03436025
Liquid-WC-volume,83,2015-01-01,2014-11-16 00:00:00,0.092,9778197.533891415
Liquid-WC-volume,83,2015-04-01,2015-02-15 00:00:00,0.09,9782364.287448924
Liquid-WC-volume,83,2015-07-01,2015-05-16 12:00:00,0.091,9784428.509208037
Liquid-WC-volume,83,2015-10-01,2015-08-16 00:00:00,0.092,9784504.782432124
Liquid-WC-volume,83,2016-01-01,2015-11-16 00:00:00,0.092,9782635.437405627
Liquid-WC-volume,83,2016-04-01,2016-02-15 12:00:00,0.091,9778928.48839398
Liquid-WC-volume,83,2016-07-01,2016-05-16 12:00:00,0.091,9773495.091630945
Liquid-WC-volume,83,2016-10-01,2016-08-16 00:00:00,0.092,9766357.60457101
Liquid-WC-volume,83,2017-01-01,2016-11-16 00:00:00,0.092,9757571.676551323
Liquid-WC-volume,83,2017-04-01,2017-02-15 00:00:00,0.09,9747371.136391576
Liquid-WC-volume,83,2017-07-01,2017-05-16 12:00:00,0.091,9735803.018582473
Liquid-WC-volume,83,2017-10-01,2017-08-16 00:00:00,0.092,9722738.573259309
Liquid-WC-volume,83,2018-01-01,2017-11-16 00:00:00,0.092,9708285.77118286
Liquid-WC-volume,83,2018-04-01,2018-02-15 00:00:00,0.09,9692757.665491767
Liquid-WC-volume,83,2018-07-01,2018-05-16 12:00:00,0.091,9676156.12170002
Liquid-WC-volume,83,2018-10-01,2018-08-16 00:00:00,0.092,9658260.156760396
Liquid-WC-volume,83,2019-01-01,2018-11-16 00:00:00,0.092,9639200.045394832
Liquid-WC-volume,83,2019-04-01,2019-02-15 00:00:00,0.09,9619351.83203684
Liquid-WC-volume,83,2019-07-01,2019-05-16 12:00:00,0.091,9598679.32314925
Liquid-WC-volume,83,2019-10-01,2019-08-16 00:00:00,0.092,9576885.887962645
Liquid-WC-volume,83,2020-01-01,2019-11-16 00:00:00,0.092,9554119.006082091
Liquid-WC-volume,83,2020-04-01,2020-02-15 12:00:00,0.091,9530673.458653329
Liquid-WC-volume,83,2020-07-01,2020-05-16 12:00:00,0.091,9506605.74057027
Liquid-WC-volume,83,2020-10-01,2020-08-16 00:00:00,0.092,9481694.434144737
Liquid-WC-volume,83,2021-01-01,2020-11-16 00:00:00,0.092,9455970.656495541
Liquid-WC-volume,83,2021-04-01,2021-02-15 00:00:00,0.09,9429898.871919513
Liquid-WC-volume,83,2021-07-01,2021-05-16 12:00:00,0.091,9403385.284524042
Liquid-WC-volume,83,2021-10-01,2021-08-16 00:00:00,0.092,9376022.73566454
Liquid-WC-volume,83,2022-01-01,2021-11-16 00:00:00,0.092,9347981.8504592
Liquid-WC-volume,83,2022-04-01,2022-02-15 00:00:00,0.09,9319756.838332117
Liquid-WC-volume,83,2022-07-01,2022-05-16 12:00:00,0.091,9291232.903650338
Liquid-WC-volume,83,2022-10-01,2022-08-16 00:00:00,0.092,9261964.100517495
Liquid-WC-volume,83,2023-01-01,2022-11-16 00:00:00,0.092,9232128.458203992
Liquid-WC-volume,83,2023-04-01,2023-02-15 00:00:00,0.09,9202242.66630378
Liquid-WC-volume,83,2023-07-01,2023-05-16 12:00:00,0.091,9172175.109598499
Liquid-WC-volume,83,2023-10-01,2023-08-16 00:00:00,0.092,9141449.635850186
Liquid-WC-volume,83,2024-01-01,2023-11-16 00:00:00,0.092,9110249.649295017
Liquid-WC-volume,83,2024-04-01,2024-02-15 12:00:00,0.091,9078936.336372744
Liquid-WC-volume,83,2024-07-01,2024-05-16 12:00:00,0.091,9047534.601311598
Liquid-WC-volume,83,2024-10-01,2024-08-16 00:00:00,0.092,9015719.247965224
Liquid-WC-volume,83,2025-01-01,2024-11-16 00:00:00,0.092,8983505.828629855
Liquid-WC-volume,83,2025-04-01,2025-02-15 00:00:00,0.09,8951439.409540262
Liquid-WC-volume,83,2025-07-01,2025-05-16 12:00:00,0.091,8919364.675941704
Liquid-WC-volume,83,2025-10-01,2025-08-16 00:00:00,0.092,8886765.115263022
Liquid-WC-volume,83,2026-01-01,2025-11-16 00:00:00,0.092,8853830.344966734
Liquid-WC-volume,83,2026-04-01,2026-02-15 00:00:00,0.09,8821113.30582367
Liquid-WC-volume,83,2026-07-01,2026-05-16 12:00:00,0.091,8788450.74544143
Liquid-WC-volume,83,2026-10-01,2026-08-16 00:00:00,0.092,8755313.751222486
Liquid-WC-volume,83,2027-01-01,2026-11-16 00:00:00,0.092,8721893.349910237
Liquid-WC-volume,83,2027-04-01,2027-02-15 00:00:00,0.09,8688747.20283068
Liquid-WC-volume,83,2027-07-01,2027-05-16 12:00:00,0.091,8655706.118621178
Liquid-WC-volume,83,2027-10-01,2027-08-16 00:00:00,0.092,8622232.722191222
Liquid-WC-volume,83,2028-01-01,2027-11-16 00:00:00,0.092,8588518.611762997
Constant,85,2008-04-01,2008-02-15 12:00:00,0.091,8407310.97735657
Constant,85,2008-07-01,2008-05-16 12:00:00,0.091,9004050.9399951
Constant,85,2008-10-01,2008-08-16 00:00:00,0.092,9004050.939994985
Constant,85,2009-01-01,2008-11-16 00:00:00,0.092,9004050.939994864
Constant,85,2009-04-01,2009-02-15 00:00:00,0.09,9004050.939994885
Constant,85,2009-07-01,2009-05-16 12:00:00,0.091,9004050.939994855
Constant,85,2009-10-01,2009-08-16 00:00:00,0.092,9004050.939994864
Constant,85,2010-01-01,2009-11-16 00:00:00,0.092,9004050.939994864
Constant,85,2010-04-01,2010-02-15 00:00:00,0.09,9004050.939994844
Constant,85,2010-07-01,2010-05-16 12:00:00,0.091,9004050.939994896
Constant,85,2010-10-01,2010-08-16 00:00:00,0.092,9004050.939995553
Constant,85,2011-01-01,2010-11-16 00:00:00,0.092,9004050.939995795
Constant,85,2011-04-01,2011-02-15 00:00:00,0.09,9004050.939995795
Constant,85,2011-07-01,2011-05-16 12:00:00,0.091,9004050.939995836
Constant,85,2011-10-01,2011-08-16 00:00:00,0.092,9004050.939995795
Constant,85,2012-01-01,2011-11-16 00:00:00,0.092,9004050.939995795
Constant,85,2012-04-01,2012-02-15 12:00:00,0.091,9004050.939995755
Constant,85,2012-07-01,2012-05-16 12:00:00,0.091,9004050.939995836
Constant,85,2012-10-01,2012-08-16 00:00:00,0.092,9004050.939995795
Constant,85,2013-01-01,2012-11-16 00:00:00,0.092,9004050.939995795
Constant,85,2013-04-01,2013-02-15 00:00:00,0.09,9004050.939995795
Constant,85,2013-07-01,2013-05-16 12:00:00,0.091,9004050.939995755
Constant,85,2013-10-01,2013-08-16 00:00:00,0.092,9004050.939995795
Constant,85,2014-01-01,2013-11-16 00:00:00,0.092,9004050.939995795
Constant,85,2014-04-01,2014-02-15 00:00:00,0.09,9004050.939995795
Constant,85,2014-07-01,2014-05-16 12:00:00,0.091,9004050.939995836
Constant,85,2014-10-01,2014-08-16 00:00:00,0.092,9004050.939995795
Constant,85,2015-01-01,2014-11-16 00:00:00,0.092,9004050.939995795
Constant,85,2015-04-01,2015-02-15 00:00:00,0.09,9004050.939995714
Constant,85,2015-07-01,2015-05-16 12:00:00,0.091,9004050.939995836
Constant,85,2015-10-01,2015-08-16 00:00:00,0.092,9004050.939995795
Constant,85,2016-01-01,2015-11-16 00:00:00,0.092,9004050.939995795
Constant,85,2016-04-01,2016-02-15 12:00:00,0.091,9004050.939995836
Constant,85,2016-07-01,2016-05-16 12:00:00,0.091,9004050.939995755
Constant,85,2016-10-01,2016-08-16 00:00:00,0.092,9004050.939995795
Constant,85,2017-01-01,2016-11-16 00:00:00,0.092,9004050.939995795
Constant,85,2017-04-01,2017-02-15 00:00:00,0.09,9004050.939995795
Constant,85,2017-07-01,2017-05-16 12:00:00,0.091,9004050.939995836
Constant,85,2017-10-01,2017-08-16 00:00:00,0.092,9004050.939995795
Constant,85,2018-01-01,2017-11-16 00:00:00,0.092,9004050.939995795
Constant,85,2018-04-01,2018-02-15 00:00:00,0.09,9004050.93999505
Constant,85,2018-07-01,2018-05-16 12:00:00,0.091,9004050.93999207
Constant,85,2018-10-01,2018-08-16 00:00:00,0.092,9004050.93999207
Constant,85,2019-01-01,2018-11-16 00:00:00,0.092,9004050.93999207
Constant,85,2019-04-01,2019-02-15 00:00:00,0.09,9004050.93999207
Constant,85,2019-07-01,2019-05-16 12:00:00,0.091,9004050.93999207
Constant,85,2019-10-01,2019-08-16 00:00:00,0.092,9004050.93999207
Constant,85,2020-01-01,2019-11-16 00:00:00,0.092,9004050.93999207
Constant,85,2020-04-01,2020-02-15 12:00:00,0.091,9004050.93999207
Constant,85,2020-07-01,2020-05-16 12:00:00,0.091,9004050.93999207
Constant,85,2020-10-01,2020-08-16 00:00:00,0.092,9004050.93999207
Constant,85,2021-01-01,2020-11-16 00:00:00,0.092,9004050.93999207
Constant,85,2021-04-01,2021-02-15 00:00:00,0.09,9004050.93999207
Constant,85,2021-07-01,2021-05-16 12:00:00,0.091,9004050.93999207
Constant,85,2021-10-01,2021-08-16 00:00:00,0.092,9004050.93999207
Constant,85,2022-01-01,2021-11-16 00:00:00,0.092,9004050.93999207
Constant,85,2022-04-01,2022-02-15 00:00:00,0.09,9004050.93999207
Constant,85,2022-07-01,2022-05-16 12:00:00,0.091,9004050.93999207
Constant,85,2022-10-01,2022-08-16 00:00:00,0.092,9004050.93999207
Constant,85,2023-01-01,2022-11-16 00:00:00,0.092,9004050.93999207
Constant,85,2023-04-01,2023-02-15 00:00:00,0.09,9004050.93999207
Constant,85,2023-07-01,2023-05-16 12:00:00,0.091,9004050.93999207
Constant,85,2023-10-01,2023-08-16 00:00:00,0.092,9004050.93999207
Constant,85,2024-01-01,2023-11-16 00:00:00,0.092,9004050.93999207
Constant,85,2024-04-01,2024-02-15 12:00:00,0.091,9004050.93999207
Constant,85,2024-07-01,2024-05-16 12:00:00,0.091,9004050.93999207
Constant,85,2024-10-01,2024-08-16 00:00:00,0.092,9004050.93999207
Constant,85,2025-01-01,2024-11-16 00:00:00,0.092,9004050.93999207
Constant,85,2025-04-01,2025-02-15 00:00:00,0.09,9004050.93999207
Constant,85,2025-07-01,2025-05-16 12:00:00,0.091,9004050.93999207
Constant,85,2025-10-01,2025-08-16 00:00:00,0.092,9004050.93999207
Constant,85,2026-01-01,2025-11-16 00:00:00,0.092,9004050.93999207
Constant,85,2026-04-01,2026-02-15 00:00:00,0.09,9004050.93999207
Constant,85,2026-07-01,2026-05-16 12:00:00,0.091,9004050.93999207
Constant,85,2026-10-01,2026-08-16 00:00:00,0.092,9004050.93999207
Constant,85,2027-01-01,2026-11-16 00:00:00,0.092,9004050.93999207
Constant,85,2027-04-01,2027-02-15 00:00:00,0.09,9004050.93999207
Constant,85,2027-07-01,2027-05-16 12:00:00,0.091,9004050.93999207
Constant,85,2027-10-01,2027-08-16 00:00:00,0.092,9004050.93999207
Constant,85,2028-01-01,2027-11-16 00:00:00,0.092,9004050.93999207
Constant,84,2008-04-01,2008-02-15 12:00:00,0.091,8189293.096948661
Constant,84,2008-07-01,2008-05-16 12:00:00,0.091,8555151.503826523
Constant,84,2008-10-01,2008-08-16 00:00:00,0.092,8555151.503826492
Constant,84,2009-01-01,2008-11-16 00:00:00,0.092,8555151.503826492
Constant,84,2009-04-01,2009-02-15 00:00:00,0.09,8555151.503826471
Constant,84,2009-07-01,2009-05-16 12:00:00,0.091,8555151.503826523
Constant,84,2009-10-01,2009-08-16 00:00:00,0.092,8555151.50382645
Constant,84,2010-01-01,2009-11-16 00:00:00,0.092,8555151.503826533
Constant,84,2010-04-01,2010-02-15 00:00:00,0.09,8555151.503826471
Constant,84,2010-07-01,2010-05-16 12:00:00,0.091,8555151.503826482
Constant,84,2010-10-01,2010-08-16 00:00:00,0.092,8555151.503826736
Constant,84,2011-01-01,2010-11-16 00:00:00,0.092,8555151.503827423
Constant,84,2011-04-01,2011-02-15 00:00:00,0.09,8555151.503827423
Constant,84,2011-07-01,2011-05-16 12:00:00,0.091,8555151.503827423
Constant,84,2011-10-01,2011-08-16 00:00:00,0.092,8555151.503827423
Constant,84,2012-01-01,2011-11-16 00:00:00,0.092,8555151.503827423
Constant,84,2012-04-01,2012-02-15 12:00:00,0.091,8555151.503827423
Constant,84,2012-07-01,2012-05-16 12:00:00,0.091,8555151.503827423
Constant,84,2012-10-01,2012-08-16 00:00:00,0.092,8555151.503827423
Constant,84,2013-01-01,2012-11-16 00:00:00,0.092,8555151.503827423
Constant,84,2013-04-01,2013-02-15 00:00:00,0.09,8555151.503827382
Constant,84,2013-07-01,2013-05-16 12:00:00,0.091,8555151.503827464
Constant,84,2013-10-01,2013-08-16 00:00:00,0.092,8555151.503827423
Constant,84,2014-01-01,2013-11-16 00:00:00,0.092,8555151.503827423
Constant,84,2014-04-01,2014-02-15 00:00:00,0.09,8555151.503827423
Constant,84,2014-07-01,2014-05-16 12:00:00,0.091,8555151.503827382
Constant,84,2014-10-01,2014-08-16 00:00:00,0.092,8555151.503827423
Constant,84,2015-01-01,2014-11-16 00:00:00,0.092,8555151.503827423
Constant,84,2015-04-01,2015-02-15 00:00:00,0.09,8555151.503827507
Constant,84,2015-07-01,2015-05-16 12:00:00,0.091,8555151.503827382
Constant,84,2015-10-01,2015-08-16 00:00:00,0.092,8555151.503827423
Constant,84,2016-01-01,2015-11-16 00:00:00,0.092,8555151.503827423
Constant,84,2016-04-01,2016-02-15 12:00:00,0.091,8555151.503827382
Constant,84,2016-07-01,2016-05-16 12:00:00,0.091,8555151.503827464
Constant,84,2016-10-01,2016-08-16 00:00:00,0.092,8555151.503827423
Constant,84,2017-01-01,2016-11-16 00:00:00,0.092,8555151.503827423
Constant,84,2017-04-01,2017-02-15 00:00:00,0.09,8555151.503827423
Constant,84,2017-07-01,2017-05-16 12:00:00,0.091,8555151.503827382
Constant,84,2017-10-01,2017-08-16 00:00:00,0.092,8555151.503827423
Constant,84,2018-01-01,2017-11-16 00:00:00,0.092,8555151.503827423
Constant,84,2018-04-01,2018-02-15 00:00:00,0.09,8555151.503827507
Constant,84,2018-07-01,2018-05-16 12:00:00,0.091,8555151.503827382
Constant,84,2018-10-01,2018-08-16 00:00:00,0.092,8555151.50382726
Constant,84,2019-01-01,2018-11-16 00:00:00,0.092,8555151.503823698
Constant,84,2019-04-01,2019-02-15 00:00:00,0.09,8555151.503823698
Constant,84,2019-07-01,2019-05-16 12:00:00,0.091,8555151.50382378
Constant,84,2019-10-01,2019-08-16 00:00:00,0.092,8555151.503823698
Constant,84,2020-01-01,2019-11-16 00:00:00,0.092,8555151.503823698
Constant,84,2020-04-01,2020-02-15 12:00:00,0.091,8555151.503823616
Constant,84,2020-07-01,2020-05-16 12:00:00,0.091,8555151.50382378
Constant,84,2020-10-01,2020-08-16 00:00:00,0.092,8555151.503823698
Constant,84,2021-01-01,2020-11-16 00:00:00,0.092,8555151.503823698
Constant,84,2021-04-01,2021-02-15 00:00:00,0.09,8555151.503823698
Constant,84,2021-07-01,2021-05-16 12:00:00,0.091,8555151.503823616
Constant,84,2021-10-01,2021-08-16 00:00:00,0.092,8555151.503823698
Constant,84,2022-01-01,2021-11-16 00:00:00,0.092,8555151.503823698
Constant,84,2022-04-01,2022-02-15 00:00:00,0.09,8555151.503823698
Constant,84,2022-07-01,2022-05-16 12:00:00,0.091,8555151.50382378
Constant,84,2022-10-01,2022-08-16 00:00:00,0.092,8555151.503823698
Constant,84,2023-01-01,2022-11-16 00:00:00,0.092,8555151.503823698
Constant,84,2023-04-01,2023-02-15 00:00:00,0.09,8555151.503823698
Constant,84,2023-07-01,2023-05-16 12:00:00,0.091,8555151.503823616
Constant,84,2023-10-01,2023-08-16 00:00:00,0.092,8555151.503823698
Constant,84,2024-01-01,2023-11-16 00:00:00,0.092,8555151.503823698
Constant,84,2024-04-01,2024-02-15 12:00:00,0.091,8555151.50382378
Constant,84,2024-07-01,2024-05-16 12:00:00,0.091,8555151.503823616
Constant,84,2024-10-01,2024-08-16 00:00:00,0.092,8555151.503823698
Constant,84,2025-01-01,2024-11-16 00:00:00,0.092,8555151.503823698
Constant,84,2025-04-01,2025-02-15 00:00:00,0.09,8555151.503823698
Constant,84,2025-07-01,2025-05-16 12:00:00,0.091,8555151.50382378
Constant,84,2025-10-01,2025-08-16 00:00:00,0.092,8555151.503823698
Constant,84,2026-01-01,2025-11-16 00:00:00,0.092,8555151.503823698
Constant,84,2026-04-01,2026-02-15 00:00:00,0.09,8555151.503823698
Constant,84,2026-07-01,2026-05-16 12:00:00,0.091,8555151.503823616
Constant,84,2026-10-01,2026-08-16 00:00:00,0.092,8555151.503823698
Constant,84,2027-01-01,2026-11-16 00:00:00,0.092,8555151.503823698
Constant,84,2027-04-01,2027-02-15 00:00:00,0.09,8555151.503823698
Constant,84,2027-07-01,2027-05-16 12:00:00,0.091,8555151.50382378
Constant,84,2027-10-01,2027-08-16 00:00:00,0.092,8555151.503823698
Constant,84,2028-01-01,2027-11-16 00:00:00,0.092,8555151.503823698
Liquid-WC-time,75,2008-04-01,2008-02-15 12:00:00,0.091,7328374.135980669
Liquid-WC-time,75,2008-07-01,2008-05-16 12:00:00,0.091,8092176.5325259585
Liquid-WC-time,75,2008-10-01,2008-08-16 00:00:00,0.092,8187802.393662176
Liquid-WC-time,75,2009-01-01,2008-11-16 00:00:00,0.092,8280184.5032944875
Liquid-WC-time,75,2009-04-01,2009-02-15 00:00:00,0.09,8367779.617656147
Liquid-WC-time,75,2009-07-01,2009-05-16 12:00:00,0.091,8451087.152349098
Liquid-WC-time,75,2009-10-01,2009-08-16 00:00:00,0.092,8531420.710065685
Liquid-WC-time,75,2010-01-01,2009-11-16 00:00:00,0.092,8608214.407611638
Liquid-WC-time,75,2010-04-01,2010-02-15 00:00:00,0.09,8680230.08124845
Liquid-WC-time,75,2010-07-01,2010-05-16 12:00:00,0.091,8747932.303531239
Liquid-WC-time,75,2010-10-01,2010-08-16 00:00:00,0.092,8812422.132863218
Liquid-WC-time,75,2011-01-01,2010-11-16 00:00:00,0.092,8873264.398650387
Liquid-WC-time,75,2011-04-01,2011-02-15 00:00:00,0.09,8929524.42377367
Liquid-WC-time,75,2011-07-01,2011-05-16 12:00:00,0.091,8981620.573764483
Liquid-WC-time,75,2011-10-01,2011-08-16 00:00:00,0.092,9030434.64595128
Liquid-WC-time,75,2012-01-01,2011-11-16 00:00:00,0.092,9075656.748604516
Liquid-WC-time,75,2012-04-01,2012-02-15 12:00:00,0.091,9116851.402515894
Liquid-WC-time,75,2012-07-01,2012-05-16 12:00:00,0.091,9154136.151374534
Liquid-WC-time,75,2012-10-01,2012-08-16 00:00:00,0.092,9187989.971352862
Liquid-WC-time,75,2013-01-01,2012-11-16 00:00:00,0.092,9218435.436833447
Liquid-WC-time,75,2013-04-01,2013-02-15 00:00:00,0.09,9245087.96416372
Liquid-WC-time,75,2013-07-01,2013-05-16 12:00:00,0.091,9268246.598477302
Liquid-WC-time,75,2013-10-01,2013-08-16 00:00:00,0.092,9288364.365913784
Liquid-WC-time,75,2014-01-01,2013-11-16 00:00:00,0.092,9305345.04579696
Liquid-WC-time,75,2014-04-01,2014-02-15 00:00:00,0.09,9319034.439187415
Liquid-WC-time,75,2014-07-01,2014-05-16 12:00:00,0.091,9329664.81146904
Liquid-WC-time,75,2014-10-01,2014-08-16 00:00:00,0.092,9337493.083882753
Liquid-WC-time,75,2015-01-01,2014-11-16 00:00:00,0.092,9342506.715742791
Liquid-WC-time,75,2015-04-01,2015-02-15 00:00:00,0.09,9344748.618189825
Liquid-WC-time,75,2015-07-01,2015-05-16 12:00:00,0.091,9344383.985001225
Liquid-WC-time,75,2015-10-01,2015-08-16 00:00:00,0.092,9341491.652854273
Liquid-WC-time,75,2016-01-01,2015-11-16 00:00:00,0.092,9336127.504369568
Liquid-WC-time,75,2016-04-01,2016-02-15 12:00:00,0.091,9328448.851881528
Liquid-WC-time,75,2016-07-01,2016-05-16 12:00:00,0.091,9318586.8538343
Liquid-WC-time,75,2016-10-01,2016-08-16 00:00:00,0.092,9306529.4367539
Liquid-WC-time,75,2017-01-01,2016-11-16 00:00:00,0.092,9292340.978285622
Liquid-WC-time,75,2017-04-01,2017-02-15 00:00:00,0.09,9276363.752701217
Liquid-WC-time,75,2017-07-01,2017-05-16 12:00:00,0.091,9258638.639973251
Liquid-WC-time,75,2017-10-01,2017-08-16 00:00:00,0.092,9238950.25801683
Liquid-WC-time,75,2018-01-01,2017-11-16 00:00:00,0.092,9217451.700052166
Liquid-WC-time,75,2018-04-01,2018-02-15 00:00:00,0.09,9194592.852679145
Liquid-WC-time,75,2018-07-01,2018-05-16 12:00:00,0.091,9170361.090714624
Liquid-WC-time,75,2018-10-01,2018-08-16 00:00:00,0.092,9144425.905543583
Liquid-WC-time,75,2019-01-01,2018-11-16 00:00:00,0.092,9116972.84432533
Liquid-WC-time,75,2019-04-01,2019-02-15 00:00:00,0.09,9088536.277392175
Liquid-WC-time,75,2019-07-01,2019-05-16 12:00:00,0.091,9059056.929431446
Liquid-WC-time,75,2019-10-01,2019-08-16 00:00:00,0.092,9028109.029124046
Liquid-WC-time,75,2020-01-01,2019-11-16 00:00:00,0.092,8995902.3509292
Liquid-WC-time,75,2020-04-01,2020-02-15 12:00:00,0.091,8962852.084306734
Liquid-WC-time,75,2020-07-01,2020-05-16 12:00:00,0.091,8929035.099636722
Liquid-WC-time,75,2020-10-01,2020-08-16 00:00:00,0.092,8894139.717620919
Liquid-WC-time,75,2021-01-01,2020-11-16 00:00:00,0.092,8858210.948321888
Liquid-WC-time,75,2021-04-01,2021-02-15 00:00:00,0.09,8821896.89563637
Liquid-WC-time,75,2021-07-01,2021-05-16 12:00:00,0.091,8785065.55699901
Liquid-WC-time,75,2021-10-01,2021-08-16 00:00:00,0.092,8747152.747891115
Liquid-WC-time,75,2022-01-01,2021-11-16 00:00:00,0.092,8708398.274235347
Liquid-WC-time,75,2022-04-01,2022-02-15 00:00:00,0.09,8669485.560295815
Liquid-WC-time,75,2022-07-01,2022-05-16 12:00:00,0.091,8630255.812864464
Liquid-WC-time,75,2022-10-01,2022-08-16 00:00:00,0.092,8590097.703130025
Liquid-WC-time,75,2023-01-01,2022-11-16 00:00:00,0.092,8549259.296581393
Liquid-WC-time,75,2023-04-01,2023-02-15 00:00:00,0.09,8508448.519725602
Liquid-WC-time,75,2023-07-01,2023-05-16 12:00:00,0.091,8467485.28591961
Liquid-WC-time,75,2023-10-01,2023-08-16 00:00:00,0.092,8425722.979150956
Liquid-WC-time,75,2024-01-01,2023-11-16 00:00:00,0.092,8383414.718417937
Liquid-WC-time,75,2024-04-01,2024-02-15 12:00:00,0.091,8341051.785860743
Liquid-WC-time,75,2024-07-01,2024-05-16 12:00:00,0.091,8298667.879017172
Liquid-WC-time,75,2024-10-01,2024-08-16 00:00:00,0.092,8255825.445112975
Liquid-WC-time,75,2025-01-01,2024-11-16 00:00:00,0.092,8212548.185029108
Liquid-WC-time,75,2025-04-01,2025-02-15 00:00:00,0.09,8169568.67498027
Liquid-WC-time,75,2025-07-01,2025-05-16 12:00:00,0.091,8126677.857194792
Liquid-WC-time,75,2025-10-01,2025-08-16 00:00:00,0.092,8083186.635279623
Liquid-WC-time,75,2026-01-01,2025-11-16 00:00:00,0.092,8039351.341377296
Liquid-WC-time,75,2026-04-01,2026-02-15 00:00:00,0.09,7995907.859495117
Liquid-WC-time,75,2026-07-01,2026-05-16 12:00:00,0.091,7952638.134333787
Liquid-WC-time,75,2026-10-01,2026-08-16 00:00:00,0.092,7908842.7268951805
Liquid-WC-time,75,2027-01-01,2026-11-16 00:00:00,0.092,7864777.137849318
Liquid-WC-time,75,2027-04-01,2027-02-15 00:00:00,0.09,7821176.215396159
Liquid-WC-time,75,2027-07-01,2027-05-16 12:00:00,0.091,7777815.742388368
Liquid-WC-time,75,2027-10-01,2027-08-16 00:00:00,0.092,7733991.39933936
Liquid-WC-time,75,2028-01-01,2027-11-16 00:00:00,0.092,7689956.729501162
Constant,80,2008-04-01,2008-02-15 12:00:00,0.091,8575825.189028386
Constant,80,2008-07-01,2008-05-16 12:00:00,0.091,8490565.179137943
Constant,80,2008-10-01,2008-08-16 00:00:00,0.092,8490565.179138
Constant,80,2009-01-01,2008-11-16 00:00:00,0.092,8490565.179137958
Constant,80,2009-04-01,2009-02-15 00:00:00,0.09,8490565.17913797
Constant,80,2009-07-01,2009-05-16 12:00:00,0.091,8490565.179137738
Constant,80,2009-10-01,2009-08-16 00:00:00,0.092,8490565.179137513
Constant,80,2010-01-01,2009-11-16 00:00:00,0.092,8490565.179137513
Constant,80,2010-04-01,2010-02-15 00:00:00,0.09,8490565.179137472
Constant,80,2010-07-01,2010-05-16 12:00:00,0.091,8490565.179137534
Constant,80,2010-10-01,2010-08-16 00:00:00,0.092,8490565.179137513
Constant,80,2011-01-01,2010-11-16 00:00:00,0.092,8490565.179137513
Constant,80,2011-04-01,2011-02-15 00:00:00,0.09,8490565.179137513
Constant,80,2011-07-01,2011-05-16 12:00:00,0.091,8490565.179137493
Constant,80,2011-10-01,2011-08-16 00:00:00,0.092,8490565.179137513
Constant,80,2012-01-01,2011-11-16 00:00:00,0.092,8490565.179137513
Constant,80,2012-04-01,2012-02-15 12:00:00,0.091,8490565.179137534
Constant,80,2012-07-01,2012-05-16 12:00:00,0.091,8490565.179137534
Constant,80,2012-10-01,2012-08-16 00:00:00,0.092,8490565.179137513
Constant,80,2013-01-01,2012-11-16 00:00:00,0.092,8490565.179137513
Constant,80,2013-04-01,2013-02-15 00:00:00,0.09,8490565.179137472
Constant,80,2013-07-01,2013-05-16 12:00:00,0.091,8490565.179138148
Constant,80,2013-10-01,2013-08-16 00:00:00,0.092,8490565.179139376
Constant,80,2014-01-01,2013-11-16 00:00:00,0.092,8490565.179139376
Constant,80,2014-04-01,2014-02-15 00:00:00,0.09,8490565.179139376
Constant,80,2014-07-01,2014-05-16 12:00:00,0.091,8490565.179139376
Constant,80,2014-10-01,2014-08-16 00:00:00,0.092,8490565.179139376
Constant,80,2015-01-01,2014-11-16 00:00:00,0.092,8490565.179139376
Constant,80,2015-04-01,2015-02-15 00:00:00,0.09,8490565.179139376
Constant,80,2015-07-01,2015-05-16 12:00:00,0.091,8490565.179139376
Constant,80,2015-10-01,2015-08-16 00:00:00,0.092,8490565.179139376
Constant,80,2016-01-01,2015-11-16 00:00:00,0.092,8490565.179139376
Constant,80,2016-04-01,2016-02-15 12:00:00,0.091,8490565.179139376
Constant,80,2016-07-01,2016-05-16 12:00:00,0.091,8490565.179139376
Constant,80,2016-10-01,2016-08-16 00:00:00,0.092,8490565.179139376
Constant,80,2017-01-01,2016-11-16 00:00:00,0.092,8490565.179139376
Constant,80,2017-04-01,2017-02-15 00:00:00,0.09,8490565.179139376
Constant,80,2017-07-01,2017-05-16 12:00:00,0.091,8490565.179139376
Constant,80,2017-10-01,2017-08-16 00:00:00,0.092,8490565.179139376
Constant,80,2018-01-01,2017-11-16 00:00:00,0.092,8490565.179139376
Constant,80,2018-04-01,2018-02-15 00:00:00,0.09,8490565.179139376
Constant,80,2018-07-01,2018-05-16 12:00:00,0.091,8490565.179139376
Constant,80,2018-10-01,2018-08-16 00:00:00,0.092,8490565.179139376
Constant,80,2019-01-01,2018-11-16 00:00:00,0.092,8490565.179139376
Constant,80,2019-04-01,2019-02-15 00:00:00,0.09,8490565.179139376
Constant,80,2019-07-01,2019-05-16 12:00:00,0.091,8490565.179139376
Constant,80,2019-10-01,2019-08-16 00:00:00,0.092,8490565.179139376
Constant,80,2020-01-01,2019-11-16 00:00:00,0.092,8490565.179139376
Constant,80,2020-04-01,2020-02-15 12:00:00,0.091,8490565.179139376
Constant,80,2020-07-01,2020-05-16 12:00:00,0.091,8490565.179139376
Constant,80,2020-10-01,2020-08-16 00:00:00,0.092,8490565.179139376
Constant,80,2021-01-01,2020-11-16 00:00:00,0.092,8490565.179139376
Constant,80,2021-04-01,2021-02-15 00:00:00,0.09,8490565.179139376
Constant,80,2021-07-01,2021-05-16 12:00:00,0.091,8490565.179139376
Constant,80,2021-10-01,2021-08-16 00:00:00,0.092,8490565.179139376
Constant,80,2022-01-01,2021-11-16 00:00:00,0.092,8490565.179139376
Constant,80,2022-04-01,2022-02-15 00:00:00,0.09,8490565.179139376
Constant,80,2022-07-01,2022-05-16 12:00:00,0.091,8490565.179139376
Constant,80,2022-10-01,2022-08-16 00:00:00,0.092,8490565.179139376
Constant,80,2023-01-01,2022-11-16 00:00:00,0.092,8490565.179139376
Constant,80,2023-04-01,2023-02-15 00:00:00,0.09,8490565.179139376
Constant,80,2023-07-01,2023-05-16 12:00:00,0.091,8490565.179139376
Constant,80,2023-10-01,2023-08-16 00:00:00,0.092,8490565.179139376
Constant,80,2024-01-01,2023-11-16 00:00:00,0.092,8490565.179139376
Constant,80,2024-04-01,2024-02-15 12:00:00,0.091,8490565.179139376
Constant,80,2024-07-01,2024-05-16 12:00:00,0.091,8490565.179139376
Constant,80,2024-10-01,2024-08-16 00:00:00,0.092,8490565.179139376
Constant,80,2025-01-01,2024-11-16 00:00:00,0.092,8490565.179139376
Constant,80,2025-04-01,2025-02-15 00:00:00,0.09,8490565.179139376
Constant,80,2025-07-01,2025-05-16 12:00:00,0.091,8490565.179139376
Constant,80,2025-10-01,2025-08-16 00:00:00,0.092,8490565.179139376
Constant,80,2026-01-01,2025-11-16 00:00:00,0.092,8490565.179139376
Constant,80,2026-04-01,2026-02-15 00:00:00,0.09,8490565.179139376
Constant,80,2026-07-01,2026-05-16 12:00:00,0.091,8490565.179139376
Constant,80,2026-10-01,2026-08-16 00:00:00,0.092,8490565.179139376
Constant,80,2027-01-01,2026-11-16 00:00:00,0.092,8490565.179139376
Constant,80,2027-04-01,2027-02-15 00:00:00,0.09,8490565.179139376
Constant,80,2027-07-01,2027-05-16 12:00:00,0.091,8490565.179139376
Constant,80,2027-10-01,2027-08-16 00:00:00,0.092,8490565.179139376
Constant,80,2028-01-01,2027-11-16 00:00:00,0.092,8490565.179139376
Constant,83,2008-04-01,2008-02-15 12:00:00,0.091,8871738.803787464
Constant,83,2008-07-01,2008-05-16 12:00:00,0.091,8428306.546609357
Constant,83,2008-10-01,2008-08-16 00:00:00,0.092,8428306.546609363
Constant,83,2009-01-01,2008-11-16 00:00:00,0.092,8428306.546609404
Constant,83,2009-04-01,2009-02-15 00:00:00,0.09,8428306.546609353
Constant,83,2009-07-01,2009-05-16 12:00:00,0.091,8428306.546609152
Constant,83,2009-10-01,2009-08-16 00:00:00,0.092,8428306.546608917
Constant,83,2010-01-01,2009-11-16 00:00:00,0.092,8428306.546608917
Constant,83,2010-04-01,2010-02-15 00:00:00,0.09,8428306.546608897
Constant,83,2010-07-01,2010-05-16 12:00:00,0.091,8428306.54660895
Constant,83,2010-10-01,2010-08-16 00:00:00,0.092,8428306.546608958
Constant,83,2011-01-01,2010-11-16 00:00:00,0.092,8428306.546609849
Constant,83,2011-04-01,2011-02-15 00:00:00,0.09,8428306.546609849
Constant,83,2011-07-01,2011-05-16 12:00:00,0.091,8428306.54660989
Constant,83,2011-10-01,2011-08-16 00:00:00,0.092,8428306.546609849
Constant,83,2012-01-01,2011-11-16 00:00:00,0.092,8428306.546609849
Constant,83,2012-04-01,2012-02-15 12:00:00,0.091,8428306.546609808
Constant,83,2012-07-01,2012-05-16 12:00:00,0.091,8428306.54660989
Constant,83,2012-10-01,2012-08-16 00:00:00,0.092,8428306.546609849
Constant,83,2013-01-01,2012-11-16 00:00:00,0.092,8428306.546609849
Constant,83,2013-04-01,2013-02-15 00:00:00,0.09,8428306.546609849
Constant,83,2013-07-01,2013-05-16 12:00:00,0.091,8428306.546609808
Constant,83,2013-10-01,2013-08-16 00:00:00,0.092,8428306.546609849
Constant,83,2014-01-01,2013-11-16 00:00:00,0.092,8428306.546609849
Constant,83,2014-04-01,2014-02-15 00:00:00,0.09,8428306.546609849
Constant,83,2014-07-01,2014-05-16 12:00:00,0.091,8428306.54660989
Constant,83,2014-10-01,2014-08-16 00:00:00,0.092,8428306.546609849
Constant,83,2015-01-01,2014-11-16 00:00:00,0.092,8428306.546609849
Constant,83,2015-04-01,2015-02-15 00:00:00,0.09,8428306.546609767
Constant,83,2015-07-01,2015-05-16 12:00:00,0.091,8428306.54660989
Constant,83,2015-10-01,2015-08-16 00:00:00,0.092,8428306.546609849
Constant,83,2016-01-01,2015-11-16 00:00:00,0.092,8428306.546609849
Constant,83,2016-04-01,2016-02-15 12:00:00,0.091,8428306.54660989
Constant,83,2016-07-01,2016-05-16 12:00:00,0.091,8428306.546609808
Constant,83,2016-10-01,2016-08-16 00:00:00,0.092,8428306.546609849
Constant,83,2017-01-01,2016-11-16 00:00:00,0.092,8428306.546609849
Constant,83,2017-04-01,2017-02-15 00:00:00,0.09,8428306.546609849
Constant,83,2017-07-01,2017-05-16 12:00:00,0.091,8428306.54660989
Constant,83,2017-10-01,2017-08-16 00:00:00,0.092,8428306.546609849
Constant,83,2018-01-01,2017-11-16 00:00:00,0.092,8428306.546609849
Constant,83,2018-04-01,2018-02-15 00:00:00,0.09,8428306.546609767
Constant,83,2018-07-01,2018-05-16 12:00:00,0.091,8428306.54660989
Constant,83,2018-10-01,2018-08-16 00:00:00,0.092,8428306.546609849
Constant,83,2019-01-01,2018-11-16 00:00:00,0.092,8428306.54660831
Constant,83,2019-04-01,2019-02-15 00:00:00,0.09,8428306.546606123
Constant,83,2019-07-01,2019-05-16 12:00:00,0.091,8428306.546606205
Constant,83,2019-10-01,2019-08-16 00:00:00,0.092,8428306.546606123
Constant,83,2020-01-01,2019-11-16 00:00:00,0.092,8428306.546606123
Constant,83,2020-04-01,2020-02-15 12:00:00,0.091,8428306.546606041
Constant,83,2020-07-01,2020-05-16 12:00:00,0.091,8428306.546606205
Constant,83,2020-10-01,2020-08-16 00:00:00,0.092,8428306.546606123
Constant,83,2021-01-01,2020-11-16 00:00:00,0.092,8428306.546606123
Constant,83,2021-04-01,2021-02-15 00:00:00,0.09,8428306.546606123
Constant,83,2021-07-01,2021-05-16 12:00:00,0.091,8428306.546606041
Constant,83,2021-10-01,2021-08-16 00:00:00,0.092,8428306.546606123
Constant,83,2022-01-01,2021-11-16 00:00:00,0.092,8428306.546606123
Constant,83,2022-04-01,2022-02-15 00:00:00,0.09,8428306.546606123
Constant,83,2022-07-01,2022-05-16 12:00:00,0.091,8428306.546606205
Constant,83,2022-10-01,2022-08-16 00:00:00,0.092,8428306.546606123
Constant,83,2023-01-01,2022-11-16 00:00:00,0.092,8428306.546606123
Constant,83,2023-04-01,2023-02-15 00:00:00,0.09,8428306.546606123
Constant,83,2023-07-01,2023-05-16 12:00:00,0.091,8428306.546606041
Constant,83,2023-10-01,2023-08-16 00:00:00,0.092,8428306.546606123
Constant,83,2024-01-01,2023-11-16 00:00:00,0.092,8428306.546606123
Constant,83,2024-04-01,2024-02-15 12:00:00,0.091,8428306.546606205
Constant,83,2024-07-01,2024-05-16 12:00:00,0.091,8428306.546606041
Constant,83,2024-10-01,2024-08-16 00:00:00,0.092,8428306.546606123
Constant,83,2025-01-01,2024-11-16 00:00:00,0.092,8428306.546606123
Constant,83,2025-04-01,2025-02-15 00:00:00,0.09,8428306.546606123
Constant,83,2025-07-01,2025-05-16 12:00:00,0.091,8428306.546606205
Constant,83,2025-10-01,2025-08-16 00:00:00,0.092,8428306.546606123
Constant,83,2026-01-01,2025-11-16 00:00:00,0.092,8428306.546606123
Constant,83,2026-04-01,2026-02-15 00:00:00,0.09,8428306.546606123
Constant,83,2026-07-01,2026-05-16 12:00:00,0.091,8428306.546606041
Constant,83,2026-10-01,2026-08-16 00:00:00,0.092,8428306.546606123
Constant,83,2027-01-01,2026-11-16 00:00:00,0.092,8428306.546606123
Constant,83,2027-04-01,2027-02-15 00:00:00,0.09,8428306.546606123
Constant,83,2027-07-01,2027-05-16 12:00:00,0.091,8428306.546606205
Constant,83,2027-10-01,2027-08-16 00:00:00,0.092,8428306.546606123
Constant,83,2028-01-01,2027-11-16 00:00:00,0.092,8428306.546606123
Liquid-WC-volume,75,2008-04-01,2008-02-15 12:00:00,0.091,7327033.794502268
Liquid-WC-volume,75,2008-07-01,2008-05-16 12:00:00,0.091,8087632.09030986
Liquid-WC-volume,75,2008-10-01,2008-08-16 00:00:00,0.092,8179294.17829912
Liquid-WC-volume,75,2009-01-01,2008-11-16 00:00:00,0.092,8267011.314370791
Liquid-WC-volume,75,2009-04-01,2009-02-15 00:00:00,0.09,8349391.779761555
Liquid-WC-volume,75,2009-07-01,2009-05-16 12:00:00,0.091,8426987.579495125
Liquid-WC-volume,75,2009-10-01,2009-08-16 00:00:00,0.092,8501084.452861272
Liquid-WC-volume,75,2010-01-01,2009-11-16 00:00:00,0.092,8571209.356008988
Liquid-WC-volume,75,2010-04-01,2010-02-15 00:00:00,0.09,8636303.738637475
Liquid-WC-volume,75,2010-07-01,2010-05-16 12:00:00,0.091,8696865.417941505
Liquid-WC-volume,75,2010-10-01,2010-08-16 00:00:00,0.092,8753938.713148236
Liquid-WC-volume,75,2011-01-01,2010-11-16 00:00:00,0.092,8807185.294774037
Liquid-WC-volume,75,2011-04-01,2011-02-15 00:00:00,0.09,8855852.578459514
Liquid-WC-volume,75,2011-07-01,2011-05-16 12:00:00,0.091,8900371.938508414
Liquid-WC-volume,75,2011-10-01,2011-08-16 00:00:00,0.092,8941549.562072098
Liquid-WC-volume,75,2012-01-01,2011-11-16 00:00:00,0.092,8979164.825033762
Liquid-WC-volume,75,2012-04-01,2012-02-15 12:00:00,0.091,9012907.907700678
Liquid-WC-volume,75,2012-07-01,2012-05-16 12:00:00,0.091,9042933.406012686
Liquid-WC-volume,75,2012-10-01,2012-08-16 00:00:00,0.092,9069675.543745818
Liquid-WC-volume,75,2013-01-01,2012-11-16 00:00:00,0.092,9093191.07839044
Liquid-WC-volume,75,2013-04-01,2013-02-15 00:00:00,0.09,9113233.59842495
Liquid-WC-volume,75,2013-07-01,2013-05-16 12:00:00,0.091,9130084.25097229
Liquid-WC-volume,75,2013-10-01,2013-08-16 00:00:00,0.092,9144113.075391917
Liquid-WC-volume,75,2014-01-01,2013-11-16 00:00:00,0.092,9155280.952119552
Liquid-WC-volume,75,2014-04-01,2014-02-15 00:00:00,0.09,9163539.231672551
Liquid-WC-volume,75,2014-07-01,2014-05-16 12:00:00,0.091,9169094.429926394
Liquid-WC-volume,75,2014-10-01,2014-08-16 00:00:00,0.092,9172128.971807254
Liquid-WC-volume,75,2015-01-01,2014-11-16 00:00:00,0.092,9172669.82670347
Liquid-WC-volume,75,2015-04-01,2015-02-15 00:00:00,0.09,9170832.53962348
Liquid-WC-volume,75,2015-07-01,2015-05-16 12:00:00,0.091,9166753.610908575
Liquid-WC-volume,75,2015-10-01,2015-08-16 00:00:00,0.092,9160450.88447112
Liquid-WC-volume,75,2016-01-01,2015-11-16 00:00:00,0.092,9152003.92216525
Liquid-WC-volume,75,2016-04-01,2016-02-15 12:00:00,0.091,9141598.78887711
Liquid-WC-volume,75,2016-07-01,2016-05-16 12:00:00,0.091,9129355.572878169
Liquid-WC-volume,75,2016-10-01,2016-08-16 00:00:00,0.092,9115228.617610814
Liquid-WC-volume,75,2017-01-01,2016-11-16 00:00:00,0.092,9099278.46553128
Liquid-WC-volume,75,2017-04-01,2017-02-15 00:00:00,0.09,9081863.889669793
Liquid-WC-volume,75,2017-07-01,2017-05-16 12:00:00,0.091,9063001.717447907
Liquid-WC-volume,75,2017-10-01,2017-08-16 00:00:00,0.092,9042448.575537652
Liquid-WC-volume,75,2018-01-01,2017-11-16 00:00:00,0.092,9020357.639608987
Liquid-WC-volume,75,2018-04-01,2018-02-15 00:00:00,0.09,8997174.318047779
Liquid-WC-volume,75,2018-07-01,2018-05-16 12:00:00,0.091,8972867.135988815
Liquid-WC-volume,75,2018-10-01,2018-08-16 00:00:00,0.092,8947093.575151071
Liquid-WC-volume,75,2019-01-01,2018-11-16 00:00:00,0.092,8920031.568956358
Liquid-WC-volume,75,2019-04-01,2019-02-15 00:00:00,0.09,8892194.822981954
Liquid-WC-volume,75,2019-07-01,2019-05-16 12:00:00,0.091,8863511.007413268
Liquid-WC-volume,75,2019-10-01,2019-08-16 00:00:00,0.092,8833556.546657873
Liquid-WC-volume,75,2020-01-01,2019-11-16 00:00:00,0.092,8802528.201454684
Liquid-WC-volume,75,2020-04-01,2020-02-15 12:00:00,0.091,8770816.520294564
Liquid-WC-volume,75,2020-07-01,2020-05-16 12:00:00,0.091,8738484.475524053
Liquid-WC-volume,75,2020-10-01,2020-08-16 00:00:00,0.092,8705225.457109593
Liquid-WC-volume,75,2021-01-01,2020-11-16 00:00:00,0.092,8671075.535261031
Liquid-WC-volume,75,2021-04-01,2021-02-15 00:00:00,0.09,8636642.099594243
Liquid-WC-volume,75,2021-07-01,2021-05-16 12:00:00,0.091,8601790.987752214
Liquid-WC-volume,75,2021-10-01,2021-08-16 00:00:00,0.092,8565981.647531867
Liquid-WC-volume,75,2022-01-01,2021-11-16 00:00:00,0.092,8529435.26393726
Liquid-WC-volume,75,2022-04-01,2022-02-15 00:00:00,0.09,8492789.409219723
Liquid-WC-volume,75,2022-07-01,2022-05-16 12:00:00,0.091,8455887.54245377
Liquid-WC-volume,75,2022-10-01,2022-08-16 00:00:00,0.092,8418149.087682286
Liquid-WC-volume,75,2023-01-01,2022-11-16 00:00:00,0.092,8379802.515292621
Liquid-WC-volume,75,2023-04-01,2023-02-15 00:00:00,0.09,8341507.153959572
Liquid-WC-volume,75,2023-07-01,2023-05-16 12:00:00,0.091,8303088.731670937
Liquid-WC-volume,75,2023-10-01,2023-08-16 00:00:00,0.092,8263936.367235187
Liquid-WC-volume,75,2024-01-01,2023-11-16 00:00:00,0.092,8224283.406702315
Liquid-WC-volume,75,2024-04-01,2024-02-15 12:00:00,0.091,8184586.265182102
Liquid-WC-volume,75,2024-07-01,2024-05-16 12:00:00,0.091,8144872.682971614
Liquid-WC-volume,75,2024-10-01,2024-08-16 00:00:00,0.092,8104729.174088201
Liquid-WC-volume,75,2025-01-01,2024-11-16 00:00:00,0.092,8064174.657121301
Liquid-WC-volume,75,2025-04-01,2025-02-15 00:00:00,0.09,8023892.655056053
Liquid-WC-volume,75,2025-07-01,2025-05-16 12:00:00,0.091,7983684.613688143
Liquid-WC-volume,75,2025-10-01,2025-08-16 00:00:00,0.092,7942901.924893746
Liquid-WC-volume,75,2026-01-01,2025-11-16 00:00:00,0.092,7901782.28888029
Liquid-WC-volume,75,2026-04-01,2026-02-15 00:00:00,0.09,7861013.969951206
Liquid-WC-volume,75,2026-07-01,2026-05-16 12:00:00,0.091,7820390.710320119
Liquid-WC-volume,75,2026-10-01,2026-08-16 00:00:00,0.092,7779253.9515046645
Liquid-WC-volume,75,2027-01-01,2026-11-16 00:00:00,0.092,7737841.558551497
Liquid-WC-volume,75,2027-04-01,2027-02-15 00:00:00,0.09,7696842.863570485
Liquid-WC-volume,75,2027-07-01,2027-05-16 12:00:00,0.091,7656046.189060414
Liquid-WC-volume,75,2027-10-01,2027-08-16 00:00:00,0.092,7614787.5521908635
Liquid-WC-volume,75,2028-01-01,2027-11-16 00:00:00,0.092,7573303.993641682
Constant,75,2008-04-01,2008-02-15 12:00:00,0.091,7266916.382574466
Constant,75,2008-07-01,2008-05-16 12:00:00,0.091,7931987.49434641
Constant,75,2008-10-01,2008-08-16 00:00:00,0.092,7931987.494346423
Constant,75,2009-01-01,2008-11-16 00:00:00,0.092,7931987.494346241
Constant,75,2009-04-01,2009-02-15 00:00:00,0.09,7931987.49434621
Constant,75,2009-07-01,2009-05-16 12:00:00,0.091,7931987.494346328
Constant,75,2009-10-01,2009-08-16 00:00:00,0.092,7931987.494346646
Constant,75,2010-01-01,2009-11-16 00:00:00,0.092,7931987.494346727
Constant,75,2010-04-01,2010-02-15 00:00:00,0.09,7931987.494346665
Constant,75,2010-07-01,2010-05-16 12:00:00,0.091,7931987.494346696
Constant,75,2010-10-01,2010-08-16 00:00:00,0.092,7931987.494346686
Constant,75,2011-01-01,2010-11-16 00:00:00,0.092,7931987.494346281
Constant,75,2011-04-01,2011-02-15 00:00:00,0.09,7931987.494345754
Constant,75,2011-07-01,2011-05-16 12:00:00,0.091,7931987.494345754
Constant,75,2011-10-01,2011-08-16 00:00:00,0.092,7931987.494345754
Constant,75,2012-01-01,2011-11-16 00:00:00,0.092,7931987.494345754
Constant,75,2012-04-01,2012-02-15 12:00:00,0.091,7931987.494345754
Constant,75,2012-07-01,2012-05-16 12:00:00,0.091,7931987.494345754
Constant,75,2012-10-01,2012-08-16 00:00:00,0.092,7931987.494345754
Constant,75,2013-01-01,2012-11-16 00:00:00,0.092,7931987.494345754
Constant,75,2013-04-01,2013-02-15 00:00:00,0.09,7931987.494345754
Constant,75,2013-07-01,2013-05-16 12:00:00,0.091,7931987.494345754
Constant,75,2013-10-01,2013-08-16 00:00:00,0.092,7931987.494345754
Constant,75,2014-01-01,2013-11-16 00:00:00,0.092,7931987.494345754
Constant,75,2014-04-01,2014-02-15 00:00:00,0.09,7931987.494345754
Constant,75,2014-07-01,2014-05-16 12:00:00,0.091,7931987.494345795
Constant,75,2014-10-01,2014-08-16 00:00:00,0.092,7931987.494345754
Constant,75,2015-01-01,2014-11-16 00:00:00,0.092,7931987.494345754
Constant,75,2015-04-01,2015-02-15 00:00:00,0.09,7931987.494345754
Constant,75,2015-07-01,2015-05-16 12:00:00,0.091,7931987.494345713
Constant,75,2015-10-01,2015-08-16 00:00:00,0.092,7931987.494345754
Constant,75,2016-01-01,2015-11-16 00:00:00,0.092,7931987.494345754
Constant,75,2016-04-01,2016-02-15 12:00:00,0.091,7931987.494345795
Constant,75,2016-07-01,2016-05-16 12:00:00,0.091,7931987.494345713
Constant,75,2016-10-01,2016-08-16 00:00:00,0.092,7931987.494345754
Constant,75,2017-01-01,2016-11-16 00:00:00,0.092,7931987.494345754
Constant,75,2017-04-01,2017-02-15 00:00:00,0.09,7931987.494345754
Constant,75,2017-07-01,2017-05-16 12:00:00,0.091,7931987.494345795
Constant,75,2017-10-01,2017-08-16 00:00:00,0.092,7931987.494345754
Constant,75,2018-01-01,2017-11-16 00:00:00,0.092,7931987.494345754
Constant,75,2018-04-01,2018-02-15 00:00:00,0.09,7931987.494345754
Constant,75,2018-07-01,2018-05-16 12:00:00,0.091,7931987.494345713
Constant,75,2018-10-01,2018-08-16 00:00:00,0.092,7931987.494345754
Constant,75,2019-01-01,2018-11-16 00:00:00,0.092,7931987.494345754
Constant,75,2019-04-01,2019-02-15 00:00:00,0.09,7931987.494345754
Constant,75,2019-07-01,2019-05-16 12:00:00,0.091,7931987.494345795
Constant,75,2019-10-01,2019-08-16 00:00:00,0.092,7931987.494348184
Constant,75,2020-01-01,2019-11-16 00:00:00,0.092,7931987.49434948
Constant,75,2020-04-01,2020-02-15 12:00:00,0.091,7931987.49434948
Constant,75,2020-07-01,2020-05-16 12:00:00,0.091,7931987.49434948
Constant,75,2020-10-01,2020-08-16 00:00:00,0.092,7931987.49434948
Constant,75,2021-01-01,2020-11-16 00:00:00,0.092,7931987.49434948
Constant,75,2021-04-01,2021-02-15 00:00:00,0.09,7931987.49434948
Constant,75,2021-07-01,2021-05-16 12:00:00,0.091,7931987.49434948
Constant,75,2021-10-01,2021-08-16 00:00:00,0.092,7931987.49434948
Constant,75,2022-01-01,2021-11-16 00:00:00,0.092,7931987.49434948
Constant,75,2022-04-01,2022-02-15 00:00:00,0.09,7931987.49434948
Constant,75,2022-07-01,2022-05-16 12:00:00,0.091,7931987.49434948
Constant,75,2022-10-01,2022-08-16 00:00:00,0.092,7931987.49434948
Constant,75,2023-01-01,2022-11-16 00:00:00,0.092,7931987.49434948
Constant,75,2023-04-01,2023-02-15 00:00:00,0.09,7931987.49434948
Constant,75,2023-07-01,2023-05-16 12:00:00,0.091,7931987.49434948
Constant,75,2023-10-01,2023-08-16 00:00:00,0.092,7931987.49434948
Constant,75,2024-01-01,2023-11-16 00:00:00,0.092,7931987.49434948
Constant,75,2024-04-01,2024-02-15 12:00:00,0.091,7931987.49434948
Constant,75,2024-07-01,2024-05-16 12:00:00,0.091,7931987.49434948
Constant,75,2024-10-01,2024-08-16 00:00:00,0.092,7931987.49434948
Constant,75,2025-01-01,2024-11-16 00:00:00,0.092,7931987.49434948
Constant,75,2025-04-01,2025-02-15 00:00:00,0.09,7931987.49434948
Constant,75,2025-07-01,2025-05-16 12:00:00,0.091,7931987.49434948
Constant,75,2025-10-01,2025-08-16 00:00:00,0.092,7931987.49434948
Constant,75,2026-01-01,2025-11-16 00:00:00,0.092,7931987.494349561
Constant,75,2026-04-01,2026-02-15 00:00:00,0.09,7931987.49434948
Constant,75,2026-07-01,2026-05-16 12:00:00,0.091,7931987.49434948
Constant,75,2026-10-01,2026-08-16 00:00:00,0.092,7931987.49434948
Constant,75,2027-01-01,2026-11-16 00:00:00,0.092,7931987.49434948
Constant,75,2027-04-01,2027-02-15 00:00:00,0.09,7931987.49434948
Constant,75,2027-07-01,2027-05-16 12:00:00,0.091,7931987.49434948
Constant,75,2027-10-01,2027-08-16 00:00:00,0.092,7931987.49434948
Constant,75,2028-01-01,2027-11-16 00:00:00,0.092,7931987.49434948
