K Index,active_cells,PORV_total,PORO_mean,PERMX_mean,PRESSURE_mean,SWAT_mean,case_num
1,1434,90251722.752035,0.10259891143654114,19.061251126220363,4389.063258649233,0.49679218967921895,1
2,1769,124163022.157317,0.10293100339174675,20.08137797060486,4418.125935159977,0.581232334652346,1
3,1522,128730826.141672,0.10441529894875164,21.33183558672799,4412.379650550592,0.545335085413929,1
4,2090,172700174.519901,0.10597325023923446,22.91015300909091,4447.453025247369,0.6746411483253588,1
5,1775,119509333.43002,0.10522272732394367,21.389680723943663,4456.728898569578,0.7061408450704226,1
6,4,9829.388915,0.1088175,37.1098585,4652.96044925,1.0,1
7,10,627018.0423590001,0.1016279,31.6757877,4655.1468749,1.0,1
8,12,3897162.030274,0.16487041666666666,174.0617045,4660.912353583333,1.0,1
9,17,3796775.457521,0.12336476470588235,58.665409000000004,4662.392750470588,1.0,1
10,18,8022834.796876,0.15235561111111112,131.30168138888888,4669.679687555556,1.0,1
11,27,9935338.074832,0.14863351851851853,120.3630575925926,4664.632758259259,1.0,1
12,46,11920260.45964,0.15605973913043478,146.96688404347825,4647.818868804347,1.0,1
13,361,84388296.845614,0.12661663434903048,88.34847761218836,4584.346873113574,1.0,1
14,601,180259076.69914,0.1281197104825291,93.51947213643926,4566.943816798668,1.0,1
15,770,184595450.254816,0.11755736233766234,78.79299486623377,4555.890287035065,0.9905194805194806,1
16,944,203604349.148867,0.11328286970338984,76.29497817161017,4543.227673043431,0.9536016949152543,1
17,1145,190723859.959179,0.09851121048034935,50.071557408733625,4530.207878598254,0.9126550218340611,1
18,1322,201163699.438186,0.09715414826021179,48.26342719213313,4521.125942981089,0.8807261724659606,1
19,1745,221996397.111052,0.08729612148997135,30.31636960802292,4493.643951214327,0.7996160458452721,1
20,15,16033.647499,0.09960833333333333,48.181102200000005,4537.302962266666,1.0,1
21,1576,80533520.1702,0.14102408058375634,114.68328699492386,4515.687403346446,0.8506916243654823,1
22,1744,211262463.244031,0.12797031708715595,89.97035103841743,4507.374261439793,0.8286639908256881,1
23,1927,224144331.640568,0.12012857498702646,89.07490670057082,4501.523060731189,0.8126621691748832,1
24,2590,246472270.95544,0.11599477722007721,82.62021201158302,4492.81183717027,0.7658610038610039,1
25,2424,229745948.843504,0.10885572400990098,62.66115152062706,4504.45948354538,0.7916955445544555,1
26,2274,261711360.583583,0.10663749516270889,65.6875347299912,4517.8191085672825,0.8224450307827617,1
27,2870,51407727.319884,0.1356460456445993,103.86653792195122,4526.21455369094,0.8261463414634146,1
28,2870,244055107.297053,0.1288914013937282,89.39308545017421,4532.382545911846,0.8386097560975609,1
29,2870,255006111.938376,0.13784238013937283,119.63781581010454,4542.702220419512,0.857397212543554,1
30,2870,240395955.808509,0.13040370452961672,104.62945329128921,4553.074371201742,0.8755749128919861,1
31,2870,266254461.461079,0.12102378606271776,98.02925886933798,4563.499605480488,0.8970871080139372,1
1,1434,156148480.794017,0.11654196025104603,19.061251126220363,4389.063258649233,0.49679218967921895,2
2,1769,217785818.469848,0.11691917637083099,20.08137797060486,4418.125935159977,0.581232334652346,2
3,1522,230226315.171489,0.1186051879106439,21.33183558672799,4412.379650550592,0.545335085413929,2
4,2090,309036017.993026,0.12037486842105263,22.91015300909091,4447.453025247369,0.6746411483253588,2
5,1775,208269641.481553,0.11952234535211267,21.389680723943663,4456.728898569578,0.7061408450704226,2
6,4,11165.188477,0.12360550000000001,37.1098585,4652.96044925,1.0,2
7,10,1215564.971741,0.115439,31.6757877,4655.1468749,1.0,2
8,12,7640700.860354,0.187276,174.0617045,4660.912353583333,1.0,2
9,17,7436467.115723,0.14012982352941178,58.665409000000004,4662.392750470588,1.0,2
10,18,15801402.095704,0.17306044444444446,131.30168138888888,4669.679687555556,1.0,2
11,27,19564735.092041,0.16883255555555557,120.3630575925926,4664.632758259259,1.0,2
12,46,23348366.612354,0.17726799999999998,146.96688404347825,4647.818868804347,1.0,2
13,361,166486979.164427,0.14382362326869805,88.42328594459833,4584.346873113574,1.0,2
14,601,353588281.544636,0.14553097836938436,93.70519929284526,4566.943816798668,1.0,2
15,770,359665373.350298,0.13353325064935065,79.03843428701299,4555.890287035065,0.9905194805194806,2
16,944,395125691.371161,0.12867785063559323,76.622739375,4543.227673043431,0.9536016949152543,2
17,1145,368160004.212301,0.111898696069869,50.43580847598253,4530.207878598254,0.9126550218340611,2
18,1322,386721197.328241,0.11035724508320727,48.71167317624811,4521.125942981089,0.8807261724659606,2
19,1745,427238384.131161,0.0991595323782235,30.78418708366762,4493.643951214327,0.7996160458452721,2
20,15,18212.596466,0.11314513333333333,48.31428846666667,4537.302962266666,1.0,2
21,1576,148947836.824186,0.16018905583756346,114.75919695431472,4515.687403346446,0.8506916243654823,2
22,1744,393047451.961569,0.14536128153669725,90.08736645126146,4507.374261439793,0.8286639908256881,2
23,1927,418050029.017927,0.13645386455630515,89.25488359989622,4501.523060731189,0.8126621691748832,2
24,2590,453728347.65554,0.13175829343629344,83.05690171544401,4492.81183717027,0.7658610038610039,2
25,2424,423213601.980117,0.12364904744224424,63.02840804991749,4504.45948354538,0.7916955445544555,2
26,2274,490435981.436137,0.12112938302550572,66.01237185136324,4517.8191085672825,0.8224450307827617,2
27,2870,91786405.525858,0.15408016794425086,103.89935791149826,4526.21455369094,0.8261463414634146,2
28,2870,436039044.532156,0.14640755017421603,89.46401510174216,4532.382545911846,0.8386097560975609,2
29,2870,454455118.385182,0.1565749557491289,119.76701126898956,4542.702220419512,0.857397212543554,2
30,2870,427650173.212801,0.14812536550522648,104.79730355609756,4553.074371201742,0.8755749128919861,2
31,2870,483547895.874076,0.13747072961672474,98.17936236480836,4563.499605480488,0.8970871080139372,2
1,1434,171596663.134701,0.08396889748953976,19.061251126220363,4389.063258649233,0.49679218967921895,3
2,1769,241477383.048666,0.0842407026568683,20.08137797060486,4418.125935159977,0.581232334652346,3
3,1522,258430950.011051,0.08545547371879107,21.33183558672799,4412.379650550592,0.545335085413929,3
4,2090,347016923.682956,0.08673052248803828,22.91015300909091,4447.453025247369,0.6746411483253588,3
5,1775,229960282.995312,0.08611626929577465,21.389680723943663,4456.728898569578,0.7061408450704226,3
6,4,8044.558838,0.08905825,37.1098585,4652.96044925,1.0,3
7,10,1430392.1328130001,0.0831742,31.6757877,4655.1468749,1.0,3
8,12,9046233.719726,0.13493308333333334,174.0617045,4660.912353583333,1.0,3
9,17,8799695.467773,0.100964,58.665409000000004,4662.392750470588,1.0,3
10,18,18754076.344728,0.12469066666666666,131.30168138888888,4669.679687555556,1.0,3
11,27,23218442.073365,0.12164440740740741,120.3630575925926,4664.632758259259,1.0,3
12,46,27629164.289843,0.12772228260869567,146.96688404347825,4647.818868804347,1.0,3
13,361,197774730.888183,0.10362545983379502,88.31304181440443,4584.346873113574,1.0,3
14,601,418744279.427999,0.10485561730449251,93.43149541930116,4566.943816798668,1.0,3
15,770,424391459.649114,0.0962111844155844,78.67673318961039,4555.890287035065,0.9905194805194806,3
16,944,465220595.366641,0.09271286970338984,76.13972167055086,4543.227673043431,0.9536016949152543,3
17,1145,432201340.994356,0.08062343318777292,49.89901608471616,4530.207878598254,0.9126550218340611,3
18,1322,452959631.833719,0.07951280711043873,48.05109848940999,4521.125942981089,0.8807261724659606,3
19,1745,500721358.645687,0.07144478166189111,30.09477013295129,4493.643951214327,0.7996160458452721,3
20,15,13122.241989,0.0815214,48.11801346666667,4537.302962266666,1.0,3
21,1576,170637535.51363,0.1154167899746193,114.64732936230965,4515.687403346446,0.8506916243654823,3
22,1744,451849085.083685,0.10473334288990827,89.91492225114678,4507.374261439793,0.8286639908256881,3
23,1927,481289238.730868,0.09831551997924234,88.98965384172288,4501.523060731189,0.8126621691748832,3
24,2590,518361765.873799,0.09493233243243243,82.41335737992277,4492.81183717027,0.7658610038610039,3
25,2424,483688230.313319,0.08908958952145216,62.48718654744224,4504.45948354538,0.7916955445544555,3
26,2274,566181894.362265,0.08727415567282322,65.53366331530343,4517.8191085672825,0.8224450307827617,3
27,2870,102924064.461223,0.11101531951219512,103.85099149581882,4526.21455369094,0.8261463414634146,3
28,2870,489151714.568609,0.10548718013937282,89.35948693031358,4532.382545911846,0.8386097560975609,3
29,2870,509005821.750867,0.11281283832752614,119.57661748362369,4542.702220419512,0.857397212543554,3
30,2870,478444209.511117,0.10672486515679443,104.54994464494774,4553.074371201742,0.8755749128919861,3
31,2870,547943930.013551,0.09904816027874563,97.95815665226482,4563.499605480488,0.8970871080139372,3
1,1434,217187738.002773,0.1293152740585774,19.061251126220363,4389.063258649233,0.49679218967921895,4
2,1769,304514225.041641,0.12973385189372527,20.08137797060486,4418.125935159977,0.581232334652346,4
3,1522,324257649.829938,0.13160465505913274,21.33183558672799,4412.379650550592,0.545335085413929,4
4,2090,435345867.305818,0.13356829043062202,22.91015300909091,4447.453025247369,0.6746411483253588,4
5,1775,290490579.256715,0.13262231943661973,21.389680723943663,4456.728898569578,0.7061408450704226,4
6,4,12388.923829,0.137153,37.1098585,4652.96044925,1.0,4
7,10,1761032.15329,0.1280913,31.6757877,4655.1468749,1.0,4
8,12,11110379.616209,0.20780216666666665,174.0617045,4660.912353583333,1.0,4
9,17,10809882.561035,0.15548841176470587,58.665409000000004,4662.392750470588,1.0,4
10,18,23011052.214843,0.19202833333333336,131.30168138888888,4669.679687555556,1.0,4
11,27,28489840.6355,0.18733703703703702,120.3630575925926,4664.632758259259,1.0,4
12,46,33940405.0051,0.19669704347826086,146.96688404347825,4647.818868804347,1.0,4
13,361,242581530.989977,0.15958709141274238,88.47415249861496,4584.346873113574,1.0,4
14,601,514237831.909572,0.16148159068219634,93.83148609983361,4566.943816798668,1.0,4
15,770,521924003.433273,0.14816884155844157,79.20532293636363,4555.890287035065,0.9905194805194806,4
16,944,572629040.096612,0.14278128813559324,76.84560342266948,4543.227673043431,0.9536016949152543,4
17,1145,532605526.209263,0.12416311790393014,50.68348412489083,4530.207878598254,0.9126550218340611,4
18,1322,558690572.806078,0.12245270423600606,49.01646192057488,4521.125942981089,0.8807261724659606,4
19,1745,617451646.246778,0.11002770143266474,31.102283661891114,4493.643951214327,0.7996160458452721,4
20,15,20208.748016,0.1255462,48.404849666666664,4537.302962266666,1.0,4
21,1576,212341450.181804,0.17774621129441626,114.81081258883249,4515.687403346446,0.8506916243654823,4
22,1744,561496463.602693,0.16129328497706422,90.16693209862386,4507.374261439793,0.8286639908256881,4
23,1927,597732610.99877,0.1514095848469123,89.37726043798651,4501.523060731189,0.8126621691748832,4
24,2590,645770328.667571,0.1461993613899614,83.35383266138997,4492.81183717027,0.7658610038610039,4
25,2424,602479887.016253,0.13720133498349835,63.27812730528052,4504.45948354538,0.7916955445544555,4
26,2274,702388049.704752,0.1344054872471416,66.23324767810027,4517.8191085672825,0.8224450307827617,4
27,2870,129195236.08409,0.1709677693379791,103.92167414808362,4526.21455369094,0.8261463414634146,4
28,2870,613903208.631322,0.16245422055749129,89.51224433449477,4532.382545911846,0.8386097560975609,4
29,2870,639232834.922107,0.17373600627177702,119.85485883797911,4542.702220419512,0.857397212543554,4
30,2870,601128466.8776569,0.1643603282229965,104.91143479686411,4553.074371201742,0.8755749128919861,4
31,2870,684877082.653885,0.1525379135888502,98.2814265630662,4563.499605480488,0.8970871080139372,4
1,1434,133547394.783406,0.0899999490934449,19.061251126220363,4389.063258649233,0.49679218967921895,5
2,1769,186733866.520594,0.09029127303561334,20.08137797060486,4418.125935159977,0.581232334652346,5
3,1522,198093658.18805,0.09159330026281208,21.33183558672799,4412.379650550592,0.545335085413929,5
4,2090,265930537.790385,0.09295993684210527,22.91015300909091,4447.453025247369,0.6746411483253588,5
5,1775,178362685.613824,0.09230157408450705,21.389680723943663,4456.728898569578,0.7061408450704226,5
6,4,8622.357666,0.095455,37.1098585,4652.96044925,1.0,5
7,10,1060365.6351009998,0.089148,31.6757877,4655.1468749,1.0,5
8,12,6677266.164063999,0.14462466666666665,174.0617045,4660.912353583333,1.0,5
9,17,6497746.623293,0.10821576470588236,58.665409000000004,4662.392750470588,1.0,5
10,18,13819045.115234999,0.13364655555555557,131.30168138888888,4669.679687555556,1.0,5
11,27,17109770.369508,0.1303815925925926,120.3630575925926,4664.632758259259,1.0,5
12,46,20401197.561359,0.13689595652173914,146.96688404347825,4647.818868804347,1.0,5
13,361,145639421.97704,0.11106829639889197,88.4016601800554,4584.346873113574,1.0,5
14,601,309028110.446045,0.11238683860232944,93.65150884692179,4566.943816798668,1.0,5
15,770,313999424.674992,0.10312155324675323,78.96748207532467,4555.890287035065,0.9905194805194806,5
16,944,344735296.16913,0.09937193220338983,76.52798939088983,4543.227673043431,0.9536016949152543,5
17,1145,320930006.980152,0.08641417903930132,50.33050991877729,4530.207878598254,0.9126550218340611,5
18,1322,336883770.636994,0.08522380181543115,48.58209317624811,4521.125942981089,0.8807261724659606,5
19,1745,372246265.391168,0.07657629856733525,30.64894929971347,4493.643951214327,0.7996160458452721,5
20,15,14064.744676,0.08737679999999999,48.2757868,4537.302962266666,1.0,5
21,1576,128914259.243445,0.12370657931472082,114.7372527208122,4515.687403346446,0.8506916243654823,5
22,1744,340525872.77254,0.11225579644495413,90.05353935779816,4507.374261439793,0.8286639908256881,5
23,1927,362340343.3434,0.10537699429164504,89.20285545666839,4501.523060731189,0.8126621691748832,5
24,2590,392386133.291128,0.10175082393822393,82.93066242200773,4492.81183717027,0.7658610038610039,5
25,2424,366038096.402688,0.09548842491749175,62.92224066006601,4504.45948354538,0.7916955445544555,5
26,2274,425421544.901572,0.09354259234828496,65.91846716490765,4517.8191085672825,0.8224450307827617,5
27,2870,78952332.560179,0.11898896445993032,103.88987022961672,4526.21455369094,0.8261463414634146,5
28,2870,375114072.11707,0.11306377108013937,89.44351058675959,4532.382545911846,0.8386097560975609,5
29,2870,390780375.860482,0.12091558327526132,119.72966314355399,4542.702220419512,0.857397212543554,5
30,2870,367612879.016744,0.11439036480836237,104.74878099965157,4553.074371201742,0.8755749128919861,5
31,2870,417190414.342163,0.10616228013937282,98.13597008780488,4563.499605480488,0.8970871080139372,5
1,1434,172279615.313804,0.12877517085076706,19.061251126220363,4389.063258649233,0.49679218967921895,6
2,1769,240275059.183716,0.1291919926512154,20.08137797060486,4418.125935159977,0.581232334652346,6
3,1522,253986321.776757,0.1310549914586071,21.33183558672799,4412.379650550592,0.545335085413929,6
4,2090,340928876.703274,0.1330104071770335,22.91015300909091,4447.453025247369,0.6746411483253588,6
5,1775,229780450.889525,0.13206840563380282,21.389680723943663,4456.728898569578,0.7061408450704226,6
6,4,12337.180298,0.13658025000000001,37.1098585,4652.96044925,1.0,6
7,10,1340725.248962,0.1275562,31.6757877,4655.1468749,1.0,6
8,12,8427180.747072,0.20693408333333332,174.0617045,4660.912353583333,1.0,6
9,17,8201945.53418,0.154839,58.665409000000004,4662.392750470588,1.0,6
10,18,17427685.662111,0.19122633333333333,131.30168138888888,4669.679687555556,1.0,6
11,27,21578350.96875,0.18655462962962963,120.3630575925926,4664.632758259259,1.0,6
12,46,25751745.642308,0.19587554347826086,146.96688404347825,4647.818868804347,1.0,6
13,361,183621069.738546,0.1589205512465374,88.33538121052632,4584.346873113574,1.0,6
14,601,389983680.877315,0.16080711647254575,93.48695759733776,4566.943816798668,1.0,6
15,770,396693099.276891,0.1475499974025974,78.75002672207792,4555.890287035065,0.9905194805194806,6
16,944,435808525.766733,0.1421849438559322,76.23759826694915,4543.227673043431,0.9536016949152543,6
17,1145,406071977.999597,0.12364451965065504,50.00778936331878,4530.207878598254,0.9126550218340611,6
18,1322,426549074.534504,0.12194128063540091,48.18495447428139,4521.125942981089,0.8807261724659606,6
19,1745,471237733.737938,0.10956814097421204,30.234470589111748,4493.643951214327,0.7996160458452721,6
20,15,20124.343428,0.12502166666666667,48.157785733333334,4537.302962266666,1.0,6
21,1576,164304556.004836,0.1770038407360406,114.66999772779187,4515.687403346446,0.8506916243654823,6
22,1744,433564285.0054,0.16061963646788993,89.94986559690368,4507.374261439793,0.8286639908256881,6
23,1927,461141165.127299,0.15077720550077842,89.04339884276077,4501.523060731189,0.8126621691748832,6
24,2590,500514660.9337,0.14558873745173745,82.5437623953668,4492.81183717027,0.7658610038610039,6
25,2424,466852550.753292,0.13662828919141914,62.59685730816832,4504.45948354538,0.7916955445544555,6
26,2274,540981571.082889,0.13384411785400174,65.63066673043096,4517.8191085672825,0.8224450307827617,6
27,2870,101259491.395232,0.17025370487804878,103.86079225470382,4526.21455369094,0.8261463414634146,6
28,2870,481040848.340277,0.16177572125435538,89.3806680620209,4532.382545911846,0.8386097560975609,6
29,2870,501361109.798306,0.17301038954703835,119.6151980466899,4542.702220419512,0.857397212543554,6
30,2870,471791889.82885003,0.1636738550522648,104.60006837735192,4553.074371201742,0.8755749128919861,6
31,2870,533428754.374214,0.15190081533101044,98.00298082090593,4563.499605480488,0.8970871080139372,6
1,1434,150992804.870935,0.11546397629009764,19.061251126220363,4389.063258649233,0.49679218967921895,7
2,1769,210460266.095328,0.11583771283210853,20.08137797060486,4418.125935159977,0.581232334652346,7
3,1522,222283852.303558,0.11750814126149801,21.33183558672799,4412.379650550592,0.545335085413929,7
4,2090,298367113.429829,0.11926143636363637,22.91015300909091,4447.453025247369,0.6746411483253588,7
5,1775,201324832.368251,0.1184167785915493,21.389680723943663,4456.728898569578,0.7061408450704226,7
6,4,11061.91394,0.1224625,37.1098585,4652.96044925,1.0,7
7,10,1169490.140015,0.11437109999999999,31.6757877,4655.1468749,1.0,7
8,12,7347620.96875,0.18554391666666667,174.0617045,4660.912353583333,1.0,7
9,17,7151518.718262,0.1388335882352941,58.665409000000004,4662.392750470588,1.0,7
10,18,15192411.082032,0.17145972222222222,131.30168138888888,4669.679687555556,1.0,7
11,27,18810840.761233,0.167271,120.3630575925926,4664.632758259259,1.0,7
12,46,22453670.016024,0.17562834782608694,146.96688404347825,4647.818868804347,1.0,7
13,361,160059348.739734,0.14249327700831024,88.39722627146814,4584.346873113574,1.0,7
14,601,340018402.715431,0.14418488186356074,93.6405007670549,4566.943816798668,1.0,7
15,770,345959601.307784,0.13229807272727273,78.95293484805194,4555.890287035065,0.9905194805194806,7
16,944,380132240.148427,0.12748763029661017,76.50856293644068,4543.227673043431,0.9536016949152543,7
17,1145,354269551.266607,0.11086367772925765,50.30892070131004,4530.207878598254,0.9126550218340611,7
18,1322,372195231.160933,0.10933648335854766,48.55552555748865,4521.125942981089,0.8807261724659606,7
19,1745,411171387.314807,0.09824232951289398,30.62122170601719,4493.643951214327,0.7996160458452721,7
20,15,18044.134362,0.11209859999999999,48.26789266666666,4537.302962266666,1.0,7
21,1576,143593155.163157,0.1587073540609137,114.73275352918782,4515.687403346446,0.8506916243654823,7
22,1744,378819002.538477,0.14401674541284404,90.04660383830274,4507.374261439793,0.8286639908256881,7
23,1927,402872700.475593,0.13519170731707317,89.19218819356513,4501.523060731189,0.8126621691748832,7
24,2590,437507127.229618,0.13053955444015444,82.90477975212355,4492.81183717027,0.7658610038610039,7
25,2424,408071503.649291,0.12250532508250825,62.90047330940594,4504.45948354538,0.7916955445544555,7
26,2274,472532900.538427,0.12000896701846966,65.89921403078276,4517.8191085672825,0.8224450307827617,7
27,2870,88626628.525909,0.15265496027874564,103.88792498641115,4526.21455369094,0.8261463414634146,7
28,2870,421015552.531698,0.14505332404181184,89.43930657560976,4532.382545911846,0.8386097560975609,7
29,2870,438847685.481405,0.15512668606271776,119.72200570243903,4542.702220419512,0.857397212543554,7
30,2870,412997164.590545,0.1467552581881533,104.73883249407666,4553.074371201742,0.8755749128919861,7
31,2870,466542298.767144,0.13619917909407664,98.12707343902439,4563.499605480488,0.8970871080139372,7
1,1434,172779111.377295,0.09735828451882846,19.061251126220363,4389.063258649233,0.49679218967921895,8
2,1769,242518170.840898,0.09767340418315433,20.08137797060486,4418.125935159977,0.581232334652346,8
3,1522,258635137.589675,0.09908189618922471,21.33183558672799,4412.379650550592,0.545335085413929,8
4,2090,347256576.2235,0.10056026124401914,22.91015300909091,4447.453025247369,0.6746411483253588,8
5,1775,231229453.352512,0.09984806535211267,21.389680723943663,4456.728898569578,0.7061408450704226,8
6,4,9327.314454,0.10325925,37.1098585,4652.96044925,1.0,8
7,10,1412779.181642,0.0964368,31.6757877,4655.1468749,1.0,8
8,12,8919872.133788,0.15644899999999998,174.0617045,4660.912353583333,1.0,8
9,17,8678054.531495,0.11706329411764706,58.665409000000004,4662.392750470588,1.0,8
10,18,18479722.430664,0.14457338888888888,131.30168138888888,4669.679687555556,1.0,8
11,27,22879368.495239,0.14104144444444444,120.3630575925926,4664.632758259259,1.0,8
12,46,27247061.17667,0.1480883913043478,146.96688404347825,4647.818868804347,1.0,8
13,361,194833677.283429,0.12014919390581719,88.4660599833795,4584.346873113574,1.0,8
14,601,412864836.992875,0.12157551414309485,93.81139470549086,4566.943816798668,1.0,8
15,770,418850449.290191,0.11155267142857142,79.17877206623376,4555.890287035065,0.9905194805194806,8
16,944,459420466.94015497,0.10749646822033898,76.8101472351695,4543.227673043431,0.9536016949152543,8
17,1145,427157162.089898,0.0934793519650655,50.64408061746725,4530.207878598254,0.9126550218340611,8
18,1322,447953694.751522,0.09219161951588502,48.967972088502265,4521.125942981089,0.8807261724659606,8
19,1745,495104545.303732,0.08283713868194842,31.051676624641836,4493.643951214327,0.7996160458452721,8
20,15,15214.66613,0.09452053333333334,48.390442,4537.302962266666,1.0,8
21,1576,169793442.752406,0.13382073032994923,114.80260088832487,4515.687403346446,0.8506916243654823,8
22,1744,449177494.191705,0.12143373681192661,90.1542737413991,4507.374261439793,0.8286639908256881,8
23,1927,478250025.121486,0.11399252983912818,89.35779110949663,4501.523060731189,0.8126621691748832,8
24,2590,516198334.098936,0.11006988069498069,83.30659295212355,4492.81183717027,0.7658610038610039,8
25,2424,481616977.295255,0.10329548226072607,63.238398656765675,4504.45948354538,0.7916955445544555,8
26,2274,562174966.550032,0.10119057255936675,66.19810781530343,4517.8191085672825,0.8224450307827617,8
27,2870,103035795.268068,0.1287174111498258,103.91812378153311,4526.21455369094,0.8261463414634146,8
28,2870,489625137.412745,0.12230778466898955,89.50457138571429,4532.382545911846,0.8386097560975609,8
29,2870,509727569.116594,0.13080154529616725,119.8408828825784,4542.702220419512,0.857397212543554,8
30,2870,479276278.116585,0.12374282648083623,104.89327728466898,4553.074371201742,0.8755749128919861,8
31,2870,546910236.157136,0.11484201184668989,98.26518883135888,4563.499605480488,0.8970871080139372,8
1,1434,104697131.274711,0.0830395620641562,19.061251126220363,4389.063258649233,0.49679218967921895,9
2,1769,145786507.281067,0.08330835556811758,20.08137797060486,4418.125935159977,0.581232334652346,9
3,1522,153763258.845519,0.08450969579500658,21.33183558672799,4412.379650550592,0.545335085413929,9
4,2090,206385098.054285,0.08577062631578947,22.91015300909091,4447.453025247369,0.6746411483253588,9
5,1775,139523608.01386,0.08516317633802817,21.389680723943663,4456.728898569578,0.7061408450704226,9
6,4,7955.525025,0.0880725,37.1098585,4652.96044925,1.0,9
7,10,804529.346008,0.08225360000000001,31.6757877,4655.1468749,1.0,9
8,12,5050915.927735,0.13343966666666665,174.0617045,4660.912353583333,1.0,9
9,17,4916432.473143,0.09984652941176471,58.665409000000004,4662.392750470588,1.0,9
10,18,10440476.483398,0.12331066666666667,131.30168138888888,4669.679687555556,1.0,9
11,27,12927270.06653,0.12029825925925926,120.3630575925926,4664.632758259259,1.0,9
12,46,15436110.24953,0.12630871739130436,146.96688404347825,4647.818868804347,1.0,9
13,361,109983368.44214,0.1024785484764543,88.46042250138504,4584.346873113574,1.0,9
14,601,233728490.572247,0.1036951081530782,93.79739849584026,4566.943816798668,1.0,9
15,770,237917690.495622,0.09514634415584416,79.16027598441559,4555.890287035065,0.9905194805194806,9
16,944,261487078.530032,0.0916867563559322,76.78544748516948,4543.227673043431,0.9536016949152543,9
17,1145,243782713.255679,0.07973110567685589,50.61663099388646,4530.207878598254,0.9126550218340611,9
18,1322,256187871.620042,0.07863278517397881,48.93419269440242,4521.125942981089,0.8807261724659606,9
19,1745,282995106.868569,0.07065410257879656,31.016422356446995,4493.643951214327,0.7996160458452721,9
20,15,12977.010248,0.08061926666666668,48.380405333333336,4537.302962266666,1.0,9
21,1576,99096749.452499,0.11413940101522842,114.79688038451778,4515.687403346446,0.8506916243654823,9
22,1744,261325131.312773,0.1035741880733945,90.14545556708715,4507.374261439793,0.8286639908256881,9
23,1927,277871151.307361,0.09722738505448884,89.34422822470161,4501.523060731189,0.8126621691748832,9
24,2590,302030561.013324,0.09388165019305018,83.27368443436293,4492.81183717027,0.7658610038610039,9
25,2424,281697113.05222,0.08810357962046204,63.21072255033003,4504.45948354538,0.7916955445544555,9
26,2274,325812023.831869,0.08630823922603342,66.17362838654354,4517.8191085672825,0.8224450307827617,9
27,2870,61314065.241006,0.1097866449477352,103.91565049721254,4526.21455369094,0.8261463414634146,9
28,2870,291255160.56166,0.1043196850174216,89.49922619477353,4532.382545911846,0.8386097560975609,9
29,2870,303645731.29995,0.11156426515679442,119.83114683972126,4542.702220419512,0.857397212543554,9
30,2870,285795794.682027,0.1055436850174216,104.88062824494774,4553.074371201742,0.8755749128919861,9
31,2870,322378523.01635,0.09795195087108013,98.25387716933798,4563.499605480488,0.8970871080139372,9
1,1434,174650665.66098,0.11880747140864714,19.061251126220363,4389.063258649233,0.49679218967921895,10
2,1769,244153024.082642,0.1191920339174675,20.08137797060486,4418.125935159977,0.581232334652346,10
3,1522,258926727.089221,0.12091082260183969,21.33183558672799,4412.379650550592,0.545335085413929,10
4,2090,347592769.089215,0.12271488229665073,22.91015300909091,4447.453025247369,0.6746411483253588,10
5,1775,233231956.096551,0.12184579098591548,21.389680723943663,4456.728898569578,0.7061408450704226,10
6,4,11382.234252,0.1260085,37.1098585,4652.96044925,1.0,10
7,10,1384351.0564569999,0.1176831,31.6757877,4655.1468749,1.0,10
8,12,8716088.10254,0.19091675,174.0617045,4660.912353583333,1.0,10
9,17,8481870.687013,0.14285382352941176,58.665409000000004,4662.392750470588,1.0,10
10,18,18037392.450197,0.17642466666666667,131.30168138888888,4669.679687555556,1.0,10
11,27,22332685.127687,0.1721145925925926,120.3630575925926,4664.632758259259,1.0,10
12,46,26630802.862523,0.180714,146.96688404347825,4647.818868804347,1.0,10
13,361,190092374.519952,0.14661947645429363,88.31962970360111,4584.346873113574,1.0,10
14,601,403383305.44347,0.14836002163061562,93.44785121630616,4566.943816798668,1.0,10
15,770,409910580.982996,0.13612905194805194,78.69834745064935,4555.890287035065,0.9905194805194806,10
16,944,450059637.002085,0.13117927966101695,76.16858547139832,4543.227673043431,0.9536016949152543,10
17,1145,419012548.719326,0.11407395283842794,49.931093323144104,4530.207878598254,0.9126550218340611,10
18,1322,439867512.485217,0.1125025332829047,48.09057261724659,4521.125942981089,0.8807261724659606,10
19,1745,486032638.611453,0.10108711575931233,30.135967790830946,4493.643951214327,0.7996160458452721,10
20,15,18566.639785,0.1153444,48.12974233333333,4537.302962266666,1.0,10
21,1576,168416947.383759,0.16330304124365483,114.6540142639594,4515.687403346446,0.8506916243654823,10
22,1744,444833015.465353,0.14818702350917431,89.92522704243119,4507.374261439793,0.8286639908256881,10
23,1927,473312238.085998,0.13910645666839647,89.0055032371562,4501.523060731189,0.8126621691748832,10
24,2590,512659152.339239,0.1343195972972973,82.45181381235521,4492.81183717027,0.7658610038610039,10
25,2424,478230324.23231,0.12605271287128714,62.519528458333326,4504.45948354538,0.7916955445544555,10
26,2274,555674387.438354,0.12348405189094107,65.56226961741424,4517.8191085672825,0.8224450307827617,10
27,2870,103200667.601244,0.15707540522648084,103.85388174041812,4526.21455369094,0.8261463414634146,10
28,2870,490316403.861276,0.1492536337979094,89.36573324703832,4532.382545911846,0.8386097560975609,10
29,2870,510814130.002158,0.15961868292682926,119.5879948881533,4542.702220419512,0.857397212543554,10
30,2870,480543871.947941,0.15100486062717772,104.56472613101045,4553.074371201742,0.8755749128919861,10
31,2870,545177735.279236,0.14014308919860627,97.97137529059233,4563.499605480488,0.8970871080139372,10
1,1434,249821370.921478,0.1283338828451883,19.061251126220363,4389.063258649233,0.49679218967921895,11
2,1769,351262089.225691,0.1287492922555116,20.08137797060486,4418.125935159977,0.581232334652346,11
3,1522,375491186.823603,0.13060590013140605,21.33183558672799,4412.379650550592,0.545335085413929,11
4,2090,504187120.290162,0.13255463301435405,22.91015300909091,4447.453025247369,0.6746411483253588,11
5,1775,334640975.98205,0.13161584281690142,21.389680723943663,4456.728898569578,0.7061408450704226,11
6,4,12294.904052999998,0.13611225,37.1098585,4652.96044925,1.0,11
7,10,2069405.001039,0.1271193,31.6757877,4655.1468749,1.0,11
8,12,13080430.935546,0.20622516666666668,174.0617045,4660.912353583333,1.0,11
9,17,12724554.9021,0.1543084117647059,58.665409000000004,4662.392750470588,1.0,11
10,18,27111630.349609,0.19057111111111114,131.30168138888888,4669.679687555556,1.0,11
11,27,33565773.432374,0.18591544444444444,120.3630575925926,4664.632758259259,1.0,11
12,46,39952300.268009,0.19520434782608695,146.96688404347825,4647.818868804347,1.0,11
13,361,285888217.309815,0.15837598337950137,88.44553941551246,4584.346873113574,1.0,11
14,601,605470258.978053,0.16025609650582362,93.76044814309483,4566.943816798668,1.0,11
15,770,613834094.17467,0.147044387012987,79.11144591428571,4555.890287035065,0.9905194805194806,11
16,944,673018968.055081,0.14169772033898306,76.72023952224576,4543.227673043431,0.9536016949152543,11
17,1145,625414704.721253,0.1232208401746725,50.54416338951965,4530.207878598254,0.9126550218340611,11
18,1322,655586155.050988,0.1215234084720121,48.8450143366112,4521.125942981089,0.8807261724659606,11
19,1745,724674117.446088,0.1091926636103152,30.92335022750716,4493.643951214327,0.7996160458452721,11
20,15,20055.382432,0.12459326666666666,48.3539078,4537.302962266666,1.0,11
21,1576,247465308.404,0.17639728236040608,114.78177812373097,4515.687403346446,0.8506916243654823,11
22,1744,655082069.88936,0.1600692264908257,90.12217539334863,4507.374261439793,0.8286639908256881,11
23,1927,697671870.870166,0.1502605386611313,89.30842188271924,4501.523060731189,0.8126621691748832,11
24,2590,751939151.427906,0.14508984555984555,83.18680516911196,4492.81183717027,0.7658610038610039,11
25,2424,701616521.403228,0.13616009653465347,63.13765699752475,4504.45948354538,0.7916955445544555,11
26,2274,820526308.898073,0.13338547581354443,66.10900217194371,4517.8191085672825,0.8224450307827617,11
27,2870,149559535.81757,0.16967029268292683,103.90912097526133,4526.21455369094,0.8261463414634146,11
28,2870,710761745.677931,0.16122135644599303,89.48511476202091,4532.382545911846,0.8386097560975609,11
29,2870,739719601.090051,0.17241751881533102,119.80544344808362,4542.702220419512,0.857397212543554,11
30,2870,695378527.015112,0.16311297735191638,104.8472344944251,4553.074371201742,0.8755749128919861,11
31,2870,795446658.12286,0.1513802867595819,98.22401412508711,4563.499605480488,0.8970871080139372,11
1,1434,183361096.366058,0.14162848047419804,19.061251126220363,4389.063258649233,0.49679218967921895,12
2,1769,255507869.897568,0.14208691520633127,20.08137797060486,4418.125935159977,0.581232334652346,12
3,1522,269760948.651986,0.1441358600525624,21.33183558672799,4412.379650550592,0.545335085413929,12
4,2090,362090763.367343,0.14628646746411483,22.91015300909091,4447.453025247369,0.6746411483253588,12
5,1775,244448007.296788,0.145250421971831,21.389680723943663,4456.728898569578,0.7061408450704226,12
6,4,13568.579834,0.15021275,37.1098585,4652.96044925,1.0,12
7,10,1417164.7458499998,0.140288,31.6757877,4655.1468749,1.0,12
8,12,8901922.736328,0.22758875,174.0617045,4660.912353583333,1.0,12
9,17,8664489.690676,0.17029364705882352,58.665409000000004,4662.392750470588,1.0,12
10,18,18404703.85547,0.210313,131.30168138888888,4669.679687555556,1.0,12
11,27,22788288.475343,0.20517507407407407,120.3630575925926,4664.632758259259,1.0,12
12,46,27203933.997195,0.21542634782608694,146.96688404347825,4647.818868804347,1.0,12
13,361,193896679.338235,0.17478272576177287,88.29169743490304,4584.346873113574,1.0,12
14,601,411941629.169769,0.17685762229617305,93.3785035673877,4566.943816798668,1.0,12
15,770,419189466.482353,0.16227726623376623,78.60670416883117,4555.890287035065,0.9905194805194806,12
16,944,460628094.565251,0.15637672881355932,76.04620451165253,4543.227673043431,0.9536016949152543,12
17,1145,429329663.948337,0.13598576593886463,49.7950876139738,4530.207878598254,0.9126550218340611,12
18,1322,451086511.873899,0.13411247579425115,47.92320450832073,4521.125942981089,0.8807261724659606,12
19,1745,498314332.336918,0.12050436504297994,29.96129195931232,4493.643951214327,0.7996160458452721,12
20,15,22132.995286999998,0.1375005333333333,48.08001266666667,4537.302962266666,1.0,12
21,1576,174152464.578542,0.19467094416243655,114.62567065926396,4515.687403346446,0.8506916243654823,12
22,1744,459388455.310015,0.17665140538990828,89.88153529701835,4507.374261439793,0.8286639908256881,12
23,1927,488535632.880925,0.16582659574468084,88.93830265386612,4501.523060731189,0.8126621691748832,12
24,2590,530663032.712749,0.16012026447876448,82.28876062818533,4492.81183717027,0.7658610038610039,12
25,2424,494953807.539478,0.1502654397689769,62.382400543729375,4504.45948354538,0.7916955445544555,12
26,2274,572957673.432513,0.14720338478452066,65.44098046525946,4517.8191085672825,0.8224450307827617,12
27,2870,107559615.938756,0.1872470756097561,103.84162726167247,4526.21455369094,0.8261463414634146,12
28,2870,510949101.433828,0.17792288362369338,89.33924920940767,4532.382545911846,0.8386097560975609,12
29,2870,532616193.940196,0.19027890731707317,119.53975530801394,4542.702220419512,0.857397212543554,12
30,2870,501259494.412601,0.1800104766550523,104.50205343310104,4553.074371201742,0.8755749128919861,12
31,2870,566024554.892788,0.16706236027874566,97.91532895644599,4563.499605480488,0.8970871080139372,12
1,1434,73377694.252286,0.09118849581589959,19.061251126220363,4389.063258649233,0.49679218967921895,13
2,1769,100570639.687358,0.0914836574335783,20.08137797060486,4418.125935159977,0.581232334652346,13
3,1522,103705987.07894,0.09280288633377136,21.33183558672799,4412.379650550592,0.545335085413929,13
4,2090,139105722.324075,0.09418756794258373,22.91015300909091,4447.453025247369,0.6746411483253588,13
5,1775,96973739.128244,0.09352050197183098,21.389680723943663,4456.728898569578,0.7061408450704226,13
6,4,8736.22583,0.09671575,37.1098585,4652.96044925,1.0,13
7,10,493121.339417,0.0903255,31.6757877,4655.1468749,1.0,13
8,12,3054043.754883,0.14653458333333333,174.0617045,4660.912353583333,1.0,13
9,17,2976320.3598639998,0.109645,58.665409000000004,4662.392750470588,1.0,13
10,18,6277985.126953,0.13541155555555556,131.30168138888888,4669.679687555556,1.0,13
11,27,7774985.883791,0.13210337037037037,120.3630575925926,4664.632758259259,1.0,13
12,46,9344250.660327,0.13870382608695653,146.96688404347825,4647.818868804347,1.0,13
13,361,65999414.048885,0.11253510526315788,88.33695997506925,4584.346873113574,1.0,13
14,601,141239122.392896,0.1138710465890183,93.49087718302829,4566.943816798668,1.0,13
15,770,144946454.421722,0.10448337922077922,78.75520649350649,4555.890287035065,0.9905194805194806,13
16,944,160073435.126237,0.10068425105932204,76.24451535487289,4543.227673043431,0.9536016949152543,13
17,1145,150197830.4794,0.0875553982532751,50.01547653187773,4530.207878598254,0.9126550218340611,13
18,1322,158622190.174851,0.08634925945537066,48.194414269288956,4521.125942981089,0.8807261724659606,13
19,1745,174989593.721228,0.07758756389684814,30.24434340802292,4493.643951214327,0.7996160458452721,13
20,15,14250.485115000001,0.08853073333333333,48.1605966,4537.302962266666,1.0,13
21,1576,64251000.780468,0.1253402557106599,114.67159973350253,4515.687403346446,0.8506916243654823,13
22,1744,168253691.088552,0.1137382385321101,89.95233509174311,4507.374261439793,0.8286639908256881,13
23,1927,178380973.556113,0.10676862117280747,89.04719708458744,4501.523060731189,0.8126621691748832,13
24,2590,196910681.253833,0.10309455444015445,82.55297830926641,4492.81183717027,0.7658610038610039,13
25,2424,183512495.817501,0.09674944925742575,62.60460790181518,4504.45948354538,0.7916955445544555,13
26,2274,207982233.241808,0.09477792480211082,65.63752210510114,4517.8191085672825,0.8224450307827617,13
27,2870,41433718.104105,0.12056035052264807,103.86148488919861,4526.21455369094,0.8261463414634146,13
28,2870,196667308.066796,0.11455689965156794,89.38216496480837,4532.382545911846,0.8386097560975609,13
29,2870,205638503.217186,0.12251240975609756,119.61792459059232,4542.702220419512,0.857397212543554,13
30,2870,193954645.26966,0.11590100975609756,104.60361069512196,4553.074371201742,0.8755749128919861,13
31,2870,213555995.123689,0.10756426202090592,98.00614859965157,4563.499605480488,0.8970871080139372,13
1,1434,121200299.399729,0.1055795,19.061251126220363,4389.063258649233,0.49679218967921895,14
2,1769,168306759.359464,0.10592125268513285,20.08137797060486,4418.125935159977,0.581232334652346,14
3,1522,176837522.123387,0.10744866162943496,21.33183558672799,4412.379650550592,0.545335085413929,14
4,2090,237329858.436642,0.10905187655502392,22.91015300909091,4447.453025247369,0.6746411483253588,14
5,1775,161283682.097745,0.10827953746478873,21.389680723943663,4456.728898569578,0.7061408450704226,14
6,4,10114.941285,0.111979,37.1098585,4652.96044925,1.0,14
7,10,911080.9006960001,0.1045803,31.6757877,4655.1468749,1.0,14
8,12,5707876.541993,0.16966016666666664,174.0617045,4660.912353583333,1.0,14
9,17,5556929.999755,0.1269485294117647,58.665409000000004,4662.392750470588,1.0,14
10,18,11788456.50293,0.1567816111111111,131.30168138888888,4669.679687555556,1.0,14
11,27,14596798.79187,0.15295144444444445,120.3630575925926,4664.632758259259,1.0,14
12,46,17446937.991135,0.16059354347826088,146.96688404347825,4647.818868804347,1.0,14
13,361,124144778.0599,0.13029492243767313,88.48187642382271,4584.346873113574,1.0,14
14,601,264104600.642775,0.1318416955074875,93.85066228618967,4566.943816798668,1.0,14
15,770,269175090.481955,0.1209724896103896,79.23066439090908,4555.890287035065,0.9905194805194806,14
16,944,296060961.079677,0.11657384110169491,76.87944455190679,4543.227673043431,0.9536016949152543,14
17,1145,276291422.005703,0.10137303755458515,50.721092809606986,4530.207878598254,0.9126550218340611,14
18,1322,290574663.184224,0.09997657110438729,49.06274302798789,4521.125942981089,0.8807261724659606,14
19,1745,320914019.229106,0.08983213123209169,31.15058550773639,4493.643951214327,0.7996160458452721,14
20,15,16499.439142,0.1025022,48.41860106666666,4537.302962266666,1.0,14
21,1576,113227022.922542,0.14512094987309646,114.81865024111676,4515.687403346446,0.8506916243654823,14
22,1744,298249412.137658,0.13168796903669724,90.17901385435779,4507.374261439793,0.8286639908256881,14
23,1927,316982683.954827,0.1236184203425013,89.39584293720809,4501.523060731189,0.8126621691748832,14
24,2590,345407904.306098,0.11936451737451738,83.39892059150579,4492.81183717027,0.7658610038610039,14
25,2424,322113599.421736,0.1120180754950495,63.31604629207921,4504.45948354538,0.7916955445544555,14
26,2274,371334929.731553,0.10973542260334213,66.26678688918206,4517.8191085672825,0.8224450307827617,14
27,2870,70538077.412432,0.13958668675958188,103.92506278606271,4526.21455369094,0.8261463414634146,14
28,2870,335027719.373457,0.13263580278745646,89.51956777142857,4532.382545911846,0.8386097560975609,14
29,2870,349453653.406886,0.14184682508710802,119.86819818292682,4542.702220419512,0.857397212543554,14
30,2870,329026811.410311,0.1341920512195122,104.9287652229965,4553.074371201742,0.8755749128919861,14
31,2870,369646302.093781,0.1245396362369338,98.29692464843205,4563.499605480488,0.8970871080139372,14
1,1434,145980687.928753,0.08315236610878661,19.061251126220363,4389.063258649233,0.49679218967921895,15
2,1769,204859551.010556,0.08342151667608819,20.08137797060486,4418.125935159977,0.581232334652346,15
3,1522,218410160.686838,0.08462447897503286,21.33183558672799,4412.379650550592,0.545335085413929,15
4,2090,293246065.205411,0.08588713444976076,22.91015300909091,4447.453025247369,0.6746411483253588,15
5,1775,195343227.75398,0.08527885464788733,21.389680723943663,4456.728898569578,0.7061408450704226,15
6,4,7966.3319089999995,0.08819225,37.1098585,4652.96044925,1.0,15
7,10,1191735.809907,0.0823652,31.6757877,4655.1468749,1.0,15
8,12,7523203.771484001,0.13362108333333333,174.0617045,4660.912353583333,1.0,15
9,17,7319340.608887,0.09998223529411765,58.665409000000004,4662.392750470588,1.0,15
10,18,15585294.365234,0.12347822222222223,131.30168138888888,4669.679687555556,1.0,15
11,27,19295877.295044,0.12046159259259259,120.3630575925926,4664.632758259259,1.0,15
12,46,22981004.385438,0.12648036956521738,146.96688404347825,4647.818868804347,1.0,15
13,361,164314000.126252,0.10261775623268697,88.41139312465374,4584.346873113574,1.0,15
14,601,348216527.675811,0.10383595840266223,93.6756728985025,4566.943816798668,1.0,15
15,770,353294673.306527,0.09527558831168831,78.99941498181818,4555.890287035065,0.9905194805194806,15
16,944,387534451.613243,0.09181129872881356,76.57063278495764,4543.227673043431,0.9536016949152543,15
17,1145,360343936.496441,0.07983942532751091,50.3779008209607,4530.207878598254,0.9126550218340611,15
18,1322,377907563.364031,0.07873959682299546,48.64041224432678,4521.125942981089,0.8807261724659606,15
19,1745,417679571.420807,0.07075003266475645,30.709814707736392,4493.643951214327,0.7996160458452721,15
20,15,12994.637948,0.08072866666666667,48.29311493333333,4537.302962266666,1.0,15
21,1576,143317052.660445,0.11429444416243655,114.74712899048222,4515.687403346446,0.8506916243654823,15
22,1744,379105091.384144,0.10371489736238532,90.06876365137614,4507.374261439793,0.8286639908256881,15
23,1927,403628568.986295,0.09735945511157239,89.22627134976648,4501.523060731189,0.8126621691748832,15
24,2590,435734327.261632,0.09400919266409266,82.98747795559845,4492.81183717027,0.7658610038610039,15
25,2424,406539737.969825,0.0882232599009901,62.97002258828383,4504.45948354538,0.7916955445544555,15
26,2274,474428140.797698,0.08642548197009674,65.96073011741426,4517.8191085672825,0.8224450307827617,15
27,2870,87012992.347564,0.10993576759581881,103.89414027665505,4526.21455369094,0.8261463414634146,15
28,2870,413480886.308732,0.10446139337979093,89.45273889512195,4532.382545911846,0.8386097560975609,15
29,2870,430473173.249167,0.11171580696864111,119.74647212264809,4542.702220419512,0.857397212543554,15
30,2870,404767352.925408,0.10568705888501742,104.77061916550522,4553.074371201742,0.8755749128919861,15
31,2870,461747401.315181,0.09808499477351917,98.15549930975611,4563.499605480488,0.8970871080139372,15
1,1434,217648235.080394,0.1117893661087866,19.061251126220363,4389.063258649233,0.49679218967921895,16
2,1769,306025785.365348,0.11215120124364047,20.08137797060486,4418.125935159977,0.581232334652346,16
3,1522,327135819.371666,0.11376847568988173,21.33183558672799,4412.379650550592,0.545335085413929,16
4,2090,439258473.774313,0.11546597942583732,22.91015300909091,4447.453025247369,0.6746411483253588,16
5,1775,291544802.422478,0.11464821183098592,21.389680723943663,4456.728898569578,0.7061408450704226,16
6,4,10709.871948,0.11856525,37.1098585,4652.96044925,1.0,16
7,10,1802934.101166,0.1107313,31.6757877,4655.1468749,1.0,16
8,12,11396124.826172,0.17963891666666668,174.0617045,4660.912353583333,1.0,16
9,17,11086071.78418,0.13441529411764708,58.665409000000004,4662.392750470588,1.0,16
10,18,23620609.84668,0.1660031111111111,131.30168138888888,4669.679687555556,1.0,16
11,27,29243685.63428,0.1619475925925926,120.3630575925926,4664.632758259259,1.0,16
12,46,34807824.538969,0.17003908695652176,146.96688404347825,4647.818868804347,1.0,16
13,361,249075971.925896,0.13795850415512464,88.30206989196677,4584.346873113574,1.0,16
14,601,527506733.992407,0.13959621630615643,93.40425531946755,4566.943816798668,1.0,16
15,770,534793037.930496,0.12808774415584415,78.64073523506494,4555.890287035065,0.9905194805194806,16
16,944,586356536.433903,0.12343034957627118,76.09164978601694,4543.227673043431,0.9536016949152543,16
17,1145,544881649.728379,0.10733548558951965,49.845592336244536,4530.207878598254,0.9126550218340611,16
18,1322,571167624.236352,0.1058568819969743,47.98535543948563,4521.125942981089,0.8807261724659606,16
19,1745,631359377.307045,0.09511577020057307,30.026156575931232,4493.643951214327,0.7996160458452721,16
20,15,17469.886567,0.10853106666666666,48.098479399999995,4537.302962266666,1.0,16
21,1576,215598291.887178,0.15365652220812182,114.6361958502538,4515.687403346446,0.8506916243654823,16
22,1744,570725329.83251,0.1394334598623853,89.89775990825689,4507.374261439793,0.8286639908256881,16
23,1927,607830988.680439,0.1308892688116243,88.96325710223145,4501.523060731189,0.8126621691748832,16
24,2590,655108646.413667,0.12638517181467182,82.34930924555985,4492.81183717027,0.7658610038610039,16
25,2424,611266354.954248,0.11860663036303631,62.43332199381189,4504.45948354538,0.7916955445544555,16
26,2274,714865738.314072,0.11618970756376429,65.48602031002639,4517.8191085672825,0.8224450307827617,16
27,2870,130299372.74107601,0.14779676411149825,103.8461778749129,4526.21455369094,0.8261463414634146,16
28,2870,619230467.520185,0.14043705470383275,89.34908386236934,4532.382545911846,0.8386097560975609,16
29,2870,644458850.170837,0.1501898282229965,119.55766872369338,4542.702220419512,0.857397212543554,16
30,2870,605827797.663035,0.14208481602787457,104.52532649163763,4553.074371201742,0.8755749128919861,16
31,2870,693011825.279719,0.13186466271777003,97.9361413662021,4563.499605480488,0.8970871080139372,16
1,1434,105235532.72153,0.13773475313807532,19.061251126220363,4389.063258649233,0.49679218967921895,17
2,1769,143896269.287235,0.13818059581684566,20.08137797060486,4418.125935159977,0.581232334652346,17
3,1522,147875201.283799,0.14017320696452037,21.33183558672799,4412.379650550592,0.545335085413929,17
4,2090,198331989.245024,0.14226467655502392,22.91015300909091,4447.453025247369,0.6746411483253588,17
5,1775,138904822.220602,0.14125711605633803,21.389680723943663,4456.728898569578,0.7061408450704226,17
6,4,13195.545167,0.146083,37.1098585,4652.96044925,1.0,17
7,10,692301.401001,0.1364312,31.6757877,4655.1468749,1.0,17
8,12,4277540.947265,0.22133175000000002,174.0617045,4660.912353583333,1.0,17
9,17,4169558.275879,0.165612,58.665409000000004,4662.392750470588,1.0,17
10,18,8784522.445312,0.20453105555555556,131.30168138888888,4669.679687555556,1.0,17
11,27,10879621.468263,0.1995342962962963,120.3630575925926,4664.632758259259,1.0,17
12,46,13090337.434236,0.2095036956521739,146.96688404347825,4647.818868804347,1.0,17
13,361,92317068.542515,0.16997751800554017,88.3305767229917,4584.346873113574,1.0,17
14,601,197800887.925866,0.17199537603993345,93.47502944925125,4566.943816798668,1.0,17
15,770,203280429.066939,0.1578158727272727,78.73426362597402,4555.890287035065,0.9905194805194806,17
16,944,224681528.469465,0.15207753177966102,76.21654815995764,4543.227673043431,0.9536016949152543,17
17,1145,211052292.102346,0.13224715458515282,49.984395710917035,4530.207878598254,0.9126550218340611,17
18,1322,223077289.094033,0.1304253751891074,48.15616634266264,4521.125942981089,0.8807261724659606,17
19,1745,246040433.900013,0.11719135816618911,30.204425467048708,4493.643951214327,0.7996160458452721,17
20,15,21524.504136,0.13372013333333335,48.14923206666666,4537.302962266666,1.0,17
21,1576,91049645.187702,0.18931895177664976,114.66512248286801,4515.687403346446,0.8506916243654823,17
22,1744,238162025.118983,0.17179481708715597,89.94235040424311,4507.374261439793,0.8286639908256881,17
23,1927,252376441.38598,0.16126759833938764,89.03184001245458,4501.523060731189,0.8126621691748832,17
24,2590,279287860.644089,0.15571813706563706,82.51571645482626,4492.81183717027,0.7658610038610039,17
25,2424,260252460.845605,0.14613426485148515,62.57327063655116,4504.45948354538,0.7916955445544555,17
26,2274,293986418.239158,0.14315638786279683,65.60980439050132,4517.8191085672825,0.8224450307827617,17
27,2870,59098266.439126,0.18209917526132405,103.8586844261324,4526.21455369094,0.8261463414634146,17
28,2870,280479798.875973,0.1730313344947735,89.37611267804878,4532.382545911846,0.8386097560975609,17
29,2870,293406498.373558,0.1850476480836237,119.60690060592334,4542.702220419512,0.857397212543554,17
30,2870,276824187.000703,0.17506153972125435,104.58928836167247,4553.074371201742,0.8755749128919861,17
31,2870,303662657.956021,0.16246937421602786,97.99334056236934,4563.499605480488,0.8970871080139372,17
1,1434,92387270.021669,0.0942122280334728,19.061251126220363,4389.063258649233,0.49679218967921895,18
2,1769,127627061.1583,0.09451718202374224,20.08137797060486,4418.125935159977,0.581232334652346,18
3,1522,133107795.915344,0.0958801432325887,21.33183558672799,4412.379650550592,0.545335085413929,18
4,2090,178602921.886599,0.09731074880382776,22.91015300909091,4447.453025247369,0.6746411483253588,18
5,1775,122603467.666092,0.09662155549295776,21.389680723943663,4456.728898569578,0.7061408450704226,18
6,4,9025.910765999999,0.0999225,37.1098585,4652.96044925,1.0,18
7,10,665043.538086,0.0933205,31.6757877,4655.1468749,1.0,18
8,12,4148669.080079,0.15139358333333333,174.0617045,4660.912353583333,1.0,18
9,17,4040488.067627,0.11328064705882354,58.665409000000004,4662.392750470588,1.0,18
10,18,8553364.320312,0.13990177777777776,131.30168138888888,4669.679687555556,1.0,18
11,27,10591725.588378,0.13648377777777776,120.3630575925926,4664.632758259259,1.0,18
12,46,12685596.419143,0.14330302173913043,146.96688404347825,4647.818868804347,1.0,18
13,361,90018295.516025,0.1162666592797784,88.4618169501385,4584.346873113574,1.0,18
14,601,191923444.267712,0.1176469068219634,93.80086050249584,4566.943816798668,1.0,18
15,770,196109585.982538,0.10794794935064936,79.16485107142857,4555.890287035065,0.9905194805194806,18
16,944,216024518.300694,0.10402286440677967,76.79155705720338,4543.227673043431,0.9536016949152543,18
17,1145,202009027.335063,0.09045864192139738,50.62342074235808,4530.207878598254,0.9126550218340611,18
18,1322,212784364.221229,0.08921252496217852,48.942548133131616,4521.125942981089,0.8807261724659606,18
19,1745,234903519.857909,0.08016030085959885,31.02514260286533,4493.643951214327,0.7996160458452721,18
20,15,14723.017991,0.0914662,48.382887933333336,4537.302962266666,1.0,18
21,1576,84144267.501951,0.12949642005076142,114.79829536992386,4515.687403346446,0.8506916243654823,18
22,1744,221145049.853416,0.11750971616972478,90.14763676662845,4507.374261439793,0.8286639908256881,18
23,1927,234813320.705428,0.11030895329527762,89.34758304878048,4501.523060731189,0.8126621691748832,18
24,2590,257145934.535072,0.10651306911196912,83.28182445444016,4492.81183717027,0.7658610038610039,18
25,2424,239744322.71006,0.09995757879537953,63.21756832013202,4504.45948354538,0.7916955445544555,18
26,2274,274579997.09384197,0.0979206855760774,66.1796834516271,4517.8191085672825,0.8224450307827617,18
27,2870,53128533.234676,0.12455801672473868,103.91626227247386,4526.21455369094,0.8261463414634146,18
28,2870,252275717.692765,0.11835549721254356,89.50054834425087,4532.382545911846,0.8386097560975609,18
29,2870,263391706.152973,0.1265748212543554,119.83355507665506,4542.702220419512,0.857397212543554,18
30,2870,248164943.11294,0.11974417979094076,104.88375702125435,4553.074371201742,0.8755749128919861,18
31,2870,276614609.883048,0.11113100662020906,98.25667513797909,4563.499605480488,0.8970871080139372,18
1,1434,118437117.935873,0.11724811087866109,19.061251126220363,4389.063258649233,0.49679218967921895,19
2,1769,163784897.24717,0.11762763990955341,20.08137797060486,4418.125935159977,0.581232334652346,19
3,1522,171073604.976641,0.1193238593955322,21.33183558672799,4412.379650550592,0.545335085413929,19
4,2090,229555068.435442,0.12110424497607655,22.91015300909091,4447.453025247369,0.6746411483253588,19
5,1775,157260068.549175,0.12024656,21.389680723943663,4456.728898569578,0.7061408450704226,19
6,4,11232.84143,0.12435475,37.1098585,4652.96044925,1.0,19
7,10,860127.698517,0.1161382,31.6757877,4655.1468749,1.0,19
8,12,5370416.567384,0.18841075,174.0617045,4660.912353583333,1.0,19
9,17,5229964.573732,0.140979,58.665409000000004,4662.392750470588,1.0,19
10,18,11076263.119142,0.17410905555555556,131.30168138888888,4669.679687555556,1.0,19
11,27,13715667.682619,0.16985555555555557,120.3630575925926,4664.632758259259,1.0,19
12,46,16420156.415166,0.17834215217391305,146.96688404347825,4647.818868804347,1.0,19
13,361,116585620.920242,0.1446950914127424,88.47779735457064,4584.346873113574,1.0,19
14,601,248453044.351279,0.14641280366056572,93.84053517138103,4566.943816798668,1.0,19
15,770,253737025.662114,0.13434235974025974,79.21728135844155,4555.890287035065,0.9905194805194806,19
16,944,279416106.538546,0.12945752542372882,76.86157279025424,4543.227673043431,0.9536016949152543,19
17,1145,261177871.834349,0.11257674148471616,50.701231373799125,4530.207878598254,0.9126550218340611,19
18,1322,275020327.902999,0.11102595007564296,49.038301599848715,4521.125942981089,0.8807261724659606,19
19,1745,303635187.245991,0.09976036905444126,31.125076908882523,4493.643951214327,0.7996160458452721,19
20,15,18322.951922,0.11383073333333334,48.41133893333333,4537.302962266666,1.0,19
21,1576,108426246.984237,0.16115967703045686,114.81451110532996,4515.687403346446,0.8506916243654823,19
22,1744,285093354.655836,0.14624209002293578,90.17263337327982,4507.374261439793,0.8286639908256881,19
23,1927,302772712.47842,0.13728066995329527,89.38602937467566,4501.523060731189,0.8126621691748832,19
24,2590,331231453.70254,0.13255664478764478,83.37510929266409,4492.81183717027,0.7658610038610039,19
25,2424,308832021.674203,0.12439827186468647,63.296020964934,4504.45948354538,0.7916955445544555,19
26,2274,354179809.587025,0.1218633293755497,66.2490745580475,4517.8191085672825,0.8224450307827617,19
27,2870,68273418.782769,0.1550137787456446,103.92327321707317,4526.21455369094,0.8261463414634146,19
28,2870,324206289.753119,0.14729467909407665,89.51570019965158,4532.382545911846,0.8386097560975609,19
29,2870,338425865.649874,0.1575236968641115,119.86115356933799,4542.702220419512,0.857397212543554,19
30,2870,318817321.059016,0.14902291010452962,104.91961289163763,4553.074371201742,0.8755749128919861,19
31,2870,355934562.106135,0.13830371393728225,98.28873997804878,4563.499605480488,0.8970871080139372,19
1,1434,176782729.426616,0.12903194979079496,19.061251126220363,4389.063258649233,0.49679218967921895,20
2,1769,246706721.377072,0.1294496116449972,20.08137797060486,4418.125935159977,0.581232334652346,20
3,1522,261007771.112648,0.1313163258869908,21.33183558672799,4412.379650550592,0.545335085413929,20
4,2090,350362414.074623,0.13327564306220094,22.91015300909091,4447.453025247369,0.6746411483253588,20
5,1775,235863109.210818,0.1323317408450704,21.389680723943663,4456.728898569578,0.7061408450704226,20
6,4,12361.781737000001,0.13685275,37.1098585,4652.96044925,1.0,20
7,10,1382436.641143,0.1278106,31.6757877,4655.1468749,1.0,20
8,12,8693251.232423,0.20734666666666668,174.0617045,4660.912353583333,1.0,20
9,17,8460570.61377,0.15514764705882353,58.665409000000004,4662.392750470588,1.0,20
10,18,17981168.732424,0.19160777777777777,131.30168138888888,4669.679687555556,1.0,20
11,27,22263499.505128,0.1869266296296296,120.3630575925926,4664.632758259259,1.0,20
12,46,26563800.456633,0.1962661739130435,146.96688404347825,4647.818868804347,1.0,20
13,361,189465194.965597,0.15923745429362882,88.39442819113575,4584.346873113574,1.0,20
14,601,402304502.442335,0.1611277970049917,93.6335539500832,4566.943816798668,1.0,20
15,770,409116604.190059,0.14784422987012988,78.94375459220778,4555.890287035065,0.9905194805194806,20
16,944,449385617.981908,0.1424684713983051,76.49630357627119,4543.227673043431,0.9536016949152543,20
17,1145,418633112.765344,0.12389110131004367,50.29529648820961,4530.207878598254,0.9126550218340611,20
18,1322,439670882.979045,0.12218441981845689,48.53875966944024,4521.125942981089,0.8807261724659606,20
19,1745,485755772.533483,0.10978661088825216,30.603723739255017,4493.643951214327,0.7996160458452721,20
20,15,20164.472685999997,0.12527113333333334,48.26291106666667,4537.302962266666,1.0,20
21,1576,169089457.726482,0.17735678934010152,114.72991424111676,4515.687403346446,0.8506916243654823,20
22,1744,446301050.877779,0.16093990768348623,90.04222706995412,4507.374261439793,0.8286639908256881,20
23,1927,474737205.468041,0.15107787078360144,89.18545646030098,4501.523060731189,0.8126621691748832,20
24,2590,514989308.806738,0.1458790555984556,82.8884461019305,4492.81183717027,0.7658610038610039,20
25,2424,480366965.686922,0.1369007186468647,62.88673668481849,4504.45948354538,0.7916955445544555,20
26,2274,557041356.911263,0.13411101099384345,65.88706402110819,4517.8191085672825,0.8224450307827617,20
27,2870,104051269.616803,0.17059320418118465,103.88669740836238,4526.21455369094,0.8261463414634146,20
28,2870,494317662.504082,0.16209830975609757,89.43665356585366,4532.382545911846,0.8386097560975609,20
29,2870,515141994.648946,0.17335537351916377,119.71717336271777,4542.702220419512,0.857397212543554,20
30,2870,484721998.41771,0.16400022891986063,104.73255432578397,4553.074371201742,0.8755749128919861,20
31,2870,548539012.04341,0.15220370905923344,98.12145905226481,4563.499605480488,0.8970871080139372,20
1,1434,127526362.856536,0.10829275662482565,19.061251126220363,4389.063258649233,0.49679218967921895,21
2,1769,177227640.28208598,0.10864329960429621,20.08137797060486,4418.125935159977,0.581232334652346,21
3,1522,186411862.80038,0.11020996123521683,21.33183558672799,4412.379650550592,0.545335085413929,21
4,2090,250187162.440786,0.11185438038277512,22.91015300909091,4447.453025247369,0.6746411483253588,21
5,1775,169770791.105815,0.11106219605633803,21.389680723943663,4456.728898569578,0.7061408450704226,21
6,4,10374.884156,0.1148565,37.1098585,4652.96044925,1.0,21
7,10,964633.321656,0.10726770000000001,31.6757877,4655.1468749,1.0,21
8,12,6047005.641603,0.17401999999999998,174.0617045,4660.912353583333,1.0,21
9,17,5886778.584962,0.13021094117647058,58.665409000000004,4662.392750470588,1.0,21
10,18,12491887.069338,0.16081083333333332,131.30168138888888,4669.679687555556,1.0,21
11,27,15467661.453125,0.15688214814814816,120.3630575925926,4664.632758259259,1.0,21
12,46,18482596.83322,0.16472050000000002,146.96688404347825,4647.818868804347,1.0,21
13,361,131564364.550707,0.13364335734072022,88.42582560387811,4584.346873113574,1.0,21
14,601,279803559.964102,0.1352298918469218,93.71150452412645,4566.943816798668,1.0,21
15,770,285073300.698801,0.12408136883116883,79.04676666753247,4555.890287035065,0.9905194805194806,21
16,944,313480502.38971,0.1195696472457627,76.63386648622883,4543.227673043431,0.9536016949152543,21
17,1145,292464329.90605,0.10397819126637554,50.44817438340611,4530.207878598254,0.9126550218340611,21
18,1322,307515971.018957,0.10254584493192133,48.72689061422088,4521.125942981089,0.8807261724659606,21
19,1745,339644158.678994,0.09214071633237822,30.800068946131805,4493.643951214327,0.7996160458452721,21
20,15,16923.455672,0.10513646666666666,48.318810066666664,4537.302962266666,1.0,21
21,1576,119578011.318107,0.14885039847715736,114.76177400888325,4515.687403346446,0.8506916243654823,21
22,1744,315079884.72079,0.1350721880733945,90.09133899139908,4507.374261439793,0.8286639908256881,21
23,1927,334915520.724254,0.12679527036844837,89.26099360768033,4501.523060731189,0.8126621691748832,21
24,2590,364688940.409379,0.1224320528957529,83.07172682123552,4492.81183717027,0.7658610038610039,21
25,2424,340106483.931522,0.1148968147689769,63.04087598143564,4504.45948354538,0.7916955445544555,21
26,2274,392443750.744249,0.11255548460861918,66.02339970316622,4517.8191085672825,0.8224450307827617,21
27,2870,74350297.138942,0.14317391846689898,103.90047211114984,4526.21455369094,0.8261463414634146,21
28,2870,353147200.7719,0.13604440209059232,89.46642307804878,4532.382545911846,0.8386097560975609,21
29,2870,368301749.15155,0.1454921292682927,119.77139730418118,4542.702220419512,0.857397212543554,21
30,2870,346738647.685743,0.13764063344947736,104.80300187491288,4553.074371201742,0.8755749128919861,21
31,2870,389990281.588912,0.12774014425087107,98.18445820487804,4563.499605480488,0.8970871080139372,21
1,1434,143682687.225159,0.10133379497907949,19.061251126220363,4389.063258649233,0.49679218967921895,22
2,1769,200686553.298949,0.10166181854154889,20.08137797060486,4418.125935159977,0.581232334652346,22
3,1522,212573305.729572,0.10312781340341656,21.33183558672799,4412.379650550592,0.545335085413929,22
4,2090,285356392.30897,0.10466655263157895,22.91015300909091,4447.453025247369,0.6746411483253588,22
5,1775,191788244.30356,0.10392527943661972,21.389680723943663,4456.728898569578,0.7061408450704226,22
6,4,9708.187012,0.10747575,37.1098585,4652.96044925,1.0,22
7,10,1131183.122771,0.10037480000000001,31.6757877,4655.1468749,1.0,22
8,12,7117688.474609,0.16283741666666665,174.0617045,4660.912353583333,1.0,22
9,17,6926800.662842,0.1218434705882353,58.665409000000004,4662.392750470588,1.0,22
10,18,14725934.850588,0.150477,131.30168138888888,4669.679687555556,1.0,22
11,27,18232836.039064,0.1468008148148148,120.3630575925926,4664.632758259259,1.0,22
12,46,21748248.974966,0.15413545652173913,146.96688404347825,4647.818868804347,1.0,22
13,361,155179419.895177,0.12505535457063713,88.34009911911357,4584.346873113574,1.0,22
14,601,329399896.054352,0.12653993178036607,93.49867078036606,4566.943816798668,1.0,22
15,770,334853792.360384,0.11610783376623376,78.76550577142858,4555.890287035065,0.9905194805194806,22
16,944,367732302.304235,0.11188601588983052,76.25826905614407,4543.227673043431,0.9536016949152543,22
17,1145,342466092.0272,0.097296496069869,50.03076144628821,4530.207878598254,0.9126550218340611,22
18,1322,359593791.214457,0.0959561830559758,48.213223829046896,4521.125942981089,0.8807261724659606,22
19,1745,397309600.429183,0.08621970315186246,30.26397424756447,4493.643951214327,0.7996160458452721,22
20,15,15835.943237,0.09838026666666666,48.16618546666667,4537.302962266666,1.0,22
21,1576,137987841.712846,0.13928518337563453,114.67478510977158,4515.687403346446,0.8506916243654823,22
22,1744,364335613.725952,0.12639236181192662,89.9572453555046,4507.374261439793,0.8286639908256881,22
23,1927,387605095.924889,0.11864731862999482,89.05474937934613,4501.523060731189,0.8126621691748832,22
24,2590,420149211.775134,0.11456448764478763,82.57130294324324,4492.81183717027,0.7658610038610039,22
25,2424,391917947.64733,0.10751345627062706,62.62001894513202,4504.45948354538,0.7916955445544555,22
26,2274,454927872.018064,0.10532259498680739,65.65115310817943,4517.8191085672825,0.8224450307827617,22
27,2870,84734204.210654,0.1339734763066202,103.86286210139373,4526.21455369094,0.8261463414634146,22
28,2870,402564050.721849,0.12730208919860628,89.38514135714286,4532.382545911846,0.8386097560975609,22
29,2870,419458517.380307,0.13614271045296167,119.62334597108014,4542.702220419512,0.857397212543554,22
30,2870,394645584.573401,0.12879575296167248,104.61065413135887,4553.074371201742,0.8755749128919861,22
31,2870,447161451.306532,0.11953149965156795,98.01244733519165,4563.499605480488,0.8970871080139372,22
1,1434,145715235.19768,0.07729529358437937,19.061251126220363,4389.063258649233,0.49679218967921895,23
2,1769,204764598.596745,0.07754546240814018,20.08137797060486,4418.125935159977,0.581232334652346,23
3,1522,218715223.512029,0.07866370105124836,21.33183558672799,4412.379650550592,0.545335085413929,23
4,2090,293671135.117023,0.07983741770334929,22.91015300909091,4447.453025247369,0.6746411483253588,23
5,1775,195128512.065388,0.07927199042253522,21.389680723943663,4456.728898569578,0.7061408450704226,23
6,4,7405.199097,0.0819805,37.1098585,4652.96044925,1.0,23
7,10,1201803.607726,0.0765637,31.6757877,4655.1468749,1.0,23
8,12,7593568.5625,0.124209,174.0617045,4660.912353583333,1.0,23
9,17,7387217.456055,0.09293964705882353,58.665409000000004,4662.392750470588,1.0,23
10,18,15736709.945313,0.11478050000000001,131.30168138888888,4669.679687555556,1.0,23
11,27,19483073.872314,0.11197648148148148,120.3630575925926,4664.632758259259,1.0,23
12,46,23194201.918306,0.11757123913043478,146.96688404347825,4647.818868804347,1.0,23
13,361,165932152.910982,0.09538957617728532,88.37642760110803,4584.346873113574,1.0,23
14,601,351487215.670585,0.0965219850249584,93.58886375374377,4566.943816798668,1.0,23
15,770,356422721.062347,0.08856458701298701,78.88469625064936,4555.890287035065,0.9905194805194806,23
16,944,390840960.273777,0.08534429131355932,76.41743673093221,4543.227673043431,0.9536016949152543,23
17,1145,363261845.638825,0.07421569519650656,50.20764936419214,4530.207878598254,0.9126550218340611,23
18,1322,380840209.936296,0.07319335098335855,48.43090142662632,4521.125942981089,0.8807261724659606,23
19,1745,420958569.039258,0.06576657191977078,30.491156170200576,4493.643951214327,0.7996160458452721,23
20,15,12079.321533,0.07504246666666667,48.2308634,4537.302962266666,1.0,23
21,1576,143956114.720848,0.10624377791878171,114.71164856916243,4515.687403346446,0.8506916243654823,23
22,1744,380992438.670784,0.09640941055045872,90.01407048681193,4507.374261439793,0.8286639908256881,23
23,1927,405725420.158413,0.09050164193046185,89.14214990295797,4501.523060731189,0.8126621691748832,23
24,2590,437496507.36688,0.08738735984555984,82.78336857220077,4492.81183717027,0.7658610038610039,23
25,2424,408207527.102719,0.08200898184818482,62.79836636963696,4504.45948354538,0.7916955445544555,23
26,2274,477087819.888377,0.08033785004397537,65.80890078540018,4517.8191085672825,0.8224450307827617,23
27,2870,87120892.998413,0.10219212334494775,103.87880017003485,4526.21455369094,0.8261463414634146,23
28,2870,414019429.552116,0.0971033425087108,89.41958627665505,4532.382545911846,0.8386097560975609,23
29,2870,430931149.258928,0.10384676794425088,119.6860859804878,4542.702220419512,0.857397212543554,23
30,2870,405129140.131846,0.09824266480836237,104.69216571986063,4553.074371201742,0.8755749128919861,23
31,2870,463049891.870859,0.09117609128919861,98.08534072578396,4563.499605480488,0.8970871080139372,23
1,1434,187890942.898027,0.12244499651324965,19.061251126220363,4389.063258649233,0.49679218967921895,24
2,1769,262923474.278417,0.12284134482758621,20.08137797060486,4418.125935159977,0.581232334652346,24
3,1522,279216772.076292,0.12461277201051249,21.33183558672799,4412.379650550592,0.545335085413929,24
4,2090,374845577.442286,0.12647206028708136,22.91015300909091,4447.453025247369,0.6746411483253588,24
5,1775,251045496.561639,0.12557635436619718,21.389680723943663,4456.728898569578,0.7061408450704226,24
6,4,11730.725342,0.1298665,37.1098585,4652.96044925,1.0,24
7,10,1500811.941192,0.12128619999999998,31.6757877,4655.1468749,1.0,24
8,12,9455942.865236,0.19676191666666668,174.0617045,4660.912353583333,1.0,24
9,17,9201278.138672,0.1472275294117647,58.665409000000004,4662.392750470588,1.0,24
10,18,19573959.82129,0.1818262777777778,131.30168138888888,4669.679687555556,1.0,24
11,27,24234898.198486,0.17738433333333334,120.3630575925926,4664.632758259259,1.0,24
12,46,28889629.689757,0.18624702173913044,146.96688404347825,4647.818868804347,1.0,24
13,361,206307139.983866,0.15110856509695292,88.40952117451523,4584.346873113574,1.0,24
14,601,437637389.234346,0.1529023860232945,93.67102539434276,4566.943816798668,1.0,24
15,770,444533967.404133,0.14029693636363635,78.99327329220779,4555.890287035065,0.9905194805194806,24
16,944,487953248.771132,0.13519559851694915,76.56243113241526,4543.227673043431,0.9536016949152543,24
17,1145,454140284.658612,0.11756658165938863,50.36878607860262,4530.207878598254,0.9126550218340611,24
18,1322,476620182.738002,0.11594704387291982,48.629195681543116,4521.125942981089,0.8807261724659606,24
19,1745,526679061.563475,0.10418214326647565,30.698108435530088,4493.643951214327,0.7996160458452721,24
20,15,19135.096878,0.11887613333333333,48.2897822,4537.302962266666,1.0,24
21,1576,182031240.82801,0.16830290482233504,114.74522947715735,4515.687403346446,0.8506916243654823,24
22,1744,480980536.9026,0.15272409690366973,90.06583555045871,4507.374261439793,0.8286639908256881,24
23,1927,511857879.773333,0.14336550700570835,89.22176775609755,4501.523060731189,0.8126621691748832,24
24,2590,553927692.864642,0.13843208494208495,82.97655058455598,4492.81183717027,0.7658610038610039,24
25,2424,516750042.070458,0.12991209859735972,62.96083264686468,4504.45948354538,0.7916955445544555,24
26,2274,601114678.290653,0.12726479111697447,65.95260165039578,4517.8191085672825,0.8224450307827617,24
27,2870,111274742.668993,0.16188459303135888,103.893319012892,4526.21455369094,0.8261463414634146,24
28,2870,528701618.152281,0.15382335331010452,89.45096400452962,4532.382545911846,0.8386097560975609,24
29,2870,550706534.702598,0.16450576341463416,119.74323923484322,4542.702220419512,0.857397212543554,24
30,2870,518006987.255817,0.15562818989547036,104.76641900836238,4553.074371201742,0.8755749128919861,24
31,2870,588523449.672816,0.14443387770034843,98.15174324668989,4563.499605480488,0.8970871080139372,24
1,1434,144350545.039736,0.08520381729428174,19.061251126220363,4389.063258649233,0.49679218967921895,25
2,1769,202426950.327229,0.0854796189937818,20.08137797060486,4418.125935159977,0.581232334652346,25
3,1522,215604462.032527,0.08671227266754271,21.33183558672799,4412.379650550592,0.545335085413929,25
4,2090,289470939.861418,0.08800607177033493,22.91015300909091,4447.453025247369,0.6746411483253588,25
5,1775,193088484.036357,0.08738279492957746,21.389680723943663,4456.728898569578,0.7061408450704226,25
6,4,8162.869995,0.090368,37.1098585,4652.96044925,1.0,25
7,10,1172037.958556,0.0843975,31.6757877,4655.1468749,1.0,25
8,12,7395298.960938,0.1369175,174.0617045,4660.912353583333,1.0,25
9,17,7195205.660401,0.10244888235294117,58.665409000000004,4662.392750470588,1.0,25
10,18,15317374.666015,0.12652455555555556,131.30168138888888,4669.679687555556,1.0,25
11,27,18964310.894898,0.12343348148148149,120.3630575925926,4664.632758259259,1.0,25
12,46,22591208.085035,0.12960065217391303,146.96688404347825,4647.818868804347,1.0,25
13,361,161477971.381638,0.10514947091412742,88.4890408504155,4584.346873113574,1.0,25
14,601,342289172.126578,0.10639770216306156,93.86844945257903,4566.943816798668,1.0,25
15,770,347380282.465752,0.09762617272727273,79.25417022597402,4555.890287035065,0.9905194805194806,25
16,944,381111989.270687,0.09407638983050846,76.91083437394067,4543.227673043431,0.9536016949152543,25
17,1145,354453881.518255,0.08180913711790394,50.75597728908297,4530.207878598254,0.9126550218340611,25
18,1322,371796996.568213,0.0806821860816944,49.10567173827534,4521.125942981089,0.8807261724659606,25
19,1745,410906221.028625,0.07249553123209168,31.19538855415473,4493.643951214327,0.7996160458452721,25
20,15,13315.230066,0.08272046666666667,48.4313564,4537.302962266666,1.0,25
21,1576,141246784.732356,0.11711421763959391,114.82592016941624,4515.687403346446,0.8506916243654823,25
22,1744,373525942.630542,0.10627365194954129,90.1902204690367,4507.374261439793,0.8286639908256881,25
23,1927,397642865.911737,0.09976143850544889,89.41307939750908,4501.523060731189,0.8126621691748832,25
24,2590,429534403.860147,0.09632849343629345,83.44074253822394,4492.81183717027,0.7658610038610039,25
25,2424,400742843.750935,0.0903998147689769,63.351218603547856,4504.45948354538,0.7916955445544555,25
26,2274,467290652.275098,0.08855769437115216,66.29789666402814,4517.8191085672825,0.8224450307827617,25
27,2870,85902342.718302,0.11264800592334495,103.9282059672474,4526.21455369094,0.8261463414634146,25
28,2870,408189660.132302,0.10703856829268293,89.52636073240419,4532.382545911846,0.8386097560975609,25
29,2870,425018140.505999,0.11447195888501742,119.88057128466899,4542.702220419512,0.857397212543554,25
30,2870,399674021.311566,0.10829446933797911,104.94484030905923,4553.074371201742,0.8755749128919861,25
31,2870,455472371.320209,0.10050485958188153,98.31130012020905,4563.499605480488,0.8970871080139372,25
1,1434,95896084.813316,0.12763461157601116,19.061251126220363,4389.063258649233,0.49679218967921895,26
2,1769,131022453.347779,0.1280477365743358,20.08137797060486,4418.125935159977,0.581232334652346,26
3,1522,134490220.114115,0.12989424770039423,21.33183558672799,4412.379650550592,0.545335085413929,26
4,2090,180373757.596832,0.13183235885167463,22.91015300909091,4447.453025247369,0.6746411483253588,26
5,1775,126525000.459833,0.1308986884507042,21.389680723943663,4456.728898569578,0.7061408450704226,26
6,4,12227.910889,0.1353705,37.1098585,4652.96044925,1.0,26
7,10,626307.553039,0.1264264,31.6757877,4655.1468749,1.0,26
8,12,3866638.449219,0.20510133333333333,174.0617045,4660.912353583333,1.0,26
9,17,3769303.165038,0.1534675294117647,58.665409000000004,4662.392750470588,1.0,26
10,18,7938013.695314,0.18953266666666668,131.30168138888888,4669.679687555556,1.0,26
11,27,9831349.530274,0.18490233333333334,120.3630575925926,4664.632758259259,1.0,26
12,46,11833698.174899,0.1941407608695652,146.96688404347825,4647.818868804347,1.0,26
13,361,83410685.097238,0.1575130193905817,88.32349428531856,4584.346873113574,1.0,26
14,601,178793544.826025,0.15938289517470883,93.45744585024958,4566.943816798668,1.0,26
15,770,183836436.513602,0.14624316883116883,78.71102678441558,4555.890287035065,0.9905194805194806,26
16,944,203248640.195712,0.14092562076271187,76.18551752754239,4543.227673043431,0.9536016949152543,26
17,1145,190991994.801346,0.1225494192139738,49.949910433187775,4530.207878598254,0.9126550218340611,26
18,1322,201932426.007922,0.12086124735249622,48.11372889636914,4521.125942981089,0.8807261724659606,26
19,1745,222701819.710637,0.1085977088825215,30.160135104297993,4493.643951214327,0.7996160458452721,26
20,15,19946.102646000003,0.12391446666666667,48.136622800000005,4537.302962266666,1.0,26
21,1576,82634337.396544,0.17543611865482234,114.6579357531726,4515.687403346446,0.8506916243654823,26
22,1744,216066636.865212,0.1591970263761468,89.93127202866972,4507.374261439793,0.8286639908256881,26
23,1927,228924986.117864,0.149441776336274,89.01480079398029,4501.523060731189,0.8126621691748832,26
24,2590,253550893.49308,0.14429926061776063,82.4743730969112,4492.81183717027,0.7658610038610039,26
25,2424,236259733.840209,0.13541816790429043,62.53850082962046,4504.45948354538,0.7916955445544555,26
26,2274,266584780.39807,0.13265867634124892,65.57905062181179,4517.8191085672825,0.8224450307827617,26
27,2870,53754366.765354,0.1687457630662021,103.85557721045295,4526.21455369094,0.8261463414634146,26
28,2870,255107508.10492,0.1603428731707317,89.36939745400697,4532.382545911846,0.8386097560975609,26
29,2870,266905474.509997,0.17147804285714285,119.59466909512194,4542.702220419512,0.857397212543554,26
30,2870,251848006.15961,0.1622242118466899,104.57339723972125,4553.074371201742,0.8755749128919861,26
31,2870,275915954.540722,0.15055544843205573,97.97912959651568,4563.499605480488,0.8970871080139372,26
1,1434,191357759.922436,0.11302308019525802,19.061251126220363,4389.063258649233,0.49679218967921895,27
2,1769,268342977.365103,0.11338892085924251,20.08137797060486,4418.125935159977,0.581232334652346,27
3,1522,285806267.327962,0.11502402431011827,21.33183558672799,4412.379650550592,0.545335085413929,27
4,2090,383723817.292623,0.11674026220095693,22.91015300909091,4447.453025247369,0.6746411483253588,27
5,1775,255965228.191257,0.1159134828169014,21.389680723943663,4456.728898569578,0.7061408450704226,27
6,4,10828.066528,0.11987350000000001,37.1098585,4652.96044925,1.0,27
7,10,1553551.2287899998,0.11195340000000001,31.6757877,4655.1468749,1.0,27
8,12,9802475.862305,0.1816215,174.0617045,4660.912353583333,1.0,27
9,17,9537259.467774,0.13589864705882354,58.665409000000004,4662.392750470588,1.0,27
10,18,20303122.021484,0.1678351111111111,131.30168138888888,4669.679687555556,1.0,27
11,27,25137126.532961998,0.16373492592592592,120.3630575925926,4664.632758259259,1.0,27
12,46,29944690.037369,0.1719155652173913,146.96688404347825,4647.818868804347,1.0,27
13,361,214038162.172275,0.13948102216066482,88.3973718836565,4584.346873113574,1.0,27
14,601,453704450.514099,0.14113682695507487,93.64086228785358,4566.943816798668,1.0,27
15,770,460455167.568224,0.12950133636363637,78.95341258571429,4555.890287035065,0.9905194805194806,27
16,944,505168398.852873,0.12479252966101695,76.50920088771186,4543.227673043431,0.9536016949152543,27
17,1145,469834776.306687,0.10852003144104803,50.30962969344978,4530.207878598254,0.9126550218340611,27
18,1322,492825018.51313,0.10702512481089257,48.55639805900151,4521.125942981089,0.8807261724659606,27
19,1745,544664659.480313,0.09616548022922636,30.622132281375357,4493.643951214327,0.7996160458452721,27
20,15,17662.684356,0.10972873333333334,48.268151933333336,4537.302962266666,1.0,27
21,1576,187231768.474342,0.15535228362944162,114.73290128109139,4515.687403346446,0.8506916243654823,27
22,1744,495130328.179245,0.14097224082568807,90.04683159518349,4507.374261439793,0.8286639908256881,27
23,1927,527097588.461313,0.13233376284379864,89.1925385168656,4501.523060731189,0.8126621691748832,27
24,2590,569378017.514177,0.1277799613899614,82.90562974864865,4492.81183717027,0.7658610038610039,27
25,2424,531212477.001357,0.11991557590759076,62.90118815759076,4504.45948354538,0.7916955445544555,27
26,2274,619417066.606548,0.11747199736147758,65.89984630299033,4517.8191085672825,0.8224450307827617,27
27,2870,113872717.894395,0.1494278512195122,103.88798886829268,4526.21455369094,0.8261463414634146,27
28,2870,541098598.005824,0.14198691080139372,89.43944464111497,4532.382545911846,0.8386097560975609,27
29,2870,563407845.7231,0.1518473299651568,119.72225717665505,4542.702220419512,0.857397212543554,27
30,2870,529812333.06755,0.14365286898954704,104.73915919790942,4553.074371201742,0.8755749128919861,27
31,2870,603767859.109783,0.13331993310104528,98.12736560452961,4563.499605480488,0.8970871080139372,27
1,1434,120671231.529104,0.08797116108786611,19.061251126220363,4389.063258649233,0.49679218967921895,28
2,1769,168406220.442711,0.08825591972866026,20.08137797060486,4418.125935159977,0.581232334652346,28
3,1522,178175919.342364,0.08952860446780553,21.33183558672799,4412.379650550592,0.545335085413929,28
4,2090,239173802.52499,0.09086443444976076,22.91015300909091,4447.453025247369,0.6746411483253588,28
5,1775,161001876.586267,0.0902208923943662,21.389680723943663,4456.728898569578,0.7061408450704226,28
6,4,8427.992553,0.093303,37.1098585,4652.96044925,1.0,28
7,10,943872.404419,0.0871385,31.6757877,4655.1468749,1.0,28
8,12,5935535.825196,0.14136433333333334,174.0617045,4660.912353583333,1.0,28
9,17,5776656.032471,0.10577641176470587,58.665409000000004,4662.392750470588,1.0,28
10,18,12277204.071289,0.13063405555555554,131.30168138888888,4669.679687555556,1.0,28
11,27,15201093.949952,0.12744255555555556,120.3630575925926,4664.632758259259,1.0,28
12,46,18137068.077624,0.13381004347826086,146.96688404347825,4647.818868804347,1.0,28
13,361,129363698.6815,0.10856462880886426,88.34799750692521,4584.346873113574,1.0,28
14,601,274683773.75645,0.10985342429284525,93.51828013643927,4566.943816798668,1.0,28
15,770,279331219.212982,0.10079697402597403,78.79141963506494,4555.890287035065,0.9905194805194806,28
16,944,306823150.263241,0.09713189406779661,76.29287459851695,4543.227673043431,0.9536016949152543,28
17,1145,285823501.267131,0.08446623580786027,50.06921963318778,4530.207878598254,0.9126550218340611,28
18,1322,300184668.733839,0.08330269062027232,48.26055034871407,4521.125942981089,0.8807261724659606,28
19,1745,331649790.52291,0.07485011289398281,30.31336713295129,4493.643951214327,0.7996160458452721,28
20,15,13747.697181,0.08540706666666667,48.1802474,4537.302962266666,1.0,28
21,1576,115436476.110007,0.12091797779187817,114.68279980266497,4515.687403346446,0.8506916243654823,28
22,1744,304691099.10412,0.10972532110091743,89.96960003383028,4507.374261439793,0.8286639908256881,28
23,1927,324106214.3352,0.10300158173326414,89.07375162532433,4501.523060731189,0.8126621691748832,28
24,2590,351577036.7435,0.09945714440154439,82.61740933281853,4492.81183717027,0.7658610038610039,28
25,2424,327941225.463961,0.09333592780528052,62.658794459570956,4504.45948354538,0.7916955445544555,28
26,2274,380299511.288052,0.09143395910290238,65.68544991029023,4517.8191085672825,0.8224450307827617,28
27,2870,71029930.92957,0.11630671254355401,103.86632728606271,4526.21455369094,0.8261463414634146,28
28,2870,337443260.866612,0.11051508919860628,89.3926302195122,4532.382545911846,0.8386097560975609,28
29,2870,351656953.25625,0.11818991149825783,119.63698662926829,4542.702220419512,0.857397212543554,28
30,2870,330889734.931778,0.11181177073170732,104.62837602090592,4553.074371201742,0.8755749128919861,28
31,2870,374470308.936015,0.10376916515679442,98.02829548850173,4563.499605480488,0.8970871080139372,28
1,1434,152133698.980046,0.0942962649930265,19.061251126220363,4389.063258649233,0.49679218967921895,29
2,1769,213122661.103344,0.0946014968908988,20.08137797060486,4418.125935159977,0.581232334652346,29
3,1522,226675895.222725,0.09596567345597898,21.33183558672799,4412.379650550592,0.545335085413929,29
4,2090,304323241.149291,0.09739755119617224,22.91015300909091,4447.453025247369,0.6746411483253588,29
5,1775,203388741.383989,0.09670776,21.389680723943663,4456.728898569578,0.7061408450704226,29
6,4,9033.962403,0.1000115,37.1098585,4652.96044925,1.0,29
7,10,1225586.653992,0.09340380000000001,31.6757877,4655.1468749,1.0,29
8,12,7727781.737305,0.15152849999999998,174.0617045,4660.912353583333,1.0,29
9,17,7519154.225831999,0.11338164705882352,58.665409000000004,4662.392750470588,1.0,29
10,18,16001547.850588,0.14002644444444445,131.30168138888888,4669.679687555556,1.0,29
11,27,19811592.729736,0.13660544444444445,120.3630575925926,4664.632758259259,1.0,29
12,46,23608265.355396,0.1434308695652174,146.96688404347825,4647.818868804347,1.0,29
13,361,168673334.987192,0.11637039612188366,88.366781900277,4584.346873113574,1.0,29
14,601,357667125.829286,0.11775182529118135,93.56491629118136,4566.943816798668,1.0,29
15,770,363137916.165141,0.10804426103896103,78.85304955064935,4555.890287035065,0.9905194805194806,29
16,944,398498602.756058,0.1041156281779661,76.37517555508475,4543.227673043431,0.9536016949152543,29
17,1145,370748470.806935,0.09053934585152838,50.160683205240176,4530.207878598254,0.9126550218340611,29
18,1322,388989900.803731,0.08929210665658094,48.3731050816944,4521.125942981089,0.8807261724659606,29
19,1745,429877761.454928,0.08023179369627507,30.430836272206303,4493.643951214327,0.7996160458452721,29
20,15,14736.151824,0.09154786666666667,48.2136906,4537.302962266666,1.0,29
21,1576,148153305.193369,0.12961194733502537,114.70186082233502,4515.687403346446,0.8506916243654823,29
22,1744,391634447.203334,0.11761454013761467,89.99898264220182,4507.374261439793,0.8286639908256881,29
23,1927,416851391.08812,0.11040736533471718,89.1189438806435,4501.523060731189,0.8126621691748832,29
24,2590,450680289.085788,0.1066080891891892,82.72706226679537,4492.81183717027,0.7658610038610039,29
25,2424,420452598.076539,0.10004674876237624,62.75101270750825,4504.45948354538,0.7916955445544555,29
26,2274,489709253.593965,0.0980080474934037,65.7670166341249,4517.8191085672825,0.8224450307827617,29
27,2870,90324253.408969,0.1246691292682927,103.8745683944251,4526.21455369094,0.8261463414634146,29
28,2870,429181255.609537,0.11846108188153309,89.41044068292683,4532.382545911846,0.8386097560975609,29
29,2870,446956264.662504,0.12668772508710802,119.66942765470384,4542.702220419512,0.857397212543554,29
30,2870,420358313.286757,0.1198510094076655,104.67052328710803,4553.074371201742,0.8755749128919861,29
31,2870,478341910.976441,0.11123013101045297,98.06598653728223,4563.499605480488,0.8970871080139372,29
1,1434,193088319.960159,0.09633214086471407,19.061251126220363,4389.063258649233,0.49679218967921895,30
2,1769,271631433.177067,0.0966439570378745,20.08137797060486,4418.125935159977,0.581232334652346,30
3,1522,290570928.470545,0.0980375847568988,21.33183558672799,4412.379650550592,0.545335085413929,30
4,2090,390168994.329451,0.09950038373205741,22.91015300909091,4447.453025247369,0.6746411483253588,30
5,1775,258716230.539515,0.09879568169014084,21.389680723943663,4456.728898569578,0.7061408450704226,30
6,4,9229.006714,0.10217075,37.1098585,4652.96044925,1.0,30
7,10,1605582.4628,0.0954203,31.6757877,4655.1468749,1.0,30
8,12,10152031.886719,0.15480008333333334,174.0617045,4660.912353583333,1.0,30
9,17,9875541.25928,0.1158294705882353,58.665409000000004,4662.392750470588,1.0,30
10,18,21044761.149415,0.1430496111111111,131.30168138888888,4669.679687555556,1.0,30
11,27,26054503.596435,0.13955492592592592,120.3630575925926,4664.632758259259,1.0,30
12,46,31007065.337573,0.14652752173913045,146.96688404347825,4647.818868804347,1.0,30
13,361,221924702.155594,0.11888281994459833,88.4925400831025,4584.346873113574,1.0,30
14,601,469926610.519591,0.1202941214642263,93.8771370532446,4566.943816798668,1.0,30
15,770,476324242.188266,0.1103769051948052,79.26565091298701,4555.890287035065,0.9905194805194806,30
16,944,522189128.016512,0.1063635190677966,76.92616577118643,4543.227673043431,0.9536016949152543,30
17,1145,485176133.768059,0.09249409956331878,50.77301553449782,4530.207878598254,0.9126550218340611,30
18,1322,508519190.471702,0.09121996671709531,49.12663892360061,4521.125942981089,0.8807261724659606,30
19,1745,562127354.762124,0.08196403266475645,31.217271230945556,4493.643951214327,0.7996160458452721,30
20,15,15054.307061,0.09352433333333333,48.4375864,4537.302962266666,1.0,30
21,1576,191717913.559017,0.13241027982233503,114.82947094098984,4515.687403346446,0.8506916243654823,30
22,1744,507607127.332237,0.1201538383027523,90.19569399369267,4507.374261439793,0.8286639908256881,30
23,1927,540652288.11431,0.1127910773222626,89.42149800778412,4501.523060731189,0.8126621691748832,30
24,2590,582457383.059204,0.10890977258687258,83.46116917027027,4492.81183717027,0.7658610038610039,30
25,2424,543488882.533782,0.10220677103960396,63.3683974170792,4504.45948354538,0.7916955445544555,30
26,2274,635953538.789031,0.10012404045734388,66.3130912823219,4517.8191085672825,0.8224450307827617,30
27,2870,115728684.758228,0.1273607644599303,103.92974115958188,4526.21455369094,0.8261463414634146,30
28,2870,549998003.120263,0.12101866898954704,89.52967854703833,4532.382545911846,0.8386097560975609,30
29,2870,572354809.324357,0.12942291986062718,119.88661454634145,4542.702220419512,0.857397212543554,30
30,2870,538011763.54677,0.12243860104529616,104.95269169024391,4553.074371201742,0.8755749128919861,30
31,2870,615878025.807274,0.11363160383275261,98.31832136585365,4563.499605480488,0.8970871080139372,30
1,1434,131902073.227639,0.13571753138075315,19.061251126220363,4389.063258649233,0.49679218967921895,31
2,1769,182155357.43813,0.13615683776144716,20.08137797060486,4418.125935159977,0.581232334652346,31
3,1522,189890197.494006,0.1381202555847569,21.33183558672799,4412.379650550592,0.545335085413929,31
4,2090,254789662.858787,0.1401810923444976,22.91015300909091,4447.453025247369,0.6746411483253588,31
5,1775,175012196.506484,0.13918828845070422,21.389680723943663,4456.728898569578,0.7061408450704226,31
6,4,13002.286011,0.14394325,37.1098585,4652.96044925,1.0,31
7,10,946893.740295,0.13443290000000002,31.6757877,4655.1468749,1.0,31
8,12,5905266.995118001,0.21809008333333335,174.0617045,4660.912353583333,1.0,31
9,17,5751422.53003,0.16318629411764704,58.665409000000004,4662.392750470588,1.0,31
10,18,12173591.491211,0.20153544444444446,131.30168138888888,4669.679687555556,1.0,31
11,27,15074759.010987,0.1966119259259259,120.3630575925926,4664.632758259259,1.0,31
12,46,18057260.538514,0.20643536956521738,146.96688404347825,4647.818868804347,1.0,31
13,361,128113373.928628,0.16748807202216068,88.45529530747922,4584.346873113574,1.0,31
14,601,273182864.584096,0.16947636938435942,93.78466918801996,4566.943816798668,1.0,31
15,770,279187742.924583,0.15550452597402598,79.14345413246754,4555.890287035065,0.9905194805194806,31
16,944,307569409.895494,0.14985023199152542,76.76298348728814,4543.227673043431,0.9536016949152543,31
17,1145,287652264.91431,0.13031027772925763,50.59166606724891,4530.207878598254,0.9126550218340611,31
18,1322,303026405.968109,0.12851520574886535,48.90347095461422,4521.125942981089,0.8807261724659606,31
19,1745,334517324.122798,0.115475023495702,30.984359198280803,4493.643951214327,0.7996160458452721,31
20,15,21209.260147999998,0.13176193333333333,48.371277,4537.302962266666,1.0,31
21,1576,119942692.266325,0.18654623286802033,114.79167768464468,4515.687403346446,0.8506916243654823,31
22,1744,315184224.395756,0.16927873279816513,90.1374355940367,4507.374261439793,0.8286639908256881,31
23,1927,334644646.464023,0.15890571198754538,89.33189301868188,4501.523060731189,0.8126621691748832,31
24,2590,366587690.019193,0.1534375301158301,83.24375472818532,4492.81183717027,0.7658610038610039,31
25,2424,341774539.642732,0.14399399298679869,63.18555162788779,4504.45948354538,0.7916955445544555,31
26,2274,391273207.687636,0.14105974406332453,66.15136479859278,4517.8191085672825,0.8224450307827617,31
27,2870,75795615.776709,0.17943220209059232,103.91340108989547,4526.21455369094,0.8261463414634146,31
28,2870,359902501.395226,0.17049716585365854,89.49436483728223,4532.382545911846,0.8386097560975609,31
29,2870,375783422.84767,0.1823374867595819,119.82229207526132,4542.702220419512,0.857397212543554,31
30,2870,354074354.826866,0.17249762578397212,104.8691241728223,4553.074371201742,0.8755749128919861,31
31,2870,394470728.636671,0.1600898825783972,98.24358941602787,4563.499605480488,0.8970871080139372,31
1,1434,131980094.905605,0.11621973012552302,19.061251126220363,4389.063258649233,0.49679218967921895,32
2,1769,183215501.046506,0.11659594064443188,20.08137797060486,4418.125935159977,0.581232334652346,32
3,1522,192411989.824801,0.11827728515111695,21.33183558672799,4412.379650550592,0.545335085413929,32
4,2090,258228543.973772,0.12004207320574163,22.91015300909091,4447.453025247369,0.6746411483253588,32
5,1775,175597801.104134,0.1191918895774648,21.389680723943663,4456.728898569578,0.7061408450704226,32
6,4,11134.320067999999,0.12326375,37.1098585,4652.96044925,1.0,32
7,10,989434.335235,0.11511960000000002,31.6757877,4655.1468749,1.0,32
8,12,6197137.342773,0.18675833333333333,174.0617045,4660.912353583333,1.0,32
9,17,6033391.738038,0.13974241176470587,58.665409000000004,4662.392750470588,1.0,32
10,18,12797572.496094,0.17258205555555556,131.30168138888888,4669.679687555556,1.0,32
11,27,15846378.787354,0.1683658148148148,120.3630575925926,4664.632758259259,1.0,32
12,46,18942851.415144,0.17677795652173914,146.96688404347825,4647.818868804347,1.0,32
13,361,134766580.233787,0.1434259861495845,88.46625544875346,4584.346873113574,1.0,32
14,601,286739494.880778,0.14512865058236274,93.81187998336107,4566.943816798668,1.0,32
15,770,292290186.135611,0.13316407142857142,79.17941336883116,4555.890287035065,0.9905194805194806,32
16,944,321514610.868202,0.12832208262711864,76.81100362711864,4543.227673043431,0.9536016949152543,32
17,1145,300082678.020495,0.11158934148471615,50.64503231441048,4530.207878598254,0.9126550218340611,32
18,1322,315626073.1362,0.11005217397881999,48.969143251134646,4521.125942981089,0.8807261724659606,32
19,1745,348572167.672752,0.09888537994269342,31.052898941547276,4493.643951214327,0.7996160458452721,32
20,15,18162.244893,0.11283233333333334,48.39079006666667,4537.302962266666,1.0,32
21,1576,123100599.216569,0.1597461782994924,114.80279922588832,4515.687403346446,0.8506916243654823,32
22,1744,324211912.342601,0.14495940883027522,90.15457947133027,4507.374261439793,0.8286639908256881,32
23,1927,344555701.094547,0.136076611831863,89.35826135651271,4501.523060731189,0.8126621691748832,32
24,2590,375569637.642274,0.131394005019305,83.30773393088803,4492.81183717027,0.7658610038610039,32
25,2424,350235791.91955,0.12330719348184818,63.2393582169967,4504.45948354538,0.7916955445544555,32
26,2274,403590668.974015,0.12079448284960422,66.19895654485488,4517.8191085672825,0.8224450307827617,32
27,2870,76753583.362403,0.1536541763066202,103.91820953379792,4526.21455369094,0.8261463414634146,32
28,2870,364543103.519709,0.1460027867595819,89.50475670905924,4532.382545911846,0.8386097560975609,32
29,2870,380262989.13106,0.15614207979094077,119.84122043902438,4542.702220419512,0.857397212543554,32
30,2870,358050650.082199,0.14771586202090592,104.89371584425086,4553.074371201742,0.8755749128919861,32
31,2870,402054175.869674,0.13709067421602789,98.26558101498259,4563.499605480488,0.8970871080139372,32
1,1434,111426005.920735,0.07910310320781032,19.061251126220363,4389.063258649233,0.49679218967921895,33
2,1769,155607306.442944,0.07935915093273035,20.08137797060486,4418.125935159977,0.581232334652346,33
3,1522,164786885.462706,0.08050355716162944,21.33183558672799,4412.379650550592,0.545335085413929,33
4,2090,221206932.544285,0.0817047090909091,22.91015300909091,4447.453025247369,0.6746411483253588,33
5,1775,148719122.737631,0.0811260585915493,21.389680723943663,4456.728898569578,0.7061408450704226,33
6,4,7578.397095,0.08389775,37.1098585,4652.96044925,1.0,33
7,10,876120.98404,0.07835450000000001,31.6757877,4655.1468749,1.0,33
8,12,5512131.273437,0.1271139166666667,174.0617045,4660.912353583333,1.0,33
9,17,5364357.843994,0.09511335294117647,58.665409000000004,4662.392750470588,1.0,33
10,18,11403630.314454999,0.11746527777777777,131.30168138888888,4669.679687555556,1.0,33
11,27,14119368.804934,0.11459551851851851,120.3630575925926,4664.632758259259,1.0,33
12,46,16842600.111924,0.12032110869565217,146.96688404347825,4647.818868804347,1.0,33
13,361,120167471.957978,0.09762058448753462,88.3096232631579,4584.346873113574,1.0,33
14,601,255094929.876268,0.09877948918469218,93.42300812645591,4566.943816798668,1.0,33
15,770,259336556.900961,0.0906359948051948,78.6655171857143,4555.890287035065,0.9905194805194806,33
16,944,284811976.501261,0.08734038241525423,76.12474374788137,4543.227673043431,0.9536016949152543,33
17,1145,265257838.689182,0.07595149170305676,49.88237066724891,4530.207878598254,0.9126550218340611,33
18,1322,278536134.424104,0.07490524205748866,48.03061469667171,4521.125942981089,0.8807261724659606,33
19,1745,307746707.133138,0.0673047541547278,30.073391944412606,4493.643951214327,0.7996160458452721,33
20,15,12361.840972,0.07679746666666666,48.11192726666666,4537.302962266666,1.0,33
21,1576,106927866.90854199,0.10872867893401016,114.64386045875635,4515.687403346446,0.8506916243654823,33
22,1744,282308244.858844,0.09866430676605505,89.90957492431193,4507.374261439793,0.8286639908256881,33
23,1927,300330642.889053,0.09261836896730669,88.9814293087701,4501.523060731189,0.8126621691748832,33
24,2590,325593740.59917,0.08943123243243244,82.39340167799227,4492.81183717027,0.7658610038610039,33
25,2424,303713782.295623,0.08392707136963697,62.47040377887789,4504.45948354538,0.7916955445544555,33
26,2274,352476627.615929,0.08221684300791557,65.51881900967457,4517.8191085672825,0.8224450307827617,33
27,2870,65687232.027864,0.10458226167247386,103.84949169547039,4526.21455369094,0.8261463414634146,33
28,2870,312071346.904185,0.09937445574912891,89.3562456097561,4532.382545911846,0.8386097560975609,33
29,2870,325177531.827281,0.10627561149825784,119.57071355505227,4542.702220419512,0.857397212543554,33
30,2870,305948081.631608,0.10054042752613239,104.54227428222995,4553.074371201742,0.8755749128919861,33
31,2870,346579233.785393,0.0933085763066202,97.9512972620209,4563.499605480488,0.8970871080139372,33
1,1434,198652388.288663,0.10512101952580194,19.061251126220363,4389.063258649233,0.49679218967921895,34
2,1769,279166309.806747,0.10546127699265122,20.08137797060486,4418.125935159977,0.581232334652346,34
3,1522,298204058.724463,0.1069820420499343,21.33183558672799,4412.379650550592,0.545335085413929,34
4,2090,400402293.484243,0.10857830382775119,22.91015300909091,4447.453025247369,0.6746411483253588,34
5,1775,266023387.415029,0.1078093233802817,21.389680723943663,4456.728898569578,0.7061408450704226,34
6,4,10071.01648,0.11149225,37.1098585,4652.96044925,1.0,34
7,10,1638955.841035,0.10412600000000001,31.6757877,4655.1468749,1.0,34
8,12,10356006.469726,0.16892325,174.0617045,4660.912353583333,1.0,34
9,17,10074561.422854,0.12639723529411764,58.665409000000004,4662.392750470588,1.0,34
10,18,21461761.955079,0.15610077777777778,131.30168138888888,4669.679687555556,1.0,34
11,27,26571049.667482,0.1522871851851852,120.3630575925926,4664.632758259259,1.0,34
12,46,31631861.833894998,0.15989608695652174,146.96688404347825,4647.818868804347,1.0,34
13,361,226299621.068701,0.12972913850415513,88.44098810526316,4584.346873113574,1.0,34
14,601,479354120.143931,0.13126917304492514,93.74914857404326,4566.943816798668,1.0,34
15,770,486076701.847988,0.12044718571428571,79.09651348051948,4555.890287035065,0.9905194805194806,34
16,944,533009559.239916,0.11606760805084747,76.70029865677967,4543.227673043431,0.9536016949152543,34
17,1145,495391603.073898,0.10093278777292577,50.522002509170306,4530.207878598254,0.9126550218340611,34
18,1322,519358126.082037,0.09954240620272314,48.817743214826024,4521.125942981089,0.8807261724659606,34
19,1745,574069868.457388,0.08944202750716332,30.89488838739255,4493.643951214327,0.7996160458452721,34
20,15,16427.788299,0.10205706666666667,48.34580493333333,4537.302962266666,1.0,34
21,1576,196294403.539298,0.14449075,114.77715979441625,4515.687403346446,0.8506916243654823,34
22,1744,519519036.854064,0.13111609346330275,90.11505622477064,4507.374261439793,0.8286639908256881,34
23,1927,553248665.963966,0.1230815952257395,89.29747216761805,4501.523060731189,0.8126621691748832,34
24,2590,596549584.140558,0.1188461749034749,83.16023715096524,4492.81183717027,0.7658610038610039,34
25,2424,556613568.85705,0.11153162293729371,63.115313263201315,4504.45948354538,0.7916955445544555,34
26,2274,650567349.463123,0.10925886235708004,66.08923920712402,4517.8191085672825,0.8224450307827617,34
27,2870,118783095.04542801,0.13898052334494773,103.90712421777003,4526.21455369094,0.8261463414634146,34
28,2870,564486976.761394,0.13205981951219511,89.4807994358885,4532.382545911846,0.8386097560975609,34
29,2870,587540366.9916,0.14123083135888503,119.79758324111499,4542.702220419512,0.857397212543554,34
30,2870,552358313.58758,0.13360929895470383,104.83702255365853,4553.074371201742,0.8755749128919861,34
31,2870,631367867.9987,0.12399880174216027,98.21488189198607,4563.499605480488,0.8970871080139372,34
1,1434,145404071.242538,0.13544130264993026,19.061251126220363,4389.063258649233,0.49679218967921895,35
2,1769,201490729.124654,0.13587971339739965,20.08137797060486,4418.125935159977,0.581232334652346,35
3,1522,211071831.828484,0.13783912614980287,21.33183558672799,4412.379650550592,0.545335085413929,35
4,2090,283250574.179374,0.13989577799043063,22.91015300909091,4447.453025247369,0.6746411483253588,35
5,1775,193275996.84461,0.13890500394366198,21.389680723943663,4456.728898569578,0.7061408450704226,35
6,4,12975.822632,0.14365050000000001,37.1098585,4652.96044925,1.0,35
7,10,1074202.944275,0.1341593,31.6757877,4655.1468749,1.0,35
8,12,6718453.280274,0.217646,174.0617045,4660.912353583333,1.0,35
9,17,6541760.95996,0.16285429411764707,58.665409000000004,4662.392750470588,1.0,35
10,18,13866094.955079,0.20112533333333332,131.30168138888888,4669.679687555556,1.0,35
11,27,17169842.476075,0.1962118148148148,120.3630575925926,4664.632758259259,1.0,35
12,46,20538848.931219,0.2060152391304348,146.96688404347825,4647.818868804347,1.0,35
13,361,145987678.721989,0.16714718005540166,88.40865865650969,4584.346873113574,1.0,35
14,601,310840994.034253,0.16913141597337772,93.66888402662231,4566.943816798668,1.0,35
15,770,317129283.088454,0.15518803376623377,78.99044347272728,4555.890287035065,0.9905194805194806,35
16,944,349013965.142037,0.14954523093220337,76.55865216419492,4543.227673043431,0.9536016949152543,35
17,1145,325970288.075387,0.13004507336244542,50.36458639737991,4530.207878598254,0.9126550218340611,35
18,1322,343034093.20944,0.12825365052950075,48.62402756580938,4521.125942981089,0.8807261724659606,35
19,1745,378788183.768129,0.11523998567335243,30.692714677363895,4493.643951214327,0.7996160458452721,35
20,15,21166.092438,0.13149366666666668,48.288246666666666,4537.302962266666,1.0,35
21,1576,134454535.976857,0.186166548857868,114.74435426522842,4515.687403346446,0.8506916243654823,35
22,1744,353846160.482894,0.1689342110091743,90.06448640424311,4507.374261439793,0.8286639908256881,35
23,1927,375929593.474049,0.15858227140633108,89.21969268655943,4501.523060731189,0.8126621691748832,35
24,2590,410456371.336707,0.15312523436293438,82.9715156980695,4492.81183717027,0.7658610038610039,35
25,2424,382737044.375155,0.14370093275577556,62.9565983209571,4504.45948354538,0.7916955445544555,35
26,2274,440072163.317518,0.14077265259454705,65.94885639709763,4517.8191085672825,0.8224450307827617,35
27,2870,84215184.587036,0.17906698675958185,103.89294061184668,4526.21455369094,0.8261463414634146,35
28,2870,399947858.297595,0.17015014076655052,89.45014621498258,4532.382545911846,0.8386097560975609,35
29,2870,417331069.452874,0.18196636968641114,119.74174965679443,4542.702220419512,0.857397212543554,35
30,2870,393044849.541728,0.17214653832752613,104.76448376271776,4553.074371201742,0.8755749128919861,35
31,2870,440169583.644763,0.15976405888501743,98.15001261881532,4563.499605480488,0.8970871080139372,35
1,1434,161840943.880552,0.08565868340306834,19.061251126220363,4389.063258649233,0.49679218967921895,36
2,1769,227434332.538661,0.08593592933860938,20.08137797060486,4418.125935159977,0.581232334652346,36
3,1522,242942995.919502,0.08717515374507229,21.33183558672799,4412.379650550592,0.545335085413929,36
4,2090,326202525.73984,0.08847588038277512,22.91015300909091,4447.453025247369,0.6746411483253588,36
5,1775,216727278.43686,0.08784926704225351,21.389680723943663,4456.728898569578,0.7061408450704226,36
6,4,8206.445923,0.0908505,37.1098585,4652.96044925,1.0,36
7,10,1335210.937867,0.0848479,31.6757877,4655.1468749,1.0,36
8,12,8436724.819336,0.1376485,174.0617045,4660.912353583333,1.0,36
9,17,8207441.7966289995,0.10299570588235295,58.665409000000004,4662.392750470588,1.0,36
10,18,17484230.325195998,0.12719983333333335,131.30168138888888,4669.679687555556,1.0,36
11,27,21646608.988159,0.12409244444444445,120.3630575925926,4664.632758259259,1.0,36
12,46,25769525.64261,0.13029252173913045,146.96688404347825,4647.818868804347,1.0,36
13,361,184359203.891372,0.1057107756232687,88.39904443490305,4584.346873113574,1.0,36
14,601,390515246.564527,0.10696569883527454,93.64501473876871,4566.943816798668,1.0,36
15,770,395992488.04388,0.09814730129870129,78.95890006753247,4555.890287035065,0.9905194805194806,36
16,944,434227693.480906,0.09457859216101695,76.5165289279661,4543.227673043431,0.9536016949152543,36
17,1145,403581884.334607,0.08224588034934498,50.31777355458515,4530.207878598254,0.9126550218340611,36
18,1322,423107137.085737,0.08111290166414524,48.56641986459909,4521.125942981089,0.8807261724659606,36
19,1745,467679209.250676,0.07288251805157593,30.632591655014327,4493.643951214327,0.7996160458452721,36
20,15,13386.311118,0.083162,48.27112973333333,4537.302962266666,1.0,36
21,1576,159917196.301035,0.11773942068527918,114.73459846129442,4515.687403346446,0.8506916243654823,36
22,1744,423241370.095688,0.10684097362385321,90.04944780963302,4507.374261439793,0.8286639908256881,36
23,1927,450719935.772536,0.10029398287493513,89.19656240114168,4501.523060731189,0.8126621691748832,36
24,2590,485997773.8687,0.09684271312741313,82.91539317683399,4492.81183717027,0.7658610038610039,36
25,2424,453462577.725194,0.09088240429042904,62.90939921122112,4504.45948354538,0.7916955445544555,36
26,2274,530002819.328698,0.08903043931398417,65.9071089467898,4517.8191085672825,0.8224450307827617,36
27,2870,96771093.901268,0.11324936411149825,103.88872265017422,4526.21455369094,0.8261463414634146,36
28,2870,459880363.884272,0.10760997282229966,89.44103047212543,4532.382545911846,0.8386097560975609,36
29,2870,478661976.82288903,0.11508304494773519,119.72514570383277,4542.702220419512,0.857397212543554,36
30,2870,449999790.260488,0.10887257212543555,104.74291197456446,4553.074371201742,0.8755749128919861,36
31,2870,514365270.496853,0.1010413818815331,98.13072159616725,4563.499605480488,0.8970871080139372,36
1,1434,185376045.18736202,0.13492368479776848,19.061251126220363,4389.063258649233,0.49679218967921895,37
2,1769,258717510.892221,0.1353603962690786,20.08137797060486,4418.125935159977,0.581232334652346,37
3,1522,273742046.476694,0.1373123534822602,21.33183558672799,4412.379650550592,0.545335085413929,37
4,2090,367457243.715251,0.13936114162679428,22.91015300909091,4447.453025247369,0.6746411483253588,37
5,1775,247337659.715221,0.1383741509859155,21.389680723943663,4456.728898569578,0.7061408450704226,37
6,4,12926.231934000001,0.1431015,37.1098585,4652.96044925,1.0,37
7,10,1450451.911957,0.1336466,31.6757877,4655.1468749,1.0,37
8,12,9121429.619142,0.21681441666666668,174.0617045,4660.912353583333,1.0,37
9,17,8877247.60083,0.16223188235294117,58.665409000000004,4662.392750470588,1.0,37
10,18,18867209.204102,0.20035672222222223,131.30168138888888,4669.679687555556,1.0,37
11,27,23360538.657715,0.19546196296296295,120.3630575925926,4664.632758259259,1.0,37
12,46,27872054.43323,0.20522782608695653,146.96688404347825,4647.818868804347,1.0,37
13,361,198802818.199263,0.16650836842105263,88.35450930747922,4584.346873113574,1.0,37
14,601,422120620.575008,0.1684850415973378,93.53444702828618,4566.943816798668,1.0,37
15,770,429254955.470616,0.15459494545454544,78.81278427922078,4555.890287035065,0.9905194805194806,37
16,944,471497476.00323,0.14897372033898304,76.32140506461863,4543.227673043431,0.9536016949152543,37
17,1145,439220898.57931,0.12954808384279476,50.1009264209607,4530.207878598254,0.9126550218340611,37
18,1322,461284419.088836,0.12776348335854765,48.29956858850227,4521.125942981089,0.8807261724659606,37
19,1745,509637383.530773,0.11479959598853869,30.354089021776506,4493.643951214327,0.7996160458452721,37
20,15,21085.200469,0.13099113333333331,48.19184093333333,4537.302962266666,1.0,37
21,1576,177368796.085753,0.18545506345177665,114.68940749936549,4515.687403346446,0.8506916243654823,37
22,1744,468167319.111744,0.16828858371559632,89.97978581594036,4507.374261439793,0.8286639908256881,37
23,1927,498002683.111798,0.1579762262584328,89.08941797042034,4501.523060731189,0.8126621691748832,37
24,2590,540192999.639459,0.15254003243243244,82.65542162355212,4492.81183717027,0.7658610038610039,37
25,2424,503877847.780412,0.14315175536303631,62.69076284447195,4504.45948354538,0.7916955445544555,37
26,2274,584353708.43787,0.1402346600703606,65.71372585180299,4517.8191085672825,0.8224450307827617,37
27,2870,109126891.788984,0.1783826456445993,103.86918415017422,4526.21455369094,0.8261463414634146,37
28,2870,518432223.801025,0.16949986445993032,89.39880439721254,4532.382545911846,0.8386097560975609,37
29,2870,540265505.05568,0.18127093902439026,119.64823264181184,4542.702220419512,0.857397212543554,37
30,2870,508357283.141108,0.17148863344947735,104.64298679303135,4553.074371201742,0.8755749128919861,37
31,2870,575346038.833425,0.15915348989547037,98.04136148083623,4563.499605480488,0.8970871080139372,37
1,1434,223900825.780597,0.1129287280334728,19.061251126220363,4389.063258649233,0.49679218967921895,38
2,1769,314918088.001335,0.11329424816280385,20.08137797060486,4418.125935159977,0.581232334652346,38
3,1522,336788785.356556,0.11492799540078844,21.33183558672799,4412.379650550592,0.545335085413929,38
4,2090,452225500.29677,0.1166427937799043,22.91015300909091,4447.453025247369,0.6746411483253588,38
5,1775,299971319.790891,0.11581669690140844,21.389680723943663,4456.728898569578,0.7061408450704226,38
6,4,10819.025269,0.1197735,37.1098585,4652.96044925,1.0,38
7,10,1859172.053986,0.1118597,31.6757877,4655.1468749,1.0,38
8,12,11754034.475586,0.18146974999999999,174.0617045,4660.912353583333,1.0,38
9,17,11434035.951172,0.13578523529411765,58.665409000000004,4662.392750470588,1.0,38
10,18,24364461.968752,0.16769494444444444,131.30168138888888,4669.679687555556,1.0,38
11,27,30164522.3761,0.16359803703703704,120.3630575925926,4664.632758259259,1.0,38
12,46,35900382.383636996,0.17177210869565218,146.96688404347825,4647.818868804347,1.0,38
13,361,256927574.957389,0.1393645346260388,88.44705126869806,4584.346873113574,1.0,38
14,601,544078669.238482,0.1410189517470882,93.76420165058236,4566.943816798668,1.0,38
15,770,551525840.322369,0.1293932142857143,79.11640618051948,4555.890287035065,0.9905194805194806,38
16,944,604658075.056879,0.12468833156779661,76.72686347987289,4543.227673043431,0.9536016949152543,38
17,1145,561832626.265039,0.10842942358078603,50.55152480349345,4530.207878598254,0.9126550218340611,38
18,1322,588890689.280347,0.10693576096822996,48.85407325869894,4521.125942981089,0.8807261724659606,38
19,1745,650963676.436583,0.09608519942693411,30.932804714613184,4493.643951214327,0.7996160458452721,38
20,15,17647.936707,0.10963713333333333,48.356599599999996,4537.302962266666,1.0,38
21,1576,222118718.778357,0.15522257614213197,114.78331224492385,4515.687403346446,0.8506916243654823,38
22,1744,588056872.5395811,0.1408545384174312,90.12454024311927,4507.374261439793,0.8286639908256881,38
23,1927,626320778.114604,0.1322232724442138,89.31205917280748,4501.523060731189,0.8126621691748832,38
24,2590,674856289.439535,0.1276732799227799,83.19563055907336,4492.81183717027,0.7658610038610039,38
25,2424,629700944.08143,0.1198154694719472,63.14507916749175,4504.45948354538,0.7916955445544555,38
26,2274,736681573.658293,0.1173739072119613,66.11556705540896,4517.8191085672825,0.8224450307827617,38
27,2870,134139256.47811,0.1493030898954704,103.90978426027876,4526.21455369094,0.8261463414634146,38
28,2870,637488335.76361,0.14186836585365853,89.48654823554007,4532.382545911846,0.8386097560975609,38
29,2870,663423436.979947,0.1517205432055749,119.8080544543554,4542.702220419512,0.857397212543554,38
30,2870,623630687.234053,0.14353291637630664,104.85062670940766,4553.074371201742,0.8755749128919861,38
31,2870,713698587.21455,0.13320861777003484,98.22704770000001,4563.499605480488,0.8970871080139372,38
1,1434,156171318.527035,0.09319863737796374,19.061251126220363,4389.063258649233,0.49679218967921895,39
2,1769,218954063.362871,0.09350032956472584,20.08137797060486,4418.125935159977,0.581232334652346,39
3,1522,233134942.517394,0.09484862023653089,21.33183558672799,4412.379650550592,0.545335085413929,39
4,2090,313004628.499111,0.09626382679425836,22.91015300909091,4447.453025247369,0.6746411483253588,39
5,1775,208875317.114965,0.0955820433802817,21.389680723943663,4456.728898569578,0.7061408450704226,39
6,4,8928.805909,0.0988475,37.1098585,4652.96044925,1.0,39
7,10,1265833.5076610001,0.0923165,31.6757877,4655.1468749,1.0,39
8,12,7985907.427734,0.14976475,174.0617045,4660.912353583333,1.0,39
9,17,7769938.143066,0.11206176470588235,58.665409000000004,4662.392750470588,1.0,39
10,18,16539648.735352,0.13839661111111112,131.30168138888888,4669.679687555556,1.0,39
11,27,20477646.093996998,0.13501559259259258,120.3630575925926,4664.632758259259,1.0,39
12,46,24395715.086245,0.1417613695652174,146.96688404347825,4647.818868804347,1.0,39
13,361,174359449.139145,0.11501580609418281,88.48402319667589,4584.346873113574,1.0,39
14,601,369622824.27717,0.11638117970049916,93.85599208818635,4566.943816798668,1.0,39
15,770,375154635.259484,0.10678660909090909,79.23770774155844,4555.890287035065,0.9905194805194806,39
16,944,411605680.515097,0.10290369279661017,76.88885028072035,4543.227673043431,0.9536016949152543,39
17,1145,382842672.715158,0.08948545065502184,50.73154569956332,4530.207878598254,0.9126550218340611,39
18,1322,401597678.864687,0.08825275491679274,49.075606301815434,4521.125942981089,0.8807261724659606,39
19,1745,443834869.055535,0.0792979128939828,31.16401039713467,4493.643951214327,0.7996160458452721,39
20,15,14564.620972,0.09048233333333333,48.42242306666667,4537.302962266666,1.0,39
21,1576,152652951.25088,0.12810323730964468,114.82082862246193,4515.687403346446,0.8506916243654823,39
22,1744,403654231.935936,0.11624547362385321,90.1823718331422,4507.374261439793,0.8286639908256881,39
23,1927,429700760.671066,0.10912222158796056,89.4010077176959,4501.523060731189,0.8126621691748832,39
24,2590,464253145.382506,0.10536715791505791,83.41145223436293,4492.81183717027,0.7658610038610039,39
25,2424,433130164.547001,0.09888220379537954,63.32658543028053,4504.45948354538,0.7916955445544555,39
26,2274,504928625.996902,0.09686720448548813,66.27610870756376,4517.8191085672825,0.8224450307827617,39
27,2870,92889371.804373,0.1232179780487805,103.92600461846689,4526.21455369094,0.8261463414634146,39
28,2870,441385921.280926,0.11708218048780489,89.52160323449478,4532.382545911846,0.8386097560975609,39
29,2870,459601335.244541,0.12521307038327525,119.87190569268293,4542.702220419512,0.857397212543554,39
30,2870,432207291.141028,0.1184559142857143,104.93358200905924,4553.074371201742,0.8755749128919861,39
31,2870,492388697.219489,0.10993540696864111,98.30123214494773,4563.499605480488,0.8970871080139372,39
1,1434,186344210.270355,0.12837884379358439,19.061251126220363,4389.063258649233,0.49679218967921895,40
2,1769,260421378.88735,0.1287943917467496,20.08137797060486,4418.125935159977,0.581232334652346,40
3,1522,276063912.088975,0.13065164848883049,21.33183558672799,4412.379650550592,0.545335085413929,40
4,2090,370593931.904686,0.13260107033492824,22.91015300909091,4447.453025247369,0.6746411483253588,40
5,1775,248807939.926141,0.13166195211267606,21.389680723943663,4456.728898569578,0.7061408450704226,40
6,4,12299.211793,0.13616,37.1098585,4652.96044925,1.0,40
7,10,1473572.0840450001,0.1271637,31.6757877,4655.1468749,1.0,40
8,12,9275850.410157,0.20629716666666667,174.0617045,4660.912353583333,1.0,40
9,17,9026760.665041,0.15436229411764707,58.665409000000004,4662.392750470588,1.0,40
10,18,19194132.466798,0.19063788888888888,131.30168138888888,4669.679687555556,1.0,40
11,27,23764962.267821,0.1859805185185185,120.3630575925926,4664.632758259259,1.0,40
12,46,28341589.722507,0.19527271739130433,146.96688404347825,4647.818868804347,1.0,40
13,361,202276637.980283,0.1584314376731302,88.39177768421052,4584.346873113574,1.0,40
14,601,429285235.074273,0.16031222129783693,93.62697353078204,4566.943816798668,1.0,40
15,770,436287338.970671,0.1470959090909091,78.93505852987012,4555.890287035065,0.9905194805194806,40
16,944,479056325.679382,0.14174736440677968,76.48469078919491,4543.227673043431,0.9536016949152543,40
17,1145,446054631.369506,0.12326398864628822,50.282390869869,4530.207878598254,0.9126550218340611,40
18,1322,468292686.795534,0.1215659856278366,48.522878057488654,4521.125942981089,0.8807261724659606,40
19,1745,517430123.771152,0.10923090544412609,30.587148734097422,4493.643951214327,0.7996160458452721,40
20,15,20062.408144,0.12463693333333332,48.258192333333334,4537.302962266666,1.0,40
21,1576,179438200.395353,0.17645906598984773,114.72722471002538,4515.687403346446,0.8506916243654823,40
22,1744,473886217.657817,0.1601253010321101,90.03808114736239,4507.374261439793,0.8286639908256881,40
23,1927,504200243.166537,0.1503131759211209,89.17907977426052,4501.523060731189,0.8126621691748832,40
24,2590,546259872.058746,0.14514066525096525,82.87297393243243,4492.81183717027,0.7658610038610039,40
25,2424,509567684.433007,0.13620779537953795,62.873724579207924,4504.45948354538,0.7916955445544555,40
26,2274,591880903.985719,0.1334321983289358,65.87555486499559,4517.8191085672825,0.8224450307827617,40
27,2870,110034951.103466,0.16972973101045297,103.88553457874565,4526.21455369094,0.8261463414634146,40
28,2870,522779371.417671,0.16127783588850175,89.43414049581881,4532.382545911846,0.8386097560975609,40
29,2870,544663568.441869,0.17247792404181184,119.7125958933798,4542.702220419512,0.857397212543554,40
30,2870,512407097.546581,0.1631701261324042,104.7266073010453,4553.074371201742,0.8755749128919861,40
31,2870,581072549.110537,0.15143331811846691,98.11614081254355,4563.499605480488,0.8970871080139372,40
1,1434,89795451.709307,0.07900246443514644,19.061251126220363,4389.063258649233,0.49679218967921895,41
2,1769,124657955.148984,0.07925819389485585,20.08137797060486,4418.125935159977,0.581232334652346,41
3,1522,130920198.282051,0.08040112417871222,21.33183558672799,4412.379650550592,0.545335085413929,41
4,2090,175703029.923168,0.08160076315789473,22.91015300909091,4447.453025247369,0.6746411483253588,41
5,1775,119473407.28828,0.08102284,21.389680723943663,4456.728898569578,0.7061408450704226,41
6,4,7568.754518000001,0.0837905,37.1098585,4652.96044925,1.0,41
7,10,673332.892639,0.0782548,31.6757877,4655.1468749,1.0,41
8,12,4217386.045899,0.12695233333333333,174.0617045,4660.912353583333,1.0,41
9,17,4105943.218752,0.09499241176470588,58.665409000000004,4662.392750470588,1.0,41
10,18,8709307.558595,0.11731566666666667,131.30168138888888,4669.679687555556,1.0,41
11,27,10784150.409913,0.11444974074074074,120.3630575925926,4664.632758259259,1.0,41
12,46,12891302.943039,0.120168,146.96688404347825,4647.818868804347,1.0,41
13,361,91714848.088651,0.09749642105263158,88.29339360387812,4584.346873113574,1.0,41
14,601,195137249.292849,0.09865380532445923,93.38271463560731,4566.943816798668,1.0,41
15,770,198912138.832614,0.09052066883116883,78.61226913376623,4555.890287035065,0.9905194805194806,41
16,944,218798554.57959,0.08722926377118644,76.05363599152541,4543.227673043431,0.9536016949152543,41
17,1145,204211502.429389,0.07585487336244541,49.80334643755459,4530.207878598254,0.9126550218340611,41
18,1322,214787351.054868,0.0748099258698941,47.93336779576399,4521.125942981089,0.8807261724659606,41
19,1745,237208070.820129,0.06721910601719198,29.971899034383956,4493.643951214327,0.7996160458452721,41
20,15,12346.112142,0.07669973333333333,48.083032466666666,4537.302962266666,1.0,41
21,1576,83765151.226444,0.10859033629441625,114.62739180329949,4515.687403346446,0.8506916243654823,41
22,1744,220616095.411194,0.09853876949541285,89.88418844266054,4507.374261439793,0.8286639908256881,41
23,1927,234460544.491142,0.0925005256875973,88.94238334665283,4501.523060731189,0.8126621691748832,41
24,2590,255558135.728274,0.08931745482625483,82.2986619050193,4492.81183717027,0.7658610038610039,41
25,2424,238319907.514863,0.08382028011551156,62.390727523514855,4504.45948354538,0.7916955445544555,41
26,2274,274634730.039996,0.08211222911169745,65.44834564863677,4517.8191085672825,0.8224450307827617,41
27,2870,52224194.65696,0.1044491993031359,103.84237140662022,4526.21455369094,0.8261463414634146,41
28,2870,248040469.130244,0.09924801010452962,89.34085743135888,4532.382545911846,0.8386097560975609,41
29,2870,258735217.39148,0.10614037839721255,119.54268461777004,4542.702220419512,0.857397212543554,41
30,2870,243620826.210458,0.10041250696864112,104.50585918606272,4553.074371201742,0.8755749128919861,41
31,2870,273572386.510382,0.09318984425087108,97.91873233379792,4563.499605480488,0.8970871080139372,41
1,1434,136244518.419039,0.1361002880055788,19.061251126220363,4389.063258649233,0.49679218967921895,42
2,1769,188350962.038208,0.1365408185415489,20.08137797060486,4418.125935159977,0.581232334652346,42
3,1522,196644491.709086,0.13850979040735875,21.33183558672799,4412.379650550592,0.545335085413929,42
4,2090,263863915.214984,0.14057644784688994,22.91015300909091,4447.453025247369,0.6746411483253588,42
5,1775,180874496.257197,0.13958084056338027,21.389680723943663,4456.728898569578,0.7061408450704226,42
6,4,13038.955077,0.1443495,37.1098585,4652.96044925,1.0,42
7,10,986827.0994249999,0.13481210000000002,31.6757877,4655.1468749,1.0,42
8,12,6159853.830078,0.21870508333333336,174.0617045,4660.912353583333,1.0,42
9,17,5998897.29004,0.16364664705882354,58.665409000000004,4662.392750470588,1.0,42
10,18,12703069.396485,0.20210394444444446,131.30168138888888,4669.679687555556,1.0,42
11,27,15730197.760013,0.1971664814814815,120.3630575925926,4664.632758259259,1.0,42
12,46,18834302.091832,0.20701765217391305,146.96688404347825,4647.818868804347,1.0,42
13,361,133703583.809744,0.16796043490304707,88.48981480886427,4584.346873113574,1.0,42
14,601,284971631.045984,0.16995431780366058,93.87037098502496,4566.943816798668,1.0,42
15,770,291078680.525145,0.1559430974025974,79.25670953246754,4555.890287035065,0.9905194805194806,42
16,944,320567076.200663,0.15027283898305085,76.91422539830509,4543.227673043431,0.9536016949152543,42
17,1145,299680597.324043,0.13067780349344976,50.759745834061135,4530.207878598254,0.9126550218340611,42
18,1322,315594300.900947,0.12887765204236007,49.11030926475038,4521.125942981089,0.8807261724659606,42
19,1745,348421718.088885,0.11580067851002865,31.200228602865327,4493.643951214327,0.7996160458452721,42
20,15,21269.074922,0.13213333333333332,48.43273433333333,4537.302962266666,1.0,42
21,1576,124535560.945864,0.18707231725888324,114.82670553172588,4515.687403346446,0.8506916243654823,42
22,1744,327405518.546151,0.16975614621559632,90.19143111926607,4507.374261439793,0.8286639908256881,42
23,1927,347688539.977093,0.15935385884795017,89.41494143591073,4501.523060731189,0.8126621691748832,42
24,2590,380485386.858978,0.15387024903474905,83.44526052586872,4492.81183717027,0.7658610038610039,42
25,2424,354749755.441063,0.14440009240924093,63.355018233498356,4504.45948354538,0.7916955445544555,42
26,2274,406676561.365838,0.1414575659630607,66.30125742919965,4517.8191085672825,0.8224450307827617,42
27,2870,78481479.710625,0.17993822125435538,103.92854552613241,4526.21455369094,0.8261463414634146,42
28,2870,372675032.979475,0.17097799756097562,89.52709456655053,4532.382545911846,0.8386097560975609,42
29,2870,389043223.071782,0.18285172787456444,119.88190793867595,4542.702220419512,0.857397212543554,42
30,2870,366517116.656489,0.1729840975609756,104.9465768902439,4553.074371201742,0.8755749128919861,42
31,2870,408991118.935023,0.16054138013937283,98.31285309094076,4563.499605480488,0.8970871080139372,42
1,1434,163145794.086739,0.10173357322175731,19.061251126220363,4389.063258649233,0.49679218967921895,43
2,1769,228519646.744463,0.10206289259468627,20.08137797060486,4418.125935159977,0.581232334652346,43
3,1522,243008392.048155,0.1035346491458607,21.33183558672799,4412.379650550592,0.545335085413929,43
4,2090,326248735.42176,0.10507945311004785,22.91015300909091,4447.453025247369,0.6746411483253588,43
5,1775,218095838.357387,0.10433525915492958,21.389680723943663,4456.728898569578,0.7061408450704226,43
6,4,9746.485840000001,0.1079,37.1098585,4652.96044925,1.0,43
7,10,1312988.2099910001,0.10077070000000002,31.6757877,4655.1468749,1.0,43
8,12,8278141.847658,0.16347983333333335,174.0617045,4660.912353583333,1.0,43
9,17,8054719.032961,0.12232417647058824,58.665409000000004,4662.392750470588,1.0,43
10,18,17140537.478515,0.1510705,131.30168138888888,4669.679687555556,1.0,43
11,27,21221810.4657,0.1473798888888889,120.3630575925926,4664.632758259259,1.0,43
12,46,25289796.591766,0.15474352173913045,146.96688404347825,4647.818868804347,1.0,43
13,361,180677125.612076,0.12554870360110804,88.37655813296399,4584.346873113574,1.0,43
14,601,383138088.658358,0.12703910482529118,93.58918780698835,4566.943816798668,1.0,43
15,770,389019177.413085,0.11656585194805195,78.8851244922078,4555.890287035065,0.9905194805194806,43
16,944,426913615.559887,0.11232740889830509,76.41800860911017,4543.227673043431,0.9536016949152543,43
17,1145,397201772.584355,0.09768033013100436,50.20828490655022,4530.207878598254,0.9126550218340611,43
18,1322,416758591.047189,0.09633473146747353,48.431683521180034,4521.125942981089,0.8807261724659606,43
19,1745,460561206.897206,0.08655982979942693,30.491972422922636,4493.643951214327,0.7996160458452721,43
20,15,15898.416024,0.09876833333333333,48.231095800000006,4537.302962266666,1.0,43
21,1576,158780829.129893,0.13983465228426395,114.71178101649745,4515.687403346446,0.8506916243654823,43
22,1744,419706391.884478,0.12689097993119267,90.01427464965596,4507.374261439793,0.8286639908256881,43
23,1927,446721408.363871,0.11911537623248572,89.14246392423456,4501.523060731189,0.8126621691748832,43
24,2590,483028609.727853,0.11501644092664093,82.7841305034749,4492.81183717027,0.7658610038610039,43
25,2424,450628715.759639,0.10793760767326732,62.79900716790429,4504.45948354538,0.7916955445544555,43
26,2274,524778901.31443,0.10573807959542657,65.80946756068602,4517.8191085672825,0.8224450307827617,43
27,2870,96833782.46331,0.13450199163763066,103.87885743658538,4526.21455369094,0.8261463414634146,43
28,2870,460108909.357101,0.12780430348432056,89.41971003240418,4532.382545911846,0.8386097560975609,43
29,2870,479175871.824363,0.1366797857142857,119.68631140243902,4542.702220419512,0.857397212543554,43
30,2870,450667970.625633,0.12930385888501741,104.69245857874566,4553.074371201742,0.8755749128919861,43
31,2870,512736704.858805,0.12000303240418118,98.08560263832753,4563.499605480488,0.8970871080139372,43
1,1434,98210482.204919,0.10633244979079497,19.061251126220363,4389.063258649233,0.49679218967921895,44
2,1769,135370723.393641,0.10667662295081967,20.08137797060486,4418.125935159977,0.581232334652346,44
3,1522,140736825.580147,0.10821495269382392,21.33183558672799,4412.379650550592,0.545335085413929,44
4,2090,188822070.514751,0.10982957799043061,22.91015300909091,4447.453025247369,0.6746411483253588,44
5,1775,130178996.328474,0.10905173295774648,21.389680723943663,4456.728898569578,0.7061408450704226,44
6,4,10187.076538000001,0.11277725,37.1098585,4652.96044925,1.0,44
7,10,693705.725587,0.1053259,31.6757877,4655.1468749,1.0,44
8,12,4319103.248047,0.17086991666666665,174.0617045,4660.912353583333,1.0,44
9,17,4207201.313721,0.1278539411764706,58.665409000000004,4662.392750470588,1.0,44
10,18,8897732.120117,0.15789961111111112,131.30168138888888,4669.679687555556,1.0,44
11,27,11018495.586428,0.15404214814814818,120.3630575925926,4664.632758259259,1.0,44
12,46,13208912.972641,0.1617386956521739,146.96688404347825,4647.818868804347,1.0,44
13,361,93615297.380309,0.13122416343490306,88.43598225761772,4584.346873113574,1.0,44
14,601,199790841.635776,0.13278194176372712,93.73672051247921,4566.943816798668,1.0,44
15,770,204385371.404451,0.1218352168831169,79.08008974025974,4555.890287035065,0.9905194805194806,44
16,944,225294742.845548,0.11740519279661016,76.67836629555084,4543.227673043431,0.9536016949152543,44
17,1145,210870439.9679,0.10209596855895196,50.49762839039301,4530.207878598254,0.9126550218340611,44
18,1322,222274378.267813,0.10068954841149773,48.7877485332829,4521.125942981089,0.8807261724659606,44
19,1745,245334107.353467,0.09047278108882521,30.863584106017193,4493.643951214327,0.7996160458452721,44
20,15,16617.105653,0.10323326666666667,48.33689266666667,4537.302962266666,1.0,44
21,1576,88473178.447981,0.1461559016497462,114.77208022715736,4515.687403346446,0.8506916243654823,44
22,1744,232292203.551641,0.13262709862385322,90.10722605791285,4507.374261439793,0.8286639908256881,44
23,1927,246546692.852285,0.12449999584846913,89.28542888894656,4501.523060731189,0.8126621691748832,44
24,2590,270586282.85101,0.12021576795366795,83.13101577258688,4492.81183717027,0.7658610038610039,44
25,2424,252247621.41356,0.11281694719471946,63.09073804950495,4504.45948354538,0.7916955445544555,44
26,2274,288070607.698244,0.11051798988566403,66.06750251846967,4517.8191085672825,0.8224450307827617,44
27,2870,56188916.917153,0.14058215853658537,103.90492804912893,4526.21455369094,0.8261463414634146,44
28,2870,266778671.81461,0.13358171219512197,89.47605313135888,4532.382545911846,0.8386097560975609,44
29,2870,278649120.077576,0.14285840731707317,119.78893804634146,4542.702220419512,0.857397212543554,44
30,2870,262617464.941107,0.13514903832752614,104.82579075121951,4553.074371201742,0.8755749128919861,44
31,2870,291728876.425445,0.12542779547038327,98.20483763449477,4563.499605480488,0.8970871080139372,44
1,1434,92528753.751067,0.11809664923291492,19.061251126220363,4389.063258649233,0.49679218967921895,45
2,1769,126667646.134897,0.11847891351045789,20.08137797060486,4418.125935159977,0.581232334652346,45
3,1522,130389942.58359,0.1201874047306176,21.33183558672799,4412.379650550592,0.545335085413929,45
4,2090,174889240.168831,0.1219806961722488,22.91015300909091,4447.453025247369,0.6746411483253588,45
5,1775,122206656.16833,0.12111679718309859,21.389680723943663,4456.728898569578,0.7061408450704226,45
6,4,11314.134278,0.1252545,37.1098585,4652.96044925,1.0,45
7,10,615156.883971,0.1169786,31.6757877,4655.1468749,1.0,45
8,12,3805339.120117,0.18977433333333335,174.0617045,4660.912353583333,1.0,45
9,17,3708888.463867,0.14199917647058824,58.665409000000004,4662.392750470588,1.0,45
10,18,7818562.93457,0.17536905555555554,131.30168138888888,4669.679687555556,1.0,45
11,27,9683101.084231,0.17108477777777778,120.3630575925926,4664.632758259259,1.0,45
12,46,11644116.893920999,0.1796327608695652,146.96688404347825,4647.818868804347,1.0,45
13,361,82180435.132514,0.14574225484764544,88.33149040166205,4584.346873113574,1.0,45
14,601,175974681.142746,0.1474724009983361,93.47729784193012,4566.943816798668,1.0,45
15,770,180722279.706803,0.13531459350649352,78.7372613,4555.890287035065,0.9905194805194806,45
16,944,199666149.108773,0.13039443644067797,76.2205512648305,4543.227673043431,0.9536016949152543,45
17,1145,187451726.785541,0.1133914576419214,49.98884449868996,4530.207878598254,0.9126550218340611,45
18,1322,198049355.027392,0.11182943872919818,48.16164098940998,4521.125942981089,0.8807261724659606,45
19,1745,218460441.57952,0.10048230315186248,30.210139165616045,4493.643951214327,0.7996160458452721,45
20,15,18455.556108,0.1146544,48.1508588,4537.302962266666,1.0,45
21,1576,80529912.402057,0.1623260114213198,114.66604961611674,4515.687403346446,0.8506916243654823,45
22,1744,210762909.123078,0.14730043405963303,89.94377957052752,4507.374261439793,0.8286639908256881,45
23,1927,223394905.972984,0.1382741878567722,89.03403815620136,4501.523060731189,0.8126621691748832,45
24,2590,246911262.207771,0.13351596100386098,82.52104996949807,4492.81183717027,0.7658610038610039,45
25,2424,230096588.110469,0.12529854867986798,62.577756134488446,4504.45948354538,0.7916955445544555,45
26,2274,260345118.204218,0.12274525593667546,65.61377180167106,4517.8191085672825,0.8224450307827617,45
27,2870,52102639.249379,0.15613561602787457,103.85908527142857,4526.21455369094,0.8261463414634146,45
28,2870,247293056.763608,0.1483606592334495,89.37697898013937,4532.382545911846,0.8386097560975609,45
29,2870,258632730.409861,0.15866369790940768,119.60847853728224,4542.702220419512,0.857397212543554,45
30,2870,243977338.046339,0.15010139756097562,104.59133840731707,4553.074371201742,0.8755749128919861,45
31,2870,268125558.038029,0.13930460209059234,97.99517384947735,4563.499605480488,0.8970871080139372,45
1,1434,106843581.376636,0.09270720781032078,19.061251126220363,4389.063258649233,0.49679218967921895,46
2,1769,148387872.913642,0.09300728377614471,20.08137797060486,4418.125935159977,0.581232334652346,46
3,1522,155935360.532324,0.09434848423127463,21.33183558672799,4412.379650550592,0.545335085413929,46
4,2090,209278531.465191,0.09575624114832536,22.91015300909091,4447.453025247369,0.6746411483253588,46
5,1775,142187919.691122,0.09507807323943661,21.389680723943663,4456.728898569578,0.7061408450704226,46
6,4,8881.724854,0.09832625,37.1098585,4652.96044925,1.0,46
7,10,803943.873046,0.0918297,31.6757877,4655.1468749,1.0,46
8,12,5037142.923829,0.14897508333333334,174.0617045,4660.912353583333,1.0,46
9,17,4903893.323974,0.11147088235294118,58.665409000000004,4662.392750470588,1.0,46
10,18,10403588.833985,0.1376666666666667,131.30168138888888,4669.679687555556,1.0,46
11,27,12881998.045532,0.13430351851851852,120.3630575925926,4664.632758259259,1.0,46
12,46,15396621.993453,0.1410138043478261,146.96688404347825,4647.818868804347,1.0,46
13,361,109562207.983243,0.1144093324099723,88.34252244875346,4584.346873113574,1.0,46
14,601,233070585.940626,0.11576751580698837,93.50468721797006,4566.943816798668,1.0,46
15,770,237531900.380598,0.1062235012987013,78.77345652597403,4555.890287035065,0.9905194805194806,46
16,944,261248453.921271,0.1023611218220339,76.26888656038136,4543.227673043431,0.9536016949152543,46
17,1145,243792615.468804,0.08901358602620088,50.04256098689956,4530.207878598254,0.9126550218340611,46
18,1322,256386934.809128,0.08778739863842662,48.227744318456885,4521.125942981089,0.8807261724659606,46
19,1745,283159307.759722,0.0788798022922636,30.279128735816617,4493.643951214327,0.7996160458452721,46
20,15,14487.822205,0.09000513333333333,48.17049993333333,4537.302962266666,1.0,46
21,1576,99872472.014117,0.12742775634517767,114.67724414149747,4515.687403346446,0.8506916243654823,46
22,1744,263085681.207372,0.11563253440366972,89.96103595298165,4507.374261439793,0.8286639908256881,46
23,1927,279616207.665385,0.10854681837052413,89.06057954903996,4501.523060731189,0.8126621691748832,46
24,2590,304656613.320808,0.10481155752895752,82.58544907760617,4492.81183717027,0.7658610038610039,46
25,2424,284112165.862993,0.09836080280528052,62.63191585148515,4504.45948354538,0.7916955445544555,46
26,2274,327574539.065054,0.09635642875989446,65.66167587291118,4517.8191085672825,0.8224450307827617,46
27,2870,62199593.170377,0.12256824564459931,103.86392527177699,4526.21455369094,0.8261463414634146,46
28,2870,295424941.838504,0.11646481498257841,89.3874390543554,4532.382545911846,0.8386097560975609,46
29,2870,308138873.484996,0.12455281114982578,119.62753112926829,4542.702220419512,0.857397212543554,46
30,2870,290122517.490628,0.117831318815331,104.61609146968641,4553.074371201742,0.8755749128919861,46
31,2870,325997420.369642,0.1093557236933798,98.01730978745644,4563.499605480488,0.8970871080139372,46
1,1434,151990008.837513,0.11923159205020921,19.061251126220363,4389.063258649233,0.49679218967921895,47
2,1769,211704026.75207,0.11961753363482194,20.08137797060486,4418.125935159977,0.581232334652346,47
3,1522,223382048.936387,0.12134245860709593,21.33183558672799,4412.379650550592,0.545335085413929,47
4,2090,299832915.624435,0.12315296698564593,22.91015300909091,4447.453025247369,0.6746411483253588,47
5,1775,202580447.566039,0.12228076507042254,21.389680723943663,4456.728898569578,0.7061408450704226,47
6,4,11422.867309,0.12645825,37.1098585,4652.96044925,1.0,47
7,10,1170770.2588499999,0.118103,31.6757877,4655.1468749,1.0,47
8,12,7351883.361328,0.19159816666666665,174.0617045,4660.912353583333,1.0,47
9,17,7155991.718017,0.14336370588235295,58.665409000000004,4662.392750470588,1.0,47
10,18,15198075.483398,0.17705444444444446,131.30168138888888,4669.679687555556,1.0,47
11,27,18818004.622315,0.17272896296296295,120.3630575925926,4664.632758259259,1.0,47
12,46,22467669.519839,0.18135921739130434,146.96688404347825,4647.818868804347,1.0,47
13,361,160106849.718334,0.1471429002770083,88.49450124376732,4584.346873113574,1.0,47
14,601,340207962.848925,0.1488896638935108,93.88200601164726,4566.943816798668,1.0,47
15,770,346258657.202151,0.1366150220779221,79.27208527792207,4555.890287035065,0.9905194805194806,47
16,944,380530202.397762,0.13164756038135592,76.93475823622882,4543.227673043431,0.9536016949152543,47
17,1145,354727405.567547,0.11448119999999999,50.78256461921397,4530.207878598254,0.9126550218340611,47
18,1322,372746889.211455,0.1129041671709531,49.13839000151286,4521.125942981089,0.8807261724659606,47
19,1745,411759960.629942,0.10144799197707736,31.22953538796562,4493.643951214327,0.7996160458452721,47
20,15,18632.920821,0.1157564,48.44107786666667,4537.302962266666,1.0,47
21,1576,144067666.068692,0.16388602982233502,114.83146096573603,4515.687403346446,0.8506916243654823,47
22,1744,379963779.801709,0.1487160504587156,90.19876163302752,4507.374261439793,0.8286639908256881,47
23,1927,404042512.882354,0.13960306901920083,89.42621621432278,4501.523060731189,0.8126621691748832,47
24,2590,439051187.89516,0.13479910579150578,83.4726172895753,4492.81183717027,0.7658610038610039,47
25,2424,409498827.201535,0.12650270420792079,63.3780253019802,4504.45948354538,0.7916955445544555,47
26,2274,473798548.441537,0.12392488698328935,66.32160709630607,4517.8191085672825,0.8224450307827617,47
27,2870,89071787.27778,0.15763612578397213,103.93060155993032,4526.21455369094,0.8261463414634146,47
28,2870,423116453.880068,0.1497864613240418,89.53153801219511,4532.382545911846,0.8386097560975609,47
29,2870,441092506.988479,0.16018851916376306,119.89000148745644,4542.702220419512,0.857397212543554,47
30,2870,415146540.75773,0.15154392473867595,104.95709199825785,4553.074371201742,0.8755749128919861,47
31,2870,468495304.159372,0.14064339547038326,98.32225644181185,4563.499605480488,0.8970871080139372,47
1,1434,92433215.673675,0.12256402649930265,19.061251126220363,4389.063258649233,0.49679218967921895,48
2,1769,126313606.38344,0.12296073770491804,20.08137797060486,4418.125935159977,0.581232334652346,48
3,1522,129690507.009866,0.12473387713534824,21.33183558672799,4412.379650550592,0.545335085413929,48
4,2090,173937878.648549,0.1265949899521531,22.91015300909091,4447.453025247369,0.6746411483253588,48
5,1775,121967469.068718,0.12569841690140846,21.389680723943663,4456.728898569578,0.7061408450704226,48
6,4,11742.126588000001,0.12999275,37.1098585,4652.96044925,1.0,48
7,10,604681.057709,0.12140390000000001,31.6757877,4655.1468749,1.0,48
8,12,3733811.267578,0.19695333333333334,174.0617045,4660.912353583333,1.0,48
9,17,3639759.636231,0.14737076470588237,58.665409000000004,4662.392750470588,1.0,48
10,18,7665910.10156,0.18200305555555554,131.30168138888888,4669.679687555556,1.0,48
11,27,9494316.733398,0.17755670370370372,120.3630575925926,4664.632758259259,1.0,48
12,46,11427005.406128,0.18642804347826086,146.96688404347825,4647.818868804347,1.0,48
13,361,80553760.883022,0.1512554459833795,88.31960128531856,4584.346873113574,1.0,48
14,601,172653038.383924,0.15305102828618966,93.44778065723794,4566.943816798668,1.0,48
15,770,177503034.204237,0.1404332909090909,78.6982542012987,4555.890287035065,0.9905194805194806,48
16,944,196233725.73093,0.13532700953389828,76.16846095127119,4543.227673043431,0.9536016949152543,48
17,1145,184384237.707717,0.11768084279475982,49.93095493886463,4530.207878598254,0.9126550218340611,48
18,1322,194933379.327564,0.11605974508320727,48.09040231996974,4521.125942981089,0.8807261724659606,48
19,1745,214986648.488888,0.10428337249283667,30.135790070487104,4493.643951214327,0.7996160458452721,48
20,15,19153.695162,0.1189918,48.1296918,4537.302962266666,1.0,48
21,1576,79723146.690823,0.16846648730964464,114.65398542449239,4515.687403346446,0.8506916243654823,48
22,1744,208472803.754854,0.1528725378440367,89.92518258944955,4507.374261439793,0.8286639908256881,48
23,1927,220887384.785281,0.14350484120394397,89.00543486299948,4501.523060731189,0.8126621691748832,48
24,2590,244601682.835421,0.13856662432432432,82.45164791042471,4492.81183717027,0.7658610038610039,48
25,2424,227922985.390531,0.13003837417491748,62.51938891996699,4504.45948354538,0.7916955445544555,48
26,2274,257243210.842156,0.127388473175022,65.56214621547934,4517.8191085672825,0.8224450307827617,48
27,2870,51834793.529657,0.16204193902439024,103.85386926898954,4526.21455369094,0.8261463414634146,48
28,2870,245999815.718456,0.15397286411149827,89.36570629651568,4532.382545911846,0.8386097560975609,48
29,2870,257367731.290982,0.1646656519163763,119.58794581114984,4542.702220419512,0.857397212543554,48
30,2870,242842434.963847,0.1557794543554007,104.56466236933798,4553.074371201742,0.8755749128919861,48
31,2870,266125764.612015,0.14457425226480836,97.97131827142857,4563.499605480488,0.8970871080139372,48
1,1434,101708531.09198,0.0843573249651325,19.061251126220363,4389.063258649233,0.49679218967921895,49
2,1769,141445587.120677,0.08463038609383833,20.08137797060486,4418.125935159977,0.581232334652346,49
3,1522,148920155.594559,0.08585077858081472,21.33183558672799,4412.379650550592,0.545335085413929,49
4,2090,199874362.309419,0.08713173540669857,22.91015300909091,4447.453025247369,0.6746411483253588,49
5,1775,135450062.161211,0.08651464507042253,21.389680723943663,4456.728898569578,0.7061408450704226,49
6,4,8081.771239000001,0.08947025,37.1098585,4652.96044925,1.0,49
7,10,773655.558075,0.0835589,31.6757877,4655.1468749,1.0,49
8,12,4852411.605469,0.13555725,174.0617045,4660.912353583333,1.0,49
9,17,4723615.115967,0.10143094117647058,58.665409000000004,4662.392750470588,1.0,49
10,18,10026261.214844,0.12526749999999998,131.30168138888888,4669.679687555556,1.0,49
11,27,12414579.677246,0.12220714814814813,120.3630575925926,4664.632758259259,1.0,49
12,46,14830666.521087,0.12831310869565216,146.96688404347825,4647.818868804347,1.0,49
13,361,105604807.583634,0.1041047894736842,88.44982858448753,4584.346873113574,1.0,49
14,601,224533288.22542801,0.1053406455906822,93.77109688851914,4566.943816798668,1.0,49
15,770,228689138.749947,0.09665623246753247,79.12551828571429,4555.890287035065,0.9905194805194806,49
16,944,251430133.571246,0.09314171927966101,76.73903183474576,4543.227673043431,0.9536016949152543,49
17,1145,234514285.087471,0.08099635895196507,50.56504786724891,4530.207878598254,0.9126550218340611,49
18,1322,246535161.669107,0.07988062405446295,48.87071469818457,4521.125942981089,0.8807261724659606,49
19,1745,272306559.686597,0.0717752659025788,30.95017276332378,4493.643951214327,0.7996160458452721,49
20,15,13182.94274,0.08189859999999999,48.36154413333334,4537.302962266666,1.0,49
21,1576,95686487.616695,0.11595068020304568,114.78613045494923,4515.687403346446,0.8506916243654823,49
22,1744,252200024.390017,0.10521781077981651,90.12888452178899,4507.374261439793,0.8286639908256881,49
23,1927,268109493.23861,0.09877029112610275,89.31874093928387,4501.523060731189,0.8126621691748832,49
24,2590,291757855.716034,0.09537145212355212,83.21184296447876,4492.81183717027,0.7658610038610039,49
25,2424,272100154.056972,0.0895016951320132,63.15871381394389,4504.45948354538,0.7916955445544555,49
26,2274,314234873.131309,0.08767785795954265,66.12762684652596,4517.8191085672825,0.8224450307827617,49
27,2870,59391825.506163,0.11152885087108014,103.91100272264809,4526.21455369094,0.8261463414634146,49
28,2870,282107123.08889,0.10597512717770036,89.48918154738676,4532.382545911846,0.8386097560975609,49
29,2870,294176107.15249,0.11333466898954704,119.81285092195121,4542.702220419512,0.857397212543554,49
30,2870,276928089.058742,0.10721856202090592,104.85685826655052,4553.074371201742,0.8755749128919861,49
31,2870,311791537.12732,0.09950634076655052,98.23262038745645,4563.499605480488,0.8970871080139372,49
1,1434,230488537.222507,0.1286141771269177,19.061251126220363,4389.063258649233,0.49679218967921895,50
2,1769,323582343.370205,0.12903047993216507,20.08137797060486,4418.125935159977,0.581232334652346,50
3,1522,345176441.948588,0.13089115834428383,21.33183558672799,4412.379650550592,0.545335085413929,50
4,2090,463454716.033363,0.13284413588516747,22.91015300909091,4447.453025247369,0.6746411483253588,50
5,1775,308492789.661736,0.13190328507042254,21.389680723943663,4456.728898569578,0.7061408450704226,50
6,4,12321.755738,0.13640950000000002,37.1098585,4652.96044925,1.0,50
7,10,1887364.2219240002,0.1273968,31.6757877,4655.1468749,1.0,50
8,12,11917767.186523,0.20667541666666667,174.0617045,4660.912353583333,1.0,50
9,17,11594547.936279,0.1546454117647059,58.665409000000004,4662.392750470588,1.0,50
10,18,24691850.308596,0.19098744444444446,131.30168138888888,4669.679687555556,1.0,50
11,27,30570416.990967,0.18632155555555555,120.3630575925926,4664.632758259259,1.0,50
12,46,36404186.025391,0.19563069565217392,146.96688404347825,4647.818868804347,1.0,50
13,361,260333606.878251,0.15872186703601107,88.4482771468144,4584.346873113574,1.0,50
14,601,551628308.854276,0.16060607154742096,93.7672451514143,4566.943816798668,1.0,50
15,770,559583643.204424,0.14736552727272728,79.12042817402597,4555.890287035065,0.9905194805194806,50
16,944,613757589.262224,0.1420071896186441,76.73223450317796,4543.227673043431,0.9536016949152543,50
17,1145,570621199.916714,0.12348994847161573,50.55749376943232,4530.207878598254,0.9126550218340611,50
18,1322,598374246.745486,0.12178882148260212,48.861418644478064,4521.125942981089,0.8807261724659606,50
19,1745,661366440.594215,0.10943116676217766,30.940470799426937,4493.643951214327,0.7996160458452721,50
20,15,20099.182571,0.1248656,48.35878206666666,4537.302962266666,1.0,50
21,1576,226704689.942247,0.17678253616751272,114.78455618020304,4515.687403346446,0.8506916243654823,50
22,1744,599776012.165251,0.1604188251146789,90.12645777236239,4507.374261439793,0.8286639908256881,50
23,1927,638615188.025452,0.15058870420342502,89.31500845251686,4501.523060731189,0.8126621691748832,50
24,2590,689177360.711369,0.14540672123552123,83.20278657606177,4492.81183717027,0.7658610038610039,50
25,2424,643012966.735739,0.13645747772277228,63.15109737665016,4504.45948354538,0.7916955445544555,50
26,2274,750724655.841698,0.13367678583992965,66.12089013412489,4517.8191085672825,0.8224450307827617,50
27,2870,137509350.441581,0.17004085470383273,103.91032207839721,4526.21455369094,0.8261463414634146,50
28,2870,653448856.75706,0.16157345923344948,89.487710556446,4532.382545911846,0.8386097560975609,50
29,2870,680254649.343487,0.17279407142857142,119.81017157700349,4542.702220419512,0.857397212543554,50
30,2870,639600788.893525,0.16346922543554007,104.8533772620209,4553.074371201742,0.8755749128919861,50
31,2870,730056012.661919,0.15171090662020906,98.22950742160279,4563.499605480488,0.8970871080139372,50
1,1434,119447774.714224,0.12998978103207812,19.061251126220363,4389.063258649233,0.49679218967921895,51
2,1769,164611357.427856,0.1304105398530243,20.08137797060486,4418.125935159977,0.581232334652346,51
3,1522,171088440.958348,0.13229109724047305,21.33183558672799,4412.379650550592,0.545335085413929,51
4,2090,229541980.151752,0.1342649746411483,22.91015300909091,4447.453025247369,0.6746411483253588,51
5,1775,158312902.819448,0.1333140738028169,21.389680723943663,4456.728898569578,0.7061408450704226,51
6,4,12453.544555999999,0.1378685,37.1098585,4652.96044925,1.0,51
7,10,842291.292511,0.1287593,31.6757877,4655.1468749,1.0,51
8,12,5243301.229491999,0.20888591666666667,174.0617045,4660.912353583333,1.0,51
9,17,5107533.798829,0.15629941176470588,58.665409000000004,4662.392750470588,1.0,51
10,18,10800891.307618,0.1930298888888889,131.30168138888888,4669.679687555556,1.0,51
11,27,13375306.997316001,0.18831422222222222,120.3630575925926,4664.632758259259,1.0,51
12,46,16035582.302464,0.19772310869565216,146.96688404347825,4647.818868804347,1.0,51
13,361,113635930.263678,0.16041949030470914,88.37171801108033,4584.346873113574,1.0,51
14,601,242540025.229161,0.16232388186356073,93.57717120632279,4566.943816798668,1.0,51
15,770,248143608.521267,0.14894168441558442,78.86924448181817,4555.890287035065,0.9905194805194806,51
16,944,273546474.159567,0.14352602966101696,76.39680234216102,4543.227673043431,0.9536016949152543,51
17,1145,256053978.208538,0.12481074934497817,50.18471772401747,4530.207878598254,0.9126550218340611,51
18,1322,269918504.429951,0.12309141679273827,48.40268185249622,4521.125942981089,0.8807261724659606,51
19,1745,297916029.757732,0.11060156389684814,30.461704475071635,4493.643951214327,0.7996160458452721,51
20,15,20314.156175,0.12620106666666667,48.22247866666667,4537.302962266666,1.0,51
21,1576,107500198.140373,0.17867331725888327,114.7068696180203,4515.687403346446,0.8506916243654823,51
22,1744,282223947.890372,0.16213459403669728,90.00670371731651,4507.374261439793,0.8286639908256881,51
23,1927,299531309.868608,0.15219932330046704,89.13081935495589,4501.523060731189,0.8126621691748832,51
24,2590,328801422.52693,0.14696192432432434,82.75587653397683,4492.81183717027,0.7658610038610039,51
25,2424,306514314.135886,0.1379169566831683,62.77524553465347,4504.45948354538,0.7916955445544555,51
26,2274,349954020.611972,0.135106536939314,65.7884504885664,4517.8191085672825,0.8224450307827617,51
27,2870,68308399.890432,0.17185953832752612,103.8767339682927,4526.21455369094,0.8261463414634146,51
28,2870,324317487.350562,0.16330158466898956,89.41512086167248,4532.382545911846,0.8386097560975609,51
29,2870,338760611.950654,0.17464221567944252,119.67795241114982,4542.702220419512,0.857397212543554,51
30,2870,319278857.757269,0.165217625087108,104.6815986108014,4553.074371201742,0.8755749128919861,51
31,2870,354563918.035124,0.15333354878048783,98.07589088432056,4563.499605480488,0.8970871080139372,51
1,1434,193724964.612129,0.11130211854951186,19.061251126220363,4389.063258649233,0.49679218967921895,52
2,1769,271814266.845561,0.11166238665912946,20.08137797060486,4418.125935159977,0.581232334652346,52
3,1522,289725723.6439,0.1132725900131406,21.33183558672799,4412.379650550592,0.545335085413929,52
4,2090,388994554.994999,0.11496271626794258,22.91015300909091,4447.453025247369,0.6746411483253588,52
5,1775,259208467.797961,0.11414850816901408,21.389680723943663,4456.728898569578,0.7061408450704226,52
6,4,10663.191772,0.11804825,37.1098585,4652.96044925,1.0,52
7,10,1579457.838165,0.1102487,31.6757877,4655.1468749,1.0,52
8,12,9969681.115235,0.17885583333333333,174.0617045,4660.912353583333,1.0,52
9,17,9699621.212402,0.1338294117647059,58.665409000000004,4662.392750470588,1.0,52
10,18,20652547.354493,0.1652795,131.30168138888888,4669.679687555556,1.0,52
11,27,25569598.165529,0.16124166666666667,120.3630575925926,4664.632758259259,1.0,52
12,46,30454511.760194,0.16929791304347824,146.96688404347825,4647.818868804347,1.0,52
13,361,217733829.430326,0.13735720221606648,88.40195642105263,4584.346873113574,1.0,52
14,601,461451084.231697,0.13898777537437604,93.65224434941763,4566.943816798668,1.0,52
15,770,468212390.438228,0.12752946623376624,78.96845404415585,4555.890287035065,0.9905194805194806,52
16,944,513610340.820266,0.12289236334745762,76.52928736334745,4543.227673043431,0.9536016949152543,52
17,1145,477600166.253817,0.10686765327510916,50.33195240087336,4530.207878598254,0.9126550218340611,52
18,1322,500900330.584981,0.10539549319213314,48.58386827912254,4521.125942981089,0.8807261724659606,52
19,1745,553610121.602378,0.09470121318051575,30.650801935243553,4493.643951214327,0.7996160458452721,52
20,15,17393.741798,0.10805806666666666,48.27631413333334,4537.302962266666,1.0,52
21,1576,190039736.204668,0.15298679314720812,114.73755333692894,4515.687403346446,0.8506916243654823,52
22,1744,502663928.597929,0.13882570928899082,90.05400275344036,4507.374261439793,0.8286639908256881,52
23,1927,535165545.092508,0.13031878723404255,89.20356819252724,4501.523060731189,0.8126621691748832,52
24,2590,577817970.745,0.1258343138996139,82.93239177335907,4492.81183717027,0.7658610038610039,52
25,2424,539099690.158831,0.11808966707920791,62.92369503052805,4504.45948354538,0.7916955445544555,52
26,2274,629005116.976197,0.11568327528583992,65.91975356992084,4517.8191085672825,0.8224450307827617,52
27,2870,115426863.915379,0.1471525850174216,103.89000020278746,4526.21455369094,0.8261463414634146,52
28,2870,548497703.490156,0.13982494216027874,89.44379147944251,4532.382545911846,0.8386097560975609,52
29,2870,571055778.085889,0.14953520731707318,119.7301747662021,4542.702220419512,0.857397212543554,52
30,2870,536966537.067806,0.14146552891986064,104.7494457097561,4553.074371201742,0.8755749128919861,52
31,2870,612407802.245122,0.13128993170731706,98.13656452682928,4563.499605480488,0.8970871080139372,52
1,1434,80828863.555106,0.07595273430962343,19.061251126220363,4389.063258649233,0.49679218967921895,53
2,1769,111974741.761539,0.07619859242509892,20.08137797060486,4418.125935159977,0.581232334652346,53
3,1522,117251517.553515,0.07729741590013141,21.33183558672799,4412.379650550592,0.545335085413929,53
4,2090,157345338.230305,0.07845073971291866,22.91015300909091,4447.453025247369,0.6746411483253588,53
5,1775,107424148.998608,0.0778951323943662,21.389680723943663,4456.728898569578,0.7061408450704226,53
6,4,7276.579103,0.08055625,37.1098585,4652.96044925,1.0,53
7,10,595720.3844,0.075234,31.6757877,4655.1468749,1.0,53
8,12,3724977.6523430003,0.12205166666666667,174.0617045,4660.912353583333,1.0,53
9,17,3627087.697509,0.09132535294117647,58.665409000000004,4662.392750470588,1.0,53
10,18,7687183.25293,0.1127868888888889,131.30168138888888,4669.679687555556,1.0,53
11,27,9518772.880129,0.11003148148148148,120.3630575925926,4664.632758259259,1.0,53
12,46,11387780.168262001,0.11552917391304347,146.96688404347825,4647.818868804347,1.0,53
13,361,80930846.055393,0.09373273407202215,88.42631839889196,4584.346873113574,1.0,53
14,601,172340813.361412,0.09484548419301164,93.71272799500832,4566.943816798668,1.0,53
15,770,175851899.52595899,0.08702631558441558,79.04838350779221,4555.890287035065,0.9905194805194806,53
16,944,193548384.895759,0.08386195550847457,76.63602562394067,4543.227673043431,0.9536016949152543,53
17,1145,180789433.864889,0.0729266366812227,50.45057388908297,4530.207878598254,0.9126550218340611,53
18,1322,190269639.812581,0.0719220567322239,48.729843444024205,4521.125942981089,0.8807261724659606,53
19,1745,210096446.231399,0.0646242653295129,30.8031506991404,4493.643951214327,0.7996160458452721,53
20,15,11869.517831,0.07373893333333334,48.319687466666664,4537.302962266666,1.0,53
21,1576,74637715.51227,0.10439844733502537,114.76227406979696,4515.687403346446,0.8506916243654823,53
22,1744,196401014.918972,0.09473488990825688,90.09210983199542,4507.374261439793,0.8286639908256881,53
23,1927,208647520.505237,0.0889297493513233,89.26217920342502,4501.523060731189,0.8126621691748832,53
24,2590,227872716.953082,0.08586954749034749,83.07460353050193,4492.81183717027,0.7658610038610039,53
25,2424,212480896.986784,0.0805845998349835,63.043295290429036,4504.45948354538,0.7916955445544555,53
26,2274,244223570.960411,0.07894244898856641,66.02553957431837,4517.8191085672825,0.8224450307827617,53
27,2870,46783610.439853,0.10041716585365854,103.90068831080139,4526.21455369094,0.8261463414634146,53
28,2870,222177809.89713,0.09541676585365853,89.4668903271777,4532.382545911846,0.8386097560975609,53
29,2870,231846752.15808,0.10204306480836237,119.7722483815331,4542.702220419512,0.857397212543554,53
30,2870,218362837.448872,0.0965362968641115,104.80410758919861,4553.074371201742,0.8755749128919861,53
31,2870,244437886.652567,0.08959246585365854,98.18544701080138,4563.499605480488,0.8970871080139372,53
1,1434,162107830.431562,0.08513428242677824,19.061251126220363,4389.063258649233,0.49679218967921895,54
2,1769,227841763.933667,0.0854098795929904,20.08137797060486,4418.125935159977,0.581232334652346,54
3,1522,243425542.029115,0.08664149671484889,21.33183558672799,4412.379650550592,0.545335085413929,54
4,2090,326852248.003507,0.08793425454545455,22.91015300909091,4447.453025247369,0.6746411483253588,54
5,1775,217101065.381568,0.08731148225352113,21.389680723943663,4456.728898569578,0.7061408450704226,54
6,4,8156.208495999999,0.09029424999999999,37.1098585,4652.96044925,1.0,54
7,10,1338839.9913630001,0.0843286,31.6757877,4655.1468749,1.0,54
8,12,8460441.97754,0.13680591666666667,174.0617045,4660.912353583333,1.0,54
9,17,8230447.464111,0.10236529411764705,58.665409000000004,4662.392750470588,1.0,54
10,18,17534033.260743,0.12642133333333336,131.30168138888888,4669.679687555556,1.0,54
11,27,21708236.68286,0.12333281481481481,120.3630575925926,4664.632758259259,1.0,54
12,46,25841767.450438,0.12949486956521739,146.96688404347825,4647.818868804347,1.0,54
13,361,184886849.83817,0.10506365650969529,88.47625620775622,4584.346873113574,1.0,54
14,601,391614645.966989,0.10631089517470882,93.83670894342761,4566.943816798668,1.0,54
15,770,397085357.785812,0.09754650909090909,79.21222498181818,4555.890287035065,0.9905194805194806,54
16,944,435411696.257164,0.09399960275423729,76.8548204618644,4543.227673043431,0.9536016949152543,54
17,1145,404664249.359435,0.08174240087336244,50.69372729868996,4530.207878598254,0.9126550218340611,54
18,1322,424227147.468239,0.08061635930408471,49.02906712708018,4521.125942981089,0.8807261724659606,54
19,1745,468921560.667286,0.07243636905444126,31.11543921547278,4493.643951214327,0.7996160458452721,54
20,15,13304.364395,0.08265286666666666,48.40859506666666,4537.302962266666,1.0,54
21,1576,160285862.60748,0.1170186478426396,114.81294725951777,4515.687403346446,0.8506916243654823,54
22,1744,424239913.447665,0.10618692087155963,90.17022270068807,4507.374261439793,0.8286639908256881,54
23,1927,451793433.93585,0.09968001453035807,89.38232160300986,4501.523060731189,0.8126621691748832,54
24,2590,487097215.624286,0.09624987992277993,83.3661128930502,4492.81183717027,0.7658610038610039,54
25,2424,454491164.277919,0.09032604744224423,63.28845498061056,4504.45948354538,0.7916955445544555,54
26,2274,531287729.327462,0.08848542524186456,66.2423824648197,4517.8191085672825,0.8224450307827617,54
27,2870,96961720.709793,0.11255608362369338,103.92259708118466,4526.21455369094,0.8261463414634146,54
28,2870,460789271.532853,0.10695122578397212,89.51423895470383,4532.382545911846,0.8386097560975609,54
29,2870,479596060.630023,0.1143785519163763,119.8584919672474,4542.702220419512,0.857397212543554,54
30,2870,450869935.377688,0.10820610557491288,104.91615493763065,4553.074371201742,0.8755749128919861,54
31,2870,515463382.295166,0.10042284773519164,98.28564763205576,4563.499605480488,0.8970871080139372,54
1,1434,198464668.539395,0.09674640237099023,19.061251126220363,4389.063258649233,0.49679218967921895,55
2,1769,279305067.329188,0.09705956585641606,20.08137797060486,4418.125935159977,0.581232334652346,55
3,1522,298940706.365306,0.09845920170827858,21.33183558672799,4412.379650550592,0.545335085413929,55
4,2090,401413765.993251,0.09992826746411483,22.91015300909091,4447.453025247369,0.6746411483253588,55
5,1775,265975767.996303,0.09922056169014085,21.389680723943663,4456.728898569578,0.7061408450704226,55
6,4,9268.695801,0.10261025,37.1098585,4652.96044925,1.0,55
7,10,1655151.401397,0.0958306,31.6757877,4655.1468749,1.0,55
8,12,10468112.227539001,0.15546583333333333,174.0617045,4660.912353583333,1.0,55
9,17,10182785.961427,0.11632764705882354,58.665409000000004,4662.392750470588,1.0,55
10,18,21702182.243165,0.14366483333333335,131.30168138888888,4669.679687555556,1.0,55
11,27,26868320.500125002,0.14015514814814814,120.3630575925926,4664.632758259259,1.0,55
12,46,31971778.338609,0.14715765217391305,146.96688404347825,4647.818868804347,1.0,55
13,361,228865926.115723,0.1193941135734072,88.47971850415513,4584.346873113574,1.0,55
14,601,484562971.588666,0.12081143427620632,93.84530480366057,4566.943816798668,1.0,55
15,770,491085714.197106,0.11085158051948052,79.22358443766234,4555.890287035065,0.9905194805194806,55
16,944,538323348.184048,0.10682092584745763,76.86998995868645,4543.227673043431,0.9536016949152543,55
17,1145,500105648.648411,0.0928918672489083,50.71058563755459,4530.207878598254,0.9126550218340611,55
18,1322,524117224.754291,0.09161224508320727,49.04981291679274,4521.125942981089,0.8807261724659606,55
19,1745,579384461.881677,0.08231652091690544,31.13709082922636,4493.643951214327,0.7996160458452721,55
20,15,15119.047676,0.0939266,48.41475926666667,4537.302962266666,1.0,55
21,1576,197413710.279516,0.1329797252538071,114.81646053680204,4515.687403346446,0.8506916243654823,55
22,1744,522765133.184276,0.12067056250000001,90.17563843405964,4507.374261439793,0.8286639908256881,55
23,1927,556831408.908643,0.11327613855734302,89.3906513238194,4501.523060731189,0.8126621691748832,55
24,2590,599690702.714089,0.10937813436293438,83.38632383938224,4492.81183717027,0.7658610038610039,55
25,2424,559578543.638656,0.10264630404290429,63.305452420379545,4504.45948354538,0.7916955445544555,55
26,2274,655061107.344687,0.10055460861917326,66.25741662401056,4517.8191085672825,0.8224450307827617,55
27,2870,119056812.360525,0.12790846097560976,103.92411606271777,4526.21455369094,0.8261463414634146,55
28,2870,565825063.232304,0.1215391174216028,89.51752173275261,4532.382545911846,0.8386097560975609,55
29,2870,588784633.841427,0.12997950766550523,119.86447140905922,4542.702220419512,0.857397212543554,55
30,2870,553428524.176915,0.12296514111498259,104.92392341219512,4553.074371201742,0.8755749128919861,55
31,2870,633877995.578899,0.11412028257839722,98.29259474843205,4563.499605480488,0.8970871080139372,55
1,1434,164663843.06552,0.10818869246861924,19.061251126220363,4389.063258649233,0.49679218967921895,56
2,1769,230378020.919773,0.1085388615036744,20.08137797060486,4418.125935159977,0.581232334652346,56
3,1522,244591620.941489,0.11010405059132719,21.33183558672799,4412.379650550592,0.545335085413929,56
4,2090,328359272.056512,0.11174687751196172,22.91015300909091,4447.453025247369,0.6746411483253588,56
5,1775,219989547.228124,0.11095545126760563,21.389680723943663,4456.728898569578,0.7061408450704226,56
6,4,10364.911377,0.114746,37.1098585,4652.96044925,1.0,56
7,10,1313393.699707,0.1071647,31.6757877,4655.1468749,1.0,56
8,12,8274031.044922,0.17385291666666666,174.0617045,4660.912353583333,1.0,56
9,17,8051289.385987001,0.13008594117647057,58.665409000000004,4662.392750470588,1.0,56
10,18,17126490.251953,0.16065616666666668,131.30168138888888,4669.679687555556,1.0,56
11,27,21204682.059937,0.15673125925925926,120.3630575925926,4664.632758259259,1.0,56
12,46,25278949.342134,0.1645622608695652,146.96688404347825,4647.818868804347,1.0,56
13,361,180507672.15787598,0.13351493628808864,88.41255539058172,4584.346873113574,1.0,56
14,601,382934296.011437,0.1350998935108153,93.67855842762063,4566.943816798668,1.0,56
15,770,388998898.912311,0.12396210259740259,79.00322824935066,4555.890287035065,0.9905194805194806,56
16,944,427013542.323535,0.11945471398305084,76.57572504025424,4543.227673043431,0.9536016949152543,56
17,1145,397448122.728448,0.10387825851528384,50.383560000873366,4530.207878598254,0.9126550218340611,56
18,1322,417141854.662742,0.1024472836611195,48.647376405446295,4521.125942981089,0.8807261724659606,56
19,1745,460947855.367184,0.09205214670487107,30.71708299713467,4493.643951214327,0.7996160458452721,56
20,15,16907.188837,0.10503553333333333,48.295184133333336,4537.302962266666,1.0,56
21,1576,159389714.070118,0.14870731662436548,114.74830836675127,4515.687403346446,0.8506916243654823,56
22,1744,421124121.130899,0.13494236697247705,90.07058165883028,4507.374261439793,0.8286639908256881,56
23,1927,448145199.357263,0.12667338142189932,89.22906757291126,4501.523060731189,0.8126621691748832,56
24,2590,485056965.516332,0.12231436718146718,82.99426259150579,4492.81183717027,0.7658610038610039,56
25,2424,452497976.337631,0.11478637376237623,62.97572848143564,4504.45948354538,0.7916955445544555,56
26,2274,526261362.418448,0.11244729419525067,65.96577696833774,4517.8191085672825,0.8224450307827617,56
27,2870,97477887.422754,0.14303629651567942,103.89465018641114,4526.21455369094,0.8261463414634146,56
28,2870,463144374.969149,0.13591363484320557,89.45384089686412,4532.382545911846,0.8386097560975609,56
29,2870,482436703.23651,0.1453522818815331,119.74847936655053,4542.702220419512,0.857397212543554,56
30,2870,453801527.880818,0.13750832229965157,104.77322697909406,4553.074371201742,0.8755749128919861,56
31,2870,515439616.103926,0.1276173738675958,98.15783141393729,4563.499605480488,0.8970871080139372,56
1,1434,237320742.054551,0.14053342119944212,19.061251126220363,4389.063258649233,0.49679218967921895,57
2,1769,332779691.87365,0.14098832504239683,20.08137797060486,4418.125935159977,0.581232334652346,57
3,1522,354410548.924685,0.14302140867279894,21.33183558672799,4412.379650550592,0.545335085413929,57
4,2090,475831009.932026,0.145155385645933,22.91015300909091,4447.453025247369,0.6746411483253588,57
5,1775,317437596.342649,0.1441273661971831,21.389680723943663,4456.728898569578,0.7061408450704226,57
6,4,13463.669189,0.14905125,37.1098585,4652.96044925,1.0,57
7,10,1925926.799377,0.1392033,31.6757877,4655.1468749,1.0,57
8,12,12151626.378908,0.22582883333333334,174.0617045,4660.912353583333,1.0,57
9,17,11822888.523927,0.16897711764705883,58.665409000000004,4662.392750470588,1.0,57
10,18,25168377.46582,0.20868699999999998,131.30168138888888,4669.679687555556,1.0,57
11,27,31160774.973388,0.20358862962962962,120.3630575925926,4664.632758259259,1.0,57
12,46,37121008.406895,0.21376065217391305,146.96688404347825,4647.818868804347,1.0,57
13,361,265326920.444614,0.17343133795013851,88.35609220498615,4584.346873113574,1.0,57
14,601,562433237.486973,0.17549017970049918,93.53837694176373,4566.943816798668,1.0,57
15,770,570813920.718689,0.16102256493506495,78.81797766753246,4555.890287035065,0.9905194805194806,57
16,944,626251692.609989,0.1551676154661017,76.32834034851695,4543.227673043431,0.9536016949152543,57
17,1145,582459006.598808,0.13493431091703056,50.10863381921397,4530.207878598254,0.9126550218340611,57
18,1322,610968396.744367,0.13307554236006053,48.309053275340396,4521.125942981089,0.8807261724659606,57
19,1745,675232981.163384,0.1195726229226361,30.36398786303725,4493.643951214327,0.7996160458452721,57
20,15,21961.865263,0.13643740000000001,48.19465906666667,4537.302962266666,1.0,57
21,1576,232146490.636187,0.19316577982233502,114.69101372017766,4515.687403346446,0.8506916243654823,57
22,1744,613893766.513239,0.17528555791284403,89.98226180389908,4507.374261439793,0.8286639908256881,57
23,1927,653523213.36406,0.16454442605085626,89.09322620653866,4501.523060731189,0.8126621691748832,57
24,2590,705976714.483796,0.15888222239382238,82.6646618030888,4492.81183717027,0.7658610038610039,57
25,2424,658653423.659327,0.14910361097359734,62.69853385024753,4504.45948354538,0.7916955445544555,57
26,2274,767973291.331925,0.14606521899736147,65.72059927528585,4517.8191085672825,0.8224450307827617,57
27,2870,141207330.73784,0.18579930313588852,103.86987860592335,4526.21455369094,0.8261463414634146,57
28,2870,670985142.243602,0.17654719895470383,89.40030524076656,4532.382545911846,0.8386097560975609,57
29,2870,698656097.169424,0.18880769895470384,119.65096636689894,4542.702220419512,0.857397212543554,57
30,2870,657000236.660114,0.17861865226480836,104.64653844041813,4553.074371201742,0.8755749128919861,57
31,2870,748653009.224115,0.16577064459930313,98.04453761149827,4563.499605480488,0.8970871080139372,57
1,1434,147049379.531671,0.10067004463040445,19.061251126220363,4389.063258649233,0.49679218967921895,58
2,1769,205536725.588958,0.10099588920293952,20.08137797060486,4418.125935159977,0.581232334652346,58
3,1522,217928111.245183,0.10245228580814718,21.33183558672799,4412.379650550592,0.545335085413929,58
4,2090,292552968.122926,0.10398095167464115,22.91015300909091,4447.453025247369,0.6746411483253588,58
5,1775,196356930.384137,0.10324452788732395,21.389680723943663,4456.728898569578,0.7061408450704226,58
6,4,9644.595336,0.1067715,37.1098585,4652.96044925,1.0,58
7,10,1164203.015655,0.09971719999999999,31.6757877,4655.1468749,1.0,58
8,12,7329217.043945,0.16177083333333334,174.0617045,4660.912353583333,1.0,58
9,17,7132334.614256,0.12104535294117648,58.665409000000004,4662.392750470588,1.0,58
10,18,15166697.718751,0.14949122222222222,131.30168138888888,4669.679687555556,1.0,58
11,27,18778415.803835,0.1458391111111111,120.3630575925926,4664.632758259259,1.0,58
12,46,22393612.458864,0.15312580434782608,146.96688404347825,4647.818868804347,1.0,58
13,361,159836197.989847,0.12423618005540166,88.31319268144044,4584.346873113574,1.0,58
14,601,339196883.041386,0.12571105158069884,93.43186996339435,4566.943816798668,1.0,58
15,770,344707538.426887,0.11534725324675325,78.67722813766234,4555.890287035065,0.9905194805194806,58
16,944,378484617.9047,0.11115314512711864,76.14038261864407,4543.227673043431,0.9536016949152543,58
17,1145,352393140.6887,0.09665915895196506,49.89975064628821,4530.207878598254,0.9126550218340611,58
18,1322,369947021.657941,0.0953276308623298,48.05200241376702,4521.125942981089,0.8807261724659606,58
19,1745,408769494.923235,0.08565491404011462,30.095713484813754,4493.643951214327,0.7996160458452721,58
20,15,15732.212457000001,0.097736,48.118282066666666,4537.302962266666,1.0,58
21,1576,141700137.017915,0.13837281535532994,114.64748244098983,4515.687403346446,0.8506916243654823,58
22,1744,374244531.22395,0.12556445814220185,89.91515822534404,4507.374261439793,0.8286639908256881,58
23,1927,398194544.875984,0.11787013907628438,88.99001677841204,4501.523060731189,0.8126621691748832,58
24,2590,431354105.131353,0.11381405366795366,82.4142379969112,4492.81183717027,0.7658610038610039,58
25,2424,402382813.022822,0.10680919059405941,62.487927139851486,4504.45948354538,0.7916955445544555,58
26,2274,467463026.044787,0.10463268953386103,65.53431836059806,4517.8191085672825,0.8224450307827617,58
27,2870,86861350.723476,0.1330958961672474,103.85105767595819,4526.21455369094,0.8261463414634146,58
28,2870,412683809.179835,0.12646822160278745,89.35962996027874,4532.382545911846,0.8386097560975609,58
29,2870,429947689.807996,0.13525092961672475,119.57687801324042,4542.702220419512,0.857397212543554,58
30,2870,404477249.351729,0.12795208989547038,104.55028312682926,4553.074371201742,0.8755749128919861,58
31,2870,458779693.646852,0.11874851324041812,97.95845933623694,4563.499605480488,0.8970871080139372,58
1,1434,193766242.263273,0.1376288430962343,19.061251126220363,4389.063258649233,0.49679218967921895,59
2,1769,270592642.441031,0.13807433973996608,20.08137797060486,4418.125935159977,0.581232334652346,59
3,1522,286550343.271104,0.14006541655716162,21.33183558672799,4412.379650550592,0.545335085413929,59
4,2090,384659799.763326,0.14215527894736843,22.91015300909091,4447.453025247369,0.6746411483253588,59
5,1775,258616018.70447502,0.1411485256338028,21.389680723943663,4456.728898569578,0.7061408450704226,59
6,4,13185.397706,0.1459705,37.1098585,4652.96044925,1.0,59
7,10,1523393.825013,0.1363261,31.6757877,4655.1468749,1.0,59
8,12,9584372.313477,0.22116133333333332,174.0617045,4660.912353583333,1.0,59
9,17,9327434.262208,0.16548458823529413,58.665409000000004,4662.392750470588,1.0,59
10,18,19828306.820314,0.20437366666666668,131.30168138888888,4669.679687555556,1.0,59
11,27,24550358.70386,0.19938092592592593,120.3630575925926,4664.632758259259,1.0,59
12,46,29285563.377324,0.20934265217391304,146.96688404347825,4647.818868804347,1.0,59
13,361,208943486.357319,0.16984681440443214,88.30476082548476,4584.346873113574,1.0,59
14,601,443553250.076868,0.17186311980033278,93.41093614642263,4566.943816798668,1.0,59
15,770,450930957.765046,0.15769451038961038,78.64956398441558,4555.890287035065,0.9905194805194806,59
16,944,495228896.91094303,0.15196057733050847,76.10343977012711,4543.227673043431,0.9536016949152543,59
17,1145,461230334.520819,0.13214547248908298,49.85869490742358,4530.207878598254,0.9126550218340611,59
18,1322,484320282.013555,0.13032510287443266,48.00147942284418,4521.125942981089,0.8807261724659606,59
19,1745,535111314.460225,0.11710122750716333,30.04298456217765,4493.643951214327,0.7996160458452721,59
20,15,21507.952531,0.1336174,48.10327033333333,4537.302962266666,1.0,59
21,1576,185932912.6153,0.18917336104060914,114.6389264282995,4515.687403346446,0.8506916243654823,59
22,1744,490892860.074221,0.17166270527522934,89.90196910378441,4507.374261439793,0.8286639908256881,59
23,1927,522230061.09536,0.16114359211209134,88.9697310902958,4501.523060731189,0.8126621691748832,59
24,2590,566165219.750198,0.15559839768339767,82.36501753166023,4492.81183717027,0.7658610038610039,59
25,2424,528118514.045067,0.14602188077557757,62.446532676980205,4504.45948354538,0.7916955445544555,59
26,2274,612901638.170539,0.14304630299032542,65.49770511917326,4517.8191085672825,0.8224450307827617,59
27,2870,114224668.385678,0.18195914459930315,103.84735845087107,4526.21455369094,0.8261463414634146,59
28,2870,542665961.89989,0.17289828327526133,89.35163529477353,4532.382545911846,0.8386097560975609,59
29,2870,565457806.367921,0.18490537073170732,119.56231604878049,4542.702220419512,0.857397212543554,59
30,2870,532020198.685789,0.17492691324041812,104.53136427526132,4553.074371201742,0.8755749128919861,59
31,2870,602663454.1782,0.16234444843205575,97.94154077979094,4563.499605480488,0.8970871080139372,59
1,1434,84584999.850412,0.10311667224546722,19.061251126220363,4389.063258649233,0.49679218967921895,60
2,1769,116028513.05257,0.10345043866591294,20.08137797060486,4418.125935159977,0.581232334652346,60
3,1522,119791542.918532,0.10494225427069646,21.33183558672799,4412.379650550592,0.545335085413929,60
4,2090,160687779.175176,0.10650805263157895,22.91015300909091,4447.453025247369,0.6746411483253588,60
5,1775,111834209.624857,0.10575373183098591,21.389680723943663,4456.728898569578,0.7061408450704226,60
6,4,9878.992433,0.1093665,37.1098585,4652.96044925,1.0,60
7,10,572725.378295,0.1021406,31.6757877,4655.1468749,1.0,60
8,12,3549952.867187,0.1657025,174.0617045,4660.912353583333,1.0,60
9,17,3459356.766115,0.12398729411764707,58.665409000000004,4662.392750470588,1.0,60
10,18,7299840.216798,0.15312433333333333,131.30168138888888,4669.679687555556,1.0,60
11,27,9040387.411743,0.14938351851851853,120.3630575925926,4664.632758259259,1.0,60
12,46,10860792.812289,0.15684732608695653,146.96688404347825,4647.818868804347,1.0,60
13,361,76751538.782741,0.1272555761772853,88.37694642105262,4584.346873113574,1.0,60
14,601,164179215.013855,0.12876625790349416,93.590151843594,4566.943816798668,1.0,60
15,770,168406037.631331,0.11815059740259741,78.88639845844155,4555.890287035065,0.9905194805194806,60
16,944,185927782.501806,0.11385454237288137,76.41970985487289,4543.227673043431,0.9536016949152543,60
17,1145,174390333.599109,0.09900832052401747,50.210175554585156,4530.207878598254,0.9126550218340611,60
18,1322,184117739.943359,0.09764441906202724,48.434010147503784,4521.125942981089,0.8807261724659606,60
19,1745,203131722.825631,0.08773662292263609,30.494400637822352,4493.643951214327,0.7996160458452721,60
20,15,16114.560088999999,0.10011106666666666,48.231787133333334,4537.302962266666,1.0,60
21,1576,74379609.556103,0.14173574873096448,114.71217502728426,4515.687403346446,0.8506916243654823,60
22,1744,194854770.838429,0.12861610550458716,90.0148820206422,4507.374261439793,0.8286639908256881,60
23,1927,206617879.066014,0.12073478463933576,89.14339809392838,4501.523060731189,0.8126621691748832,60
24,2590,227880895.755317,0.1165801274131274,82.78639714247105,4492.81183717027,0.7658610038610039,60
25,2424,212384668.349092,0.10940505280528054,62.8009134030528,4504.45948354538,0.7916955445544555,60
26,2274,240982615.304541,0.10717562620932278,65.81115363412489,4517.8191085672825,0.8224450307827617,60
27,2870,47855332.75242,0.136330587456446,103.8790277881533,4526.21455369094,0.8261463414634146,60
28,2870,227157384.860766,0.1295418456445993,89.42007819303136,4532.382545911846,0.8386097560975609,60
29,2870,237481383.893244,0.13853799303135889,119.68698199303137,4542.702220419512,0.857397212543554,60
30,2870,223962912.762852,0.13106176829268293,104.6933298076655,4553.074371201742,0.8755749128919861,60
31,2870,246924015.478305,0.1216345212543554,98.08638174529618,4563.499605480488,0.8970871080139372,60
1,1434,154260360.454898,0.10485951324965131,19.061251126220363,4389.063258649233,0.49679218967921895,61
2,1769,215652145.231058,0.10519891351045789,20.08137797060486,4418.125935159977,0.581232334652346,61
3,1522,228706787.085285,0.10671591392904073,21.33183558672799,4412.379650550592,0.545335085413929,61
4,2090,307024619.559679,0.10830818708133971,22.91015300909091,4447.453025247369,0.6746411483253588,61
5,1775,206004243.660603,0.10754112,21.389680723943663,4456.728898569578,0.7061408450704226,61
6,4,10045.96228,0.111215,37.1098585,4652.96044925,1.0,61
7,10,1222895.1503299999,0.103867,31.6757877,4655.1468749,1.0,61
8,12,7699631.579103,0.16850316666666668,174.0617045,4660.912353583333,1.0,61
9,17,7492719.727295999,0.12608276470588234,58.665409000000004,4662.392750470588,1.0,61
10,18,15933979.144531999,0.15571244444444443,131.30168138888888,4669.679687555556,1.0,61
11,27,19728376.518068,0.15190837037037036,120.3630575925926,4664.632758259259,1.0,61
12,46,23525136.316573,0.15949826086956523,146.96688404347825,4647.818868804347,1.0,61
13,361,167925237.08156,0.12940638781163435,88.34198419944599,4584.346873113574,1.0,61
14,601,356341568.435593,0.13094257737104825,93.50335082529118,4566.943816798668,1.0,61
15,770,362104985.50783,0.12014753246753246,78.77169047142857,4555.890287035065,0.9905194805194806,61
16,944,397569939.312465,0.11577885381355932,76.26652817584745,4543.227673043431,0.9536016949152543,61
17,1145,370141634.533018,0.10068171091703057,50.039940065502186,4530.207878598254,0.9126550218340611,61
18,1322,388562431.518633,0.09929475945537065,48.22451899848714,4521.125942981089,0.8807261724659606,61
19,1745,429343496.232574,0.08921951633237822,30.275762587965612,4493.643951214327,0.7996160458452721,61
20,15,16386.920441000002,0.10180326666666666,48.1695416,4537.302962266666,1.0,61
21,1576,148766614.153791,0.14413130710659897,114.67669793401015,4515.687403346446,0.8506916243654823,61
22,1744,392934084.656403,0.13078991456422018,89.96019397993119,4507.374261439793,0.8286639908256881,61
23,1927,418091828.274153,0.12277538401660612,89.05928454540737,4501.523060731189,0.8126621691748832,61
24,2590,452841280.998547,0.11855049961389962,82.5823069054054,4492.81183717027,0.7658610038610039,61
25,2424,422429990.847289,0.11125415594059405,62.62927328671618,4504.45948354538,0.7916955445544555,61
26,2274,490847643.704435,0.10898705277044855,65.6593385523307,4517.8191085672825,0.8224450307827617,61
27,2870,91155691.071141,0.13863478641114982,103.86368911881533,4526.21455369094,0.8261463414634146,61
28,2870,433089900.920801,0.13173129790940766,89.38692868432057,4532.382545911846,0.8386097560975609,61
29,2870,451193861.249211,0.1408794993031359,119.62660151637631,4542.702220419512,0.857397212543554,61
30,2870,424455692.822414,0.1332769236933798,104.61488371811846,4553.074371201742,0.8755749128919861,61
31,2870,481557761.462204,0.12369032578397213,98.01622973414634,4563.499605480488,0.8970871080139372,61
1,1434,208233883.571102,0.10874976847977685,19.061251126220363,4389.063258649233,0.49679218967921895,62
2,1769,292701311.725923,0.10910178179762577,20.08137797060486,4418.125935159977,0.581232334652346,62
3,1522,312764583.860443,0.11067507227332457,21.33183558672799,4412.379650550592,0.545335085413929,62
4,2090,419956784.474722,0.11232640574162679,22.91015300909091,4447.453025247369,0.6746411483253588,62
5,1775,278889844.85788697,0.11153089408450703,21.389680723943663,4456.728898569578,0.7061408450704226,62
6,4,10418.66687,0.11534125,37.1098585,4652.96044925,1.0,62
7,10,1721097.605897,0.1077205,31.6757877,4655.1468749,1.0,62
8,12,10876734.667969,0.17475458333333335,174.0617045,4660.912353583333,1.0,62
9,17,10580992.867677,0.13076052941176472,58.665409000000004,4662.392750470588,1.0,62
10,18,22542326.929687,0.1614893888888889,131.30168138888888,4669.679687555556,1.0,62
11,27,27908792.771119,0.1575441851851852,120.3630575925926,4664.632758259259,1.0,62
12,46,33221962.242038,0.16541558695652175,146.96688404347825,4647.818868804347,1.0,62
13,361,237698888.759104,0.13420735734072023,88.45445356786703,4584.346873113574,1.0,62
14,601,503460796.942243,0.1358005673876872,93.78257937936772,4566.943816798668,1.0,62
15,770,510473915.600931,0.12460497662337662,79.14069245844156,4555.890287035065,0.9905194805194806,62
16,944,559731278.635131,0.12007424152542373,76.75929553177967,4543.227673043431,0.9536016949152543,62
17,1145,520188251.869544,0.10441698165938865,50.58756751441048,4530.207878598254,0.9126550218340611,62
18,1322,545322542.14217,0.10297859833585477,48.89842729198185,4521.125942981089,0.8807261724659606,62
19,1745,602778932.600188,0.09252956389684813,30.979095348997134,4493.643951214327,0.7996160458452721,62
20,15,16994.874512,0.10558006666666667,48.369778333333336,4537.302962266666,1.0,62
21,1576,205989452.710434,0.14947857677664975,114.79082355583756,4515.687403346446,0.8506916243654823,62
22,1744,545227684.563466,0.13564220986238532,90.13611894151376,4507.374261439793,0.8286639908256881,62
23,1927,580648365.086455,0.127330341982356,89.3298679185262,4501.523060731189,0.8126621691748832,62
24,2590,625967994.6977,0.12294872741312741,83.2388410972973,4492.81183717027,0.7658610038610039,62
25,2424,584068510.7889299,0.11538167367986799,63.18141927433994,4504.45948354538,0.7916955445544555,62
26,2274,682835685.033076,0.11303047757255935,66.14770973966579,4517.8191085672825,0.8224450307827617,62
27,2870,124579529.330731,0.14377812543554006,103.91303180452961,4526.21455369094,0.8261463414634146,62
28,2870,592039579.805567,0.13661851393728225,89.49356674041812,4532.382545911846,0.8386097560975609,62
29,2870,616192337.383731,0.1461061181184669,119.8208383707317,4542.702220419512,0.857397212543554,62
30,2870,579277259.132251,0.13822147909407667,104.86723553170732,4553.074371201742,0.8755749128919861,62
31,2870,662361470.843427,0.12827923728222995,98.2419004630662,4563.499605480488,0.8970871080139372,62
1,1434,148088814.631414,0.0961732949790795,19.061251126220363,4389.063258649233,0.49679218967921895,63
2,1769,207242949.234692,0.09648459864330129,20.08137797060486,4418.125935159977,0.581232334652346,63
3,1522,220109547.638267,0.09787594218134034,21.33183558672799,4412.379650550592,0.545335085413929,63
4,2090,295495660.055771,0.0993363076555024,22.91015300909091,4447.453025247369,0.6746411483253588,63
5,1775,197873148.477999,0.09863278084507042,21.389680723943663,4456.728898569578,0.7061408450704226,63
6,4,9213.789551,0.1020025,37.1098585,4652.96044925,1.0,63
7,10,1183600.348968,0.0952631,31.6757877,4655.1468749,1.0,63
8,12,7457741.401368,0.15454483333333333,174.0617045,4660.912353583333,1.0,63
9,17,7256857.090578,0.11563858823529412,58.665409000000004,4662.392750470588,1.0,63
10,18,15437986.812501,0.14281377777777776,131.30168138888888,4669.679687555556,1.0,63
11,27,19114053.936767,0.13932481481481482,120.3630575925926,4664.632758259259,1.0,63
12,46,22784655.271805998,0.146286,146.96688404347825,4647.818868804347,1.0,63
13,361,162715802.976569,0.11868680886426591,88.48035822437673,4584.346873113574,1.0,63
14,601,345158002.503661,0.12009577537437603,93.8468930532446,4566.943816798668,1.0,63
15,770,350585840.342295,0.11019493376623377,79.22568332857144,4555.890287035065,0.9905194805194806,63
16,944,384821406.35965,0.10618810911016949,76.87279280190677,4543.227673043431,0.9536016949152543,63
17,1145,358145657.709505,0.09234157991266376,50.7137005371179,4530.207878598254,0.9126550218340611,63
18,1322,375866226.529477,0.09106953857791225,49.053646094553706,4521.125942981089,0.8807261724659606,63
19,1745,415345285.578026,0.08182888595988538,31.141091363896848,4493.643951214327,0.7996160458452721,63
20,15,15029.484445,0.0933702,48.415898133333336,4537.302962266666,1.0,63
21,1576,143522980.986818,0.13219195748730966,114.81710968527919,4515.687403346446,0.8506916243654823,63
22,1744,379241949.269407,0.11995573050458716,90.17663909059632,4507.374261439793,0.8286639908256881,63
23,1927,403593194.666568,0.11260509963674105,89.39219039802802,4501.523060731189,0.8126621691748832,63
24,2590,436734948.176858,0.10873020077220077,83.39005818339768,4492.81183717027,0.7658610038610039,63
25,2424,407424261.056605,0.10203824628712871,63.30859300495049,4504.45948354538,0.7916955445544555,63
26,2274,473982571.200541,0.09995895514511874,66.26019448240986,4517.8191085672825,0.8224450307827617,63
27,2870,87718259.773902,0.12715075714285715,103.92439672055748,4526.21455369094,0.8261463414634146,63
28,2870,416778806.515283,0.12081913658536586,89.51812829303137,4532.382545911846,0.8386097560975609,63
29,2870,434119382.064101,0.12920951010452963,119.86557622404182,4542.702220419512,0.857397212543554,63
30,2870,408338431.611498,0.12223671777003485,104.9253587857143,4553.074371201742,0.8755749128919861,63
31,2870,463977974.993525,0.11344424947735192,98.29387836376307,4563.499605480488,0.8970871080139372,63
1,1434,108145737.535966,0.11308990655509066,19.061251126220363,4389.063258649233,0.49679218967921895,64
2,1769,149259773.279414,0.11345596551724137,20.08137797060486,4418.125935159977,0.581232334652346,64
3,1522,155466379.208116,0.11509203285151116,21.33183558672799,4412.379650550592,0.545335085413929,64
4,2090,208595568.06386,0.1168092913875598,22.91015300909091,4447.453025247369,0.6746411483253588,64
5,1775,143446761.668052,0.11598199211267606,21.389680723943663,4456.728898569578,0.7061408450704226,64
6,4,10834.468994,0.11994425,37.1098585,4652.96044925,1.0,64
7,10,772458.866058,0.1120196,31.6757877,4655.1468749,1.0,64
8,12,4814946.530273,0.18172883333333334,174.0617045,4660.912353583333,1.0,64
9,17,4689720.211671,0.13597900000000002,58.665409000000004,4662.392750470588,1.0,64
10,18,9923848.96582,0.16793422222222223,131.30168138888888,4669.679687555556,1.0,64
11,27,12288964.096554,0.16383166666666665,120.3630575925926,4664.632758259259,1.0,64
12,46,14723892.490131,0.1720171956521739,146.96688404347825,4647.818868804347,1.0,64
13,361,104429337.366005,0.13956348753462602,88.47136186703601,4584.346873113574,1.0,64
14,601,222738617.153925,0.14122027121464226,93.82455773211315,4566.943816798668,1.0,64
15,770,227704437.026294,0.1295779038961039,79.19616706363637,4555.890287035065,0.9905194805194806,64
16,944,250897788.849344,0.12486633368644068,76.83337662923729,4543.227673043431,0.9536016949152543,64
17,1145,234707246.617434,0.10858420698689956,50.66989611441048,4530.207878598254,0.9126550218340611,64
18,1322,247297558.793023,0.10708840242057488,48.9997405741301,4521.125942981089,0.8807261724659606,64
19,1745,272983537.010476,0.0962223335243553,31.08483220114613,4493.643951214327,0.7996160458452721,64
20,15,17673.128373,0.1097938,48.39988126666666,4537.302962266666,1.0,64
21,1576,98053989.212265,0.15544415291878172,114.8079808426396,4515.687403346446,0.8506916243654823,64
22,1744,257597657.826687,0.14105559747706423,90.16256695068809,4507.374261439793,0.8286639908256881,64
23,1927,273472277.892444,0.13241201764400623,89.37054658847951,4501.523060731189,0.8126621691748832,64
24,2590,299750120.71907,0.12785551930501932,83.3375424054054,4492.81183717027,0.7658610038610039,64
25,2424,279452896.946421,0.11998649133663367,63.26442718110561,4504.45948354538,0.7916955445544555,64
26,2274,319681612.292831,0.11754144063324538,66.22112996042216,4517.8191085672825,0.8224450307827617,64
27,2870,62059686.252303,0.14951620731707316,103.92044982926829,4526.21455369094,0.8261463414634146,64
28,2870,294671272.393965,0.14207087177700348,89.50959837038327,4532.382545911846,0.8386097560975609,64
29,2870,307707754.618086,0.15193711637630664,119.85003933275262,4542.702220419512,0.857397212543554,64
30,2870,289954107.096877,0.14373780731707317,104.90517330975611,4553.074371201742,0.8755749128919861,64
31,2870,322742503.867378,0.13339876271777004,98.27582710139372,4563.499605480488,0.8970871080139372,64
1,1434,211011778.42221,0.12237447838214785,19.061251126220363,4389.063258649233,0.49679218967921895,65
2,1769,296013807.683221,0.12277058677218769,20.08137797060486,4418.125935159977,0.581232334652346,65
3,1522,315438697.130211,0.12454096386333771,21.33183558672799,4412.379650550592,0.545335085413929,65
4,2090,423514475.608542,0.1263991985645933,22.91015300909091,4447.453025247369,0.6746411483253588,65
5,1775,282310540.908559,0.12550401633802818,21.389680723943663,4456.728898569578,0.7061408450704226,65
6,4,11723.967407,0.12979174999999998,37.1098585,4652.96044925,1.0,65
7,10,1717953.478392,0.12121610000000001,31.6757877,4655.1468749,1.0,65
8,12,10842515.541014,0.19664875,174.0617045,4660.912353583333,1.0,65
9,17,10548928.337646,0.14714282352941177,58.665409000000004,4662.392750470588,1.0,65
10,18,22459524.975587,0.18172166666666667,131.30168138888888,4669.679687555556,1.0,65
11,27,27806842.618408002,0.17728214814814813,120.3630575925926,4664.632758259259,1.0,65
12,46,33121119.587861,0.1861397608695652,146.96688404347825,4647.818868804347,1.0,65
13,361,236779909.66949,0.15102149030470913,88.33374998060943,4584.346873113574,1.0,65
14,601,501847847.636289,0.1528143044925125,93.48290773044926,4566.943816798668,1.0,65
15,770,509239152.758827,0.1402161064935065,78.7446748051948,4555.890287035065,0.9905194805194806,65
16,944,558640024.551569,0.13511771504237288,76.23045127754237,4543.227673043431,0.9536016949152543,65
17,1145,519504074.557744,0.11749883930131004,49.999846696069866,4530.207878598254,0.9126550218340611,65
18,1322,544874068.805797,0.11588023676248108,48.175180260968226,4521.125942981089,0.8807261724659606,65
19,1745,602203677.370647,0.10412208595988538,30.224269606303725,4493.643951214327,0.7996160458452721,65
20,15,19124.072876000002,0.11880766666666666,48.15488166666667,4537.302962266666,1.0,65
21,1576,206817885.015429,0.16820594606598985,114.66834247398478,4515.687403346446,0.8506916243654823,65
22,1744,547003531.701118,0.15263612327981652,89.94731401949541,4507.374261439793,0.8286639908256881,65
23,1927,582354602.344135,0.14328289257913857,89.03947436481577,4501.523060731189,0.8126621691748832,65
24,2590,628868290.3215,0.13835232702702704,82.53424018069498,4492.81183717027,0.7658610038610039,65
25,2424,586724505.619035,0.12983724711221123,62.58884912871287,4504.45948354538,0.7916955445544555,65
26,2274,684429610.089712,0.12719147185576077,65.62358351143361,4517.8191085672825,0.8224450307827617,65
27,2870,125673651.697434,0.16179133344947735,103.86007659860626,4526.21455369094,0.8261463414634146,65
28,2870,597184321.124467,0.15373473519163763,89.37912141010453,4532.382545911846,0.8386097560975609,65
29,2870,621765261.922322,0.164410993728223,119.61238088327525,4542.702220419512,0.857397212543554,65
30,2870,584662677.299749,0.15553852613240418,104.59640832369338,4553.074371201742,0.8755749128919861,65
31,2870,666627128.698439,0.14435065470383276,97.99970774146341,4563.499605480488,0.8970871080139372,65
1,1434,108784148.417663,0.08309971617852162,19.061251126220363,4389.063258649233,0.49679218967921895,66
2,1769,151632275.899976,0.0833687077444884,20.08137797060486,4418.125935159977,0.581232334652346,66
3,1522,160157187.037181,0.08457087582128778,21.33183558672799,4412.379650550592,0.545335085413929,66
4,2090,214975992.671974,0.08583275406698565,22.91015300909091,4447.453025247369,0.6746411483253588,66
5,1775,145048469.68613,0.08522485746478874,21.389680723943663,4456.728898569578,0.7061408450704226,66
6,4,7961.287109000001,0.08813649999999999,37.1098585,4652.96044925,1.0,66
7,10,842757.221466,0.0823132,31.6757877,4655.1468749,1.0,66
8,12,5294947.601562,0.13353641666666666,174.0617045,4660.912353583333,1.0,66
9,17,5153620.188965,0.0999189411764706,58.665409000000004,4662.392750470588,1.0,66
10,18,10948263.695313,0.12340000000000001,131.30168138888888,4669.679687555556,1.0,66
11,27,13555845.482545,0.1203852962962963,120.3630575925926,4664.632758259259,1.0,66
12,46,16180856.394838,0.1264000652173913,146.96688404347825,4647.818868804347,1.0,66
13,361,115345573.060272,0.10255280886426592,88.34919255124653,4584.346873113574,1.0,66
14,601,245029141.197717,0.1037701996672213,93.5212471031614,4566.943816798668,1.0,66
15,770,249307491.92324,0.09521528961038962,78.79534050909092,4555.890287035065,0.9905194805194806,66
16,944,273931166.591736,0.09175315677966102,76.29811053919492,4543.227673043431,0.9536016949152543,66
17,1145,255291447.03586,0.0797888672489083,50.07503851179039,4530.207878598254,0.9126550218340611,66
18,1322,268206882.782489,0.07868974886535553,48.267711021936464,4521.125942981089,0.8807261724659606,66
19,1745,296294020.249655,0.07070525100286533,30.320840484240687,4493.643951214327,0.7996160458452721,66
20,15,12986.410094,0.08067773333333333,48.182375066666665,4537.302962266666,1.0,66
21,1576,103466777.867181,0.11422207296954313,114.68401245939087,4515.687403346446,0.8506916243654823,66
22,1744,272963069.93112,0.10364920412844036,89.97146933887615,4507.374261439793,0.8286639908256881,66
23,1927,290296665.391129,0.09729780435910743,89.07662673066943,4501.523060731189,0.8126621691748832,66
24,2590,315245126.439302,0.09394964903474903,82.6243853934363,4492.81183717027,0.7658610038610039,66
25,2424,294035701.720399,0.08816740016501651,62.664661336221116,4504.45948354538,0.7916955445544555,66
26,2274,340494581.584571,0.08637074978012313,65.69063915347405,4517.8191085672825,0.8224450307827617,66
27,2870,63855940.037193,0.10986615783972126,103.86685157944251,4526.21455369094,0.8261463414634146,66
28,2870,303344265.730357,0.10439524599303135,89.39376331045295,4532.382545911846,0.8386097560975609,66
29,2870,316190828.629524,0.11164506341463415,119.6390505132404,4542.702220419512,0.857397212543554,66
30,2870,297564394.822648,0.10562012926829269,104.6310574087108,4553.074371201742,0.8755749128919861,66
31,2870,336157463.646485,0.09802289581881533,98.03069337630663,4563.499605480488,0.8970871080139372,66
1,1434,70095887.981515,0.08525811297071129,19.061251126220363,4389.063258649233,0.49679218967921895,67
2,1769,96162726.1463,0.08553406218202374,20.08137797060486,4418.125935159977,0.581232334652346,67
3,1522,99295678.784255,0.08676750788436269,21.33183558672799,4412.379650550592,0.545335085413929,67
4,2090,133195287.134373,0.08806213827751196,22.91015300909091,4447.453025247369,0.6746411483253588,67
5,1775,92682206.406955,0.08743844507042253,21.389680723943663,4456.728898569578,0.7061408450704226,67
6,4,8168.069459,0.09042575,37.1098585,4652.96044925,1.0,67
7,10,475037.781067,0.084451,31.6757877,4655.1468749,1.0,67
8,12,2944731.496094,0.13700491666666667,174.0617045,4660.912353583333,1.0,67
9,17,2869556.33472,0.10251411764705883,58.665409000000004,4662.392750470588,1.0,67
10,18,6055548.078126,0.12660522222222223,131.30168138888888,4669.679687555556,1.0,67
11,27,7499399.412598,0.12351218518518518,120.3630575925926,4664.632758259259,1.0,67
12,46,9009093.541016,0.12968323913043478,146.96688404347825,4647.818868804347,1.0,67
13,361,63669798.297182,0.10521643767313019,88.39321061772853,4584.346873113574,1.0,67
14,601,136189342.960094,0.10646546589018303,93.63053108153079,4566.943816798668,1.0,67
15,770,139687565.086722,0.09768834675324675,78.93975982857143,4555.890287035065,0.9905194805194806,67
16,944,154216126.711998,0.0941362934322034,76.49096895762712,4543.227673043431,0.9536016949152543,67
17,1145,144640027.389752,0.08186126288209607,50.28936796768559,4530.207878598254,0.9126550218340611,67
18,1322,152702759.880929,0.08073358093797277,48.53146405295008,4521.125942981089,0.8807261724659606,67
19,1745,168474025.576978,0.07254169570200572,30.596109605730657,4493.643951214327,0.7996160458452721,67
20,15,13323.711815999999,0.08277306666666666,48.2607434,4537.302962266666,1.0,67
21,1576,61669398.808283,0.11718880964467004,114.72867873413706,4515.687403346446,0.8506916243654823,67
22,1744,161564917.427181,0.10634133314220183,90.04032253497705,4507.374261439793,0.8286639908256881,67
23,1927,171321732.978695,0.09982497405293203,89.18252717488325,4501.523060731189,0.8126621691748832,67
24,2590,188933025.484105,0.09638984826254826,82.88133857181467,4492.81183717027,0.7658610038610039,67
25,2424,176086204.648166,0.09045739768976897,62.880759249174915,4504.45948354538,0.7916955445544555,67
26,2274,199823549.431103,0.08861408751099384,65.88177700967458,4517.8191085672825,0.8224450307827617,67
27,2870,39666980.257334,0.1127197693379791,103.88616323240419,4526.21455369094,0.8261463414634146,67
28,2870,188290237.02016,0.10710675644599303,89.43549912648083,4532.382545911846,0.8386097560975609,67
29,2870,196844073.421288,0.11454488466898954,119.7150705881533,4542.702220419512,0.857397212543554,67
30,2870,185636383.083884,0.10836345226480835,104.7298224108014,4553.074371201742,0.8755749128919861,67
31,2870,204700026.903917,0.10056887073170731,98.11901598954704,4563.499605480488,0.8970871080139372,67
1,1434,130562148.484563,0.07706346094839608,19.061251126220363,4389.063258649233,0.49679218967921895,68
2,1769,183091161.687827,0.07731291237987563,20.08137797060486,4418.125935159977,0.581232334652346,68
3,1522,195010077.682197,0.07842779960578186,21.33183558672799,4412.379650550592,0.545335085413929,68
4,2090,261820888.253252,0.07959799712918661,22.91015300909091,4447.453025247369,0.6746411483253588,68
5,1775,174644667.13506702,0.07903425183098592,21.389680723943663,4456.728898569578,0.7061408450704226,68
6,4,7382.990601,0.08173425000000001,37.1098585,4652.96044925,1.0,68
7,10,1060088.167907,0.0763341,31.6757877,4655.1468749,1.0,68
8,12,6688922.772461,0.1238365,174.0617045,4660.912353583333,1.0,68
9,17,6507941.494874,0.09266082352941177,58.665409000000004,4662.392750470588,1.0,68
10,18,13854308.629882,0.11443633333333333,131.30168138888888,4669.679687555556,1.0,68
11,27,17152900.652834002,0.11164062962962963,120.3630575925926,4664.632758259259,1.0,68
12,46,20433364.721955,0.11721867391304347,146.96688404347825,4647.818868804347,1.0,68
13,361,146054120.679981,0.09510347645429362,88.43718714681441,4584.346873113574,1.0,68
14,601,309594772.250503,0.09623248086522462,93.73971192179701,4566.943816798668,1.0,68
15,770,314199538.477137,0.08829898571428571,79.08404288961039,4555.890287035065,0.9905194805194806,68
16,944,344709255.155212,0.08508834322033898,76.68364535381356,4543.227673043431,0.9536016949152543,68
17,1145,320597408.595155,0.07399312751091704,50.503495164192145,4530.207878598254,0.9126550218340611,68
18,1322,336283920.879402,0.07297382677760969,48.79496817624811,4521.125942981089,0.8807261724659606,68
19,1745,371657541.730101,0.0655693340974212,30.871118961604587,4493.643951214327,0.7996160458452721,68
20,15,12043.095412,0.07481739999999999,48.339037866666665,4537.302962266666,1.0,68
21,1576,127755120.384797,0.1059251478426396,114.77330286611675,4515.687403346446,0.8506916243654823,68
22,1744,337847411.755001,0.09612028268348623,90.10911075516054,4507.374261439793,0.8286639908256881,68
23,1927,359660758.191921,0.09023023040996367,89.28832767514271,4501.523060731189,0.8126621691748832,68
24,2590,388505923.92122,0.08712528069498068,83.13804926833977,4492.81183717027,0.7658610038610039,68
25,2424,362464498.870679,0.08176303341584158,63.09665323597359,4504.45948354538,0.7916955445544555,68
26,2274,422655967.589405,0.08009690281442391,66.0727344876869,4517.8191085672825,0.8224450307827617,68
27,2870,77697009.034523,0.10188563344947735,103.90545666445992,4526.21455369094,0.8261463414634146,68
28,2870,369199666.34107,0.09681212090592335,89.47719555365853,4532.382545911846,0.8386097560975609,68
29,2870,384420671.503529,0.1035353275261324,119.79101892020907,4542.702220419512,0.857397212543554,68
30,2870,361497385.662725,0.09794803449477352,104.82849421149827,4553.074371201742,0.8755749128919861,68
31,2870,411966167.980436,0.09090265226480836,98.20725525574913,4563.499605480488,0.8970871080139372,68
1,1434,147231067.465664,0.11998858716875872,19.061251126220363,4389.063258649233,0.49679218967921895,69
2,1769,204856953.27014,0.12037697003957037,20.08137797060486,4418.125935159977,0.581232334652346,69
3,1522,215835148.427349,0.12211284625492773,21.33183558672799,4412.379650550592,0.545335085413929,69
4,2090,289690742.503784,0.12393486315789475,22.91015300909091,4447.453025247369,0.6746411483253588,69
5,1775,196126910.713222,0.12305713633802816,21.389680723943663,4456.728898569578,0.7061408450704226,69
6,4,11495.390259,0.127261,37.1098585,4652.96044925,1.0,69
7,10,1124484.1205449998,0.1188529,31.6757877,4655.1468749,1.0,69
8,12,7055550.321289999,0.19281458333333334,174.0617045,4660.912353583333,1.0,69
9,17,6868042.073488,0.14427405882352942,58.665409000000004,4662.392750470588,1.0,69
10,18,14580751.485352,0.17817855555555556,131.30168138888888,4669.679687555556,1.0,69
11,27,18053870.344971,0.1738256296296296,120.3630575925926,4664.632758259259,1.0,69
12,46,21563525.858766,0.18251054347826087,146.96688404347825,4647.818868804347,1.0,69
13,361,153585227.246483,0.14807710803324098,88.37739287811635,4584.346873113574,1.0,69
14,601,326483590.724696,0.14983495008319467,93.59126024625624,4566.943816798668,1.0,69
15,770,332449818.061349,0.13748238051948053,78.88786321688312,4555.890287035065,0.9905194805194806,69
16,944,365458856.520379,0.13248338241525423,76.42166590783897,4543.227673043431,0.9536016949152543,69
17,1145,340808681.355011,0.1152080113537118,50.21234937554585,4530.207878598254,0.9126550218340611,69
18,1322,358227230.037751,0.11362098789712556,48.4366852677761,4521.125942981089,0.8807261724659606,69
19,1745,395689286.532732,0.10209209054441261,30.497192560458455,4493.643951214327,0.7996160458452721,69
20,15,18751.220903,0.1164914,48.232582066666666,4537.302962266666,1.0,69
21,1576,138848784.952011,0.16492650634517766,114.71262805647207,4515.687403346446,0.8506916243654823,69
22,1744,366039035.320465,0.14966025,90.01558036123853,4507.374261439793,0.8286639908256881,69
23,1927,389163880.053568,0.14048939543331604,89.14447218993254,4501.523060731189,0.8126621691748832,69
24,2590,423293829.355978,0.13565492625482625,82.78900329305019,4492.81183717027,0.7658610038610039,69
25,2424,394782833.355847,0.1273058828382838,62.80310517904291,4504.45948354538,0.7916955445544555,69
26,2274,456191564.421014,0.12471167897977133,65.81309223922604,4517.8191085672825,0.8224450307827617,69
27,2870,86073444.230687,0.15863696271777003,103.87922365296168,4526.21455369094,0.8261463414634146,69
28,2870,408852806.978707,0.15073745156794424,89.42050150069686,4532.382545911846,0.8386097560975609,69
29,2870,426305106.216961,0.16120554285714284,119.68775302090592,4542.702220419512,0.857397212543554,69
30,2870,401284010.809991,0.15250607073170733,104.69433153240418,4553.074371201742,0.8755749128919861,69
31,2870,452140553.894585,0.1415363400696864,98.08727755191637,4563.499605480488,0.8970871080139372,69
1,1434,173018229.041708,0.09350241910739192,19.061251126220363,4389.063258649233,0.49679218967921895,70
2,1769,243047931.421961,0.09380507631430186,20.08137797060486,4418.125935159977,0.581232334652346,70
3,1522,259484196.191974,0.09515777463863337,21.33183558672799,4412.379650550592,0.545335085413929,70
4,2090,348407387.599952,0.09657758373205741,22.91015300909091,4447.453025247369,0.6746411483253588,70
5,1775,231647728.569165,0.0958936061971831,21.389680723943663,4456.728898569578,0.7061408450704226,70
6,4,8957.908325,0.09916925,37.1098585,4652.96044925,1.0,70
7,10,1423291.248902,0.0926172,31.6757877,4655.1468749,1.0,70
8,12,8990996.797852,0.15025291666666665,174.0617045,4660.912353583333,1.0,70
9,17,8746844.720947,0.11242705882352941,58.665409000000004,4662.392750470588,1.0,70
10,18,18631016.381836,0.1388476111111111,131.30168138888888,4669.679687555556,1.0,70
11,27,23066493.008914,0.1354557037037037,120.3630575925926,4664.632758259259,1.0,70
12,46,27463103.076764,0.14222341304347827,146.96688404347825,4647.818868804347,1.0,70
13,361,196443991.396965,0.11539069806094182,88.40948576454294,4584.346873113574,1.0,70
14,601,416166532.487371,0.11676053244592347,93.67093746755408,4566.943816798668,1.0,70
15,770,422067125.900655,0.10713464805194806,78.9931570909091,4555.890287035065,0.9905194805194806,70
16,944,462861647.228822,0.1032391345338983,76.5622759618644,4543.227673043431,0.9536016949152543,70
17,1145,430247337.329151,0.08977710742358078,50.36861361222707,4530.207878598254,0.9126550218340611,70
18,1322,451105296.222057,0.08854038124054463,48.628983450832074,4521.125942981089,0.8807261724659606,70
19,1745,498614212.739867,0.07955639713467048,30.69788694269341,4493.643951214327,0.7996160458452721,70
20,15,14612.092741,0.0907772,48.28971913333333,4537.302962266666,1.0,70
21,1576,170657644.070689,0.1285207804568528,114.74519353807106,4515.687403346446,0.8506916243654823,70
22,1744,451601247.669735,0.11662437041284403,90.06578014793578,4507.374261439793,0.8286639908256881,70
23,1927,480891725.913165,0.1094778780487805,89.2216825407369,4501.523060731189,0.8126621691748832,70
24,2590,518699314.52404,0.10571059536679536,82.97634380926641,4492.81183717027,0.7658610038610039,70
25,2424,483966962.601895,0.09920449257425742,62.9606587689769,4504.45948354538,0.7916955445544555,70
26,2274,565416484.055252,0.09718293315743183,65.95244784388743,4517.8191085672825,0.8224450307827617,70
27,2870,103364516.243054,0.12361958536585366,103.89330347421604,4526.21455369094,0.8261463414634146,70
28,2870,491205259.790937,0.11746380348432055,89.45093042404181,4532.382545911846,0.8386097560975609,70
29,2870,511300772.256701,0.12562116794425088,119.74317806515678,4542.702220419512,0.857397212543554,70
30,2870,480707374.263561,0.11884201149825784,104.76633954425087,4553.074371201742,0.8755749128919861,70
31,2870,549165303.582539,0.11029374216027875,98.15167218362369,4563.499605480488,0.8970871080139372,70
1,1434,194557127.697613,0.13957486889818688,19.061251126220363,4389.063258649233,0.49679218967921895,71
2,1769,271629765.266232,0.1400266529112493,20.08137797060486,4418.125935159977,0.581232334652346,71
3,1522,287549580.402463,0.14204586727989488,21.33183558672799,4412.379650550592,0.545335085413929,71
4,2090,385997356.204273,0.1441653,22.91015300909091,4447.453025247369,0.6746411483253588,71
5,1775,259637512.09729,0.14314427042253522,21.389680723943663,4456.728898569578,0.7061408450704226,71
6,4,13371.834961,0.14803475,37.1098585,4652.96044925,1.0,71
7,10,1526643.5872189999,0.13825369999999998,31.6757877,4655.1468749,1.0,71
8,12,9603102.626954,0.22428875,174.0617045,4660.912353583333,1.0,71
9,17,9345809.509035,0.16782447058823527,58.665409000000004,4662.392750470588,1.0,71
10,18,19865630.037111,0.20726344444444444,131.30168138888888,4669.679687555556,1.0,71
11,27,24596637.797608,0.2022,120.3630575925926,4664.632758259259,1.0,71
12,46,29343236.601138998,0.21230265217391303,146.96688404347825,4647.818868804347,1.0,71
13,361,209331263.257185,0.17224838227146813,88.29699407202216,4584.346873113574,1.0,71
14,601,444416580.31543,0.17429319301164725,93.39165355740433,4566.943816798668,1.0,71
15,770,451856770.064229,0.15992424935064936,78.62408194545455,4555.890287035065,0.9905194805194806,71
16,944,496277116.703858,0.15410926906779662,76.06941088665255,4543.227673043431,0.9536016949152543,71
17,1145,462246052.543259,0.1340139563318777,49.820877578165934,4530.207878598254,0.9126550218340611,71
18,1322,485418921.767183,0.13216785098335854,47.954941534795765,4521.125942981089,0.8807261724659606,71
19,1745,536315694.30865,0.11875705616045845,29.994414711174784,4493.643951214327,0.7996160458452721,71
20,15,21812.065415,0.13550666666666666,48.08944266666666,4537.302962266666,1.0,71
21,1576,186473562.646095,0.19184821700507615,114.63104528743654,4515.687403346446,0.8506916243654823,71
22,1744,492271386.565018,0.1740899501146789,89.88982030848625,4507.374261439793,0.8286639908256881,71
23,1927,523674855.735762,0.16342208303061753,88.95104550389206,4501.523060731189,0.8126621691748832,71
24,2590,567856368.350313,0.15779849922779923,82.31967944826255,4492.81183717027,0.7658610038610039,71
25,2424,529690147.753575,0.1480865899339934,62.408403299917495,4504.45948354538,0.7916955445544555,71
26,2274,614548747.054831,0.14506893007915567,65.4639798060686,4517.8191085672825,0.8224450307827617,71
27,2870,114626330.35617,0.18453198118466901,103.84395100592334,4526.21455369094,0.8261463414634146,71
28,2870,544567868.797076,0.17534299895470382,89.34427122752614,4532.382545911846,0.8386097560975609,71
29,2870,567464797.909697,0.18751985121951217,119.5489026944251,4542.702220419512,0.857397212543554,71
30,2870,533925381.539783,0.17740032299651567,104.51393769303137,4553.074371201742,0.8755749128919861,71
31,2870,604603626.685261,0.16463994947735192,97.92595669616725,4563.499605480488,0.8970871080139372,71
1,1434,279983265.513533,0.13708584867503487,19.061251126220363,4389.063258649233,0.49679218967921895,72
2,1769,393999299.320445,0.13752956302996042,20.08137797060486,4418.125935159977,0.581232334652346,72
3,1522,421655451.752566,0.13951279697766097,21.33183558672799,4412.379650550592,0.545335085413929,72
4,2090,566191953.108791,0.14159442727272725,22.91015300909091,4447.453025247369,0.6746411483253588,72
5,1775,375209487.250123,0.14059160169014084,21.389680723943663,4456.728898569578,0.7061408450704226,72
6,4,13133.376098,0.145395,37.1098585,4652.96044925,1.0,72
7,10,2333709.2766730003,0.1357883,31.6757877,4655.1468749,1.0,72
8,12,14758992.618165,0.22028899999999998,174.0617045,4660.912353583333,1.0,72
9,17,14356771.671143001,0.16483164705882353,58.665409000000004,4662.392750470588,1.0,72
10,18,30597328.220705,0.20356733333333332,131.30168138888888,4669.679687555556,1.0,72
11,27,37880957.448977,0.19859422222222223,120.3630575925926,4664.632758259259,1.0,72
12,46,45077195.677428,0.20851673913043478,146.96688404347825,4647.818868804347,1.0,72
13,361,322669735.981757,0.16917671745152355,88.43113184487535,4584.346873113574,1.0,72
14,601,683184000.570511,0.17118503993344428,93.72467838768719,4566.943816798668,1.0,72
15,770,692399989.371255,0.15707233246753247,79.0641759987013,4555.890287035065,0.9905194805194806,72
16,944,759014937.302516,0.1513610402542373,76.65711502118644,4543.227673043431,0.9536016949152543,72
17,1145,705145617.833809,0.13162409781659387,50.47401117554585,4530.207878598254,0.9126550218340611,72
18,1322,739014938.596921,0.12981091376701967,48.75868530257186,4521.125942981089,0.8807261724659606,72
19,1745,816938870.83417,0.11663927793696274,30.83325188366762,4493.643951214327,0.7996160458452721,72
20,15,21423.093598,0.13309013333333333,48.32825713333333,4537.302962266666,1.0,72
21,1576,278405834.514749,0.18842701269035533,114.76715840101524,4515.687403346446,0.8506916243654823,72
22,1744,737217398.45827,0.1709854248853211,90.09963904644495,4507.374261439793,0.8286639908256881,72
23,1927,785249488.830682,0.1605078059159315,89.27375960560457,4501.523060731189,0.8126621691748832,72
24,2590,845742183.930522,0.15498450308880307,83.1027017969112,4492.81183717027,0.7658610038610039,72
25,2424,789169647.667122,0.14544577846534654,63.06692597112211,4504.45948354538,0.7916955445544555,72
26,2274,923753792.527241,0.14248194239226034,66.04644082277925,4517.8191085672825,0.8224450307827617,72
27,2870,167930898.278018,0.18124125644599304,103.90280007665505,4526.21455369094,0.8261463414634146,72
28,2870,798099562.445278,0.17221613554006968,89.47145421811847,4532.382545911846,0.8386097560975609,72
29,2870,830494910.715849,0.18417583379790942,119.78056131010453,4542.702220419512,0.857397212543554,72
30,2870,780631484.748521,0.17423676480836237,104.8149077174216,4553.074371201742,0.8755749128919861,72
31,2870,894015228.285615,0.16170394355400697,98.1951052595819,4563.499605480488,0.8970871080139372,72
1,1434,141444546.666852,0.12833889121338912,19.061251126220363,4389.063258649233,0.49679218967921895,73
2,1769,196169984.886861,0.1287542973431317,20.08137797060486,4418.125935159977,0.581232334652346,73
3,1522,205744281.417844,0.13061096977660971,21.33183558672799,4412.379650550592,0.545335085413929,73
4,2090,276110745.07411,0.13255979473684212,22.91015300909091,4447.453025247369,0.6746411483253588,73
5,1775,188096932.75694498,0.13162096169014084,21.389680723943663,4456.728898569578,0.7061408450704226,73
6,4,12295.382447,0.1361175,37.1098585,4652.96044925,1.0,73
7,10,1052272.065398,0.12712410000000002,31.6757877,4655.1468749,1.0,73
8,12,6585791.675782,0.20623316666666666,174.0617045,4660.912353583333,1.0,73
9,17,6412199.937988,0.1543144117647059,58.665409000000004,4662.392750470588,1.0,73
10,18,13596064.257813,0.1905785,131.30168138888888,4669.679687555556,1.0,73
11,27,16835293.931398,0.1859225925925926,120.3630575925926,4664.632758259259,1.0,73
12,46,20132126.392335,0.19521195652173912,146.96688404347825,4647.818868804347,1.0,73
13,361,143159288.003178,0.15838214958448754,88.31290497229917,4584.346873113574,1.0,73
14,601,304712365.41704,0.16026235108153078,93.43115563227954,4566.943816798668,1.0,73
15,770,310749592.622772,0.14705011558441558,78.67628414675325,4555.890287035065,0.9905194805194806,73
16,944,341910055.819201,0.1417032118644068,76.13912200741525,4543.227673043431,0.9536016949152543,73
17,1145,319231780.007423,0.12322563755458515,49.89834967074236,4530.207878598254,0.9126550218340611,73
18,1322,335858847.241433,0.12152813010590016,48.05027839712557,4521.125942981089,0.8807261724659606,73
19,1745,370889828.641018,0.10919690544412607,30.09391422292264,4493.643951214327,0.7996160458452721,73
20,15,20056.163637,0.1245982,48.11776986666666,4537.302962266666,1.0,73
21,1576,131331510.053133,0.17640415862944162,114.64719048286801,4515.687403346446,0.8506916243654823,73
22,1744,345752322.243993,0.16007545412844035,89.91470817029817,4507.374261439793,0.8286639908256881,73
23,1927,367386439.567164,0.15026636689154124,88.9893245646082,4501.523060731189,0.8126621691748832,73
24,2590,400807691.500718,0.1450954965250965,82.41255842625483,4492.81183717027,0.7658610038610039,73
25,2424,373754952.912242,0.1361653919141914,62.48651462995049,4504.45948354538,0.7916955445544555,73
26,2274,430196139.395401,0.13339066402814426,65.53306900835533,4517.8191085672825,0.8224450307827617,73
27,2870,82081145.148308,0.16967688710801393,103.85093144599303,4526.21455369094,0.8261463414634146,73
28,2870,389828947.066356,0.1612276355400697,89.3593571651568,4532.382545911846,0.8386097560975609,73
29,2870,406709072.621558,0.17242422787456446,119.57638111498258,4542.702220419512,0.857397212543554,73
30,2870,382998669.842964,0.1631193324041812,104.5496375533101,4553.074371201742,0.8755749128919861,73
31,2870,429465018.570506,0.15138618013937283,97.95788202055749,4563.499605480488,0.8970871080139372,73
1,1434,100065560.446129,0.12963025244072524,19.061251126220363,4389.063258649233,0.49679218967921895,74
2,1769,136892070.188606,0.13004985189372528,20.08137797060486,4418.125935159977,0.581232334652346,74
3,1522,140775100.924912,0.13192519842312747,21.33183558672799,4412.379650550592,0.545335085413929,74
4,2090,188813115.380026,0.13389362870813398,22.91015300909091,4447.453025247369,0.6746411483253588,74
5,1775,132113701.310179,0.1329453504225352,21.389680723943663,4456.728898569578,0.7061408450704226,74
6,4,12419.09961,0.137487,37.1098585,4652.96044925,1.0,74
7,10,661159.142945,0.1284033,31.6757877,4655.1468749,1.0,74
8,12,4087102.601563,0.20830833333333332,174.0617045,4660.912353583333,1.0,74
9,17,3983754.655518,0.15586711764705882,58.665409000000004,4662.392750470588,1.0,74
10,18,8395109.086917,0.192496,131.30168138888888,4669.679687555556,1.0,74
11,27,10397253.356935,0.18779337037037036,120.3630575925926,4664.632758259259,1.0,74
12,46,12507030.375858,0.19717623913043478,146.96688404347825,4647.818868804347,1.0,74
13,361,88231239.594386,0.15997580332409975,88.36983687534627,4584.346873113574,1.0,74
14,601,188998792.39395,0.16187491181364394,93.57250090515807,4566.943816798668,1.0,74
15,770,194177855.47769,0.14852974805194805,78.86307266883117,4555.890287035065,0.9905194805194806,74
16,944,214584013.490683,0.14312904872881355,76.3885604661017,4543.227673043431,0.9536016949152543,74
17,1145,201521636.73762,0.12446555109170306,50.17555827510917,4530.207878598254,0.9126550218340611,74
18,1322,212966819.64205799,0.12275098638426626,48.391410270045384,4521.125942981089,0.8807261724659606,74
19,1745,234900009.224959,0.11029563724928368,30.44994070773639,4493.643951214327,0.7996160458452721,74
20,15,20257.970825,0.125852,48.21912953333333,4537.302962266666,1.0,74
21,1576,86787549.09217,0.1781791573604061,114.70496078489847,4515.687403346446,0.8506916243654823,74
22,1744,227065884.283145,0.16168615940366973,90.00376125057339,4507.374261439793,0.8286639908256881,74
23,1927,240641560.400751,0.1517783715620135,89.12629366735858,4501.523060731189,0.8126621691748832,74
24,2590,266166099.404381,0.14655546216216217,82.74489553359074,4492.81183717027,0.7658610038610039,74
25,2424,248031283.783118,0.13753550866336633,62.76601049876238,4504.45948354538,0.7916955445544555,74
26,2274,280369498.941293,0.13473285400175902,65.78028213456464,4517.8191085672825,0.8224450307827617,74
27,2870,56257310.388598,0.17138420418118466,103.87590867770034,4526.21455369094,0.8261463414634146,74
28,2870,267003071.009519,0.1628499292682927,89.4133372641115,4532.382545911846,0.8386097560975609,74
29,2870,279283066.740463,0.1741591850174216,119.6747036595819,4542.702220419512,0.857397212543554,74
30,2870,263481889.538561,0.1647606574912892,104.6773778543554,4553.074371201742,0.8755749128919861,74
31,2870,289246724.909877,0.1529094456445993,98.0721163662021,4563.499605480488,0.8970871080139372,74
1,1434,106899063.032183,0.10065087238493724,19.061251126220363,4389.063258649233,0.49679218967921895,75
2,1769,148080841.243018,0.10097665065008479,20.08137797060486,4418.125935159977,0.581232334652346,75
3,1522,155044634.446132,0.10243276741130092,21.33183558672799,4412.379650550592,0.545335085413929,75
4,2090,208061144.153692,0.10396114019138757,22.91015300909091,4447.453025247369,0.6746411483253588,75
5,1775,142067341.062706,0.1032248614084507,21.389680723943663,4456.728898569578,0.7061408450704226,75
6,4,9642.758666,0.10675175,37.1098585,4652.96044925,1.0,75
7,10,787431.309998,0.0996982,31.6757877,4655.1468749,1.0,75
8,12,4923460.640625,0.16174008333333334,174.0617045,4660.912353583333,1.0,75
9,17,4794098.44165,0.12102235294117648,58.665409000000004,4662.392750470588,1.0,75
10,18,10160254.291993,0.14946288888888887,131.30168138888888,4669.679687555556,1.0,75
11,27,12581102.17737,0.1458114074074074,120.3630575925926,4664.632758259259,1.0,75
12,46,15051780.399598,0.1530966304347826,146.96688404347825,4647.818868804347,1.0,75
13,361,106966534.44694,0.12421253185595568,88.49528919390582,4584.346873113574,1.0,75
14,601,227789618.431582,0.1256871081530782,93.8839622828619,4566.943816798668,1.0,75
15,770,232437847.476244,0.11532532857142858,79.2746705064935,4555.890287035065,0.9905194805194806,75
16,944,255833616.222219,0.11113196927966101,76.93821056461864,4543.227673043431,0.9536016949152543,75
17,1145,238974850.668901,0.09664074847161572,50.78640128209607,4530.207878598254,0.9126550218340611,75
18,1322,251511120.415213,0.0953094841149773,49.14311137065053,4521.125942981089,0.8807261724659606,75
19,1745,277718061.33527,0.08563859484240688,31.23446293696275,4493.643951214327,0.7996160458452721,75
20,15,15729.216542,0.09771713333333333,48.4424808,4537.302962266666,1.0,75
21,1576,98679414.463009,0.13834645304568527,114.83226052855329,4515.687403346446,0.8506916243654823,75
22,1744,259656765.035965,0.1255405527522936,90.1999941553899,4507.374261439793,0.8286639908256881,75
23,1927,275844271.981056,0.11784768811624287,89.42811192008303,4501.523060731189,0.8126621691748832,75
24,2590,301279997.119986,0.11379237104247104,83.47721694980694,4492.81183717027,0.7658610038610039,75
25,2424,280928947.266342,0.10678886674917493,63.38189362128713,4504.45948354538,0.7916955445544555,75
26,2274,322870550.715172,0.1046127563764292,66.32502861829376,4517.8191085672825,0.8224450307827617,75
27,2870,61863640.942836,0.13307054599303136,103.93094725261324,4526.21455369094,0.8261463414634146,75
28,2870,293792728.702292,0.12644413937282228,89.53228511672474,4532.382545911846,0.8386097560975609,75
29,2870,306581995.585837,0.1352251717770035,119.89136230836237,4542.702220419512,0.857397212543554,75
30,2870,288754063.312169,0.12792771916376308,104.95885997247387,4553.074371201742,0.8755749128919861,75
31,2870,323202527.740283,0.11872590000000001,98.32383748536586,4563.499605480488,0.8970871080139372,75
1,1434,248398078.612655,0.1311326331938633,19.061251126220363,4389.063258649233,0.49679218967921895,76
2,1769,349089150.538209,0.13155709044657998,20.08137797060486,4418.125935159977,0.581232334652346,76
3,1522,372917498.176632,0.13345417214191854,21.33183558672799,4412.379650550592,0.545335085413929,76
4,2090,500721798.656381,0.13544541818181818,22.91015300909091,4447.453025247369,0.6746411483253588,76
5,1775,332647526.982779,0.13448613915492957,21.389680723943663,4456.728898569578,0.7061408450704226,76
6,4,12563.034179999999,0.13908075,37.1098585,4652.96044925,1.0,76
7,10,2050045.9871530002,0.1298914,31.6757877,4655.1468749,1.0,76
8,12,12953914.112305,0.2107225,174.0617045,4660.912353583333,1.0,76
9,17,12601834.648682,0.15767358823529412,58.665409000000004,4662.392750470588,1.0,76
10,18,26845964.95996,0.19472711111111113,131.30168138888888,4669.679687555556,1.0,76
11,27,33237026.388429,0.18996977777777777,120.3630575925926,4664.632758259259,1.0,76
12,46,39566938.01407,0.1994614347826087,146.96688404347825,4647.818868804347,1.0,76
13,361,283073545.938438,0.16182986980609418,88.31664972853186,4584.346873113574,1.0,76
14,601,599605651.890172,0.16375100831946754,93.44045279367721,4566.943816798668,1.0,76
15,770,608004363.953815,0.1502511818181818,78.68857038311688,4555.890287035065,0.9905194805194806,76
16,944,666703135.157708,0.14478789300847456,76.15552913135593,4543.227673043431,0.9536016949152543,76
17,1145,619641067.494348,0.1259080672489083,49.91658342008734,4530.207878598254,0.9126550218340611,76
18,1322,649611746.315744,0.12417362027231467,48.07271677382754,4521.125942981089,0.8807261724659606,76
19,1745,718047084.975363,0.11157397421203438,30.117332325501433,4493.643951214327,0.7996160458452721,76
20,15,20492.755417,0.12731066666666666,48.12443686666666,4537.302962266666,1.0,76
21,1576,245498866.950549,0.18024420368020305,114.65099039467006,4515.687403346446,0.8506916243654823,76
22,1744,649755847.429472,0.16356005791284403,89.92056574655963,4507.374261439793,0.8286639908256881,76
23,1927,691945819.560043,0.15353745459263102,88.99833387078361,4501.523060731189,0.8126621691748832,76
24,2590,746074843.806125,0.14825399575289575,82.43441831737452,4492.81183717027,0.7658610038610039,76
25,2424,696130149.643214,0.13912951402640264,62.50489881518152,4504.45948354538,0.7916955445544555,76
26,2274,813672485.994771,0.13629438214599823,65.54932976649077,4517.8191085672825,0.8224450307827617,76
27,2870,148542823.682346,0.173370493728223,103.85257435749128,4526.21455369094,0.8261463414634146,76
28,2870,705914058.858596,0.16473731219512194,89.36290776864111,4532.382545911846,0.8386097560975609,76
29,2870,734737660.770033,0.1761776449477352,119.5828484,4542.702220419512,0.857397212543554,76
30,2870,690737634.270486,0.1666701944250871,104.55803984006968,4553.074371201742,0.8755749128919861,76
31,2870,789589601.49566,0.1546816306620209,97.96539593972126,4563.499605480488,0.8970871080139372,76
1,1434,221855777.012285,0.10954848047419805,19.061251126220363,4389.063258649233,0.49679218967921895,77
2,1769,312155969.244265,0.10990308592425098,20.08137797060486,4418.125935159977,0.581232334652346,77
3,1522,334001713.647541,0.11148791721419185,21.33183558672799,4412.379650550592,0.545335085413929,77
4,2090,448489472.966177,0.11315138277511962,22.91015300909091,4447.453025247369,0.6746411483253588,77
5,1775,297289294.993525,0.11235003211267607,21.389680723943663,4456.728898569578,0.7061408450704226,77
6,4,10495.18689,0.1161885,37.1098585,4652.96044925,1.0,77
7,10,1847227.178099,0.10851150000000001,31.6757877,4655.1468749,1.0,77
8,12,11681272.84082,0.17603808333333335,174.0617045,4660.912353583333,1.0,77
9,17,11363019.796143001,0.1317209411764706,58.665409000000004,4662.392750470588,1.0,77
10,18,24215917.244141,0.16267538888888888,131.30168138888888,4669.679687555556,1.0,77
11,27,29980508.053467,0.15870133333333333,120.3630575925926,4664.632758259259,1.0,77
12,46,35677440.895419,0.16663047826086957,146.96688404347825,4647.818868804347,1.0,77
13,361,255369954.269065,0.13519306371191137,88.38501139889196,4584.346873113574,1.0,77
14,601,540716182.64942,0.1367979567387687,93.61017481364394,4566.943816798668,1.0,77
15,770,548040426.583432,0.12552016233766233,78.91285893246753,4555.890287035065,0.9905194805194806,77
16,944,600786458.768995,0.12095612711864408,76.45504532309322,4543.227673043431,0.9536016949152543,77
17,1145,558171845.659634,0.1051838768558952,50.24944493799127,4530.207878598254,0.9126550218340611,77
18,1322,585001987.11995,0.1037349288956127,48.48233492738275,4521.125942981089,0.8807261724659606,77
19,1745,646680354.265302,0.09320916275071633,30.544835368481372,4493.643951214327,0.7996160458452721,77
20,15,17119.693451,0.10635553333333334,48.246145733333336,4537.302962266666,1.0,77
21,1576,220460284.341257,0.1505764187817259,114.72035877347716,4515.687403346446,0.8506916243654823,77
22,1744,583746396.006411,0.13663843864678898,90.02749728841744,4507.374261439793,0.8286639908256881,77
23,1927,621765405.113026,0.12826552983912817,89.16280114737935,4501.523060731189,0.8126621691748832,77
24,2590,669743876.756463,0.12385171891891893,82.83347604864865,4492.81183717027,0.7658610038610039,77
25,2424,624940259.591446,0.11622910396039604,62.840506812706266,4504.45948354538,0.7916955445544555,77
26,2274,731402863.72031,0.11386063896218117,65.84617386235708,4517.8191085672825,0.8224450307827617,77
27,2870,133023611.788353,0.14483410034843205,103.88256605923344,4526.21455369094,0.8261463414634146,77
28,2870,632196876.418625,0.13762190871080138,89.42772501463415,4532.382545911846,0.8386097560975609,77
29,2870,657874649.769946,0.14717919268292684,119.70091036933798,4542.702220419512,0.857397212543554,77
30,2870,618386518.732587,0.13923665783972125,104.71142550836237,4553.074371201742,0.8755749128919861,77
31,2870,708061644.555114,0.12922139198606272,98.10256417874565,4563.499605480488,0.8970871080139372,77
1,1434,115260997.751046,0.1036942419804742,19.061251126220363,4389.063258649233,0.49679218967921895,78
2,1769,159899077.546973,0.10402988807235727,20.08137797060486,4418.125935159977,0.581232334652346,78
3,1522,167767049.854838,0.10553003219448094,21.33183558672799,4412.379650550592,0.545335085413929,78
4,2090,225147423.92321,0.10710461291866027,22.91015300909091,4447.453025247369,0.6746411483253588,78
5,1775,153299158.690639,0.10634605239436619,21.389680723943663,4456.728898569578,0.7061408450704226,78
6,4,9934.325561,0.10997925,37.1098585,4652.96044925,1.0,78
7,10,859382.689178,0.1027128,31.6757877,4655.1468749,1.0,78
8,12,5379728.370116999,0.16663058333333333,174.0617045,4660.912353583333,1.0,78
9,17,5237827.035157,0.12468176470588235,58.665409000000004,4662.392750470588,1.0,78
10,18,11107173.279297,0.15398211111111113,131.30168138888888,4669.679687555556,1.0,78
11,27,13753384.610229,0.15022037037037037,120.3630575925926,4664.632758259259,1.0,78
12,46,16445007.680924,0.15772580434782607,146.96688404347825,4647.818868804347,1.0,78
13,361,116956365.243534,0.12796836565096953,88.45048928531855,4584.346873113574,1.0,78
14,601,248912429.915569,0.12948750083194677,93.77273724625624,4566.943816798668,1.0,78
15,770,253811331.728888,0.1188124025974026,79.12768602597403,4555.890287035065,0.9905194805194806,78
16,944,279240946.57322,0.11449224682203389,76.74192665995763,4543.227673043431,0.9536016949152543,78
17,1145,260692658.990359,0.0995628672489083,50.56826495982533,4530.207878598254,0.9126550218340611,78
18,1322,274249058.585385,0.09819135627836612,48.87467364145234,4521.125942981089,0.8807261724659606,78
19,1745,302860366.35876703,0.0882280458452722,30.954304532951287,4493.643951214327,0.7996160458452721,78
20,15,16204.819426,0.10067200000000001,48.36272053333333,4537.302962266666,1.0,78
21,1576,107159922.773337,0.14252962690355328,114.78680089847717,4515.687403346446,0.8506916243654823,78
22,1744,282148910.621896,0.12933649541284403,90.12991801376147,4507.374261439793,0.8286639908256881,78
23,1927,299817732.15126,0.12141102906071614,89.32033050648677,4501.523060731189,0.8126621691748832,78
24,2590,327009239.659436,0.11723308494208494,83.21569982972973,4492.81183717027,0.7658610038610039,78
25,2424,304941447.614626,0.11001783085808581,63.16195743729373,4504.45948354538,0.7916955445544555,78
26,2274,351107921.059906,0.10777592392260334,66.13049582585752,4517.8191085672825,0.8224450307827617,78
27,2870,66928047.810417,0.13709418606271775,103.91129259198607,4526.21455369094,0.8261463414634146,78
28,2870,317866285.734024,0.1302674181184669,89.48980800174216,4532.382545911846,0.8386097560975609,78
29,2870,331613914.833162,0.13931395331010454,119.81399198745643,4542.702220419512,0.857397212543554,78
30,2870,312270451.720888,0.13179585714285716,104.85834072752613,4553.074371201742,0.8755749128919861,78
31,2870,350297538.93352,0.12231579616724739,98.23394609442508,4563.499605480488,0.8970871080139372,78
1,1434,208754602.583334,0.11517484449093446,19.061251126220363,4389.063258649233,0.49679218967921895,79
2,1769,293133928.446872,0.1155476551724138,20.08137797060486,4418.125935159977,0.581232334652346,79
3,1522,312789428.949552,0.11721388304862024,21.33183558672799,4412.379650550592,0.545335085413929,79
4,2090,419973513.775764,0.1189627976076555,22.91015300909091,4447.453025247369,0.6746411483253588,79
5,1775,279435736.816774,0.11812027887323945,21.389680723943663,4456.728898569578,0.7061408450704226,79
6,4,11034.214844,0.1221555,37.1098585,4652.96044925,1.0,79
7,10,1712207.649446,0.11408480000000001,31.6757877,4655.1468749,1.0,79
8,12,10813300.140626,0.18507925,174.0617045,4660.912353583333,1.0,79
9,17,10519902.247803,0.1384859411764706,58.665409000000004,4662.392750470588,1.0,79
10,18,22404851.451174,0.17103038888888888,131.30168138888888,4669.679687555556,1.0,79
11,27,27738875.070802,0.16685207407407407,120.3630575925926,4664.632758259259,1.0,79
12,46,33030065.069155,0.17518852173913044,146.96688404347825,4647.818868804347,1.0,79
13,361,236226088.744903,0.14213648753462604,88.43356350969529,4584.346873113574,1.0,79
14,601,500509881.831506,0.14382383693843592,93.73071546755408,4566.943816798668,1.0,79
15,770,507684400.492684,0.13196682077922078,79.07215402597402,4555.890287035065,0.9905194805194806,79
16,944,556805344.895218,0.1271683686440678,76.66776891207627,4543.227673043431,0.9536016949152543,79
17,1145,517635811.704285,0.11058607074235807,50.4858511860262,4530.207878598254,0.9126550218340611,79
18,1322,542782610.424306,0.10906269288956127,48.77325556278366,4521.125942981089,0.8807261724659606,79
19,1745,599931197.71015,0.09799633696275073,30.848458336962754,4493.643951214327,0.7996160458452721,79
20,15,17998.952552,0.11181793333333333,48.3325864,4537.302962266666,1.0,79
21,1576,205534366.290297,0.15830993083756345,114.76962586230964,4515.687403346446,0.8506916243654823,79
22,1744,543812408.63089,0.14365612213302753,90.10344263990825,4507.374261439793,0.8286639908256881,79
23,1927,579047654.796196,0.13485317644006228,89.27960976232485,4501.523060731189,0.8126621691748832,79
24,2590,624778555.5052739,0.13021268764478763,83.11689643706563,4492.81183717027,0.7658610038610039,79
25,2424,582933328.297258,0.12219858003300331,63.07886367739274,4504.45948354538,0.7916955445544555,79
26,2274,680744725.417621,0.11970846086191733,66.05699967985927,4517.8191085672825,0.8224450307827617,79
27,2870,124604071.396163,0.15227271707317072,103.9038668944251,4526.21455369094,0.8261463414634146,79
28,2870,592128484.114451,0.14469010209059233,89.47375978919861,4532.382545911846,0.8386097560975609,79
29,2870,616395207.369058,0.15473825121951218,119.78476081672473,4542.702220419512,0.857397212543554,79
30,2870,579541947.478681,0.1463877836236934,104.82036370731709,4553.074371201742,0.8755749128919861,79
31,2870,661707750.670575,0.1358581331010453,98.1999843891986,4563.499605480488,0.8970871080139372,79
1,1434,102120537.47503799,0.08689776638772663,19.061251126220363,4389.063258649233,0.49679218967921895,80
2,1769,141911600.534508,0.08717906500847936,20.08137797060486,4418.125935159977,0.581232334652346,80
3,1522,149252810.028883,0.08843619776609725,21.33183558672799,4412.379650550592,0.545335085413929,80
4,2090,200314740.993501,0.08975572822966507,22.91015300909091,4447.453025247369,0.6746411483253588,80
5,1775,135944609.023048,0.08912006816901408,21.389680723943663,4456.728898569578,0.7061408450704226,80
6,4,8325.157837,0.092165,37.1098585,4652.96044925,1.0,80
7,10,772074.866395,0.08607519999999999,31.6757877,4655.1468749,1.0,80
8,12,4839681.419921,0.13963958333333334,174.0617045,4660.912353583333,1.0,80
9,17,4711464.782471,0.10448564705882353,58.665409000000004,4662.392750470588,1.0,80
10,18,9997607.684572,0.1290398888888889,131.30168138888888,4669.679687555556,1.0,80
11,27,12379212.837527,0.12588755555555556,120.3630575925926,4664.632758259259,1.0,80
12,46,14792485.729979,0.13217723913043478,146.96688404347825,4647.818868804347,1.0,80
13,361,105293908.763971,0.10723995567867037,88.34646356509695,4584.346873113574,1.0,80
14,601,223938490.136398,0.10851304658901831,93.51447181530783,4566.943816798668,1.0,80
15,770,228162579.950481,0.09956707402597402,78.78638691818182,4555.890287035065,0.9905194805194806,80
16,944,250902936.79737,0.09594671716101695,76.28615387711865,4543.227673043431,0.9536016949152543,80
17,1145,234087359.575515,0.0834356192139738,50.06175071528384,4530.207878598254,0.9126550218340611,80
18,1322,246138943.29179,0.08228625113464448,48.25135910514372,4521.125942981089,0.8807261724659606,80
19,1745,271853405.583057,0.0739368217765043,30.30377460458453,4493.643951214327,0.7996160458452721,80
20,15,13579.953452,0.084365,48.17751646666667,4537.302962266666,1.0,80
21,1576,95727413.642839,0.11944259644670051,114.68124327855331,4515.687403346446,0.8506916243654823,80
22,1744,252228719.969444,0.10838649770642202,89.96720063933486,4507.374261439793,0.8286639908256881,80
23,1927,268104718.390415,0.10174480695381422,89.07006121743643,4501.523060731189,0.8126621691748832,80
24,2590,291955343.961641,0.09824361158301158,82.60845504247105,4492.81183717027,0.7658610038610039,80
25,2424,272274839.469571,0.09219706889438943,62.651263908003294,4504.45948354538,0.7916955445544555,80
26,2274,314150453.366073,0.09031831882145999,65.67878916754617,4517.8191085672825,0.8224450307827617,80
27,2870,59529861.874231,0.11488758606271778,103.8656543163763,4526.21455369094,0.8261463414634146,80
28,2870,282752636.414444,0.10916662891986062,89.39117582055749,4532.382545911846,0.8386097560975609,80
29,2870,294889649.792369,0.11674779930313589,119.63433749094075,4542.702220419512,0.857397212543554,80
30,2870,277626840.78088,0.11044749198606273,104.62493426829268,4553.074371201742,0.8755749128919861,80
31,2870,312229092.393309,0.10250301672473867,98.02521764773519,4563.499605480488,0.8970871080139372,80
1,1434,123774390.230305,0.12090948465829846,19.061251126220363,4389.063258649233,0.49679218967921895,81
2,1769,171244651.533311,0.12130086828716788,20.08137797060486,4418.125935159977,0.581232334652346,81
3,1522,178982557.766691,0.12305004993429697,21.33183558672799,4412.379650550592,0.545335085413929,81
4,2090,240172252.395638,0.12488604401913878,22.91015300909091,4447.453025247369,0.6746411483253588,81
5,1775,164386813.912704,0.12400156394366198,21.389680723943663,4456.728898569578,0.7061408450704226,81
6,4,11583.616211,0.128238,37.1098585,4652.96044925,1.0,81
7,10,902367.344331,0.11976519999999999,31.6757877,4655.1468749,1.0,81
8,12,5636326.142578,0.19429441666666666,174.0617045,4660.912353583333,1.0,81
9,17,5488731.888917,0.14538123529411764,58.665409000000004,4662.392750470588,1.0,81
10,18,11626515.070313001,0.1795461111111111,131.30168138888888,4669.679687555556,1.0,81
11,27,14396954.448001,0.1751597037037037,120.3630575925926,4664.632758259259,1.0,81
12,46,17232616.623231,0.1839113043478261,146.96688404347825,4647.818868804347,1.0,81
13,361,122384489.769196,0.1492135761772853,88.328107900277,4584.346873113574,1.0,81
14,601,260759346.959197,0.15098495008319468,93.46890009317804,4566.943816798668,1.0,81
15,770,266243516.311007,0.13853753376623376,78.72616364545455,4555.890287035065,0.9905194805194806,81
16,944,293148249.06794,0.13350018644067796,76.20573140042373,4543.227673043431,0.9536016949152543,81
17,1145,273963578.061843,0.11609223231441047,49.97237472838428,4530.207878598254,0.9126550218340611,81
18,1322,288443103.155308,0.11449301285930408,48.14137336838124,4521.125942981089,0.8807261724659606,81
19,1745,318466504.246524,0.10287562922636104,30.188986616045845,4493.643951214327,0.7996160458452721,81
20,15,18895.13289,0.11738533333333333,48.144836733333335,4537.302962266666,1.0,81
21,1576,113568186.105047,0.166192307106599,114.66261731408629,4515.687403346446,0.8506916243654823,81
22,1744,298673477.530696,0.1508088629587156,89.93848866857797,4507.374261439793,0.8286639908256881,81
23,1927,317221788.408641,0.14156762272963155,89.02590043694863,4501.523060731189,0.8126621691748832,81
24,2590,346884441.264368,0.13669606988416988,82.50130485830115,4492.81183717027,0.7658610038610039,81
25,2424,323433668.4901,0.1282829306930693,62.561150480610564,4504.45948354538,0.7916955445544555,81
26,2274,371142133.71009,0.12566881970096747,65.59908415435356,4517.8191085672825,0.8224450307827617,81
27,2870,71425771.426866,0.15985447282229964,103.85760130418119,4526.21455369094,0.8261463414634146,81
28,2870,339183281.526524,0.15189433240418118,89.3737718651568,4532.382545911846,0.8386097560975609,81
29,2870,354029527.864223,0.1624427780487805,119.60263690905924,4542.702220419512,0.857397212543554,81
30,2870,333496699.606661,0.1536765324041812,104.58374899024389,4553.074371201742,0.8755749128919861,81
31,2870,372583525.70476,0.14262259721254356,97.98838686759582,4563.499605480488,0.8970871080139372,81
1,1434,245696183.441964,0.13780596373779638,19.061251126220363,4389.063258649233,0.49679218967921895,82
2,1769,344897992.052374,0.13825204918032785,20.08137797060486,4418.125935159977,0.581232334652346,82
3,1522,367864341.135632,0.14024567608409988,21.33183558672799,4412.379650550592,0.545335085413929,82
4,2090,493914945.990622,0.14233824832535885,22.91015300909091,4447.453025247369,0.6746411483253588,82
5,1775,328829784.512824,0.14133016563380282,21.389680723943663,4456.728898569578,0.7061408450704226,82
6,4,13202.367919,0.1461585,37.1098585,4652.96044925,1.0,82
7,10,2010379.126892,0.1365016,31.6757877,4655.1468749,1.0,82
8,12,12693705.310547,0.221446,174.0617045,4660.912353583333,1.0,82
9,17,12349513.792967001,0.16569770588235294,58.665409000000004,4662.392750470588,1.0,82
10,18,26298783.37793,0.2046367222222222,131.30168138888888,4669.679687555556,1.0,82
11,27,32559957.163574,0.1996374074074074,120.3630575925926,4664.632758259259,1.0,82
12,46,38774593.497284,0.20961202173913043,146.96688404347825,4647.818868804347,1.0,82
13,361,277273303.172287,0.170065432132964,88.50089410249308,4584.346873113574,1.0,82
14,601,587541858.552938,0.1720843111480865,93.89787762728785,4566.943816798668,1.0,82
15,770,596038587.788806,0.15789745844155845,79.29305969350649,4555.890287035065,0.9905194805194806,82
16,944,653757154.757135,0.15215616101694915,76.96276760699152,4543.227673043431,0.9536016949152543,82
17,1145,607828812.901051,0.13231554585152838,50.8136922558952,4530.207878598254,0.9126550218340611,82
18,1322,637407235.803163,0.13049283509833584,49.1766955741301,4521.125942981089,0.8807261724659606,82
19,1745,704503863.204729,0.1172519782234957,31.26951348424069,4493.643951214327,0.7996160458452721,82
20,15,21535.633833,0.1337896,48.4524596,4537.302962266666,1.0,82
21,1576,241551387.088983,0.1894168578680203,114.83794797715737,4515.687403346446,0.8506916243654823,82
22,1744,639030523.959677,0.17188364334862388,90.20876137041284,4507.374261439793,0.8286639908256881,82
23,1927,680400879.713537,0.16135098702646603,89.4415964379865,4501.523060731189,0.8126621691748832,82
24,2590,734333333.160992,0.15579866177606178,83.50993529922779,4492.81183717027,0.7658610038610039,82
25,2424,685141241.238687,0.14620982343234323,63.409409794967,4504.45948354538,0.7916955445544555,82
26,2274,799821793.020654,0.143230417766051,66.34936657167985,4517.8191085672825,0.8224450307827617,82
27,2870,146549306.699771,0.18219333972125437,103.93340624494773,4526.21455369094,0.8261463414634146,82
28,2870,696403826.483851,0.17312080592334494,89.5375994205575,4532.382545911846,0.8386097560975609,82
29,2870,724984415.657237,0.18514333519163761,119.90104209198606,4542.702220419512,0.857397212543554,82
30,2870,681665890.769053,0.17515205609756096,104.97143591114983,4553.074371201742,0.8755749128919861,82
31,2870,777960174.266827,0.162553393728223,98.33508376724738,4563.499605480488,0.8970871080139372,82
1,1434,118456060.633124,0.08969476220362621,19.061251126220363,4389.063258649233,0.49679218967921895,83
2,1769,165152370.730079,0.08998508535895987,20.08137797060486,4418.125935159977,0.581232334652346,83
3,1522,174494265.291328,0.09128269250985545,21.33183558672799,4412.379650550592,0.545335085413929,83
4,2090,234222570.21566302,0.09264470669856459,22.91015300909091,4447.453025247369,0.6746411483253588,83
5,1775,157964148.469808,0.09198857690140845,21.389680723943663,4456.728898569578,0.7061408450704226,83
6,4,8593.119507,0.09513150000000001,37.1098585,4652.96044925,1.0,83
7,10,919387.146425,0.0888459,31.6757877,4655.1468749,1.0,83
8,12,5777401.966798,0.14413425,174.0617045,4660.912353583333,1.0,83
9,17,5623111.584716,0.10784888235294118,58.665409000000004,4662.392750470588,1.0,83
10,18,11946655.430665,0.13319338888888888,131.30168138888888,4669.679687555556,1.0,83
11,27,14791989.200807,0.12993944444444444,120.3630575925926,4664.632758259259,1.0,83
12,46,17654934.183062,0.13643169565217392,146.96688404347825,4647.818868804347,1.0,83
13,361,125867366.464014,0.11069170083102493,88.35315683379501,4584.346873113574,1.0,83
14,601,267357241.898579,0.11200573044925125,93.53108924292845,4566.943816798668,1.0,83
15,770,271997427.048893,0.10277182987012987,78.80834694415584,4555.890287035065,0.9905194805194806,83
16,944,298843840.638274,0.09903497245762712,76.31547940677967,4543.227673043431,0.9536016949152543,83
17,1145,278485980.071181,0.08612116768558953,50.0943410558952,4530.207878598254,0.9126550218340611,83
18,1322,292556209.274612,0.08493481089258699,48.29146467549168,4521.125942981089,0.8807261724659606,83
19,1745,323198756.701678,0.07631661489971348,30.34563129512894,4493.643951214327,0.7996160458452721,83
20,15,14017.051263,0.08708046666666668,48.189432933333336,4537.302962266666,1.0,83
21,1576,112791006.996643,0.12328709200507613,114.68803510977158,4515.687403346446,0.8506916243654823,83
22,1744,297590237.941824,0.11187513360091743,89.97767027752293,4507.374261439793,0.8286639908256881,83
23,1927,316500275.901184,0.10501967929423975,89.08616414374676,4501.523060731189,0.8126621691748832,83
24,2590,343628474.719594,0.10140579652509651,82.64752665559845,4492.81183717027,0.7658610038610039,83
25,2424,320512832.827128,0.09516462211221122,62.68412316790429,4504.45948354538,0.7916955445544555,83
26,2274,371257400.137657,0.09322538522427441,65.70785306904133,4517.8191085672825,0.8224450307827617,83
27,2870,69570320.657878,0.11858547909407666,103.86859079442507,4526.21455369094,0.8261463414634146,83
28,2870,330493773.888089,0.11268037491289198,89.3975220522648,4532.382545911846,0.8386097560975609,83
29,2870,344475602.315823,0.12050555714285714,119.64589690174216,4542.702220419512,0.857397212543554,83
30,2870,324173241.174958,0.11400246864111499,104.63995220940767,4553.074371201742,0.8755749128919861,83
31,2870,366342779.367098,0.10580227665505226,98.03864774076655,4563.499605480488,0.8970871080139372,83
1,1434,81239674.518635,0.08381269037656904,19.061251126220363,4389.063258649233,0.49679218967921895,84
2,1769,112180274.607988,0.08408399660825325,20.08137797060486,4418.125935159977,0.581232334652346,84
3,1522,116927632.497144,0.08529650919842313,21.33183558672799,4412.379650550592,0.545335085413929,84
4,2090,156889786.332877,0.08656918038277511,22.91015300909091,4447.453025247369,0.6746411483253588,84
5,1775,107786095.623865,0.08595609070422534,21.389680723943663,4456.728898569578,0.7061408450704226,84
6,4,8029.59375,0.08889274999999999,37.1098585,4652.96044925,1.0,84
7,10,582722.104279,0.0830194,31.6757877,4655.1468749,1.0,84
8,12,3633821.741211,0.13468191666666665,174.0617045,4660.912353583333,1.0,84
9,17,3539179.193361,0.10077617647058823,58.665409000000004,4662.392750470588,1.0,84
10,18,7490797.782226,0.12445866666666666,131.30168138888888,4669.679687555556,1.0,84
11,27,9275990.184451,0.12141825925925927,120.3630575925926,4664.632758259259,1.0,84
12,46,11111661.606798,0.12748469565217393,146.96688404347825,4647.818868804347,1.0,84
13,361,78831246.0508,0.1034326620498615,88.40025239889196,4584.346873113574,1.0,84
14,601,168103179.820503,0.10466054742096506,93.64801373876871,4566.943816798668,1.0,84
15,770,171806852.681977,0.0960322025974026,78.96286325974026,4555.890287035065,0.9905194805194806,84
16,944,189277967.128117,0.09254038559322034,76.52182139724576,4543.227673043431,0.9536016949152543,84
17,1145,177027942.89211,0.08047345240174673,50.32365523755459,4530.207878598254,0.9126550218340611,84
18,1322,186495188.739041,0.07936488577912254,48.57365782072617,4521.125942981089,0.8807261724659606,84
19,1745,205874363.440022,0.07131189054441261,30.640145666475647,4493.643951214327,0.7996160458452721,84
20,15,13097.831124,0.08136986666666667,48.27328033333333,4537.302962266666,1.0,84
21,1576,73838614.70827,0.11520208375634518,114.7358242068528,4515.687403346446,0.8506916243654823,84
22,1744,194024075.436244,0.10453849885321101,90.05133729644496,4507.374261439793,0.8286639908256881,84
23,1927,205999992.294637,0.09813260975609757,89.19946855163467,4501.523060731189,0.8126621691748832,84
24,2590,225684801.715364,0.09475572123552123,82.92244455405405,4492.81183717027,0.7658610038610039,84
25,2424,210407921.638396,0.0889238589108911,62.91532942161716,4504.45948354538,0.7916955445544555,84
26,2274,240851001.593816,0.08711180255057169,65.91235420844328,4517.8191085672825,0.8224450307827617,84
27,2870,46672798.830726,0.11080879581881534,103.88925260731708,4526.21455369094,0.8261463414634146,84
28,2870,221616745.854881,0.10529094564459932,89.44217579756098,4532.382545911846,0.8386097560975609,84
29,2870,231399891.24501,0.11260297351916375,119.72723187003483,4542.702220419512,0.857397212543554,84
30,2870,218034667.15649,0.10652633066202091,104.7456223,4553.074371201742,0.8755749128919861,84
31,2870,242874336.904668,0.09886391114982578,98.1331453641115,4563.499605480488,0.8970871080139372,84
1,1434,112290551.972579,0.07929881589958158,19.061251126220363,4389.063258649233,0.49679218967921895,85
2,1769,156834987.638025,0.07955548558507632,20.08137797060486,4418.125935159977,0.581232334652346,85
3,1522,166116903.334529,0.08070270696452037,21.33183558672799,4412.379650550592,0.545335085413929,85
4,2090,222993473.490575,0.08190684210526317,22.91015300909091,4447.453025247369,0.6746411483253588,85
5,1775,149883316.533517,0.08132675774647888,21.389680723943663,4456.728898569578,0.7061408450704226,85
6,4,7597.145263,0.08410524999999999,37.1098585,4652.96044925,1.0,85
7,10,883815.110872,0.0785482,31.6757877,4655.1468749,1.0,85
8,12,5561057.619140999,0.1274285,174.0617045,4660.912353583333,1.0,85
9,17,5411927.837158999,0.09534864705882352,58.665409000000004,4662.392750470588,1.0,85
10,18,11505280.316408,0.11775572222222223,131.30168138888888,4669.679687555556,1.0,85
11,27,14245206.058595,0.114879,120.3630575925926,4664.632758259259,1.0,85
12,46,16991963.025789,0.12061873913043478,146.96688404347825,4647.818868804347,1.0,85
13,361,121240292.015691,0.09786209972299169,88.46779769806095,4584.346873113574,1.0,85
14,601,257360219.967087,0.09902388186356073,93.81570891846921,4566.943816798668,1.0,85
15,770,261624984.230313,0.0908602155844156,79.18447332467532,4555.890287035065,0.9905194805194806,85
16,944,287315701.810447,0.08755645021186441,76.81776074364407,4543.227673043431,0.9536016949152543,85
17,1145,267577750.179799,0.076139407860262,50.65254171528384,4530.207878598254,0.9126550218340611,85
18,1322,280962493.143165,0.07509054009077155,48.97838428366112,4521.125942981089,0.8807261724659606,85
19,1745,310430383.558285,0.06747125157593123,31.06254345157593,4493.643951214327,0.7996160458452721,85
20,15,12392.423095,0.07698746666666666,48.39353573333334,4537.302962266666,1.0,85
21,1576,107823428.229643,0.10899766878172588,114.80436417893402,4515.687403346446,0.8506916243654823,85
22,1744,284687443.436302,0.09890840653669725,90.15699185951836,4507.374261439793,0.8286639908256881,85
23,1927,302868291.172923,0.09284749195640891,89.36197175557862,4501.523060731189,0.8126621691748832,85
24,2590,328307161.605495,0.08965247606177607,83.31673670115829,4492.81183717027,0.7658610038610039,85
25,2424,306246633.312716,0.0841346951320132,63.24692956806931,4504.45948354538,0.7916955445544555,85
26,2274,355469545.386688,0.0824202308707124,66.20565337554969,4517.8191085672825,0.8224450307827617,85
27,2870,66216392.479704,0.1048409912891986,103.91888615156795,4526.21455369094,0.8261463414634146,85
28,2870,314587230.173088,0.09962030174216027,89.50621899372823,4532.382545911846,0.8386097560975609,85
29,2870,327791465.549696,0.10653851986062718,119.84388393414635,4542.702220419512,0.857397212543554,85
30,2870,308402343.094606,0.10078915783972126,104.89717624111498,4553.074371201742,0.8755749128919861,85
31,2870,349425265.376225,0.09353940487804879,98.26867554529616,4563.499605480488,0.8970871080139372,85
1,1434,76619186.057093,0.097972829846583,19.061251126220363,4389.063258649233,0.49679218967921895,86
2,1769,104879320.898299,0.09828995816845675,20.08137797060486,4418.125935159977,0.581232334652346,86
3,1522,107948058.292567,0.09970732720105124,21.33183558672799,4412.379650550592,0.545335085413929,86
4,2090,144787896.713724,0.10119502918660288,22.91015300909091,4447.453025247369,0.6746411483253588,86
5,1775,101189733.427837,0.1004783323943662,21.389680723943663,4456.728898569578,0.7061408450704226,86
6,4,9386.191772,0.10391075,37.1098585,4652.96044925,1.0,86
7,10,508995.52691699995,0.0970455,31.6757877,4655.1468749,1.0,86
8,12,3148361.955079,0.15743666666666667,174.0617045,4660.912353583333,1.0,86
9,17,3068586.281252,0.11780229411764705,58.665409000000004,4662.392750470588,1.0,86
10,18,6468492.452147,0.14548605555555558,131.30168138888888,4669.679687555556,1.0,86
11,27,8011082.176027,0.14193181481481482,120.3630575925926,4664.632758259259,1.0,86
12,46,9633874.5363,0.14902317391304348,146.96688404347825,4647.818868804347,1.0,86
13,361,67989050.183949,0.12090758725761773,88.43517396398892,4584.346873113574,1.0,86
14,601,145592777.87001202,0.12234291347753744,93.73471377703828,4566.943816798668,1.0,86
15,770,149528320.346911,0.11225683766233766,79.07743779350649,4555.890287035065,0.9905194805194806,86
16,944,165207268.666427,0.10817505826271187,76.67482489936441,4543.227673043431,0.9536016949152543,86
17,1145,155106986.452855,0.09406941659388646,50.493692730131,4530.207878598254,0.9126550218340611,86
18,1322,163880949.488644,0.09277356429652042,48.782905317700454,4521.125942981089,0.8807261724659606,86
19,1745,180769164.030758,0.08336002521489971,30.858529379942695,4493.643951214327,0.7996160458452721,86
20,15,15310.706613,0.09511713333333334,48.3354536,4537.302962266666,1.0,86
21,1576,66654759.723192,0.13466543972081219,114.77126003553299,4515.687403346446,0.8506916243654823,86
22,1744,174441772.397052,0.12220025974770643,90.10596172477064,4507.374261439793,0.8286639908256881,86
23,1927,184893698.113188,0.11471209496626882,89.28348426829268,4501.523060731189,0.8126621691748832,86
24,2590,204375416.85254,0.11076468185328184,83.12629741158301,4492.81183717027,0.7658610038610039,86
25,2424,190456593.354948,0.10394753547854786,63.08676989851485,4504.45948354538,0.7916955445544555,86
26,2274,215468569.813087,0.10182932629727352,66.0639926948109,4517.8191085672825,0.8224450307827617,86
27,2870,43135527.410909,0.12952991672473868,103.90457342961673,4526.21455369094,0.8261463414634146,86
28,2870,204731875.519686,0.12307981533101046,89.47528674947735,4532.382545911846,0.8386097560975609,86
29,2870,214123367.145914,0.13162721637630662,119.78754211010452,4542.702220419512,0.857397212543554,86
30,2870,201992408.831696,0.12452393972125436,104.82397715121951,4553.074371201742,0.8755749128919861,86
31,2870,221955235.263354,0.11556695087108014,98.20321577038328,4563.499605480488,0.8970871080139372,86
1,1434,81953539.260208,0.09779016527196653,19.061251126220363,4389.063258649233,0.49679218967921895,87
2,1769,112521893.84308,0.09810669135104579,20.08137797060486,4418.125935159977,0.581232334652346,87
3,1522,116325523.345053,0.09952143495400788,21.33183558672799,4412.379650550592,0.545335085413929,87
4,2090,156044550.697836,0.10100635789473685,22.91015300909091,4447.453025247369,0.6746411483253588,87
5,1775,108407184.667929,0.10029101464788732,21.389680723943663,4456.728898569578,0.7061408450704226,87
6,4,9368.691895,0.10371725,37.1098585,4652.96044925,1.0,87
7,10,559450.384612,0.0968646,31.6757877,4655.1468749,1.0,87
8,12,3470717.902343,0.15714291666666666,174.0617045,4660.912353583333,1.0,87
9,17,3381878.682618,0.11758270588235295,58.665409000000004,4662.392750470588,1.0,87
10,18,7139481.443359,0.14521477777777778,131.30168138888888,4669.679687555556,1.0,87
11,27,8841669.951416,0.1416671111111111,120.3630575925926,4664.632758259259,1.0,87
12,46,10617583.414462,0.1487453043478261,146.96688404347825,4647.818868804347,1.0,87
13,361,75075514.131285,0.12068216897506925,88.29131309418283,4584.346873113574,1.0,87
14,601,160521018.702235,0.12211481198003328,93.37754932279533,4566.943816798668,1.0,87
15,770,164566812.668195,0.11204753506493506,78.60544312597403,4555.890287035065,0.9905194805194806,87
16,944,181632830.334064,0.10797337500000001,76.0445205042373,4543.227673043431,0.9536016949152543,87
17,1145,170291673.918466,0.0938940113537118,49.79321612576419,4530.207878598254,0.9126550218340611,87
18,1322,179733791.139937,0.09260058774583964,47.92090144704992,4521.125942981089,0.8807261724659606,87
19,1745,198311690.539829,0.08320461088825215,29.95888837363897,4493.643951214327,0.7996160458452721,87
20,15,15282.160178,0.09493979999999999,48.0793284,4537.302962266666,1.0,87
21,1576,72399677.513094,0.13441437182741117,114.6252806395939,4515.687403346446,0.8506916243654823,87
22,1744,189749492.416596,0.12197242775229357,89.88093408600916,4507.374261439793,0.8286639908256881,87
23,1927,201240988.991768,0.11449821120913338,88.93737795277633,4501.523060731189,0.8126621691748832,87
24,2590,221739926.052057,0.110558177992278,82.28651695714285,4492.81183717027,0.7658610038610039,87
25,2424,206671032.402563,0.10375371452145216,62.38051362169966,4504.45948354538,0.7916955445544555,87
26,2274,234793397.595534,0.10163946481970096,65.43931146394019,4517.8191085672825,0.8224450307827617,87
27,2870,46465350.193817,0.12928840766550523,103.8414586390244,4526.21455369094,0.8261463414634146,87
28,2870,220569579.36024,0.12285034390243903,89.3388847804878,4532.382545911846,0.8386097560975609,87
29,2870,230553953.365368,0.13138179547038326,119.5390915097561,4542.702220419512,0.857397212543554,87
30,2870,217402975.520911,0.12429176550522648,104.50119103937283,4553.074371201742,0.8755749128919861,87
31,2870,240037492.744658,0.1153514787456446,97.91455775121952,4563.499605480488,0.8970871080139372,87
1,1434,198694975.531828,0.11746568549511856,19.061251126220363,4389.063258649233,0.49679218967921895,88
2,1769,278626731.466892,0.11784590107405314,20.08137797060486,4418.125935159977,0.581232334652346,88
3,1522,296751507.781356,0.11954527201051247,21.33183558672799,4412.379650550592,0.545335085413929,88
4,2090,398418606.092915,0.12132897846889952,22.91015300909091,4447.453025247369,0.6746411483253588,88
5,1775,265776997.714952,0.12046968732394367,21.389680723943663,4456.728898569578,0.7061408450704226,88
6,4,11253.685425,0.12458525000000001,37.1098585,4652.96044925,1.0,88
7,10,1612885.314575,0.11635390000000001,31.6757877,4655.1468749,1.0,88
8,12,10176726.385742,0.1887605,174.0617045,4660.912353583333,1.0,88
9,17,9901395.394287,0.1412404705882353,58.665409000000004,4662.392750470588,1.0,88
10,18,21078171.198243,0.17443205555555555,131.30168138888888,4669.679687555556,1.0,88
11,27,26096712.091797,0.17017085185185185,120.3630575925926,4664.632758259259,1.0,88
12,46,31087988.238739,0.17867310869565217,146.96688404347825,4647.818868804347,1.0,88
13,361,222208401.062258,0.14496358448753463,88.36377545983379,4584.346873113574,1.0,88
14,601,471026249.686545,0.14668447420965058,93.55745218635607,4566.943816798668,1.0,88
15,770,478038359.027663,0.13459167142857142,78.84318570129871,4555.890287035065,0.9905194805194806,88
16,944,524461430.299555,0.12969775847457626,76.36200331461865,4543.227673043431,0.9536016949152543,88
17,1145,487781375.737116,0.11278564890829694,50.14604448733624,4530.207878598254,0.9126550218340611,88
18,1322,511652241.610675,0.11123196974281392,48.35509071255674,4521.125942981089,0.8807261724659606,88
19,1745,565471569.706458,0.09994548137535816,30.412035369627507,4493.643951214327,0.7996160458452721,88
20,15,18356.952454,0.11404186666666667,48.20833806666667,4537.302962266666,1.0,88
21,1576,194393598.882929,0.1614587252538071,114.69881010659898,4515.687403346446,0.8506916243654823,88
22,1744,514065858.715522,0.14651344208715597,89.99427996215596,4507.374261439793,0.8286639908256881,88
23,1927,547253986.161321,0.13753541774779451,89.11171087285936,4501.523060731189,0.8126621691748832,88
24,2590,591160845.474735,0.1328026332046332,82.70951234015445,4492.81183717027,0.7658610038610039,88
25,2424,551534747.0531,0.12462910602310232,62.736253190594056,4504.45948354538,0.7916955445544555,88
26,2274,643100063.628012,0.12208947009674583,65.75396190061566,4517.8191085672825,0.8224450307827617,88
27,2870,118233847.187056,0.1553014268292683,103.87324940696864,4526.21455369094,0.8261463414634146,88
28,2870,561821252.679617,0.14756801777003484,89.40759012334495,4532.382545911846,0.8386097560975609,88
29,2870,584986849.300739,0.15781600209059232,119.66423547839722,4542.702220419512,0.857397212543554,88
30,2870,550105923.381043,0.14929944146341464,104.66377762195121,4553.074371201742,0.8755749128919861,88
31,2870,626877171.7526081,0.13856036271777003,98.05995409616725,4563.499605480488,0.8970871080139372,88
1,1434,206975783.119243,0.13345032217573222,19.061251126220363,4389.063258649233,0.49679218967921895,89
2,1769,289699328.359009,0.1338822922555116,20.08137797060486,4418.125935159977,0.581232334652346,89
3,1522,307754171.340435,0.135812920499343,21.33183558672799,4412.379650550592,0.545335085413929,89
4,2090,413160646.684225,0.13783934354066985,22.91015300909091,4447.453025247369,0.6746411483253588,89
5,1775,276580457.926386,0.13686312169014084,21.389680723943663,4456.728898569578,0.7061408450704226,89
6,4,12785.079345,0.141539,37.1098585,4652.96044925,1.0,89
7,10,1656325.786713,0.1321873,31.6757877,4655.1468749,1.0,89
8,12,10437512.289062,0.21444691666666668,174.0617045,4660.912353583333,1.0,89
9,17,10156263.196779,0.16046029411764706,58.665409000000004,4662.392750470588,1.0,89
10,18,21607275.300782,0.19816872222222223,131.30168138888888,4669.679687555556,1.0,89
11,27,26752317.388673,0.1933274814814815,120.3630575925926,4664.632758259259,1.0,89
12,46,31888055.729037,0.20298678260869565,146.96688404347825,4647.818868804347,1.0,89
13,361,227743653.9992,0.16469013850415512,88.48635536842106,4584.346873113574,1.0,89
14,601,483069685.34812,0.16664522296173045,93.86178219633943,4566.943816798668,1.0,89
15,770,490633295.120104,0.15290676753246754,79.2453594012987,4555.890287035065,0.9905194805194806,89
16,944,538523258.3946,0.14734694809322033,76.89906834533899,4543.227673043431,0.9536016949152543,89
17,1145,501165843.288629,0.12813342008733625,50.742901334497816,4530.207878598254,0.9126550218340611,89
18,1322,525940825.777974,0.12636833661119518,49.08958049470499,4521.125942981089,0.8807261724659606,89
19,1745,581189464.35567,0.11354599770773639,31.178594753008596,4493.643951214327,0.7996160458452721,89
20,15,20854.952638,0.12956086666666666,48.426575400000004,4537.302962266666,1.0,89
21,1576,200746665.769179,0.18342990926395938,114.8231951357868,4515.687403346446,0.8506916243654823,89
22,1744,530482309.460726,0.16645089392201837,90.18601982740824,4507.374261439793,0.8286639908256881,89
23,1927,564559752.259774,0.1562511323300467,89.4066185495589,4501.523060731189,0.8126621691748832,89
24,2590,610833432.929066,0.15087430540540542,83.42506616795367,4492.81183717027,0.7658610038610039,89
25,2424,569842489.594382,0.14158854579207922,63.338034749587464,4504.45948354538,0.7916955445544555,89
26,2274,663056277.078497,0.13870330694810906,66.28623559718558,4517.8191085672825,0.8224450307827617,89
27,2870,122644152.766573,0.1764347174216028,103.92702779128919,4526.21455369094,0.8261463414634146,89
28,2870,582727812.821267,0.16764895261324042,89.52381447979094,4532.382545911846,0.8386097560975609,89
29,2870,606955394.676728,0.17929149512195122,119.87593340139372,4542.702220419512,0.857397212543554,89
30,2870,570898546.956282,0.169615993728223,104.93881478989547,4553.074371201742,0.8755749128919861,89
31,2870,648839727.054401,0.1574155567944251,98.30591166620209,4563.499605480488,0.8970871080139372,89
1,1434,183877430.981534,0.12464531868898188,19.061251126220363,4389.063258649233,0.49679218967921895,90
2,1769,257072929.275019,0.12504878010175238,20.08137797060486,4418.125935159977,0.581232334652346,90
3,1522,272659778.033793,0.1268520197109067,21.33183558672799,4412.379650550592,0.545335085413929,90
4,2090,366029722.912723,0.12874475311004785,22.91015300909091,4447.453025247369,0.6746411483253588,90
5,1775,245564364.669802,0.12783292788732395,21.389680723943663,4456.728898569578,0.7061408450704226,90
6,4,11941.523925,0.1322005,37.1098585,4652.96044925,1.0,90
7,10,1458426.824309,0.1234656,31.6757877,4655.1468749,1.0,90
8,12,9183020.117188,0.20029766666666668,174.0617045,4660.912353583333,1.0,90
9,17,8936208.704834,0.14987317647058823,58.665409000000004,4662.392750470588,1.0,90
10,18,19004126.360352,0.1850936111111111,131.30168138888888,4669.679687555556,1.0,90
11,27,23529609.112305,0.18057181481481482,120.3630575925926,4664.632758259259,1.0,90
12,46,28057310.072419,0.18959384782608693,146.96688404347825,4647.818868804347,1.0,90
13,361,200282318.028074,0.15382391689750693,88.41540199168975,4584.346873113574,1.0,90
14,601,424994148.934317,0.15565000831946754,93.68562576372712,4566.943816798668,1.0,90
15,770,431856003.074186,0.1428180168831169,79.01256774935065,4555.890287035065,0.9905194805194806,90
16,944,474144638.447647,0.1376250370762712,76.58819706038136,4543.227673043431,0.9536016949152543,90
17,1145,441423658.590554,0.11967923493449782,50.39742054323144,4530.207878598254,0.9126550218340611,90
18,1322,463383973.009522,0.11803059682299546,48.66443314901664,4521.125942981089,0.8807261724659606,90
19,1745,512020190.709862,0.10605423954154729,30.73488442636103,4493.643951214327,0.7996160458452721,90
20,15,19478.950072,0.12101233333333333,48.3002522,4537.302962266666,1.0,90
21,1576,177383564.166548,0.1713272671319797,114.75119690355329,4515.687403346446,0.8506916243654823,90
22,1744,468531596.960718,0.15546850688073394,90.07503435321102,4507.374261439793,0.8286639908256881,90
23,1927,498534909.517905,0.14594173897249613,89.23591607784121,4501.523060731189,0.8126621691748832,90
24,2590,539939269.774819,0.14091967104247105,83.01087957606178,4492.81183717027,0.7658610038610039,90
25,2424,503680236.181316,0.1322465771452145,62.989703370874594,4504.45948354538,0.7916955445544555,90
26,2274,585301416.005012,0.12955170272647318,65.97813770844327,4517.8191085672825,0.8224450307827617,90
27,2870,108673204.953111,0.16479360801393728,103.89589905818815,4526.21455369094,0.8261463414634146,90
28,2870,516318961.864948,0.1565875198606272,89.4565399184669,4532.382545911846,0.8386097560975609,90
29,2870,537895757.505115,0.1674618944250871,119.75339552787457,4542.702220419512,0.857397212543554,90
30,2870,506015337.877904,0.1584247912891986,104.77961403937282,4553.074371201742,0.8755749128919861,90
31,2870,574144095.52327,0.14702931080139373,98.16354316550523,4563.499605480488,0.8970871080139372,90
1,1434,116021928.67387299,0.08354145746164575,19.061251126220363,4389.063258649233,0.49679218967921895,91
2,1769,161968356.985423,0.08381186263425663,20.08137797060486,4418.125935159977,0.581232334652346,91
3,1522,171439066.083569,0.08502046386333773,21.33183558672799,4412.379650550592,0.545335085413929,91
4,2090,230133471.733251,0.08628903684210526,22.91015300909091,4447.453025247369,0.6746411483253588,91
5,1775,154824302.394129,0.08567790647887323,21.389680723943663,4456.728898569578,0.7061408450704226,91
6,4,8003.608643,0.08860525,37.1098585,4652.96044925,1.0,91
7,10,909736.921935,0.0827507,31.6757877,4655.1468749,1.0,91
8,12,5722170.373048,0.13424633333333333,174.0617045,4660.912353583333,1.0,91
9,17,5568890.8855,0.10045017647058824,58.665409000000004,4662.392750470588,1.0,91
10,18,11836952.746095,0.12405594444444445,131.30168138888888,4669.679687555556,1.0,91
11,27,14655942.432373999,0.1210252962962963,120.3630575925926,4664.632758259259,1.0,91
12,46,17484759.797,0.12707217391304348,146.96688404347825,4647.818868804347,1.0,91
13,361,124728982.824129,0.10309794736842105,88.29598921883657,4584.346873113574,1.0,91
14,601,264812328.034133,0.10432186688851913,93.3891588202995,4566.943816798668,1.0,91
15,770,269256390.475488,0.09572141818181819,78.62078514285714,4555.890287035065,0.9905194805194806,91
16,944,295732984.741964,0.09224090466101695,76.06500834533898,4543.227673043431,0.9536016949152543,91
17,1145,275462561.055247,0.08021301746724892,49.815984879475984,4530.207878598254,0.9126550218340611,91
18,1322,289278922.965874,0.07910805975794251,47.94892058093797,4521.125942981089,0.8807261724659606,91
19,1745,319608063.204182,0.07108111518624642,29.988130862464182,4493.643951214327,0.7996160458452721,91
20,15,13055.444373,0.08110646666666667,48.08765366666667,4537.302962266666,1.0,91
21,1576,111152889.276638,0.11482926649746193,114.6300256465736,4515.687403346446,0.8506916243654823,91
22,1744,293421541.51637,0.10420019208715596,89.88824852752295,4507.374261439793,0.8286639908256881,91
23,1927,312134944.373163,0.09781504774260509,88.94862800934095,4501.523060731189,0.8126621691748832,91
24,2590,338496981.258213,0.09444908494208494,82.31381372934364,4492.81183717027,0.7658610038610039,91
25,2424,315744938.230797,0.08863609117161715,62.40347022318482,4504.45948354538,0.7916955445544555,91
26,2274,366289274.438186,0.08682989006156552,65.4596165171504,4517.8191085672825,0.8224450307827617,91
27,2870,68341761.676591,0.11045020418118467,103.8435101574913,4526.21455369094,0.8261463414634146,91
28,2870,324677290.243698,0.10495019512195122,89.34331847526133,4532.382545911846,0.8386097560975609,91
29,2870,338334291.386125,0.11223856236933799,119.54716731358884,4542.702220419512,0.857397212543554,91
30,2870,318341148.52372,0.10618160139372822,104.51168308780488,4553.074371201742,0.8755749128919861,91
31,2870,360433015.68664,0.09854397212543553,97.92394045923345,4563.499605480488,0.8970871080139372,91
1,1434,238832790.081884,0.1301750230125523,19.061251126220363,4389.063258649233,0.49679218967921895,92
2,1769,335447396.823864,0.1305963674392312,20.08137797060486,4418.125935159977,0.581232334652346,92
3,1522,358053624.125355,0.13247960840998685,21.33183558672799,4412.379650550592,0.545335085413929,92
4,2090,480752786.173729,0.1344562918660287,22.91015300909091,4447.453025247369,0.6746411483253588,92
5,1775,319737208.58117,0.1335040304225352,21.389680723943663,4456.728898569578,0.7061408450704226,92
6,4,12471.290894,0.138065,37.1098585,4652.96044925,1.0,92
7,10,1962328.554627,0.1289429,31.6757877,4655.1468749,1.0,92
8,12,12394812.010743,0.2091835,174.0617045,4660.912353583333,1.0,92
9,17,12058341.185058,0.1565221176470588,58.665409000000004,4662.392750470588,1.0,92
10,18,25683269.262696,0.19330511111111112,131.30168138888888,4669.679687555556,1.0,92
11,27,31797724.677736,0.18858262962962963,120.3630575925926,4664.632758259259,1.0,92
12,46,37860431.49494,0.1980048695652174,146.96688404347825,4647.818868804347,1.0,92
13,361,270798225.651144,0.16064808310249307,88.45845894736843,4584.346873113574,1.0,92
14,601,573716390.270402,0.16255515973377704,93.79252355074875,4566.943816798668,1.0,92
15,770,581887355.576396,0.14915393506493507,79.15383374675325,4555.890287035065,0.9905194805194806,92
16,944,638153119.911749,0.14373056144067795,76.77684447987288,4543.227673043431,0.9536016949152543,92
17,1145,593217459.496851,0.12498861484716157,50.60707021222708,4530.207878598254,0.9126550218340611,92
18,1322,622000555.730363,0.1232668343419062,48.92242721406959,4521.125942981089,0.8807261724659606,92
19,1745,687500346.753381,0.11075917535816619,31.004143199426935,4493.643951214327,0.7996160458452721,92
20,15,20343.102936,0.12638086666666667,48.3769094,4537.302962266666,1.0,92
21,1576,235400011.112791,0.1789279314720812,114.79488791560915,4515.687403346446,0.8506916243654823,92
22,1744,622887197.536461,0.16236561926605506,90.14238417201835,4507.374261439793,0.8286639908256881,92
23,1927,663270291.646617,0.15241620913336792,89.33950422003113,4501.523060731189,0.8126621691748832,92
24,2590,715513061.791371,0.14717134826254827,83.26222228185328,4492.81183717027,0.7658610038610039,92
25,2424,667597395.97963,0.1381134892739274,63.20108287582509,4504.45948354538,0.7916955445544555,92
26,2274,779813561.158568,0.13529905892700086,66.16510215699209,4517.8191085672825,0.8224450307827617,92
27,2870,142631896.264133,0.1721044324041812,103.91478904599303,4526.21455369094,0.8261463414634146,92
28,2870,677805341.529512,0.16353428222996516,89.49736444878049,4532.382545911846,0.8386097560975609,92
29,2870,705554634.64305,0.17489107317073171,119.82775573867596,4542.702220419512,0.857397212543554,92
30,2870,663351462.178692,0.16545304459930313,104.87622255191638,4553.074371201742,0.8755749128919861,92
31,2870,757647907.803166,0.15355203867595818,98.24993729547039,4563.499605480488,0.8970871080139372,92
1,1434,87011860.249815,0.07676293863319386,19.061251126220363,4389.063258649233,0.49679218967921895,93
2,1769,120783461.491512,0.0770114104013567,20.08137797060486,4418.125935159977,0.581232334652346,93
3,1522,126835989.254706,0.07812193626806833,21.33183558672799,4412.379650550592,0.545335085413929,93
4,2090,170221184.3641,0.07928757177033494,22.91015300909091,4447.453025247369,0.6746411483253588,93
5,1775,115764663.666438,0.0787260309859155,21.389680723943663,4456.728898569578,0.7061408450704226,93
6,4,7354.198852,0.08141575,37.1098585,4652.96044925,1.0,93
7,10,652010.892577,0.0760363,31.6757877,4655.1468749,1.0,93
8,12,4083564.700195,0.1233535,174.0617045,4660.912353583333,1.0,93
9,17,3975681.341066,0.09229958823529412,58.665409000000004,4662.392750470588,1.0,93
10,18,8432725.970703,0.11399005555555555,131.30168138888888,4669.679687555556,1.0,93
11,27,10441688.474,0.1112052962962963,120.3630575925926,4664.632758259259,1.0,93
12,46,12482320.496932,0.1167615652173913,146.96688404347825,4647.818868804347,1.0,93
13,361,88801377.123451,0.09473261495844874,88.38333272853185,4584.346873113574,1.0,93
14,601,188944812.204431,0.09585720299500833,93.60600714975041,4566.943816798668,1.0,93
15,770,192607581.535966,0.08795462337662338,78.90735135454545,4555.890287035065,0.9905194805194806,93
16,944,211868693.142231,0.08475652754237288,76.44769047245762,4543.227673043431,0.9536016949152543,93
17,1145,197749912.58953398,0.07370457117903931,50.24127127510917,4530.207878598254,0.9126550218340611,93
18,1322,207996207.196191,0.07268925794251134,48.472276437972766,4521.125942981089,0.8807261724659606,93
19,1745,229706525.698145,0.06531360229226361,30.534337734097424,4493.643951214327,0.7996160458452721,93
20,15,11996.129972,0.07452553333333332,48.24315713333333,4537.302962266666,1.0,93
21,1576,81135463.660428,0.10551207296954314,114.71865538071067,4515.687403346446,0.8506916243654823,93
22,1744,213682559.757275,0.09574543864678899,90.02487149827981,4507.374261439793,0.8286639908256881,93
23,1927,227088513.040026,0.08987835599377271,89.15876253502854,4501.523060731189,0.8126621691748832,93
24,2590,247542238.194254,0.08678550926640927,82.82367688880309,4492.81183717027,0.7658610038610039,93
25,2424,230843796.803897,0.0814441806930693,62.83226571534654,4504.45948354538,0.7916955445544555,93
26,2274,265991941.40839002,0.07978454397537378,65.83888463720317,4517.8191085672825,0.8224450307827617,93
27,2870,50595513.288398,0.10148830418118467,103.88182959372821,4526.21455369094,0.8261463414634146,93
28,2870,240304024.930422,0.09643458327526132,89.4261333825784,4532.382545911846,0.8386097560975609,93
29,2870,250669067.33315,0.10313156724738676,119.69801126585365,4542.702220419512,0.857397212543554,93
30,2870,236028458.44813,0.09756606236933797,104.70765901114983,4553.074371201742,0.8755749128919861,93
31,2870,265013201.560424,0.09054814250871081,98.09919592648083,4563.499605480488,0.8970871080139372,93
1,1434,135687405.881647,0.09244719595536958,19.061251126220363,4389.063258649233,0.49679218967921895,94
2,1769,189677266.651929,0.09274643188241943,20.08137797060486,4418.125935159977,0.581232334652346,94
3,1522,201144291.149252,0.09408384954007884,21.33183558672799,4412.379650550592,0.545335085413929,94
4,2090,270023104.647579,0.09548764545454545,22.91015300909091,4447.453025247369,0.6746411483253588,94
5,1775,181196086.311017,0.0948113938028169,21.389680723943663,4456.728898569578,0.7061408450704226,94
6,4,8856.813110000001,0.0980505,37.1098585,4652.96044925,1.0,94
7,10,1075202.268372,0.0915722,31.6757877,4655.1468749,1.0,94
8,12,6769461.48047,0.14855716666666666,174.0617045,4660.912353583333,1.0,94
9,17,6587568.332764001,0.11115829411764706,58.665409000000004,4662.392750470588,1.0,94
10,18,14008823.904298,0.13728061111111112,131.30168138888888,4669.679687555556,1.0,94
11,27,17344789.985353,0.1339268148148148,120.3630575925926,4664.632758259259,1.0,94
12,46,20683200.255325,0.14061839130434783,146.96688404347825,4647.818868804347,1.0,94
13,361,147635546.263528,0.1140884487534626,88.40792208033241,4584.346873113574,1.0,94
14,601,313292448.871694,0.11544283361064892,93.66705532445923,4566.943816798668,1.0,94
15,770,318366923.90652597,0.10592555714285715,78.98802684415584,4555.890287035065,0.9905194805194806,94
16,944,349552920.935581,0.1020740127118644,76.55542495444915,4543.227673043431,0.9536016949152543,94
17,1145,325443319.801035,0.08876393100436682,50.36099990917031,4530.207878598254,0.9126550218340611,94
18,1322,341644508.955993,0.08754116187594553,48.61961404311649,4521.125942981089,0.8807261724659606,94
19,1745,377499921.775613,0.07865851346704872,30.688108423495702,4493.643951214327,0.7996160458452721,94
20,15,14447.186439000001,0.08975273333333332,48.2869352,4537.302962266666,1.0,94
21,1576,130821557.573348,0.12707035786802032,114.74360683819796,4515.687403346446,0.8506916243654823,94
22,1744,345528714.143179,0.11530819495412843,90.06333424827982,4507.374261439793,0.8286639908256881,94
23,1927,367647991.892691,0.1082423585884795,89.21792059782044,4501.523060731189,0.8126621691748832,94
24,2590,398223912.262323,0.10451758416988416,82.96721595752895,4492.81183717027,0.7658610038610039,94
25,2424,371479640.744864,0.09808490140264027,62.95298222359736,4504.45948354538,0.7916955445544555,94
26,2274,431618214.283177,0.09608616314863676,65.94565797493404,4517.8191085672825,0.8224450307827617,94
27,2870,80170617.082619,0.12222445818815332,103.89261746202091,4526.21455369094,0.8261463414634146,94
28,2870,380897737.590232,0.11613814459930315,89.4494478250871,4532.382545911846,0.8386097560975609,94
29,2870,396823834.739638,0.12420346864111498,119.7404775707317,4542.702220419512,0.857397212543554,94
30,2870,373310269.907106,0.11750081358885017,104.76283107003484,4553.074371201742,0.8755749128919861,94
31,2870,423498303.839965,0.10904899442508711,98.14853465017423,4563.499605480488,0.8970871080139372,94
1,1434,114005514.970292,0.08785932147838214,19.061251126220363,4389.063258649233,0.49679218967921895,95
2,1769,158872736.773737,0.08814371509327304,20.08137797060486,4418.125935159977,0.581232334652346,95
3,1522,167749439.561364,0.08941476281208936,21.33183558672799,4412.379650550592,0.545335085413929,95
4,2090,225164802.042575,0.0907488956937799,22.91015300909091,4447.453025247369,0.6746411483253588,95
5,1775,151991445.879719,0.09010618816901408,21.389680723943663,4456.728898569578,0.7061408450704226,95
6,4,8417.27649,0.0931845,37.1098585,4652.96044925,1.0,95
7,10,881554.173034,0.0870277,31.6757877,4655.1468749,1.0,95
8,12,5537734.824219,0.14118475,174.0617045,4660.912353583333,1.0,95
9,17,5390010.392092,0.10564188235294117,58.665409000000004,4662.392750470588,1.0,95
10,18,11449462.425781,0.1304678888888889,131.30168138888888,4669.679687555556,1.0,95
11,27,14176455.563354,0.12728051851851852,120.3630575925926,4664.632758259259,1.0,95
12,46,16923040.29793,0.1336398043478261,146.96688404347825,4647.818868804347,1.0,95
13,361,120622837.361991,0.10842656232686981,88.314253066482,4584.346873113574,1.0,95
14,601,256262398.67681798,0.10971374875207986,93.43450255906822,4566.943816798668,1.0,95
15,770,260764125.273199,0.10066881298701298,78.68070713896104,4555.890287035065,0.9905194805194806,95
16,944,286537148.115166,0.09700840148305084,76.14502849046609,4543.227673043431,0.9536016949152543,95
17,1145,267061958.741412,0.08435883231441048,49.904913721397385,4530.207878598254,0.9126550218340611,95
18,1322,280590998.162404,0.08319675491679274,48.05835611422088,4521.125942981089,0.8807261724659606,95
19,1745,309969669.48666203,0.07475494154727794,30.102344642406877,4493.643951214327,0.7996160458452721,95
20,15,13730.216705,0.08529853333333334,48.12017,4537.302962266666,1.0,95
21,1576,108311350.838228,0.12076423032994925,114.64855843401016,4515.687403346446,0.8506916243654823,95
22,1744,285716422.701019,0.10958580619266055,89.91681686639909,4507.374261439793,0.8286639908256881,95
23,1927,303847653.483412,0.1028706336274001,88.99256787078359,4501.523060731189,0.8126621691748832,95
24,2590,330030909.859007,0.09933069768339768,82.42042788532818,4492.81183717027,0.7658610038610039,95
25,2424,307823415.734107,0.09321725618811881,62.49313284859736,4504.45948354538,0.7916955445544555,95
26,2274,356361495.389874,0.09131770844327176,65.53892280430958,4517.8191085672825,0.8224450307827617,95
27,2870,66884903.359152,0.11615883728222996,103.85152289059234,4526.21455369094,0.8261463414634146,95
28,2870,317729656.322777,0.11037457421602788,89.3606353641115,4532.382545911846,0.8386097560975609,95
29,2870,331199530.487191,0.11803962961672473,119.5787093055749,4542.702220419512,0.857397212543554,95
30,2870,311698392.375134,0.1116696094076655,104.55266233728223,4553.074371201742,0.8755749128919861,95
31,2870,352002715.917976,0.10363724390243903,97.96058699581882,4563.499605480488,0.8970871080139372,95
1,1434,164601210.469801,0.1059914079497908,19.061251126220363,4389.063258649233,0.49679218967921895,96
2,1769,230395280.115321,0.10633449745618995,20.08137797060486,4418.125935159977,0.581232334652346,96
3,1522,244763941.630706,0.10786787122207622,21.33183558672799,4412.379650550592,0.545335085413929,96
4,2090,328596500.346069,0.10947732631578948,22.91015300909091,4447.453025247369,0.6746411483253588,96
5,1775,219958964.237522,0.1087019723943662,21.389680723943663,4456.728898569578,0.7061408450704226,96
6,4,10154.404297000001,0.1124155,37.1098585,4652.96044925,1.0,96
7,10,1317517.390535,0.1049881,31.6757877,4655.1468749,1.0,96
8,12,8302642.5781270005,0.17032191666666666,174.0617045,4660.912353583333,1.0,96
9,17,8078905.481202,0.1274439411764706,58.665409000000004,4662.392750470588,1.0,96
10,18,17187901.315432,0.15739344444444445,131.30168138888888,4669.679687555556,1.0,96
11,27,21280612.291502,0.15354822222222222,120.3630575925926,4664.632758259259,1.0,96
12,46,25365687.512833,0.16121991304347824,146.96688404347825,4647.818868804347,1.0,96
13,361,181163380.121436,0.13080329362880885,88.33674570083103,4584.346873113574,1.0,96
14,601,384263829.488469,0.13235607154742096,93.49034522795341,4566.943816798668,1.0,96
15,770,390275714.722835,0.12144447272727273,78.75450350909091,4555.890287035065,0.9905194805194806,96
16,944,428366864.586877,0.11702865148305085,76.24357660699152,4543.227673043431,0.9536016949152543,96
17,1145,398647159.456219,0.10176853362445415,50.0144332558952,4530.207878598254,0.9126550218340611,96
18,1322,418351043.853481,0.10036660363086233,48.19313042662632,4521.125942981089,0.8807261724659606,96
19,1745,462298587.671796,0.090182623495702,30.24300350659026,4493.643951214327,0.7996160458452721,96
20,15,16563.810593,0.1029022,48.16021513333333,4537.302962266666,1.0,96
21,1576,159669052.270975,0.14568714149746192,114.67138231472082,4515.687403346446,0.8506916243654823,96
22,1744,421937621.01972,0.13220173165137614,89.95199994323394,4507.374261439793,0.8286639908256881,96
23,1927,449044440.397609,0.1241006953814219,89.04668160404773,4501.523060731189,0.8126621691748832,96
24,2590,485837764.363483,0.1198302081081081,82.55172757413128,4492.81183717027,0.7658610038610039,96
25,2424,453235427.47839403,0.1124551043729373,62.60355603135313,4504.45948354538,0.7916955445544555,96
26,2274,527392217.593347,0.11016354617414248,65.63659172471417,4517.8191085672825,0.8224450307827617,96
27,2870,97541373.526164,0.14013128641114983,103.86139088850175,4526.21455369094,0.8261463414634146,96
28,2870,463455832.88859,0.13315328292682926,89.3819618118467,4532.382545911846,0.8386097560975609,96
29,2870,482722056.254084,0.14240022926829268,119.61755456585365,4542.702220419512,0.857397212543554,96
30,2870,454043759.545588,0.1347155843205575,104.60312994912893,4553.074371201742,0.8755749128919861,96
31,2870,516053027.875642,0.1250255212543554,98.00571867944251,4563.499605480488,0.8970871080139372,96
1,1434,209527869.25789,0.12761267364016737,19.061251126220363,4389.063258649233,0.49679218967921895,97
2,1769,293635458.547976,0.12802573996608252,20.08137797060486,4418.125935159977,0.581232334652346,97
3,1522,312469844.761099,0.12987191524310118,21.33183558672799,4412.379650550592,0.545335085413929,97
4,2090,419511879.388302,0.1318096875598086,22.91015300909091,4447.453025247369,0.6746411483253588,97
5,1775,280175061.953737,0.13087618535211268,21.389680723943663,4456.728898569578,0.7061408450704226,97
6,4,12225.808348999999,0.13534725,37.1098585,4652.96044925,1.0,97
7,10,1692794.724702,0.1264048,31.6757877,4655.1468749,1.0,97
8,12,10676435.076171,0.205066,174.0617045,4660.912353583333,1.0,97
9,17,10387968.244628,0.15344111764705884,58.665409000000004,4662.392750470588,1.0,97
10,18,22109447.158203,0.18950005555555557,131.30168138888888,4669.679687555556,1.0,97
11,27,27373704.239013,0.18487059259259261,120.3630575925926,4664.632758259259,1.0,97
12,46,32615655.892762,0.19410732608695652,146.96688404347825,4647.818868804347,1.0,97
13,361,233065845.76294,0.15748591135734072,88.40189432963989,4584.346873113574,1.0,97
14,601,494145976.883447,0.1593554908485857,93.65209019301165,4566.943816798668,1.0,97
15,770,501627893.928882,0.14621803116883117,78.96825032857143,4555.890287035065,0.9905194805194806,97
16,944,550424059.324813,0.1409013972457627,76.52901531885594,4543.227673043431,0.9536016949152543,97
17,1145,512031535.703774,0.12252835109170306,50.331650051528385,4530.207878598254,0.9126550218340611,97
18,1322,537173225.429728,0.12084046293494705,48.58349622919819,4521.125942981089,0.8807261724659606,97
19,1745,593652169.438223,0.10857903266475645,30.6504136487106,4493.643951214327,0.7996160458452721,97
20,15,19942.674361,0.12389326666666665,48.27620373333333,4537.302962266666,1.0,97
21,1576,204401848.275635,0.175405970177665,114.73749032677665,4515.687403346446,0.8506916243654823,97
22,1744,540402666.55388,0.1591696743119266,90.05390562729359,4507.374261439793,0.8286639908256881,97
23,1927,575233540.410974,0.14941608303061754,89.20341880280229,4501.523060731189,0.8126621691748832,97
24,2590,621715444.695592,0.14427446293436294,82.93202931003862,4492.81183717027,0.7658610038610039,97
25,2424,580025654.506498,0.13539489150165018,62.92339022029702,4504.45948354538,0.7916955445544555,97
26,2274,675851535.232793,0.13263587335092347,65.91948395646438,4517.8191085672825,0.8224450307827617,97
27,2870,124505419.517388,0.16871676655052265,103.88997296167248,4526.21455369094,0.8261463414634146,97
28,2870,591605425.744827,0.160315318815331,89.44373260696864,4532.382545911846,0.8386097560975609,97
29,2870,616066600.452629,0.17144855156794425,119.73006753414634,4542.702220419512,0.857397212543554,97
30,2870,579377711.15574,0.16219631602787457,104.74930639651568,4553.074371201742,0.8755749128919861,97
31,2870,659649537.837942,0.15052956167247386,98.13643994041813,4563.499605480488,0.8970871080139372,97
1,1434,138922383.006905,0.14021506834030684,19.061251126220363,4389.063258649233,0.49679218967921895,98
2,1769,191982931.607535,0.1406689315997739,20.08137797060486,4418.125935159977,0.581232334652346,98
3,1522,200332314.555058,0.14269742378449407,21.33183558672799,4412.379650550592,0.545335085413929,98
4,2090,268808305.677898,0.144826580861244,22.91015300909091,4447.453025247369,0.6746411483253588,98
5,1775,184394103.070448,0.14380086647887322,21.389680723943663,4456.728898569578,0.7061408450704226,98
6,4,13433.169678000002,0.14871325000000002,37.1098585,4652.96044925,1.0,98
7,10,1003135.771363,0.1388878,31.6757877,4655.1468749,1.0,98
8,12,6259717.496094,0.22531733333333334,174.0617045,4660.912353583333,1.0,98
9,17,6096318.765381,0.16859435294117647,58.665409000000004,4662.392750470588,1.0,98
10,18,12907387.836916,0.2082141111111111,131.30168138888888,4669.679687555556,1.0,98
11,27,15983282.509767,0.20312755555555556,120.3630575925926,4664.632758259259,1.0,98
12,46,19140146.158541,0.21327641304347827,146.96688404347825,4647.818868804347,1.0,98
13,361,135847802.153652,0.1730384709141274,88.49795566204986,4584.346873113574,1.0,98
14,601,289587630.406653,0.17509265224625623,93.89058231447588,4566.943816798668,1.0,98
15,770,295848377.537937,0.1606577987012987,79.28341891818182,4555.890287035065,0.9905194805194806,98
16,944,325855616.813235,0.15481614406779662,76.94989325635594,4543.227673043431,0.9536016949152543,98
17,1145,304669150.445402,0.13462866637554585,50.79938462270742,4530.207878598254,0.9126550218340611,98
18,1322,320883855.156897,0.1327740839636914,49.15908862405446,4521.125942981089,0.8807261724659606,98
19,1745,354250846.261827,0.11930175186246418,31.251137767335244,4493.643951214327,0.7996160458452721,98
20,15,21912.114943,0.1361284,48.44722806666667,4537.302962266666,1.0,98
21,1576,126756271.612787,0.19272819923857867,114.83496625634518,4515.687403346446,0.8506916243654823,98
22,1744,333190436.71787703,0.1748884879587156,90.20416504472477,4507.374261439793,0.8286639908256881,98
23,1927,353807997.931448,0.16417168811624286,89.43452699844318,4501.523060731189,0.8126621691748832,98
24,2590,387319180.41929,0.15852229845559845,83.49278228764479,4492.81183717027,0.7658610038610039,98
25,2424,361114929.473557,0.14876582673267327,63.394984088283834,4504.45948354538,0.7916955445544555,98
26,2274,413780918.392223,0.1457343447669305,66.33660709366754,4517.8191085672825,0.8224450307827617,98
27,2870,79956869.052461,0.18537841184668988,103.93211708501742,4526.21455369094,0.8261463414634146,98
28,2870,379674288.396936,0.1761472818815331,89.534813328223,4532.382545911846,0.8386097560975609,98
29,2870,396376723.614291,0.18837998083623692,119.89596734285715,4542.702220419512,0.857397212543554,98
30,2870,373443934.968728,0.17821403902439023,104.96484281637632,4553.074371201742,0.8755749128919861,98
31,2870,416489247.094232,0.16539513205574913,98.3291877599303,4563.499605480488,0.8970871080139372,98
1,1434,92592198.729086,0.11470867782426779,19.061251126220363,4389.063258649233,0.49679218967921895,99
2,1769,126923249.99083701,0.11507996382136801,20.08137797060486,4418.125935159977,0.581232334652346,99
3,1522,130906272.723982,0.11673944546649145,21.33183558672799,4412.379650550592,0.545335085413929,99
4,2090,175591772.899514,0.11848129186602871,22.91015300909091,4447.453025247369,0.6746411483253588,99
5,1775,122375868.140992,0.11764215211267605,21.389680723943663,4456.728898569578,0.7061408450704226,99
6,4,10989.552124,0.12166125,37.1098585,4652.96044925,1.0,99
7,10,623017.039978,0.113623,31.6757877,4655.1468749,1.0,99
8,12,3859044.933593,0.18433016666666666,174.0617045,4660.912353583333,1.0,99
9,17,3760789.421632,0.1379255294117647,58.665409000000004,4662.392750470588,1.0,99
10,18,7933208.478516,0.17033805555555553,131.30168138888888,4669.679687555556,1.0,99
11,27,9824880.506227,0.16617677777777778,120.3630575925926,4664.632758259259,1.0,99
12,46,11807122.393085,0.17447947826086957,146.96688404347825,4647.818868804347,1.0,99
13,361,83402211.357659,0.14156118005540166,88.42640630470915,4584.346873113574,1.0,99
14,601,178468752.346065,0.14324167387687187,93.71294621464226,4566.943816798668,1.0,99
15,770,183138503.193861,0.13143267012987012,79.04867187792208,4555.890287035065,0.9905194805194806,99
16,944,202241712.26736,0.12665364300847456,76.6364106917373,4543.227673043431,0.9536016949152543,99
17,1145,189752603.361593,0.11013846812227075,50.451001839301306,4530.207878598254,0.9126550218340611,99
18,1322,200385875.813259,0.10862125945537066,48.730370076399396,4521.125942981089,0.8807261724659606,99
19,1745,221065492.944113,0.09759967392550144,30.803700351289397,4493.643951214327,0.7996160458452721,99
20,15,17926.099785000002,0.11136526666666667,48.319843999999996,4537.302962266666,1.0,99
21,1576,81132095.620403,0.15766916243654822,114.76236325253807,4515.687403346446,0.8506916243654823,99
22,1744,212473966.757406,0.14307464506880732,90.09224730447248,4507.374261439793,0.8286639908256881,99
23,1927,225269107.709476,0.13430736066424495,89.26239066165024,4501.523060731189,0.8126621691748832,99
24,2590,248633614.83564,0.1296856362934363,83.07511658957529,4492.81183717027,0.7658610038610039,99
25,2424,231717754.818461,0.1217039603960396,63.04372677392739,4504.45948354538,0.7916955445544555,99
26,2274,262665100.607805,0.11922392436235708,66.02592122075637,4517.8191085672825,0.8224450307827617,99
27,2870,52300159.088642,0.15165637351916375,103.90072687526133,4526.21455369094,0.8261463414634146,99
28,2870,248247147.90617,0.1441044630662021,89.46697366689895,4532.382545911846,0.8386097560975609,99
29,2870,259564398.150086,0.15411191707317073,119.77240017003484,4542.702220419512,0.857397212543554,99
30,2870,244812061.063649,0.14579526445993032,104.8043047979094,4553.074371201742,0.8755749128919861,99
31,2870,269611739.192563,0.13530822090592334,98.18562337700348,4563.499605480488,0.8970871080139372,99
1,1434,125121314.441028,0.13467485425383544,19.061251126220363,4389.063258649233,0.49679218967921895,100
2,1769,172502523.921005,0.13511077444884115,20.08137797060486,4418.125935159977,0.581232334652346,100
3,1522,179398087.875125,0.13705912286465177,21.33183558672799,4412.379650550592,0.545335085413929,100
4,2090,240694893.331438,0.13910413301435406,22.91015300909091,4447.453025247369,0.6746411483253588,100
5,1775,165869131.742548,0.13811895605633803,21.389680723943663,4456.728898569578,0.7061408450704226,100
6,4,12902.393676,0.1428375,37.1098585,4652.96044925,1.0,100
7,10,885491.6814560001,0.1334002,31.6757877,4655.1468749,1.0,100
8,12,5514282.88379,0.21641466666666667,174.0617045,4660.912353583333,1.0,100
9,17,5371320.773438,0.16193276470588236,58.665409000000004,4662.392750470588,1.0,100
10,18,11360827.417969,0.1999872222222222,131.30168138888888,4669.679687555556,1.0,100
11,27,14068622.701173,0.1951014074074074,120.3630575925926,4664.632758259259,1.0,100
12,46,16863790.765501,0.2048494347826087,146.96688404347825,4647.818868804347,1.0,100
13,361,119533724.016208,0.16620133240997229,88.36414582271469,4584.346873113574,1.0,100
14,601,255079091.979917,0.1681743361064892,93.5583716938436,4566.943816798668,1.0,100
15,770,260914016.527868,0.15430983246753247,78.84440084285714,4555.890287035065,0.9905194805194806,100
16,944,287586296.210507,0.14869899470338982,76.36362600317796,4543.227673043431,0.9536016949152543,100
17,1145,269148614.457567,0.12930917816593887,50.147847843668124,4530.207878598254,0.9126550218340611,100
18,1322,283683863.013211,0.12752785930408472,48.357309922087744,4521.125942981089,0.8807261724659606,100
19,1745,313120484.552023,0.11458787679083095,30.41435146017192,4493.643951214327,0.7996160458452721,100
20,15,21046.316377,0.13074946666666667,48.20899733333333,4537.302962266666,1.0,100
21,1576,112841058.2766,0.18511305139593912,114.69918592703046,4515.687403346446,0.8506916243654823,100
22,1744,296301544.751984,0.16797823337155965,89.99485928669725,4507.374261439793,0.8286639908256881,100
23,1927,314497290.469567,0.1576849014011417,89.1126019060716,4501.523060731189,0.8126621691748832,100
24,2590,345085569.338416,0.1522587108108108,82.71167432548262,4492.81183717027,0.7658610038610039,100
25,2424,321701373.250158,0.142887751650165,62.738071427805274,4504.45948354538,0.7916955445544555,100
26,2274,367495475.168617,0.13997603298153033,65.75557010861917,4517.8191085672825,0.8224450307827617,100
27,2870,71622373.914334,0.1780536857142857,103.87341189233449,4526.21455369094,0.8261463414634146,100
28,2870,340058736.554658,0.16918729860627177,89.40794128327526,4532.382545911846,0.8386097560975609,100
29,2870,355174917.200676,0.18093664634146342,119.6648751087108,4542.702220419512,0.857397212543554,100
30,2870,334730509.693593,0.17117238536585366,104.6646086271777,4553.074371201742,0.8755749128919861,100
31,2870,371964101.616917,0.15885998780487803,98.06069722752612,4563.499605480488,0.8970871080139372,100
