case_num,active_cells,PORV_mean,PORV_std,PORV_min,PORV_max,PORV_nunique,PORV_p10,PORV_p50,PORV_p90,PORO_mean,PORO_std,PORO_min,PORO_max,PORO_nunique,PORO_p10,PORO_p50,PORO_p90,PERMX_mean,PERMX_std,PERMX_min,PERMX_max,PERMX_nunique,PERMX_p10,PERMX_p50,PERMX_p90,PERMZ_mean,PERMZ_std,PERMZ_min,PERMZ_max,PERMZ_nunique,PERMZ_p10,PERMZ_p50,PERMZ_p90,TRANX_mean,TRANX_std,TRANX_min,TRANX_max,TRANX_nunique,TRANX_p10,TRANX_p50,TRANX_p90,TRANY_mean,TRANY_std,TRANY_min,TRANY_max,TRANY_nunique,TRANY_p10,TRANY_p50,TRANY_p90,TRANZ_mean,TRANZ_std,TRANZ_min,TRANZ_max,TRANZ_nunique,TRANZ_p10,TRANZ_p50,TRANZ_p90,FIPNUM_mean,FIPNUM_std,FIPNUM_min,FIPNUM_max,FIPNUM_nunique,PVTNUM_mean,PVTNUM_std,PVTNUM_min,PVTNUM_max,PVTNUM_nunique,SWL_mean,SWL_std,SWL_min,SWL_max,SWL_nunique,SWCR_mean,SWCR_std,SWCR_min,SWCR_max,SWCR_nunique,SGL_mean,SGL_std,SGL_min,SGL_max,SGL_nunique,SGCR_mean,SGCR_std,SGCR_min,SGCR_max,SGCR_nunique,SOWCR_mean,SOWCR_std,SOWCR_min,SOWCR_max,SOWCR_nunique,PRESSURE_mean,PRESSURE_std,PRESSURE_min,PRESSURE_max,PRESSURE_nunique,PRESSURE_p10,PRESSURE_p50,PRESSURE_p90,SWAT_mean,SWAT_std,SWAT_min,SWAT_max,SWAT_nunique,SWAT_p10,SWAT_p50,SWAT_p90,SOIL_mean,SOIL_std,SOIL_min,SOIL_max,SOIL_nunique,SOIL_p10,SOIL_p50,SOIL_p90,PORV_total,oil_reservoir_volume_proxy,water_reservoir_volume_proxy,PORO_pv_weighted,PERMX_pv_weighted,PERMZ_pv_weighted,PRESSURE_pv_weighted,SWAT_pv_weighted,SOIL_pv_weighted,PERMX_geometric_mean
1,42512,100002.3692044115,367925.48742850346,0.629475,2426922.25,42472,5641.0827152,18408.266602,31814.793163800005,0.1174070577719232,0.04176325925229749,0.038963,0.199145,36785,0.0585844,0.120974,0.1714737,72.84636875075273,86.72820799870505,0.153458,433.069946,42069,0.3448479,39.885042,202.63274400000003,35.54299092731464,43.67684002696407,0.050358,216.534973,41949,0.1131636,17.464427999999998,101.31637200000002,1.6145507441663534,2.3651093077727228,0.0,24.66328,36370,2.130000000000109e-05,0.4302765,5.0260393,1.580539745483631,2.12845848476764,0.0,13.194032,38208,0.005037300000000001,0.6139755,4.7244172,48.44772086970738,67.5930401195926,0.0,1008.112976,35894,0.0,4.461413,144.38960870000003,1.8169222807677832,0.38673477488776925,1.0,2.0,2,1.8169222807677832,0.38673477488776925,1.0,2.0,2,0.23482922468949946,0.02437598823066828,0.2,0.27,3,0.28167905532555515,0.0459496204905294,0.22,0.35,3,0.0,0.0,0.0,0.0,1,0.09756915694392174,0.022970975218539684,0.08,0.14,3,0.20344208694015806,0.03376022098489016,0.18,0.27,3,4507.110603483016,126.21536490053904,4247.210938,4891.720215,41553,4345.6268068,4499.803222500001,4683.0482422000005,0.8012662307113287,0.3366287335558095,0.2,1.0,4,0.23,1.0,1.0,0.19873376928867142,0.3366287335558096,0.0,0.8,4,0.0,0.0,0.77,4251300719.617942,140074269.9938123,4111226449.6241293,0.14324994553102174,123.9353749568979,61.07288627186587,4663.924001439561,0.9670514322011075,0.03294856779889251,15.054812640117381
2,42512,185227.4813217578,736708.3608089179,0.71502,4839412.0,42460,6407.697314800001,20911.897461,36143.61523460001,0.13336250279920964,0.047438823949278223,0.044258,0.226208,37304,0.06654560000000001,0.1374145,0.1947767,73.02223793298363,86.58296407475598,0.319977,433.069946,42106,0.719047,39.885042,202.63274400000003,35.54299092731464,43.67684002696407,0.050358,216.534973,41949,0.1131636,17.464427999999998,101.31637200000002,1.6189644990355667,2.362170550127944,0.0,24.66328,37188,4.3800000000002915e-05,0.43029649999999997,5.0260393,1.5844957058948121,2.125581753085146,0.0,13.194032,39155,0.010500100000000002,0.6139755,4.7244172,48.44772086970738,67.5930401195926,0.0,1008.112976,35894,0.0,4.461413,144.38960870000003,1.8169222807677832,0.38673477488776925,1.0,2.0,2,1.8169222807677832,0.38673477488776925,1.0,2.0,2,0.23482922468949946,0.02437598823066828,0.2,0.27,3,0.28167905532555515,0.0459496204905294,0.22,0.35,3,0.0,0.0,0.0,0.0,1,0.09756915694392174,0.022970975218539684,0.08,0.14,3,0.20344208694015806,0.03376022098489016,0.18,0.27,3,4507.110603483016,126.21536490053904,4247.210938,4891.720215,41553,4345.6268068,4499.803222500001,4683.0482422000005,0.8012662307113287,0.3366287335558095,0.2,1.0,4,0.23,1.0,1.0,0.19873376928867142,0.3366287335558096,0.0,0.8,4,0.0,0.0,0.77,7874390685.950567,159110157.3713148,7715280528.579252,0.1638894426170167,126.34491590679416,62.30577013734588,4676.326593251438,0.9797939721666086,0.020206027833391354,18.38936750300863
3,42512,212384.08592139615,882071.1341578469,0.515174,5781494.0,42453,4616.7695799,15068.202148,26048.055078600006,0.09608816995201355,0.03417984982450567,0.031888,0.162984,35673,0.04794640000000001,0.099008,0.14033779999999998,72.76306164722902,86.79748080920722,0.07458,433.069946,42007,0.167594,39.885042,202.63274400000003,35.54299092731464,43.67684002696407,0.050358,216.534973,41949,0.1131636,17.464427999999998,101.31637200000002,1.6124573245907037,2.3665186703486745,0.0,24.66328,35016,1.0200000000000729e-05,0.4302765,5.0260393,1.5786653417152818,2.129833934005736,0.0,13.194032,36791,0.0024481000000000004,0.6139755,4.7244172,48.44772086970738,67.5930401195926,0.0,1008.112976,35894,0.0,4.461413,144.38960870000003,1.8169222807677832,0.38673477488776925,1.0,2.0,2,1.8169222807677832,0.38673477488776925,1.0,2.0,2,0.23482922468949946,0.02437598823066828,0.2,0.27,3,0.28167905532555515,0.0459496204905294,0.22,0.35,3,0.0,0.0,0.0,0.0,1,0.09756915694392174,0.022970975218539684,0.08,0.14,3,0.20344208694015806,0.03376022098489016,0.18,0.27,3,4507.110603483016,126.21536490053904,4247.210938,4891.720215,41553,4345.6268068,4499.803222500001,4683.0482422000005,0.8012662307113287,0.3366287335558095,0.2,1.0,4,0.23,1.0,1.0,0.19873376928867142,0.3366287335558096,0.0,0.8,4,0.0,0.0,0.77,9028872260.690393,114639449.3064777,8914232811.383915,0.11858057460304056,127.74057769703153,63.032295598323685,4683.635308943836,0.9873030157037893,0.01269698429621063,12.369511381231947
4,42512,264198.744362231,1078563.9563966696,0.793388,7075558.0,42463,7109.998975,23205.597656500002,40110.136718500005,0.1479794032743696,0.05263825708976993,0.049109,0.251001,37758,0.0738396,0.15247549999999999,0.2161247,73.14182170895278,86.48498022669942,0.433204,433.069946,42108,0.9524458000000001,39.885042,202.63274400000003,35.54299092731464,43.67684002696407,0.050358,216.534973,41949,0.1131636,17.464427999999998,101.31637200000002,1.6219613471725631,2.3602004409213713,0.0,24.66328,37379,5.9100000000004005e-05,0.43029649999999997,5.0260393,1.5871847731699362,2.1236466082520344,0.0,13.194032,39347,0.014210400000000002,0.6139755,4.7244172,48.44772086970738,67.5930401195926,0.0,1008.112976,35894,0.0,4.461413,144.38960870000003,1.8169222807677832,0.38673477488776925,1.0,2.0,2,1.8169222807677832,0.38673477488776925,1.0,2.0,2,0.23482922468949946,0.02437598823066828,0.2,0.27,3,0.28167905532555515,0.0459496204905294,0.22,0.35,3,0.0,0.0,0.0,0.0,1,0.09756915694392174,0.022970975218539684,0.08,0.14,3,0.20344208694015806,0.03376022098489016,0.18,0.27,3,4507.110603483016,126.21536490053904,4247.210938,4891.720215,41553,4345.6268068,4499.803222500001,4683.0482422000005,0.8012662307113287,0.3366287335558095,0.2,1.0,4,0.23,1.0,1.0,0.19873376928867142,0.3366287335558096,0.0,0.8,4,0.0,0.0,0.77,11231617020.327164,176549076.05474645,11055067944.272419,0.18231013259611556,127.1928176868613,62.73991149166141,4680.693976845699,0.9842810633824832,0.015718936617516877,19.97059241405688
5,42512,160354.6020322284,645972.0118507927,0.552176,4240572.5,42457,4948.3675778,16150.472656,27915.575390500006,0.1029896818545352,0.03663481279478706,0.034178,0.17469,36059,0.0513904,0.106119,0.1504168,72.97139725305796,86.62481214371736,0.271839,433.069946,42100,0.6108725,39.885042,202.63274400000003,35.54299092731464,43.67684002696407,0.050358,216.534973,41949,0.1131636,17.464427999999998,101.31637200000002,1.6176893425150547,2.3630150174552473,0.0,24.66328,37017,3.760000000000218e-05,0.4302765,5.0260393,1.5833522573861547,2.1264096030640003,0.0,13.194032,38942,0.008920200000000001,0.6139755,4.7244172,48.44772086970738,67.5930401195926,0.0,1008.112976,35894,0.0,4.461413,144.38960870000003,1.8169222807677832,0.38673477488776925,1.0,2.0,2,1.8169222807677832,0.38673477488776925,1.0,2.0,2,0.23482922468949946,0.02437598823066828,0.2,0.27,3,0.28167905532555515,0.0459496204905294,0.22,0.35,3,0.0,0.0,0.0,0.0,1,0.09756915694392174,0.022970975218539684,0.08,0.14,3,0.20344208694015806,0.03376022098489016,0.18,0.27,3,4507.110603483016,126.21536490053904,4247.210938,4891.720215,41553,4345.6268068,4499.803222500001,4683.0482422000005,0.8012662307113287,0.3366287335558095,0.2,1.0,4,0.23,1.0,1.0,0.19873376928867142,0.3366287335558096,0.0,0.8,4,0.0,0.0,0.77,6816994841.594093,122873403.60628985,6694121437.987803,0.1267191817097723,126.7505139161008,62.51683356465989,4678.4498532392945,0.9819754295754232,0.01802457042457685,17.59089095112503
6,42512,204323.87240708515,812496.7653178881,0.790074,5337319.0,42463,7080.303417900001,23106.9873045,39937.553125000006,0.14736134769006398,0.052418410508732055,0.048904,0.249953,37746,0.0735306,0.1518385,0.21522260000000001,72.81558000129375,86.75377461820419,0.124306,433.069946,42067,0.27933759999999996,39.885042,202.63274400000003,35.54299092731464,43.67684002696407,0.050358,216.534973,41949,0.1131636,17.464427999999998,101.31637200000002,1.6137772579506964,2.365628880143216,0.0,24.66328,36052,1.730000000000109e-05,0.4302765,5.0260393,1.579847039918143,2.1289658683250607,0.0,13.194032,37858,0.004080300000000001,0.6139755,4.7244172,48.44772086970738,67.5930401195926,0.0,1008.112976,35894,0.0,4.461413,144.38960870000003,1.8169222807677832,0.38673477488776925,1.0,2.0,2,1.8169222807677832,0.38673477488776925,1.0,2.0,2,0.23482922468949946,0.02437598823066828,0.2,0.27,3,0.28167905532555515,0.0459496204905294,0.22,0.35,3,0.0,0.0,0.0,0.0,1,0.09756915694392174,0.022970975218539684,0.08,0.14,3,0.20344208694015806,0.03376022098489016,0.18,0.27,3,4507.110603483016,126.21536490053904,4247.210938,4891.720215,41553,4345.6268068,4499.803222500001,4683.0482422000005,0.8012662307113287,0.3366287335558095,0.2,1.0,4,0.23,1.0,1.0,0.19873376928867142,0.3366287335558096,0.0,0.8,4,0.0,0.0,0.77,8686216463.770004,175811694.71286523,8510404769.057138,0.1810891681565756,126.32335998456485,62.302453471620005,4676.2932278149665,0.979759692215112,0.020240307784887872,14.215523220645238
7,42512,178556.99588228043,707832.5964308128,0.708406,4650526.0,42465,6348.4283204,20718.470703,35809.29492190001,0.13212893905250284,0.047000034845483665,0.043849,0.224116,37297,0.0659305,0.1361435,0.1929757,72.9609734611639,86.6334062123355,0.26197,433.069946,42096,0.5886934,39.885042,202.63274400000003,35.54299092731464,43.67684002696407,0.050358,216.534973,41949,0.1131636,17.464427999999998,101.31637200000002,1.6174278211328563,2.363188665945673,0.0,24.66328,37031,3.570000000000254e-05,0.4302765,5.0260393,1.5831178029262374,2.1265797138934075,0.0,13.194032,38904,0.008598,0.6139755,4.7244172,48.44772086970738,67.5930401195926,0.0,1008.112976,35894,0.0,4.461413,144.38960870000003,1.8169222807677832,0.38673477488776925,1.0,2.0,2,1.8169222807677832,0.38673477488776925,1.0,2.0,2,0.23482922468949946,0.02437598823066828,0.2,0.27,3,0.28167905532555515,0.0459496204905294,0.22,0.35,3,0.0,0.0,0.0,0.0,1,0.09756915694392174,0.022970975218539684,0.08,0.14,3,0.20344208694015806,0.03376022098489016,0.18,0.27,3,4507.110603483016,126.21536490053904,4247.210938,4891.720215,41553,4345.6268068,4499.803222500001,4683.0482422000005,0.8012662307113287,0.3366287335558095,0.2,1.0,4,0.23,1.0,1.0,0.19873376928867142,0.3366287335558096,0.0,0.8,4,0.0,0.0,0.77,7590815008.947506,157638435.81736767,7433176573.130138,0.16232240187320995,126.23516046794386,62.251494464247585,4675.780589349542,0.9792330025653958,0.020766997434604167,17.414650239292268
8,42512,211282.2482604138,867093.7737969096,0.597322,5686754.5,42462,5352.942138900001,17470.921875,30197.930078400004,0.11141003535472338,0.039630038320529394,0.036973,0.188972,36478,0.0555915,0.114795,0.1627148,73.12279673452201,86.5005266676957,0.41519,433.069946,42109,0.9179845999999999,39.885042,202.63274400000003,35.54299092731464,43.67684002696407,0.050358,216.534973,41949,0.1131636,17.464427999999998,101.31637200000002,1.621484800973843,2.3605123566171056,0.0,24.66328,37362,5.7000000000003635e-05,0.43029649999999997,5.0260393,1.586757005245585,2.123953343502476,0.0,13.194032,39346,0.0136194,0.6139755,4.7244172,48.44772086970738,67.5930401195926,0.0,1008.112976,35894,0.0,4.461413,144.38960870000003,1.8169222807677832,0.38673477488776925,1.0,2.0,2,1.8169222807677832,0.38673477488776925,1.0,2.0,2,0.23482922468949946,0.02437598823066828,0.2,0.27,3,0.28167905532555515,0.0459496204905294,0.22,0.35,3,0.0,0.0,0.0,0.0,1,0.09756915694392174,0.022970975218539684,0.08,0.14,3,0.20344208694015806,0.03376022098489016,0.18,0.27,3,4507.110603483016,126.21536490053904,4247.210938,4891.720215,41553,4345.6268068,4499.803222500001,4683.0482422000005,0.8012662307113287,0.3366287335558095,0.2,1.0,4,0.23,1.0,1.0,0.19873376928867142,0.3366287335558096,0.0,0.8,4,0.0,0.0,0.77,8982030938.046711,132919430.76926588,8849111507.277447,0.13732752477212767,127.36396036778234,62.82897926503201,4681.589982858371,0.9852016284862442,0.014798371513756039,19.740983372300956
9,42512,123213.60075052759,485912.4958099359,0.509472,3193353.0,42453,4565.673095800001,14899.515625,25753.387304700005,0.09502470436582612,0.03380155622885886,0.031535,0.16118,35563,0.0474154,0.097912,0.13878379999999998,73.10954339993413,86.51136618615506,0.402641,433.069946,42110,0.8928882,39.885042,202.63274400000003,35.54299092731464,43.67684002696407,0.050358,216.534973,41949,0.1131636,17.464427999999998,101.31637200000002,1.6211527737579978,2.360729984151831,0.0,24.66328,37346,5.5000000000003634e-05,0.43029649999999997,5.0260393,1.5864590000705754,2.124167277389623,0.0,13.194032,39302,0.0132084,0.6139755,4.7244172,48.44772086970738,67.5930401195926,0.0,1008.112976,35894,0.0,4.461413,144.38960870000003,1.8169222807677832,0.38673477488776925,1.0,2.0,2,1.8169222807677832,0.38673477488776925,1.0,2.0,2,0.23482922468949946,0.02437598823066828,0.2,0.27,3,0.28167905532555515,0.0459496204905294,0.22,0.35,3,0.0,0.0,0.0,0.0,1,0.09756915694392174,0.022970975218539684,0.08,0.14,3,0.20344208694015806,0.03376022098489016,0.18,0.27,3,4507.110603483016,126.21536490053904,4247.210938,4891.720215,41553,4345.6268068,4499.803222500001,4683.0482422000005,0.8012662307113287,0.3366287335558095,0.2,1.0,4,0.23,1.0,1.0,0.19873376928867142,0.3366287335558096,0.0,0.8,4,0.0,0.0,0.77,5238056595.106429,113370666.64088905,5124685928.46554,0.11668182402870678,126.08226984416368,62.16667536114076,4674.927323701854,0.978356349424173,0.02164365057582688,19.576710557003164
10,42512,209486.86847432327,842969.9443876318,0.728919,5534106.0,42468,6532.2597168,21319.9746095,36850.89804670001,0.13595499649510726,0.048361020886130486,0.045118,0.230605,37418,0.0678395,0.140086,0.19856369999999998,72.77854930765432,86.78457933685385,0.089244,433.069946,42033,0.2005472,39.885042,202.63274400000003,35.54299092731464,43.67684002696407,0.050358,216.534973,41949,0.1131636,17.464427999999998,101.31637200000002,1.6128466430654875,2.3662558102028055,0.0,24.66328,35451,1.2200000000000729e-05,0.4302765,5.0260393,1.5790138385632309,2.1295776019839603,0.0,13.194032,37179,0.0029292000000000007,0.6139755,4.7244172,48.44772086970738,67.5930401195926,0.0,1008.112976,35894,0.0,4.461413,144.38960870000003,1.8169222807677832,0.38673477488776925,1.0,2.0,2,1.8169222807677832,0.38673477488776925,1.0,2.0,2,0.23482922468949946,0.02437598823066828,0.2,0.27,3,0.28167905532555515,0.0459496204905294,0.22,0.35,3,0.0,0.0,0.0,0.0,1,0.09756915694392174,0.022970975218539684,0.08,0.14,3,0.20344208694015806,0.03376022098489016,0.18,0.27,3,4507.110603483016,126.21536490053904,4247.210938,4891.720215,41553,4345.6268068,4499.803222500001,4683.0482422000005,0.8012662307113287,0.3366287335558095,0.2,1.0,4,0.23,1.0,1.0,0.19873376928867142,0.3366287335558096,0.0,0.8,4,0.0,0.0,0.77,8905705752.580431,162203178.14209798,8743502574.438332,0.16726220075184486,126.70237797451568,62.49856365990041,4678.266061615387,0.9817866003382044,0.018213399661795422,12.989090080575593
11,42512,307983.4635578272,1274171.267171055,0.787367,8353126.5,42466,7056.0405764,23029.4902345,39805.7386723,0.1468563784578472,0.05223878915191375,0.048736,0.249096,37735,0.0732786,0.15131850000000002,0.2144847,73.07455428998871,86.54001994430571,0.369512,433.069946,42103,0.8241843,39.885042,202.63274400000003,35.54299092731464,43.67684002696407,0.050358,216.534973,41949,0.1131636,17.464427999999998,101.31637200000002,1.6202760071273994,2.361305864100596,0.0,24.66328,37263,5.090000000000328e-05,0.43029649999999997,5.0260393,1.5856722201496116,2.1247330677719085,0.0,13.194032,39237,0.012121400000000001,0.6139755,4.7244172,48.44772086970738,67.5930401195926,0.0,1008.112976,35894,0.0,4.461413,144.38960870000003,1.8169222807677832,0.38673477488776925,1.0,2.0,2,1.8169222807677832,0.38673477488776925,1.0,2.0,2,0.23482922468949946,0.02437598823066828,0.2,0.27,3,0.28167905532555515,0.0459496204905294,0.22,0.35,3,0.0,0.0,0.0,0.0,1,0.09756915694392174,0.022970975218539684,0.08,0.14,3,0.20344208694015806,0.03376022098489016,0.18,0.27,3,4507.110603483016,126.21536490053904,4247.210938,4891.720215,41553,4345.6268068,4499.803222500001,4683.0482422000005,0.8012662307113287,0.3366287335558095,0.2,1.0,4,0.23,1.0,1.0,0.19873376928867142,0.3366287335558096,0.0,0.8,4,0.0,0.0,0.77,13092993002.770351,175209237.06134847,12917783765.709003,0.18116327864511203,127.62662490339926,62.96602683278972,4682.968657060571,0.9866180912932379,0.01338190870676215,19.124351229567992
12,42512,216551.35715663526,857249.6413870275,0.868933,5632619.0,42454,7787.0030271000005,25413.3427735,43923.8015623,0.16206978965939028,0.057650394903336705,0.053785,0.274901,38204,0.0808706,0.1669945,0.2367037,72.71288247384268,86.8393527275754,0.027068,433.069946,41804,0.0608273,39.885042,202.63274400000003,35.54299092731464,43.67684002696407,0.050358,216.534973,41949,0.1131636,17.464427999999998,101.31637200000002,1.611195534978359,2.3673729867195004,0.0,24.66328,32364,4e-06,0.4302765,5.0260393,1.5775361556972152,2.1306663815205855,0.0,13.194032,34043,0.0008881000000000004,0.6139755,4.7244172,48.44772086970738,67.5930401195926,0.0,1008.112976,35894,0.0,4.461413,144.38960870000003,1.8169222807677832,0.38673477488776925,1.0,2.0,2,1.8169222807677832,0.38673477488776925,1.0,2.0,2,0.23482922468949946,0.02437598823066828,0.2,0.27,3,0.28167905532555515,0.0459496204905294,0.22,0.35,3,0.0,0.0,0.0,0.0,1,0.09756915694392174,0.022970975218539684,0.08,0.14,3,0.20344208694015806,0.03376022098489016,0.18,0.27,3,4507.110603483016,126.21536490053904,4247.210938,4891.720215,41553,4345.6268068,4499.803222500001,4683.0482422000005,0.8012662307113287,0.3366287335558095,0.2,1.0,4,0.23,1.0,1.0,0.19873376928867142,0.3366287335558096,0.0,0.8,4,0.0,0.0,0.77,9206031295.442879,193359824.47236955,9012671470.970509,0.19907873243374766,126.17190780723358,62.22860208199468,4675.550296139178,0.9789963972240583,0.021003602775941627,9.386574350763192
13,42512,79748.93588144553,286376.3903374114,0.559469,1891522.5,42466,5013.716650200001,16361.0146485,28276.5507813,0.10434977102935641,0.03711861953389782,0.03463,0.176997,36112,0.0520694,0.10752,0.1524037,72.81929154930373,86.75069039568069,0.12782,433.069946,42062,0.2872356,39.885042,202.63274400000003,35.54299092731464,43.67684002696407,0.050358,216.534973,41949,0.1131636,17.464427999999998,101.31637200000002,1.6138705129610462,2.365566165771633,0.0,24.66328,36085,1.730000000000109e-05,0.4302765,5.0260393,1.5799305461046316,2.128904645155664,0.0,13.194032,37893,0.004195300000000001,0.6139755,4.7244172,48.44772086970738,67.5930401195926,0.0,1008.112976,35894,0.0,4.461413,144.38960870000003,1.8169222807677832,0.38673477488776925,1.0,2.0,2,1.8169222807677832,0.38673477488776925,1.0,2.0,2,0.23482922468949946,0.02437598823066828,0.2,0.27,3,0.28167905532555515,0.0459496204905294,0.22,0.35,3,0.0,0.0,0.0,0.0,1,0.09756915694392174,0.022970975218539684,0.08,0.14,3,0.20344208694015806,0.03376022098489016,0.18,0.27,3,4507.110603483016,126.21536490053904,4247.210938,4891.720215,41553,4345.6268068,4499.803222500001,4683.0482422000005,0.8012662307113287,0.3366287335558095,0.2,1.0,4,0.23,1.0,1.0,0.19873376928867142,0.3366287335558096,0.0,0.8,4,0.0,0.0,0.77,3390286762.192013,124496085.15106086,3265790677.0409517,0.12704704767903682,123.2221626245358,60.70785160659406,4660.251819112013,0.9632785973919895,0.036721402608010385,14.323838907120416
14,42512,140743.0012086092,546979.5595061124,0.647762,3597434.0,42464,5804.961279300001,18943.7822265,32743.785742500004,0.12081783658731654,0.042976522031465625,0.040095,0.20493,36839,0.0602865,0.124489,0.1764557,73.15998008449378,86.47015682359168,0.450397,433.069946,42114,0.9864252000000001,39.885042,202.63274400000003,35.54299092731464,43.67684002696407,0.050358,216.534973,41949,0.1131636,17.464427999999998,101.31637200000002,1.6224161064405347,2.3599032657160275,0.0,24.66328,37400,6.2100000000004e-05,0.43029649999999997,5.0260393,1.5875930412824695,2.1233542443315354,0.0,13.194032,39340,0.014774500000000003,0.6139755,4.7244172,48.44772086970738,67.5930401195926,0.0,1008.112976,35894,0.0,4.461413,144.38960870000003,1.8169222807677832,0.38673477488776925,1.0,2.0,2,1.8169222807677832,0.38673477488776925,1.0,2.0,2,0.23482922468949946,0.02437598823066828,0.2,0.27,3,0.28167905532555515,0.0459496204905294,0.22,0.35,3,0.0,0.0,0.0,0.0,1,0.09756915694392174,0.022970975218539684,0.08,0.14,3,0.20344208694015806,0.03376022098489016,0.18,0.27,3,4507.110603483016,126.21536490053904,4247.210938,4891.720215,41553,4345.6268068,4499.803222500001,4683.0482422000005,0.8012662307113287,0.3366287335558095,0.2,1.0,4,0.23,1.0,1.0,0.19873376928867142,0.3366287335558096,0.0,0.8,4,0.0,0.0,0.77,5983266467.380394,144143553.93683833,5839122913.443556,0.14814953429105562,125.62866257272994,61.92987495706873,4672.545154322017,0.9759088861038229,0.02409111389617711,20.18334979091136
15,42512,178332.76625424804,731135.3683331603,0.510165,4795328.5,42460,4571.8747559,14921.674804999999,25791.638280900006,0.09515378224971772,0.033847479828450926,0.031578,0.161399,35511,0.047480400000000006,0.098045,0.1389728,72.99427872106699,86.6059638615173,0.293504,433.069946,42097,0.6595577,39.885042,202.63274400000003,35.54299092731464,43.67684002696407,0.050358,216.534973,41949,0.1131636,17.464427999999998,101.31637200000002,1.6182633208505834,2.3626344449903613,0.0,24.66328,37130,3.980000000000291e-05,0.43029649999999997,5.0260393,1.5838668979111832,2.126036638453282,0.0,13.194032,39017,0.009631200000000001,0.6139755,4.7244172,48.44772086970738,67.5930401195926,0.0,1008.112976,35894,0.0,4.461413,144.38960870000003,1.8169222807677832,0.38673477488776925,1.0,2.0,2,1.8169222807677832,0.38673477488776925,1.0,2.0,2,0.23482922468949946,0.02437598823066828,0.2,0.27,3,0.28167905532555515,0.0459496204905294,0.22,0.35,3,0.0,0.0,0.0,0.0,1,0.09756915694392174,0.022970975218539684,0.08,0.14,3,0.20344208694015806,0.03376022098489016,0.18,0.27,3,4507.110603483016,126.21536490053904,4247.210938,4891.720215,41553,4345.6268068,4499.803222500001,4683.0482422000005,0.8012662307113287,0.3366287335558095,0.2,1.0,4,0.23,1.0,1.0,0.19873376928867142,0.3366287335558096,0.0,0.8,4,0.0,0.0,0.77,7581282559.000592,113524667.91418055,7467757891.086412,0.11727801173854814,127.32407869006263,62.81195411593089,4681.418713537771,0.9850256645850244,0.01497433541497575,17.962022488048753
16,42512,268323.3708485982,1110105.7795841757,0.685861,7277553.0,42463,6146.3913571,20060.579102,34674.0710942,0.1279239725018818,0.045504276356894434,0.042453,0.216983,37161,0.0638325,0.131811,0.1868337,72.73726737674068,86.8189910801763,0.050157,433.069946,41954,0.11271160000000001,39.885042,202.63274400000003,35.54299092731464,43.67684002696407,0.050358,216.534973,41949,0.1131636,17.464427999999998,101.31637200000002,1.611808787942228,2.3669573185874135,0.0,24.66328,34037,7.100000000000364e-06,0.4302765,5.0260393,1.5780849070380134,2.130261475605993,0.0,13.194032,35802,0.0016461000000000002,0.6139755,4.7244172,48.44772086970738,67.5930401195926,0.0,1008.112976,35894,0.0,4.461413,144.38960870000003,1.8169222807677832,0.38673477488776925,1.0,2.0,2,1.8169222807677832,0.38673477488776925,1.0,2.0,2,0.23482922468949946,0.02437598823066828,0.2,0.27,3,0.28167905532555515,0.0459496204905294,0.22,0.35,3,0.0,0.0,0.0,0.0,1,0.09756915694392174,0.022970975218539684,0.08,0.14,3,0.20344208694015806,0.03376022098489016,0.18,0.27,3,4507.110603483016,126.21536490053904,4247.210938,4891.720215,41553,4345.6268068,4499.803222500001,4683.0482422000005,0.8012662307113287,0.3366287335558095,0.2,1.0,4,0.23,1.0,1.0,0.19873376928867142,0.3366287335558096,0.0,0.8,4,0.0,0.0,0.77,11406963141.515606,152621643.0948185,11254341498.420788,0.15780829780445654,127.61071635857918,62.96624140013303,4682.970815495633,0.986620308911199,0.013379691088801061,11.103035036255148
17,42512,112980.06694456916,399293.8026060108,0.845044,2639680.5,42456,7572.9182127,24712.3330075,42710.035937500004,0.15761407680184417,0.056065448303604416,0.052306,0.267343,38080,0.0786467,0.1624025,0.23019660000000003,72.80428498209918,86.76316425705258,0.113611,433.069946,42049,0.25530539999999996,39.885042,202.63274400000003,35.54299092731464,43.67684002696407,0.050358,216.534973,41949,0.1131636,17.464427999999998,101.31637200000002,1.6134934405579604,2.3658198706702414,0.0,24.66328,35863,1.530000000000109e-05,0.4302765,5.0260393,1.5795929042388055,2.1291522870571855,0.0,13.194032,37649,0.0037292000000000007,0.6139755,4.7244172,48.44772086970738,67.5930401195926,0.0,1008.112976,35894,0.0,4.461413,144.38960870000003,1.8169222807677832,0.38673477488776925,1.0,2.0,2,1.8169222807677832,0.38673477488776925,1.0,2.0,2,0.23482922468949946,0.02437598823066828,0.2,0.27,3,0.28167905532555515,0.0459496204905294,0.22,0.35,3,0.0,0.0,0.0,0.0,1,0.09756915694392174,0.022970975218539684,0.08,0.14,3,0.20344208694015806,0.03376022098489016,0.18,0.27,3,4507.110603483016,126.21536490053904,4247.210938,4891.720215,41553,4345.6268068,4499.803222500001,4683.0482422000005,0.8012662307113287,0.3366287335558095,0.2,1.0,4,0.23,1.0,1.0,0.19873376928867142,0.3366287335558096,0.0,0.8,4,0.0,0.0,0.77,4803008605.947524,188043876.66366553,4614964729.283858,0.19163280062732402,122.76277688648385,60.47275383667496,4657.88677821702,0.9608487320987074,0.03915126790129263,13.871551112195021
18,42512,104534.20941258296,394389.8624875167,0.57802,2597954.75,42462,5179.966797200001,16904.189453,29215.549218500004,0.10780991623541587,0.0383494369629176,0.035778,0.182866,36318,0.05379540000000001,0.111086,0.1574568,73.11282165287447,86.50868427750981,0.405745,433.069946,42110,0.8989809,39.885042,202.63274400000003,35.54299092731464,43.67684002696407,0.050358,216.534973,41949,0.1131636,17.464427999999998,101.31637200000002,1.621234905932443,2.3606761272608043,0.0,24.66328,37363,5.600000000000364e-05,0.43029649999999997,5.0260393,1.5865327137043732,2.1241143405371714,0.0,13.194032,39298,0.0133094,0.6139755,4.7244172,48.44772086970738,67.5930401195926,0.0,1008.112976,35894,0.0,4.461413,144.38960870000003,1.8169222807677832,0.38673477488776925,1.0,2.0,2,1.8169222807677832,0.38673477488776925,1.0,2.0,2,0.23482922468949946,0.02437598823066828,0.2,0.27,3,0.28167905532555515,0.0459496204905294,0.22,0.35,3,0.0,0.0,0.0,0.0,1,0.09756915694392174,0.022970975218539684,0.08,0.14,3,0.20344208694015806,0.03376022098489016,0.18,0.27,3,4507.110603483016,126.21536490053904,4247.210938,4891.720215,41553,4345.6268068,4499.803222500001,4683.0482422000005,0.8012662307113287,0.3366287335558095,0.2,1.0,4,0.23,1.0,1.0,0.19873376928867142,0.3366287335558096,0.0,0.8,4,0.0,0.0,0.77,4443958310.547727,128624259.96224707,4315334050.58548,0.13183813669254205,124.71654306679301,61.460378056713175,4667.8221002334,0.9710563756511943,0.0289436243488058,19.617686965006786
19,42512,134715.63675863066,511388.5939024249,0.719352,3367551.25,42465,6446.52373,21037.4423825,36359.0613279,0.13417058592867895,0.04772627386984821,0.044526,0.227579,37403,0.0669495,0.138247,0.19595669999999998,73.15039049880035,86.47798337089222,0.441317,433.069946,42110,0.9681283,39.885042,202.63274400000003,35.54299092731464,43.67684002696407,0.050358,216.534973,41949,0.1131636,17.464427999999998,101.31637200000002,1.622175954295258,2.360060141450728,0.0,24.66328,37413,6.0100000000004e-05,0.43029649999999997,5.0260393,1.5873774326307946,2.123508596024201,0.0,13.194032,39335,0.014476500000000002,0.6139755,4.7244172,48.44772086970738,67.5930401195926,0.0,1008.112976,35894,0.0,4.461413,144.38960870000003,1.8169222807677832,0.38673477488776925,1.0,2.0,2,1.8169222807677832,0.38673477488776925,1.0,2.0,2,0.23482922468949946,0.02437598823066828,0.2,0.27,3,0.28167905532555515,0.0459496204905294,0.22,0.35,3,0.0,0.0,0.0,0.0,1,0.09756915694392174,0.022970975218539684,0.08,0.14,3,0.20344208694015806,0.03376022098489016,0.18,0.27,3,4507.110603483016,126.21536490053904,4247.210938,4891.720215,41553,4345.6268068,4499.803222500001,4683.0482422000005,0.8012662307113287,0.3366287335558095,0.2,1.0,4,0.23,1.0,1.0,0.19873376928867142,0.3366287335558096,0.0,0.8,4,0.0,0.0,0.77,5727031149.882907,160074255.26426813,5566956894.618639,0.16416583958927125,124.90614803531109,61.556451477052946,4668.788581661011,0.972049347895106,0.027950652104893992,20.071742151999263
20,42512,210287.1887750204,838842.9246461265,0.791649,5509490.5,42456,7094.4216795,23153.0634765,40017.1925781,0.1476551926279639,0.05252293545619482,0.049001,0.250451,37771,0.07367760000000001,0.15214149999999999,0.21565160000000003,72.9543953626976,86.63883208870108,0.255741,433.069946,42104,0.5746973000000001,39.885042,202.63274400000003,35.54299092731464,43.67684002696407,0.050358,216.534973,41949,0.1131636,17.464427999999998,101.31637200000002,1.6172627710999246,2.3632983381821173,0.0,24.66328,36999,3.4700000000002544e-05,0.4302765,5.0260393,1.5829698439499482,2.1266871313442226,0.0,13.194032,38906,0.0083931,0.6139755,4.7244172,48.44772086970738,67.5930401195926,0.0,1008.112976,35894,0.0,4.461413,144.38960870000003,1.8169222807677832,0.38673477488776925,1.0,2.0,2,1.8169222807677832,0.38673477488776925,1.0,2.0,2,0.23482922468949946,0.02437598823066828,0.2,0.27,3,0.28167905532555515,0.0459496204905294,0.22,0.35,3,0.0,0.0,0.0,0.0,1,0.09756915694392174,0.022970975218539684,0.08,0.14,3,0.20344208694015806,0.03376022098489016,0.18,0.27,3,4507.110603483016,126.21536490053904,4247.210938,4891.720215,41553,4345.6268068,4499.803222500001,4683.0482422000005,0.8012662307113287,0.3366287335558095,0.2,1.0,4,0.23,1.0,1.0,0.19873376928867142,0.3366287335558096,0.0,0.8,4,0.0,0.0,0.77,8939728969.203667,176162275.85084814,8763566693.35282,0.18150472976544957,126.4338944902379,62.35419313266213,4676.81371928403,0.9802944500378361,0.019705549962164046,17.300928934881288
21,42512,148649.29046203435,580124.9134636233,0.664408,3814590.25,42465,5954.1419926,19430.6152345,33585.267968800006,0.12392271502164097,0.044080972952701344,0.041125,0.210196,37022,0.0618355,0.127688,0.1809898,73.02820848807396,86.57805703193692,0.32563,433.069946,42105,0.7317502,39.885042,202.63274400000003,35.54299092731464,43.67684002696407,0.050358,216.534973,41949,0.1131636,17.464427999999998,101.31637200000002,1.619114206459353,2.3620716494573832,0.0,24.66328,37190,4.480000000000291e-05,0.43029649999999997,5.0260393,1.5846299818169045,2.1254847331731526,0.0,13.194032,39106,0.010685,0.6139755,4.7244172,48.44772086970738,67.5930401195926,0.0,1008.112976,35894,0.0,4.461413,144.38960870000003,1.8169222807677832,0.38673477488776925,1.0,2.0,2,1.8169222807677832,0.38673477488776925,1.0,2.0,2,0.23482922468949946,0.02437598823066828,0.2,0.27,3,0.28167905532555515,0.0459496204905294,0.22,0.35,3,0.0,0.0,0.0,0.0,1,0.09756915694392174,0.022970975218539684,0.08,0.14,3,0.20344208694015806,0.03376022098489016,0.18,0.27,3,4507.110603483016,126.21536490053904,4247.210938,4891.720215,41553,4345.6268068,4499.803222500001,4683.0482422000005,0.8012662307113287,0.3366287335558095,0.2,1.0,4,0.23,1.0,1.0,0.19873376928867142,0.3366287335558096,0.0,0.8,4,0.0,0.0,0.77,6319378636.122004,147847879.49317053,6171530756.628834,0.15201622702265527,125.74747207294334,61.99713416908041,4673.221770568374,0.9766040479600223,0.02339595203997777,18.477264537715147
22,42512,171622.54667866117,687596.3408535961,0.621713,4515092.0,42465,5571.5247067,18184.332031500002,31431.035156700007,0.11595936337975161,0.041248299229011604,0.038483,0.196689,36678,0.0578615,0.119483,0.1693597,72.82667147664189,86.74455961136022,0.134808,433.069946,42069,0.3029377,39.885042,202.63274400000003,35.54299092731464,43.67684002696407,0.050358,216.534973,41949,0.1131636,17.464427999999998,101.31637200000002,1.6140559286319158,2.365441531923403,0.0,24.66328,36154,1.8300000000001092e-05,0.4302765,5.0260393,1.5800965881398217,2.1287829572078665,0.0,13.194032,37995,0.004425300000000001,0.6139755,4.7244172,48.44772086970738,67.5930401195926,0.0,1008.112976,35894,0.0,4.461413,144.38960870000003,1.8169222807677832,0.38673477488776925,1.0,2.0,2,1.8169222807677832,0.38673477488776925,1.0,2.0,2,0.23482922468949946,0.02437598823066828,0.2,0.27,3,0.28167905532555515,0.0459496204905294,0.22,0.35,3,0.0,0.0,0.0,0.0,1,0.09756915694392174,0.022970975218539684,0.08,0.14,3,0.20344208694015806,0.03376022098489016,0.18,0.27,3,4507.110603483016,126.21536490053904,4247.210938,4891.720215,41553,4345.6268068,4499.803222500001,4683.0482422000005,0.8012662307113287,0.3366287335558095,0.2,1.0,4,0.23,1.0,1.0,0.19873376928867142,0.3366287335558096,0.0,0.8,4,0.0,0.0,0.77,7296017704.403244,138347077.85767576,7157670626.545568,0.1426021826490004,126.56469446753343,62.426134196423035,4677.537433944986,0.9810380013504927,0.018961998649507313,14.532931563270425
23,42512,179151.0813564161,739183.7022965859,0.47423,4846549.5,42467,4249.8408694,13870.6206055,23974.925585700006,0.08845134173880316,0.0314633244246376,0.029354,0.15003,35112,0.044135400000000005,0.091139,0.1291838,72.91207721817369,86.67378314022896,0.215673,433.069946,42084,0.4846567,39.885042,202.63274400000003,35.54299092731464,43.67684002696407,0.050358,216.534973,41949,0.1131636,17.464427999999998,101.31637200000002,1.6162007108581107,2.3640055381287213,0.0,24.66328,36808,2.9500000000001818e-05,0.4302765,5.0260393,1.582017947614795,2.127379392421728,0.0,13.194032,38653,0.0070781,0.6139755,4.7244172,48.44772086970738,67.5930401195926,0.0,1008.112976,35894,0.0,4.461413,144.38960870000003,1.8169222807677832,0.38673477488776925,1.0,2.0,2,1.8169222807677832,0.38673477488776925,1.0,2.0,2,0.23482922468949946,0.02437598823066828,0.2,0.27,3,0.28167905532555515,0.0459496204905294,0.22,0.35,3,0.0,0.0,0.0,0.0,1,0.09756915694392174,0.022970975218539684,0.08,0.14,3,0.20344208694015806,0.03376022098489016,0.18,0.27,3,4507.110603483016,126.21536490053904,4247.210938,4891.720215,41553,4345.6268068,4499.803222500001,4683.0482422000005,0.8012662307113287,0.3366287335558095,0.2,1.0,4,0.23,1.0,1.0,0.19873376928867142,0.3366287335558096,0.0,0.8,4,0.0,0.0,0.77,7616070770.623961,105528212.83768149,7510542557.786281,0.1090854045588,127.52970469675104,62.92015770952753,4682.507221872179,0.9861440083717821,0.013855991628218009,16.516559382102372
24,42512,226443.27077694013,915698.8044031241,0.751237,6010051.5,42472,6732.2586429,21972.7314455,37979.164452900004,0.1401175524557772,0.049841690975773296,0.0465,0.237666,37547,0.0699165,0.14437450000000002,0.20464269999999998,72.98987790931972,86.60958718181462,0.289338,433.069946,42100,0.6501937000000001,39.885042,202.63274400000003,35.54299092731464,43.67684002696407,0.050358,216.534973,41949,0.1131636,17.464427999999998,101.31637200000002,1.6181529361592022,2.362707576645423,0.0,24.66328,37116,3.9700000000002544e-05,0.43029649999999997,5.0260393,1.5837679164236032,2.126108324463851,0.0,13.194032,39049,0.009494200000000001,0.6139755,4.7244172,48.44772086970738,67.5930401195926,0.0,1008.112976,35894,0.0,4.461413,144.38960870000003,1.8169222807677832,0.38673477488776925,1.0,2.0,2,1.8169222807677832,0.38673477488776925,1.0,2.0,2,0.23482922468949946,0.02437598823066828,0.2,0.27,3,0.28167905532555515,0.0459496204905294,0.22,0.35,3,0.0,0.0,0.0,0.0,1,0.09756915694392174,0.022970975218539684,0.08,0.14,3,0.20344208694015806,0.03376022098489016,0.18,0.27,3,4507.110603483016,126.21536490053904,4247.210938,4891.720215,41553,4345.6268068,4499.803222500001,4683.0482422000005,0.8012662307113287,0.3366287335558095,0.2,1.0,4,0.23,1.0,1.0,0.19873376928867142,0.3366287335558096,0.0,0.8,4,0.0,0.0,0.77,9626556327.26928,167169374.27060077,9459386952.99868,0.17246525291571554,126.87534978491409,62.580606785535615,4679.091400430425,0.9826345612504176,0.017365438749582525,17.892229387530882
25,42512,175744.6095016022,718073.3225354538,0.522751,4710474.5,42457,4684.668017200001,15289.8081055,26427.948047100002,0.09750133223560407,0.034682532114823736,0.032357,0.165381,35756,0.048651400000000004,0.100464,0.1424017,73.17682314635867,86.4564201693728,0.466344,433.069946,42111,1.0178865,39.885042,202.63274400000003,35.54299092731464,43.67684002696407,0.050358,216.534973,41949,0.1131636,17.464427999999998,101.31637200000002,1.6228378533355292,2.3596280822199374,0.0,24.66328,37427,6.4100000000004e-05,0.43029649999999997,5.0260393,1.587971721913821,2.1230834078836076,0.0,13.194032,39402,0.015296100000000002,0.6139755,4.7244172,48.44772086970738,67.5930401195926,0.0,1008.112976,35894,0.0,4.461413,144.38960870000003,1.8169222807677832,0.38673477488776925,1.0,2.0,2,1.8169222807677832,0.38673477488776925,1.0,2.0,2,0.23482922468949946,0.02437598823066828,0.2,0.27,3,0.28167905532555515,0.0459496204905294,0.22,0.35,3,0.0,0.0,0.0,0.0,1,0.09756915694392174,0.022970975218539684,0.08,0.14,3,0.20344208694015806,0.03376022098489016,0.18,0.27,3,4507.110603483016,126.21536490053904,4247.210938,4891.720215,41553,4345.6268068,4499.803222500001,4683.0482422000005,0.8012662307113287,0.3366287335558095,0.2,1.0,4,0.23,1.0,1.0,0.19873376928867142,0.3366287335558096,0.0,0.8,4,0.0,0.0,0.77,7471254839.1321125,116325445.56873709,7354929393.5633745,0.12013135341258797,127.22269241584529,62.75434739082673,4680.839199651647,0.9844302666588935,0.015569733341106307,20.375475119161802
26,42512,102528.06798685683,360372.26708384353,0.783076,2383105.75,42464,7017.5930174,22900.166992,39578.092578100004,0.146056176350207,0.05195414188104111,0.048471,0.247739,37793,0.0728796,0.150494,0.2133157,72.78763466423598,86.777015959231,0.097846,433.069946,42048,0.2198783,39.885042,202.63274400000003,35.54299092731464,43.67684002696407,0.050358,216.534973,41949,0.1131636,17.464427999999998,101.31637200000002,1.6130749984239743,2.3661017902760264,0.0,24.66328,35603,1.330000000000109e-05,0.4302765,5.0260393,1.5792182672421922,2.1294273654164195,0.0,13.194032,37364,0.0032122000000000006,0.6139755,4.7244172,48.44772086970738,67.5930401195926,0.0,1008.112976,35894,0.0,4.461413,144.38960870000003,1.8169222807677832,0.38673477488776925,1.0,2.0,2,1.8169222807677832,0.38673477488776925,1.0,2.0,2,0.23482922468949946,0.02437598823066828,0.2,0.27,3,0.28167905532555515,0.0459496204905294,0.22,0.35,3,0.0,0.0,0.0,0.0,1,0.09756915694392174,0.022970975218539684,0.08,0.14,3,0.20344208694015806,0.03376022098489016,0.18,0.27,3,4507.110603483016,126.21536490053904,4247.210938,4891.720215,41553,4345.6268068,4499.803222500001,4683.0482422000005,0.8012662307113287,0.3366287335558095,0.2,1.0,4,0.23,1.0,1.0,0.19873376928867142,0.3366287335558096,0.0,0.8,4,0.0,0.0,0.77,4358673226.257257,174254539.86717868,4184418686.390078,0.17749693481696785,122.60459570075727,60.39268699968384,4657.081319962071,0.9600211966298722,0.03997880337012762,13.318655993083304
27,42512,232960.57582438333,951791.3269394747,0.69343,6243656.5,42460,6214.2229003,20281.9677735,35056.73398420001,0.12933574691851712,0.0460064612751742,0.042922,0.219378,37256,0.0645365,0.13326549999999998,0.1888957,72.96131578081483,86.63312390549682,0.262294,433.069946,42096,0.5894223000000001,39.885042,202.63274400000003,35.54299092731464,43.67684002696407,0.050358,216.534973,41949,0.1131636,17.464427999999998,101.31637200000002,1.6174364105664285,2.3631829601447927,0.0,24.66328,37007,3.570000000000254e-05,0.4302765,5.0260393,1.583125501528985,2.1265741261179514,0.0,13.194032,38927,0.0086081,0.6139755,4.7244172,48.44772086970738,67.5930401195926,0.0,1008.112976,35894,0.0,4.461413,144.38960870000003,1.8169222807677832,0.38673477488776925,1.0,2.0,2,1.8169222807677832,0.38673477488776925,1.0,2.0,2,0.23482922468949946,0.02437598823066828,0.2,0.27,3,0.28167905532555515,0.0459496204905294,0.22,0.35,3,0.0,0.0,0.0,0.0,1,0.09756915694392174,0.022970975218539684,0.08,0.14,3,0.20344208694015806,0.03376022098489016,0.18,0.27,3,4507.110603483016,126.21536490053904,4247.210938,4891.720215,41553,4345.6268068,4499.803222500001,4683.0482422000005,0.8012662307113287,0.3366287335558095,0.2,1.0,4,0.23,1.0,1.0,0.19873376928867142,0.3366287335558096,0.0,0.8,4,0.0,0.0,0.77,9903619999.446184,154305980.59797055,9749314018.848213,0.1593535389029782,127.20848484517516,62.75328002928096,4680.828461936887,0.9844192345216598,0.015580765478340185,17.42051408579673
28,42512,143562.38734661363,572764.4959111805,0.539729,3761866.5,42463,4836.821875500001,15785.252929499999,27282.845898200005,0.1006680860462928,0.0358089923776299,0.033408,0.170752,35941,0.0502314,0.103727,0.14702669999999998,72.84524001820662,86.72914455330775,0.152389,433.069946,42075,0.3424459,39.885042,202.63274400000003,35.54299092731464,43.67684002696407,0.050358,216.534973,41949,0.1131636,17.464427999999998,101.31637200000002,1.614522391066052,2.365128329247486,0.0,24.66328,36399,2.0400000000001458e-05,0.4302765,5.0260393,1.5805143512655278,2.128477065966117,0.0,13.194032,38180,0.005002300000000001,0.6139755,4.7244172,48.44772086970738,67.5930401195926,0.0,1008.112976,35894,0.0,4.461413,144.38960870000003,1.8169222807677832,0.38673477488776925,1.0,2.0,2,1.8169222807677832,0.38673477488776925,1.0,2.0,2,0.23482922468949946,0.02437598823066828,0.2,0.27,3,0.28167905532555515,0.0459496204905294,0.22,0.35,3,0.0,0.0,0.0,0.0,1,0.09756915694392174,0.022970975218539684,0.08,0.14,3,0.20344208694015806,0.03376022098489016,0.18,0.27,3,4507.110603483016,126.21536490053904,4247.210938,4891.720215,41553,4345.6268068,4499.803222500001,4683.0482422000005,0.8012662307113287,0.3366287335558095,0.2,1.0,4,0.23,1.0,1.0,0.19873376928867142,0.3366287335558096,0.0,0.8,4,0.0,0.0,0.77,6103124210.879238,120103592.22391133,5983020618.655328,0.12374780995505111,126.43110104753988,62.356758505658846,4676.839527276255,0.9803209654475298,0.019679034552470425,15.026192773630903
29,42512,184319.68224254483,749397.936971338,0.578536,4917200.0,42461,5184.5874511,16921.445313,29248.180664100004,0.10790608929243509,0.038383646429948196,0.03581,0.183029,36319,0.05384340000000001,0.111185,0.1575977,72.88940083322356,86.69254412544592,0.194202,433.069946,42086,0.4364075,39.885042,202.63274400000003,35.54299092731464,43.67684002696407,0.050358,216.534973,41949,0.1131636,17.464427999999998,101.31637200000002,1.6156314166823484,2.3643856747870244,0.0,24.66328,36676,2.6500000000001816e-05,0.4302765,5.0260393,1.5815078327295857,2.1277512174354256,0.0,13.194032,38576,0.006374400000000001,0.6139755,4.7244172,48.44772086970738,67.5930401195926,0.0,1008.112976,35894,0.0,4.461413,144.38960870000003,1.8169222807677832,0.38673477488776925,1.0,2.0,2,1.8169222807677832,0.38673477488776925,1.0,2.0,2,0.23482922468949946,0.02437598823066828,0.2,0.27,3,0.28167905532555515,0.0459496204905294,0.22,0.35,3,0.0,0.0,0.0,0.0,1,0.09756915694392174,0.022970975218539684,0.08,0.14,3,0.20344208694015806,0.03376022098489016,0.18,0.27,3,4507.110603483016,126.21536490053904,4247.210938,4891.720215,41553,4345.6268068,4499.803222500001,4683.0482422000005,0.8012662307113287,0.3366287335558095,0.2,1.0,4,0.23,1.0,1.0,0.19873376928867142,0.3366287335558096,0.0,0.8,4,0.0,0.0,0.77,7835798331.495066,128739000.63050833,7707059330.864557,0.13288705823989366,127.04491118486945,62.67115279299756,4680.002276688922,0.9835704040374473,0.016429595962552678,16.05164954873069
30,42512,238614.40198788707,989511.2376519124,0.591026,6486200.0,42463,5296.5232913,17286.78125,29883.262890900005,0.11023579558712834,0.03921235246329728,0.036583,0.186981,36417,0.055006400000000004,0.113585,0.1609998,73.18504961860182,86.44971547745527,0.474133,433.069946,42114,1.0338532999999999,39.885042,202.63274400000003,35.54299092731464,43.67684002696407,0.050358,216.534973,41949,0.1131636,17.464427999999998,101.31637200000002,1.6230438172751227,2.359493840355874,0.0,24.66328,37464,6.5100000000004e-05,0.43029649999999997,5.0260393,1.588156672492481,2.1229512480022126,0.0,13.194032,39415,0.015551100000000002,0.6139755,4.7244172,48.44772086970738,67.5930401195926,0.0,1008.112976,35894,0.0,4.461413,144.38960870000003,1.8169222807677832,0.38673477488776925,1.0,2.0,2,1.8169222807677832,0.38673477488776925,1.0,2.0,2,0.23482922468949946,0.02437598823066828,0.2,0.27,3,0.28167905532555515,0.0459496204905294,0.22,0.35,3,0.0,0.0,0.0,0.0,1,0.09756915694392174,0.022970975218539684,0.08,0.14,3,0.20344208694015806,0.03376022098489016,0.18,0.27,3,4507.110603483016,126.21536490053904,4247.210938,4891.720215,41553,4345.6268068,4499.803222500001,4683.0482422000005,0.8012662307113287,0.3366287335558095,0.2,1.0,4,0.23,1.0,1.0,0.19873376928867142,0.3366287335558096,0.0,0.8,4,0.0,0.0,0.77,10143975457.309055,131518489.01037459,10012456968.29868,0.13601950965458412,127.70984320645847,63.00634655322521,4683.374266122441,0.9870348179011402,0.01296518209885961,20.46757880768272
31,42512,149002.06773791363,561086.5759976585,0.832667,3696411.0,42456,7462.0067386,24351.348633,42086.4941409,0.15530569627399324,0.05524432294351125,0.05154,0.263428,37977,0.0774956,0.16002450000000001,0.2268247,73.0974897285002,86.52123125511304,0.391228,433.069946,42108,0.8704035,39.885042,202.63274400000003,35.54299092731464,43.67684002696407,0.050358,216.534973,41949,0.1131636,17.464427999999998,101.31637200000002,1.6208507643018446,2.360928153738434,0.0,24.66328,37353,5.3900000000003275e-05,0.43029649999999997,5.0260393,1.5861879628340303,2.1243620269556964,0.0,13.194032,39266,0.012833400000000002,0.6139755,4.7244172,48.44772086970738,67.5930401195926,0.0,1008.112976,35894,0.0,4.461413,144.38960870000003,1.8169222807677832,0.38673477488776925,1.0,2.0,2,1.8169222807677832,0.38673477488776925,1.0,2.0,2,0.23482922468949946,0.02437598823066828,0.2,0.27,3,0.28167905532555515,0.0459496204905294,0.22,0.35,3,0.0,0.0,0.0,0.0,1,0.09756915694392174,0.022970975218539684,0.08,0.14,3,0.20344208694015806,0.03376022098489016,0.18,0.27,3,4507.110603483016,126.21536490053904,4247.210938,4891.720215,41553,4345.6268068,4499.803222500001,4683.0482422000005,0.8012662307113287,0.3366287335558095,0.2,1.0,4,0.23,1.0,1.0,0.19873376928867142,0.3366287335558096,0.0,0.8,4,0.0,0.0,0.77,6334375903.674185,185289824.76491314,6149086078.909271,0.1898865982120572,124.65731573094959,61.43059269180003,4667.522464553531,0.9707485271504903,0.02925147284950958,19.42403995457359
32,42512,153010.6933956728,593575.8922243817,0.713043,3904267.5,42460,6389.9823732,20852.926758,36043.6906255,0.1329937971866767,0.047307675043781916,0.044136,0.225583,37351,0.0663616,0.1370345,0.1942387,73.12325624364885,86.50015098734465,0.415625,433.069946,42107,0.9189466,39.885042,202.63274400000003,35.54299092731464,43.67684002696407,0.050358,216.534973,41949,0.1131636,17.464427999999998,101.31637200000002,1.6214963121001131,2.360504816102395,0.0,24.66328,37358,5.7000000000003635e-05,0.43029649999999997,5.0260393,1.5867673379986902,2.1239459293635594,0.0,13.194032,39306,0.013633500000000002,0.6139755,4.7244172,48.44772086970738,67.5930401195926,0.0,1008.112976,35894,0.0,4.461413,144.38960870000003,1.8169222807677832,0.38673477488776925,1.0,2.0,2,1.8169222807677832,0.38673477488776925,1.0,2.0,2,0.23482922468949946,0.02437598823066828,0.2,0.27,3,0.28167905532555515,0.0459496204905294,0.22,0.35,3,0.0,0.0,0.0,0.0,1,0.09756915694392174,0.022970975218539684,0.08,0.14,3,0.20344208694015806,0.03376022098489016,0.18,0.27,3,4507.110603483016,126.21536490053904,4247.210938,4891.720215,41553,4345.6268068,4499.803222500001,4683.0482422000005,0.8012662307113287,0.3366287335558095,0.2,1.0,4,0.23,1.0,1.0,0.19873376928867142,0.3366287335558096,0.0,0.8,4,0.0,0.0,0.77,6504790597.636843,158670272.17788857,6346120325.458954,0.16305230922206285,125.5690153884852,61.90068253292045,4672.251484413782,0.9756071667801984,0.024392833219801523,19.74661370353372
33,42512,132989.51706589985,532379.0545279621,0.485321,3496007.5,42453,4349.239014,14195.037109500001,24535.668163800005,0.09052010079506963,0.03219921343745607,0.03004,0.153539,35286,0.0451683,0.0932705,0.13220479999999998,72.75502483435265,86.80417972905647,0.06697,433.069946,42013,0.15049389999999999,39.885042,202.63274400000003,35.54299092731464,43.67684002696407,0.050358,216.534973,41949,0.1131636,17.464427999999998,101.31637200000002,1.6122552761102746,2.3666552260036053,0.0,24.66328,34753,9.200000000000728e-06,0.4302765,5.0260393,1.578484496942041,2.1299670603397645,0.0,13.194032,36496,0.0021982000000000004,0.6139755,4.7244172,48.44772086970738,67.5930401195926,0.0,1008.112976,35894,0.0,4.461413,144.38960870000003,1.8169222807677832,0.38673477488776925,1.0,2.0,2,1.8169222807677832,0.38673477488776925,1.0,2.0,2,0.23482922468949946,0.02437598823066828,0.2,0.27,3,0.28167905532555515,0.0459496204905294,0.22,0.35,3,0.0,0.0,0.0,0.0,1,0.09756915694392174,0.022970975218539684,0.08,0.14,3,0.20344208694015806,0.03376022098489016,0.18,0.27,3,4507.110603483016,126.21536490053904,4247.210938,4891.720215,41553,4345.6268068,4499.803222500001,4683.0482422000005,0.8012662307113287,0.3366287335558095,0.2,1.0,4,0.23,1.0,1.0,0.19873376928867142,0.3366287335558096,0.0,0.8,4,0.0,0.0,0.77,5653650349.505535,107996380.79166651,5545653968.713869,0.11130924894323184,126.53339009646214,62.41258260459898,4677.401106948771,0.9808979377719899,0.01910206222801023,12.01230958394174
34,42512,244286.27123707696,1008142.231904652,0.644949,6609940.5,42465,5779.752588,18863.9423825,32605.723047300005,0.12029317011667295,0.04278989610900562,0.039921,0.20404,36850,0.0600245,0.123948,0.1756888,73.06385447977041,86.54879314009602,0.359381,433.069946,42109,0.8030161,39.885042,202.63274400000003,35.54299092731464,43.67684002696407,0.050358,216.534973,41949,0.1131636,17.464427999999998,101.31637200000002,1.620007831365262,2.3614823563875667,0.0,24.66328,37295,4.8900000000003276e-05,0.43029649999999997,5.0260393,1.585431609075091,2.1249063777564197,0.0,13.194032,39195,0.011789300000000003,0.6139755,4.7244172,48.44772086970738,67.5930401195926,0.0,1008.112976,35894,0.0,4.461413,144.38960870000003,1.8169222807677832,0.38673477488776925,1.0,2.0,2,1.8169222807677832,0.38673477488776925,1.0,2.0,2,0.23482922468949946,0.02437598823066828,0.2,0.27,3,0.28167905532555515,0.0459496204905294,0.22,0.35,3,0.0,0.0,0.0,0.0,1,0.09756915694392174,0.022970975218539684,0.08,0.14,3,0.20344208694015806,0.03376022098489016,0.18,0.27,3,4507.110603483016,126.21536490053904,4247.210938,4891.720215,41553,4345.6268068,4499.803222500001,4683.0482422000005,0.8012662307113287,0.3366287335558095,0.2,1.0,4,0.23,1.0,1.0,0.19873376928867142,0.3366287335558096,0.0,0.8,4,0.0,0.0,0.77,10385097962.830616,143517595.30263212,10241580367.527983,0.1483583756938225,127.54413326419554,62.92368147359233,4682.542671149053,0.986180429321293,0.01381957067870684,18.980140217348225
35,42512,167091.7728925592,641793.0003916001,0.830973,4223635.0,42464,7446.8191409,24301.7871095,42000.8343755,0.15498959987768157,0.055131883813006585,0.051435,0.262892,37920,0.0773376,0.15969850000000002,0.22636360000000003,72.98785020307207,86.6112569394272,0.287418,433.069946,42095,0.6458796,39.885042,202.63274400000003,35.54299092731464,43.67684002696407,0.050358,216.534973,41949,0.1131636,17.464427999999998,101.31637200000002,1.618102075272864,2.362741282114288,0.0,24.66328,37125,3.9700000000002544e-05,0.43029649999999997,5.0260393,1.5837223116296626,2.126141360609521,0.0,13.194032,38981,0.0094312,0.6139755,4.7244172,48.44772086970738,67.5930401195926,0.0,1008.112976,35894,0.0,4.461413,144.38960870000003,1.8169222807677832,0.38673477488776925,1.0,2.0,2,1.8169222807677832,0.38673477488776925,1.0,2.0,2,0.23482922468949946,0.02437598823066828,0.2,0.27,3,0.28167905532555515,0.0459496204905294,0.22,0.35,3,0.0,0.0,0.0,0.0,1,0.09756915694392174,0.022970975218539684,0.08,0.14,3,0.20344208694015806,0.03376022098489016,0.18,0.27,3,4507.110603483016,126.21536490053904,4247.210938,4891.720215,41553,4345.6268068,4499.803222500001,4683.0482422000005,0.8012662307113287,0.3366287335558095,0.2,1.0,4,0.23,1.0,1.0,0.19873376928867142,0.3366287335558096,0.0,0.8,4,0.0,0.0,0.77,7103405449.208477,184912701.1833307,6918492748.0251465,0.18984430652988735,125.24968648951067,61.74213049956873,4670.656479087274,0.9739684433747288,0.026031556625271235,17.859825224796413
36,42512,199015.15908194342,821299.3421024646,0.525541,5384899.0,42458,4709.6765134,15371.430176,26569.028320300004,0.09802182306172376,0.034867682377046766,0.03253,0.166264,35739,0.04891140000000001,0.101,0.1431618,72.96524783242378,86.62988155913926,0.266017,433.069946,42094,0.5977884,39.885042,202.63274400000003,35.54299092731464,43.67684002696407,0.050358,216.534973,41949,0.1131636,17.464427999999998,101.31637200000002,1.617535064570004,2.3631174381646662,0.0,24.66328,37054,3.6600000000002184e-05,0.4302765,5.0260393,1.5832139436864934,2.126509942870869,0.0,13.194032,38924,0.008729200000000001,0.6139755,4.7244172,48.44772086970738,67.5930401195926,0.0,1008.112976,35894,0.0,4.461413,144.38960870000003,1.8169222807677832,0.38673477488776925,1.0,2.0,2,1.8169222807677832,0.38673477488776925,1.0,2.0,2,0.23482922468949946,0.02437598823066828,0.2,0.27,3,0.28167905532555515,0.0459496204905294,0.22,0.35,3,0.0,0.0,0.0,0.0,1,0.09756915694392174,0.022970975218539684,0.08,0.14,3,0.20344208694015806,0.03376022098489016,0.18,0.27,3,4507.110603483016,126.21536490053904,4247.210938,4891.720215,41553,4345.6268068,4499.803222500001,4683.0482422000005,0.8012662307113287,0.3366287335558095,0.2,1.0,4,0.23,1.0,1.0,0.19873376928867142,0.3366287335558096,0.0,0.8,4,0.0,0.0,0.77,8460532442.891579,116946427.3579391,8343586015.53364,0.12089076974268899,127.53863872405407,62.9233899916168,4682.539737497182,0.9861774151748339,0.013822584825166158,17.48749418399815
37,42512,220585.32454555,880243.7825446844,0.827797,5781300.5,42461,7418.3594238,24212.026367,41844.410937500004,0.15439727260538202,0.054921175800472746,0.051239,0.261887,37982,0.0770416,0.15908850000000002,0.22549860000000002,72.86054881365261,86.71644697995491,0.166884,433.069946,42079,0.3750191,39.885042,202.63274400000003,35.54299092731464,43.67684002696407,0.050358,216.534973,41949,0.1131636,17.464427999999998,101.31637200000002,1.6149069031802783,2.364870524674125,0.0,24.66328,36504,2.2500000000001817e-05,0.4302765,5.0260393,1.5808587631727542,2.1282251811476134,0.0,13.194032,38363,0.005477400000000001,0.6139755,4.7244172,48.44772086970738,67.5930401195926,0.0,1008.112976,35894,0.0,4.461413,144.38960870000003,1.8169222807677832,0.38673477488776925,1.0,2.0,2,1.8169222807677832,0.38673477488776925,1.0,2.0,2,0.23482922468949946,0.02437598823066828,0.2,0.27,3,0.28167905532555515,0.0459496204905294,0.22,0.35,3,0.0,0.0,0.0,0.0,1,0.09756915694392174,0.022970975218539684,0.08,0.14,3,0.20344208694015806,0.03376022098489016,0.18,0.27,3,4507.110603483016,126.21536490053904,4247.210938,4891.720215,41553,4345.6268068,4499.803222500001,4683.0482422000005,0.8012662307113287,0.3366287335558095,0.2,1.0,4,0.23,1.0,1.0,0.19873376928867142,0.3366287335558096,0.0,0.8,4,0.0,0.0,0.77,9377523317.080421,184206009.46495962,9193317307.615461,0.18979903858920247,126.43890020454646,62.36021085222326,4676.874255988535,0.9803566460741886,0.0196433539258114,15.402570506707457
38,42512,276446.7027483185,1145402.6855667555,0.692851,7508390.0,42471,6209.0343755,20265.0322265,35027.46132840001,0.12922776011479112,0.04596804291989021,0.042886,0.219195,37205,0.0644825,0.133154,0.1887377,73.07810856424068,86.53710676969023,0.372878,433.069946,42108,0.8312353,39.885042,202.63274400000003,35.54299092731464,43.67684002696407,0.050358,216.534973,41949,0.1131636,17.464427999999998,101.31637200000002,1.6203650874341364,2.3612472744896595,0.0,24.66328,37290,5.090000000000328e-05,0.43029649999999997,5.0260393,1.5857521455353851,2.124675527399662,0.0,13.194032,39236,0.012231400000000002,0.6139755,4.7244172,48.44772086970738,67.5930401195926,0.0,1008.112976,35894,0.0,4.461413,144.38960870000003,1.8169222807677832,0.38673477488776925,1.0,2.0,2,1.8169222807677832,0.38673477488776925,1.0,2.0,2,0.23482922468949946,0.02437598823066828,0.2,0.27,3,0.28167905532555515,0.0459496204905294,0.22,0.35,3,0.0,0.0,0.0,0.0,1,0.09756915694392174,0.022970975218539684,0.08,0.14,3,0.20344208694015806,0.03376022098489016,0.18,0.27,3,4507.110603483016,126.21536490053904,4247.210938,4891.720215,41553,4345.6268068,4499.803222500001,4683.0482422000005,0.8012662307113287,0.3366287335558095,0.2,1.0,4,0.23,1.0,1.0,0.19873376928867142,0.3366287335558096,0.0,0.8,4,0.0,0.0,0.77,11752302227.236515,154177139.25240198,11598125087.984116,0.15943990819661674,127.67604681436113,62.99147496049607,4683.224660696147,0.9868811117795212,0.013118888220478978,19.171618535793865
39,42512,189932.46045218376,775203.6117830541,0.571801,5085522.5,42465,5124.2383787,16724.477539,28907.724609800007,0.10665004885679337,0.03793684998955566,0.035393,0.180899,36222,0.053216400000000004,0.10989,0.1557628,73.16502698541588,86.46603942149562,0.455175,433.069946,42109,0.996283,39.885042,202.63274400000003,35.54299092731464,43.67684002696407,0.050358,216.534973,41949,0.1131636,17.464427999999998,101.31637200000002,1.6225424872977041,2.3598207617581104,0.0,24.66328,37417,6.2100000000004e-05,0.43029649999999997,5.0260393,1.587706510020708,2.1232730560238515,0.0,13.194032,39361,0.014930100000000002,0.6139755,4.7244172,48.44772086970738,67.5930401195926,0.0,1008.112976,35894,0.0,4.461413,144.38960870000003,1.8169222807677832,0.38673477488776925,1.0,2.0,2,1.8169222807677832,0.38673477488776925,1.0,2.0,2,0.23482922468949946,0.02437598823066828,0.2,0.27,3,0.28167905532555515,0.0459496204905294,0.22,0.35,3,0.0,0.0,0.0,0.0,1,0.09756915694392174,0.022970975218539684,0.08,0.14,3,0.20344208694015806,0.03376022098489016,0.18,0.27,3,4507.110603483016,126.21536490053904,4247.210938,4891.720215,41553,4345.6268068,4499.803222500001,4683.0482422000005,0.8012662307113287,0.3366287335558095,0.2,1.0,4,0.23,1.0,1.0,0.19873376928867142,0.3366287335558096,0.0,0.8,4,0.0,0.0,0.77,8074408758.743237,127240460.1310508,7947168298.6121855,0.13138959754178633,127.18674383669594,62.73608484840189,4680.655482208864,0.9842415136596508,0.015758486340349147,20.241431161183517
40,42512,223189.08170097656,896753.3517491675,0.787642,5887651.5,42466,7058.5127932000005,23037.558594000002,39819.68359380001,0.1469078232028604,0.05225708912567702,0.048753,0.249183,37697,0.0733046,0.1513715,0.2145597,72.9481642204554,86.64397353234419,0.249842,433.069946,42095,0.5614392,39.885042,202.63274400000003,35.54299092731464,43.67684002696407,0.050358,216.534973,41949,0.1131636,17.464427999999998,101.31637200000002,1.6171064132715467,2.3634022918461843,0.0,24.66328,36974,3.460000000000218e-05,0.4302765,5.0260393,1.5828296871236402,2.126788930339082,0.0,13.194032,38870,0.0082,0.6139755,4.7244172,48.44772086970738,67.5930401195926,0.0,1008.112976,35894,0.0,4.461413,144.38960870000003,1.8169222807677832,0.38673477488776925,1.0,2.0,2,1.8169222807677832,0.38673477488776925,1.0,2.0,2,0.23482922468949946,0.02437598823066828,0.2,0.27,3,0.28167905532555515,0.0459496204905294,0.22,0.35,3,0.0,0.0,0.0,0.0,1,0.09756915694392174,0.022970975218539684,0.08,0.14,3,0.20344208694015806,0.03376022098489016,0.18,0.27,3,4507.110603483016,126.21536490053904,4247.210938,4891.720215,41553,4345.6268068,4499.803222500001,4683.0482422000005,0.8012662307113287,0.3366287335558095,0.2,1.0,4,0.23,1.0,1.0,0.19873376928867142,0.3366287335558096,0.0,0.8,4,0.0,0.0,0.77,9488214241.271915,175270616.54093477,9312943624.730982,0.18071097014779894,126.66492323036684,62.473499092568915,4678.013916743836,0.9815275443740994,0.018472455625900726,17.191331956136878
41,42512,104118.10203464466,403967.08423023677,0.484704,2657087.5,42457,4343.7052732,14175.1518555,24501.3460941,0.09040492705589011,0.03215824568257403,0.030002,0.153344,35318,0.0451104,0.093152,0.13203679999999998,72.71687004027099,86.83602129604199,0.030844,433.069946,41844,0.0693114,39.885042,202.63274400000003,35.54299092731464,43.67684002696407,0.050358,216.534973,41949,0.1131636,17.464427999999998,101.31637200000002,1.6112958278368459,2.36730494852504,0.0,24.66328,32739,4.100000000000364e-06,0.4302765,5.0260393,1.5776258936065117,2.1306001201622133,0.0,13.194032,34414,0.0010121000000000004,0.6139755,4.7244172,48.44772086970738,67.5930401195926,0.0,1008.112976,35894,0.0,4.461413,144.38960870000003,1.8169222807677832,0.38673477488776925,1.0,2.0,2,1.8169222807677832,0.38673477488776925,1.0,2.0,2,0.23482922468949946,0.02437598823066828,0.2,0.27,3,0.28167905532555515,0.0459496204905294,0.22,0.35,3,0.0,0.0,0.0,0.0,1,0.09756915694392174,0.022970975218539684,0.08,0.14,3,0.20344208694015806,0.03376022098489016,0.18,0.27,3,4507.110603483016,126.21536490053904,4247.210938,4891.720215,41553,4345.6268068,4499.803222500001,4683.0482422000005,0.8012662307113287,0.3366287335558095,0.2,1.0,4,0.23,1.0,1.0,0.19873376928867142,0.3366287335558096,0.0,0.8,4,0.0,0.0,0.77,4426268753.696814,107858968.55550963,4318409785.141304,0.11083930051670089,125.53785522585915,61.90309280390188,4672.275731599658,0.9756320787197059,0.024367921280294146,9.726294890761197
42,42512,154725.55329131018,586267.9739582606,0.835016,3861020.0,42454,7483.0513181,24420.024414,42205.1851563,0.15574369241625896,0.055400122974483296,0.051686,0.264171,37969,0.07771360000000001,0.1604755,0.2274647,73.17864268799399,86.4549369596664,0.468067,433.069946,42106,1.0210382999999998,39.885042,202.63274400000003,35.54299092731464,43.67684002696407,0.050358,216.534973,41949,0.1131636,17.464427999999998,101.31637200000002,1.6228834080965377,2.3595983825609927,0.0,24.66328,37453,6.4100000000004e-05,0.43029649999999997,5.0260393,1.5880126289047882,2.1230541703240413,0.0,13.194032,39371,0.0153521,0.6139755,4.7244172,48.44772086970738,67.5930401195926,0.0,1008.112976,35894,0.0,4.461413,144.38960870000003,1.8169222807677832,0.38673477488776925,1.0,2.0,2,1.8169222807677832,0.38673477488776925,1.0,2.0,2,0.23482922468949946,0.02437598823066828,0.2,0.27,3,0.28167905532555515,0.0459496204905294,0.22,0.35,3,0.0,0.0,0.0,0.0,1,0.09756915694392174,0.022970975218539684,0.08,0.14,3,0.20344208694015806,0.03376022098489016,0.18,0.27,3,4507.110603483016,126.21536490053904,4247.210938,4891.720215,41553,4345.6268068,4499.803222500001,4683.0482422000005,0.8012662307113287,0.3366287335558095,0.2,1.0,4,0.23,1.0,1.0,0.19873376928867142,0.3366287335558096,0.0,0.8,4,0.0,0.0,0.77,6577692721.520178,185812378.3911551,6391880343.129023,0.19052981197442687,124.85327276599992,61.527598061696075,4668.498320903359,0.9717511312464879,0.028248868753512065,20.395942668229107
43,42512,197539.04117116323,802637.2976289354,0.624166,5266701.5,42469,5593.5043461000005,18256.067383,31555.031640300007,0.11641681983910424,0.04141102304644015,0.038634,0.197465,36660,0.05809040000000001,0.119954,0.1700277,72.91238407501412,86.67352942100844,0.215964,433.069946,42087,0.4853097,39.885042,202.63274400000003,35.54299092731464,43.67684002696407,0.050358,216.534973,41949,0.1131636,17.464427999999998,101.31637200000002,1.6162084116014306,2.364000401151417,0.0,24.66328,36799,2.9500000000001818e-05,0.4302765,5.0260393,1.5820248505598458,2.1273743648874843,0.0,13.194032,38675,0.007088,0.6139755,4.7244172,48.44772086970738,67.5930401195926,0.0,1008.112976,35894,0.0,4.461413,144.38960870000003,1.8169222807677832,0.38673477488776925,1.0,2.0,2,1.8169222807677832,0.38673477488776925,1.0,2.0,2,0.23482922468949946,0.02437598823066828,0.2,0.27,3,0.28167905532555515,0.0459496204905294,0.22,0.35,3,0.0,0.0,0.0,0.0,1,0.09756915694392174,0.022970975218539684,0.08,0.14,3,0.20344208694015806,0.03376022098489016,0.18,0.27,3,4507.110603483016,126.21536490053904,4247.210938,4891.720215,41553,4345.6268068,4499.803222500001,4683.0482422000005,0.8012662307113287,0.3366287335558095,0.2,1.0,4,0.23,1.0,1.0,0.19873376928867142,0.3366287335558096,0.0,0.8,4,0.0,0.0,0.77,8397779718.268492,138892856.2567426,8258886862.011747,0.1433592702667208,127.02568155540382,62.66054474946429,4679.895562055646,0.9834607645215321,0.016539235478467685,16.522614787104466
44,42512,109885.11171002398,409096.3127522272,0.652381,2696762.5,42463,5846.3595213,19078.8798825,32974.0738281,0.12167945300150547,0.0432830107998272,0.040381,0.206391,36913,0.060716400000000004,0.1253765,0.1777137,73.05208607981275,86.55844833218073,0.348239,433.069946,42110,0.7825554,39.885042,202.63274400000003,35.54299092731464,43.67684002696407,0.050358,216.534973,41949,0.1131636,17.464427999999998,101.31637200000002,1.6197128380692511,2.3616766865738303,0.0,24.66328,37249,4.780000000000291e-05,0.43029649999999997,5.0260393,1.5851669613050492,2.1250971532868705,0.0,13.194032,39165,0.011423300000000003,0.6139755,4.7244172,48.44772086970738,67.5930401195926,0.0,1008.112976,35894,0.0,4.461413,144.38960870000003,1.8169222807677832,0.38673477488776925,1.0,2.0,2,1.8169222807677832,0.38673477488776925,1.0,2.0,2,0.23482922468949946,0.02437598823066828,0.2,0.27,3,0.28167905532555515,0.0459496204905294,0.22,0.35,3,0.0,0.0,0.0,0.0,1,0.09756915694392174,0.022970975218539684,0.08,0.14,3,0.20344208694015806,0.03376022098489016,0.18,0.27,3,4507.110603483016,126.21536490053904,4247.210938,4891.720215,41553,4345.6268068,4499.803222500001,4683.0482422000005,0.8012662307113287,0.3366287335558095,0.2,1.0,4,0.23,1.0,1.0,0.19873376928867142,0.3366287335558096,0.0,0.8,4,0.0,0.0,0.77,4671435869.01654,145171519.42618504,4526264349.590355,0.14861985725741508,124.31062285101088,61.2540225219919,4665.746200158955,0.9689235764983868,0.031076423501613323,18.818069019965368
45,42512,99940.35239200367,356016.1744252685,0.724558,2352540.25,42475,6493.1773928,21188.8671875,36620.4730471,0.13514158176514868,0.0480716809686371,0.044848,0.229226,37350,0.06743350000000001,0.13924750000000002,0.1973757,72.80643296306926,86.76137819432746,0.115645,433.069946,42064,0.2598755,39.885042,202.63274400000003,35.54299092731464,43.67684002696407,0.050358,216.534973,41949,0.1131636,17.464427999999998,101.31637200000002,1.613547417435077,2.36578353359721,0.0,24.66328,35912,1.6200000000000726e-05,0.4302765,5.0260393,1.5796412348983837,2.129116823299068,0.0,13.194032,37721,0.0037962000000000004,0.6139755,4.7244172,48.44772086970738,67.5930401195926,0.0,1008.112976,35894,0.0,4.461413,144.38960870000003,1.8169222807677832,0.38673477488776925,1.0,2.0,2,1.8169222807677832,0.38673477488776925,1.0,2.0,2,0.23482922468949946,0.02437598823066828,0.2,0.27,3,0.28167905532555515,0.0459496204905294,0.22,0.35,3,0.0,0.0,0.0,0.0,1,0.09756915694392174,0.022970975218539684,0.08,0.14,3,0.20344208694015806,0.03376022098489016,0.18,0.27,3,4507.110603483016,126.21536490053904,4247.210938,4891.720215,41553,4345.6268068,4499.803222500001,4683.0482422000005,0.8012662307113287,0.3366287335558095,0.2,1.0,4,0.23,1.0,1.0,0.19873376928867142,0.3366287335558096,0.0,0.8,4,0.0,0.0,0.77,4248664260.8888597,161232720.96184856,4087431539.927011,0.16442200314152253,122.98937682898124,60.58907369503166,4659.056934903669,0.962050962123301,0.03794903787669897,13.938726419679561
46,42512,124144.63813212885,482788.50954805774,0.568786,3175145.75,42467,5097.2186523,16634.1503905,28751.656250000004,0.10608768940534435,0.03773680736137185,0.035207,0.179945,36298,0.0529364,0.109311,0.1549418,72.83236858305891,86.73982843801399,0.140202,433.069946,42085,0.3150597,39.885042,202.63274400000003,35.54299092731464,43.67684002696407,0.050358,216.534973,41949,0.1131636,17.464427999999998,101.31637200000002,1.614199055678397,2.3653453775581763,0.0,24.66328,36236,1.9300000000001093e-05,0.4302765,5.0260393,1.5802247640430962,2.1286890631558757,0.0,13.194032,38093,0.004602300000000001,0.6139755,4.7244172,48.44772086970738,67.5930401195926,0.0,1008.112976,35894,0.0,4.461413,144.38960870000003,1.8169222807677832,0.38673477488776925,1.0,2.0,2,1.8169222807677832,0.38673477488776925,1.0,2.0,2,0.23482922468949946,0.02437598823066828,0.2,0.27,3,0.28167905532555515,0.0459496204905294,0.22,0.35,3,0.0,0.0,0.0,0.0,1,0.09756915694392174,0.022970975218539684,0.08,0.14,3,0.20344208694015806,0.03376022098489016,0.18,0.27,3,4507.110603483016,126.21536490053904,4247.210938,4891.720215,41553,4345.6268068,4499.803222500001,4683.0482422000005,0.8012662307113287,0.3366287335558095,0.2,1.0,4,0.23,1.0,1.0,0.19873376928867142,0.3366287335558096,0.0,0.8,4,0.0,0.0,0.77,5277636856.273062,126569526.89684528,5151067329.376217,0.13009507119853156,125.62059737845446,61.94040929161518,4672.651128586488,0.9760177650824151,0.02398223491758499,14.689012932040216
47,42512,179134.4782978654,707569.9200518273,0.731521,4649671.0,42465,6555.579150400001,21394.519531500002,36977.76445340001,0.1364403446085811,0.04853366179566538,0.04528,0.231429,37447,0.0680815,0.140586,0.1992717,73.18966014786413,86.44595913700809,0.478499,433.069946,42107,1.0414911,39.885042,202.63274400000003,35.54299092731464,43.67684002696407,0.050358,216.534973,41949,0.1131636,17.464427999999998,101.31637200000002,1.6231592432724877,2.3594186507568016,0.0,24.66328,37471,6.520000000000436e-05,0.43029649999999997,5.0260393,1.5882603267548072,2.1228772140411993,0.0,13.194032,39437,0.0156941,0.6139755,4.7244172,48.44772086970738,67.5930401195926,0.0,1008.112976,35894,0.0,4.461413,144.38960870000003,1.8169222807677832,0.38673477488776925,1.0,2.0,2,1.8169222807677832,0.38673477488776925,1.0,2.0,2,0.23482922468949946,0.02437598823066828,0.2,0.27,3,0.28167905532555515,0.0459496204905294,0.22,0.35,3,0.0,0.0,0.0,0.0,1,0.09756915694392174,0.022970975218539684,0.08,0.14,3,0.20344208694015806,0.03376022098489016,0.18,0.27,3,4507.110603483016,126.21536490053904,4247.210938,4891.720215,41553,4345.6268068,4499.803222500001,4683.0482422000005,0.8012662307113287,0.3366287335558095,0.2,1.0,4,0.23,1.0,1.0,0.19873376928867142,0.3366287335558096,0.0,0.8,4,0.0,0.0,0.77,7615364941.398853,162782226.5894115,7452582714.809442,0.1675617596966435,126.13864442452245,62.192619824864465,4675.188321291565,0.9786245008818303,0.02137549911816968,20.518717867147476
48,42512,98918.15571953582,348116.566739698,0.751967,2301899.75,42463,6738.8020999,21990.402344,38005.7539063,0.14025373823861498,0.04989013804211684,0.046545,0.237897,37502,0.0699845,0.144515,0.2048417,72.77848249388408,86.784634971309,0.089181,433.069946,42030,0.2004051,39.885042,202.63274400000003,35.54299092731464,43.67684002696407,0.050358,216.534973,41949,0.1131636,17.464427999999998,101.31637200000002,1.6128449645747083,2.3662569427439077,0.0,24.66328,35414,1.2200000000000729e-05,0.4302765,5.0260393,1.5790123349877696,2.1295787073301873,0.0,13.194032,37179,0.0029272000000000005,0.6139755,4.7244172,48.44772086970738,67.5930401195926,0.0,1008.112976,35894,0.0,4.461413,144.38960870000003,1.8169222807677832,0.38673477488776925,1.0,2.0,2,1.8169222807677832,0.38673477488776925,1.0,2.0,2,0.23482922468949946,0.02437598823066828,0.2,0.27,3,0.28167905532555515,0.0459496204905294,0.22,0.35,3,0.0,0.0,0.0,0.0,1,0.09756915694392174,0.022970975218539684,0.08,0.14,3,0.20344208694015806,0.03376022098489016,0.18,0.27,3,4507.110603483016,126.21536490053904,4247.210938,4891.720215,41553,4345.6268068,4499.803222500001,4683.0482422000005,0.8012662307113287,0.3366287335558095,0.2,1.0,4,0.23,1.0,1.0,0.19873376928867142,0.3366287335558096,0.0,0.8,4,0.0,0.0,0.77,4205208635.948907,167331854.37435356,4037876781.5745535,0.17046354816309275,122.63853406505908,60.4108024757797,4657.263558152166,0.960208429863886,0.039791570136114084,12.986582745205672
49,42512,118957.89653136022,465982.64963438554,0.517557,3063453.75,42452,4638.1252441,15135.956055,26162.068945400006,0.09653265014584117,0.03433796235959828,0.032036,0.163738,35668,0.04816840000000001,0.099466,0.1409868,73.0846378265666,86.53175666771351,0.37906,433.069946,42109,0.8444568,39.885042,202.63274400000003,35.54299092731464,43.67684002696407,0.050358,216.534973,41949,0.1131636,17.464427999999998,101.31637200000002,1.6205287150686867,2.361139700872455,0.0,24.66328,37280,5.1900000000003274e-05,0.43029649999999997,5.0260393,1.5858989675856296,2.124569864257783,0.0,13.194032,39252,0.012434400000000002,0.6139755,4.7244172,48.44772086970738,67.5930401195926,0.0,1008.112976,35894,0.0,4.461413,144.38960870000003,1.8169222807677832,0.38673477488776925,1.0,2.0,2,1.8169222807677832,0.38673477488776925,1.0,2.0,2,0.23482922468949946,0.02437598823066828,0.2,0.27,3,0.28167905532555515,0.0459496204905294,0.22,0.35,3,0.0,0.0,0.0,0.0,1,0.09756915694392174,0.022970975218539684,0.08,0.14,3,0.20344208694015806,0.03376022098489016,0.18,0.27,3,4507.110603483016,126.21536490053904,4247.210938,4891.720215,41553,4345.6268068,4499.803222500001,4683.0482422000005,0.8012662307113287,0.3366287335558095,0.2,1.0,4,0.23,1.0,1.0,0.19873376928867142,0.3366287335558096,0.0,0.8,4,0.0,0.0,0.77,5057138097.341186,115169744.61540252,4941968352.725782,0.11845822285384441,125.8687479565847,62.05733920206097,4673.827422169413,0.9772263002515288,0.02277369974847109,19.25764616451927
50,42512,282104.79273662274,1158783.9707169333,0.789086,7599432.0,42461,7071.4513181,23079.7861325,39892.67460980001,0.1471771151204366,0.05235286979943653,0.048843,0.24964,37736,0.0734395,0.15164850000000002,0.21495360000000002,73.08099052215846,86.53474505130679,0.375606,433.069946,42104,0.8371175,39.885042,202.63274400000003,35.54299092731464,43.67684002696407,0.050358,216.534973,41949,0.1131636,17.464427999999998,101.31637200000002,1.6204373126411369,2.361199784027473,0.0,24.66328,37319,5.100000000000364e-05,0.43029649999999997,5.0260393,1.5858169525075339,2.124628881850153,0.0,13.194032,39233,0.012321300000000002,0.6139755,4.7244172,48.44772086970738,67.5930401195926,0.0,1008.112976,35894,0.0,4.461413,144.38960870000003,1.8169222807677832,0.38673477488776925,1.0,2.0,2,1.8169222807677832,0.38673477488776925,1.0,2.0,2,0.23482922468949946,0.02437598823066828,0.2,0.27,3,0.28167905532555515,0.0459496204905294,0.22,0.35,3,0.0,0.0,0.0,0.0,1,0.09756915694392174,0.022970975218539684,0.08,0.14,3,0.20344208694015806,0.03376022098489016,0.18,0.27,3,4507.110603483016,126.21536490053904,4247.210938,4891.720215,41553,4345.6268068,4499.803222500001,4683.0482422000005,0.8012662307113287,0.3366287335558095,0.2,1.0,4,0.23,1.0,1.0,0.19873376928867142,0.3366287335558096,0.0,0.8,4,0.0,0.0,0.77,11992838948.819305,175591890.28508863,11817247058.534218,0.18143109329362728,127.39111423606961,62.844167249342505,4681.742771749943,0.9853586051614264,0.0146413948385737,19.209717170387243
51,42512,133514.04707914626,496470.4773568388,0.797526,3272945.25,42457,7147.084668099999,23322.728516,40310.29921900001,0.14875125693921715,0.052912819283732204,0.049365,0.25231,37864,0.0742246,0.15327049999999998,0.21725260000000002,72.9010052779921,86.68294053899896,0.20519,433.069946,42089,0.4610986,39.885042,202.63274400000003,35.54299092731464,43.67684002696407,0.050358,216.534973,41949,0.1131636,17.464427999999998,101.31637200000002,1.6159227640430935,2.3641910402125053,0.0,24.66328,36800,2.8500000000001818e-05,0.4302765,5.0260393,1.581768882809563,2.127560863068831,0.0,13.194032,38658,0.006735400000000001,0.6139755,4.7244172,48.44772086970738,67.5930401195926,0.0,1008.112976,35894,0.0,4.461413,144.38960870000003,1.8169222807677832,0.38673477488776925,1.0,2.0,2,1.8169222807677832,0.38673477488776925,1.0,2.0,2,0.23482922468949946,0.02437598823066828,0.2,0.27,3,0.28167905532555515,0.0459496204905294,0.22,0.35,3,0.0,0.0,0.0,0.0,1,0.09756915694392174,0.022970975218539684,0.08,0.14,3,0.20344208694015806,0.03376022098489016,0.18,0.27,3,4507.110603483016,126.21536490053904,4247.210938,4891.720215,41553,4345.6268068,4499.803222500001,4683.0482422000005,0.8012662307113287,0.3366287335558095,0.2,1.0,4,0.23,1.0,1.0,0.19873376928867142,0.3366287335558096,0.0,0.8,4,0.0,0.0,0.77,5675949169.428665,177469950.39926124,5498479219.029404,0.18166593979691426,124.25783109660803,61.23558274997671,4665.560699817514,0.9687329915928184,0.03126700840718155,16.293990660690756
52,42512,236467.03020830158,968691.7056660012,0.682872,6353660.5,42462,6119.601611700001,19973.141602,34522.93632840001,0.1273664044740309,0.045305938781798255,0.042268,0.216037,37153,0.0635535,0.131236,0.18601969999999998,72.97209371859711,86.6242381009877,0.272499,433.069946,42104,0.6123545,39.885042,202.63274400000003,35.54299092731464,43.67684002696407,0.050358,216.534973,41949,0.1131636,17.464427999999998,101.31637200000002,1.617706816193075,2.363003420560806,0.0,24.66328,37078,3.760000000000218e-05,0.4302765,5.0260393,1.583367921927931,2.126398241927442,0.0,13.194032,38937,0.008942100000000001,0.6139755,4.7244172,48.44772086970738,67.5930401195926,0.0,1008.112976,35894,0.0,4.461413,144.38960870000003,1.8169222807677832,0.38673477488776925,1.0,2.0,2,1.8169222807677832,0.38673477488776925,1.0,2.0,2,0.23482922468949946,0.02437598823066828,0.2,0.27,3,0.28167905532555515,0.0459496204905294,0.22,0.35,3,0.0,0.0,0.0,0.0,1,0.09756915694392174,0.022970975218539684,0.08,0.14,3,0.20344208694015806,0.03376022098489016,0.18,0.27,3,4507.110603483016,126.21536490053904,4247.210938,4891.720215,41553,4345.6268068,4499.803222500001,4683.0482422000005,0.8012662307113287,0.3366287335558095,0.2,1.0,4,0.23,1.0,1.0,0.19873376928867142,0.3366287335558096,0.0,0.8,4,0.0,0.0,0.77,10052686388.215317,151956424.06872863,9900729964.146587,0.15696794948409798,127.29629614275048,62.79824745201696,4681.280826624032,0.9848839983462663,0.015116001653733665,17.60249966103829
53,42512,92752.28345907578,355679.6081917183,0.465993,2340926.5,42462,4176.025928100001,13627.95166,23553.220898900003,0.08691504156473466,0.030916842474586176,0.028844,0.147424,35081,0.0433693,0.089556,0.1269398,73.02936702895653,86.57710503906259,0.326727,433.069946,42101,0.7342152,39.885042,202.63274400000003,35.54299092731464,43.67684002696407,0.050358,216.534973,41949,0.1131636,17.464427999999998,101.31637200000002,1.6191432559042154,2.362052464523912,0.0,24.66328,37231,4.480000000000291e-05,0.43029649999999997,5.0260393,1.584656036389731,2.125465912413011,0.0,13.194032,39128,0.010721,0.6139755,4.7244172,48.44772086970738,67.5930401195926,0.0,1008.112976,35894,0.0,4.461413,144.38960870000003,1.8169222807677832,0.38673477488776925,1.0,2.0,2,1.8169222807677832,0.38673477488776925,1.0,2.0,2,0.23482922468949946,0.02437598823066828,0.2,0.27,3,0.28167905532555515,0.0459496204905294,0.22,0.35,3,0.0,0.0,0.0,0.0,1,0.09756915694392174,0.022970975218539684,0.08,0.14,3,0.20344208694015806,0.03376022098489016,0.18,0.27,3,4507.110603483016,126.21536490053904,4247.210938,4891.720215,41553,4345.6268068,4499.803222500001,4683.0482422000005,0.8012662307113287,0.3366287335558095,0.2,1.0,4,0.23,1.0,1.0,0.19873376928867142,0.3366287335558096,0.0,0.8,4,0.0,0.0,0.77,3943085074.4122295,103695311.7374503,3839389762.6747794,0.10644486881256021,125.20365505051805,61.71634965953783,4670.397129050061,0.9737019846692232,0.02629801533077688,18.494191422073076
54,42512,199476.6389322696,823747.7335250591,0.522324,5400771.5,42461,4680.845264099999,15277.331054999999,26406.380077800004,0.09742176832423786,0.034654229276191564,0.032331,0.165246,35704,0.048612300000000004,0.100382,0.1422848,73.14676735262985,86.48094146025117,0.437886,433.069946,42111,0.9617352,39.885042,202.63274400000003,35.54299092731464,43.67684002696407,0.050358,216.534973,41949,0.1131636,17.464427999999998,101.31637200000002,1.622085214104253,2.3601194501345675,0.0,24.66328,37398,6.0100000000004e-05,0.43029649999999997,5.0260393,1.5872959709964325,2.1235669410277924,0.0,13.194032,39345,0.014364400000000001,0.6139755,4.7244172,48.44772086970738,67.5930401195926,0.0,1008.112976,35894,0.0,4.461413,144.38960870000003,1.8169222807677832,0.38673477488776925,1.0,2.0,2,1.8169222807677832,0.38673477488776925,1.0,2.0,2,0.23482922468949946,0.02437598823066828,0.2,0.27,3,0.28167905532555515,0.0459496204905294,0.22,0.35,3,0.0,0.0,0.0,0.0,1,0.09756915694392174,0.022970975218539684,0.08,0.14,3,0.20344208694015806,0.03376022098489016,0.18,0.27,3,4507.110603483016,126.21536490053904,4247.210938,4891.720215,41553,4345.6268068,4499.803222500001,4683.0482422000005,0.8012662307113287,0.3366287335558095,0.2,1.0,4,0.23,1.0,1.0,0.19873376928867142,0.3366287335558096,0.0,0.8,4,0.0,0.0,0.77,8480150874.288645,116230519.53645149,8363920354.752193,0.12015853464434459,127.56948103654263,62.93465196457359,4682.65303154772,0.9862938146668055,0.013706185333194494,20.02913934628298
55,42512,245712.5429353839,1020790.9701386772,0.593568,6690627.0,42458,5319.3007809,17361.123047,30011.775195700004,0.11070986192133984,0.039380981184647335,0.036741,0.187785,36517,0.055242400000000004,0.114074,0.1616927,73.15490696029356,86.4742967522092,0.445593,433.069946,42111,0.9769262000000001,39.885042,202.63274400000003,35.54299092731464,43.67684002696407,0.050358,216.534973,41949,0.1131636,17.464427999999998,101.31637200000002,1.622289062735228,2.3599862387601367,0.0,24.66328,37419,6.1100000000004e-05,0.43029649999999997,5.0260393,1.5874789807113365,2.1234358857678663,0.0,13.194032,39358,0.014617400000000001,0.6139755,4.7244172,48.44772086970738,67.5930401195926,0.0,1008.112976,35894,0.0,4.461413,144.38960870000003,1.8169222807677832,0.38673477488776925,1.0,2.0,2,1.8169222807677832,0.38673477488776925,1.0,2.0,2,0.23482922468949946,0.02437598823066828,0.2,0.27,3,0.28167905532555515,0.0459496204905294,0.22,0.35,3,0.0,0.0,0.0,0.0,1,0.09756915694392174,0.022970975218539684,0.08,0.14,3,0.20344208694015806,0.03376022098489016,0.18,0.27,3,4507.110603483016,126.21536490053904,4247.210938,4891.720215,41553,4345.6268068,4499.803222500001,4683.0482422000005,0.8012662307113287,0.3366287335558095,0.2,1.0,4,0.23,1.0,1.0,0.19873376928867142,0.3366287335558096,0.0,0.8,4,0.0,0.0,0.77,10445731625.269041,132084081.94571725,10313647543.323322,0.13662891074467948,127.76833304875788,63.037345550596534,4683.686110762667,0.9873552100815804,0.012644789918419455,20.12451267428214
56,42512,198274.0426868567,801053.3474452589,0.66377,5257840.0,42456,5948.4183597,19414.4365235,33557.23398440001,0.12380360218291307,0.0440385977871718,0.041086,0.209994,36975,0.0617764,0.127565,0.1808158,72.99701111817839,86.60371462486798,0.296092,433.069946,42100,0.6653717,39.885042,202.63274400000003,35.54299092731464,43.67684002696407,0.050358,216.534973,41949,0.1131636,17.464427999999998,101.31637200000002,1.6183318540412122,2.362589054601621,0.0,24.66328,37129,4.070000000000255e-05,0.43029649999999997,5.0260393,1.5839283503010968,2.125992143614126,0.0,13.194032,39041,0.009716200000000001,0.6139755,4.7244172,48.44772086970738,67.5930401195926,0.0,1008.112976,35894,0.0,4.461413,144.38960870000003,1.8169222807677832,0.38673477488776925,1.0,2.0,2,1.8169222807677832,0.38673477488776925,1.0,2.0,2,0.23482922468949946,0.02437598823066828,0.2,0.27,3,0.28167905532555515,0.0459496204905294,0.22,0.35,3,0.0,0.0,0.0,0.0,1,0.09756915694392174,0.022970975218539684,0.08,0.14,3,0.20344208694015806,0.03376022098489016,0.18,0.27,3,4507.110603483016,126.21536490053904,4247.210938,4891.720215,41553,4345.6268068,4499.803222500001,4683.0482422000005,0.8012662307113287,0.3366287335558095,0.2,1.0,4,0.23,1.0,1.0,0.19873376928867142,0.3366287335558096,0.0,0.8,4,0.0,0.0,0.77,8429026102.703652,147705766.88840872,8281320335.815245,0.15237154093607602,126.84616096601337,62.565316930771786,4678.937587414534,0.9824765322720936,0.017523467727906472,18.004994261407706
57,42512,288843.6321274177,1179809.467209881,0.862214,7739533.0,42456,7726.7946294,25218.6953125,43589.70859400001,0.16081668081953332,0.05720465270826139,0.053369,0.272775,38077,0.0802447,0.16570249999999997,0.2348737,72.86427013391513,86.71336195438346,0.170408,433.069946,42083,0.38293710000000003,39.885042,202.63274400000003,35.54299092731464,43.67684002696407,0.050358,216.534973,41949,0.1131636,17.464427999999998,101.31637200000002,1.6150003601100869,2.364807915380752,0.0,24.66328,36556,2.3400000000001456e-05,0.4302765,5.0260393,1.5809424810406505,2.128163994960887,0.0,13.194032,38334,0.005593400000000001,0.6139755,4.7244172,48.44772086970738,67.5930401195926,0.0,1008.112976,35894,0.0,4.461413,144.38960870000003,1.8169222807677832,0.38673477488776925,1.0,2.0,2,1.8169222807677832,0.38673477488776925,1.0,2.0,2,0.23482922468949946,0.02437598823066828,0.2,0.27,3,0.28167905532555515,0.0459496204905294,0.22,0.35,3,0.0,0.0,0.0,0.0,1,0.09756915694392174,0.022970975218539684,0.08,0.14,3,0.20344208694015806,0.03376022098489016,0.18,0.27,3,4507.110603483016,126.21536490053904,4247.210938,4891.720215,41553,4345.6268068,4499.803222500001,4683.0482422000005,0.8012662307113287,0.3366287335558095,0.2,1.0,4,0.23,1.0,1.0,0.19873376928867142,0.3366287335558096,0.0,0.8,4,0.0,0.0,0.77,12279320489.000782,191864786.0534596,12087455702.94732,0.19813602691080237,127.19469198176465,62.74899688068166,4680.785375316669,0.9843749671469749,0.01562503285302495,15.490442790108228
58,42512,176252.3009266882,708700.1074361069,0.617641,4652803.5,42461,5535.0292967000005,18065.216797,31225.152929800006,0.11519978566051937,0.04097811169503571,0.038231,0.195401,36671,0.0574825,0.1187,0.1682498,72.76341629730429,86.79718526287608,0.074915,433.069946,42017,0.1683489,39.885042,202.63274400000003,35.54299092731464,43.67684002696407,0.050358,216.534973,41949,0.1131636,17.464427999999998,101.31637200000002,1.6124662391560032,2.3665126475381086,0.0,24.66328,35009,1.0200000000000729e-05,0.4302765,5.0260393,1.5786733220032003,2.1298280611326232,0.0,13.194032,36775,0.0024592000000000004,0.6139755,4.7244172,48.44772086970738,67.5930401195926,0.0,1008.112976,35894,0.0,4.461413,144.38960870000003,1.8169222807677832,0.38673477488776925,1.0,2.0,2,1.8169222807677832,0.38673477488776925,1.0,2.0,2,0.23482922468949946,0.02437598823066828,0.2,0.27,3,0.28167905532555515,0.0459496204905294,0.22,0.35,3,0.0,0.0,0.0,0.0,1,0.09756915694392174,0.022970975218539684,0.08,0.14,3,0.20344208694015806,0.03376022098489016,0.18,0.27,3,4507.110603483016,126.21536490053904,4247.210938,4891.720215,41553,4345.6268068,4499.803222500001,4683.0482422000005,0.8012662307113287,0.3366287335558095,0.2,1.0,4,0.23,1.0,1.0,0.19873376928867142,0.3366287335558096,0.0,0.8,4,0.0,0.0,0.77,7492837816.995369,137440857.23795956,7355396959.75741,0.14171727528585995,126.67697302719127,62.48602792160895,4678.139953461708,0.9816570356125668,0.018342964387433304,12.384650040086159
59,42512,231250.25843217399,925673.2519230474,0.844394,6078698.0,42461,7567.094873,24697.4677735,42688.78671880001,0.1574928781285284,0.05602233721898506,0.052266,0.267138,38064,0.0785866,0.1622785,0.23001960000000002,72.74359361392078,86.81371284048505,0.056147,433.069946,41973,0.1261717,39.885042,202.63274400000003,35.54299092731464,43.67684002696407,0.050358,216.534973,41949,0.1131636,17.464427999999998,101.31637200000002,1.6119678604864507,2.366849638318233,0.0,24.66328,34290,8.100000000000363e-06,0.4302765,5.0260393,1.578227265854348,2.1301565450650326,0.0,13.194032,36048,0.0018431000000000003,0.6139755,4.7244172,48.44772086970738,67.5930401195926,0.0,1008.112976,35894,0.0,4.461413,144.38960870000003,1.8169222807677832,0.38673477488776925,1.0,2.0,2,1.8169222807677832,0.38673477488776925,1.0,2.0,2,0.23482922468949946,0.02437598823066828,0.2,0.27,3,0.28167905532555515,0.0459496204905294,0.22,0.35,3,0.0,0.0,0.0,0.0,1,0.09756915694392174,0.022970975218539684,0.08,0.14,3,0.20344208694015806,0.03376022098489016,0.18,0.27,3,4507.110603483016,126.21536490053904,4247.210938,4891.720215,41553,4345.6268068,4499.803222500001,4683.0482422000005,0.8012662307113287,0.3366287335558095,0.2,1.0,4,0.23,1.0,1.0,0.19873376928867142,0.3366287335558096,0.0,0.8,4,0.0,0.0,0.77,9830910986.46858,187899275.71157193,9643011710.757008,0.1936620223180495,126.53051837877129,62.41151378899989,4677.390354713689,0.9808868907499824,0.019113109250017565,11.44937481729066
60,42512,92329.74060362746,333398.1070390671,0.632651,2201427.75,42466,5669.5497554,18501.163086,31975.3437505,0.11799954231746332,0.041974022454463786,0.03916,0.200149,36800,0.0588795,0.121585,0.1723388,72.91329692491531,86.67277467153595,0.216828,433.069946,42094,0.4872517,39.885042,202.63274400000003,35.54299092731464,43.67684002696407,0.050358,216.534973,41949,0.1131636,17.464427999999998,101.31637200000002,1.616231325884456,2.3639851163761403,0.0,24.66328,36799,2.9600000000002183e-05,0.4302765,5.0260393,1.5820453839151336,2.127359410727717,0.0,13.194032,38738,0.0071161,0.6139755,4.7244172,48.44772086970738,67.5930401195926,0.0,1008.112976,35894,0.0,4.461413,144.38960870000003,1.8169222807677832,0.38673477488776925,1.0,2.0,2,1.8169222807677832,0.38673477488776925,1.0,2.0,2,0.23482922468949946,0.02437598823066828,0.2,0.27,3,0.28167905532555515,0.0459496204905294,0.22,0.35,3,0.0,0.0,0.0,0.0,1,0.09756915694392174,0.022970975218539684,0.08,0.14,3,0.20344208694015806,0.03376022098489016,0.18,0.27,3,4507.110603483016,126.21536490053904,4247.210938,4891.720215,41553,4345.6268068,4499.803222500001,4683.0482422000005,0.8012662307113287,0.3366287335558095,0.2,1.0,4,0.23,1.0,1.0,0.19873376928867142,0.3366287335558096,0.0,0.8,4,0.0,0.0,0.77,3925121932.541411,140781146.28695273,3784340786.2544584,0.1437353554920556,123.39520073854521,60.79054757347069,4661.083725852433,0.9641333062497245,0.035866693750275604,16.540593048013303
61,42512,185044.951310035,744681.0196683975,0.643344,4888816.0,42468,5765.373682,18817.0146485,32524.61054670001,0.1199939129422281,0.042683449163416536,0.039822,0.203532,36779,0.0598754,0.12364,0.17525179999999999,72.83110313179809,86.74087921194858,0.139004,433.069946,42072,0.3123668,39.885042,202.63274400000003,35.54299092731464,43.67684002696407,0.050358,216.534973,41949,0.1131636,17.464427999999998,101.31637200000002,1.6141672650545729,2.365366730816424,0.0,24.66328,36259,1.9300000000001093e-05,0.4302765,5.0260393,1.5801962941051964,2.128709915314966,0.0,13.194032,38062,0.004562300000000001,0.6139755,4.7244172,48.44772086970738,67.5930401195926,0.0,1008.112976,35894,0.0,4.461413,144.38960870000003,1.8169222807677832,0.38673477488776925,1.0,2.0,2,1.8169222807677832,0.38673477488776925,1.0,2.0,2,0.23482922468949946,0.02437598823066828,0.2,0.27,3,0.28167905532555515,0.0459496204905294,0.22,0.35,3,0.0,0.0,0.0,0.0,1,0.09756915694392174,0.022970975218539684,0.08,0.14,3,0.20344208694015806,0.03376022098489016,0.18,0.27,3,4507.110603483016,126.21536490053904,4247.210938,4891.720215,41553,4345.6268068,4499.803222500001,4683.0482422000005,0.8012662307113287,0.3366287335558095,0.2,1.0,4,0.23,1.0,1.0,0.19873376928867142,0.3366287335558096,0.0,0.8,4,0.0,0.0,0.77,7866630970.092207,143160562.82918254,7723470407.263025,0.14762689535945853,126.70865128970915,62.50000922819459,4678.280603491016,0.9818015407900209,0.018198459209979253,14.654726519064775
62,42512,256357.45683667966,1059136.619567058,0.667212,6943897.0,42457,5979.2690921,19515.125,33731.27070360001,0.12444567907884835,0.044267001669766326,0.041299,0.211083,37000,0.0620965,0.128227,0.1817537,73.09551085458223,86.5228514335663,0.389355,433.069946,42118,0.8667056000000001,39.885042,202.63274400000003,35.54299092731464,43.67684002696407,0.050358,216.534973,41949,0.1131636,17.464427999999998,101.31637200000002,1.620801178232029,2.3609607104294317,0.0,24.66328,37326,5.300000000000363e-05,0.43029649999999997,5.0260393,1.5861434639160776,2.1243940169870466,0.0,13.194032,39230,0.012772400000000001,0.6139755,4.7244172,48.44772086970738,67.5930401195926,0.0,1008.112976,35894,0.0,4.461413,144.38960870000003,1.8169222807677832,0.38673477488776925,1.0,2.0,2,1.8169222807677832,0.38673477488776925,1.0,2.0,2,0.23482922468949946,0.02437598823066828,0.2,0.27,3,0.28167905532555515,0.0459496204905294,0.22,0.35,3,0.0,0.0,0.0,0.0,1,0.09756915694392174,0.022970975218539684,0.08,0.14,3,0.20344208694015806,0.03376022098489016,0.18,0.27,3,4507.110603483016,126.21536490053904,4247.210938,4891.720215,41553,4345.6268068,4499.803222500001,4683.0482422000005,0.8012662307113287,0.3366287335558095,0.2,1.0,4,0.23,1.0,1.0,0.19873376928867142,0.3366287335558096,0.0,0.8,4,0.0,0.0,0.77,10898268205.040926,148471810.5209975,10749796394.519928,0.1534965224225247,127.58243003406449,62.94265867780692,4682.733577633758,0.9863765684852275,0.013623431514772483,19.398667201844308
63,42512,178541.12345898608,722268.4286394613,0.590052,4740406.5,42460,5287.7902836,17258.2783205,29830.383984800006,0.11005403173221681,0.039147690706064685,0.036523,0.186672,36359,0.0549154,0.113398,0.1607347,73.15641090633233,86.47306933700224,0.447017,433.069946,42109,0.9795572000000001,39.885042,202.63274400000003,35.54299092731464,43.67684002696407,0.050358,216.534973,41949,0.1131636,17.464427999999998,101.31637200000002,1.6223267257245015,2.359961636998968,0.0,24.66328,37403,6.1100000000004e-05,0.43029649999999997,5.0260393,1.587512792952586,2.1234116808529113,0.0,13.194032,39346,0.014663500000000003,0.6139755,4.7244172,48.44772086970738,67.5930401195926,0.0,1008.112976,35894,0.0,4.461413,144.38960870000003,1.8169222807677832,0.38673477488776925,1.0,2.0,2,1.8169222807677832,0.38673477488776925,1.0,2.0,2,0.23482922468949946,0.02437598823066828,0.2,0.27,3,0.28167905532555515,0.0459496204905294,0.22,0.35,3,0.0,0.0,0.0,0.0,1,0.09756915694392174,0.022970975218539684,0.08,0.14,3,0.20344208694015806,0.03376022098489016,0.18,0.27,3,4507.110603483016,126.21536490053904,4247.210938,4891.720215,41553,4345.6268068,4499.803222500001,4683.0482422000005,0.8012662307113287,0.3366287335558095,0.2,1.0,4,0.23,1.0,1.0,0.19873376928867142,0.3366287335558096,0.0,0.8,4,0.0,0.0,0.77,7590140240.488417,131301633.81922412,7458838606.669192,0.13546626980316018,126.89823730440435,62.58703760916373,4679.15609268766,0.9827010266399537,0.017298973360046245,20.142003043416473
64,42512,121802.29018743201,457049.4165759458,0.69384,3011589.5,42466,6217.897216400001,20291.348633,35069.5867192,0.1294122210434701,0.046033668977367666,0.042947,0.219508,37190,0.0645745,0.133344,0.1890077,73.13526108828096,86.49033949832672,0.426992,433.069946,42110,0.9403533,39.885042,202.63274400000003,35.54299092731464,43.67684002696407,0.050358,216.534973,41949,0.1131636,17.464427999999998,101.31637200000002,1.6217970231699288,2.3603079384359003,0.0,24.66328,37384,5.810000000000401e-05,0.43029649999999997,5.0260393,1.5870372611968464,2.123752336098003,0.0,13.194032,39340,0.014006500000000002,0.6139755,4.7244172,48.44772086970738,67.5930401195926,0.0,1008.112976,35894,0.0,4.461413,144.38960870000003,1.8169222807677832,0.38673477488776925,1.0,2.0,2,1.8169222807677832,0.38673477488776925,1.0,2.0,2,0.23482922468949946,0.02437598823066828,0.2,0.27,3,0.28167905532555515,0.0459496204905294,0.22,0.35,3,0.0,0.0,0.0,0.0,1,0.09756915694392174,0.022970975218539684,0.08,0.14,3,0.20344208694015806,0.03376022098489016,0.18,0.27,3,4507.110603483016,126.21536490053904,4247.210938,4891.720215,41553,4345.6268068,4499.803222500001,4683.0482422000005,0.8012662307113287,0.3366287335558095,0.2,1.0,4,0.23,1.0,1.0,0.19873376928867142,0.3366287335558096,0.0,0.8,4,0.0,0.0,0.77,5178058960.44811,154397220.10648257,5023661740.341627,0.15817705786110225,124.55542607748703,61.37581925715593,4666.971453896377,0.9701824136639184,0.029817586336081624,19.892212013216422
65,42512,257339.51010339754,1053257.4576897554,0.750804,6908641.5,42464,6728.3802249,21960.0722655,37957.285546900006,0.1400368265666165,0.04981298180898312,0.046473,0.237529,37568,0.0698765,0.14429150000000002,0.2045247,72.8117450935971,86.75696198240684,0.120675,433.069946,42064,0.2711785,39.885042,202.63274400000003,35.54299092731464,43.67684002696407,0.050358,216.534973,41949,0.1131636,17.464427999999998,101.31637200000002,1.6136808979817463,2.3656937034899035,0.0,24.66328,35996,1.630000000000109e-05,0.4302765,5.0260393,1.579760755433762,2.1290291450423213,0.0,13.194032,37799,0.003961200000000001,0.6139755,4.7244172,48.44772086970738,67.5930401195926,0.0,1008.112976,35894,0.0,4.461413,144.38960870000003,1.8169222807677832,0.38673477488776925,1.0,2.0,2,1.8169222807677832,0.38673477488776925,1.0,2.0,2,0.23482922468949946,0.02437598823066828,0.2,0.27,3,0.28167905532555515,0.0459496204905294,0.22,0.35,3,0.0,0.0,0.0,0.0,1,0.09756915694392174,0.022970975218539684,0.08,0.14,3,0.20344208694015806,0.03376022098489016,0.18,0.27,3,4507.110603483016,126.21536490053904,4247.210938,4891.720215,41553,4345.6268068,4499.803222500001,4683.0482422000005,0.8012662307113287,0.3366287335558095,0.2,1.0,4,0.23,1.0,1.0,0.19873376928867142,0.3366287335558096,0.0,0.8,4,0.0,0.0,0.77,10940017253.515636,167073065.76887563,10772944187.746761,0.17256810359903124,127.25821756067026,62.78317955540788,4681.129246073494,0.984728263045912,0.015271736954088053,14.101240608106188
66,42512,128660.5158693003,510108.01201638486,0.509842,3351432.0,42458,4568.980176,14911.135254,25772.041406400003,0.09509352966221302,0.033826044330794384,0.031558,0.161297,35564,0.047450400000000004,0.097983,0.1388848,72.84804950839764,86.72681351006769,0.155049,433.069946,42082,0.348424,39.885042,202.63274400000003,35.54299092731464,43.67684002696407,0.050358,216.534973,41949,0.1131636,17.464427999999998,101.31637200000002,1.6145929633280014,2.365080987252403,0.0,24.66328,36362,2.1400000000001455e-05,0.4302765,5.0260393,1.5805775583599955,2.1284308194331625,0.0,13.194032,38246,0.005089300000000001,0.6139755,4.7244172,48.44772086970738,67.5930401195926,0.0,1008.112976,35894,0.0,4.461413,144.38960870000003,1.8169222807677832,0.38673477488776925,1.0,2.0,2,1.8169222807677832,0.38673477488776925,1.0,2.0,2,0.23482922468949946,0.02437598823066828,0.2,0.27,3,0.28167905532555515,0.0459496204905294,0.22,0.35,3,0.0,0.0,0.0,0.0,1,0.09756915694392174,0.022970975218539684,0.08,0.14,3,0.20344208694015806,0.03376022098489016,0.18,0.27,3,4507.110603483016,126.21536490053904,4247.210938,4891.720215,41553,4345.6268068,4499.803222500001,4683.0482422000005,0.8012662307113287,0.3366287335558095,0.2,1.0,4,0.23,1.0,1.0,0.19873376928867142,0.3366287335558096,0.0,0.8,4,0.0,0.0,0.77,5469615850.6356945,113452782.24077764,5356163068.394917,0.11682545426476403,126.23130992953313,62.253877397906656,4675.8045619874965,0.9792576324665302,0.0207423675334698,15.097161503714824
67,42512,76553.03961813288,276608.3713649433,0.523084,1826379.875,42462,4687.6519530000005,15296.983886999999,26437.5994143,0.09756343702954459,0.034704627307558016,0.032378,0.165486,35728,0.04868240000000001,0.100528,0.1424918,72.9515329327484,86.64119372706028,0.253031,433.069946,42089,0.5686072,39.885042,202.63274400000003,35.54299092731464,43.67684002696407,0.050358,216.534973,41949,0.1131636,17.464427999999998,101.31637200000002,1.6171909466033123,2.3633460834026545,0.0,24.66328,36995,3.460000000000218e-05,0.4302765,5.0260393,1.5829054595173175,2.1267338896321992,0.0,13.194032,38879,0.008304100000000002,0.6139755,4.7244172,48.44772086970738,67.5930401195926,0.0,1008.112976,35894,0.0,4.461413,144.38960870000003,1.8169222807677832,0.38673477488776925,1.0,2.0,2,1.8169222807677832,0.38673477488776925,1.0,2.0,2,0.23482922468949946,0.02437598823066828,0.2,0.27,3,0.28167905532555515,0.0459496204905294,0.22,0.35,3,0.0,0.0,0.0,0.0,1,0.09756915694392174,0.022970975218539684,0.08,0.14,3,0.20344208694015806,0.03376022098489016,0.18,0.27,3,4507.110603483016,126.21536490053904,4247.210938,4891.720215,41553,4345.6268068,4499.803222500001,4683.0482422000005,0.8012662307113287,0.3366287335558095,0.2,1.0,4,0.23,1.0,1.0,0.19873376928867142,0.3366287335558096,0.0,0.8,4,0.0,0.0,0.77,3254422820.246065,116399543.05561954,3138023277.1904454,0.11884886201511252,123.41895511075721,60.80023487053575,4661.181178013628,0.9642334295557764,0.035766570444223544,17.25081381565132
68,42512,158957.77744570072,649485.5343946957,0.472807,4260546.5,42466,4237.0952146,13829.022949499999,23903.024023900005,0.08818607216785848,0.03136896355997512,0.029266,0.14958,35187,0.044003400000000005,0.0908655,0.1287968,73.0549187009315,86.5561237975054,0.350921,433.069946,42095,0.7885824,39.885042,202.63274400000003,35.54299092731464,43.67684002696407,0.050358,216.534973,41949,0.1131636,17.464427999999998,101.31637200000002,1.6197838453377873,2.3616298916572016,0.0,24.66328,37252,4.790000000000327e-05,0.43029649999999997,5.0260393,1.5852306611309812,2.125051219693984,0.0,13.194032,39196,0.011511300000000002,0.6139755,4.7244172,48.44772086970738,67.5930401195926,0.0,1008.112976,35894,0.0,4.461413,144.38960870000003,1.8169222807677832,0.38673477488776925,1.0,2.0,2,1.8169222807677832,0.38673477488776925,1.0,2.0,2,0.23482922468949946,0.02437598823066828,0.2,0.27,3,0.28167905532555515,0.0459496204905294,0.22,0.35,3,0.0,0.0,0.0,0.0,1,0.09756915694392174,0.022970975218539684,0.08,0.14,3,0.20344208694015806,0.03376022098489016,0.18,0.27,3,4507.110603483016,126.21536490053904,4247.210938,4891.720215,41553,4345.6268068,4499.803222500001,4683.0482422000005,0.8012662307113287,0.3366287335558095,0.2,1.0,4,0.23,1.0,1.0,0.19873376928867142,0.3366287335558096,0.0,0.8,4,0.0,0.0,0.77,6757613034.771629,105211731.35561606,6652401303.416013,0.10865403865767387,127.21589616960479,62.754383200371365,4680.839559910923,0.9844306368514675,0.015569363148532469,18.85742019038009
69,42512,172626.45448964878,678037.9739037685,0.736166,4456915.0,42471,6597.2000973,21529.1582035,37212.535546700004,0.13730659785472338,0.04884179490290046,0.045567,0.232898,37458,0.06851360000000001,0.1414785,0.2005376,72.91434650381069,86.67190691881018,0.217822,433.069946,42092,0.4894848,39.885042,202.63274400000003,35.54299092731464,43.67684002696407,0.050358,216.534973,41949,0.1131636,17.464427999999998,101.31637200000002,1.616257673527475,2.3639675429021056,0.0,24.66328,36801,2.9600000000002183e-05,0.4302765,5.0260393,1.5820689939076065,2.127342217082814,0.0,13.194032,38718,0.007149,0.6139755,4.7244172,48.44772086970738,67.5930401195926,0.0,1008.112976,35894,0.0,4.461413,144.38960870000003,1.8169222807677832,0.38673477488776925,1.0,2.0,2,1.8169222807677832,0.38673477488776925,1.0,2.0,2,0.23482922468949946,0.02437598823066828,0.2,0.27,3,0.28167905532555515,0.0459496204905294,0.22,0.35,3,0.0,0.0,0.0,0.0,1,0.09756915694392174,0.022970975218539684,0.08,0.14,3,0.20344208694015806,0.03376022098489016,0.18,0.27,3,4507.110603483016,126.21536490053904,4247.210938,4891.720215,41553,4345.6268068,4499.803222500001,4683.0482422000005,0.8012662307113287,0.3366287335558095,0.2,1.0,4,0.23,1.0,1.0,0.19873376928867142,0.3366287335558096,0.0,0.8,4,0.0,0.0,0.77,7338695833.263948,163815721.90122634,7174880111.362722,0.16853595220869894,125.93953215210153,62.10102481755142,4674.266891922653,0.9776778155651714,0.022322184434828644,16.56120004505579
70,42512,212373.76590933144,874852.4708273298,0.573665,5736546.0,42458,5140.9401852,16778.988281500002,29001.947851700006,0.10699766390666163,0.038060497927357904,0.035509,0.181488,36329,0.053390400000000005,0.110249,0.1562708,72.98979464165413,86.6096557467932,0.289259,433.069946,42096,0.6500167,39.885042,202.63274400000003,35.54299092731464,43.67684002696407,0.050358,216.534973,41949,0.1131636,17.464427999999998,101.31637200000002,1.6181508469843813,2.3627089610237917,0.0,24.66328,37146,3.9700000000002544e-05,0.43029649999999997,5.0260393,1.5837660435406524,2.126109681093369,0.0,13.194032,38994,0.009492100000000002,0.6139755,4.7244172,48.44772086970738,67.5930401195926,0.0,1008.112976,35894,0.0,4.461413,144.38960870000003,1.8169222807677832,0.38673477488776925,1.0,2.0,2,1.8169222807677832,0.38673477488776925,1.0,2.0,2,0.23482922468949946,0.02437598823066828,0.2,0.27,3,0.28167905532555515,0.0459496204905294,0.22,0.35,3,0.0,0.0,0.0,0.0,1,0.09756915694392174,0.022970975218539684,0.08,0.14,3,0.20344208694015806,0.03376022098489016,0.18,0.27,3,4507.110603483016,126.21536490053904,4247.210938,4891.720215,41553,4345.6268068,4499.803222500001,4683.0482422000005,0.8012662307113287,0.3366287335558095,0.2,1.0,4,0.23,1.0,1.0,0.19873376928867142,0.3366287335558096,0.0,0.8,4,0.0,0.0,0.77,9028433536.337498,127655185.38783552,8900778350.949661,0.13193734170675028,127.48047203502168,62.89275250493433,4682.231530349558,0.9858607603551545,0.014139239644845468,17.890901757548946
71,42512,231916.9424652025,927176.9262526229,0.856333,6088967.0,42458,7674.0907225,25046.680664,43292.38828130001,0.1597197698767407,0.0568144619475432,0.053005,0.270915,38085,0.07969760000000001,0.1645725,0.2332717,72.72533448960293,86.8289519273286,0.038858,433.069946,41888,0.0873215,39.885042,202.63274400000003,35.54299092731464,43.67684002696407,0.050358,216.534973,41949,0.1131636,17.464427999999998,101.31637200000002,1.6115087077531052,2.3671606080559977,0.0,24.66328,33351,5.1000000000003645e-06,0.4302765,5.0260393,1.577816376599549,2.1304595303344356,0.0,13.194032,35077,0.0012751000000000004,0.6139755,4.7244172,48.44772086970738,67.5930401195926,0.0,1008.112976,35894,0.0,4.461413,144.38960870000003,1.8169222807677832,0.38673477488776925,1.0,2.0,2,1.8169222807677832,0.38673477488776925,1.0,2.0,2,0.23482922468949946,0.02437598823066828,0.2,0.27,3,0.28167905532555515,0.0459496204905294,0.22,0.35,3,0.0,0.0,0.0,0.0,1,0.09756915694392174,0.022970975218539684,0.08,0.14,3,0.20344208694015806,0.03376022098489016,0.18,0.27,3,4507.110603483016,126.21536490053904,4247.210938,4891.720215,41553,4345.6268068,4499.803222500001,4683.0482422000005,0.8012662307113287,0.3366287335558095,0.2,1.0,4,0.23,1.0,1.0,0.19873376928867142,0.3366287335558096,0.0,0.8,4,0.0,0.0,0.77,9859253058.080688,190556097.6962784,9668696960.384409,0.19637669826013468,126.48881185162915,62.39075715514985,4677.181546874204,0.9806723596023231,0.019327640397676753,10.357642432416196
72,42512,346517.6300625953,1439088.7308399857,0.841062,9432460.0,42460,7537.2396488,24600.026367500002,42525.50195340001,0.1568715094326308,0.05580129200139386,0.05206,0.266084,38010,0.0782766,0.1616375,0.2291117,73.0406831228359,86.56780951408427,0.337442,433.069946,42103,0.7582933000000001,39.885042,202.63274400000003,35.54299092731464,43.67684002696407,0.050358,216.534973,41949,0.1131636,17.464427999999998,101.31637200000002,1.619426974642454,2.361865190884232,0.0,24.66328,37232,4.590000000000328e-05,0.43029649999999997,5.0260393,1.584910526298463,2.1252821605486396,0.0,13.194032,39133,0.011072100000000001,0.6139755,4.7244172,48.44772086970738,67.5930401195926,0.0,1008.112976,35894,0.0,4.461413,144.38960870000003,1.8169222807677832,0.38673477488776925,1.0,2.0,2,1.8169222807677832,0.38673477488776925,1.0,2.0,2,0.23482922468949946,0.02437598823066828,0.2,0.27,3,0.28167905532555515,0.0459496204905294,0.22,0.35,3,0.0,0.0,0.0,0.0,1,0.09756915694392174,0.022970975218539684,0.08,0.14,3,0.20344208694015806,0.03376022098489016,0.18,0.27,3,4507.110603483016,126.21536490053904,4247.210938,4891.720215,41553,4345.6268068,4499.803222500001,4683.0482422000005,0.8012662307113287,0.3366287335558095,0.2,1.0,4,0.23,1.0,1.0,0.19873376928867142,0.3366287335558096,0.0,0.8,4,0.0,0.0,0.77,14731157489.22105,187157931.39776447,14543999557.823288,0.19359126451162403,127.75184456519402,63.031529489072284,4683.627601214488,0.9872950966999906,0.012704903300009519,18.657389450047283
73,42512,163225.3541890247,629924.4747354207,0.787397,4144486.75,42466,7056.3154296,23027.4248045,39802.24570290001,0.14686209246800905,0.05224082342818846,0.048738,0.249106,37801,0.0732816,0.1513245,0.21449269999999998,72.76273988412684,86.79774895407814,0.074275,433.069946,42020,0.166909,39.885042,202.63274400000003,35.54299092731464,43.67684002696407,0.050358,216.534973,41949,0.1131636,17.464427999999998,101.31637200000002,1.612449235298269,2.366524135755111,0.0,24.66328,34984,1.0200000000000729e-05,0.4302765,5.0260393,1.5786581030767795,2.129839261200966,0.0,13.194032,36750,0.0024381000000000003,0.6139755,4.7244172,48.44772086970738,67.5930401195926,0.0,1008.112976,35894,0.0,4.461413,144.38960870000003,1.8169222807677832,0.38673477488776925,1.0,2.0,2,1.8169222807677832,0.38673477488776925,1.0,2.0,2,0.23482922468949946,0.02437598823066828,0.2,0.27,3,0.28167905532555515,0.0459496204905294,0.22,0.35,3,0.0,0.0,0.0,0.0,1,0.09756915694392174,0.022970975218539684,0.08,0.14,3,0.20344208694015806,0.03376022098489016,0.18,0.27,3,4507.110603483016,126.21536490053904,4247.210938,4891.720215,41553,4345.6268068,4499.803222500001,4683.0482422000005,0.8012662307113287,0.3366287335558095,0.2,1.0,4,0.23,1.0,1.0,0.19873376928867142,0.3366287335558096,0.0,0.8,4,0.0,0.0,0.77,6939036257.283818,175216057.258593,6763820200.025225,0.17996813325473182,125.37557903083882,61.817673540523664,4671.416428854341,0.9747492229811205,0.025250777018879376,12.355732653095586
74,42512,107697.54280187347,381873.2583256377,0.79532,2524054.25,42464,7127.3165524,23258.222655999998,40196.914844000006,0.14833983837504705,0.05276647745400673,0.049229,0.251612,37823,0.0740196,0.152847,0.21665160000000003,72.89658287062477,86.68659973185322,0.201002,433.069946,42085,0.4516886,39.885042,202.63274400000003,35.54299092731464,43.67684002696407,0.050358,216.534973,41949,0.1131636,17.464427999999998,101.31637200000002,1.6158117369448626,2.3642651890450903,0.0,24.66328,36768,2.7500000000001817e-05,0.4302765,5.0260393,1.5816693984522054,2.1276333875350484,0.0,13.194032,38605,0.006597500000000002,0.6139755,4.7244172,48.44772086970738,67.5930401195926,0.0,1008.112976,35894,0.0,4.461413,144.38960870000003,1.8169222807677832,0.38673477488776925,1.0,2.0,2,1.8169222807677832,0.38673477488776925,1.0,2.0,2,0.23482922468949946,0.02437598823066828,0.2,0.27,3,0.28167905532555515,0.0459496204905294,0.22,0.35,3,0.0,0.0,0.0,0.0,1,0.09756915694392174,0.022970975218539684,0.08,0.14,3,0.20344208694015806,0.03376022098489016,0.18,0.27,3,4507.110603483016,126.21536490053904,4247.210938,4891.720215,41553,4345.6268068,4499.803222500001,4683.0482422000005,0.8012662307113287,0.3366287335558095,0.2,1.0,4,0.23,1.0,1.0,0.19873376928867142,0.3366287335558096,0.0,0.8,4,0.0,0.0,0.77,4578437939.593245,176979100.0618026,4401458839.531443,0.18040764289195996,122.86911595699425,60.520778322017236,4658.3698955608,0.9613450914052305,0.0386549085947697,16.202775413271716
75,42512,122628.0362023779,470069.44671263057,0.617523,3093851.25,42461,5533.9750977,18059.4541015,31212.195507600005,0.11517784604347009,0.04097031282056417,0.038223,0.195363,36680,0.05747240000000001,0.118677,0.1682178,73.19151258308243,86.444450165266,0.480253,433.069946,42114,1.0446722000000002,39.885042,202.63274400000003,35.54299092731464,43.67684002696407,0.050358,216.534973,41949,0.1131636,17.464427999999998,101.31637200000002,1.6232056172139633,2.3593884508287655,0.0,24.66328,37467,6.610000000000399e-05,0.43029649999999997,5.0260393,1.5883019717962072,2.1228474763844125,0.0,13.194032,39414,0.0157511,0.6139755,4.7244172,48.44772086970738,67.5930401195926,0.0,1008.112976,35894,0.0,4.461413,144.38960870000003,1.8169222807677832,0.38673477488776925,1.0,2.0,2,1.8169222807677832,0.38673477488776925,1.0,2.0,2,0.23482922468949946,0.02437598823066828,0.2,0.27,3,0.28167905532555515,0.0459496204905294,0.22,0.35,3,0.0,0.0,0.0,0.0,1,0.09756915694392174,0.022970975218539684,0.08,0.14,3,0.20344208694015806,0.03376022098489016,0.18,0.27,3,4507.110603483016,126.21536490053904,4247.210938,4891.720215,41553,4345.6268068,4499.803222500001,4683.0482422000005,0.8012662307113287,0.3366287335558095,0.2,1.0,4,0.23,1.0,1.0,0.19873376928867142,0.3366287335558096,0.0,0.8,4,0.0,0.0,0.77,5213163075.035489,137414683.4754455,5075748391.560043,0.14105349339187154,125.20765221030337,61.71043214315586,4670.337600001728,0.9736408239110168,0.026359176088983183,20.539169060261024
76,42512,305521.9519442448,1261110.3025244956,0.804538,8268455.0,42460,7209.9200686,23531.722656,40673.832421700004,0.15005905915976667,0.05337801911283877,0.049799,0.254528,37838,0.0748775,0.1546185,0.2191626,72.77154357508466,86.79041392922498,0.082611,433.069946,42025,0.1856411,39.885042,202.63274400000003,35.54299092731464,43.67684002696407,0.050358,216.534973,41949,0.1131636,17.464427999999998,101.31637200000002,1.612670546551562,2.3663746641990726,0.0,24.66328,35261,1.1200000000000728e-05,0.4302765,5.0260393,1.578856199402523,2.1296935171878015,0.0,13.194032,37014,0.0027112000000000004,0.6139755,4.7244172,48.44772086970738,67.5930401195926,0.0,1008.112976,35894,0.0,4.461413,144.38960870000003,1.8169222807677832,0.38673477488776925,1.0,2.0,2,1.8169222807677832,0.38673477488776925,1.0,2.0,2,0.23482922468949946,0.02437598823066828,0.2,0.27,3,0.28167905532555515,0.0459496204905294,0.22,0.35,3,0.0,0.0,0.0,0.0,1,0.09756915694392174,0.022970975218539684,0.08,0.14,3,0.20344208694015806,0.03376022098489016,0.18,0.27,3,4507.110603483016,126.21536490053904,4247.210938,4891.720215,41553,4345.6268068,4499.803222500001,4683.0482422000005,0.8012662307113287,0.3366287335558095,0.2,1.0,4,0.23,1.0,1.0,0.19873376928867142,0.3366287335558096,0.0,0.8,4,0.0,0.0,0.77,12988349221.053736,179030238.8216726,12809318982.232063,0.18507252553387946,127.5362381392927,62.927131861847556,4682.577380378258,0.9862160898375392,0.013783910162460814,12.718792274749138
77,42512,274392.0498885387,1138801.3966708418,0.672113,7464484.0,42465,6023.1839352,19658.453125,33983.119922100006,0.12535967378622506,0.04459211429485815,0.041602,0.212634,37085,0.0625525,0.12916850000000002,0.1830887,72.93225713104536,86.65710652106878,0.23478,433.069946,42095,0.5275939000000001,39.885042,202.63274400000003,35.54299092731464,43.67684002696407,0.050358,216.534973,41949,0.1131636,17.464427999999998,101.31637200000002,1.6167072211375615,2.363667944991542,0.0,24.66328,36909,3.250000000000182e-05,0.4302765,5.0260393,1.5824718801514908,2.1270490158852167,0.0,13.194032,38785,0.0077051,0.6139755,4.7244172,48.44772086970738,67.5930401195926,0.0,1008.112976,35894,0.0,4.461413,144.38960870000003,1.8169222807677832,0.38673477488776925,1.0,2.0,2,1.8169222807677832,0.38673477488776925,1.0,2.0,2,0.23482922468949946,0.02437598823066828,0.2,0.27,3,0.28167905532555515,0.0459496204905294,0.22,0.35,3,0.0,0.0,0.0,0.0,1,0.09756915694392174,0.022970975218539684,0.08,0.14,3,0.20344208694015806,0.03376022098489016,0.18,0.27,3,4507.110603483016,126.21536490053904,4247.210938,4891.720215,41553,4345.6268068,4499.803222500001,4683.0482422000005,0.8012662307113287,0.3366287335558095,0.2,1.0,4,0.23,1.0,1.0,0.19873376928867142,0.3366287335558096,0.0,0.8,4,0.0,0.0,0.77,11664954824.861559,149562261.45059907,11515392563.41096,0.15469320426225702,127.72496695412522,63.02024795445609,4683.514111521372,0.9871784962997168,0.01282150370028322,16.902742057102888
78,42512,133187.4981389911,514773.1443376398,0.636195,3386598.5,42463,5701.305810700001,18605.5146485,32159.103516000003,0.11866046648005268,0.04220912488169135,0.039379,0.201271,36790,0.0592095,0.122266,0.1733047,73.0861911121801,86.53048417614099,0.38053,433.069946,42111,0.8473504000000001,39.885042,202.63274400000003,35.54299092731464,43.67684002696407,0.050358,216.534973,41949,0.1131636,17.464427999999998,101.31637200000002,1.6205676402662783,2.3611141192622673,0.0,24.66328,37315,5.2000000000003636e-05,0.43029649999999997,5.0260393,1.5859338967350465,2.1245447340868777,0.0,13.194032,39252,0.012482400000000001,0.6139755,4.7244172,48.44772086970738,67.5930401195926,0.0,1008.112976,35894,0.0,4.461413,144.38960870000003,1.8169222807677832,0.38673477488776925,1.0,2.0,2,1.8169222807677832,0.38673477488776925,1.0,2.0,2,0.23482922468949946,0.02437598823066828,0.2,0.27,3,0.28167905532555515,0.0459496204905294,0.22,0.35,3,0.0,0.0,0.0,0.0,1,0.09756915694392174,0.022970975218539684,0.08,0.14,3,0.20344208694015806,0.03376022098489016,0.18,0.27,3,4507.110603483016,126.21536490053904,4247.210938,4891.720215,41553,4345.6268068,4499.803222500001,4683.0482422000005,0.8012662307113287,0.3366287335558095,0.2,1.0,4,0.23,1.0,1.0,0.19873376928867142,0.3366287335558096,0.0,0.8,4,0.0,0.0,0.77,5662066920.884789,141569677.1867209,5520497243.698069,0.14542950546925398,125.45147709574013,61.84162942726425,4671.65742060709,0.9749968202133863,0.025003179786613747,19.277961092327633
79,42512,255766.35493832832,1051672.0679804583,0.706632,6896621.5,42468,6332.5317387000005,20668.1025395,35724.15507840001,0.13179808564640572,0.04688234485856278,0.043739,0.223554,37334,0.0657655,0.1358025,0.1924917,73.04639976510161,86.56311575966214,0.342855,433.069946,42105,0.7704564,39.885042,202.63274400000003,35.54299092731464,43.67684002696407,0.050358,216.534973,41949,0.1131636,17.464427999999998,101.31637200000002,1.619570291023711,2.361770661874775,0.0,24.66328,37258,4.6900000000003275e-05,0.43029649999999997,5.0260393,1.5850390854347072,2.1251893917340725,0.0,13.194032,39191,0.0112501,0.6139755,4.7244172,48.44772086970738,67.5930401195926,0.0,1008.112976,35894,0.0,4.461413,144.38960870000003,1.8169222807677832,0.38673477488776925,1.0,2.0,2,1.8169222807677832,0.38673477488776925,1.0,2.0,2,0.23482922468949946,0.02437598823066828,0.2,0.27,3,0.28167905532555515,0.0459496204905294,0.22,0.35,3,0.0,0.0,0.0,0.0,1,0.09756915694392174,0.022970975218539684,0.08,0.14,3,0.20344208694015806,0.03376022098489016,0.18,0.27,3,4507.110603483016,126.21536490053904,4247.210938,4891.720215,41553,4345.6268068,4499.803222500001,4683.0482422000005,0.8012662307113287,0.3366287335558095,0.2,1.0,4,0.23,1.0,1.0,0.19873376928867142,0.3366287335558096,0.0,0.8,4,0.0,0.0,0.77,10873139281.138214,157243709.62603647,10715895571.512178,0.16248909072428774,127.42295653068544,62.86155658292037,4681.917705610425,0.9855383339107218,0.014461666089278312,18.738403251868668
80,42512,118999.48072640502,464258.05101065495,0.533144,3052765.0,42460,4777.8049316999995,15591.7822265,26949.954296900003,0.09943977349924728,0.03537206941053843,0.033,0.168669,35869,0.049619300000000005,0.102461,0.1452328,72.84163384075084,86.73213711641932,0.148975,433.069946,42078,0.3347729,39.885042,202.63274400000003,35.54299092731464,43.67684002696407,0.050358,216.534973,41949,0.1131636,17.464427999999998,101.31637200000002,1.6144318076778323,2.365189111929849,0.0,24.66328,36315,2.0400000000001458e-05,0.4302765,5.0260393,1.580433218667673,2.12853644126243,0.0,13.194032,38144,0.004890300000000001,0.6139755,4.7244172,48.44772086970738,67.5930401195926,0.0,1008.112976,35894,0.0,4.461413,144.38960870000003,1.8169222807677832,0.38673477488776925,1.0,2.0,2,1.8169222807677832,0.38673477488776925,1.0,2.0,2,0.23482922468949946,0.02437598823066828,0.2,0.27,3,0.28167905532555515,0.0459496204905294,0.22,0.35,3,0.0,0.0,0.0,0.0,1,0.09756915694392174,0.022970975218539684,0.08,0.14,3,0.20344208694015806,0.03376022098489016,0.18,0.27,3,4507.110603483016,126.21536490053904,4247.210938,4891.720215,41553,4345.6268068,4499.803222500001,4683.0482422000005,0.8012662307113287,0.3366287335558095,0.2,1.0,4,0.23,1.0,1.0,0.19873376928867142,0.3366287335558096,0.0,0.8,4,0.0,0.0,0.77,5058905924.64093,118638137.64716366,4940267786.993767,0.12197916591256225,125.72126320780256,61.99177484634823,4673.1678572399915,0.9765486570783417,0.023451342921658368,14.933766040192971
81,42512,141111.35550701243,537098.4621074833,0.741816,3536349.75,42459,6647.833154399999,21694.391602,37494.4660161,0.13836040612062478,0.04921664931728098,0.045917,0.234685,37480,0.0690396,0.14256449999999998,0.2020767,72.79848096572734,86.76799134926905,0.108116,433.069946,42055,0.24295640000000002,39.885042,202.63274400000003,35.54299092731464,43.67684002696407,0.050358,216.534973,41949,0.1131636,17.464427999999998,101.31637200000002,1.613347586563794,2.3659180923897005,0.0,24.66328,35787,1.5200000000000729e-05,0.4302765,5.0260393,1.5794623147581879,2.1292481366478366,0.0,13.194032,37567,0.0035492000000000006,0.6139755,4.7244172,48.44772086970738,67.5930401195926,0.0,1008.112976,35894,0.0,4.461413,144.38960870000003,1.8169222807677832,0.38673477488776925,1.0,2.0,2,1.8169222807677832,0.38673477488776925,1.0,2.0,2,0.23482922468949946,0.02437598823066828,0.2,0.27,3,0.28167905532555515,0.0459496204905294,0.22,0.35,3,0.0,0.0,0.0,0.0,1,0.09756915694392174,0.022970975218539684,0.08,0.14,3,0.20344208694015806,0.03376022098489016,0.18,0.27,3,4507.110603483016,126.21536490053904,4247.210938,4891.720215,41553,4345.6268068,4499.803222500001,4683.0482422000005,0.8012662307113287,0.3366287335558095,0.2,1.0,4,0.23,1.0,1.0,0.19873376928867142,0.3366287335558096,0.0,0.8,4,0.0,0.0,0.77,5998925945.314112,165072984.3832735,5833852960.930838,0.1693337154484035,124.9521904710644,61.59840011658311,4669.210577188676,0.9724829101262341,0.02751708987376574,13.685552748823072
82,42512,300576.74317001645,1234080.560213367,0.845481,8093428.5,42457,7576.8341798,24729.2539065,42743.72734350001,0.15769557917764396,0.05609443476783275,0.052333,0.267481,38089,0.07868760000000001,0.16248649999999998,0.2303156,73.20468932943639,86.43372091756952,0.492729,433.069946,42115,1.0679707,39.885042,202.63274400000003,35.54299092731464,43.67684002696407,0.050358,216.534973,41949,0.1131636,17.464427999999998,101.31637200000002,1.6235354658214152,2.35917378525925,0.0,24.66328,37488,6.720000000000437e-05,0.43029649999999997,5.0260393,1.5885982064593616,2.122636057068289,0.0,13.194032,39398,0.016161099999999998,0.6139755,4.7244172,48.44772086970738,67.5930401195926,0.0,1008.112976,35894,0.0,4.461413,144.38960870000003,1.8169222807677832,0.38673477488776925,1.0,2.0,2,1.8169222807677832,0.38673477488776925,1.0,2.0,2,0.23482922468949946,0.02437598823066828,0.2,0.27,3,0.28167905532555515,0.0459496204905294,0.22,0.35,3,0.0,0.0,0.0,0.0,1,0.09756915694392174,0.022970975218539684,0.08,0.14,3,0.20344208694015806,0.03376022098489016,0.18,0.27,3,4507.110603483016,126.21536490053904,4247.210938,4891.720215,41553,4345.6268068,4499.803222500001,4683.0482422000005,0.8012662307113287,0.3366287335558095,0.2,1.0,4,0.23,1.0,1.0,0.19873376928867142,0.3366287335558096,0.0,0.8,4,0.0,0.0,0.77,12778118505.64374,188141106.60784346,12589977399.035896,0.19438867165177012,127.38229296440548,62.836204564924934,4681.66266825144,0.985276306012912,0.01472369398708791,20.683095894867705
83,42512,140258.4746200685,556764.7266255738,0.550304,3657738.25,42452,4931.588184,16094.5283205,27817.389648100005,0.10264044380410238,0.036510588697340446,0.034063,0.174098,36045,0.0512164,0.105759,0.1499068,72.85736925037637,86.71908336146528,0.163874,433.069946,42071,0.3682531,39.885042,202.63274400000003,35.54299092731464,43.67684002696407,0.050358,216.534973,41949,0.1131636,17.464427999999998,101.31637200000002,1.614827045634174,2.3649240391796176,0.0,24.66328,36461,2.2400000000001456e-05,0.4302765,5.0260393,1.58078722993508,2.128277474665742,0.0,13.194032,38296,0.005379300000000001,0.6139755,4.7244172,48.44772086970738,67.5930401195926,0.0,1008.112976,35894,0.0,4.461413,144.38960870000003,1.8169222807677832,0.38673477488776925,1.0,2.0,2,1.8169222807677832,0.38673477488776925,1.0,2.0,2,0.23482922468949946,0.02437598823066828,0.2,0.27,3,0.28167905532555515,0.0459496204905294,0.22,0.35,3,0.0,0.0,0.0,0.0,1,0.09756915694392174,0.022970975218539684,0.08,0.14,3,0.20344208694015806,0.03376022098489016,0.18,0.27,3,4507.110603483016,126.21536490053904,4247.210938,4891.720215,41553,4345.6268068,4499.803222500001,4683.0482422000005,0.8012662307113287,0.3366287335558095,0.2,1.0,4,0.23,1.0,1.0,0.19873376928867142,0.3366287335558096,0.0,0.8,4,0.0,0.0,0.77,5962668273.048352,122456743.06736541,5840211529.980986,0.1261116093960917,126.27058288263736,62.273724362383135,4676.004218282613,0.9794627610560059,0.02053723894399389,15.326415187605319
84,42512,91727.05005054528,345211.9674976311,0.514216,2274309.75,42460,4608.180712800001,15038.2363285,25990.6175785,0.09590941926985322,0.03411626113361118,0.031829,0.16268,35652,0.0478574,0.0988235,0.1400767,72.96808765075744,86.62754028373773,0.268706,433.069946,42093,0.6038304,39.885042,202.63274400000003,35.54299092731464,43.67684002696407,0.050358,216.534973,41949,0.1131636,17.464427999999998,101.31637200000002,1.61760631292341,2.363070131669914,0.0,24.66328,37086,3.6700000000002545e-05,0.4302765,5.0260393,1.5832778166164894,2.126463600775995,0.0,13.194032,38976,0.0088172,0.6139755,4.7244172,48.44772086970738,67.5930401195926,0.0,1008.112976,35894,0.0,4.461413,144.38960870000003,1.8169222807677832,0.38673477488776925,1.0,2.0,2,1.8169222807677832,0.38673477488776925,1.0,2.0,2,0.23482922468949946,0.02437598823066828,0.2,0.27,3,0.28167905532555515,0.0459496204905294,0.22,0.35,3,0.0,0.0,0.0,0.0,1,0.09756915694392174,0.022970975218539684,0.08,0.14,3,0.20344208694015806,0.03376022098489016,0.18,0.27,3,4507.110603483016,126.21536490053904,4247.210938,4891.720215,41553,4345.6268068,4499.803222500001,4683.0482422000005,0.8012662307113287,0.3366287335558095,0.2,1.0,4,0.23,1.0,1.0,0.19873376928867142,0.3366287335558096,0.0,0.8,4,0.0,0.0,0.77,3899500351.7487807,114426188.37854242,3785074163.3702383,0.11725882485717606,124.62629759271721,61.421658989233016,4667.432593048142,0.9706561923177602,0.029343807682239736,17.535445745746188
85,42512,134105.08790994118,537196.6928176569,0.486522,3527524.5,42463,4359.9988279,14230.154297000001,24596.368359300002,0.0907440390948438,0.032278876103290326,0.030115,0.153919,35263,0.0452803,0.093501,0.1325318,73.12688195744731,86.49718704313531,0.419058,433.069946,42114,0.9254778000000001,39.885042,202.63274400000003,35.54299092731464,43.67684002696407,0.050358,216.534973,41949,0.1131636,17.464427999999998,101.31637200000002,1.6215871369495674,2.3604453308164866,0.0,24.66328,37377,5.7100000000004004e-05,0.43029649999999997,5.0260393,1.586848860110094,2.1238874429186136,0.0,13.194032,39345,0.0137464,0.6139755,4.7244172,48.44772086970738,67.5930401195926,0.0,1008.112976,35894,0.0,4.461413,144.38960870000003,1.8169222807677832,0.38673477488776925,1.0,2.0,2,1.8169222807677832,0.38673477488776925,1.0,2.0,2,0.23482922468949946,0.02437598823066828,0.2,0.27,3,0.28167905532555515,0.0459496204905294,0.22,0.35,3,0.0,0.0,0.0,0.0,1,0.09756915694392174,0.022970975218539684,0.08,0.14,3,0.20344208694015806,0.03376022098489016,0.18,0.27,3,4507.110603483016,126.21536490053904,4247.210938,4891.720215,41553,4345.6268068,4499.803222500001,4683.0482422000005,0.8012662307113287,0.3366287335558095,0.2,1.0,4,0.23,1.0,1.0,0.19873376928867142,0.3366287335558096,0.0,0.8,4,0.0,0.0,0.77,5701075497.22742,108263555.99719076,5592811941.230229,0.11159163128720864,126.58004342110993,62.42342276743927,4677.510157069965,0.9810099767930031,0.018990023206997015,19.79088964839073
86,42512,82719.98557303229,294503.4530893955,0.601093,1946128.75,42463,5386.7318852,17578.256836,30380.2978513,0.11211329375235228,0.03988019924983069,0.037206,0.190165,36547,0.0559425,0.11552,0.1637418,73.05018583865733,86.56000792554424,0.346439,433.069946,42099,0.7785124,39.885042,202.63274400000003,35.54299092731464,43.67684002696407,0.050358,216.534973,41949,0.1131636,17.464427999999998,101.31637200000002,1.6196652031191197,2.361708085149993,0.0,24.66328,37225,4.780000000000291e-05,0.43029649999999997,5.0260393,1.5851242284061033,2.125127972925449,0.0,13.194032,39204,0.011364300000000003,0.6139755,4.7244172,48.44772086970738,67.5930401195926,0.0,1008.112976,35894,0.0,4.461413,144.38960870000003,1.8169222807677832,0.38673477488776925,1.0,2.0,2,1.8169222807677832,0.38673477488776925,1.0,2.0,2,0.23482922468949946,0.02437598823066828,0.2,0.27,3,0.28167905532555515,0.0459496204905294,0.22,0.35,3,0.0,0.0,0.0,0.0,1,0.09756915694392174,0.022970975218539684,0.08,0.14,3,0.20344208694015806,0.03376022098489016,0.18,0.27,3,4507.110603483016,126.21536490053904,4247.210938,4891.720215,41553,4345.6268068,4499.803222500001,4683.0482422000005,0.8012662307113287,0.3366287335558095,0.2,1.0,4,0.23,1.0,1.0,0.19873376928867142,0.3366287335558096,0.0,0.8,4,0.0,0.0,0.77,3516592026.680749,133758465.93271501,3382833560.748034,0.13639753202333407,123.00647174489065,60.5806221260236,4658.971913152905,0.9619636099616118,0.0380363900383882,18.791546593172633
87,42512,89881.57042801105,326503.8233631616,0.599972,2155196.0,42467,5376.6883785,17545.4833985,30323.653515600003,0.11190426272581859,0.03980584329761048,0.037137,0.189811,36541,0.0558384,0.115304,0.1634368,72.71197887575272,86.84010773920514,0.026213,433.069946,41785,0.0589043,39.885042,202.63274400000003,35.54299092731464,43.67684002696407,0.050358,216.534973,41949,0.1131636,17.464427999999998,101.31637200000002,1.6111728067369215,2.36738840864792,0.0,24.66328,32275,4e-06,0.4302765,5.0260393,1.577515822097291,2.1306813981297292,0.0,13.194032,34013,0.0008601000000000004,0.6139755,4.7244172,48.44772086970738,67.5930401195926,0.0,1008.112976,35894,0.0,4.461413,144.38960870000003,1.8169222807677832,0.38673477488776925,1.0,2.0,2,1.8169222807677832,0.38673477488776925,1.0,2.0,2,0.23482922468949946,0.02437598823066828,0.2,0.27,3,0.28167905532555515,0.0459496204905294,0.22,0.35,3,0.0,0.0,0.0,0.0,1,0.09756915694392174,0.022970975218539684,0.08,0.14,3,0.20344208694015806,0.03376022098489016,0.18,0.27,3,4507.110603483016,126.21536490053904,4247.210938,4891.720215,41553,4345.6268068,4499.803222500001,4683.0482422000005,0.8012662307113287,0.3366287335558095,0.2,1.0,4,0.23,1.0,1.0,0.19873376928867142,0.3366287335558096,0.0,0.8,4,0.0,0.0,0.77,3821045322.035606,133509077.90173928,3687536244.1338663,0.13638217436361752,123.5437436563858,60.880163923508995,4661.985250178215,0.9650595408717595,0.034940459128240405,9.304848276065636
88,42512,241871.14412862615,988106.7037486415,0.720687,6481912.0,42460,6458.4857914,21079.191406500002,36434.70859400001,0.1344195583364697,0.0478148348287444,0.044609,0.228001,37365,0.0670735,0.1385035,0.1963207,72.88233290501505,86.69839627867199,0.18751,433.069946,42089,0.4213694,39.885042,202.63274400000003,35.54299092731464,43.67684002696407,0.050358,216.534973,41949,0.1131636,17.464427999999998,101.31637200000002,1.6154539519900264,2.3645043248379687,0.0,24.66328,36615,2.550000000000182e-05,0.4302765,5.0260393,1.5813488327060627,2.127867234044535,0.0,13.194032,38513,0.006154500000000002,0.6139755,4.7244172,48.44772086970738,67.5930401195926,0.0,1008.112976,35894,0.0,4.461413,144.38960870000003,1.8169222807677832,0.38673477488776925,1.0,2.0,2,1.8169222807677832,0.38673477488776925,1.0,2.0,2,0.23482922468949946,0.02437598823066828,0.2,0.27,3,0.28167905532555515,0.0459496204905294,0.22,0.35,3,0.0,0.0,0.0,0.0,1,0.09756915694392174,0.022970975218539684,0.08,0.14,3,0.20344208694015806,0.03376022098489016,0.18,0.27,3,4507.110603483016,126.21536490053904,4247.210938,4891.720215,41553,4345.6268068,4499.803222500001,4683.0482422000005,0.8012662307113287,0.3366287335558095,0.2,1.0,4,0.23,1.0,1.0,0.19873376928867142,0.3366287335558096,0.0,0.8,4,0.0,0.0,0.77,10282426079.196156,160371290.7214801,10122054788.474678,0.1656157992597794,127.2010497850107,62.75174414586188,4680.8130115323065,0.9844033606965629,0.015596639303437363,15.89911692652868
89,42512,249730.76695529497,1011063.1379542291,0.818757,6635559.0,42468,7337.352001900001,23947.6328125,41392.717969200006,0.15271127215844937,0.054321446587317045,0.050679,0.259027,37948,0.07620060000000001,0.15735149999999998,0.2230357,73.17050975891513,86.46156769618281,0.460366,433.069946,42114,1.0066551,39.885042,202.63274400000003,35.54299092731464,43.67684002696407,0.050358,216.534973,41949,0.1131636,17.464427999999998,101.31637200000002,1.622679774675386,2.359731178935913,0.0,24.66328,37411,6.3100000000004e-05,0.43029649999999997,5.0260393,1.5878297797327896,2.1231848881651194,0.0,13.194032,39354,0.015100100000000002,0.6139755,4.7244172,48.44772086970738,67.5930401195926,0.0,1008.112976,35894,0.0,4.461413,144.38960870000003,1.8169222807677832,0.38673477488776925,1.0,2.0,2,1.8169222807677832,0.38673477488776925,1.0,2.0,2,0.23482922468949946,0.02437598823066828,0.2,0.27,3,0.28167905532555515,0.0459496204905294,0.22,0.35,3,0.0,0.0,0.0,0.0,1,0.09756915694392174,0.022970975218539684,0.08,0.14,3,0.20344208694015806,0.03376022098489016,0.18,0.27,3,4507.110603483016,126.21536490053904,4247.210938,4891.720215,41553,4345.6268068,4499.803222500001,4683.0482422000005,0.8012662307113287,0.3366287335558095,0.2,1.0,4,0.23,1.0,1.0,0.19873376928867142,0.3366287335558096,0.0,0.8,4,0.0,0.0,0.77,10616554364.8035,182194499.97376513,10434359864.829735,0.18798785457418649,126.92484119808564,62.60035214606401,4679.2900357657345,0.9828386410775812,0.017161358922418834,20.304028070327966
90,42512,220641.88061401728,888224.8547140792,0.764736,5831080.5,42463,6853.235547,22367.575195,38661.64375050001,0.1426354276910049,0.05073733849980685,0.047335,0.241937,37725,0.0711726,0.14696949999999998,0.2083197,73.0037033161225,86.59820717082883,0.302428,433.069946,42097,0.6796108,39.885042,202.63274400000003,35.54299092731464,43.67684002696407,0.050358,216.534973,41949,0.1131636,17.464427999999998,101.31637200000002,1.6184996970737677,2.362477935182625,0.0,24.66328,37133,4.1700000000002545e-05,0.43029649999999997,5.0260393,1.584078861427367,2.125883201677527,0.0,13.194032,39073,0.009924200000000001,0.6139755,4.7244172,48.44772086970738,67.5930401195926,0.0,1008.112976,35894,0.0,4.461413,144.38960870000003,1.8169222807677832,0.38673477488776925,1.0,2.0,2,1.8169222807677832,0.38673477488776925,1.0,2.0,2,0.23482922468949946,0.02437598823066828,0.2,0.27,3,0.28167905532555515,0.0459496204905294,0.22,0.35,3,0.0,0.0,0.0,0.0,1,0.09756915694392174,0.022970975218539684,0.08,0.14,3,0.20344208694015806,0.03376022098489016,0.18,0.27,3,4507.110603483016,126.21536490053904,4247.210938,4891.720215,41553,4345.6268068,4499.803222500001,4683.0482422000005,0.8012662307113287,0.3366287335558095,0.2,1.0,4,0.23,1.0,1.0,0.19873376928867142,0.3366287335558096,0.0,0.8,4,0.0,0.0,0.77,9379927628.663103,170173367.11510986,9209754261.547993,0.17548797614240808,126.73054600603723,62.50544385425517,4678.335274303006,0.9818577100109924,0.01814228998900754,18.10909794996942
91,42512,138239.43705284086,552406.0052011287,0.512552,3627855.25,42462,4593.2680172,14991.4975585,25909.042187500003,0.09559903947120812,0.03400585644424352,0.031726,0.162154,35631,0.047702400000000006,0.098504,0.1396228,72.72297217136337,86.83092458256424,0.036621,433.069946,41881,0.08229539999999999,39.885042,202.63274400000003,35.54299092731464,43.67684002696407,0.050358,216.534973,41949,0.1131636,17.464427999999998,101.31637200000002,1.6114492969749719,2.3672008803400746,0.0,24.66328,33181,5.1000000000003645e-06,0.4302765,5.0260393,1.5777632152803918,2.1304987588541198,0.0,13.194032,34951,0.0012021000000000002,0.6139755,4.7244172,48.44772086970738,67.5930401195926,0.0,1008.112976,35894,0.0,4.461413,144.38960870000003,1.8169222807677832,0.38673477488776925,1.0,2.0,2,1.8169222807677832,0.38673477488776925,1.0,2.0,2,0.23482922468949946,0.02437598823066828,0.2,0.27,3,0.28167905532555515,0.0459496204905294,0.22,0.35,3,0.0,0.0,0.0,0.0,1,0.09756915694392174,0.022970975218539684,0.08,0.14,3,0.20344208694015806,0.03376022098489016,0.18,0.27,3,4507.110603483016,126.21536490053904,4247.210938,4891.720215,41553,4345.6268068,4499.803222500001,4683.0482422000005,0.8012662307113287,0.3366287335558095,0.2,1.0,4,0.23,1.0,1.0,0.19873376928867142,0.3366287335558096,0.0,0.8,4,0.0,0.0,0.77,5876834947.990371,114055884.81647368,5762779063.173897,0.11753448722021106,126.47355167464964,62.383010485682725,4677.103617317746,0.9805922940110006,0.019407705988999397,10.191793932413715
92,42512,292937.51746330236,1205822.0744956662,0.798662,7907066.5,42465,7157.2688478,23359.877930000002,40376.805077900004,0.14896322323108768,0.05298822169680154,0.049435,0.25267,37804,0.0743306,0.1534895,0.2175617,73.10492722381916,86.51514344016915,0.398271,433.069946,42108,0.8844527000000001,39.885042,202.63274400000003,35.54299092731464,43.67684002696407,0.050358,216.534973,41949,0.1131636,17.464427999999998,101.31637200000002,1.621037118084306,2.3608058494904416,0.0,24.66328,37366,5.490000000000327e-05,0.43029649999999997,5.0260393,1.586355201401964,2.1242418405391605,0.0,13.194032,39268,0.0130644,0.6139755,4.7244172,48.44772086970738,67.5930401195926,0.0,1008.112976,35894,0.0,4.461413,144.38960870000003,1.8169222807677832,0.38673477488776925,1.0,2.0,2,1.8169222807677832,0.38673477488776925,1.0,2.0,2,0.23482922468949946,0.02437598823066828,0.2,0.27,3,0.28167905532555515,0.0459496204905294,0.22,0.35,3,0.0,0.0,0.0,0.0,1,0.09756915694392174,0.022970975218539684,0.08,0.14,3,0.20344208694015806,0.03376022098489016,0.18,0.27,3,4507.110603483016,126.21536490053904,4247.210938,4891.720215,41553,4345.6268068,4499.803222500001,4683.0482422000005,0.8012662307113287,0.3366287335558095,0.2,1.0,4,0.23,1.0,1.0,0.19873376928867142,0.3366287335558096,0.0,0.8,4,0.0,0.0,0.77,12453359742.39991,177722840.71789914,12275636901.68201,0.1836709453985768,127.46168729646332,62.87999689857729,4682.103211393359,0.9857289242104837,0.014271075789516207,19.518619441789266
93,42512,100848.56956025619,391100.2724972914,0.470963,2572519.25,42459,4220.571631100001,13773.3203125,23806.793945400004,0.08784216628246143,0.031246638393571675,0.029152,0.148997,35145,0.043832300000000005,0.090511,0.12829379999999999,72.92831069194581,86.66036644244673,0.231044,433.069946,42091,0.5191969000000001,39.885042,202.63274400000003,35.54299092731464,43.67684002696407,0.050358,216.534973,41949,0.1131636,17.464427999999998,101.31637200000002,1.6166081748212269,2.3637339141903,0.0,24.66328,36863,3.1600000000002184e-05,0.4302765,5.0260393,1.582383109051566,2.127113587559187,0.0,13.194032,38812,0.007583,0.6139755,4.7244172,48.44772086970738,67.5930401195926,0.0,1008.112976,35894,0.0,4.461413,144.38960870000003,1.8169222807677832,0.38673477488776925,1.0,2.0,2,1.8169222807677832,0.38673477488776925,1.0,2.0,2,0.23482922468949946,0.02437598823066828,0.2,0.27,3,0.28167905532555515,0.0459496204905294,0.22,0.35,3,0.0,0.0,0.0,0.0,1,0.09756915694392174,0.022970975218539684,0.08,0.14,3,0.20344208694015806,0.03376022098489016,0.18,0.27,3,4507.110603483016,126.21536490053904,4247.210938,4891.720215,41553,4345.6268068,4499.803222500001,4683.0482422000005,0.8012662307113287,0.3366287335558095,0.2,1.0,4,0.23,1.0,1.0,0.19873376928867142,0.3366287335558096,0.0,0.8,4,0.0,0.0,0.77,4287274389.1456113,104801430.03341547,4182472959.112195,0.10769261731254025,125.54206166447874,61.89565766691237,4672.200934596624,0.9755552314778944,0.02444476852210544,16.829067901639444
94,42512,162722.92269092647,654671.7447372196,0.567191,4297967.0,42462,5082.9217284999995,16589.628906500002,28674.645117000007,0.10579012864602934,0.037630974056420956,0.035108,0.17944,36196,0.052787400000000005,0.109004,0.1545068,72.98611855509033,86.61268304454993,0.285778,433.069946,42091,0.6421956,39.885042,202.63274400000003,35.54299092731464,43.67684002696407,0.050358,216.534973,41949,0.1131636,17.464427999999998,101.31637200000002,1.6180586386667297,2.36277007218164,0.0,24.66328,37085,3.870000000000255e-05,0.43029649999999997,5.0260393,1.5836833654732834,2.1261695769823956,0.0,13.194032,39021,0.0093781,0.6139755,4.7244172,48.44772086970738,67.5930401195926,0.0,1008.112976,35894,0.0,4.461413,144.38960870000003,1.8169222807677832,0.38673477488776925,1.0,2.0,2,1.8169222807677832,0.38673477488776925,1.0,2.0,2,0.23482922468949946,0.02437598823066828,0.2,0.27,3,0.28167905532555515,0.0459496204905294,0.22,0.35,3,0.0,0.0,0.0,0.0,1,0.09756915694392174,0.022970975218539684,0.08,0.14,3,0.20344208694015806,0.03376022098489016,0.18,0.27,3,4507.110603483016,126.21536490053904,4247.210938,4891.720215,41553,4345.6268068,4499.803222500001,4683.0482422000005,0.8012662307113287,0.3366287335558095,0.2,1.0,4,0.23,1.0,1.0,0.19873376928867142,0.3366287335558096,0.0,0.8,4,0.0,0.0,0.77,6917676889.4366665,126214522.08674975,6791462367.349916,0.1301487643975111,126.71008479742264,62.495485233868315,4678.235092322505,0.9817547821177539,0.018245217882246,17.832027241279192
95,42512,134681.4999690163,533325.0814168111,0.539043,3504192.25,42460,4830.6719237,15765.182129,27248.156445200002,0.10054009206812195,0.035763458336619154,0.033366,0.170535,36033,0.0501684,0.10359499999999999,0.1468397,72.76590917155157,86.79510798999709,0.077276,433.069946,42015,0.173653,39.885042,202.63274400000003,35.54299092731464,43.67684002696407,0.050358,216.534973,41949,0.1131636,17.464427999999998,101.31637200000002,1.6125289097901772,2.3664703114492913,0.0,24.66328,35114,1.0200000000000729e-05,0.4302765,5.0260393,1.5787294161413263,2.129786784294767,0.0,13.194032,36848,0.0025362000000000006,0.6139755,4.7244172,48.44772086970738,67.5930401195926,0.0,1008.112976,35894,0.0,4.461413,144.38960870000003,1.8169222807677832,0.38673477488776925,1.0,2.0,2,1.8169222807677832,0.38673477488776925,1.0,2.0,2,0.23482922468949946,0.02437598823066828,0.2,0.27,3,0.28167905532555515,0.0459496204905294,0.22,0.35,3,0.0,0.0,0.0,0.0,1,0.09756915694392174,0.022970975218539684,0.08,0.14,3,0.20344208694015806,0.03376022098489016,0.18,0.27,3,4507.110603483016,126.21536490053904,4247.210938,4891.720215,41553,4345.6268068,4499.803222500001,4683.0482422000005,0.8012662307113287,0.3366287335558095,0.2,1.0,4,0.23,1.0,1.0,0.19873376928867142,0.3366287335558096,0.0,0.8,4,0.0,0.0,0.77,5725579926.682821,119950881.1236992,5605629045.559122,0.12350232846924418,126.18603459288877,62.23378863296423,4675.602471986282,0.9790500032032224,0.020949996796777594,12.489696464311272
96,42512,198630.3875305478,804291.8623605613,0.650289,5278490.5,42472,5827.6084476,19020.136718499998,32875.699609200004,0.12128919923786226,0.043144194555457926,0.040251,0.205729,36934,0.0605215,0.1249745,0.1771437,72.81878783519947,86.75110893677964,0.127343,433.069946,42062,0.2861636,39.885042,202.63274400000003,35.54299092731464,43.67684002696407,0.050358,216.534973,41949,0.1131636,17.464427999999998,101.31637200000002,1.6138578562523522,2.36557467630675,0.0,24.66328,36089,1.730000000000109e-05,0.4302765,5.0260393,1.579919212198911,2.1289129537696194,0.0,13.194032,37888,0.0041802,0.6139755,4.7244172,48.44772086970738,67.5930401195926,0.0,1008.112976,35894,0.0,4.461413,144.38960870000003,1.8169222807677832,0.38673477488776925,1.0,2.0,2,1.8169222807677832,0.38673477488776925,1.0,2.0,2,0.23482922468949946,0.02437598823066828,0.2,0.27,3,0.28167905532555515,0.0459496204905294,0.22,0.35,3,0.0,0.0,0.0,0.0,1,0.09756915694392174,0.022970975218539684,0.08,0.14,3,0.20344208694015806,0.03376022098489016,0.18,0.27,3,4507.110603483016,126.21536490053904,4247.210938,4891.720215,41553,4345.6268068,4499.803222500001,4683.0482422000005,0.8012662307113287,0.3366287335558095,0.2,1.0,4,0.23,1.0,1.0,0.19873376928867142,0.3366287335558096,0.0,0.8,4,0.0,0.0,0.77,8444175034.698648,144705921.2948172,8299469113.4038315,0.14930929756532998,126.90763412179219,62.60273088144285,4679.313964642181,0.9828632257502723,0.017136774249727687,14.309266875919702
97,42512,254308.53355718142,1035827.5540930125,0.782942,6795989.5,42451,7016.3869625,22900.0683595,39582.038281700006,0.14603106899228452,0.05194521223688009,0.048462,0.247696,37777,0.0728675,0.150468,0.2132796,72.97194774590704,86.62435841323025,0.272361,433.069946,42095,0.6120435000000001,39.885042,202.63274400000003,35.54299092731464,43.67684002696407,0.050358,216.534973,41949,0.1131636,17.464427999999998,101.31637200000002,1.617703154497554,2.3630058506938396,0.0,24.66328,37050,3.760000000000218e-05,0.4302765,5.0260393,1.5833646407367379,2.1264006216461366,0.0,13.194032,38980,0.008937200000000001,0.6139755,4.7244172,48.44772086970738,67.5930401195926,0.0,1008.112976,35894,0.0,4.461413,144.38960870000003,1.8169222807677832,0.38673477488776925,1.0,2.0,2,1.8169222807677832,0.38673477488776925,1.0,2.0,2,0.23482922468949946,0.02437598823066828,0.2,0.27,3,0.28167905532555515,0.0459496204905294,0.22,0.35,3,0.0,0.0,0.0,0.0,1,0.09756915694392174,0.022970975218539684,0.08,0.14,3,0.20344208694015806,0.03376022098489016,0.18,0.27,3,4507.110603483016,126.21536490053904,4247.210938,4891.720215,41553,4345.6268068,4499.803222500001,4683.0482422000005,0.8012662307113287,0.3366287335558095,0.2,1.0,4,0.23,1.0,1.0,0.19873376928867142,0.3366287335558096,0.0,0.8,4,0.0,0.0,0.77,10811164378.582897,174224587.34346443,10636939791.239433,0.179869879412736,127.10879840976968,62.701567021822136,4680.3082390157115,0.9838847527201967,0.016115247279803305,17.60006834545635
98,42512,157478.34607146124,595426.3380967814,0.860261,3921782.75,42459,7709.2906248,25158.330078,43481.1984373,0.16045238447967633,0.05707506805772345,0.053248,0.272158,38113,0.0800636,0.16532750000000002,0.2343417,73.19778125035283,86.43934490757557,0.486188,433.069946,42117,1.0553954000000003,39.885042,202.63274400000003,35.54299092731464,43.67684002696407,0.050358,216.534973,41949,0.1131636,17.464427999999998,101.31637200000002,1.6233625429761012,2.3592862928066163,0.0,24.66328,37470,6.620000000000436e-05,0.43029649999999997,5.0260393,1.5884429020747173,2.1227468711054858,0.0,13.194032,39391,0.015946099999999998,0.6139755,4.7244172,48.44772086970738,67.5930401195926,0.0,1008.112976,35894,0.0,4.461413,144.38960870000003,1.8169222807677832,0.38673477488776925,1.0,2.0,2,1.8169222807677832,0.38673477488776925,1.0,2.0,2,0.23482922468949946,0.02437598823066828,0.2,0.27,3,0.28167905532555515,0.0459496204905294,0.22,0.35,3,0.0,0.0,0.0,0.0,1,0.09756915694392174,0.022970975218539684,0.08,0.14,3,0.20344208694015806,0.03376022098489016,0.18,0.27,3,4507.110603483016,126.21536490053904,4247.210938,4891.720215,41553,4345.6268068,4499.803222500001,4683.0482422000005,0.8012662307113287,0.3366287335558095,0.2,1.0,4,0.23,1.0,1.0,0.19873376928867142,0.3366287335558096,0.0,0.8,4,0.0,0.0,0.77,6694719448.1899605,191430154.00053394,6503289294.189426,0.19625199329223036,124.79071507297779,61.494185840237826,4668.16220140657,0.9714057989312321,0.0285942010687678,20.607975446123675
99,42512,100703.5340125979,361954.247688506,0.703772,2390595.0,42461,6306.9001954000005,20580.996094000002,35569.894531699996,0.13126461709634926,0.0466925849833917,0.043562,0.22265,37239,0.0654986,0.135253,0.19171269999999999,73.02957365720266,86.57693525523473,0.326923,433.069946,42108,0.7346552000000001,39.885042,202.63274400000003,35.54299092731464,43.67684002696407,0.050358,216.534973,41949,0.1131636,17.464427999999998,101.31637200000002,1.619148437123636,2.362049042932835,0.0,24.66328,37226,4.480000000000291e-05,0.43029649999999997,5.0260393,1.5846606833364756,2.1254625558241247,0.0,13.194032,39131,0.010727100000000002,0.6139755,4.7244172,48.44772086970738,67.5930401195926,0.0,1008.112976,35894,0.0,4.461413,144.38960870000003,1.8169222807677832,0.38673477488776925,1.0,2.0,2,1.8169222807677832,0.38673477488776925,1.0,2.0,2,0.23482922468949946,0.02437598823066828,0.2,0.27,3,0.28167905532555515,0.0459496204905294,0.22,0.35,3,0.0,0.0,0.0,0.0,1,0.09756915694392174,0.022970975218539684,0.08,0.14,3,0.20344208694015806,0.03376022098489016,0.18,0.27,3,4507.110603483016,126.21536490053904,4247.210938,4891.720215,41553,4345.6268068,4499.803222500001,4683.0482422000005,0.8012662307113287,0.3366287335558095,0.2,1.0,4,0.23,1.0,1.0,0.19873376928867142,0.3366287335558096,0.0,0.8,4,0.0,0.0,0.77,4281108637.943562,156607244.51760563,4124501393.4259567,0.15982889485159485,123.27640862183847,60.72143582572448,4660.388473842278,0.9634189977966007,0.036581002203399396,18.497206137230098
100,42512,140153.9160057712,522497.2695632747,0.82627,3444048.0,42460,7404.679150200001,24164.2666015,41763.1558594,0.15411253850677456,0.054819896712112536,0.051144,0.261404,38037,0.0768996,0.158795,0.22508260000000002,72.88320360622883,86.69767523124499,0.188334,433.069946,42080,0.4232214,39.885042,202.63274400000003,35.54299092731464,43.67684002696407,0.050358,216.534973,41949,0.1131636,17.464427999999998,101.31637200000002,1.6154758134879568,2.3644897047162194,0.0,24.66328,36627,2.550000000000182e-05,0.4302765,5.0260393,1.5813684216691792,2.1278529375716206,0.0,13.194032,38506,0.006182400000000001,0.6139755,4.7244172,48.44772086970738,67.5930401195926,0.0,1008.112976,35894,0.0,4.461413,144.38960870000003,1.8169222807677832,0.38673477488776925,1.0,2.0,2,1.8169222807677832,0.38673477488776925,1.0,2.0,2,0.23482922468949946,0.02437598823066828,0.2,0.27,3,0.28167905532555515,0.0459496204905294,0.22,0.35,3,0.0,0.0,0.0,0.0,1,0.09756915694392174,0.022970975218539684,0.08,0.14,3,0.20344208694015806,0.03376022098489016,0.18,0.27,3,4507.110603483016,126.21536490053904,4247.210938,4891.720215,41553,4345.6268068,4499.803222500001,4683.0482422000005,0.8012662307113287,0.3366287335558095,0.2,1.0,4,0.23,1.0,1.0,0.19873376928867142,0.3366287335558096,0.0,0.8,4,0.0,0.0,0.77,5958223277.237345,183866303.65366578,5774356973.583679,0.188256864965463,124.33245678714407,61.275034734417666,4665.957579627534,0.9691407496667498,0.030859250333250224,15.91811910181148
