model_id,split,origin,horizon_years,phase,lead_quarter,cases,increment_NRMSE,cumulative_RMSE
Baseline_Anas_Separate_hist,train,2003-01-01,3,gas_cum,1,70,0.042398953967613694,16002.890940250083
Baseline_Anas_Separate_hist,train,2003-01-01,3,gas_cum,2,70,0.0706112947125657,51678.37580553183
Baseline_Anas_Separate_hist,train,2003-01-01,3,gas_cum,3,70,0.09542793492320138,101941.75778246323
Baseline_Anas_Separate_hist,train,2003-01-01,3,gas_cum,4,70,0.1160609434494671,161113.47070615174
Baseline_Anas_Separate_hist,train,2003-01-01,3,gas_cum,5,70,0.13436937627926981,227070.05368472132
Baseline_Anas_Separate_hist,train,2003-01-01,3,gas_cum,6,70,0.1517166012299708,300019.64705475915
Baseline_Anas_Separate_hist,train,2003-01-01,3,gas_cum,7,70,0.16888038202161923,380680.30287409713
Baseline_Anas_Separate_hist,train,2003-01-01,3,gas_cum,8,70,0.1857748831808868,467656.9095300979
Baseline_Anas_Separate_hist,train,2003-01-01,3,gas_cum,9,70,0.20276486141205302,559793.5847298119
Baseline_Anas_Separate_hist,train,2003-01-01,3,gas_cum,10,70,0.2213455218294487,662021.8810309115
Baseline_Anas_Separate_hist,train,2003-01-01,3,gas_cum,11,70,0.24071638096223466,772567.692132561
Baseline_Anas_Separate_hist,train,2003-01-01,3,gas_cum,12,70,0.25957042148583104,887095.0390447173
Baseline_Anas_Separate_hist,train,2003-01-01,3,oil_cum,1,70,0.04266346778009665,44314.21971943066
Baseline_Anas_Separate_hist,train,2003-01-01,3,oil_cum,2,70,0.07085124691916271,142704.67710070766
Baseline_Anas_Separate_hist,train,2003-01-01,3,oil_cum,3,70,0.09557127490640221,280992.7285041169
Baseline_Anas_Separate_hist,train,2003-01-01,3,oil_cum,4,70,0.1161357205018827,443734.9485556419
Baseline_Anas_Separate_hist,train,2003-01-01,3,oil_cum,5,70,0.134367578198086,625015.0608523883
Baseline_Anas_Separate_hist,train,2003-01-01,3,oil_cum,6,70,0.15163243180862693,825415.3449309191
Baseline_Anas_Separate_hist,train,2003-01-01,3,oil_cum,7,70,0.16874263469330836,1047095.1510880472
Baseline_Anas_Separate_hist,train,2003-01-01,3,oil_cum,8,70,0.18559775172828918,1286185.12492241
Baseline_Anas_Separate_hist,train,2003-01-01,3,oil_cum,9,70,0.2025506378942339,1539460.9571744646
Baseline_Anas_Separate_hist,train,2003-01-01,3,oil_cum,10,70,0.22110408414478167,1820557.4264924263
Baseline_Anas_Separate_hist,train,2003-01-01,3,oil_cum,11,70,0.24047732627981291,2124752.347628241
Baseline_Anas_Separate_hist,train,2003-01-01,3,oil_cum,12,70,0.25934979161745675,2440042.915797233
Baseline_Anas_Separate_hist,train,2003-01-01,3,water_cum,1,70,0.019098761718615912,9326.2168585915
Baseline_Anas_Separate_hist,train,2003-01-01,3,water_cum,2,70,0.04569640979573106,45205.963474948614
Baseline_Anas_Separate_hist,train,2003-01-01,3,water_cum,3,70,0.07601419454809576,114000.28520005078
Baseline_Anas_Separate_hist,train,2003-01-01,3,water_cum,4,70,0.10156581674807784,205643.43384995754
Baseline_Anas_Separate_hist,train,2003-01-01,3,water_cum,5,70,0.12391769346193657,317011.4411094691
Baseline_Anas_Separate_hist,train,2003-01-01,3,water_cum,6,70,0.1445453266009721,448790.58823091915
Baseline_Anas_Separate_hist,train,2003-01-01,3,water_cum,7,70,0.16388208109942426,601565.3803623685
Baseline_Anas_Separate_hist,train,2003-01-01,3,water_cum,8,70,0.1817092512016192,772380.6046492512
Baseline_Anas_Separate_hist,train,2003-01-01,3,water_cum,9,70,0.19792325051865153,956247.1755944453
Baseline_Anas_Separate_hist,train,2003-01-01,3,water_cum,10,70,0.21348849472042553,1159444.7109251218
Baseline_Anas_Separate_hist,train,2003-01-01,3,water_cum,11,70,0.22856474724165102,1382536.9514795986
Baseline_Anas_Separate_hist,train,2003-01-01,3,water_cum,12,70,0.24313480823506242,1623559.3143490946
Baseline_Anas_Separate_hist,train,2003-01-01,5,gas_cum,1,70,0.042398953967613694,16002.890940250083
Baseline_Anas_Separate_hist,train,2003-01-01,5,gas_cum,2,70,0.0706112947125657,51678.37580553183
Baseline_Anas_Separate_hist,train,2003-01-01,5,gas_cum,3,70,0.09542793492320138,101941.75778246323
Baseline_Anas_Separate_hist,train,2003-01-01,5,gas_cum,4,70,0.1160609434494671,161113.47070615174
Baseline_Anas_Separate_hist,train,2003-01-01,5,gas_cum,5,70,0.13436937627926981,227070.05368472132
Baseline_Anas_Separate_hist,train,2003-01-01,5,gas_cum,6,70,0.1517166012299708,300019.64705475915
Baseline_Anas_Separate_hist,train,2003-01-01,5,gas_cum,7,70,0.16888038202161923,380680.30287409713
Baseline_Anas_Separate_hist,train,2003-01-01,5,gas_cum,8,70,0.1857748831808868,467656.9095300979
Baseline_Anas_Separate_hist,train,2003-01-01,5,gas_cum,9,70,0.20276486141205302,559793.5847298119
Baseline_Anas_Separate_hist,train,2003-01-01,5,gas_cum,10,70,0.2213455218294487,662021.8810309115
Baseline_Anas_Separate_hist,train,2003-01-01,5,gas_cum,11,70,0.24071638096223466,772567.692132561
Baseline_Anas_Separate_hist,train,2003-01-01,5,gas_cum,12,70,0.25957042148583104,887095.0390447173
Baseline_Anas_Separate_hist,train,2003-01-01,5,gas_cum,13,70,0.2768800060689654,1000572.3282555179
Baseline_Anas_Separate_hist,train,2003-01-01,5,gas_cum,14,70,0.29287147210488285,1114903.176548152
Baseline_Anas_Separate_hist,train,2003-01-01,5,gas_cum,15,70,0.3075320026484991,1229356.378087647
Baseline_Anas_Separate_hist,train,2003-01-01,5,gas_cum,16,70,0.3210035854786123,1342930.5896232186
Baseline_Anas_Separate_hist,train,2003-01-01,5,gas_cum,17,70,0.3332385260199859,1453287.236234885
Baseline_Anas_Separate_hist,train,2003-01-01,5,gas_cum,18,70,0.34479490301774374,1564099.2972294283
Baseline_Anas_Separate_hist,train,2003-01-01,5,gas_cum,19,70,0.3557721942443719,1675388.38507193
Baseline_Anas_Separate_hist,train,2003-01-01,5,gas_cum,20,70,0.3661576855736988,1786021.0049338476
Baseline_Anas_Separate_hist,train,2003-01-01,5,oil_cum,1,70,0.04266346778009665,44314.21971943066
Baseline_Anas_Separate_hist,train,2003-01-01,5,oil_cum,2,70,0.07085124691916271,142704.67710070766
Baseline_Anas_Separate_hist,train,2003-01-01,5,oil_cum,3,70,0.09557127490640221,280992.7285041169
Baseline_Anas_Separate_hist,train,2003-01-01,5,oil_cum,4,70,0.1161357205018827,443734.9485556419
Baseline_Anas_Separate_hist,train,2003-01-01,5,oil_cum,5,70,0.134367578198086,625015.0608523883
Baseline_Anas_Separate_hist,train,2003-01-01,5,oil_cum,6,70,0.15163243180862693,825415.3449309191
Baseline_Anas_Separate_hist,train,2003-01-01,5,oil_cum,7,70,0.16874263469330836,1047095.1510880472
Baseline_Anas_Separate_hist,train,2003-01-01,5,oil_cum,8,70,0.18559775172828918,1286185.12492241
Baseline_Anas_Separate_hist,train,2003-01-01,5,oil_cum,9,70,0.2025506378942339,1539460.9571744646
Baseline_Anas_Separate_hist,train,2003-01-01,5,oil_cum,10,70,0.22110408414478167,1820557.4264924263
Baseline_Anas_Separate_hist,train,2003-01-01,5,oil_cum,11,70,0.24047732627981291,2124752.347628241
Baseline_Anas_Separate_hist,train,2003-01-01,5,oil_cum,12,70,0.25934979161745675,2440042.915797233
Baseline_Anas_Separate_hist,train,2003-01-01,5,oil_cum,13,70,0.2766728467322468,2752426.0197706847
Baseline_Anas_Separate_hist,train,2003-01-01,5,oil_cum,14,70,0.29265683856133523,3066995.893648403
Baseline_Anas_Separate_hist,train,2003-01-01,5,oil_cum,15,70,0.3072934917431152,3381757.285962074
Baseline_Anas_Separate_hist,train,2003-01-01,5,oil_cum,16,70,0.32075608648291104,3694221.87352607
Baseline_Anas_Separate_hist,train,2003-01-01,5,oil_cum,17,70,0.33299667437767344,3997963.1063514883
Baseline_Anas_Separate_hist,train,2003-01-01,5,oil_cum,18,70,0.34456249415684087,4302997.946500948
Baseline_Anas_Separate_hist,train,2003-01-01,5,oil_cum,19,70,0.35554757758403566,4609335.404180563
Baseline_Anas_Separate_hist,train,2003-01-01,5,oil_cum,20,70,0.36593751016449694,4913839.24478587
Baseline_Anas_Separate_hist,train,2003-01-01,5,water_cum,1,70,0.019098761718615912,9326.2168585915
Baseline_Anas_Separate_hist,train,2003-01-01,5,water_cum,2,70,0.04569640979573106,45205.963474948614
Baseline_Anas_Separate_hist,train,2003-01-01,5,water_cum,3,70,0.07601419454809576,114000.28520005078
Baseline_Anas_Separate_hist,train,2003-01-01,5,water_cum,4,70,0.10156581674807784,205643.43384995754
Baseline_Anas_Separate_hist,train,2003-01-01,5,water_cum,5,70,0.12391769346193657,317011.4411094691
Baseline_Anas_Separate_hist,train,2003-01-01,5,water_cum,6,70,0.1445453266009721,448790.58823091915
Baseline_Anas_Separate_hist,train,2003-01-01,5,water_cum,7,70,0.16388208109942426,601565.3803623685
Baseline_Anas_Separate_hist,train,2003-01-01,5,water_cum,8,70,0.1817092512016192,772380.6046492512
Baseline_Anas_Separate_hist,train,2003-01-01,5,water_cum,9,70,0.19792325051865153,956247.1755944453
Baseline_Anas_Separate_hist,train,2003-01-01,5,water_cum,10,70,0.21348849472042553,1159444.7109251218
Baseline_Anas_Separate_hist,train,2003-01-01,5,water_cum,11,70,0.22856474724165102,1382536.9514795986
Baseline_Anas_Separate_hist,train,2003-01-01,5,water_cum,12,70,0.24313480823506242,1623559.3143490946
Baseline_Anas_Separate_hist,train,2003-01-01,5,water_cum,13,70,0.25695573989117776,1876580.2323910075
Baseline_Anas_Separate_hist,train,2003-01-01,5,water_cum,14,70,0.27033878972816777,2148422.7694088146
Baseline_Anas_Separate_hist,train,2003-01-01,5,water_cum,15,70,0.2833039295226563,2439235.1710564326
Baseline_Anas_Separate_hist,train,2003-01-01,5,water_cum,16,70,0.29580280794125585,2746179.790203248
Baseline_Anas_Separate_hist,train,2003-01-01,5,water_cum,17,70,0.3077069655363838,3062529.915714921
Baseline_Anas_Separate_hist,train,2003-01-01,5,water_cum,18,70,0.31927079644269096,3397050.3684697463
Baseline_Anas_Separate_hist,train,2003-01-01,5,water_cum,19,70,0.3305541886677539,3750289.9450031808
Baseline_Anas_Separate_hist,train,2003-01-01,5,water_cum,20,70,0.34149455472966145,4118753.625342333
Baseline_Anas_Separate_hist,train,2004-01-01,3,gas_cum,1,70,0.016981507892473085,5123.711584723191
Baseline_Anas_Separate_hist,train,2004-01-01,3,gas_cum,2,70,0.020226374524612064,11920.168740154199
Baseline_Anas_Separate_hist,train,2004-01-01,3,gas_cum,3,70,0.024014426034541184,20796.23988344968
Baseline_Anas_Separate_hist,train,2004-01-01,3,gas_cum,4,70,0.027734993813641605,31318.16410795276
Baseline_Anas_Separate_hist,train,2004-01-01,3,gas_cum,5,70,0.03227458934669824,44302.822183570475
Baseline_Anas_Separate_hist,train,2004-01-01,3,gas_cum,6,70,0.03886065198468861,62286.327310440196
Baseline_Anas_Separate_hist,train,2004-01-01,3,gas_cum,7,70,0.04603379031472602,83846.46134963834
Baseline_Anas_Separate_hist,train,2004-01-01,3,gas_cum,8,70,0.05217129457946753,105885.11746833853
Baseline_Anas_Separate_hist,train,2004-01-01,3,gas_cum,9,70,0.056464671261402276,125680.24426083504
Baseline_Anas_Separate_hist,train,2004-01-01,3,gas_cum,10,70,0.05882027168028104,142283.4849246117
Baseline_Anas_Separate_hist,train,2004-01-01,3,gas_cum,11,70,0.059430122250885,155095.99008963833
Baseline_Anas_Separate_hist,train,2004-01-01,3,gas_cum,12,70,0.05880145561124615,164399.75089523557
Baseline_Anas_Separate_hist,train,2004-01-01,3,oil_cum,1,70,0.016793029499694384,13950.41458369252
Baseline_Anas_Separate_hist,train,2004-01-01,3,oil_cum,2,70,0.019952728322972985,32378.26557236776
Baseline_Anas_Separate_hist,train,2004-01-01,3,oil_cum,3,70,0.02373398616884191,56594.41452015558
Baseline_Anas_Separate_hist,train,2004-01-01,3,oil_cum,4,70,0.0274531096634938,85358.64637713169
Baseline_Anas_Separate_hist,train,2004-01-01,3,oil_cum,5,70,0.031976474075960847,120862.3100661707
Baseline_Anas_Separate_hist,train,2004-01-01,3,oil_cum,6,70,0.03855266952056384,170147.49866791145
Baseline_Anas_Separate_hist,train,2004-01-01,3,oil_cum,7,70,0.045753560363326895,229459.91453156396
Baseline_Anas_Separate_hist,train,2004-01-01,3,oil_cum,8,70,0.051929381748725856,290183.0411445092
Baseline_Anas_Separate_hist,train,2004-01-01,3,oil_cum,9,70,0.0562435240316306,344672.0640574406
Baseline_Anas_Separate_hist,train,2004-01-01,3,oil_cum,10,70,0.058591531914762386,390216.1285000698
Baseline_Anas_Separate_hist,train,2004-01-01,3,oil_cum,11,70,0.05917669407020004,425201.8574507441
Baseline_Anas_Separate_hist,train,2004-01-01,3,oil_cum,12,70,0.05854546226385014,450669.216226323
Baseline_Anas_Separate_hist,train,2004-01-01,3,water_cum,1,70,0.008885790050404017,4745.021879782167
Baseline_Anas_Separate_hist,train,2004-01-01,3,water_cum,2,70,0.014623783877653514,15810.472522177926
Baseline_Anas_Separate_hist,train,2004-01-01,3,water_cum,3,70,0.02012683031396411,33160.45444907772
Baseline_Anas_Separate_hist,train,2004-01-01,3,water_cum,4,70,0.025287952528237154,56341.75804403619
Baseline_Anas_Separate_hist,train,2004-01-01,3,water_cum,5,70,0.030184534868062756,84795.27143773914
Baseline_Anas_Separate_hist,train,2004-01-01,3,water_cum,6,70,0.03507551822898634,119579.13097562843
Baseline_Anas_Separate_hist,train,2004-01-01,3,water_cum,7,70,0.039983152516913034,161027.65745197723
Baseline_Anas_Separate_hist,train,2004-01-01,3,water_cum,8,70,0.04482948903857774,208750.4054785233
Baseline_Anas_Separate_hist,train,2004-01-01,3,water_cum,9,70,0.04944572937129714,261189.05445976998
Baseline_Anas_Separate_hist,train,2004-01-01,3,water_cum,10,70,0.053978551464792794,319910.39917449787
Baseline_Anas_Separate_hist,train,2004-01-01,3,water_cum,11,70,0.058443748458595124,385125.3042166225
Baseline_Anas_Separate_hist,train,2004-01-01,3,water_cum,12,70,0.06281897784931027,456302.0916492491
Baseline_Anas_Separate_hist,train,2005-01-01,3,gas_cum,1,70,0.02468031269365156,6010.115714308493
Baseline_Anas_Separate_hist,train,2005-01-01,3,gas_cum,2,70,0.03401995725876898,16115.124590995983
Baseline_Anas_Separate_hist,train,2005-01-01,3,gas_cum,3,70,0.04161835052195781,28815.248462437943
Baseline_Anas_Separate_hist,train,2005-01-01,3,gas_cum,4,70,0.04550157995538797,40979.368822315606
Baseline_Anas_Separate_hist,train,2005-01-01,3,gas_cum,5,70,0.045874256588481294,50322.48645406958
Baseline_Anas_Separate_hist,train,2005-01-01,3,gas_cum,6,70,0.04332839803006224,55902.305937552774
Baseline_Anas_Separate_hist,train,2005-01-01,3,gas_cum,7,70,0.03893135591450319,57660.049543990855
Baseline_Anas_Separate_hist,train,2005-01-01,3,gas_cum,8,70,0.03416819650675082,56968.451434495975
Baseline_Anas_Separate_hist,train,2005-01-01,3,gas_cum,9,70,0.030196983389721464,55714.37452968252
Baseline_Anas_Separate_hist,train,2005-01-01,3,gas_cum,10,70,0.02794909070573671,56468.9026636081
Baseline_Anas_Separate_hist,train,2005-01-01,3,gas_cum,11,70,0.02828780363004113,62047.456333359536
Baseline_Anas_Separate_hist,train,2005-01-01,3,gas_cum,12,70,0.031310294033850404,73960.52135734928
Baseline_Anas_Separate_hist,train,2005-01-01,3,oil_cum,1,70,0.02443760593703799,16386.627628237162
Baseline_Anas_Separate_hist,train,2005-01-01,3,oil_cum,2,70,0.033817873269408716,44109.94843341755
Baseline_Anas_Separate_hist,train,2005-01-01,3,oil_cum,3,70,0.041512829769909075,79135.44999247765
Baseline_Anas_Separate_hist,train,2005-01-01,3,oil_cum,4,70,0.0454777653058924,112759.34885513256
Baseline_Anas_Separate_hist,train,2005-01-01,3,oil_cum,5,70,0.0458855385626222,138568.86481167583
Baseline_Anas_Separate_hist,train,2005-01-01,3,oil_cum,6,70,0.04332910612751249,153900.3247859427
Baseline_Anas_Separate_hist,train,2005-01-01,3,oil_cum,7,70,0.03890648108474063,158642.21028575636
Baseline_Anas_Separate_hist,train,2005-01-01,3,oil_cum,8,70,0.03414175064924874,156719.99510859087
Baseline_Anas_Separate_hist,train,2005-01-01,3,oil_cum,9,70,0.030184342033677865,153322.3189707184
Baseline_Anas_Separate_hist,train,2005-01-01,3,oil_cum,10,70,0.027948313373143636,155456.526056303
Baseline_Anas_Separate_hist,train,2005-01-01,3,oil_cum,11,70,0.028292656014973924,170845.53926005142
Baseline_Anas_Separate_hist,train,2005-01-01,3,oil_cum,12,70,0.03131415952264724,203636.24048767504
Baseline_Anas_Separate_hist,train,2005-01-01,3,water_cum,1,70,0.011022406007962874,6407.150468396585
Baseline_Anas_Separate_hist,train,2005-01-01,3,water_cum,2,70,0.017088011384228687,20186.232261637062
Baseline_Anas_Separate_hist,train,2005-01-01,3,water_cum,3,70,0.02343372203695406,42170.46517352083
Baseline_Anas_Separate_hist,train,2005-01-01,3,water_cum,4,70,0.029770349905761495,72305.2373858543
Baseline_Anas_Separate_hist,train,2005-01-01,3,water_cum,5,70,0.035931500373774405,109756.5252921565
Baseline_Anas_Separate_hist,train,2005-01-01,3,water_cum,6,70,0.04230769175975754,156493.0486096383
Baseline_Anas_Separate_hist,train,2005-01-01,3,water_cum,7,70,0.0487864524638549,212807.4188615954
Baseline_Anas_Separate_hist,train,2005-01-01,3,water_cum,8,70,0.055195350477074814,277971.53195444745
Baseline_Anas_Separate_hist,train,2005-01-01,3,water_cum,9,70,0.06127343620048199,349584.0231068759
Baseline_Anas_Separate_hist,train,2005-01-01,3,water_cum,10,70,0.067389381424597,430808.55130252807
Baseline_Anas_Separate_hist,train,2005-01-01,3,water_cum,11,70,0.07347578152028733,521566.9467769289
Baseline_Anas_Separate_hist,train,2005-01-01,3,water_cum,12,70,0.07942188382418854,620619.6449109624
Baseline_Anas_Separate_hist,validation,2003-01-01,3,gas_cum,1,15,0.0411287952044127,15998.092012283225
Baseline_Anas_Separate_hist,validation,2003-01-01,3,gas_cum,2,15,0.06930366240501085,52310.31089789123
Baseline_Anas_Separate_hist,validation,2003-01-01,3,gas_cum,3,15,0.09462033502180998,104294.30815263286
Baseline_Anas_Separate_hist,validation,2003-01-01,3,gas_cum,4,15,0.11615494523114961,166413.5795359299
Baseline_Anas_Separate_hist,validation,2003-01-01,3,gas_cum,5,15,0.13567209295969468,236631.57725392052
Baseline_Anas_Separate_hist,validation,2003-01-01,3,gas_cum,6,15,0.1545188095549936,315318.35185733705
Baseline_Anas_Separate_hist,validation,2003-01-01,3,gas_cum,7,15,0.1733231227977385,403083.2613451557
Baseline_Anas_Separate_hist,validation,2003-01-01,3,gas_cum,8,15,0.19193880016055073,498375.48763679777
Baseline_Anas_Separate_hist,validation,2003-01-01,3,gas_cum,9,15,0.21049470244932325,599364.9028740926
Baseline_Anas_Separate_hist,validation,2003-01-01,3,gas_cum,10,15,0.23051515689904734,711128.3896082101
Baseline_Anas_Separate_hist,validation,2003-01-01,3,gas_cum,11,15,0.2512269115015233,831821.1242409336
Baseline_Anas_Separate_hist,validation,2003-01-01,3,gas_cum,12,15,0.2713070274982661,956828.5145629263
Baseline_Anas_Separate_hist,validation,2003-01-01,3,oil_cum,1,15,0.04174444068606942,44670.25797162583
Baseline_Anas_Separate_hist,validation,2003-01-01,3,oil_cum,2,15,0.07015575507756373,145651.2855773643
Baseline_Anas_Separate_hist,validation,2003-01-01,3,oil_cum,3,15,0.09535148119501184,289120.8747150273
Baseline_Anas_Separate_hist,validation,2003-01-01,3,oil_cum,4,15,0.1166465892791793,459819.31039332156
Baseline_Anas_Separate_hist,validation,2003-01-01,3,oil_cum,5,15,0.1359405014883314,652484.9365626099
Baseline_Anas_Separate_hist,validation,2003-01-01,3,oil_cum,6,15,0.15455415145863327,868104.7244752418
Baseline_Anas_Separate_hist,validation,2003-01-01,3,oil_cum,7,15,0.1731009592609737,1108290.5841522492
Baseline_Anas_Separate_hist,validation,2003-01-01,3,oil_cum,8,15,0.19159410698189414,1369722.3151877094
Baseline_Anas_Separate_hist,validation,2003-01-01,3,oil_cum,9,15,0.21010604279242093,1647237.5579014805
Baseline_Anas_Separate_hist,validation,2003-01-01,3,oil_cum,10,15,0.2301127192610632,1954592.2624154354
Baseline_Anas_Separate_hist,validation,2003-01-01,3,oil_cum,11,15,0.2508505906637598,2286830.1391460346
Baseline_Anas_Separate_hist,validation,2003-01-01,3,oil_cum,12,15,0.2709585437894832,2630996.264584212
Baseline_Anas_Separate_hist,validation,2003-01-01,3,water_cum,1,15,0.016333092623919385,7540.135480920615
Baseline_Anas_Separate_hist,validation,2003-01-01,3,water_cum,2,15,0.04166998461431579,39013.24286962907
Baseline_Anas_Separate_hist,validation,2003-01-01,3,water_cum,3,15,0.07101828392694544,100951.66217098755
Baseline_Anas_Separate_hist,validation,2003-01-01,3,water_cum,4,15,0.09545384209716778,183573.74223548797
Baseline_Anas_Separate_hist,validation,2003-01-01,3,water_cum,5,15,0.11651751233307729,283796.48597394937
Baseline_Anas_Separate_hist,validation,2003-01-01,3,water_cum,6,15,0.13562840603857737,401931.1660156648
Baseline_Anas_Separate_hist,validation,2003-01-01,3,water_cum,7,15,0.1534733105350944,538960.4698690013
Baseline_Anas_Separate_hist,validation,2003-01-01,3,water_cum,8,15,0.17001828718811898,692757.3872860722
Baseline_Anas_Separate_hist,validation,2003-01-01,3,water_cum,9,15,0.18521524809459142,859148.8894394914
Baseline_Anas_Separate_hist,validation,2003-01-01,3,water_cum,10,15,0.1999234268803429,1043826.835262622
Baseline_Anas_Separate_hist,validation,2003-01-01,3,water_cum,11,15,0.21429987009395837,1247511.4687396185
Baseline_Anas_Separate_hist,validation,2003-01-01,3,water_cum,12,15,0.2283124585621346,1468481.9842799343
Baseline_Anas_Separate_hist,validation,2003-01-01,5,gas_cum,1,15,0.0411287952044127,15998.092012283225
Baseline_Anas_Separate_hist,validation,2003-01-01,5,gas_cum,2,15,0.06930366240501085,52310.31089789123
Baseline_Anas_Separate_hist,validation,2003-01-01,5,gas_cum,3,15,0.09462033502180998,104294.30815263286
Baseline_Anas_Separate_hist,validation,2003-01-01,5,gas_cum,4,15,0.11615494523114961,166413.5795359299
Baseline_Anas_Separate_hist,validation,2003-01-01,5,gas_cum,5,15,0.13567209295969468,236631.57725392052
Baseline_Anas_Separate_hist,validation,2003-01-01,5,gas_cum,6,15,0.1545188095549936,315318.35185733705
Baseline_Anas_Separate_hist,validation,2003-01-01,5,gas_cum,7,15,0.1733231227977385,403083.2613451557
Baseline_Anas_Separate_hist,validation,2003-01-01,5,gas_cum,8,15,0.19193880016055073,498375.48763679777
Baseline_Anas_Separate_hist,validation,2003-01-01,5,gas_cum,9,15,0.21049470244932325,599364.9028740926
Baseline_Anas_Separate_hist,validation,2003-01-01,5,gas_cum,10,15,0.23051515689904734,711128.3896082101
Baseline_Anas_Separate_hist,validation,2003-01-01,5,gas_cum,11,15,0.2512269115015233,831821.1242409336
Baseline_Anas_Separate_hist,validation,2003-01-01,5,gas_cum,12,15,0.2713070274982661,956828.5145629263
Baseline_Anas_Separate_hist,validation,2003-01-01,5,gas_cum,13,15,0.28975680353392536,1080903.5877469184
Baseline_Anas_Separate_hist,validation,2003-01-01,5,gas_cum,14,15,0.3068434614859636,1206205.6324793722
Baseline_Anas_Separate_hist,validation,2003-01-01,5,gas_cum,15,15,0.3226061396325402,1332119.2018348791
Baseline_Anas_Separate_hist,validation,2003-01-01,5,gas_cum,16,15,0.3371485709549452,1457437.9057298258
Baseline_Anas_Separate_hist,validation,2003-01-01,5,gas_cum,17,15,0.35038075240367567,1579468.5880986415
Baseline_Anas_Separate_hist,validation,2003-01-01,5,gas_cum,18,15,0.3629064514103977,1702284.1492306415
Baseline_Anas_Separate_hist,validation,2003-01-01,5,gas_cum,19,15,0.3748486642746749,1825966.4479572175
Baseline_Anas_Separate_hist,validation,2003-01-01,5,gas_cum,20,15,0.386218094301063,1949356.6102115263
Baseline_Anas_Separate_hist,validation,2003-01-01,5,oil_cum,1,15,0.04174444068606942,44670.25797162583
Baseline_Anas_Separate_hist,validation,2003-01-01,5,oil_cum,2,15,0.07015575507756373,145651.2855773643
Baseline_Anas_Separate_hist,validation,2003-01-01,5,oil_cum,3,15,0.09535148119501184,289120.8747150273
Baseline_Anas_Separate_hist,validation,2003-01-01,5,oil_cum,4,15,0.1166465892791793,459819.31039332156
Baseline_Anas_Separate_hist,validation,2003-01-01,5,oil_cum,5,15,0.1359405014883314,652484.9365626099
Baseline_Anas_Separate_hist,validation,2003-01-01,5,oil_cum,6,15,0.15455415145863327,868104.7244752418
Baseline_Anas_Separate_hist,validation,2003-01-01,5,oil_cum,7,15,0.1731009592609737,1108290.5841522492
Baseline_Anas_Separate_hist,validation,2003-01-01,5,oil_cum,8,15,0.19159410698189414,1369722.3151877094
Baseline_Anas_Separate_hist,validation,2003-01-01,5,oil_cum,9,15,0.21010604279242093,1647237.5579014805
Baseline_Anas_Separate_hist,validation,2003-01-01,5,oil_cum,10,15,0.2301127192610632,1954592.2624154354
Baseline_Anas_Separate_hist,validation,2003-01-01,5,oil_cum,11,15,0.2508505906637598,2286830.1391460346
Baseline_Anas_Separate_hist,validation,2003-01-01,5,oil_cum,12,15,0.2709585437894832,2630996.264584212
Baseline_Anas_Separate_hist,validation,2003-01-01,5,oil_cum,13,15,0.2894287284660404,2972568.058769013
Baseline_Anas_Separate_hist,validation,2003-01-01,5,oil_cum,14,15,0.3065195788638347,3317396.532620824
Baseline_Anas_Separate_hist,validation,2003-01-01,5,oil_cum,15,15,0.32225949520999253,3663671.4192244867
Baseline_Anas_Separate_hist,validation,2003-01-01,5,oil_cum,16,15,0.33679575722208077,4008443.872510359
Baseline_Anas_Separate_hist,validation,2003-01-01,5,oil_cum,17,15,0.3500466522570519,4344404.711380699
Baseline_Anas_Separate_hist,validation,2003-01-01,5,oil_cum,18,15,0.3625917402515565,4682549.034688425
Baseline_Anas_Separate_hist,validation,2003-01-01,5,oil_cum,19,15,0.37454108226803806,5022972.710752139
Baseline_Anas_Separate_hist,validation,2003-01-01,5,oil_cum,20,15,0.38591302389977317,5362554.050264928
Baseline_Anas_Separate_hist,validation,2003-01-01,5,water_cum,1,15,0.016333092623919385,7540.135480920615
Baseline_Anas_Separate_hist,validation,2003-01-01,5,water_cum,2,15,0.04166998461431579,39013.24286962907
Baseline_Anas_Separate_hist,validation,2003-01-01,5,water_cum,3,15,0.07101828392694544,100951.66217098755
Baseline_Anas_Separate_hist,validation,2003-01-01,5,water_cum,4,15,0.09545384209716778,183573.74223548797
Baseline_Anas_Separate_hist,validation,2003-01-01,5,water_cum,5,15,0.11651751233307729,283796.48597394937
Baseline_Anas_Separate_hist,validation,2003-01-01,5,water_cum,6,15,0.13562840603857737,401931.1660156648
Baseline_Anas_Separate_hist,validation,2003-01-01,5,water_cum,7,15,0.1534733105350944,538960.4698690013
Baseline_Anas_Separate_hist,validation,2003-01-01,5,water_cum,8,15,0.17001828718811898,692757.3872860722
Baseline_Anas_Separate_hist,validation,2003-01-01,5,water_cum,9,15,0.18521524809459142,859148.8894394914
Baseline_Anas_Separate_hist,validation,2003-01-01,5,water_cum,10,15,0.1999234268803429,1043826.835262622
Baseline_Anas_Separate_hist,validation,2003-01-01,5,water_cum,11,15,0.21429987009395837,1247511.4687396185
Baseline_Anas_Separate_hist,validation,2003-01-01,5,water_cum,12,15,0.2283124585621346,1468481.9842799343
Baseline_Anas_Separate_hist,validation,2003-01-01,5,water_cum,13,15,0.24164464977501213,1700993.2563882107
Baseline_Anas_Separate_hist,validation,2003-01-01,5,water_cum,14,15,0.25449509454963365,1950677.578993644
Baseline_Anas_Separate_hist,validation,2003-01-01,5,water_cum,15,15,0.2668374141368749,2217319.913333663
Baseline_Anas_Separate_hist,validation,2003-01-01,5,water_cum,16,15,0.2786221347498741,2498150.2903691325
Baseline_Anas_Separate_hist,validation,2003-01-01,5,water_cum,17,15,0.28981014865480487,2787475.1978526185
Baseline_Anas_Separate_hist,validation,2003-01-01,5,water_cum,18,15,0.30070432323081864,3093820.3279523724
Baseline_Anas_Separate_hist,validation,2003-01-01,5,water_cum,19,15,0.31137786264191863,3417895.9596003694
Baseline_Anas_Separate_hist,validation,2003-01-01,5,water_cum,20,15,0.32176237163364274,3756509.707513728
Baseline_Anas_Separate_hist,validation,2004-01-01,3,gas_cum,1,15,0.019665078563163692,6125.033634084366
Baseline_Anas_Separate_hist,validation,2004-01-01,3,gas_cum,2,15,0.024653378039718232,14988.765820253362
Baseline_Anas_Separate_hist,validation,2004-01-01,3,gas_cum,3,15,0.02985028054998,26655.063800162945
Baseline_Anas_Separate_hist,validation,2004-01-01,3,gas_cum,4,15,0.03486232791129951,40575.706541945954
Baseline_Anas_Separate_hist,validation,2004-01-01,3,gas_cum,5,15,0.04034309207266435,57076.336643286486
Baseline_Anas_Separate_hist,validation,2004-01-01,3,gas_cum,6,15,0.047639466611020295,78716.2146181619
Baseline_Anas_Separate_hist,validation,2004-01-01,3,gas_cum,7,15,0.05534744107853226,103966.72006262088
Baseline_Anas_Separate_hist,validation,2004-01-01,3,gas_cum,8,15,0.061851944079451826,129528.55935086169
Baseline_Anas_Separate_hist,validation,2004-01-01,3,gas_cum,9,15,0.06641860749489635,152620.32358613375
Baseline_Anas_Separate_hist,validation,2004-01-01,3,gas_cum,10,15,0.06899667689825893,172390.4136680173
Baseline_Anas_Separate_hist,validation,2004-01-01,3,gas_cum,11,15,0.06984130704443095,188349.1336427629
Baseline_Anas_Separate_hist,validation,2004-01-01,3,gas_cum,12,15,0.06942304071601398,200664.9920364826
Baseline_Anas_Separate_hist,validation,2004-01-01,3,oil_cum,1,15,0.019156682246558764,16433.0110186792
Baseline_Anas_Separate_hist,validation,2004-01-01,3,oil_cum,2,15,0.024006048117508685,40207.66804854154
Baseline_Anas_Separate_hist,validation,2004-01-01,3,oil_cum,3,15,0.02900452704451808,71370.19744370157
Baseline_Anas_Separate_hist,validation,2004-01-01,3,oil_cum,4,15,0.03399162920408463,109017.91561200896
Baseline_Anas_Separate_hist,validation,2004-01-01,3,oil_cum,5,15,0.03950390777231389,153993.19867843328
Baseline_Anas_Separate_hist,validation,2004-01-01,3,oil_cum,6,15,0.04683287851412937,213195.26320695088
Baseline_Anas_Separate_hist,validation,2004-01-01,3,oil_cum,7,15,0.05462024170945136,282635.7733367135
Baseline_Anas_Separate_hist,validation,2004-01-01,3,oil_cum,8,15,0.06120436361348616,353045.47662447946
Baseline_Anas_Separate_hist,validation,2004-01-01,3,oil_cum,9,15,0.06583126049987668,416640.9513798021
Baseline_Anas_Separate_hist,validation,2004-01-01,3,oil_cum,10,15,0.06843696511732565,470940.4479464401
Baseline_Anas_Separate_hist,validation,2004-01-01,3,oil_cum,11,15,0.0692697091022387,514496.4736289185
Baseline_Anas_Separate_hist,validation,2004-01-01,3,oil_cum,12,15,0.06886400321222529,548199.3987333954
Baseline_Anas_Separate_hist,validation,2004-01-01,3,water_cum,1,15,0.012388648880252748,6356.920567973812
Baseline_Anas_Separate_hist,validation,2004-01-01,3,water_cum,2,15,0.018593477083958376,19368.263157122048
Baseline_Anas_Separate_hist,validation,2004-01-01,3,water_cum,3,15,0.02414911592407471,38413.977518206135
Baseline_Anas_Separate_hist,validation,2004-01-01,3,water_cum,4,15,0.029302296327798755,63125.077862897
Baseline_Anas_Separate_hist,validation,2004-01-01,3,water_cum,5,15,0.03405784378868647,92602.35666376408
Baseline_Anas_Separate_hist,validation,2004-01-01,3,water_cum,6,15,0.03860603559754855,127479.76385484912
Baseline_Anas_Separate_hist,validation,2004-01-01,3,water_cum,7,15,0.0430165945012754,167886.38819544157
Baseline_Anas_Separate_hist,validation,2004-01-01,3,water_cum,8,15,0.04723812740257583,213227.35024159498
Baseline_Anas_Separate_hist,validation,2004-01-01,3,water_cum,9,15,0.051172127829485964,262085.66241655717
Baseline_Anas_Separate_hist,validation,2004-01-01,3,water_cum,10,15,0.055167121769751894,317083.4349420267
Baseline_Anas_Separate_hist,validation,2004-01-01,3,water_cum,11,15,0.05927993947053699,378962.9570309331
Baseline_Anas_Separate_hist,validation,2004-01-01,3,water_cum,12,15,0.06344072588220913,447227.2740136033
Baseline_Anas_Separate_hist,validation,2005-01-01,3,gas_cum,1,15,0.024133790727565236,6055.282916862319
Baseline_Anas_Separate_hist,validation,2005-01-01,3,gas_cum,2,15,0.032695939294496525,15971.718793734353
Baseline_Anas_Separate_hist,validation,2005-01-01,3,gas_cum,3,15,0.03942386544286319,28173.99084409374
Baseline_Anas_Separate_hist,validation,2005-01-01,3,gas_cum,4,15,0.042501459512678405,39544.873326519046
Baseline_Anas_Separate_hist,validation,2005-01-01,3,gas_cum,5,15,0.04221308652199231,47877.53175941811
Baseline_Anas_Separate_hist,validation,2005-01-01,3,gas_cum,6,15,0.03922076964644697,52357.43074764531
Baseline_Anas_Separate_hist,validation,2005-01-01,3,gas_cum,7,15,0.034731015795000056,53253.39305941919
Baseline_Anas_Separate_hist,validation,2005-01-01,3,gas_cum,8,15,0.0302215629304661,52194.08955155592
Baseline_Anas_Separate_hist,validation,2005-01-01,3,gas_cum,9,15,0.0269700482843759,51572.70123172125
Baseline_Anas_Separate_hist,validation,2005-01-01,3,gas_cum,10,15,0.026031843033039927,54541.99220877662
Baseline_Anas_Separate_hist,validation,2005-01-01,3,gas_cum,11,15,0.028129987412439772,64020.071076264365
Baseline_Anas_Separate_hist,validation,2005-01-01,3,gas_cum,12,15,0.03278677510316628,80396.46201557117
Baseline_Anas_Separate_hist,validation,2005-01-01,3,oil_cum,1,15,0.023887011219270195,16506.40651519126
Baseline_Anas_Separate_hist,validation,2005-01-01,3,oil_cum,2,15,0.03259442045156985,43845.363109878504
Baseline_Anas_Separate_hist,validation,2005-01-01,3,oil_cum,3,15,0.03947897594822852,77679.02231508183
Baseline_Anas_Separate_hist,validation,2005-01-01,3,oil_cum,4,15,0.04262339307293908,109180.13395037843
Baseline_Anas_Separate_hist,validation,2005-01-01,3,oil_cum,5,15,0.042349040732627886,132226.6679416716
Baseline_Anas_Separate_hist,validation,2005-01-01,3,oil_cum,6,15,0.03931713563872855,144489.2448536317
Baseline_Anas_Separate_hist,validation,2005-01-01,3,oil_cum,7,15,0.03475158780210043,146695.61641190917
Baseline_Anas_Separate_hist,validation,2005-01-01,3,oil_cum,8,15,0.030196566896144417,143574.88608218307
Baseline_Anas_Separate_hist,validation,2005-01-01,3,oil_cum,9,15,0.02689644151916043,141591.02835929533
Baseline_Anas_Separate_hist,validation,2005-01-01,3,oil_cum,10,15,0.02588237485994917,149286.6836010255
Baseline_Anas_Separate_hist,validation,2005-01-01,3,oil_cum,11,15,0.027911974250478137,174874.13653093387
Baseline_Anas_Separate_hist,validation,2005-01-01,3,oil_cum,12,15,0.03252943984085318,219585.63042219277
Baseline_Anas_Separate_hist,validation,2005-01-01,3,water_cum,1,15,0.009769028101713366,5517.544013901077
Baseline_Anas_Separate_hist,validation,2005-01-01,3,water_cum,2,15,0.01496258461039741,17176.999975189046
Baseline_Anas_Separate_hist,validation,2005-01-01,3,water_cum,3,15,0.020642741213627688,36101.17220700189
Baseline_Anas_Separate_hist,validation,2005-01-01,3,water_cum,4,15,0.026532752846809282,62617.222311476864
Baseline_Anas_Separate_hist,validation,2005-01-01,3,water_cum,5,15,0.032498539225533994,96450.37626841447
Baseline_Anas_Separate_hist,validation,2005-01-01,3,water_cum,6,15,0.03889108954329832,139772.2631218377
Baseline_Anas_Separate_hist,validation,2005-01-01,3,water_cum,7,15,0.045522716641082275,192974.33303410377
Baseline_Anas_Separate_hist,validation,2005-01-01,3,water_cum,8,15,0.052208759619951896,255608.13339381124
Baseline_Anas_Separate_hist,validation,2005-01-01,3,water_cum,9,15,0.05862798381753796,325290.75717709644
Baseline_Anas_Separate_hist,validation,2005-01-01,3,water_cum,10,15,0.06501071188852403,404300.2635966417
Baseline_Anas_Separate_hist,validation,2005-01-01,3,water_cum,11,15,0.07128271306634244,492375.9226391881
Baseline_Anas_Separate_hist,validation,2005-01-01,3,water_cum,12,15,0.07735418340915874,588337.3990864041
Ridge | grid-normalised state,train,2003-01-01,3,gas_cum,1,70,0.026279413222629326,9918.796206546423
Ridge | grid-normalised state,train,2003-01-01,3,gas_cum,2,70,0.03877690223984738,28379.699518079946
Ridge | grid-normalised state,train,2003-01-01,3,gas_cum,3,70,0.0486127453610801,51931.006541512405
Ridge | grid-normalised state,train,2003-01-01,3,gas_cum,4,70,0.05602024721948059,77766.18206862082
Ridge | grid-normalised state,train,2003-01-01,3,gas_cum,5,70,0.06256830997660015,105733.83533328766
Ridge | grid-normalised state,train,2003-01-01,3,gas_cum,6,70,0.06895348695264238,136355.55140975583
Ridge | grid-normalised state,train,2003-01-01,3,gas_cum,7,70,0.07524875999739222,169621.3639725213
Ridge | grid-normalised state,train,2003-01-01,3,gas_cum,8,70,0.08130818368144127,204679.6275627019
Ridge | grid-normalised state,train,2003-01-01,3,gas_cum,9,70,0.08692910262644526,239994.01887348344
Ridge | grid-normalised state,train,2003-01-01,3,gas_cum,10,70,0.09228966498572,276028.9754614331
Ridge | grid-normalised state,train,2003-01-01,3,gas_cum,11,70,0.09727968505358892,312214.488572859
Ridge | grid-normalised state,train,2003-01-01,3,gas_cum,12,70,0.10187915527197959,348177.164048612
Ridge | grid-normalised state,train,2003-01-01,3,oil_cum,1,70,0.026888435576218138,27928.813667419778
Ridge | grid-normalised state,train,2003-01-01,3,oil_cum,2,70,0.039292472185209516,79140.73216066872
Ridge | grid-normalised state,train,2003-01-01,3,oil_cum,3,70,0.04897249292771378,143985.8830269202
Ridge | grid-normalised state,train,2003-01-01,3,oil_cum,4,70,0.05622645493496517,214831.77596188782
Ridge | grid-normalised state,train,2003-01-01,3,oil_cum,5,70,0.06263912955130149,291367.9020881915
Ridge | grid-normalised state,train,2003-01-01,3,oil_cum,6,70,0.06891227012796249,375125.8522941439
Ridge | grid-normalised state,train,2003-01-01,3,oil_cum,7,70,0.07512611129819427,466178.4913066767
Ridge | grid-normalised state,train,2003-01-01,3,oil_cum,8,70,0.0811202947750343,562160.4545173332
Ridge | grid-normalised state,train,2003-01-01,3,oil_cum,9,70,0.08669089731070766,658883.3939982097
Ridge | grid-normalised state,train,2003-01-01,3,oil_cum,10,70,0.09201992890302474,757686.4335079747
Ridge | grid-normalised state,train,2003-01-01,3,oil_cum,11,70,0.09699940260163743,857044.244398135
Ridge | grid-normalised state,train,2003-01-01,3,oil_cum,12,70,0.10159975699858369,955881.8835558606
Ridge | grid-normalised state,train,2003-01-01,3,water_cum,1,70,0.01909876171861591,9326.216858591499
Ridge | grid-normalised state,train,2003-01-01,3,water_cum,2,70,0.045696409795731065,45205.96347494862
Ridge | grid-normalised state,train,2003-01-01,3,water_cum,3,70,0.07601419454809577,114000.2852000508
Ridge | grid-normalised state,train,2003-01-01,3,water_cum,4,70,0.10156581674807785,205643.43384995757
Ridge | grid-normalised state,train,2003-01-01,3,water_cum,5,70,0.12391769346193654,317011.4411094691
Ridge | grid-normalised state,train,2003-01-01,3,water_cum,6,70,0.1445453266009721,448790.58823091915
Ridge | grid-normalised state,train,2003-01-01,3,water_cum,7,70,0.16388208109942426,601565.3803623685
Ridge | grid-normalised state,train,2003-01-01,3,water_cum,8,70,0.1817092512016192,772380.6046492512
Ridge | grid-normalised state,train,2003-01-01,3,water_cum,9,70,0.19792325051865153,956247.1755944452
Ridge | grid-normalised state,train,2003-01-01,3,water_cum,10,70,0.21348849472042553,1159444.7109251218
Ridge | grid-normalised state,train,2003-01-01,3,water_cum,11,70,0.22856474724165096,1382536.9514795986
Ridge | grid-normalised state,train,2003-01-01,3,water_cum,12,70,0.24313480823506242,1623559.3143490946
Ridge | grid-normalised state,train,2003-01-01,5,gas_cum,1,70,0.026279413222629326,9918.796206546423
Ridge | grid-normalised state,train,2003-01-01,5,gas_cum,2,70,0.03877690223984738,28379.699518079946
Ridge | grid-normalised state,train,2003-01-01,5,gas_cum,3,70,0.0486127453610801,51931.006541512405
Ridge | grid-normalised state,train,2003-01-01,5,gas_cum,4,70,0.05602024721948059,77766.18206862082
Ridge | grid-normalised state,train,2003-01-01,5,gas_cum,5,70,0.06256830997660015,105733.83533328766
Ridge | grid-normalised state,train,2003-01-01,5,gas_cum,6,70,0.06895348695264238,136355.55140975583
Ridge | grid-normalised state,train,2003-01-01,5,gas_cum,7,70,0.07524875999739222,169621.3639725213
Ridge | grid-normalised state,train,2003-01-01,5,gas_cum,8,70,0.08130818368144127,204679.6275627019
Ridge | grid-normalised state,train,2003-01-01,5,gas_cum,9,70,0.08692910262644526,239994.01887348344
Ridge | grid-normalised state,train,2003-01-01,5,gas_cum,10,70,0.09228966498572,276028.9754614331
Ridge | grid-normalised state,train,2003-01-01,5,gas_cum,11,70,0.09727968505358892,312214.488572859
Ridge | grid-normalised state,train,2003-01-01,5,gas_cum,12,70,0.10187915527197959,348177.164048612
Ridge | grid-normalised state,train,2003-01-01,5,gas_cum,13,70,0.1060589023244097,383269.28815700347
Ridge | grid-normalised state,train,2003-01-01,5,gas_cum,14,70,0.11004582440128355,418922.4655753203
Ridge | grid-normalised state,train,2003-01-01,5,gas_cum,15,70,0.1139807200781726,455636.88982080016
Ridge | grid-normalised state,train,2003-01-01,5,gas_cum,16,70,0.11790961589076913,493279.3188410911
Ridge | grid-normalised state,train,2003-01-01,5,gas_cum,17,70,0.12182558698386571,531293.8234514229
Ridge | grid-normalised state,train,2003-01-01,5,gas_cum,18,70,0.12588197805599374,571040.6728405082
Ridge | grid-normalised state,train,2003-01-01,5,gas_cum,19,70,0.13012327137172353,612771.3773325532
Ridge | grid-normalised state,train,2003-01-01,5,gas_cum,20,70,0.1345132855974806,656120.4720948309
Ridge | grid-normalised state,train,2003-01-01,5,oil_cum,1,70,0.026888435576218138,27928.813667419778
Ridge | grid-normalised state,train,2003-01-01,5,oil_cum,2,70,0.039292472185209516,79140.73216066872
Ridge | grid-normalised state,train,2003-01-01,5,oil_cum,3,70,0.04897249292771378,143985.8830269202
Ridge | grid-normalised state,train,2003-01-01,5,oil_cum,4,70,0.05622645493496517,214831.77596188782
Ridge | grid-normalised state,train,2003-01-01,5,oil_cum,5,70,0.06263912955130149,291367.9020881915
Ridge | grid-normalised state,train,2003-01-01,5,oil_cum,6,70,0.06891227012796249,375125.8522941439
Ridge | grid-normalised state,train,2003-01-01,5,oil_cum,7,70,0.07512611129819427,466178.4913066767
Ridge | grid-normalised state,train,2003-01-01,5,oil_cum,8,70,0.0811202947750343,562160.4545173332
Ridge | grid-normalised state,train,2003-01-01,5,oil_cum,9,70,0.08669089731070766,658883.3939982097
Ridge | grid-normalised state,train,2003-01-01,5,oil_cum,10,70,0.09201992890302474,757686.4335079747
Ridge | grid-normalised state,train,2003-01-01,5,oil_cum,11,70,0.09699940260163743,857044.244398135
Ridge | grid-normalised state,train,2003-01-01,5,oil_cum,12,70,0.10159975699858369,955881.8835558606
Ridge | grid-normalised state,train,2003-01-01,5,oil_cum,13,70,0.10577611162889972,1052293.0795565455
Ridge | grid-normalised state,train,2003-01-01,5,oil_cum,14,70,0.10974534990065996,1150113.3516884786
Ridge | grid-normalised state,train,2003-01-01,5,oil_cum,15,70,0.1136528680982921,1250747.0060029249
Ridge | grid-normalised state,train,2003-01-01,5,oil_cum,16,70,0.11756608089795974,1354035.6861197625
Ridge | grid-normalised state,train,2003-01-01,5,oil_cum,17,70,0.1214737661264916,1458415.872383391
Ridge | grid-normalised state,train,2003-01-01,5,oil_cum,18,70,0.12552429197829354,1567584.3418196328
Ridge | grid-normalised state,train,2003-01-01,5,oil_cum,19,70,0.12975903408478356,1682202.179194711
Ridge | grid-normalised state,train,2003-01-01,5,oil_cum,20,70,0.13414195470861853,1801269.2962883068
Ridge | grid-normalised state,train,2003-01-01,5,water_cum,1,70,0.01909876171861591,9326.216858591499
Ridge | grid-normalised state,train,2003-01-01,5,water_cum,2,70,0.045696409795731065,45205.96347494862
Ridge | grid-normalised state,train,2003-01-01,5,water_cum,3,70,0.07601419454809577,114000.2852000508
Ridge | grid-normalised state,train,2003-01-01,5,water_cum,4,70,0.10156581674807785,205643.43384995757
Ridge | grid-normalised state,train,2003-01-01,5,water_cum,5,70,0.12391769346193654,317011.4411094691
Ridge | grid-normalised state,train,2003-01-01,5,water_cum,6,70,0.1445453266009721,448790.58823091915
Ridge | grid-normalised state,train,2003-01-01,5,water_cum,7,70,0.16388208109942426,601565.3803623685
Ridge | grid-normalised state,train,2003-01-01,5,water_cum,8,70,0.1817092512016192,772380.6046492512
Ridge | grid-normalised state,train,2003-01-01,5,water_cum,9,70,0.19792325051865153,956247.1755944452
Ridge | grid-normalised state,train,2003-01-01,5,water_cum,10,70,0.21348849472042553,1159444.7109251218
Ridge | grid-normalised state,train,2003-01-01,5,water_cum,11,70,0.22856474724165096,1382536.9514795986
Ridge | grid-normalised state,train,2003-01-01,5,water_cum,12,70,0.24313480823506242,1623559.3143490946
Ridge | grid-normalised state,train,2003-01-01,5,water_cum,13,70,0.25695573989117776,1876580.2323910075
Ridge | grid-normalised state,train,2003-01-01,5,water_cum,14,70,0.27033878972816777,2148422.7694088146
Ridge | grid-normalised state,train,2003-01-01,5,water_cum,15,70,0.28330392952265626,2439235.1710564326
Ridge | grid-normalised state,train,2003-01-01,5,water_cum,16,70,0.29580280794125585,2746179.790203248
Ridge | grid-normalised state,train,2003-01-01,5,water_cum,17,70,0.30770696553638377,3062529.915714921
Ridge | grid-normalised state,train,2003-01-01,5,water_cum,18,70,0.31927079644269085,3397050.368469746
Ridge | grid-normalised state,train,2003-01-01,5,water_cum,19,70,0.3305541886677538,3750289.9450031808
Ridge | grid-normalised state,train,2003-01-01,5,water_cum,20,70,0.34149455472966145,4118753.625342333
Ridge | grid-normalised state,train,2004-01-01,3,gas_cum,1,70,0.0157942559079703,4765.490348688031
Ridge | grid-normalised state,train,2004-01-01,3,gas_cum,2,70,0.0192621148994081,11351.894014114558
Ridge | grid-normalised state,train,2004-01-01,3,gas_cum,3,70,0.02367745074017621,20504.422829553398
Ridge | grid-normalised state,train,2004-01-01,3,gas_cum,4,70,0.028154250213044667,31791.585548319417
Ridge | grid-normalised state,train,2004-01-01,3,gas_cum,5,70,0.03314878137030324,45502.811852223844
Ridge | grid-normalised state,train,2004-01-01,3,gas_cum,6,70,0.039757756128504414,63724.21678165337
Ridge | grid-normalised state,train,2004-01-01,3,gas_cum,7,70,0.046971448581986014,85554.3226212711
Ridge | grid-normalised state,train,2004-01-01,3,gas_cum,8,70,0.0534835060416138,108548.3380369027
Ridge | grid-normalised state,train,2004-01-01,3,gas_cum,9,70,0.05853336475716938,130284.78543747934
Ridge | grid-normalised state,train,2004-01-01,3,gas_cum,10,70,0.06203763094234306,150066.12643549964
Ridge | grid-normalised state,train,2004-01-01,3,gas_cum,11,70,0.06417490129398806,167478.5357680746
Ridge | grid-normalised state,train,2004-01-01,3,gas_cum,12,70,0.06535648808566594,182726.60513213451
Ridge | grid-normalised state,train,2004-01-01,3,oil_cum,1,70,0.015702809617467246,13044.740039100683
Ridge | grid-normalised state,train,2004-01-01,3,oil_cum,2,70,0.019121681359416606,31029.685124943062
Ridge | grid-normalised state,train,2004-01-01,3,oil_cum,3,70,0.023531551139646438,56111.7020135338
Ridge | grid-normalised state,train,2004-01-01,3,oil_cum,4,70,0.02798717043163779,87019.17608799798
Ridge | grid-normalised state,train,2004-01-01,3,oil_cum,5,70,0.032938915057146786,124500.07325457467
Ridge | grid-normalised state,train,2004-01-01,3,oil_cum,6,70,0.0395144608796342,174392.24737199134
Ridge | grid-normalised state,train,2004-01-01,3,oil_cum,7,70,0.046735968959990555,234386.8183798206
Ridge | grid-normalised state,train,2004-01-01,3,oil_cum,8,70,0.05327628311585995,297709.5689342659
Ridge | grid-normalised state,train,2004-01-01,3,oil_cum,9,70,0.058342561135442395,357535.4019005155
Ridge | grid-normalised state,train,2004-01-01,3,oil_cum,10,70,0.06183625985766261,411825.8242109872
Ridge | grid-normalised state,train,2004-01-01,3,oil_cum,11,70,0.06394519745002747,459464.94913270767
Ridge | grid-normalised state,train,2004-01-01,3,oil_cum,12,70,0.06512387290271048,501308.2760610369
Ridge | grid-normalised state,train,2004-01-01,3,water_cum,1,70,0.008885790050404015,4745.021879782166
Ridge | grid-normalised state,train,2004-01-01,3,water_cum,2,70,0.014623783877653512,15810.472522177924
Ridge | grid-normalised state,train,2004-01-01,3,water_cum,3,70,0.020126830313964107,33160.45444907771
Ridge | grid-normalised state,train,2004-01-01,3,water_cum,4,70,0.025287952528237158,56341.7580440362
Ridge | grid-normalised state,train,2004-01-01,3,water_cum,5,70,0.030184534868062763,84795.27143773915
Ridge | grid-normalised state,train,2004-01-01,3,water_cum,6,70,0.03507551822898634,119579.13097562843
Ridge | grid-normalised state,train,2004-01-01,3,water_cum,7,70,0.03998315251691304,161027.65745197725
Ridge | grid-normalised state,train,2004-01-01,3,water_cum,8,70,0.04482948903857774,208750.4054785233
Ridge | grid-normalised state,train,2004-01-01,3,water_cum,9,70,0.04944572937129714,261189.05445976998
Ridge | grid-normalised state,train,2004-01-01,3,water_cum,10,70,0.053978551464792794,319910.39917449787
Ridge | grid-normalised state,train,2004-01-01,3,water_cum,11,70,0.058443748458595124,385125.3042166225
Ridge | grid-normalised state,train,2004-01-01,3,water_cum,12,70,0.06281897784931029,456302.09164924914
Ridge | grid-normalised state,train,2005-01-01,3,gas_cum,1,70,0.028966499316088915,7053.881970179144
Ridge | grid-normalised state,train,2005-01-01,3,gas_cum,2,70,0.04378753108351775,20741.987227544556
Ridge | grid-normalised state,train,2005-01-01,3,gas_cum,3,70,0.057263354886847966,39647.36175660578
Ridge | grid-normalised state,train,2005-01-01,3,gas_cum,4,70,0.06728064342290367,60593.9025443312
Ridge | grid-normalised state,train,2005-01-01,3,gas_cum,5,70,0.07374276111415434,80893.28031060685
Ridge | grid-normalised state,train,2005-01-01,3,gas_cum,6,70,0.07722868352067856,99640.45959723684
Ridge | grid-normalised state,train,2005-01-01,3,gas_cum,7,70,0.07855148120382378,116340.21450249675
Ridge | grid-normalised state,train,2005-01-01,3,gas_cum,8,70,0.07875088034604377,131300.9219415783
Ridge | grid-normalised state,train,2005-01-01,3,gas_cum,9,70,0.0783669049642757,144589.3795933888
Ridge | grid-normalised state,train,2005-01-01,3,gas_cum,10,70,0.07765435363322172,156894.411445727
Ridge | grid-normalised state,train,2005-01-01,3,gas_cum,11,70,0.07677461089836447,168400.11262549946
Ridge | grid-normalised state,train,2005-01-01,3,gas_cum,12,70,0.07586994922805498,179218.4063872396
Ridge | grid-normalised state,train,2005-01-01,3,oil_cum,1,70,0.029210609678607818,19587.163522907027
Ridge | grid-normalised state,train,2005-01-01,3,oil_cum,2,70,0.044037082955728564,57439.25535649985
Ridge | grid-normalised state,train,2005-01-01,3,oil_cum,3,70,0.05759891942379256,109800.1854594426
Ridge | grid-normalised state,train,2005-01-01,3,oil_cum,4,70,0.06769356854823277,167842.07974682556
Ridge | grid-normalised state,train,2005-01-01,3,oil_cum,5,70,0.07418485766351669,224029.4400951629
Ridge | grid-normalised state,train,2005-01-01,3,oil_cum,6,70,0.07764328743876804,275780.60620750487
Ridge | grid-normalised state,train,2005-01-01,3,oil_cum,7,70,0.07890987591897829,321757.11552775983
Ridge | grid-normalised state,train,2005-01-01,3,oil_cum,8,70,0.07908910720408018,363040.68357546284
Ridge | grid-normalised state,train,2005-01-01,3,oil_cum,9,70,0.07871340125941562,399827.2084811702
Ridge | grid-normalised state,train,2005-01-01,3,oil_cum,10,70,0.07801666474531549,433951.04076156305
Ridge | grid-normalised state,train,2005-01-01,3,oil_cum,11,70,0.0771495001165117,465868.17243573617
Ridge | grid-normalised state,train,2005-01-01,3,oil_cum,12,70,0.07625275698857721,495872.31452736305
Ridge | grid-normalised state,train,2005-01-01,3,water_cum,1,70,0.011022406007962875,6407.150468396586
Ridge | grid-normalised state,train,2005-01-01,3,water_cum,2,70,0.017088011384228684,20186.23226163706
Ridge | grid-normalised state,train,2005-01-01,3,water_cum,3,70,0.02343372203695406,42170.46517352083
Ridge | grid-normalised state,train,2005-01-01,3,water_cum,4,70,0.029770349905761495,72305.2373858543
Ridge | grid-normalised state,train,2005-01-01,3,water_cum,5,70,0.035931500373774405,109756.5252921565
Ridge | grid-normalised state,train,2005-01-01,3,water_cum,6,70,0.04230769175975755,156493.04860963832
Ridge | grid-normalised state,train,2005-01-01,3,water_cum,7,70,0.04878645246385491,212807.41886159542
Ridge | grid-normalised state,train,2005-01-01,3,water_cum,8,70,0.055195350477074814,277971.53195444745
Ridge | grid-normalised state,train,2005-01-01,3,water_cum,9,70,0.06127343620048199,349584.0231068759
Ridge | grid-normalised state,train,2005-01-01,3,water_cum,10,70,0.067389381424597,430808.55130252807
Ridge | grid-normalised state,train,2005-01-01,3,water_cum,11,70,0.07347578152028734,521566.94677692896
Ridge | grid-normalised state,train,2005-01-01,3,water_cum,12,70,0.07942188382418855,620619.6449109626
Ridge | grid-normalised state,validation,2003-01-01,3,gas_cum,1,15,0.026419531029317142,10276.549221238556
Ridge | grid-normalised state,validation,2003-01-01,3,gas_cum,2,15,0.04001767339841559,30205.285900302388
Ridge | grid-normalised state,validation,2003-01-01,3,gas_cum,3,15,0.05145285756688529,56713.392329221235
Ridge | grid-normalised state,validation,2003-01-01,3,gas_cum,4,15,0.06065820856533046,86904.1743810888
Ridge | grid-normalised state,validation,2003-01-01,3,gas_cum,5,15,0.06910154770765069,120523.00416421038
Ridge | grid-normalised state,validation,2003-01-01,3,gas_cum,6,15,0.07730720124551836,157756.71164981835
Ridge | grid-normalised state,validation,2003-01-01,3,gas_cum,7,15,0.08530962527242834,198397.54456231277
Ridge | grid-normalised state,validation,2003-01-01,3,gas_cum,8,15,0.09291980866767278,241269.3781410189
Ridge | grid-normalised state,validation,2003-01-01,3,gas_cum,9,15,0.1000106011976865,284771.27251058613
Ridge | grid-normalised state,validation,2003-01-01,3,gas_cum,10,15,0.10695064748876423,329937.7044848654
Ridge | grid-normalised state,validation,2003-01-01,3,gas_cum,11,15,0.11358442815756563,376082.0294354369
Ridge | grid-normalised state,validation,2003-01-01,3,gas_cum,12,15,0.11964469204822079,421955.3545054025
Ridge | grid-normalised state,validation,2003-01-01,3,oil_cum,1,15,0.027688009973538215,29628.629056027698
Ridge | grid-normalised state,validation,2003-01-01,3,oil_cum,2,15,0.041430285227363604,86013.95991719895
Ridge | grid-normalised state,validation,2003-01-01,3,oil_cum,3,15,0.0527275660036646,159878.3764396451
Ridge | grid-normalised state,validation,2003-01-01,3,oil_cum,4,15,0.061675950264813054,243125.77927798172
Ridge | grid-normalised state,validation,2003-01-01,3,oil_cum,5,15,0.06987263538131722,335373.5021211061
Ridge | grid-normalised state,validation,2003-01-01,3,oil_cum,6,15,0.07790777688318012,437594.90474607906
Ridge | grid-normalised state,validation,2003-01-01,3,oil_cum,7,15,0.08576367341409807,549107.7121291442
Ridge | grid-normalised state,validation,2003-01-01,3,oil_cum,8,15,0.09328535864186224,666904.8407847025
Ridge | grid-normalised state,validation,2003-01-01,3,oil_cum,9,15,0.10032498381224211,786550.8251690541
Ridge | grid-normalised state,validation,2003-01-01,3,oil_cum,10,15,0.10723592975844928,910868.8960430551
Ridge | grid-normalised state,validation,2003-01-01,3,oil_cum,11,15,0.11386542600122977,1038031.791343648
Ridge | grid-normalised state,validation,2003-01-01,3,oil_cum,12,15,0.11992714462743907,1164487.6191178048
Ridge | grid-normalised state,validation,2003-01-01,3,water_cum,1,15,0.016333092623919385,7540.135480920615
Ridge | grid-normalised state,validation,2003-01-01,3,water_cum,2,15,0.04166998461431579,39013.24286962907
Ridge | grid-normalised state,validation,2003-01-01,3,water_cum,3,15,0.07101828392694544,100951.66217098755
Ridge | grid-normalised state,validation,2003-01-01,3,water_cum,4,15,0.09545384209716778,183573.74223548797
Ridge | grid-normalised state,validation,2003-01-01,3,water_cum,5,15,0.11651751233307729,283796.48597394937
Ridge | grid-normalised state,validation,2003-01-01,3,water_cum,6,15,0.13562840603857737,401931.1660156648
Ridge | grid-normalised state,validation,2003-01-01,3,water_cum,7,15,0.1534733105350944,538960.4698690013
Ridge | grid-normalised state,validation,2003-01-01,3,water_cum,8,15,0.17001828718811898,692757.3872860722
Ridge | grid-normalised state,validation,2003-01-01,3,water_cum,9,15,0.18521524809459142,859148.8894394914
Ridge | grid-normalised state,validation,2003-01-01,3,water_cum,10,15,0.1999234268803429,1043826.835262622
Ridge | grid-normalised state,validation,2003-01-01,3,water_cum,11,15,0.21429987009395837,1247511.4687396185
Ridge | grid-normalised state,validation,2003-01-01,3,water_cum,12,15,0.2283124585621346,1468481.9842799343
Ridge | grid-normalised state,validation,2003-01-01,5,gas_cum,1,15,0.026419531029317142,10276.549221238556
Ridge | grid-normalised state,validation,2003-01-01,5,gas_cum,2,15,0.04001767339841559,30205.285900302388
Ridge | grid-normalised state,validation,2003-01-01,5,gas_cum,3,15,0.05145285756688529,56713.392329221235
Ridge | grid-normalised state,validation,2003-01-01,5,gas_cum,4,15,0.06065820856533046,86904.1743810888
Ridge | grid-normalised state,validation,2003-01-01,5,gas_cum,5,15,0.06910154770765069,120523.00416421038
Ridge | grid-normalised state,validation,2003-01-01,5,gas_cum,6,15,0.07730720124551836,157756.71164981835
Ridge | grid-normalised state,validation,2003-01-01,5,gas_cum,7,15,0.08530962527242834,198397.54456231277
Ridge | grid-normalised state,validation,2003-01-01,5,gas_cum,8,15,0.09291980866767278,241269.3781410189
Ridge | grid-normalised state,validation,2003-01-01,5,gas_cum,9,15,0.1000106011976865,284771.27251058613
Ridge | grid-normalised state,validation,2003-01-01,5,gas_cum,10,15,0.10695064748876423,329937.7044848654
Ridge | grid-normalised state,validation,2003-01-01,5,gas_cum,11,15,0.11358442815756563,376082.0294354369
Ridge | grid-normalised state,validation,2003-01-01,5,gas_cum,12,15,0.11964469204822079,421955.3545054025
Ridge | grid-normalised state,validation,2003-01-01,5,gas_cum,13,15,0.12495479953589118,466129.14512196486
Ridge | grid-normalised state,validation,2003-01-01,5,gas_cum,14,15,0.1296708304458928,509737.7186877696
Ridge | grid-normalised state,validation,2003-01-01,5,gas_cum,15,15,0.1339223937728008,552998.1311070037
Ridge | grid-normalised state,validation,2003-01-01,5,gas_cum,16,15,0.1378259057615323,595798.7568490913
Ridge | grid-normalised state,validation,2003-01-01,5,gas_cum,17,15,0.1414408076210719,637595.8473181314
Ridge | grid-normalised state,validation,2003-01-01,5,gas_cum,18,15,0.14495720187693703,679950.2905306196
Ridge | grid-normalised state,validation,2003-01-01,5,gas_cum,19,15,0.14843708412974702,723068.1634626612
Ridge | grid-normalised state,validation,2003-01-01,5,gas_cum,20,15,0.15188535253854074,766610.1623258346
Ridge | grid-normalised state,validation,2003-01-01,5,oil_cum,1,15,0.027688009973538215,29628.629056027698
Ridge | grid-normalised state,validation,2003-01-01,5,oil_cum,2,15,0.041430285227363604,86013.95991719895
Ridge | grid-normalised state,validation,2003-01-01,5,oil_cum,3,15,0.0527275660036646,159878.3764396451
Ridge | grid-normalised state,validation,2003-01-01,5,oil_cum,4,15,0.061675950264813054,243125.77927798172
Ridge | grid-normalised state,validation,2003-01-01,5,oil_cum,5,15,0.06987263538131722,335373.5021211061
Ridge | grid-normalised state,validation,2003-01-01,5,oil_cum,6,15,0.07790777688318012,437594.90474607906
Ridge | grid-normalised state,validation,2003-01-01,5,oil_cum,7,15,0.08576367341409807,549107.7121291442
Ridge | grid-normalised state,validation,2003-01-01,5,oil_cum,8,15,0.09328535864186224,666904.8407847025
Ridge | grid-normalised state,validation,2003-01-01,5,oil_cum,9,15,0.10032498381224211,786550.8251690541
Ridge | grid-normalised state,validation,2003-01-01,5,oil_cum,10,15,0.10723592975844928,910868.8960430551
Ridge | grid-normalised state,validation,2003-01-01,5,oil_cum,11,15,0.11386542600122977,1038031.791343648
Ridge | grid-normalised state,validation,2003-01-01,5,oil_cum,12,15,0.11992714462743907,1164487.6191178048
Ridge | grid-normalised state,validation,2003-01-01,5,oil_cum,13,15,0.12523102056250496,1286181.0009811306
Ridge | grid-normalised state,validation,2003-01-01,5,oil_cum,14,15,0.12992064593674912,1406103.6555772242
Ridge | grid-normalised state,validation,2003-01-01,5,oil_cum,15,15,0.13411634673107892,1524728.4678121698
Ridge | grid-normalised state,validation,2003-01-01,5,oil_cum,16,15,0.13797094334241986,1642089.5173590928
Ridge | grid-normalised state,validation,2003-01-01,5,oil_cum,17,15,0.1415585521153002,1756873.3675371152
Ridge | grid-normalised state,validation,2003-01-01,5,oil_cum,18,15,0.14505037863976658,1873196.3116689168
Ridge | grid-normalised state,validation,2003-01-01,5,oil_cum,19,15,0.14850222613106298,1991564.2493083242
Ridge | grid-normalised state,validation,2003-01-01,5,oil_cum,20,15,0.15192442522031566,2111105.0712063145
Ridge | grid-normalised state,validation,2003-01-01,5,water_cum,1,15,0.016333092623919385,7540.135480920615
Ridge | grid-normalised state,validation,2003-01-01,5,water_cum,2,15,0.04166998461431579,39013.24286962907
Ridge | grid-normalised state,validation,2003-01-01,5,water_cum,3,15,0.07101828392694544,100951.66217098755
Ridge | grid-normalised state,validation,2003-01-01,5,water_cum,4,15,0.09545384209716778,183573.74223548797
Ridge | grid-normalised state,validation,2003-01-01,5,water_cum,5,15,0.11651751233307729,283796.48597394937
Ridge | grid-normalised state,validation,2003-01-01,5,water_cum,6,15,0.13562840603857737,401931.1660156648
Ridge | grid-normalised state,validation,2003-01-01,5,water_cum,7,15,0.1534733105350944,538960.4698690013
Ridge | grid-normalised state,validation,2003-01-01,5,water_cum,8,15,0.17001828718811898,692757.3872860722
Ridge | grid-normalised state,validation,2003-01-01,5,water_cum,9,15,0.18521524809459142,859148.8894394914
Ridge | grid-normalised state,validation,2003-01-01,5,water_cum,10,15,0.1999234268803429,1043826.835262622
Ridge | grid-normalised state,validation,2003-01-01,5,water_cum,11,15,0.21429987009395837,1247511.4687396185
Ridge | grid-normalised state,validation,2003-01-01,5,water_cum,12,15,0.2283124585621346,1468481.9842799343
Ridge | grid-normalised state,validation,2003-01-01,5,water_cum,13,15,0.24164464977501213,1700993.2563882107
Ridge | grid-normalised state,validation,2003-01-01,5,water_cum,14,15,0.25449509454963365,1950677.578993644
Ridge | grid-normalised state,validation,2003-01-01,5,water_cum,15,15,0.2668374141368749,2217319.913333663
Ridge | grid-normalised state,validation,2003-01-01,5,water_cum,16,15,0.2786221347498741,2498150.2903691325
Ridge | grid-normalised state,validation,2003-01-01,5,water_cum,17,15,0.28981014865480487,2787475.1978526185
Ridge | grid-normalised state,validation,2003-01-01,5,water_cum,18,15,0.30070432323081864,3093820.3279523724
Ridge | grid-normalised state,validation,2003-01-01,5,water_cum,19,15,0.31137786264191863,3417895.9596003694
Ridge | grid-normalised state,validation,2003-01-01,5,water_cum,20,15,0.32176237163364274,3756509.707513728
Ridge | grid-normalised state,validation,2004-01-01,3,gas_cum,1,15,0.018534864020209936,5773.008491286801
Ridge | grid-normalised state,validation,2004-01-01,3,gas_cum,2,15,0.024018363367472408,14602.68947001108
Ridge | grid-normalised state,validation,2004-01-01,3,gas_cum,3,15,0.030015341032966245,26802.455972826698
Ridge | grid-normalised state,validation,2004-01-01,3,gas_cum,4,15,0.0359066907936302,41791.223817343285
Ridge | grid-normalised state,validation,2004-01-01,3,gas_cum,5,15,0.04211361726413318,59581.2287244804
Ridge | grid-normalised state,validation,2004-01-01,3,gas_cum,6,15,0.04970282600141318,82125.56934361959
Ridge | grid-normalised state,validation,2004-01-01,3,gas_cum,7,15,0.057741696656031544,108464.1800089812
Ridge | grid-normalised state,validation,2004-01-01,3,gas_cum,8,15,0.06489512162500326,135901.4940935082
Ridge | grid-normalised state,validation,2004-01-01,3,gas_cum,9,15,0.0704711326261532,161932.4383714503
Ridge | grid-normalised state,validation,2004-01-01,3,gas_cum,10,15,0.07441892727654216,185938.0804216229
Ridge | grid-normalised state,validation,2004-01-01,3,gas_cum,11,15,0.07699532477188926,207642.2009986549
Ridge | grid-normalised state,validation,2004-01-01,3,gas_cum,12,15,0.07857936397091933,227131.04011042154
Ridge | grid-normalised state,validation,2004-01-01,3,oil_cum,1,15,0.018538568218003176,15902.779608494444
Ridge | grid-normalised state,validation,2004-01-01,3,oil_cum,2,15,0.02401850774709553,40228.536649986614
Ridge | grid-normalised state,validation,2004-01-01,3,oil_cum,3,15,0.029881562955277042,73528.28214613475
Ridge | grid-normalised state,validation,2004-01-01,3,oil_cum,4,15,0.035717295058160424,114552.46923180291
Ridge | grid-normalised state,validation,2004-01-01,3,oil_cum,5,15,0.04190606697623163,163357.2388558809
Ridge | grid-normalised state,validation,2004-01-01,3,oil_cum,6,15,0.049492504370351006,225302.561593022
Ridge | grid-normalised state,validation,2004-01-01,3,oil_cum,7,15,0.057577583342545716,297938.71805703774
Ridge | grid-normalised state,validation,2004-01-01,3,oil_cum,8,15,0.06478595321537743,373705.18017206056
Ridge | grid-normalised state,validation,2004-01-01,3,oil_cum,9,15,0.07040285523290528,445574.2205353501
Ridge | grid-normalised state,validation,2004-01-01,3,oil_cum,10,15,0.0743584199857155,511688.2017872685
Ridge | grid-normalised state,validation,2004-01-01,3,oil_cum,11,15,0.07689467190741345,571130.4125563059
Ridge | grid-normalised state,validation,2004-01-01,3,oil_cum,12,15,0.07846385563356817,624620.06961846
Ridge | grid-normalised state,validation,2004-01-01,3,water_cum,1,15,0.012388648880252748,6356.920567973812
Ridge | grid-normalised state,validation,2004-01-01,3,water_cum,2,15,0.018593477083958376,19368.263157122048
Ridge | grid-normalised state,validation,2004-01-01,3,water_cum,3,15,0.02414911592407471,38413.977518206135
Ridge | grid-normalised state,validation,2004-01-01,3,water_cum,4,15,0.029302296327798755,63125.077862897
Ridge | grid-normalised state,validation,2004-01-01,3,water_cum,5,15,0.03405784378868647,92602.35666376408
Ridge | grid-normalised state,validation,2004-01-01,3,water_cum,6,15,0.03860603559754855,127479.76385484912
Ridge | grid-normalised state,validation,2004-01-01,3,water_cum,7,15,0.0430165945012754,167886.38819544157
Ridge | grid-normalised state,validation,2004-01-01,3,water_cum,8,15,0.04723812740257583,213227.35024159498
Ridge | grid-normalised state,validation,2004-01-01,3,water_cum,9,15,0.051172127829485964,262085.66241655717
Ridge | grid-normalised state,validation,2004-01-01,3,water_cum,10,15,0.055167121769751894,317083.4349420267
Ridge | grid-normalised state,validation,2004-01-01,3,water_cum,11,15,0.05927993947053699,378962.9570309331
Ridge | grid-normalised state,validation,2004-01-01,3,water_cum,12,15,0.06344072588220913,447227.2740136033
Ridge | grid-normalised state,validation,2005-01-01,3,gas_cum,1,15,0.029157498056910886,7315.754987499674
Ridge | grid-normalised state,validation,2005-01-01,3,gas_cum,2,15,0.04414472761635372,21564.36520644873
Ridge | grid-normalised state,validation,2005-01-01,3,gas_cum,3,15,0.05775176801620377,41271.898760838034
Ridge | grid-normalised state,validation,2005-01-01,3,gas_cum,4,15,0.06788891911000053,63166.270929552935
Ridge | grid-normalised state,validation,2005-01-01,3,gas_cum,5,15,0.07453358723679933,84535.02181637677
Ridge | grid-normalised state,validation,2005-01-01,3,gas_cum,6,15,0.0782455940758707,104453.28610492712
Ridge | grid-normalised state,validation,2005-01-01,3,gas_cum,7,15,0.07993590895969939,122566.48076517374
Ridge | grid-normalised state,validation,2005-01-01,3,gas_cum,8,15,0.08050033841586517,139027.94775622222
Ridge | grid-normalised state,validation,2005-01-01,3,gas_cum,9,15,0.08042044911322238,153781.69706280285
Ridge | grid-normalised state,validation,2005-01-01,3,gas_cum,10,15,0.07993751370688985,167485.30806122554
Ridge | grid-normalised state,validation,2005-01-01,3,gas_cum,11,15,0.07926044053308536,180386.11116548837
Ridge | grid-normalised state,validation,2005-01-01,3,gas_cum,12,15,0.07857587370485491,192675.9257589387
Ridge | grid-normalised state,validation,2005-01-01,3,oil_cum,1,15,0.029708322437643816,20529.04997359099
Ridge | grid-normalised state,validation,2005-01-01,3,oil_cum,2,15,0.044815531884703545,60284.95801503127
Ridge | grid-normalised state,validation,2005-01-01,3,oil_cum,3,15,0.058581801506334324,115265.83345109358
Ridge | grid-normalised state,validation,2005-01-01,3,oil_cum,4,15,0.068807679788301,176251.3764037001
Ridge | grid-normalised state,validation,2005-01-01,3,oil_cum,5,15,0.07549014747232824,235703.34746687335
Ridge | grid-normalised state,validation,2005-01-01,3,oil_cum,6,15,0.07918359368036443,290997.23237220664
Ridge | grid-normalised state,validation,2005-01-01,3,oil_cum,7,15,0.08079115632474057,341040.7761849777
Ridge | grid-normalised state,validation,2005-01-01,3,oil_cum,8,15,0.08132351126250728,386666.9315579859
Ridge | grid-normalised state,validation,2005-01-01,3,oil_cum,9,15,0.08126738854021189,427816.18926376826
Ridge | grid-normalised state,validation,2005-01-01,3,oil_cum,10,15,0.08080726390712864,466087.38590813265
Ridge | grid-normalised state,validation,2005-01-01,3,oil_cum,11,15,0.08013104840086892,502037.1462323335
Ridge | grid-normalised state,validation,2005-01-01,3,oil_cum,12,15,0.07944245981252933,536265.6936476296
Ridge | grid-normalised state,validation,2005-01-01,3,water_cum,1,15,0.009769028101713366,5517.544013901077
Ridge | grid-normalised state,validation,2005-01-01,3,water_cum,2,15,0.01496258461039741,17176.999975189046
Ridge | grid-normalised state,validation,2005-01-01,3,water_cum,3,15,0.020642741213627688,36101.17220700189
Ridge | grid-normalised state,validation,2005-01-01,3,water_cum,4,15,0.026532752846809282,62617.222311476864
Ridge | grid-normalised state,validation,2005-01-01,3,water_cum,5,15,0.032498539225533994,96450.37626841447
Ridge | grid-normalised state,validation,2005-01-01,3,water_cum,6,15,0.03889108954329832,139772.2631218377
Ridge | grid-normalised state,validation,2005-01-01,3,water_cum,7,15,0.045522716641082275,192974.33303410377
Ridge | grid-normalised state,validation,2005-01-01,3,water_cum,8,15,0.052208759619951896,255608.13339381124
Ridge | grid-normalised state,validation,2005-01-01,3,water_cum,9,15,0.05862798381753796,325290.75717709644
Ridge | grid-normalised state,validation,2005-01-01,3,water_cum,10,15,0.06501071188852403,404300.2635966417
Ridge | grid-normalised state,validation,2005-01-01,3,water_cum,11,15,0.07128271306634244,492375.9226391881
Ridge | grid-normalised state,validation,2005-01-01,3,water_cum,12,15,0.07735418340915874,588337.3990864041
Ridge | grid-normalised state + geology,train,2003-01-01,3,gas_cum,1,70,0.02922806507027254,11031.72352014583
Ridge | grid-normalised state + geology,train,2003-01-01,3,gas_cum,2,70,0.0441024129397964,32277.287636647194
Ridge | grid-normalised state + geology,train,2003-01-01,3,gas_cum,3,70,0.05562499028074595,59421.900834542794
Ridge | grid-normalised state + geology,train,2003-01-01,3,gas_cum,4,70,0.06370072182413984,88428.0626586738
Ridge | grid-normalised state + geology,train,2003-01-01,3,gas_cum,5,70,0.07012759604647109,118508.23037205197
Ridge | grid-normalised state + geology,train,2003-01-01,3,gas_cum,6,70,0.07590219612073244,150096.62690970395
Ridge | grid-normalised state + geology,train,2003-01-01,3,gas_cum,7,70,0.08140092431093453,183489.21378535914
Ridge | grid-normalised state + geology,train,2003-01-01,3,gas_cum,8,70,0.0866037703538625,218010.37311328278
Ridge | grid-normalised state + geology,train,2003-01-01,3,gas_cum,9,70,0.09167697203574272,253101.94505926606
Ridge | grid-normalised state + geology,train,2003-01-01,3,gas_cum,10,70,0.09720877352485462,290741.5274080786
Ridge | grid-normalised state + geology,train,2003-01-01,3,gas_cum,11,70,0.10278304176882314,329877.24828815134
Ridge | grid-normalised state + geology,train,2003-01-01,3,gas_cum,12,70,0.10788211856142345,368692.5945940137
Ridge | grid-normalised state + geology,train,2003-01-01,3,oil_cum,1,70,0.02991566022428515,31073.168900941157
Ridge | grid-normalised state + geology,train,2003-01-01,3,oil_cum,2,70,0.04473610288838255,90104.99313744626
Ridge | grid-normalised state + geology,train,2003-01-01,3,oil_cum,3,70,0.05613496621911734,165044.54228369365
Ridge | grid-normalised state + geology,train,2003-01-01,3,oil_cum,4,70,0.0641005132836567,244917.22134580064
Ridge | grid-normalised state + geology,train,2003-01-01,3,oil_cum,5,70,0.07042364855898739,327577.83968282974
Ridge | grid-normalised state + geology,train,2003-01-01,3,oil_cum,6,70,0.07609740971136766,414238.3587472374
Ridge | grid-normalised state + geology,train,2003-01-01,3,oil_cum,7,70,0.08152513204080103,505886.20123708877
Ridge | grid-normalised state + geology,train,2003-01-01,3,oil_cum,8,70,0.08667437237131209,600649.993967441
Ridge | grid-normalised state + geology,train,2003-01-01,3,oil_cum,9,70,0.09170635805189989,697002.7802098616
Ridge | grid-normalised state + geology,train,2003-01-01,3,oil_cum,10,70,0.09721624362429597,800472.5692448778
Ridge | grid-normalised state + geology,train,2003-01-01,3,oil_cum,11,70,0.10279361812898515,908239.3954539605
Ridge | grid-normalised state + geology,train,2003-01-01,3,oil_cum,12,70,0.10790686000699933,1015221.0560260194
Ridge | grid-normalised state + geology,train,2003-01-01,3,water_cum,1,70,0.01909876171861591,9326.216858591499
Ridge | grid-normalised state + geology,train,2003-01-01,3,water_cum,2,70,0.045696409795731065,45205.96347494862
Ridge | grid-normalised state + geology,train,2003-01-01,3,water_cum,3,70,0.07601419454809577,114000.2852000508
Ridge | grid-normalised state + geology,train,2003-01-01,3,water_cum,4,70,0.10156581674807785,205643.43384995757
Ridge | grid-normalised state + geology,train,2003-01-01,3,water_cum,5,70,0.12391769346193654,317011.4411094691
Ridge | grid-normalised state + geology,train,2003-01-01,3,water_cum,6,70,0.1445453266009721,448790.58823091915
Ridge | grid-normalised state + geology,train,2003-01-01,3,water_cum,7,70,0.16388208109942426,601565.3803623685
Ridge | grid-normalised state + geology,train,2003-01-01,3,water_cum,8,70,0.1817092512016192,772380.6046492512
Ridge | grid-normalised state + geology,train,2003-01-01,3,water_cum,9,70,0.19792325051865153,956247.1755944452
Ridge | grid-normalised state + geology,train,2003-01-01,3,water_cum,10,70,0.21348849472042553,1159444.7109251218
Ridge | grid-normalised state + geology,train,2003-01-01,3,water_cum,11,70,0.22856474724165096,1382536.9514795986
Ridge | grid-normalised state + geology,train,2003-01-01,3,water_cum,12,70,0.24313480823506242,1623559.3143490946
Ridge | grid-normalised state + geology,train,2003-01-01,5,gas_cum,1,70,0.02922806507027254,11031.72352014583
Ridge | grid-normalised state + geology,train,2003-01-01,5,gas_cum,2,70,0.0441024129397964,32277.287636647194
Ridge | grid-normalised state + geology,train,2003-01-01,5,gas_cum,3,70,0.05562499028074595,59421.900834542794
Ridge | grid-normalised state + geology,train,2003-01-01,5,gas_cum,4,70,0.06370072182413984,88428.0626586738
Ridge | grid-normalised state + geology,train,2003-01-01,5,gas_cum,5,70,0.07012759604647109,118508.23037205197
Ridge | grid-normalised state + geology,train,2003-01-01,5,gas_cum,6,70,0.07590219612073244,150096.62690970395
Ridge | grid-normalised state + geology,train,2003-01-01,5,gas_cum,7,70,0.08140092431093453,183489.21378535914
Ridge | grid-normalised state + geology,train,2003-01-01,5,gas_cum,8,70,0.0866037703538625,218010.37311328278
Ridge | grid-normalised state + geology,train,2003-01-01,5,gas_cum,9,70,0.09167697203574272,253101.94505926606
Ridge | grid-normalised state + geology,train,2003-01-01,5,gas_cum,10,70,0.09720877352485462,290741.5274080786
Ridge | grid-normalised state + geology,train,2003-01-01,5,gas_cum,11,70,0.10278304176882314,329877.24828815134
Ridge | grid-normalised state + geology,train,2003-01-01,5,gas_cum,12,70,0.10788211856142345,368692.5945940137
Ridge | grid-normalised state + geology,train,2003-01-01,5,gas_cum,13,70,0.11216869173620465,405348.47799705237
Ridge | grid-normalised state + geology,train,2003-01-01,5,gas_cum,14,70,0.11568668766879954,440396.10495107743
Ridge | grid-normalised state + geology,train,2003-01-01,5,gas_cum,15,70,0.11853782565468109,473853.87783457374
Ridge | grid-normalised state + geology,train,2003-01-01,5,gas_cum,16,70,0.12089287940354222,505759.91410371545
Ridge | grid-normalised state + geology,train,2003-01-01,5,gas_cum,17,70,0.12287411456471084,535866.5592880682
Ridge | grid-normalised state + geology,train,2003-01-01,5,gas_cum,18,70,0.12464954173503597,565449.9498726837
Ridge | grid-normalised state + geology,train,2003-01-01,5,gas_cum,19,70,0.12631762732213048,594849.9884731786
Ridge | grid-normalised state + geology,train,2003-01-01,5,gas_cum,20,70,0.12793086934284767,624013.174727653
Ridge | grid-normalised state + geology,train,2003-01-01,5,oil_cum,1,70,0.02991566022428515,31073.168900941157
Ridge | grid-normalised state + geology,train,2003-01-01,5,oil_cum,2,70,0.04473610288838255,90104.99313744626
Ridge | grid-normalised state + geology,train,2003-01-01,5,oil_cum,3,70,0.05613496621911734,165044.54228369365
Ridge | grid-normalised state + geology,train,2003-01-01,5,oil_cum,4,70,0.0641005132836567,244917.22134580064
Ridge | grid-normalised state + geology,train,2003-01-01,5,oil_cum,5,70,0.07042364855898739,327577.83968282974
Ridge | grid-normalised state + geology,train,2003-01-01,5,oil_cum,6,70,0.07609740971136766,414238.3587472374
Ridge | grid-normalised state + geology,train,2003-01-01,5,oil_cum,7,70,0.08152513204080103,505886.20123708877
Ridge | grid-normalised state + geology,train,2003-01-01,5,oil_cum,8,70,0.08667437237131209,600649.993967441
Ridge | grid-normalised state + geology,train,2003-01-01,5,oil_cum,9,70,0.09170635805189989,697002.7802098616
Ridge | grid-normalised state + geology,train,2003-01-01,5,oil_cum,10,70,0.09721624362429597,800472.5692448778
Ridge | grid-normalised state + geology,train,2003-01-01,5,oil_cum,11,70,0.10279361812898515,908239.3954539605
Ridge | grid-normalised state + geology,train,2003-01-01,5,oil_cum,12,70,0.10790686000699933,1015221.0560260194
Ridge | grid-normalised state + geology,train,2003-01-01,5,oil_cum,13,70,0.11219912548158013,1116191.1839866273
Ridge | grid-normalised state + geology,train,2003-01-01,5,oil_cum,14,70,0.11570175785283095,1212535.5346793416
Ridge | grid-normalised state + geology,train,2003-01-01,5,oil_cum,15,70,0.11852077107240962,1304318.157987621
Ridge | grid-normalised state + geology,train,2003-01-01,5,oil_cum,16,70,0.12085387345170198,1391901.9517324583
Ridge | grid-normalised state + geology,train,2003-01-01,5,oil_cum,17,70,0.12282231447331067,1474606.5642207488
Ridge | grid-normalised state + geology,train,2003-01-01,5,oil_cum,18,70,0.12458721099337104,1555881.798384969
Ridge | grid-normalised state + geology,train,2003-01-01,5,oil_cum,19,70,0.12624279431117147,1636617.4825185894
Ridge | grid-normalised state + geology,train,2003-01-01,5,oil_cum,20,70,0.12784009005387043,1716647.3348995708
Ridge | grid-normalised state + geology,train,2003-01-01,5,water_cum,1,70,0.01909876171861591,9326.216858591499
Ridge | grid-normalised state + geology,train,2003-01-01,5,water_cum,2,70,0.045696409795731065,45205.96347494862
Ridge | grid-normalised state + geology,train,2003-01-01,5,water_cum,3,70,0.07601419454809577,114000.2852000508
Ridge | grid-normalised state + geology,train,2003-01-01,5,water_cum,4,70,0.10156581674807785,205643.43384995757
Ridge | grid-normalised state + geology,train,2003-01-01,5,water_cum,5,70,0.12391769346193654,317011.4411094691
Ridge | grid-normalised state + geology,train,2003-01-01,5,water_cum,6,70,0.1445453266009721,448790.58823091915
Ridge | grid-normalised state + geology,train,2003-01-01,5,water_cum,7,70,0.16388208109942426,601565.3803623685
Ridge | grid-normalised state + geology,train,2003-01-01,5,water_cum,8,70,0.1817092512016192,772380.6046492512
Ridge | grid-normalised state + geology,train,2003-01-01,5,water_cum,9,70,0.19792325051865153,956247.1755944452
Ridge | grid-normalised state + geology,train,2003-01-01,5,water_cum,10,70,0.21348849472042553,1159444.7109251218
Ridge | grid-normalised state + geology,train,2003-01-01,5,water_cum,11,70,0.22856474724165096,1382536.9514795986
Ridge | grid-normalised state + geology,train,2003-01-01,5,water_cum,12,70,0.24313480823506242,1623559.3143490946
Ridge | grid-normalised state + geology,train,2003-01-01,5,water_cum,13,70,0.25695573989117776,1876580.2323910075
Ridge | grid-normalised state + geology,train,2003-01-01,5,water_cum,14,70,0.27033878972816777,2148422.7694088146
Ridge | grid-normalised state + geology,train,2003-01-01,5,water_cum,15,70,0.28330392952265626,2439235.1710564326
Ridge | grid-normalised state + geology,train,2003-01-01,5,water_cum,16,70,0.29580280794125585,2746179.790203248
Ridge | grid-normalised state + geology,train,2003-01-01,5,water_cum,17,70,0.30770696553638377,3062529.915714921
Ridge | grid-normalised state + geology,train,2003-01-01,5,water_cum,18,70,0.31927079644269085,3397050.368469746
Ridge | grid-normalised state + geology,train,2003-01-01,5,water_cum,19,70,0.3305541886677538,3750289.9450031808
Ridge | grid-normalised state + geology,train,2003-01-01,5,water_cum,20,70,0.34149455472966145,4118753.625342333
Ridge | grid-normalised state + geology,train,2004-01-01,3,gas_cum,1,70,0.018397375283024327,5550.911347979472
Ridge | grid-normalised state + geology,train,2004-01-01,3,gas_cum,2,70,0.024085704227495668,14194.617936488561
Ridge | grid-normalised state + geology,train,2004-01-01,3,gas_cum,3,70,0.030522057859503297,26431.780466865053
Ridge | grid-normalised state + geology,train,2004-01-01,3,gas_cum,4,70,0.036995112051807305,41774.62588294248
Ridge | grid-normalised state + geology,train,2004-01-01,3,gas_cum,5,70,0.044122818816096185,60566.70079513757
Ridge | grid-normalised state + geology,train,2004-01-01,3,gas_cum,6,70,0.05321168669325262,85288.34090129036
Ridge | grid-normalised state + geology,train,2004-01-01,3,gas_cum,7,70,0.0629896294207853,114730.01663667917
Ridge | grid-normalised state + geology,train,2004-01-01,3,gas_cum,8,70,0.07195513238691402,146037.73409595928
Ridge | grid-normalised state + geology,train,2004-01-01,3,gas_cum,9,70,0.07925831672991533,176414.8162698611
Ridge | grid-normalised state + geology,train,2004-01-01,3,gas_cum,10,70,0.0848740754445542,205306.4171421366
Ridge | grid-normalised state + geology,train,2004-01-01,3,gas_cum,11,70,0.08897706746480528,232205.24964545263
Ridge | grid-normalised state + geology,train,2004-01-01,3,gas_cum,12,70,0.09198766928494768,257183.2577727275
Ridge | grid-normalised state + geology,train,2004-01-01,3,oil_cum,1,70,0.018300411756419433,15202.63696666393
Ridge | grid-normalised state + geology,train,2004-01-01,3,oil_cum,2,70,0.023919394820365026,38815.16879736173
Ridge | grid-normalised state + geology,train,2004-01-01,3,oil_cum,3,70,0.03033917510101414,72344.68915805216
Ridge | grid-normalised state + geology,train,2004-01-01,3,oil_cum,4,70,0.03679317932678104,114399.28014498766
Ridge | grid-normalised state + geology,train,2004-01-01,3,oil_cum,5,70,0.04388800678834444,165884.63981483236
Ridge | grid-normalised state + geology,train,2004-01-01,3,oil_cum,6,70,0.052955754025329566,233713.75314689835
Ridge | grid-normalised state + geology,train,2004-01-01,3,oil_cum,7,70,0.0627520700102422,314709.598704154
Ridge | grid-normalised state + geology,train,2004-01-01,3,oil_cum,8,70,0.07175382646144593,400962.6703643284
Ridge | grid-normalised state + geology,train,2004-01-01,3,oil_cum,9,70,0.07908083042791811,484623.8481720678
Ridge | grid-normalised state + geology,train,2004-01-01,3,oil_cum,10,70,0.08469230592014024,564045.7357895775
Ridge | grid-normalised state + geology,train,2004-01-01,3,oil_cum,11,70,0.08877170868726468,637850.6947029544
Ridge | grid-normalised state + geology,train,2004-01-01,3,oil_cum,12,70,0.09178035940817542,706503.6475934131
Ridge | grid-normalised state + geology,train,2004-01-01,3,water_cum,1,70,0.008885790050404015,4745.021879782166
Ridge | grid-normalised state + geology,train,2004-01-01,3,water_cum,2,70,0.014623783877653512,15810.472522177924
Ridge | grid-normalised state + geology,train,2004-01-01,3,water_cum,3,70,0.020126830313964107,33160.45444907771
Ridge | grid-normalised state + geology,train,2004-01-01,3,water_cum,4,70,0.025287952528237158,56341.7580440362
Ridge | grid-normalised state + geology,train,2004-01-01,3,water_cum,5,70,0.030184534868062763,84795.27143773915
Ridge | grid-normalised state + geology,train,2004-01-01,3,water_cum,6,70,0.03507551822898634,119579.13097562843
Ridge | grid-normalised state + geology,train,2004-01-01,3,water_cum,7,70,0.03998315251691304,161027.65745197725
Ridge | grid-normalised state + geology,train,2004-01-01,3,water_cum,8,70,0.04482948903857774,208750.4054785233
Ridge | grid-normalised state + geology,train,2004-01-01,3,water_cum,9,70,0.04944572937129714,261189.05445976998
Ridge | grid-normalised state + geology,train,2004-01-01,3,water_cum,10,70,0.053978551464792794,319910.39917449787
Ridge | grid-normalised state + geology,train,2004-01-01,3,water_cum,11,70,0.058443748458595124,385125.3042166225
Ridge | grid-normalised state + geology,train,2004-01-01,3,water_cum,12,70,0.06281897784931029,456302.09164924914
Ridge | grid-normalised state + geology,train,2005-01-01,3,gas_cum,1,70,0.029501415118845915,7184.143928845849
Ridge | grid-normalised state + geology,train,2005-01-01,3,gas_cum,2,70,0.04477140318313599,21208.043705698
Ridge | grid-normalised state + geology,train,2005-01-01,3,gas_cum,3,70,0.05866148234139716,40615.38161995273
Ridge | grid-normalised state + geology,train,2005-01-01,3,gas_cum,4,70,0.06904818975354095,62185.77986078333
Ridge | grid-normalised state + geology,train,2005-01-01,3,gas_cum,5,70,0.07581441140134082,83165.80963897721
Ridge | grid-normalised state + geology,train,2005-01-01,3,gas_cum,6,70,0.07954020300145352,102622.7823940603
Ridge | grid-normalised state + geology,train,2005-01-01,3,gas_cum,7,70,0.08102886620761349,120009.3942344269
Ridge | grid-normalised state + geology,train,2005-01-01,3,gas_cum,8,70,0.08133805975749561,135614.51234792304
Ridge | grid-normalised state + geology,train,2005-01-01,3,gas_cum,9,70,0.08101168753944359,149469.08578922815
Ridge | grid-normalised state + geology,train,2005-01-01,3,gas_cum,10,70,0.08031064429834053,162261.23430927214
Ridge | grid-normalised state + geology,train,2005-01-01,3,gas_cum,11,70,0.07939900246406734,174156.54473328093
Ridge | grid-normalised state + geology,train,2005-01-01,3,gas_cum,12,70,0.07842060688540106,185243.51652952953
Ridge | grid-normalised state + geology,train,2005-01-01,3,oil_cum,1,70,0.02974834121797235,19947.739207866834
Ridge | grid-normalised state + geology,train,2005-01-01,3,oil_cum,2,70,0.04502616785100874,58729.35669964217
Ridge | grid-normalised state + geology,train,2005-01-01,3,oil_cum,3,70,0.05900244013430583,112475.70152558024
Ridge | grid-normalised state + geology,train,2005-01-01,3,oil_cum,4,70,0.06946702957687123,172239.26833918842
Ridge | grid-normalised state + geology,train,2005-01-01,3,oil_cum,5,70,0.07626510512517339,230311.53982241658
Ridge | grid-normalised state + geology,train,2005-01-01,3,oil_cum,6,70,0.07996802034113981,284037.80744453677
Ridge | grid-normalised state + geology,train,2005-01-01,3,oil_cum,7,70,0.08140619159657275,331935.909024967
Ridge | grid-normalised state + geology,train,2005-01-01,3,oil_cum,8,70,0.0816972690889407,375012.8616291606
Ridge | grid-normalised state + geology,train,2005-01-01,3,oil_cum,9,70,0.08137877565000963,413366.0619050772
Ridge | grid-normalised state + geology,train,2005-01-01,3,oil_cum,10,70,0.0806918530279739,448831.20441996225
Ridge | grid-normalised state + geology,train,2005-01-01,3,oil_cum,11,70,0.0797913138931316,481820.7962916367
Ridge | grid-normalised state + geology,train,2005-01-01,3,oil_cum,12,70,0.07881956713762248,512564.3023298509
Ridge | grid-normalised state + geology,train,2005-01-01,3,water_cum,1,70,0.011022406007962875,6407.150468396586
Ridge | grid-normalised state + geology,train,2005-01-01,3,water_cum,2,70,0.017088011384228684,20186.23226163706
Ridge | grid-normalised state + geology,train,2005-01-01,3,water_cum,3,70,0.02343372203695406,42170.46517352083
Ridge | grid-normalised state + geology,train,2005-01-01,3,water_cum,4,70,0.029770349905761495,72305.2373858543
Ridge | grid-normalised state + geology,train,2005-01-01,3,water_cum,5,70,0.035931500373774405,109756.5252921565
Ridge | grid-normalised state + geology,train,2005-01-01,3,water_cum,6,70,0.04230769175975755,156493.04860963832
Ridge | grid-normalised state + geology,train,2005-01-01,3,water_cum,7,70,0.04878645246385491,212807.41886159542
Ridge | grid-normalised state + geology,train,2005-01-01,3,water_cum,8,70,0.055195350477074814,277971.53195444745
Ridge | grid-normalised state + geology,train,2005-01-01,3,water_cum,9,70,0.06127343620048199,349584.0231068759
Ridge | grid-normalised state + geology,train,2005-01-01,3,water_cum,10,70,0.067389381424597,430808.55130252807
Ridge | grid-normalised state + geology,train,2005-01-01,3,water_cum,11,70,0.07347578152028734,521566.94677692896
Ridge | grid-normalised state + geology,train,2005-01-01,3,water_cum,12,70,0.07942188382418855,620619.6449109626
Ridge | grid-normalised state + geology,validation,2003-01-01,3,gas_cum,1,15,0.028670888391560113,11152.27198565909
Ridge | grid-normalised state + geology,validation,2003-01-01,3,gas_cum,2,15,0.04420072273353242,33362.64589583067
Ridge | grid-normalised state + geology,validation,2003-01-01,3,gas_cum,3,15,0.05696359782279386,62787.55009104241
Ridge | grid-normalised state + geology,validation,2003-01-01,3,gas_cum,4,15,0.0667300055000459,95603.15366355084
Ridge | grid-normalised state + geology,validation,2003-01-01,3,gas_cum,5,15,0.07524107307509903,131231.21643982813
Ridge | grid-normalised state + geology,validation,2003-01-01,3,gas_cum,6,15,0.08332955191179808,170046.2037308612
Ridge | grid-normalised state + geology,validation,2003-01-01,3,gas_cum,7,15,0.09121605036240794,212133.6292215888
Ridge | grid-normalised state + geology,validation,2003-01-01,3,gas_cum,8,15,0.09876761506407415,256453.4022256454
Ridge | grid-normalised state + geology,validation,2003-01-01,3,gas_cum,9,15,0.10604764152321983,301961.206728676
Ridge | grid-normalised state + geology,validation,2003-01-01,3,gas_cum,10,15,0.11369837575605282,350754.1280154544
Ridge | grid-normalised state + geology,validation,2003-01-01,3,gas_cum,11,15,0.12134752118342632,401785.9029964476
Ridge | grid-normalised state + geology,validation,2003-01-01,3,gas_cum,12,15,0.12839817674723153,452826.59230206185
Ridge | grid-normalised state + geology,validation,2003-01-01,3,oil_cum,1,15,0.02994029558743922,32038.77464057051
Ridge | grid-normalised state + geology,validation,2003-01-01,3,oil_cum,2,15,0.0456287628317538,94730.47447642677
Ridge | grid-normalised state + geology,validation,2003-01-01,3,oil_cum,3,15,0.058285295337734126,176730.2967911415
Ridge | grid-normalised state + geology,validation,2003-01-01,3,oil_cum,4,15,0.06782686539339586,267372.6052691265
Ridge | grid-normalised state + geology,validation,2003-01-01,3,oil_cum,5,15,0.07611422675670725,365331.78760654444
Ridge | grid-normalised state + geology,validation,2003-01-01,3,oil_cum,6,15,0.08402113243586885,471932.59666570683
Ridge | grid-normalised state + geology,validation,2003-01-01,3,oil_cum,7,15,0.0917303708948201,587309.895783132
Ridge | grid-normalised state + geology,validation,2003-01-01,3,oil_cum,8,15,0.09918488157313458,709081.0242551521
Ridge | grid-normalised state + geology,validation,2003-01-01,3,oil_cum,9,15,0.10642295386927189,834359.0898500565
Ridge | grid-normalised state + geology,validation,2003-01-01,3,oil_cum,10,15,0.11406181581065246,968848.4119281786
Ridge | grid-normalised state + geology,validation,2003-01-01,3,oil_cum,11,15,0.1217229427177272,1109663.2991610463
Ridge | grid-normalised state + geology,validation,2003-01-01,3,oil_cum,12,15,0.12878493034471386,1250496.3524417616
Ridge | grid-normalised state + geology,validation,2003-01-01,3,water_cum,1,15,0.016333092623919385,7540.135480920615
Ridge | grid-normalised state + geology,validation,2003-01-01,3,water_cum,2,15,0.04166998461431579,39013.24286962907
Ridge | grid-normalised state + geology,validation,2003-01-01,3,water_cum,3,15,0.07101828392694544,100951.66217098755
Ridge | grid-normalised state + geology,validation,2003-01-01,3,water_cum,4,15,0.09545384209716778,183573.74223548797
Ridge | grid-normalised state + geology,validation,2003-01-01,3,water_cum,5,15,0.11651751233307729,283796.48597394937
Ridge | grid-normalised state + geology,validation,2003-01-01,3,water_cum,6,15,0.13562840603857737,401931.1660156648
Ridge | grid-normalised state + geology,validation,2003-01-01,3,water_cum,7,15,0.1534733105350944,538960.4698690013
Ridge | grid-normalised state + geology,validation,2003-01-01,3,water_cum,8,15,0.17001828718811898,692757.3872860722
Ridge | grid-normalised state + geology,validation,2003-01-01,3,water_cum,9,15,0.18521524809459142,859148.8894394914
Ridge | grid-normalised state + geology,validation,2003-01-01,3,water_cum,10,15,0.1999234268803429,1043826.835262622
Ridge | grid-normalised state + geology,validation,2003-01-01,3,water_cum,11,15,0.21429987009395837,1247511.4687396185
Ridge | grid-normalised state + geology,validation,2003-01-01,3,water_cum,12,15,0.2283124585621346,1468481.9842799343
Ridge | grid-normalised state + geology,validation,2003-01-01,5,gas_cum,1,15,0.028670888391560113,11152.27198565909
Ridge | grid-normalised state + geology,validation,2003-01-01,5,gas_cum,2,15,0.04420072273353242,33362.64589583067
Ridge | grid-normalised state + geology,validation,2003-01-01,5,gas_cum,3,15,0.05696359782279386,62787.55009104241
Ridge | grid-normalised state + geology,validation,2003-01-01,5,gas_cum,4,15,0.0667300055000459,95603.15366355084
Ridge | grid-normalised state + geology,validation,2003-01-01,5,gas_cum,5,15,0.07524107307509903,131231.21643982813
Ridge | grid-normalised state + geology,validation,2003-01-01,5,gas_cum,6,15,0.08332955191179808,170046.2037308612
Ridge | grid-normalised state + geology,validation,2003-01-01,5,gas_cum,7,15,0.09121605036240794,212133.6292215888
Ridge | grid-normalised state + geology,validation,2003-01-01,5,gas_cum,8,15,0.09876761506407415,256453.4022256454
Ridge | grid-normalised state + geology,validation,2003-01-01,5,gas_cum,9,15,0.10604764152321983,301961.206728676
Ridge | grid-normalised state + geology,validation,2003-01-01,5,gas_cum,10,15,0.11369837575605282,350754.1280154544
Ridge | grid-normalised state + geology,validation,2003-01-01,5,gas_cum,11,15,0.12134752118342632,401785.9029964476
Ridge | grid-normalised state + geology,validation,2003-01-01,5,gas_cum,12,15,0.12839817674723153,452826.59230206185
Ridge | grid-normalised state + geology,validation,2003-01-01,5,gas_cum,13,15,0.1344594628320613,501585.1707678092
Ridge | grid-normalised state + geology,validation,2003-01-01,5,gas_cum,14,15,0.13959907371355326,548765.7719240458
Ridge | grid-normalised state + geology,validation,2003-01-01,5,gas_cum,15,15,0.1439305817840762,594324.3731945824
Ridge | grid-normalised state + geology,validation,2003-01-01,5,gas_cum,16,15,0.1476195920926472,638135.2545402007
Ridge | grid-normalised state + geology,validation,2003-01-01,5,gas_cum,17,15,0.15078095146112985,679699.9403725871
Ridge | grid-normalised state + geology,validation,2003-01-01,5,gas_cum,18,15,0.15362846118788476,720624.5392840602
Ridge | grid-normalised state + geology,validation,2003-01-01,5,gas_cum,19,15,0.1562586297387366,761168.5522710814
Ridge | grid-normalised state + geology,validation,2003-01-01,5,gas_cum,20,15,0.15872420455155437,801127.8650811968
Ridge | grid-normalised state + geology,validation,2003-01-01,5,oil_cum,1,15,0.02994029558743922,32038.77464057051
Ridge | grid-normalised state + geology,validation,2003-01-01,5,oil_cum,2,15,0.0456287628317538,94730.47447642677
Ridge | grid-normalised state + geology,validation,2003-01-01,5,oil_cum,3,15,0.058285295337734126,176730.2967911415
Ridge | grid-normalised state + geology,validation,2003-01-01,5,oil_cum,4,15,0.06782686539339586,267372.6052691265
Ridge | grid-normalised state + geology,validation,2003-01-01,5,oil_cum,5,15,0.07611422675670725,365331.78760654444
Ridge | grid-normalised state + geology,validation,2003-01-01,5,oil_cum,6,15,0.08402113243586885,471932.59666570683
Ridge | grid-normalised state + geology,validation,2003-01-01,5,oil_cum,7,15,0.0917303708948201,587309.895783132
Ridge | grid-normalised state + geology,validation,2003-01-01,5,oil_cum,8,15,0.09918488157313458,709081.0242551521
Ridge | grid-normalised state + geology,validation,2003-01-01,5,oil_cum,9,15,0.10642295386927189,834359.0898500565
Ridge | grid-normalised state + geology,validation,2003-01-01,5,oil_cum,10,15,0.11406181581065246,968848.4119281786
Ridge | grid-normalised state + geology,validation,2003-01-01,5,oil_cum,11,15,0.1217229427177272,1109663.2991610463
Ridge | grid-normalised state + geology,validation,2003-01-01,5,oil_cum,12,15,0.12878493034471386,1250496.3524417616
Ridge | grid-normalised state + geology,validation,2003-01-01,5,oil_cum,13,15,0.13484746959569802,1384946.4185896453
Ridge | grid-normalised state + geology,validation,2003-01-01,5,oil_cum,14,15,0.13996710534998674,1514834.3596520713
Ridge | grid-normalised state + geology,validation,2003-01-01,5,oil_cum,15,15,0.14424750107281262,1639906.518908462
Ridge | grid-normalised state + geology,validation,2003-01-01,5,oil_cum,16,15,0.14789470411449837,1760199.194236248
Ridge | grid-normalised state + geology,validation,2003-01-01,5,oil_cum,17,15,0.1510362828326893,1874500.8258096958
Ridge | grid-normalised state + geology,validation,2003-01-01,5,oil_cum,18,15,0.15386481600697885,1987026.9112201547
Ridge | grid-normalised state + geology,validation,2003-01-01,5,oil_cum,19,15,0.15646917599194693,2098409.0618902245
Ridge | grid-normalised state + geology,validation,2003-01-01,5,oil_cum,20,15,0.1589091897999127,2208163.6705973344
Ridge | grid-normalised state + geology,validation,2003-01-01,5,water_cum,1,15,0.016333092623919385,7540.135480920615
Ridge | grid-normalised state + geology,validation,2003-01-01,5,water_cum,2,15,0.04166998461431579,39013.24286962907
Ridge | grid-normalised state + geology,validation,2003-01-01,5,water_cum,3,15,0.07101828392694544,100951.66217098755
Ridge | grid-normalised state + geology,validation,2003-01-01,5,water_cum,4,15,0.09545384209716778,183573.74223548797
Ridge | grid-normalised state + geology,validation,2003-01-01,5,water_cum,5,15,0.11651751233307729,283796.48597394937
Ridge | grid-normalised state + geology,validation,2003-01-01,5,water_cum,6,15,0.13562840603857737,401931.1660156648
Ridge | grid-normalised state + geology,validation,2003-01-01,5,water_cum,7,15,0.1534733105350944,538960.4698690013
Ridge | grid-normalised state + geology,validation,2003-01-01,5,water_cum,8,15,0.17001828718811898,692757.3872860722
Ridge | grid-normalised state + geology,validation,2003-01-01,5,water_cum,9,15,0.18521524809459142,859148.8894394914
Ridge | grid-normalised state + geology,validation,2003-01-01,5,water_cum,10,15,0.1999234268803429,1043826.835262622
Ridge | grid-normalised state + geology,validation,2003-01-01,5,water_cum,11,15,0.21429987009395837,1247511.4687396185
Ridge | grid-normalised state + geology,validation,2003-01-01,5,water_cum,12,15,0.2283124585621346,1468481.9842799343
Ridge | grid-normalised state + geology,validation,2003-01-01,5,water_cum,13,15,0.24164464977501213,1700993.2563882107
Ridge | grid-normalised state + geology,validation,2003-01-01,5,water_cum,14,15,0.25449509454963365,1950677.578993644
Ridge | grid-normalised state + geology,validation,2003-01-01,5,water_cum,15,15,0.2668374141368749,2217319.913333663
Ridge | grid-normalised state + geology,validation,2003-01-01,5,water_cum,16,15,0.2786221347498741,2498150.2903691325
Ridge | grid-normalised state + geology,validation,2003-01-01,5,water_cum,17,15,0.28981014865480487,2787475.1978526185
Ridge | grid-normalised state + geology,validation,2003-01-01,5,water_cum,18,15,0.30070432323081864,3093820.3279523724
Ridge | grid-normalised state + geology,validation,2003-01-01,5,water_cum,19,15,0.31137786264191863,3417895.9596003694
Ridge | grid-normalised state + geology,validation,2003-01-01,5,water_cum,20,15,0.32176237163364274,3756509.707513728
Ridge | grid-normalised state + geology,validation,2004-01-01,3,gas_cum,1,15,0.02091980704085746,6515.840825768497
Ridge | grid-normalised state + geology,validation,2004-01-01,3,gas_cum,2,15,0.028586428636318273,17379.982725971957
Ridge | grid-normalised state + geology,validation,2004-01-01,3,gas_cum,3,15,0.03668413863507404,32757.41593566283
Ridge | grid-normalised state + geology,validation,2004-01-01,3,gas_cum,4,15,0.044665472413750684,51985.42982639781
Ridge | grid-normalised state + geology,validation,2004-01-01,3,gas_cum,5,15,0.052998768869369675,74981.25250834545
Ridge | grid-normalised state + geology,validation,2004-01-01,3,gas_cum,6,15,0.06295301109986787,104019.27404137653
Ridge | grid-normalised state + geology,validation,2004-01-01,3,gas_cum,7,15,0.07341725257722827,137909.73526008293
Ridge | grid-normalised state + geology,validation,2004-01-01,3,gas_cum,8,15,0.0829214378944323,173651.68629090823
Ridge | grid-normalised state + geology,validation,2004-01-01,3,gas_cum,9,15,0.09069138355077883,208395.64131267898
Ridge | grid-normalised state + geology,validation,2004-01-01,3,gas_cum,10,15,0.09673289356792979,241690.24201077875
Ridge | grid-normalised state + geology,validation,2004-01-01,3,gas_cum,11,15,0.10129260743177473,273167.4944464337
Ridge | grid-normalised state + geology,validation,2004-01-01,3,gas_cum,12,15,0.10475072027320573,302778.4757429958
Ridge | grid-normalised state + geology,validation,2004-01-01,3,oil_cum,1,15,0.020910232052120926,17937.243479484474
Ridge | grid-normalised state + geology,validation,2004-01-01,3,oil_cum,2,15,0.02852096826148355,47769.696147711
Ridge | grid-normalised state + geology,validation,2004-01-01,3,oil_cum,3,15,0.036444713400565085,89677.94534919175
Ridge | grid-normalised state + geology,validation,2004-01-01,3,oil_cum,4,15,0.04437373350397022,142315.38904714503
Ridge | grid-normalised state + geology,validation,2004-01-01,3,oil_cum,5,15,0.05271394413856937,205488.2499129293
Ridge | grid-normalised state + geology,validation,2004-01-01,3,oil_cum,6,15,0.0626954888450294,285405.9299851041
Ridge | grid-normalised state + geology,validation,2004-01-01,3,oil_cum,7,15,0.07322870384426113,378926.39603399154
Ridge | grid-normalised state + geology,validation,2004-01-01,3,oil_cum,8,15,0.08279968987961554,477613.9192053748
Ridge | grid-normalised state + geology,validation,2004-01-01,3,oil_cum,9,15,0.09061879100731099,573519.3130358522
Ridge | grid-normalised state + geology,validation,2004-01-01,3,oil_cum,10,15,0.09667844253927455,665280.6558291361
Ridge | grid-normalised state + geology,validation,2004-01-01,3,oil_cum,11,15,0.10121262645902857,751750.5136773878
Ridge | grid-normalised state + geology,validation,2004-01-01,3,oil_cum,12,15,0.10466713745530908,833214.1488103295
Ridge | grid-normalised state + geology,validation,2004-01-01,3,water_cum,1,15,0.012388648880252748,6356.920567973812
Ridge | grid-normalised state + geology,validation,2004-01-01,3,water_cum,2,15,0.018593477083958376,19368.263157122048
Ridge | grid-normalised state + geology,validation,2004-01-01,3,water_cum,3,15,0.02414911592407471,38413.977518206135
Ridge | grid-normalised state + geology,validation,2004-01-01,3,water_cum,4,15,0.029302296327798755,63125.077862897
Ridge | grid-normalised state + geology,validation,2004-01-01,3,water_cum,5,15,0.03405784378868647,92602.35666376408
Ridge | grid-normalised state + geology,validation,2004-01-01,3,water_cum,6,15,0.03860603559754855,127479.76385484912
Ridge | grid-normalised state + geology,validation,2004-01-01,3,water_cum,7,15,0.0430165945012754,167886.38819544157
Ridge | grid-normalised state + geology,validation,2004-01-01,3,water_cum,8,15,0.04723812740257583,213227.35024159498
Ridge | grid-normalised state + geology,validation,2004-01-01,3,water_cum,9,15,0.051172127829485964,262085.66241655717
Ridge | grid-normalised state + geology,validation,2004-01-01,3,water_cum,10,15,0.055167121769751894,317083.4349420267
Ridge | grid-normalised state + geology,validation,2004-01-01,3,water_cum,11,15,0.05927993947053699,378962.9570309331
Ridge | grid-normalised state + geology,validation,2004-01-01,3,water_cum,12,15,0.06344072588220913,447227.2740136033
Ridge | grid-normalised state + geology,validation,2005-01-01,3,gas_cum,1,15,0.029536372300747748,7410.816337879417
Ridge | grid-normalised state + geology,validation,2005-01-01,3,gas_cum,2,15,0.04486728775201498,21917.330361980647
Ridge | grid-normalised state + geology,validation,2005-01-01,3,gas_cum,3,15,0.0587858385031647,42010.89003184895
Ridge | grid-normalised state + geology,validation,2005-01-01,3,gas_cum,4,15,0.06919935053115198,64385.5430474214
Ridge | grid-normalised state + geology,validation,2005-01-01,3,gas_cum,5,15,0.07607313046080251,86281.15164660863
Ridge | grid-normalised state + geology,validation,2005-01-01,3,gas_cum,6,15,0.07997416846739872,106760.83169397141
Ridge | grid-normalised state + geology,validation,2005-01-01,3,gas_cum,7,15,0.0818018476586848,125427.54211588022
Ridge | grid-normalised state + geology,validation,2005-01-01,3,gas_cum,8,15,0.08247042291560847,142430.3782341005
Ridge | grid-normalised state + geology,validation,2005-01-01,3,gas_cum,9,15,0.08245339768711266,157669.14466079007
Ridge | grid-normalised state + geology,validation,2005-01-01,3,gas_cum,10,15,0.08200400012471017,171815.01633263932
Ridge | grid-normalised state + geology,validation,2005-01-01,3,gas_cum,11,15,0.0813348238719643,185107.1288768479
Ridge | grid-normalised state + geology,validation,2005-01-01,3,gas_cum,12,15,0.08063886662294564,197734.59137200343
Ridge | grid-normalised state + geology,validation,2005-01-01,3,oil_cum,1,15,0.030087472678744655,20791.050437043465
Ridge | grid-normalised state + geology,validation,2005-01-01,3,oil_cum,2,15,0.04553902421764972,61258.18544493363
Ridge | grid-normalised state + geology,validation,2005-01-01,3,oil_cum,3,15,0.05961676485619907,117302.23229930238
Ridge | grid-normalised state + geology,validation,2005-01-01,3,oil_cum,4,15,0.07011700810305281,179605.23048436886
Ridge | grid-normalised state + geology,validation,2005-01-01,3,oil_cum,5,15,0.07702817622398567,240505.54401045328
Ridge | grid-normalised state + geology,validation,2005-01-01,3,oil_cum,6,15,0.08091551377276597,297361.9845911204
Ridge | grid-normalised state + geology,validation,2005-01-01,3,oil_cum,7,15,0.08267321036950523,348985.4226221281
Ridge | grid-normalised state + geology,validation,2005-01-01,3,oil_cum,8,15,0.08331794363908485,396149.81092803454
Ridge | grid-normalised state + geology,validation,2005-01-01,3,oil_cum,9,15,0.08332424804017081,438644.12170911813
Ridge | grid-normalised state + geology,validation,2005-01-01,3,oil_cum,10,15,0.0828956204013375,478132.795839952
Ridge | grid-normalised state + geology,validation,2005-01-01,3,oil_cum,11,15,0.08222604702372498,515162.7342655474
Ridge | grid-normalised state + geology,validation,2005-01-01,3,oil_cum,12,15,0.08152387413442744,550316.002484174
Ridge | grid-normalised state + geology,validation,2005-01-01,3,water_cum,1,15,0.009769028101713366,5517.544013901077
Ridge | grid-normalised state + geology,validation,2005-01-01,3,water_cum,2,15,0.01496258461039741,17176.999975189046
Ridge | grid-normalised state + geology,validation,2005-01-01,3,water_cum,3,15,0.020642741213627688,36101.17220700189
Ridge | grid-normalised state + geology,validation,2005-01-01,3,water_cum,4,15,0.026532752846809282,62617.222311476864
Ridge | grid-normalised state + geology,validation,2005-01-01,3,water_cum,5,15,0.032498539225533994,96450.37626841447
Ridge | grid-normalised state + geology,validation,2005-01-01,3,water_cum,6,15,0.03889108954329832,139772.2631218377
Ridge | grid-normalised state + geology,validation,2005-01-01,3,water_cum,7,15,0.045522716641082275,192974.33303410377
Ridge | grid-normalised state + geology,validation,2005-01-01,3,water_cum,8,15,0.052208759619951896,255608.13339381124
Ridge | grid-normalised state + geology,validation,2005-01-01,3,water_cum,9,15,0.05862798381753796,325290.75717709644
Ridge | grid-normalised state + geology,validation,2005-01-01,3,water_cum,10,15,0.06501071188852403,404300.2635966417
Ridge | grid-normalised state + geology,validation,2005-01-01,3,water_cum,11,15,0.07128271306634244,492375.9226391881
Ridge | grid-normalised state + geology,validation,2005-01-01,3,water_cum,12,15,0.07735418340915874,588337.3990864041
Ridge | grid-normalised state + raw 4,train,2003-01-01,3,gas_cum,1,70,0.02921991645839414,11028.647940797717
Ridge | grid-normalised state + raw 4,train,2003-01-01,3,gas_cum,2,70,0.04408040114095906,32261.17783414177
Ridge | grid-normalised state + raw 4,train,2003-01-01,3,gas_cum,3,70,0.055582494351218294,59376.504172044166
Ridge | grid-normalised state + raw 4,train,2003-01-01,3,gas_cum,4,70,0.06362899466685813,88328.49245951742
Ridge | grid-normalised state + raw 4,train,2003-01-01,3,gas_cum,5,70,0.07002157850611,118329.07192651984
Ridge | grid-normalised state + raw 4,train,2003-01-01,3,gas_cum,6,70,0.07575948020148653,149814.40611531405
Ridge | grid-normalised state + raw 4,train,2003-01-01,3,gas_cum,7,70,0.08122156301235502,183084.90801194846
Ridge | grid-normalised state + raw 4,train,2003-01-01,3,gas_cum,8,70,0.08638908200118528,217469.93142490136
Ridge | grid-normalised state + raw 4,train,2003-01-01,3,gas_cum,9,70,0.09143178488820165,252425.03195264662
Ridge | grid-normalised state + raw 4,train,2003-01-01,3,gas_cum,10,70,0.09693985844563943,289937.2298324684
Ridge | grid-normalised state + raw 4,train,2003-01-01,3,gas_cum,11,70,0.10249439534824435,328950.8514301666
Ridge | grid-normalised state + raw 4,train,2003-01-01,3,gas_cum,12,70,0.10757397472129587,367639.4974409381
Ridge | grid-normalised state + raw 4,train,2003-01-01,3,oil_cum,1,70,0.029908520206102615,31065.75261832268
Ridge | grid-normalised state + raw 4,train,2003-01-01,3,oil_cum,2,70,0.04471552246000233,90063.54117274133
Ridge | grid-normalised state + raw 4,train,2003-01-01,3,oil_cum,3,70,0.05609422566768785,164924.75944394243
Ridge | grid-normalised state + raw 4,train,2003-01-01,3,oil_cum,4,70,0.06403089349732027,244651.21591547361
Ridge | grid-normalised state + raw 4,train,2003-01-01,3,oil_cum,5,70,0.07032001339650375,327095.7774305008
Ridge | grid-normalised state + raw 4,train,2003-01-01,3,oil_cum,6,70,0.07595724205097494,413475.3522032466
Ridge | grid-normalised state + raw 4,train,2003-01-01,3,oil_cum,7,70,0.08134848535369921,504790.0592344688
Ridge | grid-normalised state + raw 4,train,2003-01-01,3,oil_cum,8,70,0.08646254712532062,599182.0533380948
Ridge | grid-normalised state + raw 4,train,2003-01-01,3,oil_cum,9,70,0.09146414429705842,695161.86466032
Ridge | grid-normalised state + raw 4,train,2003-01-01,3,oil_cum,10,70,0.09695042030472269,798283.796385001
Ridge | grid-normalised state + raw 4,train,2003-01-01,3,oil_cum,11,70,0.10250820359159511,905717.5975874079
Ridge | grid-normalised state + raw 4,train,2003-01-01,3,oil_cum,12,70,0.10760206075045287,1012353.4105112952
Ridge | grid-normalised state + raw 4,train,2003-01-01,3,water_cum,1,70,0.01909876171861591,9326.216858591499
Ridge | grid-normalised state + raw 4,train,2003-01-01,3,water_cum,2,70,0.045696409795731065,45205.96347494862
Ridge | grid-normalised state + raw 4,train,2003-01-01,3,water_cum,3,70,0.07601419454809577,114000.2852000508
Ridge | grid-normalised state + raw 4,train,2003-01-01,3,water_cum,4,70,0.10156581674807785,205643.43384995757
Ridge | grid-normalised state + raw 4,train,2003-01-01,3,water_cum,5,70,0.12391769346193654,317011.4411094691
Ridge | grid-normalised state + raw 4,train,2003-01-01,3,water_cum,6,70,0.1445453266009721,448790.58823091915
Ridge | grid-normalised state + raw 4,train,2003-01-01,3,water_cum,7,70,0.16388208109942426,601565.3803623685
Ridge | grid-normalised state + raw 4,train,2003-01-01,3,water_cum,8,70,0.1817092512016192,772380.6046492512
Ridge | grid-normalised state + raw 4,train,2003-01-01,3,water_cum,9,70,0.19792325051865153,956247.1755944452
Ridge | grid-normalised state + raw 4,train,2003-01-01,3,water_cum,10,70,0.21348849472042553,1159444.7109251218
Ridge | grid-normalised state + raw 4,train,2003-01-01,3,water_cum,11,70,0.22856474724165096,1382536.9514795986
Ridge | grid-normalised state + raw 4,train,2003-01-01,3,water_cum,12,70,0.24313480823506242,1623559.3143490946
Ridge | grid-normalised state + raw 4,train,2003-01-01,5,gas_cum,1,70,0.02921991645839414,11028.647940797717
Ridge | grid-normalised state + raw 4,train,2003-01-01,5,gas_cum,2,70,0.04408040114095906,32261.17783414177
Ridge | grid-normalised state + raw 4,train,2003-01-01,5,gas_cum,3,70,0.055582494351218294,59376.504172044166
Ridge | grid-normalised state + raw 4,train,2003-01-01,5,gas_cum,4,70,0.06362899466685813,88328.49245951742
Ridge | grid-normalised state + raw 4,train,2003-01-01,5,gas_cum,5,70,0.07002157850611,118329.07192651984
Ridge | grid-normalised state + raw 4,train,2003-01-01,5,gas_cum,6,70,0.07575948020148653,149814.40611531405
Ridge | grid-normalised state + raw 4,train,2003-01-01,5,gas_cum,7,70,0.08122156301235502,183084.90801194846
Ridge | grid-normalised state + raw 4,train,2003-01-01,5,gas_cum,8,70,0.08638908200118528,217469.93142490136
Ridge | grid-normalised state + raw 4,train,2003-01-01,5,gas_cum,9,70,0.09143178488820165,252425.03195264662
Ridge | grid-normalised state + raw 4,train,2003-01-01,5,gas_cum,10,70,0.09693985844563943,289937.2298324684
Ridge | grid-normalised state + raw 4,train,2003-01-01,5,gas_cum,11,70,0.10249439534824435,328950.8514301666
Ridge | grid-normalised state + raw 4,train,2003-01-01,5,gas_cum,12,70,0.10757397472129587,367639.4974409381
Ridge | grid-normalised state + raw 4,train,2003-01-01,5,gas_cum,13,70,0.11183947678106668,404158.7807746502
Ridge | grid-normalised state + raw 4,train,2003-01-01,5,gas_cum,14,70,0.11533297575647924,439049.59437497193
Ridge | grid-normalised state + raw 4,train,2003-01-01,5,gas_cum,15,70,0.11815611671922552,472327.99984355475
Ridge | grid-normalised state + raw 4,train,2003-01-01,5,gas_cum,16,70,0.12048097336717994,504036.6896872137
Ridge | grid-normalised state + raw 4,train,2003-01-01,5,gas_cum,17,70,0.12243122074452888,533935.0541179873
Ridge | grid-normalised state + raw 4,train,2003-01-01,5,gas_cum,18,70,0.12417448390315876,563294.9365169781
Ridge | grid-normalised state + raw 4,train,2003-01-01,5,gas_cum,19,70,0.12580970705572136,592458.1103875631
Ridge | grid-normalised state + raw 4,train,2003-01-01,5,gas_cum,20,70,0.12739025409087676,621376.1955417735
Ridge | grid-normalised state + raw 4,train,2003-01-01,5,oil_cum,1,70,0.029908520206102615,31065.75261832268
Ridge | grid-normalised state + raw 4,train,2003-01-01,5,oil_cum,2,70,0.04471552246000233,90063.54117274133
Ridge | grid-normalised state + raw 4,train,2003-01-01,5,oil_cum,3,70,0.05609422566768785,164924.75944394243
Ridge | grid-normalised state + raw 4,train,2003-01-01,5,oil_cum,4,70,0.06403089349732027,244651.21591547361
Ridge | grid-normalised state + raw 4,train,2003-01-01,5,oil_cum,5,70,0.07032001339650375,327095.7774305008
Ridge | grid-normalised state + raw 4,train,2003-01-01,5,oil_cum,6,70,0.07595724205097494,413475.3522032466
Ridge | grid-normalised state + raw 4,train,2003-01-01,5,oil_cum,7,70,0.08134848535369921,504790.0592344688
Ridge | grid-normalised state + raw 4,train,2003-01-01,5,oil_cum,8,70,0.08646254712532062,599182.0533380948
Ridge | grid-normalised state + raw 4,train,2003-01-01,5,oil_cum,9,70,0.09146414429705842,695161.86466032
Ridge | grid-normalised state + raw 4,train,2003-01-01,5,oil_cum,10,70,0.09695042030472269,798283.796385001
Ridge | grid-normalised state + raw 4,train,2003-01-01,5,oil_cum,11,70,0.10250820359159511,905717.5975874079
Ridge | grid-normalised state + raw 4,train,2003-01-01,5,oil_cum,12,70,0.10760206075045287,1012353.4105112952
Ridge | grid-normalised state + raw 4,train,2003-01-01,5,oil_cum,13,70,0.11187331759880646,1112949.9476145576
Ridge | grid-normalised state + raw 4,train,2003-01-01,5,oil_cum,14,70,0.11535146538916448,1208864.5268432617
Ridge | grid-normalised state + raw 4,train,2003-01-01,5,oil_cum,15,70,0.11814244828652676,1300154.725074195
Ridge | grid-normalised state + raw 4,train,2003-01-01,5,oil_cum,16,70,0.1204453060318906,1387196.386467502
Ridge | grid-normalised state + raw 4,train,2003-01-01,5,oil_cum,17,70,0.12238271505412728,1469328.7269487903
Ridge | grid-normalised state + raw 4,train,2003-01-01,5,oil_cum,18,70,0.12411539302522076,1549989.59658558
Ridge | grid-normalised state + raw 4,train,2003-01-01,5,oil_cum,19,70,0.12573804032289135,1630073.828236397
Ridge | grid-normalised state + raw 4,train,2003-01-01,5,oil_cum,20,70,0.12730253970104413,1709429.0641664641
Ridge | grid-normalised state + raw 4,train,2003-01-01,5,water_cum,1,70,0.01909876171861591,9326.216858591499
Ridge | grid-normalised state + raw 4,train,2003-01-01,5,water_cum,2,70,0.045696409795731065,45205.96347494862
Ridge | grid-normalised state + raw 4,train,2003-01-01,5,water_cum,3,70,0.07601419454809577,114000.2852000508
Ridge | grid-normalised state + raw 4,train,2003-01-01,5,water_cum,4,70,0.10156581674807785,205643.43384995757
Ridge | grid-normalised state + raw 4,train,2003-01-01,5,water_cum,5,70,0.12391769346193654,317011.4411094691
Ridge | grid-normalised state + raw 4,train,2003-01-01,5,water_cum,6,70,0.1445453266009721,448790.58823091915
Ridge | grid-normalised state + raw 4,train,2003-01-01,5,water_cum,7,70,0.16388208109942426,601565.3803623685
Ridge | grid-normalised state + raw 4,train,2003-01-01,5,water_cum,8,70,0.1817092512016192,772380.6046492512
Ridge | grid-normalised state + raw 4,train,2003-01-01,5,water_cum,9,70,0.19792325051865153,956247.1755944452
Ridge | grid-normalised state + raw 4,train,2003-01-01,5,water_cum,10,70,0.21348849472042553,1159444.7109251218
Ridge | grid-normalised state + raw 4,train,2003-01-01,5,water_cum,11,70,0.22856474724165096,1382536.9514795986
Ridge | grid-normalised state + raw 4,train,2003-01-01,5,water_cum,12,70,0.24313480823506242,1623559.3143490946
Ridge | grid-normalised state + raw 4,train,2003-01-01,5,water_cum,13,70,0.25695573989117776,1876580.2323910075
Ridge | grid-normalised state + raw 4,train,2003-01-01,5,water_cum,14,70,0.27033878972816777,2148422.7694088146
Ridge | grid-normalised state + raw 4,train,2003-01-01,5,water_cum,15,70,0.28330392952265626,2439235.1710564326
Ridge | grid-normalised state + raw 4,train,2003-01-01,5,water_cum,16,70,0.29580280794125585,2746179.790203248
Ridge | grid-normalised state + raw 4,train,2003-01-01,5,water_cum,17,70,0.30770696553638377,3062529.915714921
Ridge | grid-normalised state + raw 4,train,2003-01-01,5,water_cum,18,70,0.31927079644269085,3397050.368469746
Ridge | grid-normalised state + raw 4,train,2003-01-01,5,water_cum,19,70,0.3305541886677538,3750289.9450031808
Ridge | grid-normalised state + raw 4,train,2003-01-01,5,water_cum,20,70,0.34149455472966145,4118753.625342333
Ridge | grid-normalised state + raw 4,train,2004-01-01,3,gas_cum,1,70,0.018417803518965662,5557.075016707294
Ridge | grid-normalised state + raw 4,train,2004-01-01,3,gas_cum,2,70,0.02412020228825209,14214.94895057733
Ridge | grid-normalised state + raw 4,train,2004-01-01,3,gas_cum,3,70,0.03056858796988951,26472.07505212823
Ridge | grid-normalised state + raw 4,train,2004-01-01,3,gas_cum,4,70,0.03705289038308807,41839.86877692304
Ridge | grid-normalised state + raw 4,train,2004-01-01,3,gas_cum,5,70,0.044195327886400515,60666.23285777301
Ridge | grid-normalised state + raw 4,train,2004-01-01,3,gas_cum,6,70,0.053304308235667626,85436.7958399551
Ridge | grid-normalised state + raw 4,train,2004-01-01,3,gas_cum,7,70,0.06310456965753121,114939.3700714484
Ridge | grid-normalised state + raw 4,train,2004-01-01,3,gas_cum,8,70,0.07209166776645196,146314.84174332535
Ridge | grid-normalised state + raw 4,train,2004-01-01,3,gas_cum,9,70,0.07941508382618337,176763.75174598946
Ridge | grid-normalised state + raw 4,train,2004-01-01,3,gas_cum,10,70,0.08504972356392582,205731.30172411358
Ridge | grid-normalised state + raw 4,train,2004-01-01,3,gas_cum,11,70,0.0891704045800078,232709.80541898485
Ridge | grid-normalised state + raw 4,train,2004-01-01,3,gas_cum,12,70,0.09219783708448877,257770.85434719297
Ridge | grid-normalised state + raw 4,train,2004-01-01,3,oil_cum,1,70,0.018321134377368452,15219.851796990095
Ridge | grid-normalised state + raw 4,train,2004-01-01,3,oil_cum,2,70,0.02395460934631,38872.313126427674
Ridge | grid-normalised state + raw 4,train,2004-01-01,3,oil_cum,3,70,0.030386216086584282,72456.85982411113
Ridge | grid-normalised state + raw 4,train,2004-01-01,3,oil_cum,4,70,0.03685101763953556,114579.11405619037
Ridge | grid-normalised state + raw 4,train,2004-01-01,3,oil_cum,5,70,0.04396040740233547,166158.29429707385
Ridge | grid-normalised state + raw 4,train,2004-01-01,3,oil_cum,6,70,0.053048231847415736,234121.89272078246
Ridge | grid-normalised state + raw 4,train,2004-01-01,3,oil_cum,7,70,0.06286691802956332,315285.576103252
Ridge | grid-normalised state + raw 4,train,2004-01-01,3,oil_cum,8,70,0.07189032564285353,401725.4321427423
Ridge | grid-normalised state + raw 4,train,2004-01-01,3,oil_cum,9,70,0.07923759459650749,485584.53174387885
Ridge | grid-normalised state + raw 4,train,2004-01-01,3,oil_cum,10,70,0.08486795587560976,565215.5540782381
Ridge | grid-normalised state + raw 4,train,2004-01-01,3,oil_cum,11,70,0.08896511135638309,639240.3494553393
Ridge | grid-normalised state + raw 4,train,2004-01-01,3,oil_cum,12,70,0.09199070848911498,708122.8654076603
Ridge | grid-normalised state + raw 4,train,2004-01-01,3,water_cum,1,70,0.008885790050404015,4745.021879782166
Ridge | grid-normalised state + raw 4,train,2004-01-01,3,water_cum,2,70,0.014623783877653512,15810.472522177924
Ridge | grid-normalised state + raw 4,train,2004-01-01,3,water_cum,3,70,0.020126830313964107,33160.45444907771
Ridge | grid-normalised state + raw 4,train,2004-01-01,3,water_cum,4,70,0.025287952528237158,56341.7580440362
Ridge | grid-normalised state + raw 4,train,2004-01-01,3,water_cum,5,70,0.030184534868062763,84795.27143773915
Ridge | grid-normalised state + raw 4,train,2004-01-01,3,water_cum,6,70,0.03507551822898634,119579.13097562843
Ridge | grid-normalised state + raw 4,train,2004-01-01,3,water_cum,7,70,0.03998315251691304,161027.65745197725
Ridge | grid-normalised state + raw 4,train,2004-01-01,3,water_cum,8,70,0.04482948903857774,208750.4054785233
Ridge | grid-normalised state + raw 4,train,2004-01-01,3,water_cum,9,70,0.04944572937129714,261189.05445976998
Ridge | grid-normalised state + raw 4,train,2004-01-01,3,water_cum,10,70,0.053978551464792794,319910.39917449787
Ridge | grid-normalised state + raw 4,train,2004-01-01,3,water_cum,11,70,0.058443748458595124,385125.3042166225
Ridge | grid-normalised state + raw 4,train,2004-01-01,3,water_cum,12,70,0.06281897784931029,456302.09164924914
Ridge | grid-normalised state + raw 4,train,2005-01-01,3,gas_cum,1,70,0.029474798557905173,7177.6623006283935
Ridge | grid-normalised state + raw 4,train,2005-01-01,3,gas_cum,2,70,0.044717529819984746,21182.52409811253
Ridge | grid-normalised state + raw 4,train,2005-01-01,3,gas_cum,3,70,0.05858058262396209,40559.369177623885
Ridge | grid-normalised state + raw 4,train,2005-01-01,3,gas_cum,4,70,0.06894044797378397,62088.74608449331
Ridge | grid-normalised state + raw 4,train,2005-01-01,3,gas_cum,5,70,0.07568178522064624,83020.32326649321
Ridge | grid-normalised state + raw 4,train,2005-01-01,3,gas_cum,6,70,0.07938278699489124,102419.68423769163
Ridge | grid-normalised state + raw 4,train,2005-01-01,3,gas_cum,7,70,0.08084683540104336,119739.79393207893
Ridge | grid-normalised state + raw 4,train,2005-01-01,3,gas_cum,8,70,0.08113230185183073,135271.45329141658
Ridge | grid-normalised state + raw 4,train,2005-01-01,3,gas_cum,9,70,0.08078305118196841,149047.2445911497
Ridge | grid-normalised state + raw 4,train,2005-01-01,3,gas_cum,10,70,0.08005949953304045,161753.81639519686
Ridge | grid-normalised state + raw 4,train,2005-01-01,3,gas_cum,11,70,0.07912635639967025,173558.5133344354
Ridge | grid-normalised state + raw 4,train,2005-01-01,3,gas_cum,12,70,0.0781275183293341,184551.1888756547
Ridge | grid-normalised state + raw 4,train,2005-01-01,3,oil_cum,1,70,0.029722047109222213,19930.10770296349
Ridge | grid-normalised state + raw 4,train,2005-01-01,3,oil_cum,2,70,0.04497275642048659,58659.69012341136
Ridge | grid-normalised state + raw 4,train,2005-01-01,3,oil_cum,3,70,0.058922179994503755,112322.70250540023
Ridge | grid-normalised state + raw 4,train,2005-01-01,3,oil_cum,4,70,0.06936006288976983,171974.0509542616
Ridge | grid-normalised state + raw 4,train,2005-01-01,3,oil_cum,5,70,0.07613335690390727,229913.67587587298
Ridge | grid-normalised state + raw 4,train,2005-01-01,3,oil_cum,6,70,0.0798116144955906,283482.27070307697
Ridge | grid-normalised state + raw 4,train,2005-01-01,3,oil_cum,7,70,0.08122549807863073,331199.1264049147
Ridge | grid-normalised state + raw 4,train,2005-01-01,3,oil_cum,8,70,0.08149336956097138,374076.9068987109
Ridge | grid-normalised state + raw 4,train,2005-01-01,3,oil_cum,9,70,0.08115245981635964,412216.4834780804
Ridge | grid-normalised state + raw 4,train,2005-01-01,3,oil_cum,10,70,0.08044337004702069,447449.0708905658
Ridge | grid-normalised state + raw 4,train,2005-01-01,3,oil_cum,11,70,0.07952159665824948,480192.10556649667
Ridge | grid-normalised state + raw 4,train,2005-01-01,3,oil_cum,12,70,0.07852968361306892,510679.1873524966
Ridge | grid-normalised state + raw 4,train,2005-01-01,3,water_cum,1,70,0.011022406007962875,6407.150468396586
Ridge | grid-normalised state + raw 4,train,2005-01-01,3,water_cum,2,70,0.017088011384228684,20186.23226163706
Ridge | grid-normalised state + raw 4,train,2005-01-01,3,water_cum,3,70,0.02343372203695406,42170.46517352083
Ridge | grid-normalised state + raw 4,train,2005-01-01,3,water_cum,4,70,0.029770349905761495,72305.2373858543
Ridge | grid-normalised state + raw 4,train,2005-01-01,3,water_cum,5,70,0.035931500373774405,109756.5252921565
Ridge | grid-normalised state + raw 4,train,2005-01-01,3,water_cum,6,70,0.04230769175975755,156493.04860963832
Ridge | grid-normalised state + raw 4,train,2005-01-01,3,water_cum,7,70,0.04878645246385491,212807.41886159542
Ridge | grid-normalised state + raw 4,train,2005-01-01,3,water_cum,8,70,0.055195350477074814,277971.53195444745
Ridge | grid-normalised state + raw 4,train,2005-01-01,3,water_cum,9,70,0.06127343620048199,349584.0231068759
Ridge | grid-normalised state + raw 4,train,2005-01-01,3,water_cum,10,70,0.067389381424597,430808.55130252807
Ridge | grid-normalised state + raw 4,train,2005-01-01,3,water_cum,11,70,0.07347578152028734,521566.94677692896
Ridge | grid-normalised state + raw 4,train,2005-01-01,3,water_cum,12,70,0.07942188382418855,620619.6449109626
Ridge | grid-normalised state + raw 4,validation,2003-01-01,3,gas_cum,1,15,0.02865851177201024,11147.457784382934
Ridge | grid-normalised state + raw 4,validation,2003-01-01,3,gas_cum,2,15,0.0441732617511336,33341.91838335883
Ridge | grid-normalised state + raw 4,validation,2003-01-01,3,gas_cum,3,15,0.056915368796373066,62734.39013401761
Ridge | grid-normalised state + raw 4,validation,2003-01-01,3,gas_cum,4,15,0.0666547122040142,95495.28200227323
Ridge | grid-normalised state + raw 4,validation,2003-01-01,3,gas_cum,5,15,0.07513569427712942,131047.42071125425
Ridge | grid-normalised state + raw 4,validation,2003-01-01,3,gas_cum,6,15,0.08319349160198898,169768.5526619346
Ridge | grid-normalised state + raw 4,validation,2003-01-01,3,gas_cum,7,15,0.09104996515075861,211747.37857198023
Ridge | grid-normalised state + raw 4,validation,2003-01-01,3,gas_cum,8,15,0.09857287107687668,255947.74297643322
Ridge | grid-normalised state + raw 4,validation,2003-01-01,3,gas_cum,9,15,0.10582751795664713,301334.42449347506
Ridge | grid-normalised state + raw 4,validation,2003-01-01,3,gas_cum,10,15,0.1134568737634875,350009.1057558753
Ridge | grid-normalised state + raw 4,validation,2003-01-01,3,gas_cum,11,15,0.12108691630017392,400923.0310784908
Ridge | grid-normalised state + raw 4,validation,2003-01-01,3,gas_cum,12,15,0.1281187012416182,451840.95571402897
Ridge | grid-normalised state + raw 4,validation,2003-01-01,3,oil_cum,1,15,0.029928436208787795,32026.084052433845
Ridge | grid-normalised state + raw 4,validation,2003-01-01,3,oil_cum,2,15,0.045602178130152965,94675.28162787754
Ridge | grid-normalised state + raw 4,validation,2003-01-01,3,oil_cum,3,15,0.05823827619778924,176587.72727151957
Ridge | grid-normalised state + raw 4,validation,2003-01-01,3,oil_cum,4,15,0.06775300452635795,267081.44670927234
Ridge | grid-normalised state + raw 4,validation,2003-01-01,3,oil_cum,5,15,0.07601043681352238,364833.6183799094
Ridge | grid-normalised state + raw 4,validation,2003-01-01,3,oil_cum,6,15,0.08388655125070661,471176.6767401519
Ridge | grid-normalised state + raw 4,validation,2003-01-01,3,oil_cum,7,15,0.09156552925137339,586254.4860263742
Ridge | grid-normalised state + raw 4,validation,2003-01-01,3,oil_cum,8,15,0.098991319075622,707697.2297512246
Ridge | grid-normalised state + raw 4,validation,2003-01-01,3,oil_cum,9,15,0.10620404326475427,832642.8242691536
Ridge | grid-normalised state + raw 4,validation,2003-01-01,3,oil_cum,10,15,0.11382158901217874,966807.9100253314
Ridge | grid-normalised state + raw 4,validation,2003-01-01,3,oil_cum,11,15,0.12146367214829236,1107299.709939238
Ridge | grid-normalised state + raw 4,validation,2003-01-01,3,oil_cum,12,15,0.12850681026912522,1247795.8179993117
Ridge | grid-normalised state + raw 4,validation,2003-01-01,3,water_cum,1,15,0.016333092623919385,7540.135480920615
Ridge | grid-normalised state + raw 4,validation,2003-01-01,3,water_cum,2,15,0.04166998461431579,39013.24286962907
Ridge | grid-normalised state + raw 4,validation,2003-01-01,3,water_cum,3,15,0.07101828392694544,100951.66217098755
Ridge | grid-normalised state + raw 4,validation,2003-01-01,3,water_cum,4,15,0.09545384209716778,183573.74223548797
Ridge | grid-normalised state + raw 4,validation,2003-01-01,3,water_cum,5,15,0.11651751233307729,283796.48597394937
Ridge | grid-normalised state + raw 4,validation,2003-01-01,3,water_cum,6,15,0.13562840603857737,401931.1660156648
Ridge | grid-normalised state + raw 4,validation,2003-01-01,3,water_cum,7,15,0.1534733105350944,538960.4698690013
Ridge | grid-normalised state + raw 4,validation,2003-01-01,3,water_cum,8,15,0.17001828718811898,692757.3872860722
Ridge | grid-normalised state + raw 4,validation,2003-01-01,3,water_cum,9,15,0.18521524809459142,859148.8894394914
Ridge | grid-normalised state + raw 4,validation,2003-01-01,3,water_cum,10,15,0.1999234268803429,1043826.835262622
Ridge | grid-normalised state + raw 4,validation,2003-01-01,3,water_cum,11,15,0.21429987009395837,1247511.4687396185
Ridge | grid-normalised state + raw 4,validation,2003-01-01,3,water_cum,12,15,0.2283124585621346,1468481.9842799343
Ridge | grid-normalised state + raw 4,validation,2003-01-01,5,gas_cum,1,15,0.02865851177201024,11147.457784382934
Ridge | grid-normalised state + raw 4,validation,2003-01-01,5,gas_cum,2,15,0.0441732617511336,33341.91838335883
Ridge | grid-normalised state + raw 4,validation,2003-01-01,5,gas_cum,3,15,0.056915368796373066,62734.39013401761
Ridge | grid-normalised state + raw 4,validation,2003-01-01,5,gas_cum,4,15,0.0666547122040142,95495.28200227323
Ridge | grid-normalised state + raw 4,validation,2003-01-01,5,gas_cum,5,15,0.07513569427712942,131047.42071125425
Ridge | grid-normalised state + raw 4,validation,2003-01-01,5,gas_cum,6,15,0.08319349160198898,169768.5526619346
Ridge | grid-normalised state + raw 4,validation,2003-01-01,5,gas_cum,7,15,0.09104996515075861,211747.37857198023
Ridge | grid-normalised state + raw 4,validation,2003-01-01,5,gas_cum,8,15,0.09857287107687668,255947.74297643322
Ridge | grid-normalised state + raw 4,validation,2003-01-01,5,gas_cum,9,15,0.10582751795664713,301334.42449347506
Ridge | grid-normalised state + raw 4,validation,2003-01-01,5,gas_cum,10,15,0.1134568737634875,350009.1057558753
Ridge | grid-normalised state + raw 4,validation,2003-01-01,5,gas_cum,11,15,0.12108691630017392,400923.0310784908
Ridge | grid-normalised state + raw 4,validation,2003-01-01,5,gas_cum,12,15,0.1281187012416182,451840.95571402897
Ridge | grid-normalised state + raw 4,validation,2003-01-01,5,gas_cum,13,15,0.13416056865321738,500470.18127893854
Ridge | grid-normalised state + raw 4,validation,2003-01-01,5,gas_cum,14,15,0.13927905523259695,547507.7751189072
Ridge | grid-normalised state + raw 4,validation,2003-01-01,5,gas_cum,15,15,0.1435878792717547,592909.2711828832
Ridge | grid-normalised state + raw 4,validation,2003-01-01,5,gas_cum,16,15,0.14725333723848422,636551.9949519938
Ridge | grid-normalised state + raw 4,validation,2003-01-01,5,gas_cum,17,15,0.1503912232289474,677943.0987184594
Ridge | grid-normalised state + raw 4,validation,2003-01-01,5,gas_cum,18,15,0.15321486805732776,718684.4992885141
Ridge | grid-normalised state + raw 4,validation,2003-01-01,5,gas_cum,19,15,0.15582111197690052,759037.3115074418
Ridge | grid-normalised state + raw 4,validation,2003-01-01,5,gas_cum,20,15,0.15826327203813934,798801.4027658745
Ridge | grid-normalised state + raw 4,validation,2003-01-01,5,oil_cum,1,15,0.029928436208787795,32026.084052433845
Ridge | grid-normalised state + raw 4,validation,2003-01-01,5,oil_cum,2,15,0.045602178130152965,94675.28162787754
Ridge | grid-normalised state + raw 4,validation,2003-01-01,5,oil_cum,3,15,0.05823827619778924,176587.72727151957
Ridge | grid-normalised state + raw 4,validation,2003-01-01,5,oil_cum,4,15,0.06775300452635795,267081.44670927234
Ridge | grid-normalised state + raw 4,validation,2003-01-01,5,oil_cum,5,15,0.07601043681352238,364833.6183799094
Ridge | grid-normalised state + raw 4,validation,2003-01-01,5,oil_cum,6,15,0.08388655125070661,471176.6767401519
Ridge | grid-normalised state + raw 4,validation,2003-01-01,5,oil_cum,7,15,0.09156552925137339,586254.4860263742
Ridge | grid-normalised state + raw 4,validation,2003-01-01,5,oil_cum,8,15,0.098991319075622,707697.2297512246
Ridge | grid-normalised state + raw 4,validation,2003-01-01,5,oil_cum,9,15,0.10620404326475427,832642.8242691536
Ridge | grid-normalised state + raw 4,validation,2003-01-01,5,oil_cum,10,15,0.11382158901217874,966807.9100253314
Ridge | grid-normalised state + raw 4,validation,2003-01-01,5,oil_cum,11,15,0.12146367214829236,1107299.709939238
Ridge | grid-normalised state + raw 4,validation,2003-01-01,5,oil_cum,12,15,0.12850681026912522,1247795.8179993117
Ridge | grid-normalised state + raw 4,validation,2003-01-01,5,oil_cum,13,15,0.13454992949641034,1381890.5429686138
Ridge | grid-normalised state + raw 4,validation,2003-01-01,5,oil_cum,14,15,0.1396484143485631,1511385.2343889507
Ridge | grid-normalised state + raw 4,validation,2003-01-01,5,oil_cum,15,15,0.14390607674588274,1636024.9682730467
Ridge | grid-normalised state + raw 4,validation,2003-01-01,5,oil_cum,16,15,0.14752969705298719,1755854.98773197
Ridge | grid-normalised state + raw 4,validation,2003-01-01,5,oil_cum,17,15,0.15064778019554276,1869679.146538317
Ridge | grid-normalised state + raw 4,validation,2003-01-01,5,oil_cum,18,15,0.15345240800412288,1981701.0295706412
Ridge | grid-normalised state + raw 4,validation,2003-01-01,5,oil_cum,19,15,0.156032776713563,2092556.5085386918
Ridge | grid-normalised state + raw 4,validation,2003-01-01,5,oil_cum,20,15,0.15844929467089391,2201773.079106291
Ridge | grid-normalised state + raw 4,validation,2003-01-01,5,water_cum,1,15,0.016333092623919385,7540.135480920615
Ridge | grid-normalised state + raw 4,validation,2003-01-01,5,water_cum,2,15,0.04166998461431579,39013.24286962907
Ridge | grid-normalised state + raw 4,validation,2003-01-01,5,water_cum,3,15,0.07101828392694544,100951.66217098755
Ridge | grid-normalised state + raw 4,validation,2003-01-01,5,water_cum,4,15,0.09545384209716778,183573.74223548797
Ridge | grid-normalised state + raw 4,validation,2003-01-01,5,water_cum,5,15,0.11651751233307729,283796.48597394937
Ridge | grid-normalised state + raw 4,validation,2003-01-01,5,water_cum,6,15,0.13562840603857737,401931.1660156648
Ridge | grid-normalised state + raw 4,validation,2003-01-01,5,water_cum,7,15,0.1534733105350944,538960.4698690013
Ridge | grid-normalised state + raw 4,validation,2003-01-01,5,water_cum,8,15,0.17001828718811898,692757.3872860722
Ridge | grid-normalised state + raw 4,validation,2003-01-01,5,water_cum,9,15,0.18521524809459142,859148.8894394914
Ridge | grid-normalised state + raw 4,validation,2003-01-01,5,water_cum,10,15,0.1999234268803429,1043826.835262622
Ridge | grid-normalised state + raw 4,validation,2003-01-01,5,water_cum,11,15,0.21429987009395837,1247511.4687396185
Ridge | grid-normalised state + raw 4,validation,2003-01-01,5,water_cum,12,15,0.2283124585621346,1468481.9842799343
Ridge | grid-normalised state + raw 4,validation,2003-01-01,5,water_cum,13,15,0.24164464977501213,1700993.2563882107
Ridge | grid-normalised state + raw 4,validation,2003-01-01,5,water_cum,14,15,0.25449509454963365,1950677.578993644
Ridge | grid-normalised state + raw 4,validation,2003-01-01,5,water_cum,15,15,0.2668374141368749,2217319.913333663
Ridge | grid-normalised state + raw 4,validation,2003-01-01,5,water_cum,16,15,0.2786221347498741,2498150.2903691325
Ridge | grid-normalised state + raw 4,validation,2003-01-01,5,water_cum,17,15,0.28981014865480487,2787475.1978526185
Ridge | grid-normalised state + raw 4,validation,2003-01-01,5,water_cum,18,15,0.30070432323081864,3093820.3279523724
Ridge | grid-normalised state + raw 4,validation,2003-01-01,5,water_cum,19,15,0.31137786264191863,3417895.9596003694
Ridge | grid-normalised state + raw 4,validation,2003-01-01,5,water_cum,20,15,0.32176237163364274,3756509.707513728
Ridge | grid-normalised state + raw 4,validation,2004-01-01,3,gas_cum,1,15,0.02092083957571779,6516.162426860888
Ridge | grid-normalised state + raw 4,validation,2004-01-01,3,gas_cum,2,15,0.02858532658150945,17379.312698464004
Ridge | grid-normalised state + raw 4,validation,2004-01-01,3,gas_cum,3,15,0.03667993067077435,32753.658397883937
Ridge | grid-normalised state + raw 4,validation,2004-01-01,3,gas_cum,4,15,0.04465890040324603,51977.780768357115
Ridge | grid-normalised state + raw 4,validation,2004-01-01,3,gas_cum,5,15,0.05299127371303639,74970.6485599594
Ridge | grid-normalised state + raw 4,validation,2004-01-01,3,gas_cum,6,15,0.06294626930461032,104008.13435740951
Ridge | grid-normalised state + raw 4,validation,2004-01-01,3,gas_cum,7,15,0.07341186899473078,137899.62253574474
Ridge | grid-normalised state + raw 4,validation,2004-01-01,3,gas_cum,8,15,0.08291739094489692,173643.2112857829
Ridge | grid-normalised state + raw 4,validation,2004-01-01,3,gas_cum,9,15,0.09068847327379442,208388.95391841044
Ridge | grid-normalised state + raw 4,validation,2004-01-01,3,gas_cum,10,15,0.09673063437496734,241684.59734458814
Ridge | grid-normalised state + raw 4,validation,2004-01-01,3,gas_cum,11,15,0.10129046612997647,273161.7197501166
Ridge | grid-normalised state + raw 4,validation,2004-01-01,3,gas_cum,12,15,0.10474832762843143,302771.5598827911
Ridge | grid-normalised state + raw 4,validation,2004-01-01,3,oil_cum,1,15,0.020911536740947402,17938.362669414415
Ridge | grid-normalised state + raw 4,validation,2004-01-01,3,oil_cum,2,15,0.028521051413143598,47769.83541821186
Ridge | grid-normalised state + raw 4,validation,2004-01-01,3,oil_cum,3,15,0.03644174387397776,89670.63836230221
Ridge | grid-normalised state + raw 4,validation,2004-01-01,3,oil_cum,4,15,0.04436777947779042,142296.29330096222
Ridge | grid-normalised state + raw 4,validation,2004-01-01,3,oil_cum,5,15,0.05270674182748603,205460.17403425946
Ridge | grid-normalised state + raw 4,validation,2004-01-01,3,oil_cum,6,15,0.06268892328234205,285376.041861426
Ridge | grid-normalised state + raw 4,validation,2004-01-01,3,oil_cum,7,15,0.07322365999943646,378900.2963512
Ridge | grid-normalised state + raw 4,validation,2004-01-01,3,oil_cum,8,15,0.08279613525544899,477593.4150467002
Ridge | grid-normalised state + raw 4,validation,2004-01-01,3,oil_cum,9,15,0.09061655205027273,573505.1428500859
Ridge | grid-normalised state + raw 4,validation,2004-01-01,3,oil_cum,10,15,0.09667718783365621,665272.0217287648
Ridge | grid-normalised state + raw 4,validation,2004-01-01,3,oil_cum,11,15,0.10121195657674752,751745.5381682395
Ridge | grid-normalised state + raw 4,validation,2004-01-01,3,oil_cum,12,15,0.10466656067368307,833209.5572773685
Ridge | grid-normalised state + raw 4,validation,2004-01-01,3,water_cum,1,15,0.012388648880252748,6356.920567973812
Ridge | grid-normalised state + raw 4,validation,2004-01-01,3,water_cum,2,15,0.018593477083958376,19368.263157122048
Ridge | grid-normalised state + raw 4,validation,2004-01-01,3,water_cum,3,15,0.02414911592407471,38413.977518206135
Ridge | grid-normalised state + raw 4,validation,2004-01-01,3,water_cum,4,15,0.029302296327798755,63125.077862897
Ridge | grid-normalised state + raw 4,validation,2004-01-01,3,water_cum,5,15,0.03405784378868647,92602.35666376408
Ridge | grid-normalised state + raw 4,validation,2004-01-01,3,water_cum,6,15,0.03860603559754855,127479.76385484912
Ridge | grid-normalised state + raw 4,validation,2004-01-01,3,water_cum,7,15,0.0430165945012754,167886.38819544157
Ridge | grid-normalised state + raw 4,validation,2004-01-01,3,water_cum,8,15,0.04723812740257583,213227.35024159498
Ridge | grid-normalised state + raw 4,validation,2004-01-01,3,water_cum,9,15,0.051172127829485964,262085.66241655717
Ridge | grid-normalised state + raw 4,validation,2004-01-01,3,water_cum,10,15,0.055167121769751894,317083.4349420267
Ridge | grid-normalised state + raw 4,validation,2004-01-01,3,water_cum,11,15,0.05927993947053699,378962.9570309331
Ridge | grid-normalised state + raw 4,validation,2004-01-01,3,water_cum,12,15,0.06344072588220913,447227.2740136033
Ridge | grid-normalised state + raw 4,validation,2005-01-01,3,gas_cum,1,15,0.029482995074368377,7397.423737823623
Ridge | grid-normalised state + raw 4,validation,2005-01-01,3,gas_cum,2,15,0.04475962805555628,21864.73941538727
Ridge | grid-normalised state + raw 4,validation,2005-01-01,3,gas_cum,3,15,0.05862390982765145,41895.16883175713
Ridge | grid-normalised state + raw 4,validation,2005-01-01,3,gas_cum,4,15,0.06898487533005244,64185.98767317289
Ridge | grid-normalised state + raw 4,validation,2005-01-01,3,gas_cum,5,15,0.07580946590493456,85982.10674874684
Ridge | grid-normalised state + raw 4,validation,2005-01-01,3,gas_cum,6,15,0.07966263954413842,106344.95882425156
Ridge | grid-normalised state + raw 4,validation,2005-01-01,3,gas_cum,7,15,0.08144348640741679,124878.06343999917
Ridge | grid-normalised state + raw 4,validation,2005-01-01,3,gas_cum,8,15,0.0820667699907331,141733.25026103153
Ridge | grid-normalised state + raw 4,validation,2005-01-01,3,gas_cum,9,15,0.08200669321821205,156814.9468532603
Ridge | grid-normalised state + raw 4,validation,2005-01-01,3,gas_cum,10,15,0.0815147025630371,170789.83867761606
Ridge | grid-normalised state + raw 4,validation,2005-01-01,3,gas_cum,11,15,0.08080325835609892,183897.35719766316
Ridge | grid-normalised state + raw 4,validation,2005-01-01,3,gas_cum,12,15,0.0800655328530031,196328.71944613114
Ridge | grid-normalised state + raw 4,validation,2005-01-01,3,oil_cum,1,15,0.030035152443469052,20754.896099252855
Ridge | grid-normalised state + raw 4,validation,2005-01-01,3,oil_cum,2,15,0.045433101255051636,61115.69999213388
Ridge | grid-normalised state + raw 4,validation,2005-01-01,3,oil_cum,3,15,0.05945771268691977,116989.28048862444
Ridge | grid-normalised state + raw 4,validation,2005-01-01,3,oil_cum,4,15,0.06990631470752162,179065.53780651963
Ridge | grid-normalised state + raw 4,validation,2005-01-01,3,oil_cum,5,15,0.07676924693078044,239697.08750044217
Ridge | grid-normalised state + raw 4,validation,2005-01-01,3,oil_cum,6,15,0.0806102396573277,296240.1117563764
Ridge | grid-normalised state + raw 4,validation,2005-01-01,3,oil_cum,7,15,0.08232318398660962,347507.8689548911
Ridge | grid-normalised state + raw 4,validation,2005-01-01,3,oil_cum,8,15,0.08292430571538813,394278.19021542964
Ridge | grid-normalised state + raw 4,validation,2005-01-01,3,oil_cum,9,15,0.0828882903037659,436349.1079179893
Ridge | grid-normalised state + raw 4,validation,2005-01-01,3,oil_cum,10,15,0.08241760777817922,475375.67175003124
Ridge | grid-normalised state + raw 4,validation,2005-01-01,3,oil_cum,11,15,0.08170630406075839,511906.4399937348
Ridge | grid-normalised state + raw 4,validation,2005-01-01,3,oil_cum,12,15,0.08096289479459529,546529.1865232005
Ridge | grid-normalised state + raw 4,validation,2005-01-01,3,water_cum,1,15,0.009769028101713366,5517.544013901077
Ridge | grid-normalised state + raw 4,validation,2005-01-01,3,water_cum,2,15,0.01496258461039741,17176.999975189046
Ridge | grid-normalised state + raw 4,validation,2005-01-01,3,water_cum,3,15,0.020642741213627688,36101.17220700189
Ridge | grid-normalised state + raw 4,validation,2005-01-01,3,water_cum,4,15,0.026532752846809282,62617.222311476864
Ridge | grid-normalised state + raw 4,validation,2005-01-01,3,water_cum,5,15,0.032498539225533994,96450.37626841447
Ridge | grid-normalised state + raw 4,validation,2005-01-01,3,water_cum,6,15,0.03889108954329832,139772.2631218377
Ridge | grid-normalised state + raw 4,validation,2005-01-01,3,water_cum,7,15,0.045522716641082275,192974.33303410377
Ridge | grid-normalised state + raw 4,validation,2005-01-01,3,water_cum,8,15,0.052208759619951896,255608.13339381124
Ridge | grid-normalised state + raw 4,validation,2005-01-01,3,water_cum,9,15,0.05862798381753796,325290.75717709644
Ridge | grid-normalised state + raw 4,validation,2005-01-01,3,water_cum,10,15,0.06501071188852403,404300.2635966417
Ridge | grid-normalised state + raw 4,validation,2005-01-01,3,water_cum,11,15,0.07128271306634244,492375.9226391881
Ridge | grid-normalised state + raw 4,validation,2005-01-01,3,water_cum,12,15,0.07735418340915874,588337.3990864041
Ridge | production state (no grid),train,2003-01-01,3,gas_cum,1,70,0.023698518558376916,8944.673687583976
Ridge | production state (no grid),train,2003-01-01,3,gas_cum,2,70,0.037482517044197826,27432.37622015448
Ridge | production state (no grid),train,2003-01-01,3,gas_cum,3,70,0.05109689916175818,54584.72639039011
Ridge | production state (no grid),train,2003-01-01,3,gas_cum,4,70,0.06471622644109279,89837.76577233708
Ridge | production state (no grid),train,2003-01-01,3,gas_cum,5,70,0.07842553205943756,132530.86579770566
Ridge | production state (no grid),train,2003-01-01,3,gas_cum,6,70,0.09203694304819429,182003.09620344595
Ridge | production state (no grid),train,2003-01-01,3,gas_cum,7,70,0.10520614188829569,237149.5461984723
Ridge | production state (no grid),train,2003-01-01,3,gas_cum,8,70,0.11764533776012792,296152.2792290275
Ridge | production state (no grid),train,2003-01-01,3,gas_cum,9,70,0.1287381051608673,355420.3863403796
Ridge | production state (no grid),train,2003-01-01,3,gas_cum,10,70,0.13852057194276318,414300.90313589154
Ridge | production state (no grid),train,2003-01-01,3,gas_cum,11,70,0.14734580965838542,472899.3168563865
Ridge | production state (no grid),train,2003-01-01,3,gas_cum,12,70,0.15568823042873509,532072.3989290152
Ridge | production state (no grid),train,2003-01-01,3,oil_cum,1,70,0.024005568236236535,24934.401272618758
Ridge | production state (no grid),train,2003-01-01,3,oil_cum,2,70,0.0375804951684029,75692.56239640244
Ridge | production state (no grid),train,2003-01-01,3,oil_cum,3,70,0.05102647944919673,150024.88666632347
Ridge | production state (no grid),train,2003-01-01,3,oil_cum,4,70,0.06449385952025842,246420.13079785157
Ridge | production state (no grid),train,2003-01-01,3,oil_cum,5,70,0.07810805980467783,363322.122840628
Ridge | production state (no grid),train,2003-01-01,3,oil_cum,6,70,0.09167832650366614,499053.51111969515
Ridge | production state (no grid),train,2003-01-01,3,oil_cum,7,70,0.10481773597376139,650423.3105381583
Ridge | production state (no grid),train,2003-01-01,3,oil_cum,8,70,0.11723056936297185,812403.2381684124
Ridge | production state (no grid),train,2003-01-01,3,oil_cum,9,70,0.12830487929402024,975165.2936845648
Ridge | production state (no grid),train,2003-01-01,3,oil_cum,10,70,0.13807547724505922,1136904.9852121936
Ridge | production state (no grid),train,2003-01-01,3,oil_cum,11,70,0.14689527250595658,1297902.300981805
Ridge | production state (no grid),train,2003-01-01,3,oil_cum,12,70,0.1552381996283388,1460528.9131018862
Ridge | production state (no grid),train,2003-01-01,3,water_cum,1,70,0.01909876171861591,9326.216858591499
Ridge | production state (no grid),train,2003-01-01,3,water_cum,2,70,0.045696409795731065,45205.96347494862
Ridge | production state (no grid),train,2003-01-01,3,water_cum,3,70,0.07601419454809577,114000.2852000508
Ridge | production state (no grid),train,2003-01-01,3,water_cum,4,70,0.10156581674807785,205643.43384995757
Ridge | production state (no grid),train,2003-01-01,3,water_cum,5,70,0.12391769346193654,317011.4411094691
Ridge | production state (no grid),train,2003-01-01,3,water_cum,6,70,0.1445453266009721,448790.58823091915
Ridge | production state (no grid),train,2003-01-01,3,water_cum,7,70,0.16388208109942426,601565.3803623685
Ridge | production state (no grid),train,2003-01-01,3,water_cum,8,70,0.1817092512016192,772380.6046492512
Ridge | production state (no grid),train,2003-01-01,3,water_cum,9,70,0.19792325051865153,956247.1755944452
Ridge | production state (no grid),train,2003-01-01,3,water_cum,10,70,0.21348849472042553,1159444.7109251218
Ridge | production state (no grid),train,2003-01-01,3,water_cum,11,70,0.22856474724165096,1382536.9514795986
Ridge | production state (no grid),train,2003-01-01,3,water_cum,12,70,0.24313480823506242,1623559.3143490946
Ridge | production state (no grid),train,2003-01-01,5,gas_cum,1,70,0.023698518558376916,8944.673687583976
Ridge | production state (no grid),train,2003-01-01,5,gas_cum,2,70,0.037482517044197826,27432.37622015448
Ridge | production state (no grid),train,2003-01-01,5,gas_cum,3,70,0.05109689916175818,54584.72639039011
Ridge | production state (no grid),train,2003-01-01,5,gas_cum,4,70,0.06471622644109279,89837.76577233708
Ridge | production state (no grid),train,2003-01-01,5,gas_cum,5,70,0.07842553205943756,132530.86579770566
Ridge | production state (no grid),train,2003-01-01,5,gas_cum,6,70,0.09203694304819429,182003.09620344595
Ridge | production state (no grid),train,2003-01-01,5,gas_cum,7,70,0.10520614188829569,237149.5461984723
Ridge | production state (no grid),train,2003-01-01,5,gas_cum,8,70,0.11764533776012792,296152.2792290275
Ridge | production state (no grid),train,2003-01-01,5,gas_cum,9,70,0.1287381051608673,355420.3863403796
Ridge | production state (no grid),train,2003-01-01,5,gas_cum,10,70,0.13852057194276318,414300.90313589154
Ridge | production state (no grid),train,2003-01-01,5,gas_cum,11,70,0.14734580965838542,472899.3168563865
Ridge | production state (no grid),train,2003-01-01,5,gas_cum,12,70,0.15568823042873509,532072.3989290152
Ridge | production state (no grid),train,2003-01-01,5,gas_cum,13,70,0.1637183735716647,591635.6206016724
Ridge | production state (no grid),train,2003-01-01,5,gas_cum,14,70,0.17192271869206338,654475.4387068897
Ridge | production state (no grid),train,2003-01-01,5,gas_cum,15,70,0.1803706168189396,721029.8970393955
Ridge | production state (no grid),train,2003-01-01,5,gas_cum,16,70,0.1888864045112321,790213.3871927719
Ridge | production state (no grid),train,2003-01-01,5,gas_cum,17,70,0.19724266359471093,860195.3947724905
Ridge | production state (no grid),train,2003-01-01,5,gas_cum,18,70,0.20566813827896804,932976.0612153375
Ridge | production state (no grid),train,2003-01-01,5,gas_cum,19,70,0.21414114046828278,1008425.0127208842
Ridge | production state (no grid),train,2003-01-01,5,gas_cum,20,70,0.22254085622661296,1085495.8378217474
Ridge | production state (no grid),train,2003-01-01,5,oil_cum,1,70,0.024005568236236535,24934.401272618758
Ridge | production state (no grid),train,2003-01-01,5,oil_cum,2,70,0.0375804951684029,75692.56239640244
Ridge | production state (no grid),train,2003-01-01,5,oil_cum,3,70,0.05102647944919673,150024.88666632347
Ridge | production state (no grid),train,2003-01-01,5,oil_cum,4,70,0.06449385952025842,246420.13079785157
Ridge | production state (no grid),train,2003-01-01,5,oil_cum,5,70,0.07810805980467783,363322.122840628
Ridge | production state (no grid),train,2003-01-01,5,oil_cum,6,70,0.09167832650366614,499053.51111969515
Ridge | production state (no grid),train,2003-01-01,5,oil_cum,7,70,0.10481773597376139,650423.3105381583
Ridge | production state (no grid),train,2003-01-01,5,oil_cum,8,70,0.11723056936297185,812403.2381684124
Ridge | production state (no grid),train,2003-01-01,5,oil_cum,9,70,0.12830487929402024,975165.2936845648
Ridge | production state (no grid),train,2003-01-01,5,oil_cum,10,70,0.13807547724505922,1136904.9852121936
Ridge | production state (no grid),train,2003-01-01,5,oil_cum,11,70,0.14689527250595658,1297902.300981805
Ridge | production state (no grid),train,2003-01-01,5,oil_cum,12,70,0.1552381996283388,1460528.9131018862
Ridge | production state (no grid),train,2003-01-01,5,oil_cum,13,70,0.16327076047226668,1624267.4143824335
Ridge | production state (no grid),train,2003-01-01,5,oil_cum,14,70,0.17147745870449332,1797055.7745559798
Ridge | production state (no grid),train,2003-01-01,5,oil_cum,15,70,0.17992899666217446,1980114.163715564
Ridge | production state (no grid),train,2003-01-01,5,oil_cum,16,70,0.18845440902353766,2170472.92106263
Ridge | production state (no grid),train,2003-01-01,5,oil_cum,17,70,0.1968204536476847,2363029.341747579
Ridge | production state (no grid),train,2003-01-01,5,oil_cum,18,70,0.20525516174236083,2563286.934776106
Ridge | production state (no grid),train,2003-01-01,5,oil_cum,19,70,0.2137361574147336,2770885.528793649
Ridge | production state (no grid),train,2003-01-01,5,oil_cum,20,70,0.22214394072736468,2982967.265221928
Ridge | production state (no grid),train,2003-01-01,5,water_cum,1,70,0.01909876171861591,9326.216858591499
Ridge | production state (no grid),train,2003-01-01,5,water_cum,2,70,0.045696409795731065,45205.96347494862
Ridge | production state (no grid),train,2003-01-01,5,water_cum,3,70,0.07601419454809577,114000.2852000508
Ridge | production state (no grid),train,2003-01-01,5,water_cum,4,70,0.10156581674807785,205643.43384995757
Ridge | production state (no grid),train,2003-01-01,5,water_cum,5,70,0.12391769346193654,317011.4411094691
Ridge | production state (no grid),train,2003-01-01,5,water_cum,6,70,0.1445453266009721,448790.58823091915
Ridge | production state (no grid),train,2003-01-01,5,water_cum,7,70,0.16388208109942426,601565.3803623685
Ridge | production state (no grid),train,2003-01-01,5,water_cum,8,70,0.1817092512016192,772380.6046492512
Ridge | production state (no grid),train,2003-01-01,5,water_cum,9,70,0.19792325051865153,956247.1755944452
Ridge | production state (no grid),train,2003-01-01,5,water_cum,10,70,0.21348849472042553,1159444.7109251218
Ridge | production state (no grid),train,2003-01-01,5,water_cum,11,70,0.22856474724165096,1382536.9514795986
Ridge | production state (no grid),train,2003-01-01,5,water_cum,12,70,0.24313480823506242,1623559.3143490946
Ridge | production state (no grid),train,2003-01-01,5,water_cum,13,70,0.25695573989117776,1876580.2323910075
Ridge | production state (no grid),train,2003-01-01,5,water_cum,14,70,0.27033878972816777,2148422.7694088146
Ridge | production state (no grid),train,2003-01-01,5,water_cum,15,70,0.28330392952265626,2439235.1710564326
Ridge | production state (no grid),train,2003-01-01,5,water_cum,16,70,0.29580280794125585,2746179.790203248
Ridge | production state (no grid),train,2003-01-01,5,water_cum,17,70,0.30770696553638377,3062529.915714921
Ridge | production state (no grid),train,2003-01-01,5,water_cum,18,70,0.31927079644269085,3397050.368469746
Ridge | production state (no grid),train,2003-01-01,5,water_cum,19,70,0.3305541886677538,3750289.9450031808
Ridge | production state (no grid),train,2003-01-01,5,water_cum,20,70,0.34149455472966145,4118753.625342333
Ridge | production state (no grid),train,2004-01-01,3,gas_cum,1,70,0.013498353095268674,4072.7636536663267
Ridge | production state (no grid),train,2004-01-01,3,gas_cum,2,70,0.02927137361153635,17250.72935246176
Ridge | production state (no grid),train,2004-01-01,3,gas_cum,3,70,0.044238454841863305,38310.035711087636
Ridge | production state (no grid),train,2004-01-01,3,gas_cum,4,70,0.057481542567995716,64907.7622089577
Ridge | production state (no grid),train,2004-01-01,3,gas_cum,5,70,0.06803846056861047,93395.32682616115
Ridge | production state (no grid),train,2004-01-01,3,gas_cum,6,70,0.07580813939258499,121506.21108627957
Ridge | production state (no grid),train,2004-01-01,3,gas_cum,7,70,0.08206265260569087,149469.83472162104
Ridge | production state (no grid),train,2004-01-01,3,gas_cum,8,70,0.08797488527584413,178550.88965652103
Ridge | production state (no grid),train,2004-01-01,3,gas_cum,9,70,0.09394658173929778,209108.2632147821
Ridge | production state (no grid),train,2004-01-01,3,gas_cum,10,70,0.10043542105320136,242948.58403571259
Ridge | production state (no grid),train,2004-01-01,3,gas_cum,11,70,0.10744542456080385,280402.49408390303
Ridge | production state (no grid),train,2004-01-01,3,gas_cum,12,70,0.11467193365845392,320604.94306061417
Ridge | production state (no grid),train,2004-01-01,3,oil_cum,1,70,0.013504072306682512,11218.190693335617
Ridge | production state (no grid),train,2004-01-01,3,oil_cum,2,70,0.02937329999545565,47665.48677429107
Ridge | production state (no grid),train,2004-01-01,3,oil_cum,3,70,0.04432911413597667,105704.12584196626
Ridge | production state (no grid),train,2004-01-01,3,oil_cum,4,70,0.05753107134228634,178878.62011253077
Ridge | production state (no grid),train,2004-01-01,3,oil_cum,5,70,0.06804975184851916,257209.41553167655
Ridge | production state (no grid),train,2004-01-01,3,oil_cum,6,70,0.07577958291211825,334443.9345689687
Ridge | production state (no grid),train,2004-01-01,3,oil_cum,7,70,0.0819938028958474,411209.332239844
Ridge | production state (no grid),train,2004-01-01,3,oil_cum,8,70,0.08787610207472843,491054.46060111595
Ridge | production state (no grid),train,2004-01-01,3,oil_cum,9,70,0.09382878243107307,575002.3787685637
Ridge | production state (no grid),train,2004-01-01,3,oil_cum,10,70,0.1003104012935165,668061.3249366538
Ridge | production state (no grid),train,2004-01-01,3,oil_cum,11,70,0.10732476775177449,771159.8512818032
Ridge | production state (no grid),train,2004-01-01,3,oil_cum,12,70,0.11456510100208414,881895.2362663157
Ridge | production state (no grid),train,2004-01-01,3,water_cum,1,70,0.008885790050404015,4745.021879782166
Ridge | production state (no grid),train,2004-01-01,3,water_cum,2,70,0.014623783877653512,15810.472522177924
Ridge | production state (no grid),train,2004-01-01,3,water_cum,3,70,0.020126830313964107,33160.45444907771
Ridge | production state (no grid),train,2004-01-01,3,water_cum,4,70,0.025287952528237158,56341.7580440362
Ridge | production state (no grid),train,2004-01-01,3,water_cum,5,70,0.030184534868062763,84795.27143773915
Ridge | production state (no grid),train,2004-01-01,3,water_cum,6,70,0.03507551822898634,119579.13097562843
Ridge | production state (no grid),train,2004-01-01,3,water_cum,7,70,0.03998315251691304,161027.65745197725
Ridge | production state (no grid),train,2004-01-01,3,water_cum,8,70,0.04482948903857774,208750.4054785233
Ridge | production state (no grid),train,2004-01-01,3,water_cum,9,70,0.04944572937129714,261189.05445976998
Ridge | production state (no grid),train,2004-01-01,3,water_cum,10,70,0.053978551464792794,319910.39917449787
Ridge | production state (no grid),train,2004-01-01,3,water_cum,11,70,0.058443748458595124,385125.3042166225
Ridge | production state (no grid),train,2004-01-01,3,water_cum,12,70,0.06281897784931029,456302.09164924914
Ridge | production state (no grid),train,2005-01-01,3,gas_cum,1,70,0.014862785032691376,3619.364916164325
Ridge | production state (no grid),train,2005-01-01,3,gas_cum,2,70,0.016747499062993814,7933.226721446496
Ridge | production state (no grid),train,2005-01-01,3,gas_cum,3,70,0.018358280922693763,12710.70139724918
Ridge | production state (no grid),train,2005-01-01,3,gas_cum,4,70,0.01813405289675603,16331.785459497014
Ridge | production state (no grid),train,2005-01-01,3,gas_cum,5,70,0.016996953380173225,18645.075034283745
Ridge | production state (no grid),train,2005-01-01,3,gas_cum,6,70,0.016990167787937833,21920.717146123636
Ridge | production state (no grid),train,2005-01-01,3,gas_cum,7,70,0.020307588486530644,30076.952902021156
Ridge | production state (no grid),train,2005-01-01,3,gas_cum,8,70,0.0264419761903271,44086.56559128392
Ridge | production state (no grid),train,2005-01-01,3,gas_cum,9,70,0.03376181442675004,62291.598783137284
Ridge | production state (no grid),train,2005-01-01,3,gas_cum,10,70,0.04164697949002292,84144.39152300132
Ridge | production state (no grid),train,2005-01-01,3,gas_cum,11,70,0.04968512181551291,108981.08126683162
Ridge | production state (no grid),train,2005-01-01,3,gas_cum,12,70,0.05755750643591111,135961.13723578042
Ridge | production state (no grid),train,2005-01-01,3,oil_cum,1,70,0.015069026699024208,10104.530283083992
Ridge | production state (no grid),train,2005-01-01,3,oil_cum,2,70,0.01689323828494805,22034.49825736254
Ridge | production state (no grid),train,2005-01-01,3,oil_cum,3,70,0.01851022802900577,35285.84374174675
Ridge | production state (no grid),train,2005-01-01,3,oil_cum,4,70,0.018226105263576462,45190.51778077815
Ridge | production state (no grid),train,2005-01-01,3,oil_cum,5,70,0.01689607740263443,51024.142655708776
Ridge | production state (no grid),train,2005-01-01,3,oil_cum,6,70,0.016599495812168626,58959.62379785909
Ridge | production state (no grid),train,2005-01-01,3,oil_cum,7,70,0.01974468222237514,80509.46633608546
Ridge | production state (no grid),train,2005-01-01,3,oil_cum,8,70,0.025849799398113046,118657.66570817231
Ridge | production state (no grid),train,2005-01-01,3,oil_cum,9,70,0.03316989594643299,168487.53439283976
Ridge | production state (no grid),train,2005-01-01,3,oil_cum,10,70,0.04106064556720549,228391.07434800186
Ridge | production state (no grid),train,2005-01-01,3,oil_cum,11,70,0.049106045777526,296527.4404548665
Ridge | production state (no grid),train,2005-01-01,3,oil_cum,12,70,0.056990242983226136,370608.0253308419
Ridge | production state (no grid),train,2005-01-01,3,water_cum,1,70,0.011022406007962875,6407.150468396586
Ridge | production state (no grid),train,2005-01-01,3,water_cum,2,70,0.017088011384228684,20186.23226163706
Ridge | production state (no grid),train,2005-01-01,3,water_cum,3,70,0.02343372203695406,42170.46517352083
Ridge | production state (no grid),train,2005-01-01,3,water_cum,4,70,0.029770349905761495,72305.2373858543
Ridge | production state (no grid),train,2005-01-01,3,water_cum,5,70,0.035931500373774405,109756.5252921565
Ridge | production state (no grid),train,2005-01-01,3,water_cum,6,70,0.04230769175975755,156493.04860963832
Ridge | production state (no grid),train,2005-01-01,3,water_cum,7,70,0.04878645246385491,212807.41886159542
Ridge | production state (no grid),train,2005-01-01,3,water_cum,8,70,0.055195350477074814,277971.53195444745
Ridge | production state (no grid),train,2005-01-01,3,water_cum,9,70,0.06127343620048199,349584.0231068759
Ridge | production state (no grid),train,2005-01-01,3,water_cum,10,70,0.067389381424597,430808.55130252807
Ridge | production state (no grid),train,2005-01-01,3,water_cum,11,70,0.07347578152028734,521566.94677692896
Ridge | production state (no grid),train,2005-01-01,3,water_cum,12,70,0.07942188382418855,620619.6449109626
Ridge | production state (no grid),validation,2003-01-01,3,gas_cum,1,15,0.0232526041487203,9044.692382735162
Ridge | production state (no grid),validation,2003-01-01,3,gas_cum,2,15,0.03577185412447929,27000.54723962508
Ridge | production state (no grid),validation,2003-01-01,3,gas_cum,3,15,0.048025990236225974,52936.16244201367
Ridge | production state (no grid),validation,2003-01-01,3,gas_cum,4,15,0.05999949263085653,85960.44119491219
Ridge | production state (no grid),validation,2003-01-01,3,gas_cum,5,15,0.07205613857088233,125676.23413844117
Ridge | production state (no grid),validation,2003-01-01,3,gas_cum,6,15,0.0839689889168134,171351.06896454174
Ridge | production state (no grid),validation,2003-01-01,3,gas_cum,7,15,0.09545396114478699,221989.3880602095
Ridge | production state (no grid),validation,2003-01-01,3,gas_cum,8,15,0.1062614804056683,275911.4731877306
Ridge | production state (no grid),validation,2003-01-01,3,gas_cum,9,15,0.11592605652554548,330089.1129397329
Ridge | production state (no grid),validation,2003-01-01,3,gas_cum,10,15,0.1245375529320305,384192.47850624996
Ridge | production state (no grid),validation,2003-01-01,3,gas_cum,11,15,0.13235231767243721,438223.17053606076
Ridge | production state (no grid),validation,2003-01-01,3,gas_cum,12,15,0.1396467824034582,492497.4653354567
Ridge | production state (no grid),validation,2003-01-01,3,oil_cum,1,15,0.02438944093982521,26098.867314068408
Ridge | production state (no grid),validation,2003-01-01,3,oil_cum,2,15,0.03691316090757191,76635.8987223185
Ridge | production state (no grid),validation,2003-01-01,3,oil_cum,3,15,0.048914852635517224,148317.62237246954
Ridge | production state (no grid),validation,2003-01-01,3,oil_cum,4,15,0.06057532214606929,238787.1178075722
Ridge | production state (no grid),validation,2003-01-01,3,oil_cum,5,15,0.07238516973862505,347433.1223431199
Ridge | production state (no grid),validation,2003-01-01,3,oil_cum,6,15,0.084181706023345,472834.5115518385
Ridge | production state (no grid),validation,2003-01-01,3,oil_cum,7,15,0.09560896957165982,612142.8858000508
Ridge | production state (no grid),validation,2003-01-01,3,oil_cum,8,15,0.10636538543248157,760415.0476516467
Ridge | production state (no grid),validation,2003-01-01,3,oil_cum,9,15,0.11597649242875152,909259.1132710037
Ridge | production state (no grid),validation,2003-01-01,3,oil_cum,10,15,0.12453485525503212,1057807.083694307
Ridge | production state (no grid),validation,2003-01-01,3,oil_cum,11,15,0.13231782529357106,1206249.4651774105
Ridge | production state (no grid),validation,2003-01-01,3,oil_cum,12,15,0.13959519380733545,1355463.5639995045
Ridge | production state (no grid),validation,2003-01-01,3,water_cum,1,15,0.016333092623919385,7540.135480920615
Ridge | production state (no grid),validation,2003-01-01,3,water_cum,2,15,0.04166998461431579,39013.24286962907
Ridge | production state (no grid),validation,2003-01-01,3,water_cum,3,15,0.07101828392694544,100951.66217098755
Ridge | production state (no grid),validation,2003-01-01,3,water_cum,4,15,0.09545384209716778,183573.74223548797
Ridge | production state (no grid),validation,2003-01-01,3,water_cum,5,15,0.11651751233307729,283796.48597394937
Ridge | production state (no grid),validation,2003-01-01,3,water_cum,6,15,0.13562840603857737,401931.1660156648
Ridge | production state (no grid),validation,2003-01-01,3,water_cum,7,15,0.1534733105350944,538960.4698690013
Ridge | production state (no grid),validation,2003-01-01,3,water_cum,8,15,0.17001828718811898,692757.3872860722
Ridge | production state (no grid),validation,2003-01-01,3,water_cum,9,15,0.18521524809459142,859148.8894394914
Ridge | production state (no grid),validation,2003-01-01,3,water_cum,10,15,0.1999234268803429,1043826.835262622
Ridge | production state (no grid),validation,2003-01-01,3,water_cum,11,15,0.21429987009395837,1247511.4687396185
Ridge | production state (no grid),validation,2003-01-01,3,water_cum,12,15,0.2283124585621346,1468481.9842799343
Ridge | production state (no grid),validation,2003-01-01,5,gas_cum,1,15,0.0232526041487203,9044.692382735162
Ridge | production state (no grid),validation,2003-01-01,5,gas_cum,2,15,0.03577185412447929,27000.54723962508
Ridge | production state (no grid),validation,2003-01-01,5,gas_cum,3,15,0.048025990236225974,52936.16244201367
Ridge | production state (no grid),validation,2003-01-01,5,gas_cum,4,15,0.05999949263085653,85960.44119491219
Ridge | production state (no grid),validation,2003-01-01,5,gas_cum,5,15,0.07205613857088233,125676.23413844117
Ridge | production state (no grid),validation,2003-01-01,5,gas_cum,6,15,0.0839689889168134,171351.06896454174
Ridge | production state (no grid),validation,2003-01-01,5,gas_cum,7,15,0.09545396114478699,221989.3880602095
Ridge | production state (no grid),validation,2003-01-01,5,gas_cum,8,15,0.1062614804056683,275911.4731877306
Ridge | production state (no grid),validation,2003-01-01,5,gas_cum,9,15,0.11592605652554548,330089.1129397329
Ridge | production state (no grid),validation,2003-01-01,5,gas_cum,10,15,0.1245375529320305,384192.47850624996
Ridge | production state (no grid),validation,2003-01-01,5,gas_cum,11,15,0.13235231767243721,438223.17053606076
Ridge | production state (no grid),validation,2003-01-01,5,gas_cum,12,15,0.1396467824034582,492497.4653354567
Ridge | production state (no grid),validation,2003-01-01,5,gas_cum,13,15,0.14653685932772978,546638.4742402215
Ridge | production state (no grid),validation,2003-01-01,5,gas_cum,14,15,0.15341014931066319,603057.2894788184
Ridge | production state (no grid),validation,2003-01-01,5,gas_cum,15,15,0.16035271062781495,662135.3367201638
Ridge | production state (no grid),validation,2003-01-01,5,gas_cum,16,15,0.16731073129098398,723256.8156174789
Ridge | production state (no grid),validation,2003-01-01,5,gas_cum,17,15,0.17414718922443564,785031.7496001268
Ridge | production state (no grid),validation,2003-01-01,5,gas_cum,18,15,0.18107340157713792,849360.434773481
Ridge | production state (no grid),validation,2003-01-01,5,gas_cum,19,15,0.1880685273656544,916121.23402092
Ridge | production state (no grid),validation,2003-01-01,5,gas_cum,20,15,0.19503035173519548,984375.695900263
Ridge | production state (no grid),validation,2003-01-01,5,oil_cum,1,15,0.02438944093982521,26098.867314068408
Ridge | production state (no grid),validation,2003-01-01,5,oil_cum,2,15,0.03691316090757191,76635.8987223185
Ridge | production state (no grid),validation,2003-01-01,5,oil_cum,3,15,0.048914852635517224,148317.62237246954
Ridge | production state (no grid),validation,2003-01-01,5,oil_cum,4,15,0.06057532214606929,238787.1178075722
Ridge | production state (no grid),validation,2003-01-01,5,oil_cum,5,15,0.07238516973862505,347433.1223431199
Ridge | production state (no grid),validation,2003-01-01,5,oil_cum,6,15,0.084181706023345,472834.5115518385
Ridge | production state (no grid),validation,2003-01-01,5,oil_cum,7,15,0.09560896957165982,612142.8858000508
Ridge | production state (no grid),validation,2003-01-01,5,oil_cum,8,15,0.10636538543248157,760415.0476516467
Ridge | production state (no grid),validation,2003-01-01,5,oil_cum,9,15,0.11597649242875152,909259.1132710037
Ridge | production state (no grid),validation,2003-01-01,5,oil_cum,10,15,0.12453485525503212,1057807.083694307
Ridge | production state (no grid),validation,2003-01-01,5,oil_cum,11,15,0.13231782529357106,1206249.4651774105
Ridge | production state (no grid),validation,2003-01-01,5,oil_cum,12,15,0.13959519380733545,1355463.5639995045
Ridge | production state (no grid),validation,2003-01-01,5,oil_cum,13,15,0.14646780690228098,1504292.7035722828
Ridge | production state (no grid),validation,2003-01-01,5,oil_cum,14,15,0.1533146533960982,1659292.0473837582
Ridge | production state (no grid),validation,2003-01-01,5,oil_cum,15,15,0.16021883783822502,1821479.8500406344
Ridge | production state (no grid),validation,2003-01-01,5,oil_cum,16,15,0.16714050904480726,1989257.0941359696
Ridge | production state (no grid),validation,2003-01-01,5,oil_cum,17,15,0.17395345503126466,2158924.2597407307
Ridge | production state (no grid),validation,2003-01-01,5,oil_cum,18,15,0.18086134878847923,2335663.0616968516
Ridge | production state (no grid),validation,2003-01-01,5,oil_cum,19,15,0.1878410261574012,2519137.1334615843
Ridge | production state (no grid),validation,2003-01-01,5,oil_cum,20,15,0.19478991935853573,2706753.611088761
Ridge | production state (no grid),validation,2003-01-01,5,water_cum,1,15,0.016333092623919385,7540.135480920615
Ridge | production state (no grid),validation,2003-01-01,5,water_cum,2,15,0.04166998461431579,39013.24286962907
Ridge | production state (no grid),validation,2003-01-01,5,water_cum,3,15,0.07101828392694544,100951.66217098755
Ridge | production state (no grid),validation,2003-01-01,5,water_cum,4,15,0.09545384209716778,183573.74223548797
Ridge | production state (no grid),validation,2003-01-01,5,water_cum,5,15,0.11651751233307729,283796.48597394937
Ridge | production state (no grid),validation,2003-01-01,5,water_cum,6,15,0.13562840603857737,401931.1660156648
Ridge | production state (no grid),validation,2003-01-01,5,water_cum,7,15,0.1534733105350944,538960.4698690013
Ridge | production state (no grid),validation,2003-01-01,5,water_cum,8,15,0.17001828718811898,692757.3872860722
Ridge | production state (no grid),validation,2003-01-01,5,water_cum,9,15,0.18521524809459142,859148.8894394914
Ridge | production state (no grid),validation,2003-01-01,5,water_cum,10,15,0.1999234268803429,1043826.835262622
Ridge | production state (no grid),validation,2003-01-01,5,water_cum,11,15,0.21429987009395837,1247511.4687396185
Ridge | production state (no grid),validation,2003-01-01,5,water_cum,12,15,0.2283124585621346,1468481.9842799343
Ridge | production state (no grid),validation,2003-01-01,5,water_cum,13,15,0.24164464977501213,1700993.2563882107
Ridge | production state (no grid),validation,2003-01-01,5,water_cum,14,15,0.25449509454963365,1950677.578993644
Ridge | production state (no grid),validation,2003-01-01,5,water_cum,15,15,0.2668374141368749,2217319.913333663
Ridge | production state (no grid),validation,2003-01-01,5,water_cum,16,15,0.2786221347498741,2498150.2903691325
Ridge | production state (no grid),validation,2003-01-01,5,water_cum,17,15,0.28981014865480487,2787475.1978526185
Ridge | production state (no grid),validation,2003-01-01,5,water_cum,18,15,0.30070432323081864,3093820.3279523724
Ridge | production state (no grid),validation,2003-01-01,5,water_cum,19,15,0.31137786264191863,3417895.9596003694
Ridge | production state (no grid),validation,2003-01-01,5,water_cum,20,15,0.32176237163364274,3756509.707513728
Ridge | production state (no grid),validation,2004-01-01,3,gas_cum,1,15,0.01463078064436312,4557.013248220538
Ridge | production state (no grid),validation,2004-01-01,3,gas_cum,2,15,0.02700155387680321,16416.41024570048
Ridge | production state (no grid),validation,2004-01-01,3,gas_cum,3,15,0.03941433859615575,35195.37138562874
Ridge | production state (no grid),validation,2004-01-01,3,gas_cum,4,15,0.05055506080827812,58840.22767458568
Ridge | production state (no grid),validation,2004-01-01,3,gas_cum,5,15,0.05963104651355516,84364.42301122738
Ridge | production state (no grid),validation,2004-01-01,3,gas_cum,6,15,0.0665306631771768,109930.74301406684
Ridge | production state (no grid),validation,2004-01-01,3,gas_cum,7,15,0.07224912929832988,135715.4884517519
Ridge | production state (no grid),validation,2004-01-01,3,gas_cum,8,15,0.07755870189442593,162421.19905888935
Ridge | production state (no grid),validation,2004-01-01,3,gas_cum,9,15,0.08273162573832665,190105.2727123277
Ridge | production state (no grid),validation,2004-01-01,3,gas_cum,10,15,0.0881328153630098,220202.67034831122
Ridge | production state (no grid),validation,2004-01-01,3,gas_cum,11,15,0.09382769387514771,253035.9983360537
Ridge | production state (no grid),validation,2004-01-01,3,gas_cum,12,15,0.09970518051907998,288194.5107633712
Ridge | production state (no grid),validation,2004-01-01,3,oil_cum,1,15,0.014618646906782214,12540.187418961155
Ridge | production state (no grid),validation,2004-01-01,3,oil_cum,2,15,0.027251195634033585,45642.95725042468
Ridge | production state (no grid),validation,2004-01-01,3,oil_cum,3,15,0.039817339233245916,97976.82128716893
Ridge | production state (no grid),validation,2004-01-01,3,oil_cum,4,15,0.05090291626184967,163255.77677143665
Ridge | production state (no grid),validation,2004-01-01,3,oil_cum,5,15,0.05985197975999825,233313.57149781834
Ridge | production state (no grid),validation,2004-01-01,3,oil_cum,6,15,0.06660798936887308,303216.63488821045
Ridge | production state (no grid),validation,2004-01-01,3,oil_cum,7,15,0.07222879172033904,373752.2897399036
Ridge | production state (no grid),validation,2004-01-01,3,oil_cum,8,15,0.0774926589293432,447001.3425738792
Ridge | production state (no grid),validation,2004-01-01,3,oil_cum,9,15,0.08263694729193088,523002.8420752652
Ridge | production state (no grid),validation,2004-01-01,3,oil_cum,10,15,0.08800746980528874,605612.4373966848
Ridge | production state (no grid),validation,2004-01-01,3,oil_cum,11,15,0.09366428031872692,695685.6402825299
Ridge | production state (no grid),validation,2004-01-01,3,oil_cum,12,15,0.09951202514804972,792176.3157564851
Ridge | production state (no grid),validation,2004-01-01,3,water_cum,1,15,0.012388648880252748,6356.920567973812
Ridge | production state (no grid),validation,2004-01-01,3,water_cum,2,15,0.018593477083958376,19368.263157122048
Ridge | production state (no grid),validation,2004-01-01,3,water_cum,3,15,0.02414911592407471,38413.977518206135
Ridge | production state (no grid),validation,2004-01-01,3,water_cum,4,15,0.029302296327798755,63125.077862897
Ridge | production state (no grid),validation,2004-01-01,3,water_cum,5,15,0.03405784378868647,92602.35666376408
Ridge | production state (no grid),validation,2004-01-01,3,water_cum,6,15,0.03860603559754855,127479.76385484912
Ridge | production state (no grid),validation,2004-01-01,3,water_cum,7,15,0.0430165945012754,167886.38819544157
Ridge | production state (no grid),validation,2004-01-01,3,water_cum,8,15,0.04723812740257583,213227.35024159498
Ridge | production state (no grid),validation,2004-01-01,3,water_cum,9,15,0.051172127829485964,262085.66241655717
Ridge | production state (no grid),validation,2004-01-01,3,water_cum,10,15,0.055167121769751894,317083.4349420267
Ridge | production state (no grid),validation,2004-01-01,3,water_cum,11,15,0.05927993947053699,378962.9570309331
Ridge | production state (no grid),validation,2004-01-01,3,water_cum,12,15,0.06344072588220913,447227.2740136033
Ridge | production state (no grid),validation,2005-01-01,3,gas_cum,1,15,0.015143321737871137,3799.531472656134
Ridge | production state (no grid),validation,2005-01-01,3,gas_cum,2,15,0.016978642877899457,8293.938495007425
Ridge | production state (no grid),validation,2005-01-01,3,gas_cum,3,15,0.018260888005855812,13050.01642286039
Ridge | production state (no grid),validation,2005-01-01,3,gas_cum,4,15,0.017364137234491414,16156.212403892172
Ridge | production state (no grid),validation,2005-01-01,3,gas_cum,5,15,0.015085200833469587,17109.4378901994
Ridge | production state (no grid),validation,2005-01-01,3,gas_cum,6,15,0.013524508632687927,18054.42704248506
Ridge | production state (no grid),validation,2005-01-01,3,gas_cum,7,15,0.01588517041584355,24356.88115095548
Ridge | production state (no grid),validation,2005-01-01,3,gas_cum,8,15,0.021843407524068683,37724.61308654058
Ridge | production state (no grid),validation,2005-01-01,3,gas_cum,9,15,0.02918356608431872,55805.437152838625
Ridge | production state (no grid),validation,2005-01-01,3,gas_cum,10,15,0.037067682836846486,77664.3154277882
Ridge | production state (no grid),validation,2005-01-01,3,gas_cum,11,15,0.04505458081587631,102538.1712353041
Ridge | production state (no grid),validation,2005-01-01,3,gas_cum,12,15,0.05280507017309977,129483.32994150456
Ridge | production state (no grid),validation,2005-01-01,3,oil_cum,1,15,0.01562602938189472,10797.901454820741
Ridge | production state (no grid),validation,2005-01-01,3,oil_cum,2,15,0.017437364296483873,23456.3940289892
Ridge | production state (no grid),validation,2005-01-01,3,oil_cum,3,15,0.018730048393670692,36853.333000391394
Ridge | production state (no grid),validation,2005-01-01,3,oil_cum,4,15,0.017727948371603987,45410.26976817479
Ridge | production state (no grid),validation,2005-01-01,3,oil_cum,5,15,0.015146956619888515,47293.43495522953
Ridge | production state (no grid),validation,2005-01-01,3,oil_cum,6,15,0.012958116043080767,47620.67153096957
Ridge | production state (no grid),validation,2005-01-01,3,oil_cum,7,15,0.014768366199987074,62341.1682781575
Ridge | production state (no grid),validation,2005-01-01,3,oil_cum,8,15,0.020616819477498438,98026.29279147359
Ridge | production state (no grid),validation,2005-01-01,3,oil_cum,9,15,0.027972227702079615,147254.29321259342
Ridge | production state (no grid),validation,2005-01-01,3,oil_cum,10,15,0.035887108625667435,206992.88453030962
Ridge | production state (no grid),validation,2005-01-01,3,oil_cum,11,15,0.04391498375385219,275136.2120002435
Ridge | production state (no grid),validation,2005-01-01,3,oil_cum,12,15,0.05170256477870365,349011.2444886826
Ridge | production state (no grid),validation,2005-01-01,3,water_cum,1,15,0.009769028101713366,5517.544013901077
Ridge | production state (no grid),validation,2005-01-01,3,water_cum,2,15,0.01496258461039741,17176.999975189046
Ridge | production state (no grid),validation,2005-01-01,3,water_cum,3,15,0.020642741213627688,36101.17220700189
Ridge | production state (no grid),validation,2005-01-01,3,water_cum,4,15,0.026532752846809282,62617.222311476864
Ridge | production state (no grid),validation,2005-01-01,3,water_cum,5,15,0.032498539225533994,96450.37626841447
Ridge | production state (no grid),validation,2005-01-01,3,water_cum,6,15,0.03889108954329832,139772.2631218377
Ridge | production state (no grid),validation,2005-01-01,3,water_cum,7,15,0.045522716641082275,192974.33303410377
Ridge | production state (no grid),validation,2005-01-01,3,water_cum,8,15,0.052208759619951896,255608.13339381124
Ridge | production state (no grid),validation,2005-01-01,3,water_cum,9,15,0.05862798381753796,325290.75717709644
Ridge | production state (no grid),validation,2005-01-01,3,water_cum,10,15,0.06501071188852403,404300.2635966417
Ridge | production state (no grid),validation,2005-01-01,3,water_cum,11,15,0.07128271306634244,492375.9226391881
Ridge | production state (no grid),validation,2005-01-01,3,water_cum,12,15,0.07735418340915874,588337.3990864041
SVR | grid-normalised state,train,2003-01-01,3,gas_cum,1,70,0.025943833824364555,9792.13646592339
SVR | grid-normalised state,train,2003-01-01,3,gas_cum,2,70,0.03771895525921937,27605.418549719616
SVR | grid-normalised state,train,2003-01-01,3,gas_cum,3,70,0.04574642544439935,48869.034269886964
SVR | grid-normalised state,train,2003-01-01,3,gas_cum,4,70,0.049692391036268546,68981.9792049713
SVR | grid-normalised state,train,2003-01-01,3,gas_cum,5,70,0.05172369038246952,87407.57363872079
SVR | grid-normalised state,train,2003-01-01,3,gas_cum,6,70,0.05308347872318558,104972.60301018952
SVR | grid-normalised state,train,2003-01-01,3,gas_cum,7,70,0.05444284230235207,122721.8783430567
SVR | grid-normalised state,train,2003-01-01,3,gas_cum,8,70,0.05593247901422568,140800.574492521
SVR | grid-normalised state,train,2003-01-01,3,gas_cum,9,70,0.058201216638344835,160682.02089219945
SVR | grid-normalised state,train,2003-01-01,3,gas_cum,10,70,0.06205644284128678,185604.49147704468
SVR | grid-normalised state,train,2003-01-01,3,gas_cum,11,70,0.06669744326948347,214062.24874214685
SVR | grid-normalised state,train,2003-01-01,3,gas_cum,12,70,0.07107256297354923,242894.07731870696
SVR | grid-normalised state,train,2003-01-01,3,oil_cum,1,70,0.026742925344947665,27777.673296149886
SVR | grid-normalised state,train,2003-01-01,3,oil_cum,2,70,0.03849883835973924,77542.23864468087
SVR | grid-normalised state,train,2003-01-01,3,oil_cum,3,70,0.046455771051977846,136586.37362996367
SVR | grid-normalised state,train,2003-01-01,3,oil_cum,4,70,0.05036686160195238,192443.26074068798
SVR | grid-normalised state,train,2003-01-01,3,oil_cum,5,70,0.05236706901428062,243587.0860035196
SVR | grid-normalised state,train,2003-01-01,3,oil_cum,6,70,0.053697669777013804,292304.7536223629
SVR | grid-normalised state,train,2003-01-01,3,oil_cum,7,70,0.055060356446032625,341664.8812945586
SVR | grid-normalised state,train,2003-01-01,3,oil_cum,8,70,0.05656352005451882,391982.9708598978
SVR | grid-normalised state,train,2003-01-01,3,oil_cum,9,70,0.05884230000418153,447223.5902514679
SVR | grid-normalised state,train,2003-01-01,3,oil_cum,10,70,0.06270863993594035,516339.0833878009
SVR | grid-normalised state,train,2003-01-01,3,oil_cum,11,70,0.06736796527152963,595233.8400463846
SVR | grid-normalised state,train,2003-01-01,3,oil_cum,12,70,0.07176164465129976,675155.7098439418
SVR | grid-normalised state,train,2003-01-01,3,water_cum,1,70,0.01909876171861591,9326.216858591499
SVR | grid-normalised state,train,2003-01-01,3,water_cum,2,70,0.045696409795731065,45205.96347494862
SVR | grid-normalised state,train,2003-01-01,3,water_cum,3,70,0.07601419454809577,114000.2852000508
SVR | grid-normalised state,train,2003-01-01,3,water_cum,4,70,0.10156581674807785,205643.43384995757
SVR | grid-normalised state,train,2003-01-01,3,water_cum,5,70,0.12391769346193654,317011.4411094691
SVR | grid-normalised state,train,2003-01-01,3,water_cum,6,70,0.1445453266009721,448790.58823091915
SVR | grid-normalised state,train,2003-01-01,3,water_cum,7,70,0.16388208109942426,601565.3803623685
SVR | grid-normalised state,train,2003-01-01,3,water_cum,8,70,0.1817092512016192,772380.6046492512
SVR | grid-normalised state,train,2003-01-01,3,water_cum,9,70,0.19792325051865153,956247.1755944452
SVR | grid-normalised state,train,2003-01-01,3,water_cum,10,70,0.21348849472042553,1159444.7109251218
SVR | grid-normalised state,train,2003-01-01,3,water_cum,11,70,0.22856474724165096,1382536.9514795986
SVR | grid-normalised state,train,2003-01-01,3,water_cum,12,70,0.24313480823506242,1623559.3143490946
SVR | grid-normalised state,train,2003-01-01,5,gas_cum,1,70,0.025943833824364555,9792.13646592339
SVR | grid-normalised state,train,2003-01-01,5,gas_cum,2,70,0.03771895525921937,27605.418549719616
SVR | grid-normalised state,train,2003-01-01,5,gas_cum,3,70,0.04574642544439935,48869.034269886964
SVR | grid-normalised state,train,2003-01-01,5,gas_cum,4,70,0.049692391036268546,68981.9792049713
SVR | grid-normalised state,train,2003-01-01,5,gas_cum,5,70,0.05172369038246952,87407.57363872079
SVR | grid-normalised state,train,2003-01-01,5,gas_cum,6,70,0.05308347872318558,104972.60301018952
SVR | grid-normalised state,train,2003-01-01,5,gas_cum,7,70,0.05444284230235207,122721.8783430567
SVR | grid-normalised state,train,2003-01-01,5,gas_cum,8,70,0.05593247901422568,140800.574492521
SVR | grid-normalised state,train,2003-01-01,5,gas_cum,9,70,0.058201216638344835,160682.02089219945
SVR | grid-normalised state,train,2003-01-01,5,gas_cum,10,70,0.06205644284128678,185604.49147704468
SVR | grid-normalised state,train,2003-01-01,5,gas_cum,11,70,0.06669744326948347,214062.24874214685
SVR | grid-normalised state,train,2003-01-01,5,gas_cum,12,70,0.07107256297354923,242894.07731870696
SVR | grid-normalised state,train,2003-01-01,5,gas_cum,13,70,0.07458285640129636,269523.04479076137
SVR | grid-normalised state,train,2003-01-01,5,gas_cum,14,70,0.07712121081532083,293585.04022013064
SVR | grid-normalised state,train,2003-01-01,5,gas_cum,15,70,0.07875891054887074,314838.02719925233
SVR | grid-normalised state,train,2003-01-01,5,gas_cum,16,70,0.0797860796077403,333788.0689762162
SVR | grid-normalised state,train,2003-01-01,5,gas_cum,17,70,0.08041939851578798,350717.2078947196
SVR | grid-normalised state,train,2003-01-01,5,gas_cum,18,70,0.08085092560087968,366765.5026390484
SVR | grid-normalised state,train,2003-01-01,5,gas_cum,19,70,0.08120352869976569,382400.4545925662
SVR | grid-normalised state,train,2003-01-01,5,gas_cum,20,70,0.08157823376285357,397917.1946577482
SVR | grid-normalised state,train,2003-01-01,5,oil_cum,1,70,0.026742925344947665,27777.673296149886
SVR | grid-normalised state,train,2003-01-01,5,oil_cum,2,70,0.03849883835973924,77542.23864468087
SVR | grid-normalised state,train,2003-01-01,5,oil_cum,3,70,0.046455771051977846,136586.37362996367
SVR | grid-normalised state,train,2003-01-01,5,oil_cum,4,70,0.05036686160195238,192443.26074068798
SVR | grid-normalised state,train,2003-01-01,5,oil_cum,5,70,0.05236706901428062,243587.0860035196
SVR | grid-normalised state,train,2003-01-01,5,oil_cum,6,70,0.053697669777013804,292304.7536223629
SVR | grid-normalised state,train,2003-01-01,5,oil_cum,7,70,0.055060356446032625,341664.8812945586
SVR | grid-normalised state,train,2003-01-01,5,oil_cum,8,70,0.05656352005451882,391982.9708598978
SVR | grid-normalised state,train,2003-01-01,5,oil_cum,9,70,0.05884230000418153,447223.5902514679
SVR | grid-normalised state,train,2003-01-01,5,oil_cum,10,70,0.06270863993594035,516339.0833878009
SVR | grid-normalised state,train,2003-01-01,5,oil_cum,11,70,0.06736796527152963,595233.8400463846
SVR | grid-normalised state,train,2003-01-01,5,oil_cum,12,70,0.07176164465129976,675155.7098439418
SVR | grid-normalised state,train,2003-01-01,5,oil_cum,13,70,0.07528026861114737,748911.1148705232
SVR | grid-normalised state,train,2003-01-01,5,oil_cum,14,70,0.07781256895016392,815463.0201623304
SVR | grid-normalised state,train,2003-01-01,5,oil_cum,15,70,0.07943649005185567,874196.6108045155
SVR | grid-normalised state,train,2003-01-01,5,oil_cum,16,70,0.08045347282188084,926601.2138964104
SVR | grid-normalised state,train,2003-01-01,5,oil_cum,17,70,0.08107854810881174,973430.274225306
SVR | grid-normalised state,train,2003-01-01,5,oil_cum,18,70,0.08149916489437162,1017785.583541756
SVR | grid-normalised state,train,2003-01-01,5,oil_cum,19,70,0.08183578916938085,1060922.9935150607
SVR | grid-normalised state,train,2003-01-01,5,oil_cum,20,70,0.08218890347235645,1103639.4142454474
SVR | grid-normalised state,train,2003-01-01,5,water_cum,1,70,0.01909876171861591,9326.216858591499
SVR | grid-normalised state,train,2003-01-01,5,water_cum,2,70,0.045696409795731065,45205.96347494862
SVR | grid-normalised state,train,2003-01-01,5,water_cum,3,70,0.07601419454809577,114000.2852000508
SVR | grid-normalised state,train,2003-01-01,5,water_cum,4,70,0.10156581674807785,205643.43384995757
SVR | grid-normalised state,train,2003-01-01,5,water_cum,5,70,0.12391769346193654,317011.4411094691
SVR | grid-normalised state,train,2003-01-01,5,water_cum,6,70,0.1445453266009721,448790.58823091915
SVR | grid-normalised state,train,2003-01-01,5,water_cum,7,70,0.16388208109942426,601565.3803623685
SVR | grid-normalised state,train,2003-01-01,5,water_cum,8,70,0.1817092512016192,772380.6046492512
SVR | grid-normalised state,train,2003-01-01,5,water_cum,9,70,0.19792325051865153,956247.1755944452
SVR | grid-normalised state,train,2003-01-01,5,water_cum,10,70,0.21348849472042553,1159444.7109251218
SVR | grid-normalised state,train,2003-01-01,5,water_cum,11,70,0.22856474724165096,1382536.9514795986
SVR | grid-normalised state,train,2003-01-01,5,water_cum,12,70,0.24313480823506242,1623559.3143490946
SVR | grid-normalised state,train,2003-01-01,5,water_cum,13,70,0.25695573989117776,1876580.2323910075
SVR | grid-normalised state,train,2003-01-01,5,water_cum,14,70,0.27033878972816777,2148422.7694088146
SVR | grid-normalised state,train,2003-01-01,5,water_cum,15,70,0.28330392952265626,2439235.1710564326
SVR | grid-normalised state,train,2003-01-01,5,water_cum,16,70,0.29580280794125585,2746179.790203248
SVR | grid-normalised state,train,2003-01-01,5,water_cum,17,70,0.30770696553638377,3062529.915714921
SVR | grid-normalised state,train,2003-01-01,5,water_cum,18,70,0.31927079644269085,3397050.368469746
SVR | grid-normalised state,train,2003-01-01,5,water_cum,19,70,0.3305541886677538,3750289.9450031808
SVR | grid-normalised state,train,2003-01-01,5,water_cum,20,70,0.34149455472966145,4118753.625342333
SVR | grid-normalised state,train,2004-01-01,3,gas_cum,1,70,0.010261717872214707,3096.1963492259897
SVR | grid-normalised state,train,2004-01-01,3,gas_cum,2,70,0.008282829769196613,4881.385360221384
SVR | grid-normalised state,train,2004-01-01,3,gas_cum,3,70,0.009278176087612467,8034.802719054952
SVR | grid-normalised state,train,2004-01-01,3,gas_cum,4,70,0.012067056081363667,13626.036666723021
SVR | grid-normalised state,train,2004-01-01,3,gas_cum,5,70,0.01577520068636467,21654.370359623194
SVR | grid-normalised state,train,2004-01-01,3,gas_cum,6,70,0.020242584630009677,32445.061713602943
SVR | grid-normalised state,train,2004-01-01,3,gas_cum,7,70,0.025356784787687086,46185.13185892884
SVR | grid-normalised state,train,2004-01-01,3,gas_cum,8,70,0.030395029080194397,61688.73612495273
SVR | grid-normalised state,train,2004-01-01,3,gas_cum,9,70,0.03479130949359477,77439.2231040629
SVR | grid-normalised state,train,2004-01-01,3,gas_cum,10,70,0.03860906519408451,93393.52214072648
SVR | grid-normalised state,train,2004-01-01,3,gas_cum,11,70,0.04201307634035993,109642.37368067417
SVR | grid-normalised state,train,2004-01-01,3,gas_cum,12,70,0.045279645515603435,126594.86684486209
SVR | grid-normalised state,train,2004-01-01,3,oil_cum,1,70,0.010158348744096653,8438.809475589833
SVR | grid-normalised state,train,2004-01-01,3,oil_cum,2,70,0.008139802115621724,13208.85396423076
SVR | grid-normalised state,train,2004-01-01,3,oil_cum,3,70,0.009262113417244144,22085.79217747927
SVR | grid-normalised state,train,2004-01-01,3,oil_cum,4,70,0.012146851284705072,37767.62618573227
SVR | grid-normalised state,train,2004-01-01,3,oil_cum,5,70,0.015885961136244173,60044.58014935742
SVR | grid-normalised state,train,2004-01-01,3,oil_cum,6,70,0.020344826089610496,89789.40532599117
SVR | grid-normalised state,train,2004-01-01,3,oil_cum,7,70,0.025441188942513637,127590.7928033006
SVR | grid-normalised state,train,2004-01-01,3,oil_cum,8,70,0.030472494658332117,170281.2718626597
SVR | grid-normalised state,train,2004-01-01,3,oil_cum,9,70,0.034873269089498365,213710.6777083909
SVR | grid-normalised state,train,2004-01-01,3,oil_cum,10,70,0.038704655564967064,257770.71115774696
SVR | grid-normalised state,train,2004-01-01,3,oil_cum,11,70,0.0421293853094151,302711.9572710669
SVR | grid-normalised state,train,2004-01-01,3,oil_cum,12,70,0.045401437831173605,349489.6036640766
SVR | grid-normalised state,train,2004-01-01,3,water_cum,1,70,0.008885790050404015,4745.021879782166
SVR | grid-normalised state,train,2004-01-01,3,water_cum,2,70,0.014623783877653512,15810.472522177924
SVR | grid-normalised state,train,2004-01-01,3,water_cum,3,70,0.020126830313964107,33160.45444907771
SVR | grid-normalised state,train,2004-01-01,3,water_cum,4,70,0.025287952528237158,56341.7580440362
SVR | grid-normalised state,train,2004-01-01,3,water_cum,5,70,0.030184534868062763,84795.27143773915
SVR | grid-normalised state,train,2004-01-01,3,water_cum,6,70,0.03507551822898634,119579.13097562843
SVR | grid-normalised state,train,2004-01-01,3,water_cum,7,70,0.03998315251691304,161027.65745197725
SVR | grid-normalised state,train,2004-01-01,3,water_cum,8,70,0.04482948903857774,208750.4054785233
SVR | grid-normalised state,train,2004-01-01,3,water_cum,9,70,0.04944572937129714,261189.05445976998
SVR | grid-normalised state,train,2004-01-01,3,water_cum,10,70,0.053978551464792794,319910.39917449787
SVR | grid-normalised state,train,2004-01-01,3,water_cum,11,70,0.058443748458595124,385125.3042166225
SVR | grid-normalised state,train,2004-01-01,3,water_cum,12,70,0.06281897784931029,456302.09164924914
SVR | grid-normalised state,train,2005-01-01,3,gas_cum,1,70,0.02310880134707001,5627.423438220218
SVR | grid-normalised state,train,2005-01-01,3,gas_cum,2,70,0.03215698771462342,15232.642991011073
SVR | grid-normalised state,train,2005-01-01,3,gas_cum,3,70,0.04009039785396782,27757.341668564717
SVR | grid-normalised state,train,2005-01-01,3,gas_cum,4,70,0.044856071114793235,40398.01439720043
SVR | grid-normalised state,train,2005-01-01,3,gas_cum,5,70,0.04649268902011328,51000.88562558601
SVR | grid-normalised state,train,2005-01-01,3,gas_cum,6,70,0.045459233411042195,58651.510080467444
SVR | grid-normalised state,train,2005-01-01,3,gas_cum,7,70,0.042592775701381605,63082.867253612676
SVR | grid-normalised state,train,2005-01-01,3,gas_cum,8,70,0.039036187995450125,65084.82762815061
SVR | grid-normalised state,train,2005-01-01,3,gas_cum,9,70,0.03542078342886028,65352.44824362228
SVR | grid-normalised state,train,2005-01-01,3,gas_cum,10,70,0.0319329896114311,64518.0518075241
SVR | grid-normalised state,train,2005-01-01,3,gas_cum,11,70,0.028810080515003455,63193.03669150401
SVR | grid-normalised state,train,2005-01-01,3,gas_cum,12,70,0.02629355756249082,62110.091446565246
SVR | grid-normalised state,train,2005-01-01,3,oil_cum,1,70,0.023373962615629712,15673.401992220077
SVR | grid-normalised state,train,2005-01-01,3,oil_cum,2,70,0.03243530952967576,42306.617550375304
SVR | grid-normalised state,train,2005-01-01,3,oil_cum,3,70,0.04046003692034607,77128.5225832693
SVR | grid-normalised state,train,2005-01-01,3,oil_cum,4,70,0.045309128008993914,112341.22294980143
SVR | grid-normalised state,train,2005-01-01,3,oil_cum,5,70,0.04697995409624081,141873.869457504
SVR | grid-normalised state,train,2005-01-01,3,oil_cum,6,70,0.04592162318335436,163108.6665350889
SVR | grid-normalised state,train,2005-01-01,3,oil_cum,7,70,0.04299908859006755,175329.92612063253
SVR | grid-normalised state,train,2005-01-01,3,oil_cum,8,70,0.03941504912732674,180925.88074640627
SVR | grid-normalised state,train,2005-01-01,3,oil_cum,9,70,0.03579386948489126,181816.0908803506
SVR | grid-normalised state,train,2005-01-01,3,oil_cum,10,70,0.032299883090550055,179661.20353103962
SVR | grid-normalised state,train,2005-01-01,3,oil_cum,11,70,0.029159456653706617,176079.72520840733
SVR | grid-normalised state,train,2005-01-01,3,oil_cum,12,70,0.02661005683012399,173045.4214532192
SVR | grid-normalised state,train,2005-01-01,3,water_cum,1,70,0.011022406007962875,6407.150468396586
SVR | grid-normalised state,train,2005-01-01,3,water_cum,2,70,0.017088011384228684,20186.23226163706
SVR | grid-normalised state,train,2005-01-01,3,water_cum,3,70,0.02343372203695406,42170.46517352083
SVR | grid-normalised state,train,2005-01-01,3,water_cum,4,70,0.029770349905761495,72305.2373858543
SVR | grid-normalised state,train,2005-01-01,3,water_cum,5,70,0.035931500373774405,109756.5252921565
SVR | grid-normalised state,train,2005-01-01,3,water_cum,6,70,0.04230769175975755,156493.04860963832
SVR | grid-normalised state,train,2005-01-01,3,water_cum,7,70,0.04878645246385491,212807.41886159542
SVR | grid-normalised state,train,2005-01-01,3,water_cum,8,70,0.055195350477074814,277971.53195444745
SVR | grid-normalised state,train,2005-01-01,3,water_cum,9,70,0.06127343620048199,349584.0231068759
SVR | grid-normalised state,train,2005-01-01,3,water_cum,10,70,0.067389381424597,430808.55130252807
SVR | grid-normalised state,train,2005-01-01,3,water_cum,11,70,0.07347578152028734,521566.94677692896
SVR | grid-normalised state,train,2005-01-01,3,water_cum,12,70,0.07942188382418855,620619.6449109626
SVR | grid-normalised state,validation,2003-01-01,3,gas_cum,1,15,0.02351065855126865,9145.069212535913
SVR | grid-normalised state,validation,2003-01-01,3,gas_cum,2,15,0.03410380112428991,25741.503085159766
SVR | grid-normalised state,validation,2003-01-01,3,gas_cum,3,15,0.04129230846357142,45514.029751010996
SVR | grid-normalised state,validation,2003-01-01,3,gas_cum,4,15,0.044725103513317176,64077.03568672624
SVR | grid-normalised state,validation,2003-01-01,3,gas_cum,5,15,0.04655390842675135,81196.68929725593
SVR | grid-normalised state,validation,2003-01-01,3,gas_cum,6,15,0.04795627586935374,97861.83256193565
SVR | grid-normalised state,validation,2003-01-01,3,gas_cum,7,15,0.04938230259229637,114844.3396376186
SVR | grid-normalised state,validation,2003-01-01,3,gas_cum,8,15,0.05089582242355537,132152.69814023044
SVR | grid-normalised state,validation,2003-01-01,3,gas_cum,9,15,0.05297311924028712,150836.2353016286
SVR | grid-normalised state,validation,2003-01-01,3,gas_cum,10,15,0.05634351785199547,173817.09582115797
SVR | grid-normalised state,validation,2003-01-01,3,gas_cum,11,15,0.06030744881629675,199680.08034907654
SVR | grid-normalised state,validation,2003-01-01,3,gas_cum,12,15,0.06391638623028383,225416.28006058047
SVR | grid-normalised state,validation,2003-01-01,3,oil_cum,1,15,0.024782147257802947,26519.097942215427
SVR | grid-normalised state,validation,2003-01-01,3,oil_cum,2,15,0.03554229777700527,73789.83175180569
SVR | grid-normalised state,validation,2003-01-01,3,oil_cum,3,15,0.04267197328119833,129388.21805656169
SVR | grid-normalised state,validation,2003-01-01,3,oil_cum,4,15,0.045942987939428775,181106.6501152091
SVR | grid-normalised state,validation,2003-01-01,3,oil_cum,5,15,0.04762176697974096,228574.1575658584
SVR | grid-normalised state,validation,2003-01-01,3,oil_cum,6,15,0.048859664493163375,274436.5336193696
SVR | grid-normalised state,validation,2003-01-01,3,oil_cum,7,15,0.05010850081342149,320823.0611464953
SVR | grid-normalised state,validation,2003-01-01,3,oil_cum,8,15,0.05154320641471811,368486.6989632278
SVR | grid-normalised state,validation,2003-01-01,3,oil_cum,9,15,0.053588704515073825,420137.0202556521
SVR | grid-normalised state,validation,2003-01-01,3,oil_cum,10,15,0.05694058599616052,483657.00584864675
SVR | grid-normalised state,validation,2003-01-01,3,oil_cum,11,15,0.06089871181057771,555171.144844018
SVR | grid-normalised state,validation,2003-01-01,3,oil_cum,12,15,0.06449278384495569,626222.2663867936
SVR | grid-normalised state,validation,2003-01-01,3,water_cum,1,15,0.016333092623919385,7540.135480920615
SVR | grid-normalised state,validation,2003-01-01,3,water_cum,2,15,0.04166998461431579,39013.24286962907
SVR | grid-normalised state,validation,2003-01-01,3,water_cum,3,15,0.07101828392694544,100951.66217098755
SVR | grid-normalised state,validation,2003-01-01,3,water_cum,4,15,0.09545384209716778,183573.74223548797
SVR | grid-normalised state,validation,2003-01-01,3,water_cum,5,15,0.11651751233307729,283796.48597394937
SVR | grid-normalised state,validation,2003-01-01,3,water_cum,6,15,0.13562840603857737,401931.1660156648
SVR | grid-normalised state,validation,2003-01-01,3,water_cum,7,15,0.1534733105350944,538960.4698690013
SVR | grid-normalised state,validation,2003-01-01,3,water_cum,8,15,0.17001828718811898,692757.3872860722
SVR | grid-normalised state,validation,2003-01-01,3,water_cum,9,15,0.18521524809459142,859148.8894394914
SVR | grid-normalised state,validation,2003-01-01,3,water_cum,10,15,0.1999234268803429,1043826.835262622
SVR | grid-normalised state,validation,2003-01-01,3,water_cum,11,15,0.21429987009395837,1247511.4687396185
SVR | grid-normalised state,validation,2003-01-01,3,water_cum,12,15,0.2283124585621346,1468481.9842799343
SVR | grid-normalised state,validation,2003-01-01,5,gas_cum,1,15,0.02351065855126865,9145.069212535913
SVR | grid-normalised state,validation,2003-01-01,5,gas_cum,2,15,0.03410380112428991,25741.503085159766
SVR | grid-normalised state,validation,2003-01-01,5,gas_cum,3,15,0.04129230846357142,45514.029751010996
SVR | grid-normalised state,validation,2003-01-01,5,gas_cum,4,15,0.044725103513317176,64077.03568672624
SVR | grid-normalised state,validation,2003-01-01,5,gas_cum,5,15,0.04655390842675135,81196.68929725593
SVR | grid-normalised state,validation,2003-01-01,5,gas_cum,6,15,0.04795627586935374,97861.83256193565
SVR | grid-normalised state,validation,2003-01-01,5,gas_cum,7,15,0.04938230259229637,114844.3396376186
SVR | grid-normalised state,validation,2003-01-01,5,gas_cum,8,15,0.05089582242355537,132152.69814023044
SVR | grid-normalised state,validation,2003-01-01,5,gas_cum,9,15,0.05297311924028712,150836.2353016286
SVR | grid-normalised state,validation,2003-01-01,5,gas_cum,10,15,0.05634351785199547,173817.09582115797
SVR | grid-normalised state,validation,2003-01-01,5,gas_cum,11,15,0.06030744881629675,199680.08034907654
SVR | grid-normalised state,validation,2003-01-01,5,gas_cum,12,15,0.06391638623028383,225416.28006058047
SVR | grid-normalised state,validation,2003-01-01,5,gas_cum,13,15,0.0666472551982023,248619.72653831684
SVR | grid-normalised state,validation,2003-01-01,5,gas_cum,14,15,0.06843598842984519,269022.7593855655
SVR | grid-normalised state,validation,2003-01-01,5,gas_cum,15,15,0.06943288561897042,286705.26939502143
SVR | grid-normalised state,validation,2003-01-01,5,gas_cum,16,15,0.06992605275106827,302278.84279269085
SVR | grid-normalised state,validation,2003-01-01,5,gas_cum,17,15,0.07011385225679766,316063.6720781218
SVR | grid-normalised state,validation,2003-01-01,5,gas_cum,18,15,0.07016266593860615,329111.79625183117
SVR | grid-normalised state,validation,2003-01-01,5,gas_cum,19,15,0.07024333394498081,342170.00939398765
SVR | grid-normalised state,validation,2003-01-01,5,gas_cum,20,15,0.07049210632953684,355794.4474090327
SVR | grid-normalised state,validation,2003-01-01,5,oil_cum,1,15,0.024782147257802947,26519.097942215427
SVR | grid-normalised state,validation,2003-01-01,5,oil_cum,2,15,0.03554229777700527,73789.83175180569
SVR | grid-normalised state,validation,2003-01-01,5,oil_cum,3,15,0.04267197328119833,129388.21805656169
SVR | grid-normalised state,validation,2003-01-01,5,oil_cum,4,15,0.045942987939428775,181106.6501152091
SVR | grid-normalised state,validation,2003-01-01,5,oil_cum,5,15,0.04762176697974096,228574.1575658584
SVR | grid-normalised state,validation,2003-01-01,5,oil_cum,6,15,0.048859664493163375,274436.5336193696
SVR | grid-normalised state,validation,2003-01-01,5,oil_cum,7,15,0.05010850081342149,320823.0611464953
SVR | grid-normalised state,validation,2003-01-01,5,oil_cum,8,15,0.05154320641471811,368486.6989632278
SVR | grid-normalised state,validation,2003-01-01,5,oil_cum,9,15,0.053588704515073825,420137.0202556521
SVR | grid-normalised state,validation,2003-01-01,5,oil_cum,10,15,0.05694058599616052,483657.00584864675
SVR | grid-normalised state,validation,2003-01-01,5,oil_cum,11,15,0.06089871181057771,555171.144844018
SVR | grid-normalised state,validation,2003-01-01,5,oil_cum,12,15,0.06449278384495569,626222.2663867936
SVR | grid-normalised state,validation,2003-01-01,5,oil_cum,13,15,0.06719808612050701,690155.6921142536
SVR | grid-normalised state,validation,2003-01-01,5,oil_cum,14,15,0.06894118973594028,746135.9063342588
SVR | grid-normalised state,validation,2003-01-01,5,oil_cum,15,15,0.0698743392910711,794380.3785551077
SVR | grid-normalised state,validation,2003-01-01,5,oil_cum,16,15,0.07031263482134859,836840.2634711551
SVR | grid-normalised state,validation,2003-01-01,5,oil_cum,17,15,0.07045418389157529,874401.9874535899
SVR | grid-normalised state,validation,2003-01-01,5,oil_cum,18,15,0.07044904072946187,909786.5479053785
SVR | grid-normalised state,validation,2003-01-01,5,oil_cum,19,15,0.0704654269226761,945012.2649851314
SVR | grid-normalised state,validation,2003-01-01,5,oil_cum,20,15,0.0706441613710637,981654.1817110451
SVR | grid-normalised state,validation,2003-01-01,5,water_cum,1,15,0.016333092623919385,7540.135480920615
SVR | grid-normalised state,validation,2003-01-01,5,water_cum,2,15,0.04166998461431579,39013.24286962907
SVR | grid-normalised state,validation,2003-01-01,5,water_cum,3,15,0.07101828392694544,100951.66217098755
SVR | grid-normalised state,validation,2003-01-01,5,water_cum,4,15,0.09545384209716778,183573.74223548797
SVR | grid-normalised state,validation,2003-01-01,5,water_cum,5,15,0.11651751233307729,283796.48597394937
SVR | grid-normalised state,validation,2003-01-01,5,water_cum,6,15,0.13562840603857737,401931.1660156648
SVR | grid-normalised state,validation,2003-01-01,5,water_cum,7,15,0.1534733105350944,538960.4698690013
SVR | grid-normalised state,validation,2003-01-01,5,water_cum,8,15,0.17001828718811898,692757.3872860722
SVR | grid-normalised state,validation,2003-01-01,5,water_cum,9,15,0.18521524809459142,859148.8894394914
SVR | grid-normalised state,validation,2003-01-01,5,water_cum,10,15,0.1999234268803429,1043826.835262622
SVR | grid-normalised state,validation,2003-01-01,5,water_cum,11,15,0.21429987009395837,1247511.4687396185
SVR | grid-normalised state,validation,2003-01-01,5,water_cum,12,15,0.2283124585621346,1468481.9842799343
SVR | grid-normalised state,validation,2003-01-01,5,water_cum,13,15,0.24164464977501213,1700993.2563882107
SVR | grid-normalised state,validation,2003-01-01,5,water_cum,14,15,0.25449509454963365,1950677.578993644
SVR | grid-normalised state,validation,2003-01-01,5,water_cum,15,15,0.2668374141368749,2217319.913333663
SVR | grid-normalised state,validation,2003-01-01,5,water_cum,16,15,0.2786221347498741,2498150.2903691325
SVR | grid-normalised state,validation,2003-01-01,5,water_cum,17,15,0.28981014865480487,2787475.1978526185
SVR | grid-normalised state,validation,2003-01-01,5,water_cum,18,15,0.30070432323081864,3093820.3279523724
SVR | grid-normalised state,validation,2003-01-01,5,water_cum,19,15,0.31137786264191863,3417895.9596003694
SVR | grid-normalised state,validation,2003-01-01,5,water_cum,20,15,0.32176237163364274,3756509.707513728
SVR | grid-normalised state,validation,2004-01-01,3,gas_cum,1,15,0.010076316119300969,3138.445388872925
SVR | grid-normalised state,validation,2004-01-01,3,gas_cum,2,15,0.00742753241248046,4515.792674482654
SVR | grid-normalised state,validation,2004-01-01,3,gas_cum,3,15,0.0077098758808876785,6884.59973273304
SVR | grid-normalised state,validation,2004-01-01,3,gas_cum,4,15,0.010240439061033044,11918.683435551135
SVR | grid-normalised state,validation,2004-01-01,3,gas_cum,5,15,0.013680153114456407,19354.317787195116
SVR | grid-normalised state,validation,2004-01-01,3,gas_cum,6,15,0.017400281782649362,28751.04220630957
SVR | grid-normalised state,validation,2004-01-01,3,gas_cum,7,15,0.021518527703618114,40421.21374224777
SVR | grid-normalised state,validation,2004-01-01,3,gas_cum,8,15,0.025778304829798884,53984.183307513624
SVR | grid-normalised state,validation,2004-01-01,3,gas_cum,9,15,0.02979527072908844,68465.20924666118
SVR | grid-normalised state,validation,2004-01-01,3,gas_cum,10,15,0.03375339041906069,84333.93025029582
SVR | grid-normalised state,validation,2004-01-01,3,gas_cum,11,15,0.03781769891755133,101987.36433944815
SVR | grid-normalised state,validation,2004-01-01,3,gas_cum,12,15,0.042096201528843184,121677.67152559976
SVR | grid-normalised state,validation,2004-01-01,3,oil_cum,1,15,0.010143826201822923,8701.59068259678
SVR | grid-normalised state,validation,2004-01-01,3,oil_cum,2,15,0.00773927942738874,12962.499143055404
SVR | grid-normalised state,validation,2004-01-01,3,oil_cum,3,15,0.00824908426172569,20298.168337151586
SVR | grid-normalised state,validation,2004-01-01,3,oil_cum,4,15,0.01076077376303407,34511.941718798225
SVR | grid-normalised state,validation,2004-01-01,3,oil_cum,5,15,0.014089909149978886,54924.95050361656
SVR | grid-normalised state,validation,2004-01-01,3,oil_cum,6,15,0.017691538753998422,80536.41759510334
SVR | grid-normalised state,validation,2004-01-01,3,oil_cum,7,15,0.021717321269832338,112377.60397605122
SVR | grid-normalised state,validation,2004-01-01,3,oil_cum,8,15,0.02591986713669964,149513.71613155602
SVR | grid-normalised state,validation,2004-01-01,3,oil_cum,9,15,0.029913931186021356,189322.9546907615
SVR | grid-normalised state,validation,2004-01-01,3,oil_cum,10,15,0.03387604288747265,233113.7680452218
SVR | grid-normalised state,validation,2004-01-01,3,oil_cum,11,15,0.037970250684142504,282021.6849902433
SVR | grid-normalised state,validation,2004-01-01,3,oil_cum,12,15,0.042254924699903516,336374.9307838631
SVR | grid-normalised state,validation,2004-01-01,3,water_cum,1,15,0.012388648880252748,6356.920567973812
SVR | grid-normalised state,validation,2004-01-01,3,water_cum,2,15,0.018593477083958376,19368.263157122048
SVR | grid-normalised state,validation,2004-01-01,3,water_cum,3,15,0.02414911592407471,38413.977518206135
SVR | grid-normalised state,validation,2004-01-01,3,water_cum,4,15,0.029302296327798755,63125.077862897
SVR | grid-normalised state,validation,2004-01-01,3,water_cum,5,15,0.03405784378868647,92602.35666376408
SVR | grid-normalised state,validation,2004-01-01,3,water_cum,6,15,0.03860603559754855,127479.76385484912
SVR | grid-normalised state,validation,2004-01-01,3,water_cum,7,15,0.0430165945012754,167886.38819544157
SVR | grid-normalised state,validation,2004-01-01,3,water_cum,8,15,0.04723812740257583,213227.35024159498
SVR | grid-normalised state,validation,2004-01-01,3,water_cum,9,15,0.051172127829485964,262085.66241655717
SVR | grid-normalised state,validation,2004-01-01,3,water_cum,10,15,0.055167121769751894,317083.4349420267
SVR | grid-normalised state,validation,2004-01-01,3,water_cum,11,15,0.05927993947053699,378962.9570309331
SVR | grid-normalised state,validation,2004-01-01,3,water_cum,12,15,0.06344072588220913,447227.2740136033
SVR | grid-normalised state,validation,2005-01-01,3,gas_cum,1,15,0.022533013093336024,5653.640192283124
SVR | grid-normalised state,validation,2005-01-01,3,gas_cum,2,15,0.0310637363530678,15174.400014787583
SVR | grid-normalised state,validation,2005-01-01,3,gas_cum,3,15,0.03840887082845199,27448.632012533442
SVR | grid-normalised state,validation,2005-01-01,3,gas_cum,4,15,0.04256337489422411,39602.4816051114
SVR | grid-normalised state,validation,2005-01-01,3,gas_cum,5,15,0.043682440818647056,49544.05422437159
SVR | grid-normalised state,validation,2005-01-01,3,gas_cum,6,15,0.04216162819161579,56283.30469161179
SVR | grid-normalised state,validation,2005-01-01,3,gas_cum,7,15,0.0389583665240788,59735.229677859286
SVR | grid-normalised state,validation,2005-01-01,3,gas_cum,8,15,0.035098296757086804,60616.44291069164
SVR | grid-normalised state,validation,2005-01-01,3,gas_cum,9,15,0.031098356950219053,59466.94106291929
SVR | grid-normalised state,validation,2005-01-01,3,gas_cum,10,15,0.02712542252242022,56833.2630924307
SVR | grid-normalised state,validation,2005-01-01,3,gas_cum,11,15,0.02350670845895697,53498.10948176769
SVR | grid-normalised state,validation,2005-01-01,3,gas_cum,12,15,0.02058846252471391,50484.975729355065
SVR | grid-normalised state,validation,2005-01-01,3,oil_cum,1,15,0.023113515931902508,15971.905671461767
SVR | grid-normalised state,validation,2005-01-01,3,oil_cum,2,15,0.03177960106868326,42749.284357237
SVR | grid-normalised state,validation,2005-01-01,3,oil_cum,3,15,0.03928819924727689,77303.64916381637
SVR | grid-normalised state,validation,2005-01-01,3,oil_cum,4,15,0.04353059939164446,111503.9495890674
SVR | grid-normalised state,validation,2005-01-01,3,oil_cum,5,15,0.04468458634364324,139518.95623505017
SVR | grid-normalised state,validation,2005-01-01,3,oil_cum,6,15,0.043146030735501086,158560.314685369
SVR | grid-normalised state,validation,2005-01-01,3,oil_cum,7,15,0.03986514494155076,168281.28958750566
SVR | grid-normalised state,validation,2005-01-01,3,oil_cum,8,15,0.035965422690616373,171003.92516349693
SVR | grid-normalised state,validation,2005-01-01,3,oil_cum,9,15,0.03196272105393206,168261.4609060302
SVR | grid-normalised state,validation,2005-01-01,3,oil_cum,10,15,0.027969088938821465,161322.6202623271
SVR | grid-normalised state,validation,2005-01-01,3,oil_cum,11,15,0.024285331270156453,152152.48832366444
SVR | grid-normalised state,validation,2005-01-01,3,oil_cum,12,15,0.021258363597008265,143501.73857991712
SVR | grid-normalised state,validation,2005-01-01,3,water_cum,1,15,0.009769028101713366,5517.544013901077
SVR | grid-normalised state,validation,2005-01-01,3,water_cum,2,15,0.01496258461039741,17176.999975189046
SVR | grid-normalised state,validation,2005-01-01,3,water_cum,3,15,0.020642741213627688,36101.17220700189
SVR | grid-normalised state,validation,2005-01-01,3,water_cum,4,15,0.026532752846809282,62617.222311476864
SVR | grid-normalised state,validation,2005-01-01,3,water_cum,5,15,0.032498539225533994,96450.37626841447
SVR | grid-normalised state,validation,2005-01-01,3,water_cum,6,15,0.03889108954329832,139772.2631218377
SVR | grid-normalised state,validation,2005-01-01,3,water_cum,7,15,0.045522716641082275,192974.33303410377
SVR | grid-normalised state,validation,2005-01-01,3,water_cum,8,15,0.052208759619951896,255608.13339381124
SVR | grid-normalised state,validation,2005-01-01,3,water_cum,9,15,0.05862798381753796,325290.75717709644
SVR | grid-normalised state,validation,2005-01-01,3,water_cum,10,15,0.06501071188852403,404300.2635966417
SVR | grid-normalised state,validation,2005-01-01,3,water_cum,11,15,0.07128271306634244,492375.9226391881
SVR | grid-normalised state,validation,2005-01-01,3,water_cum,12,15,0.07735418340915874,588337.3990864041
SVR | grid-normalised state + geology,train,2003-01-01,3,gas_cum,1,70,0.03294868608086702,12436.019774907834
SVR | grid-normalised state + geology,train,2003-01-01,3,gas_cum,2,70,0.05215642237478582,38171.785507235225
SVR | grid-normalised state + geology,train,2003-01-01,3,gas_cum,3,70,0.06775130147911373,72375.94285560961
SVR | grid-normalised state + geology,train,2003-01-01,3,gas_cum,4,70,0.07913507660435859,109853.72397801185
SVR | grid-normalised state + geology,train,2003-01-01,3,gas_cum,5,70,0.08833322909757893,149273.82733134343
SVR | grid-normalised state + geology,train,2003-01-01,3,gas_cum,6,70,0.09662484057944516,191075.66563151308
SVR | grid-normalised state + geology,train,2003-01-01,3,gas_cum,7,70,0.10472995360455363,236076.15035515395
SVR | grid-normalised state + geology,train,2003-01-01,3,gas_cum,8,70,0.11265764651249643,283596.60843747866
SVR | grid-normalised state + geology,train,2003-01-01,3,gas_cum,9,70,0.12096252278726266,333953.5448967006
SVR | grid-normalised state + geology,train,2003-01-01,3,gas_cum,10,70,0.13078533204276552,391165.58950272226
SVR | grid-normalised state + geology,train,2003-01-01,3,gas_cum,11,70,0.1413001731401391,453496.1360936005
SVR | grid-normalised state + geology,train,2003-01-01,3,gas_cum,12,70,0.15129011532829847,517041.6182090404
SVR | grid-normalised state + geology,train,2003-01-01,3,oil_cum,1,70,0.03379719775037586,35104.892427659346
SVR | grid-normalised state + geology,train,2003-01-01,3,oil_cum,2,70,0.05300207330290571,106753.85522838983
SVR | grid-normalised state + geology,train,2003-01-01,3,oil_cum,3,70,0.068536930973964,201508.0290237121
SVR | grid-normalised state + geology,train,2003-01-01,3,oil_cum,4,70,0.07988936515310809,305243.75431745505
SVR | grid-normalised state + geology,train,2003-01-01,3,oil_cum,5,70,0.08904999234143175,414218.8698238925
SVR | grid-normalised state + geology,train,2003-01-01,3,oil_cum,6,70,0.09729824276560899,529645.6810434022
SVR | grid-normalised state + geology,train,2003-01-01,3,oil_cum,7,70,0.10538548070569917,653946.3250800867
SVR | grid-normalised state + geology,train,2003-01-01,3,oil_cum,8,70,0.11330625553337438,785207.8975667394
SVR | grid-normalised state + geology,train,2003-01-01,3,oil_cum,9,70,0.1216026116518376,924225.5412012297
SVR | grid-normalised state + geology,train,2003-01-01,3,oil_cum,10,70,0.13142304303590113,1082129.2511927148
SVR | grid-normalised state + geology,train,2003-01-01,3,oil_cum,11,70,0.14195659367359253,1254266.2975149439
SVR | grid-normalised state + geology,train,2003-01-01,3,oil_cum,12,70,0.1519734222156054,1429812.879177536
SVR | grid-normalised state + geology,train,2003-01-01,3,water_cum,1,70,0.01909876171861591,9326.216858591499
SVR | grid-normalised state + geology,train,2003-01-01,3,water_cum,2,70,0.045696409795731065,45205.96347494862
SVR | grid-normalised state + geology,train,2003-01-01,3,water_cum,3,70,0.07601419454809577,114000.2852000508
SVR | grid-normalised state + geology,train,2003-01-01,3,water_cum,4,70,0.10156581674807785,205643.43384995757
SVR | grid-normalised state + geology,train,2003-01-01,3,water_cum,5,70,0.12391769346193654,317011.4411094691
SVR | grid-normalised state + geology,train,2003-01-01,3,water_cum,6,70,0.1445453266009721,448790.58823091915
SVR | grid-normalised state + geology,train,2003-01-01,3,water_cum,7,70,0.16388208109942426,601565.3803623685
SVR | grid-normalised state + geology,train,2003-01-01,3,water_cum,8,70,0.1817092512016192,772380.6046492512
SVR | grid-normalised state + geology,train,2003-01-01,3,water_cum,9,70,0.19792325051865153,956247.1755944452
SVR | grid-normalised state + geology,train,2003-01-01,3,water_cum,10,70,0.21348849472042553,1159444.7109251218
SVR | grid-normalised state + geology,train,2003-01-01,3,water_cum,11,70,0.22856474724165096,1382536.9514795986
SVR | grid-normalised state + geology,train,2003-01-01,3,water_cum,12,70,0.24313480823506242,1623559.3143490946
SVR | grid-normalised state + geology,train,2003-01-01,5,gas_cum,1,70,0.03294868608086702,12436.019774907834
SVR | grid-normalised state + geology,train,2003-01-01,5,gas_cum,2,70,0.05215642237478582,38171.785507235225
SVR | grid-normalised state + geology,train,2003-01-01,5,gas_cum,3,70,0.06775130147911373,72375.94285560961
SVR | grid-normalised state + geology,train,2003-01-01,5,gas_cum,4,70,0.07913507660435859,109853.72397801185
SVR | grid-normalised state + geology,train,2003-01-01,5,gas_cum,5,70,0.08833322909757893,149273.82733134343
SVR | grid-normalised state + geology,train,2003-01-01,5,gas_cum,6,70,0.09662484057944516,191075.66563151308
SVR | grid-normalised state + geology,train,2003-01-01,5,gas_cum,7,70,0.10472995360455363,236076.15035515395
SVR | grid-normalised state + geology,train,2003-01-01,5,gas_cum,8,70,0.11265764651249643,283596.60843747866
SVR | grid-normalised state + geology,train,2003-01-01,5,gas_cum,9,70,0.12096252278726266,333953.5448967006
SVR | grid-normalised state + geology,train,2003-01-01,5,gas_cum,10,70,0.13078533204276552,391165.58950272226
SVR | grid-normalised state + geology,train,2003-01-01,5,gas_cum,11,70,0.1413001731401391,453496.1360936005
SVR | grid-normalised state + geology,train,2003-01-01,5,gas_cum,12,70,0.15129011532829847,517041.6182090404
SVR | grid-normalised state + geology,train,2003-01-01,5,gas_cum,13,70,0.15994417641118067,577996.6536940357
SVR | grid-normalised state + geology,train,2003-01-01,5,gas_cum,14,70,0.16723656478908433,636636.1871243599
SVR | grid-normalised state + geology,train,2003-01-01,5,gas_cum,15,70,0.1731689391331429,692241.2561183891
SVR | grid-normalised state + geology,train,2003-01-01,5,gas_cum,16,70,0.1779735194577649,744558.9215658777
SVR | grid-normalised state + geology,train,2003-01-01,5,gas_cum,17,70,0.18178950221871906,792802.5802158087
SVR | grid-normalised state + geology,train,2003-01-01,5,gas_cum,18,70,0.184901871814232,838773.6745231502
SVR | grid-normalised state + geology,train,2003-01-01,5,gas_cum,19,70,0.1874053991520207,882522.1142026654
SVR | grid-normalised state + geology,train,2003-01-01,5,gas_cum,20,70,0.18937416187600623,923717.4152779401
SVR | grid-normalised state + geology,train,2003-01-01,5,oil_cum,1,70,0.03379719775037586,35104.892427659346
SVR | grid-normalised state + geology,train,2003-01-01,5,oil_cum,2,70,0.05300207330290571,106753.85522838983
SVR | grid-normalised state + geology,train,2003-01-01,5,oil_cum,3,70,0.068536930973964,201508.0290237121
SVR | grid-normalised state + geology,train,2003-01-01,5,oil_cum,4,70,0.07988936515310809,305243.75431745505
SVR | grid-normalised state + geology,train,2003-01-01,5,oil_cum,5,70,0.08904999234143175,414218.8698238925
SVR | grid-normalised state + geology,train,2003-01-01,5,oil_cum,6,70,0.09729824276560899,529645.6810434022
SVR | grid-normalised state + geology,train,2003-01-01,5,oil_cum,7,70,0.10538548070569917,653946.3250800867
SVR | grid-normalised state + geology,train,2003-01-01,5,oil_cum,8,70,0.11330625553337438,785207.8975667394
SVR | grid-normalised state + geology,train,2003-01-01,5,oil_cum,9,70,0.1216026116518376,924225.5412012297
SVR | grid-normalised state + geology,train,2003-01-01,5,oil_cum,10,70,0.13142304303590113,1082129.2511927148
SVR | grid-normalised state + geology,train,2003-01-01,5,oil_cum,11,70,0.14195659367359253,1254266.2975149439
SVR | grid-normalised state + geology,train,2003-01-01,5,oil_cum,12,70,0.1519734222156054,1429812.879177536
SVR | grid-normalised state + geology,train,2003-01-01,5,oil_cum,13,70,0.16064601096967787,1598155.6043091554
SVR | grid-normalised state + geology,train,2003-01-01,5,oil_cum,14,70,0.16793908224143278,1759974.16684185
SVR | grid-normalised state + geology,train,2003-01-01,5,oil_cum,15,70,0.17386014410622738,1913326.5912483272
SVR | grid-normalised state + geology,train,2003-01-01,5,oil_cum,16,70,0.17866538946523072,2057730.5236565608
SVR | grid-normalised state + geology,train,2003-01-01,5,oil_cum,17,70,0.18249266558839952,2191009.7017205493
SVR | grid-normalised state + geology,train,2003-01-01,5,oil_cum,18,70,0.18561867587519984,2318060.7137108874
SVR | grid-normalised state + geology,train,2003-01-01,5,oil_cum,19,70,0.1881339156381866,2438976.8704675026
SVR | grid-normalised state + geology,train,2003-01-01,5,oil_cum,20,70,0.19011075518876455,2552822.9923259267
SVR | grid-normalised state + geology,train,2003-01-01,5,water_cum,1,70,0.01909876171861591,9326.216858591499
SVR | grid-normalised state + geology,train,2003-01-01,5,water_cum,2,70,0.045696409795731065,45205.96347494862
SVR | grid-normalised state + geology,train,2003-01-01,5,water_cum,3,70,0.07601419454809577,114000.2852000508
SVR | grid-normalised state + geology,train,2003-01-01,5,water_cum,4,70,0.10156581674807785,205643.43384995757
SVR | grid-normalised state + geology,train,2003-01-01,5,water_cum,5,70,0.12391769346193654,317011.4411094691
SVR | grid-normalised state + geology,train,2003-01-01,5,water_cum,6,70,0.1445453266009721,448790.58823091915
SVR | grid-normalised state + geology,train,2003-01-01,5,water_cum,7,70,0.16388208109942426,601565.3803623685
SVR | grid-normalised state + geology,train,2003-01-01,5,water_cum,8,70,0.1817092512016192,772380.6046492512
SVR | grid-normalised state + geology,train,2003-01-01,5,water_cum,9,70,0.19792325051865153,956247.1755944452
SVR | grid-normalised state + geology,train,2003-01-01,5,water_cum,10,70,0.21348849472042553,1159444.7109251218
SVR | grid-normalised state + geology,train,2003-01-01,5,water_cum,11,70,0.22856474724165096,1382536.9514795986
SVR | grid-normalised state + geology,train,2003-01-01,5,water_cum,12,70,0.24313480823506242,1623559.3143490946
SVR | grid-normalised state + geology,train,2003-01-01,5,water_cum,13,70,0.25695573989117776,1876580.2323910075
SVR | grid-normalised state + geology,train,2003-01-01,5,water_cum,14,70,0.27033878972816777,2148422.7694088146
SVR | grid-normalised state + geology,train,2003-01-01,5,water_cum,15,70,0.28330392952265626,2439235.1710564326
SVR | grid-normalised state + geology,train,2003-01-01,5,water_cum,16,70,0.29580280794125585,2746179.790203248
SVR | grid-normalised state + geology,train,2003-01-01,5,water_cum,17,70,0.30770696553638377,3062529.915714921
SVR | grid-normalised state + geology,train,2003-01-01,5,water_cum,18,70,0.31927079644269085,3397050.368469746
SVR | grid-normalised state + geology,train,2003-01-01,5,water_cum,19,70,0.3305541886677538,3750289.9450031808
SVR | grid-normalised state + geology,train,2003-01-01,5,water_cum,20,70,0.34149455472966145,4118753.625342333
SVR | grid-normalised state + geology,train,2004-01-01,3,gas_cum,1,70,0.016682002433371798,5033.343897695509
SVR | grid-normalised state + geology,train,2004-01-01,3,gas_cum,2,70,0.020145370194721457,11872.429819874433
SVR | grid-normalised state + geology,train,2004-01-01,3,gas_cum,3,70,0.024503946819570813,21220.159724747078
SVR | grid-normalised state + geology,train,2004-01-01,3,gas_cum,4,70,0.029220189667082452,32995.23704270977
SVR | grid-normalised state + geology,train,2004-01-01,3,gas_cum,5,70,0.03506549334808867,48133.852297596226
SVR | grid-normalised state + geology,train,2004-01-01,3,gas_cum,6,70,0.043202603531041196,69245.66024414255
SVR | grid-normalised state + geology,train,2004-01-01,3,gas_cum,7,70,0.052178485291042326,95038.4776123576
SVR | grid-normalised state + geology,train,2004-01-01,3,gas_cum,8,70,0.06035190839920785,122488.21812452236
SVR | grid-normalised state + geology,train,2004-01-01,3,gas_cum,9,70,0.06685386633630905,148804.73158217184
SVR | grid-normalised state + geology,train,2004-01-01,3,gas_cum,10,70,0.07167119820112505,173369.27486850243
SVR | grid-normalised state + geology,train,2004-01-01,3,gas_cum,11,70,0.07495494829974744,195611.44211669304
SVR | grid-normalised state + geology,train,2004-01-01,3,gas_cum,12,70,0.07719139265424609,215815.16293598834
SVR | grid-normalised state + geology,train,2004-01-01,3,oil_cum,1,70,0.0165722912217976,13767.041447165457
SVR | grid-normalised state + geology,train,2004-01-01,3,oil_cum,2,70,0.019949085897546504,32372.354830945475
SVR | grid-normalised state + geology,train,2004-01-01,3,oil_cum,3,70,0.024282368680555076,57902.04935918833
SVR | grid-normalised state + geology,train,2004-01-01,3,oil_cum,4,70,0.028973147831327265,90084.82865805467
SVR | grid-normalised state + geology,train,2004-01-01,3,oil_cum,5,70,0.03478694735180314,131485.12894515716
SVR | grid-normalised state + geology,train,2004-01-01,3,oil_cum,6,70,0.04291182111979176,189386.0818878682
SVR | grid-normalised state + geology,train,2004-01-01,3,oil_cum,7,70,0.05191482344420291,260359.43117502658
SVR | grid-normalised state + geology,train,2004-01-01,3,oil_cum,8,70,0.060131351635058596,336015.91041509545
SVR | grid-normalised state + geology,train,2004-01-01,3,oil_cum,9,70,0.06667192409021706,408579.47802012734
SVR | grid-normalised state + geology,train,2004-01-01,3,oil_cum,10,70,0.07150763570789229,476236.61393117945
SVR | grid-normalised state + geology,train,2004-01-01,3,oil_cum,11,70,0.07479619476399665,537432.5390021147
SVR | grid-normalised state + geology,train,2004-01-01,3,oil_cum,12,70,0.07703898970113973,593028.0463242374
SVR | grid-normalised state + geology,train,2004-01-01,3,water_cum,1,70,0.008885790050404015,4745.021879782166
SVR | grid-normalised state + geology,train,2004-01-01,3,water_cum,2,70,0.014623783877653512,15810.472522177924
SVR | grid-normalised state + geology,train,2004-01-01,3,water_cum,3,70,0.020126830313964107,33160.45444907771
SVR | grid-normalised state + geology,train,2004-01-01,3,water_cum,4,70,0.025287952528237158,56341.7580440362
SVR | grid-normalised state + geology,train,2004-01-01,3,water_cum,5,70,0.030184534868062763,84795.27143773915
SVR | grid-normalised state + geology,train,2004-01-01,3,water_cum,6,70,0.03507551822898634,119579.13097562843
SVR | grid-normalised state + geology,train,2004-01-01,3,water_cum,7,70,0.03998315251691304,161027.65745197725
SVR | grid-normalised state + geology,train,2004-01-01,3,water_cum,8,70,0.04482948903857774,208750.4054785233
SVR | grid-normalised state + geology,train,2004-01-01,3,water_cum,9,70,0.04944572937129714,261189.05445976998
SVR | grid-normalised state + geology,train,2004-01-01,3,water_cum,10,70,0.053978551464792794,319910.39917449787
SVR | grid-normalised state + geology,train,2004-01-01,3,water_cum,11,70,0.058443748458595124,385125.3042166225
SVR | grid-normalised state + geology,train,2004-01-01,3,water_cum,12,70,0.06281897784931029,456302.09164924914
SVR | grid-normalised state + geology,train,2005-01-01,3,gas_cum,1,70,0.02903814238109813,7071.328390578181
SVR | grid-normalised state + geology,train,2005-01-01,3,gas_cum,2,70,0.04374060143489482,20719.756831168168
SVR | grid-normalised state + geology,train,2005-01-01,3,gas_cum,3,70,0.05710178789983406,39535.49781159727
SVR | grid-normalised state + geology,train,2005-01-01,3,gas_cum,4,70,0.06697176304244835,60315.72048900332
SVR | grid-normalised state + geology,train,2005-01-01,3,gas_cum,5,70,0.07325584008309553,80359.14463600692
SVR | grid-normalised state + geology,train,2005-01-01,3,gas_cum,6,70,0.07652932080576998,98738.14171271659
SVR | grid-normalised state + geology,train,2005-01-01,3,gas_cum,7,70,0.0775932515913471,114921.0097090325
SVR | grid-normalised state + geology,train,2005-01-01,3,gas_cum,8,70,0.07752590343994474,129258.52449254425
SVR | grid-normalised state + geology,train,2005-01-01,3,gas_cum,9,70,0.07687280609779097,141832.72066632396
SVR | grid-normalised state + geology,train,2005-01-01,3,gas_cum,10,70,0.07588209433883768,153313.703270176
SVR | grid-normalised state + geology,train,2005-01-01,3,gas_cum,11,70,0.07469714386944272,163843.32389609364
SVR | grid-normalised state + geology,train,2005-01-01,3,gas_cum,12,70,0.07345055522619055,173503.36450506243
SVR | grid-normalised state + geology,train,2005-01-01,3,oil_cum,1,70,0.02930795244003442,19652.436675600944
SVR | grid-normalised state + geology,train,2005-01-01,3,oil_cum,2,70,0.04403215022874478,57432.821411610494
SVR | grid-normalised state + geology,train,2005-01-01,3,oil_cum,3,70,0.05748457142611784,109582.20513138779
SVR | grid-normalised state + geology,train,2005-01-01,3,oil_cum,4,70,0.06743493141490801,167200.8047293022
SVR | grid-normalised state + geology,train,2005-01-01,3,oil_cum,5,70,0.07375348013473863,222726.7313041031
SVR | grid-normalised state + geology,train,2005-01-01,3,oil_cum,6,70,0.0770089402508337,273527.4732219583
SVR | grid-normalised state + geology,train,2005-01-01,3,oil_cum,7,70,0.07802705519814256,318157.39058387704
SVR | grid-normalised state + geology,train,2005-01-01,3,oil_cum,8,70,0.07793821880387972,357757.79031369276
SVR | grid-normalised state + geology,train,2005-01-01,3,oil_cum,9,70,0.07728708376672316,392582.18371554464
SVR | grid-normalised state + geology,train,2005-01-01,3,oil_cum,10,70,0.07630392295206966,424424.2802141701
SVR | grid-normalised state + geology,train,2005-01-01,3,oil_cum,11,70,0.07512529587911504,453644.99111520255
SVR | grid-normalised state + geology,train,2005-01-01,3,oil_cum,12,70,0.07388050482214636,480445.53890813095
SVR | grid-normalised state + geology,train,2005-01-01,3,water_cum,1,70,0.011022406007962875,6407.150468396586
SVR | grid-normalised state + geology,train,2005-01-01,3,water_cum,2,70,0.017088011384228684,20186.23226163706
SVR | grid-normalised state + geology,train,2005-01-01,3,water_cum,3,70,0.02343372203695406,42170.46517352083
SVR | grid-normalised state + geology,train,2005-01-01,3,water_cum,4,70,0.029770349905761495,72305.2373858543
SVR | grid-normalised state + geology,train,2005-01-01,3,water_cum,5,70,0.035931500373774405,109756.5252921565
SVR | grid-normalised state + geology,train,2005-01-01,3,water_cum,6,70,0.04230769175975755,156493.04860963832
SVR | grid-normalised state + geology,train,2005-01-01,3,water_cum,7,70,0.04878645246385491,212807.41886159542
SVR | grid-normalised state + geology,train,2005-01-01,3,water_cum,8,70,0.055195350477074814,277971.53195444745
SVR | grid-normalised state + geology,train,2005-01-01,3,water_cum,9,70,0.06127343620048199,349584.0231068759
SVR | grid-normalised state + geology,train,2005-01-01,3,water_cum,10,70,0.067389381424597,430808.55130252807
SVR | grid-normalised state + geology,train,2005-01-01,3,water_cum,11,70,0.07347578152028734,521566.94677692896
SVR | grid-normalised state + geology,train,2005-01-01,3,water_cum,12,70,0.07942188382418855,620619.6449109626
SVR | grid-normalised state + geology,validation,2003-01-01,3,gas_cum,1,15,0.03060042940626139,11902.816088428079
SVR | grid-normalised state + geology,validation,2003-01-01,3,gas_cum,2,15,0.04905981930112222,37030.28543049285
SVR | grid-normalised state + geology,validation,2003-01-01,3,gas_cum,3,15,0.06440491899193092,70989.6711562215
SVR | grid-normalised state + geology,validation,2003-01-01,3,gas_cum,4,15,0.07592183327711384,108772.15787439744
SVR | grid-normalised state + geology,validation,2003-01-01,3,gas_cum,5,15,0.08555684329964165,149223.39836590583
SVR | grid-normalised state + geology,validation,2003-01-01,3,gas_cum,6,15,0.09453183759396905,192906.11488672628
SVR | grid-normalised state + geology,validation,2003-01-01,3,gas_cum,7,15,0.10336701360508199,240392.12014468262
SVR | grid-normalised state + geology,validation,2003-01-01,3,gas_cum,8,15,0.11202154932195357,290867.68398291117
SVR | grid-normalised state + geology,validation,2003-01-01,3,gas_cum,9,15,0.12084267715422102,344088.7519391245
SVR | grid-normalised state + geology,validation,2003-01-01,3,gas_cum,10,15,0.13094914094331925,403971.9251970194
SVR | grid-normalised state + geology,validation,2003-01-01,3,gas_cum,11,15,0.14156923194456333,468740.69728528307
SVR | grid-normalised state + geology,validation,2003-01-01,3,gas_cum,12,15,0.1515342823780025,534421.5505587293
SVR | grid-normalised state + geology,validation,2003-01-01,3,oil_cum,1,15,0.032058987452146116,34305.963051850995
SVR | grid-normalised state + geology,validation,2003-01-01,3,oil_cum,2,15,0.050765336057262675,105394.58168944853
SVR | grid-normalised state + geology,validation,2003-01-01,3,oil_cum,3,15,0.06605348744198333,200284.69225503065
SVR | grid-normalised state + geology,validation,2003-01-01,3,oil_cum,4,15,0.07739805647951155,305102.1137961793
SVR | grid-normalised state + geology,validation,2003-01-01,3,oil_cum,5,15,0.08687359663398049,416974.4304904894
SVR | grid-normalised state + geology,validation,2003-01-01,3,oil_cum,6,15,0.09567039744891885,537364.5627374791
SVR | grid-normalised state + geology,validation,2003-01-01,3,oil_cum,7,15,0.10430460536588727,667817.2813383794
SVR | grid-normalised state + geology,validation,2003-01-01,3,oil_cum,8,15,0.1128723883627984,806934.1565065399
SVR | grid-normalised state + geology,validation,2003-01-01,3,oil_cum,9,15,0.12166502446874176,953857.3718506272
SVR | grid-normalised state + geology,validation,2003-01-01,3,oil_cum,10,15,0.13176216483324965,1119196.316871107
SVR | grid-normalised state + geology,validation,2003-01-01,3,oil_cum,11,15,0.142403983134296,1298197.9420668695
SVR | grid-normalised state + geology,validation,2003-01-01,3,oil_cum,12,15,0.1523911781141639,1479712.0429074077
SVR | grid-normalised state + geology,validation,2003-01-01,3,water_cum,1,15,0.016333092623919385,7540.135480920615
SVR | grid-normalised state + geology,validation,2003-01-01,3,water_cum,2,15,0.04166998461431579,39013.24286962907
SVR | grid-normalised state + geology,validation,2003-01-01,3,water_cum,3,15,0.07101828392694544,100951.66217098755
SVR | grid-normalised state + geology,validation,2003-01-01,3,water_cum,4,15,0.09545384209716778,183573.74223548797
SVR | grid-normalised state + geology,validation,2003-01-01,3,water_cum,5,15,0.11651751233307729,283796.48597394937
SVR | grid-normalised state + geology,validation,2003-01-01,3,water_cum,6,15,0.13562840603857737,401931.1660156648
SVR | grid-normalised state + geology,validation,2003-01-01,3,water_cum,7,15,0.1534733105350944,538960.4698690013
SVR | grid-normalised state + geology,validation,2003-01-01,3,water_cum,8,15,0.17001828718811898,692757.3872860722
SVR | grid-normalised state + geology,validation,2003-01-01,3,water_cum,9,15,0.18521524809459142,859148.8894394914
SVR | grid-normalised state + geology,validation,2003-01-01,3,water_cum,10,15,0.1999234268803429,1043826.835262622
SVR | grid-normalised state + geology,validation,2003-01-01,3,water_cum,11,15,0.21429987009395837,1247511.4687396185
SVR | grid-normalised state + geology,validation,2003-01-01,3,water_cum,12,15,0.2283124585621346,1468481.9842799343
SVR | grid-normalised state + geology,validation,2003-01-01,5,gas_cum,1,15,0.03060042940626139,11902.816088428079
SVR | grid-normalised state + geology,validation,2003-01-01,5,gas_cum,2,15,0.04905981930112222,37030.28543049285
SVR | grid-normalised state + geology,validation,2003-01-01,5,gas_cum,3,15,0.06440491899193092,70989.6711562215
SVR | grid-normalised state + geology,validation,2003-01-01,5,gas_cum,4,15,0.07592183327711384,108772.15787439744
SVR | grid-normalised state + geology,validation,2003-01-01,5,gas_cum,5,15,0.08555684329964165,149223.39836590583
SVR | grid-normalised state + geology,validation,2003-01-01,5,gas_cum,6,15,0.09453183759396905,192906.11488672628
SVR | grid-normalised state + geology,validation,2003-01-01,5,gas_cum,7,15,0.10336701360508199,240392.12014468262
SVR | grid-normalised state + geology,validation,2003-01-01,5,gas_cum,8,15,0.11202154932195357,290867.68398291117
SVR | grid-normalised state + geology,validation,2003-01-01,5,gas_cum,9,15,0.12084267715422102,344088.7519391245
SVR | grid-normalised state + geology,validation,2003-01-01,5,gas_cum,10,15,0.13094914094331925,403971.9251970194
SVR | grid-normalised state + geology,validation,2003-01-01,5,gas_cum,11,15,0.14156923194456333,468740.69728528307
SVR | grid-normalised state + geology,validation,2003-01-01,5,gas_cum,12,15,0.1515342823780025,534421.5505587293
SVR | grid-normalised state + geology,validation,2003-01-01,5,gas_cum,13,15,0.16009958500316085,597232.6230691869
SVR | grid-normalised state + geology,validation,2003-01-01,5,gas_cum,14,15,0.16727136062369097,657545.8911840424
SVR | grid-normalised state + geology,validation,2003-01-01,5,gas_cum,15,15,0.17311527605829122,714835.0729805354
SVR | grid-normalised state + geology,validation,2003-01-01,5,gas_cum,16,15,0.17783543708267416,768753.3903887045
SVR | grid-normalised state + geology,validation,2003-01-01,5,gas_cum,17,15,0.18153594843769041,818339.2672143218
SVR | grid-normalised state + geology,validation,2003-01-01,5,gas_cum,18,15,0.18449208680524112,865396.4508112005
SVR | grid-normalised state + geology,validation,2003-01-01,5,gas_cum,19,15,0.1868301954746442,910089.0597065327
SVR | grid-normalised state + geology,validation,2003-01-01,5,gas_cum,20,15,0.188660238438133,952223.8556663217
SVR | grid-normalised state + geology,validation,2003-01-01,5,oil_cum,1,15,0.032058987452146116,34305.963051850995
SVR | grid-normalised state + geology,validation,2003-01-01,5,oil_cum,2,15,0.050765336057262675,105394.58168944853
SVR | grid-normalised state + geology,validation,2003-01-01,5,oil_cum,3,15,0.06605348744198333,200284.69225503065
SVR | grid-normalised state + geology,validation,2003-01-01,5,oil_cum,4,15,0.07739805647951155,305102.1137961793
SVR | grid-normalised state + geology,validation,2003-01-01,5,oil_cum,5,15,0.08687359663398049,416974.4304904894
SVR | grid-normalised state + geology,validation,2003-01-01,5,oil_cum,6,15,0.09567039744891885,537364.5627374791
SVR | grid-normalised state + geology,validation,2003-01-01,5,oil_cum,7,15,0.10430460536588727,667817.2813383794
SVR | grid-normalised state + geology,validation,2003-01-01,5,oil_cum,8,15,0.1128723883627984,806934.1565065399
SVR | grid-normalised state + geology,validation,2003-01-01,5,oil_cum,9,15,0.12166502446874176,953857.3718506272
SVR | grid-normalised state + geology,validation,2003-01-01,5,oil_cum,10,15,0.13176216483324965,1119196.316871107
SVR | grid-normalised state + geology,validation,2003-01-01,5,oil_cum,11,15,0.142403983134296,1298197.9420668695
SVR | grid-normalised state + geology,validation,2003-01-01,5,oil_cum,12,15,0.1523911781141639,1479712.0429074077
SVR | grid-normalised state + geology,validation,2003-01-01,5,oil_cum,13,15,0.16097103959233472,1653247.6690031134
SVR | grid-normalised state + geology,validation,2003-01-01,5,oil_cum,14,15,0.16814051124633173,1819749.1692674553
SVR | grid-normalised state + geology,validation,2003-01-01,5,oil_cum,15,15,0.1739588055598528,1977685.4166446305
SVR | grid-normalised state + geology,validation,2003-01-01,5,oil_cum,16,15,0.17867002025720624,2126477.939652459
SVR | grid-normalised state + geology,validation,2003-01-01,5,oil_cum,17,15,0.18238367452142973,2263551.1288591702
SVR | grid-normalised state + geology,validation,2003-01-01,5,oil_cum,18,15,0.18535277372018308,2393665.8100874643
SVR | grid-normalised state + geology,validation,2003-01-01,5,oil_cum,19,15,0.18769294424779875,2517151.2060797736
SVR | grid-normalised state + geology,validation,2003-01-01,5,oil_cum,20,15,0.18952062207409773,2633532.7303598127
SVR | grid-normalised state + geology,validation,2003-01-01,5,water_cum,1,15,0.016333092623919385,7540.135480920615
SVR | grid-normalised state + geology,validation,2003-01-01,5,water_cum,2,15,0.04166998461431579,39013.24286962907
SVR | grid-normalised state + geology,validation,2003-01-01,5,water_cum,3,15,0.07101828392694544,100951.66217098755
SVR | grid-normalised state + geology,validation,2003-01-01,5,water_cum,4,15,0.09545384209716778,183573.74223548797
SVR | grid-normalised state + geology,validation,2003-01-01,5,water_cum,5,15,0.11651751233307729,283796.48597394937
SVR | grid-normalised state + geology,validation,2003-01-01,5,water_cum,6,15,0.13562840603857737,401931.1660156648
SVR | grid-normalised state + geology,validation,2003-01-01,5,water_cum,7,15,0.1534733105350944,538960.4698690013
SVR | grid-normalised state + geology,validation,2003-01-01,5,water_cum,8,15,0.17001828718811898,692757.3872860722
SVR | grid-normalised state + geology,validation,2003-01-01,5,water_cum,9,15,0.18521524809459142,859148.8894394914
SVR | grid-normalised state + geology,validation,2003-01-01,5,water_cum,10,15,0.1999234268803429,1043826.835262622
SVR | grid-normalised state + geology,validation,2003-01-01,5,water_cum,11,15,0.21429987009395837,1247511.4687396185
SVR | grid-normalised state + geology,validation,2003-01-01,5,water_cum,12,15,0.2283124585621346,1468481.9842799343
SVR | grid-normalised state + geology,validation,2003-01-01,5,water_cum,13,15,0.24164464977501213,1700993.2563882107
SVR | grid-normalised state + geology,validation,2003-01-01,5,water_cum,14,15,0.25449509454963365,1950677.578993644
SVR | grid-normalised state + geology,validation,2003-01-01,5,water_cum,15,15,0.2668374141368749,2217319.913333663
SVR | grid-normalised state + geology,validation,2003-01-01,5,water_cum,16,15,0.2786221347498741,2498150.2903691325
SVR | grid-normalised state + geology,validation,2003-01-01,5,water_cum,17,15,0.28981014865480487,2787475.1978526185
SVR | grid-normalised state + geology,validation,2003-01-01,5,water_cum,18,15,0.30070432323081864,3093820.3279523724
SVR | grid-normalised state + geology,validation,2003-01-01,5,water_cum,19,15,0.31137786264191863,3417895.9596003694
SVR | grid-normalised state + geology,validation,2003-01-01,5,water_cum,20,15,0.32176237163364274,3756509.707513728
SVR | grid-normalised state + geology,validation,2004-01-01,3,gas_cum,1,15,0.01587600760214237,4944.861024875412
SVR | grid-normalised state + geology,validation,2004-01-01,3,gas_cum,2,15,0.018412127017040168,11194.208747643466
SVR | grid-normalised state + geology,validation,2004-01-01,3,gas_cum,3,15,0.02178061876397873,19449.190160501465
SVR | grid-normalised state + geology,validation,2004-01-01,3,gas_cum,4,15,0.025610151323746316,29807.246012115906
SVR | grid-normalised state + geology,validation,2004-01-01,3,gas_cum,5,15,0.03039193685585462,42997.706177351596
SVR | grid-normalised state + geology,validation,2004-01-01,3,gas_cum,6,15,0.03718541444662145,61442.649812717165
SVR | grid-normalised state + geology,validation,2004-01-01,3,gas_cum,7,15,0.044656357076753944,83884.18479235024
SVR | grid-normalised state + geology,validation,2004-01-01,3,gas_cum,8,15,0.05135829095923686,107553.0533062477
SVR | grid-normalised state + geology,validation,2004-01-01,3,gas_cum,9,15,0.056629749731015,130126.94867493874
SVR | grid-normalised state + geology,validation,2004-01-01,3,gas_cum,10,15,0.06043373942542121,150995.63931776
SVR | grid-normalised state + geology,validation,2004-01-01,3,gas_cum,11,15,0.06301915751595086,169951.05365761652
SVR | grid-normalised state + geology,validation,2004-01-01,3,gas_cum,12,15,0.06483034725220008,187389.9642094512
SVR | grid-normalised state + geology,validation,2004-01-01,3,oil_cum,1,15,0.015901648145463885,13640.773273070748
SVR | grid-normalised state + geology,validation,2004-01-01,3,oil_cum,2,15,0.018394002459175666,30808.067256317092
SVR | grid-normalised state + geology,validation,2004-01-01,3,oil_cum,3,15,0.021579169116643437,53098.93721631822
SVR | grid-normalised state + geology,validation,2004-01-01,3,oil_cum,4,15,0.025368739768272915,81362.59414445062
SVR | grid-normalised state + geology,validation,2004-01-01,3,oil_cum,5,15,0.03020333284167368,117737.91752061575
SVR | grid-normalised state + geology,validation,2004-01-01,3,oil_cum,6,15,0.03706369534388313,168723.4382118419
SVR | grid-normalised state + geology,validation,2004-01-01,3,oil_cum,7,15,0.04463306794843322,230956.53335076052
SVR | grid-normalised state + geology,validation,2004-01-01,3,oil_cum,8,15,0.05141361907065391,296569.46953025507
SVR | grid-normalised state + geology,validation,2004-01-01,3,oil_cum,9,15,0.0567576393702054,359214.7056840631
SVR | grid-normalised state + geology,validation,2004-01-01,3,oil_cum,10,15,0.060642188759168054,417301.66569682024
SVR | grid-normalised state + geology,validation,2004-01-01,3,oil_cum,11,15,0.0633110582310719,470238.96337611275
SVR | grid-normalised state + geology,validation,2004-01-01,3,oil_cum,12,15,0.06519040508271759,518955.32066872186
SVR | grid-normalised state + geology,validation,2004-01-01,3,water_cum,1,15,0.012388648880252748,6356.920567973812
SVR | grid-normalised state + geology,validation,2004-01-01,3,water_cum,2,15,0.018593477083958376,19368.263157122048
SVR | grid-normalised state + geology,validation,2004-01-01,3,water_cum,3,15,0.02414911592407471,38413.977518206135
SVR | grid-normalised state + geology,validation,2004-01-01,3,water_cum,4,15,0.029302296327798755,63125.077862897
SVR | grid-normalised state + geology,validation,2004-01-01,3,water_cum,5,15,0.03405784378868647,92602.35666376408
SVR | grid-normalised state + geology,validation,2004-01-01,3,water_cum,6,15,0.03860603559754855,127479.76385484912
SVR | grid-normalised state + geology,validation,2004-01-01,3,water_cum,7,15,0.0430165945012754,167886.38819544157
SVR | grid-normalised state + geology,validation,2004-01-01,3,water_cum,8,15,0.04723812740257583,213227.35024159498
SVR | grid-normalised state + geology,validation,2004-01-01,3,water_cum,9,15,0.051172127829485964,262085.66241655717
SVR | grid-normalised state + geology,validation,2004-01-01,3,water_cum,10,15,0.055167121769751894,317083.4349420267
SVR | grid-normalised state + geology,validation,2004-01-01,3,water_cum,11,15,0.05927993947053699,378962.9570309331
SVR | grid-normalised state + geology,validation,2004-01-01,3,water_cum,12,15,0.06344072588220913,447227.2740136033
SVR | grid-normalised state + geology,validation,2005-01-01,3,gas_cum,1,15,0.027248481602699354,6836.77367645379
SVR | grid-normalised state + geology,validation,2005-01-01,3,gas_cum,2,15,0.040260901972809016,19667.14578528863
SVR | grid-normalised state + geology,validation,2005-01-01,3,gas_cum,3,15,0.05187600410658646,37072.825008632375
SVR | grid-normalised state + geology,validation,2005-01-01,3,gas_cum,4,15,0.06004769753388089,55870.5187951981
SVR | grid-normalised state + geology,validation,2005-01-01,3,gas_cum,5,15,0.06481757332494885,73515.24565295364
SVR | grid-normalised state + geology,validation,2005-01-01,3,gas_cum,6,15,0.06671621915341706,89062.24573250317
SVR | grid-normalised state + geology,validation,2005-01-01,3,gas_cum,7,15,0.06663181750543594,102167.19225330859
SVR | grid-normalised state + geology,validation,2005-01-01,3,gas_cum,8,15,0.06552307328330868,113161.49209459266
SVR | grid-normalised state + geology,validation,2005-01-01,3,gas_cum,9,15,0.06385613967673265,122107.07146812961
SVR | grid-normalised state + geology,validation,2005-01-01,3,gas_cum,10,15,0.0618465602191747,129581.09041040661
SVR | grid-normalised state + geology,validation,2005-01-01,3,gas_cum,11,15,0.05970922739297766,135890.17746651455
SVR | grid-normalised state + geology,validation,2005-01-01,3,gas_cum,12,15,0.05763216002848531,141319.8385637501
SVR | grid-normalised state + geology,validation,2005-01-01,3,oil_cum,1,15,0.027847427583814637,19243.134098332725
SVR | grid-normalised state + geology,validation,2005-01-01,3,oil_cum,2,15,0.04101603152502795,55173.94605046459
SVR | grid-normalised state + geology,validation,2005-01-01,3,oil_cum,3,15,0.052810091181158224,103909.38854904033
SVR | grid-normalised state + geology,validation,2005-01-01,3,oil_cum,4,15,0.061076565958486206,156448.07162971442
SVR | grid-normalised state + geology,validation,2005-01-01,3,oil_cum,5,15,0.06588872389207595,205724.7641140935
SVR | grid-normalised state + geology,validation,2005-01-01,3,oil_cum,6,15,0.06778040913413987,249090.8855022272
SVR | grid-normalised state + geology,validation,2005-01-01,3,oil_cum,7,15,0.06764247321699793,285536.71736385574
SVR | grid-normalised state + geology,validation,2005-01-01,3,oil_cum,8,15,0.06652549598233215,316307.1663104727
SVR | grid-normalised state + geology,validation,2005-01-01,3,oil_cum,9,15,0.06489355841570003,341619.3797765923
SVR | grid-normalised state + geology,validation,2005-01-01,3,oil_cum,10,15,0.0629155248884083,362889.808544667
SVR | grid-normalised state + geology,validation,2005-01-01,3,oil_cum,11,15,0.06078900624692027,380855.35915904
SVR | grid-normalised state + geology,validation,2005-01-01,3,oil_cum,12,15,0.05871127283365817,396322.59027950285
SVR | grid-normalised state + geology,validation,2005-01-01,3,water_cum,1,15,0.009769028101713366,5517.544013901077
SVR | grid-normalised state + geology,validation,2005-01-01,3,water_cum,2,15,0.01496258461039741,17176.999975189046
SVR | grid-normalised state + geology,validation,2005-01-01,3,water_cum,3,15,0.020642741213627688,36101.17220700189
SVR | grid-normalised state + geology,validation,2005-01-01,3,water_cum,4,15,0.026532752846809282,62617.222311476864
SVR | grid-normalised state + geology,validation,2005-01-01,3,water_cum,5,15,0.032498539225533994,96450.37626841447
SVR | grid-normalised state + geology,validation,2005-01-01,3,water_cum,6,15,0.03889108954329832,139772.2631218377
SVR | grid-normalised state + geology,validation,2005-01-01,3,water_cum,7,15,0.045522716641082275,192974.33303410377
SVR | grid-normalised state + geology,validation,2005-01-01,3,water_cum,8,15,0.052208759619951896,255608.13339381124
SVR | grid-normalised state + geology,validation,2005-01-01,3,water_cum,9,15,0.05862798381753796,325290.75717709644
SVR | grid-normalised state + geology,validation,2005-01-01,3,water_cum,10,15,0.06501071188852403,404300.2635966417
SVR | grid-normalised state + geology,validation,2005-01-01,3,water_cum,11,15,0.07128271306634244,492375.9226391881
SVR | grid-normalised state + geology,validation,2005-01-01,3,water_cum,12,15,0.07735418340915874,588337.3990864041
SVR | grid-normalised state + raw 4,train,2003-01-01,3,gas_cum,1,70,0.0320057716341898,12080.129932255402
SVR | grid-normalised state + raw 4,train,2003-01-01,3,gas_cum,2,70,0.05026186162855855,36785.21098500771
SVR | grid-normalised state + raw 4,train,2003-01-01,3,gas_cum,3,70,0.06492073280506681,69352.16217347977
SVR | grid-normalised state + raw 4,train,2003-01-01,3,gas_cum,4,70,0.07541136889278255,104684.54772046667
SVR | grid-normalised state + raw 4,train,2003-01-01,3,gas_cum,5,70,0.08376881487144147,141560.44938714412
SVR | grid-normalised state + raw 4,train,2003-01-01,3,gas_cum,6,70,0.09125627411317877,180459.32303392346
SVR | grid-normalised state + raw 4,train,2003-01-01,3,gas_cum,7,70,0.09857901372275162,222211.06058489866
SVR | grid-normalised state + raw 4,train,2003-01-01,3,gas_cum,8,70,0.10576309858120302,266240.7478230146
SVR | grid-normalised state + raw 4,train,2003-01-01,3,gas_cum,9,70,0.11336805448913749,312986.723510006
SVR | grid-normalised state + raw 4,train,2003-01-01,3,gas_cum,10,70,0.12249225867723355,366361.8528668976
SVR | grid-normalised state + raw 4,train,2003-01-01,3,gas_cum,11,70,0.13231480397924297,424658.0242549147
SVR | grid-normalised state + raw 4,train,2003-01-01,3,gas_cum,12,70,0.1416388533485245,484057.9424351589
SVR | grid-normalised state + raw 4,train,2003-01-01,3,oil_cum,1,70,0.032831180049025334,34101.497183485655
SVR | grid-normalised state + raw 4,train,2003-01-01,3,oil_cum,2,70,0.05107738977783449,102877.26373692726
SVR | grid-normalised state + raw 4,train,2003-01-01,3,oil_cum,3,70,0.06567528078966595,193094.3828303583
SVR | grid-normalised state + raw 4,train,2003-01-01,3,oil_cum,4,70,0.07613446993495458,290896.93467179604
SVR | grid-normalised state + raw 4,train,2003-01-01,3,oil_cum,5,70,0.08445648262438042,392852.013370646
SVR | grid-normalised state + raw 4,train,2003-01-01,3,oil_cum,6,70,0.0919037184411163,500280.4383777759
SVR | grid-normalised state + raw 4,train,2003-01-01,3,oil_cum,7,70,0.09920952006432562,615622.7653428195
SVR | grid-normalised state + raw 4,train,2003-01-01,3,oil_cum,8,70,0.10638632303057785,737253.0372966977
SVR | grid-normalised state + raw 4,train,2003-01-01,3,oil_cum,9,70,0.11398244056782164,866309.3776542259
SVR | grid-normalised state + raw 4,train,2003-01-01,3,oil_cum,10,70,0.12310396116059598,1013630.4428225899
SVR | grid-normalised state + raw 4,train,2003-01-01,3,oil_cum,11,70,0.13294264981749226,1174623.0368968805
SVR | grid-normalised state + raw 4,train,2003-01-01,3,oil_cum,12,70,0.14228971733008175,1338705.59369552
SVR | grid-normalised state + raw 4,train,2003-01-01,3,water_cum,1,70,0.01909876171861591,9326.216858591499
SVR | grid-normalised state + raw 4,train,2003-01-01,3,water_cum,2,70,0.045696409795731065,45205.96347494862
SVR | grid-normalised state + raw 4,train,2003-01-01,3,water_cum,3,70,0.07601419454809577,114000.2852000508
SVR | grid-normalised state + raw 4,train,2003-01-01,3,water_cum,4,70,0.10156581674807785,205643.43384995757
SVR | grid-normalised state + raw 4,train,2003-01-01,3,water_cum,5,70,0.12391769346193654,317011.4411094691
SVR | grid-normalised state + raw 4,train,2003-01-01,3,water_cum,6,70,0.1445453266009721,448790.58823091915
SVR | grid-normalised state + raw 4,train,2003-01-01,3,water_cum,7,70,0.16388208109942426,601565.3803623685
SVR | grid-normalised state + raw 4,train,2003-01-01,3,water_cum,8,70,0.1817092512016192,772380.6046492512
SVR | grid-normalised state + raw 4,train,2003-01-01,3,water_cum,9,70,0.19792325051865153,956247.1755944452
SVR | grid-normalised state + raw 4,train,2003-01-01,3,water_cum,10,70,0.21348849472042553,1159444.7109251218
SVR | grid-normalised state + raw 4,train,2003-01-01,3,water_cum,11,70,0.22856474724165096,1382536.9514795986
SVR | grid-normalised state + raw 4,train,2003-01-01,3,water_cum,12,70,0.24313480823506242,1623559.3143490946
SVR | grid-normalised state + raw 4,train,2003-01-01,5,gas_cum,1,70,0.0320057716341898,12080.129932255402
SVR | grid-normalised state + raw 4,train,2003-01-01,5,gas_cum,2,70,0.05026186162855855,36785.21098500771
SVR | grid-normalised state + raw 4,train,2003-01-01,5,gas_cum,3,70,0.06492073280506681,69352.16217347977
SVR | grid-normalised state + raw 4,train,2003-01-01,5,gas_cum,4,70,0.07541136889278255,104684.54772046667
SVR | grid-normalised state + raw 4,train,2003-01-01,5,gas_cum,5,70,0.08376881487144147,141560.44938714412
SVR | grid-normalised state + raw 4,train,2003-01-01,5,gas_cum,6,70,0.09125627411317877,180459.32303392346
SVR | grid-normalised state + raw 4,train,2003-01-01,5,gas_cum,7,70,0.09857901372275162,222211.06058489866
SVR | grid-normalised state + raw 4,train,2003-01-01,5,gas_cum,8,70,0.10576309858120302,266240.7478230146
SVR | grid-normalised state + raw 4,train,2003-01-01,5,gas_cum,9,70,0.11336805448913749,312986.723510006
SVR | grid-normalised state + raw 4,train,2003-01-01,5,gas_cum,10,70,0.12249225867723355,366361.8528668976
SVR | grid-normalised state + raw 4,train,2003-01-01,5,gas_cum,11,70,0.13231480397924297,424658.0242549147
SVR | grid-normalised state + raw 4,train,2003-01-01,5,gas_cum,12,70,0.1416388533485245,484057.9424351589
SVR | grid-normalised state + raw 4,train,2003-01-01,5,gas_cum,13,70,0.149673221769604,540880.0949903732
SVR | grid-normalised state + raw 4,train,2003-01-01,5,gas_cum,14,70,0.15637764456391393,595298.4475148502
SVR | grid-normalised state + raw 4,train,2003-01-01,5,gas_cum,15,70,0.16175524313183165,646615.1103646962
SVR | grid-normalised state + raw 4,train,2003-01-01,5,gas_cum,16,70,0.16604718428156526,694664.649181543
SVR | grid-normalised state + raw 4,train,2003-01-01,5,gas_cum,17,70,0.16940375716700515,738787.0814381083
SVR | grid-normalised state + raw 4,train,2003-01-01,5,gas_cum,18,70,0.17209322023755658,780669.5588468704
SVR | grid-normalised state + raw 4,train,2003-01-01,5,gas_cum,19,70,0.17421094165466425,820387.2953606616
SVR | grid-normalised state + raw 4,train,2003-01-01,5,gas_cum,20,70,0.17583360836261056,857670.1521829043
SVR | grid-normalised state + raw 4,train,2003-01-01,5,oil_cum,1,70,0.032831180049025334,34101.497183485655
SVR | grid-normalised state + raw 4,train,2003-01-01,5,oil_cum,2,70,0.05107738977783449,102877.26373692726
SVR | grid-normalised state + raw 4,train,2003-01-01,5,oil_cum,3,70,0.06567528078966595,193094.3828303583
SVR | grid-normalised state + raw 4,train,2003-01-01,5,oil_cum,4,70,0.07613446993495458,290896.93467179604
SVR | grid-normalised state + raw 4,train,2003-01-01,5,oil_cum,5,70,0.08445648262438042,392852.013370646
SVR | grid-normalised state + raw 4,train,2003-01-01,5,oil_cum,6,70,0.0919037184411163,500280.4383777759
SVR | grid-normalised state + raw 4,train,2003-01-01,5,oil_cum,7,70,0.09920952006432562,615622.7653428195
SVR | grid-normalised state + raw 4,train,2003-01-01,5,oil_cum,8,70,0.10638632303057785,737253.0372966977
SVR | grid-normalised state + raw 4,train,2003-01-01,5,oil_cum,9,70,0.11398244056782164,866309.3776542259
SVR | grid-normalised state + raw 4,train,2003-01-01,5,oil_cum,10,70,0.12310396116059598,1013630.4428225899
SVR | grid-normalised state + raw 4,train,2003-01-01,5,oil_cum,11,70,0.13294264981749226,1174623.0368968805
SVR | grid-normalised state + raw 4,train,2003-01-01,5,oil_cum,12,70,0.14228971733008175,1338705.59369552
SVR | grid-normalised state + raw 4,train,2003-01-01,5,oil_cum,13,70,0.15033910231745784,1495619.3276458208
SVR | grid-normalised state + raw 4,train,2003-01-01,5,oil_cum,14,70,0.1570418545671517,1645772.9997224722
SVR | grid-normalised state + raw 4,train,2003-01-01,5,oil_cum,15,70,0.16240647554832227,1787279.2516936385
SVR | grid-normalised state + raw 4,train,2003-01-01,5,oil_cum,16,70,0.1666958935321151,1919875.076621878
SVR | grid-normalised state + raw 4,train,2003-01-01,5,oil_cum,17,70,0.1700595139255897,2041737.0949100382
SVR | grid-normalised state + raw 4,train,2003-01-01,5,oil_cum,18,70,0.17275807959573078,2157453.7982172254
SVR | grid-normalised state + raw 4,train,2003-01-01,5,oil_cum,19,70,0.1748828811998342,2267189.8410247904
SVR | grid-normalised state + raw 4,train,2003-01-01,5,oil_cum,20,70,0.17650902093077284,2370177.7763052364
SVR | grid-normalised state + raw 4,train,2003-01-01,5,water_cum,1,70,0.01909876171861591,9326.216858591499
SVR | grid-normalised state + raw 4,train,2003-01-01,5,water_cum,2,70,0.045696409795731065,45205.96347494862
SVR | grid-normalised state + raw 4,train,2003-01-01,5,water_cum,3,70,0.07601419454809577,114000.2852000508
SVR | grid-normalised state + raw 4,train,2003-01-01,5,water_cum,4,70,0.10156581674807785,205643.43384995757
SVR | grid-normalised state + raw 4,train,2003-01-01,5,water_cum,5,70,0.12391769346193654,317011.4411094691
SVR | grid-normalised state + raw 4,train,2003-01-01,5,water_cum,6,70,0.1445453266009721,448790.58823091915
SVR | grid-normalised state + raw 4,train,2003-01-01,5,water_cum,7,70,0.16388208109942426,601565.3803623685
SVR | grid-normalised state + raw 4,train,2003-01-01,5,water_cum,8,70,0.1817092512016192,772380.6046492512
SVR | grid-normalised state + raw 4,train,2003-01-01,5,water_cum,9,70,0.19792325051865153,956247.1755944452
SVR | grid-normalised state + raw 4,train,2003-01-01,5,water_cum,10,70,0.21348849472042553,1159444.7109251218
SVR | grid-normalised state + raw 4,train,2003-01-01,5,water_cum,11,70,0.22856474724165096,1382536.9514795986
SVR | grid-normalised state + raw 4,train,2003-01-01,5,water_cum,12,70,0.24313480823506242,1623559.3143490946
SVR | grid-normalised state + raw 4,train,2003-01-01,5,water_cum,13,70,0.25695573989117776,1876580.2323910075
SVR | grid-normalised state + raw 4,train,2003-01-01,5,water_cum,14,70,0.27033878972816777,2148422.7694088146
SVR | grid-normalised state + raw 4,train,2003-01-01,5,water_cum,15,70,0.28330392952265626,2439235.1710564326
SVR | grid-normalised state + raw 4,train,2003-01-01,5,water_cum,16,70,0.29580280794125585,2746179.790203248
SVR | grid-normalised state + raw 4,train,2003-01-01,5,water_cum,17,70,0.30770696553638377,3062529.915714921
SVR | grid-normalised state + raw 4,train,2003-01-01,5,water_cum,18,70,0.31927079644269085,3397050.368469746
SVR | grid-normalised state + raw 4,train,2003-01-01,5,water_cum,19,70,0.3305541886677538,3750289.9450031808
SVR | grid-normalised state + raw 4,train,2003-01-01,5,water_cum,20,70,0.34149455472966145,4118753.625342333
SVR | grid-normalised state + raw 4,train,2004-01-01,3,gas_cum,1,70,0.014573175560685379,4397.0623173920185
SVR | grid-normalised state + raw 4,train,2004-01-01,3,gas_cum,2,70,0.016229362737103487,9564.578275559981
SVR | grid-normalised state + raw 4,train,2004-01-01,3,gas_cum,3,70,0.019142292696914514,16577.02375528989
SVR | grid-normalised state + raw 4,train,2004-01-01,3,gas_cum,4,70,0.02264603185513165,25571.74329291176
SVR | grid-normalised state + raw 4,train,2004-01-01,3,gas_cum,5,70,0.02735220786405505,37545.94638872629
SVR | grid-normalised state + raw 4,train,2004-01-01,3,gas_cum,6,70,0.03411166688130802,54674.59602353038
SVR | grid-normalised state + raw 4,train,2004-01-01,3,gas_cum,7,70,0.04168819567330435,75931.34659041332
SVR | grid-normalised state + raw 4,train,2004-01-01,3,gas_cum,8,70,0.04859808066849774,98633.04182497428
SVR | grid-normalised state + raw 4,train,2004-01-01,3,gas_cum,9,70,0.05406020569109378,120328.33458984557
SVR | grid-normalised state + raw 4,train,2004-01-01,3,gas_cum,10,70,0.05805210027690017,140425.31424348068
SVR | grid-normalised state + raw 4,train,2004-01-01,3,gas_cum,11,70,0.060732433417403295,158494.6578380113
SVR | grid-normalised state + raw 4,train,2004-01-01,3,gas_cum,12,70,0.06254799650273744,174874.4982102014
SVR | grid-normalised state + raw 4,train,2004-01-01,3,oil_cum,1,70,0.014486221332028416,12034.087913476524
SVR | grid-normalised state + raw 4,train,2004-01-01,3,oil_cum,2,70,0.016111580258470516,26145.04723139272
SVR | grid-normalised state + raw 4,train,2004-01-01,3,oil_cum,3,70,0.01904924399859593,45423.503809378366
SVR | grid-normalised state + raw 4,train,2004-01-01,3,oil_cum,4,70,0.02255628890580091,70133.19481439202
SVR | grid-normalised state + raw 4,train,2004-01-01,3,oil_cum,5,70,0.027237878693138203,102951.7179515951
SVR | grid-normalised state + raw 4,train,2004-01-01,3,oil_cum,6,70,0.03397032323405938,149923.87295340546
SVR | grid-normalised state + raw 4,train,2004-01-01,3,oil_cum,7,70,0.041541412619475214,208335.45878159732
SVR | grid-normalised state + raw 4,train,2004-01-01,3,oil_cum,8,70,0.04845625028998225,270775.07180126524
SVR | grid-normalised state + raw 4,train,2004-01-01,3,oil_cum,9,70,0.05392082046666147,330438.051418381
SVR | grid-normalised state + raw 4,train,2004-01-01,3,oil_cum,10,70,0.057907049084532286,385657.51343559724
SVR | grid-normalised state + raw 4,train,2004-01-01,3,oil_cum,11,70,0.06058161057084211,435296.5934785383
SVR | grid-normalised state + raw 4,train,2004-01-01,3,oil_cum,12,70,0.062397397761561814,480320.51087123627
SVR | grid-normalised state + raw 4,train,2004-01-01,3,water_cum,1,70,0.008885790050404015,4745.021879782166
SVR | grid-normalised state + raw 4,train,2004-01-01,3,water_cum,2,70,0.014623783877653512,15810.472522177924
SVR | grid-normalised state + raw 4,train,2004-01-01,3,water_cum,3,70,0.020126830313964107,33160.45444907771
SVR | grid-normalised state + raw 4,train,2004-01-01,3,water_cum,4,70,0.025287952528237158,56341.7580440362
SVR | grid-normalised state + raw 4,train,2004-01-01,3,water_cum,5,70,0.030184534868062763,84795.27143773915
SVR | grid-normalised state + raw 4,train,2004-01-01,3,water_cum,6,70,0.03507551822898634,119579.13097562843
SVR | grid-normalised state + raw 4,train,2004-01-01,3,water_cum,7,70,0.03998315251691304,161027.65745197725
SVR | grid-normalised state + raw 4,train,2004-01-01,3,water_cum,8,70,0.04482948903857774,208750.4054785233
SVR | grid-normalised state + raw 4,train,2004-01-01,3,water_cum,9,70,0.04944572937129714,261189.05445976998
SVR | grid-normalised state + raw 4,train,2004-01-01,3,water_cum,10,70,0.053978551464792794,319910.39917449787
SVR | grid-normalised state + raw 4,train,2004-01-01,3,water_cum,11,70,0.058443748458595124,385125.3042166225
SVR | grid-normalised state + raw 4,train,2004-01-01,3,water_cum,12,70,0.06281897784931029,456302.09164924914
SVR | grid-normalised state + raw 4,train,2005-01-01,3,gas_cum,1,70,0.02784648371150013,6781.137314592132
SVR | grid-normalised state + raw 4,train,2005-01-01,3,gas_cum,2,70,0.04138692852920485,19604.830911857418
SVR | grid-normalised state + raw 4,train,2005-01-01,3,gas_cum,3,70,0.05363025396029472,37131.91593583709
SVR | grid-normalised state + raw 4,train,2005-01-01,3,gas_cum,4,70,0.06244493148425176,56238.79172737095
SVR | grid-normalised state + raw 4,train,2005-01-01,3,gas_cum,5,70,0.0677635721179413,74334.3150075309
SVR | grid-normalised state + raw 4,train,2005-01-01,3,gas_cum,6,70,0.07013867129220308,90492.92470748091
SVR | grid-normalised state + raw 4,train,2005-01-01,3,gas_cum,7,70,0.07037177751495344,104225.50365114088
SVR | grid-normalised state + raw 4,train,2005-01-01,3,gas_cum,8,70,0.06955208258209201,115963.81558983107
SVR | grid-normalised state + raw 4,train,2005-01-01,3,gas_cum,9,70,0.06823463398790261,125895.02417621712
SVR | grid-normalised state + raw 4,train,2005-01-01,3,gas_cum,10,70,0.06664395673111663,134648.78501377127
SVR | grid-normalised state + raw 4,train,2005-01-01,3,gas_cum,11,70,0.06491729358239898,142391.858749902
SVR | grid-normalised state + raw 4,train,2005-01-01,3,gas_cum,12,70,0.06318906477812837,149263.8865039417
SVR | grid-normalised state + raw 4,train,2005-01-01,3,oil_cum,1,70,0.028111241258818753,18849.982435375732
SVR | grid-normalised state + raw 4,train,2005-01-01,3,oil_cum,2,70,0.041670136316904194,54351.95612418419
SVR | grid-normalised state + raw 4,train,2005-01-01,3,oil_cum,3,70,0.05399870086542907,102937.12848966985
SVR | grid-normalised state + raw 4,train,2005-01-01,3,oil_cum,4,70,0.06288727867726325,155925.1767808541
SVR | grid-normalised state + raw 4,train,2005-01-01,3,oil_cum,5,70,0.06823457844591989,206060.3051057233
SVR | grid-normalised state + raw 4,train,2005-01-01,3,oil_cum,6,70,0.0705872351137411,250718.26724919604
SVR | grid-normalised state + raw 4,train,2005-01-01,3,oil_cum,7,70,0.07077174170476024,288573.6570563113
SVR | grid-normalised state + raw 4,train,2005-01-01,3,oil_cum,8,70,0.0699257921799801,320978.55558124295
SVR | grid-normalised state + raw 4,train,2005-01-01,3,oil_cum,9,70,0.06860277954968087,348469.9860827949
SVR | grid-normalised state + raw 4,train,2005-01-01,3,oil_cum,10,70,0.06701010094192762,372729.3795526288
SVR | grid-normalised state + raw 4,train,2005-01-01,3,oil_cum,11,70,0.06527974093827342,394192.4907104221
SVR | grid-normalised state + raw 4,train,2005-01-01,3,oil_cum,12,70,0.06354274776965313,413219.01859478274
SVR | grid-normalised state + raw 4,train,2005-01-01,3,water_cum,1,70,0.011022406007962875,6407.150468396586
SVR | grid-normalised state + raw 4,train,2005-01-01,3,water_cum,2,70,0.017088011384228684,20186.23226163706
SVR | grid-normalised state + raw 4,train,2005-01-01,3,water_cum,3,70,0.02343372203695406,42170.46517352083
SVR | grid-normalised state + raw 4,train,2005-01-01,3,water_cum,4,70,0.029770349905761495,72305.2373858543
SVR | grid-normalised state + raw 4,train,2005-01-01,3,water_cum,5,70,0.035931500373774405,109756.5252921565
SVR | grid-normalised state + raw 4,train,2005-01-01,3,water_cum,6,70,0.04230769175975755,156493.04860963832
SVR | grid-normalised state + raw 4,train,2005-01-01,3,water_cum,7,70,0.04878645246385491,212807.41886159542
SVR | grid-normalised state + raw 4,train,2005-01-01,3,water_cum,8,70,0.055195350477074814,277971.53195444745
SVR | grid-normalised state + raw 4,train,2005-01-01,3,water_cum,9,70,0.06127343620048199,349584.0231068759
SVR | grid-normalised state + raw 4,train,2005-01-01,3,water_cum,10,70,0.067389381424597,430808.55130252807
SVR | grid-normalised state + raw 4,train,2005-01-01,3,water_cum,11,70,0.07347578152028734,521566.94677692896
SVR | grid-normalised state + raw 4,train,2005-01-01,3,water_cum,12,70,0.07942188382418855,620619.6449109626
SVR | grid-normalised state + raw 4,validation,2003-01-01,3,gas_cum,1,15,0.029569032105454945,11501.627849445777
SVR | grid-normalised state + raw 4,validation,2003-01-01,3,gas_cum,2,15,0.046931928803598054,35424.156553325316
SVR | grid-normalised state + raw 4,validation,2003-01-01,3,gas_cum,3,15,0.06113541224264332,67385.89037972441
SVR | grid-normalised state + raw 4,validation,2003-01-01,3,gas_cum,4,15,0.07153923387262377,102493.26847264305
SVR | grid-normalised state + raw 4,validation,2003-01-01,3,gas_cum,5,15,0.08012410005832457,139747.91542786086
SVR | grid-normalised state + raw 4,validation,2003-01-01,3,gas_cum,6,15,0.08807998839536867,179740.16789558853
SVR | grid-normalised state + raw 4,validation,2003-01-01,3,gas_cum,7,15,0.09592146231857765,223076.6169006114
SVR | grid-normalised state + raw 4,validation,2003-01-01,3,gas_cum,8,15,0.103623397639569,269061.60341735993
SVR | grid-normalised state + raw 4,validation,2003-01-01,3,gas_cum,9,15,0.11156068086460408,317659.0948509927
SVR | grid-normalised state + raw 4,validation,2003-01-01,3,gas_cum,10,15,0.1207932546388664,372641.49482582905
SVR | grid-normalised state + raw 4,validation,2003-01-01,3,gas_cum,11,15,0.13056263352105538,432297.46347728657
SVR | grid-normalised state + raw 4,validation,2003-01-01,3,gas_cum,12,15,0.13972786899844272,492783.43642491
SVR | grid-normalised state + raw 4,validation,2003-01-01,3,oil_cum,1,15,0.030956622026767237,33126.33416902568
SVR | grid-normalised state + raw 4,validation,2003-01-01,3,oil_cum,2,15,0.04852674305704483,100747.0093269854
SVR | grid-normalised state + raw 4,validation,2003-01-01,3,oil_cum,3,15,0.06266696191016113,190016.20757357375
SVR | grid-normalised state + raw 4,validation,2003-01-01,3,oil_cum,4,15,0.0729058960267079,287394.07677299116
SVR | grid-normalised state + raw 4,validation,2003-01-01,3,oil_cum,5,15,0.08134160740278991,390422.0814623504
SVR | grid-normalised state + raw 4,validation,2003-01-01,3,oil_cum,6,15,0.08913358745651219,500648.3983132318
SVR | grid-normalised state + raw 4,validation,2003-01-01,3,oil_cum,7,15,0.09678506994814573,619672.9479027807
SVR | grid-normalised state + raw 4,validation,2003-01-01,3,oil_cum,8,15,0.10439792921790002,746349.5384159072
SVR | grid-normalised state + raw 4,validation,2003-01-01,3,oil_cum,9,15,0.1123015318484615,880447.3141851398
SVR | grid-normalised state + raw 4,validation,2003-01-01,3,oil_cum,10,15,0.12152027325776424,1032201.029995068
SVR | grid-normalised state + raw 4,validation,2003-01-01,3,oil_cum,11,15,0.13130438269245337,1197010.6147589278
SVR | grid-normalised state + raw 4,validation,2003-01-01,3,oil_cum,12,15,0.1404830171392882,1364084.291869201
SVR | grid-normalised state + raw 4,validation,2003-01-01,3,water_cum,1,15,0.016333092623919385,7540.135480920615
SVR | grid-normalised state + raw 4,validation,2003-01-01,3,water_cum,2,15,0.04166998461431579,39013.24286962907
SVR | grid-normalised state + raw 4,validation,2003-01-01,3,water_cum,3,15,0.07101828392694544,100951.66217098755
SVR | grid-normalised state + raw 4,validation,2003-01-01,3,water_cum,4,15,0.09545384209716778,183573.74223548797
SVR | grid-normalised state + raw 4,validation,2003-01-01,3,water_cum,5,15,0.11651751233307729,283796.48597394937
SVR | grid-normalised state + raw 4,validation,2003-01-01,3,water_cum,6,15,0.13562840603857737,401931.1660156648
SVR | grid-normalised state + raw 4,validation,2003-01-01,3,water_cum,7,15,0.1534733105350944,538960.4698690013
SVR | grid-normalised state + raw 4,validation,2003-01-01,3,water_cum,8,15,0.17001828718811898,692757.3872860722
SVR | grid-normalised state + raw 4,validation,2003-01-01,3,water_cum,9,15,0.18521524809459142,859148.8894394914
SVR | grid-normalised state + raw 4,validation,2003-01-01,3,water_cum,10,15,0.1999234268803429,1043826.835262622
SVR | grid-normalised state + raw 4,validation,2003-01-01,3,water_cum,11,15,0.21429987009395837,1247511.4687396185
SVR | grid-normalised state + raw 4,validation,2003-01-01,3,water_cum,12,15,0.2283124585621346,1468481.9842799343
SVR | grid-normalised state + raw 4,validation,2003-01-01,5,gas_cum,1,15,0.029569032105454945,11501.627849445777
SVR | grid-normalised state + raw 4,validation,2003-01-01,5,gas_cum,2,15,0.046931928803598054,35424.156553325316
SVR | grid-normalised state + raw 4,validation,2003-01-01,5,gas_cum,3,15,0.06113541224264332,67385.89037972441
SVR | grid-normalised state + raw 4,validation,2003-01-01,5,gas_cum,4,15,0.07153923387262377,102493.26847264305
SVR | grid-normalised state + raw 4,validation,2003-01-01,5,gas_cum,5,15,0.08012410005832457,139747.91542786086
SVR | grid-normalised state + raw 4,validation,2003-01-01,5,gas_cum,6,15,0.08807998839536867,179740.16789558853
SVR | grid-normalised state + raw 4,validation,2003-01-01,5,gas_cum,7,15,0.09592146231857765,223076.6169006114
SVR | grid-normalised state + raw 4,validation,2003-01-01,5,gas_cum,8,15,0.103623397639569,269061.60341735993
SVR | grid-normalised state + raw 4,validation,2003-01-01,5,gas_cum,9,15,0.11156068086460408,317659.0948509927
SVR | grid-normalised state + raw 4,validation,2003-01-01,5,gas_cum,10,15,0.1207932546388664,372641.49482582905
SVR | grid-normalised state + raw 4,validation,2003-01-01,5,gas_cum,11,15,0.13056263352105538,432297.46347728657
SVR | grid-normalised state + raw 4,validation,2003-01-01,5,gas_cum,12,15,0.13972786899844272,492783.43642491
SVR | grid-normalised state + raw 4,validation,2003-01-01,5,gas_cum,13,15,0.14756175173147862,550461.7144981056
SVR | grid-normalised state + raw 4,validation,2003-01-01,5,gas_cum,14,15,0.1540593342524303,605609.2439167203
SVR | grid-normalised state + raw 4,validation,2003-01-01,5,gas_cum,15,15,0.1592898889983199,657746.6877552419
SVR | grid-normalised state + raw 4,validation,2003-01-01,5,gas_cum,16,15,0.16346196592600395,706619.234988577
SVR | grid-normalised state + raw 4,validation,2003-01-01,5,gas_cum,17,15,0.16668593611726276,751397.4394110339
SVR | grid-normalised state + raw 4,validation,2003-01-01,5,gas_cum,18,15,0.1692143910318071,793733.4113397022
SVR | grid-normalised state + raw 4,validation,2003-01-01,5,gas_cum,19,15,0.17117643882674308,833836.3285440443
SVR | grid-normalised state + raw 4,validation,2003-01-01,5,gas_cum,20,15,0.17267986138895486,871566.1803938501
SVR | grid-normalised state + raw 4,validation,2003-01-01,5,oil_cum,1,15,0.030956622026767237,33126.33416902568
SVR | grid-normalised state + raw 4,validation,2003-01-01,5,oil_cum,2,15,0.04852674305704483,100747.0093269854
SVR | grid-normalised state + raw 4,validation,2003-01-01,5,oil_cum,3,15,0.06266696191016113,190016.20757357375
SVR | grid-normalised state + raw 4,validation,2003-01-01,5,oil_cum,4,15,0.0729058960267079,287394.07677299116
SVR | grid-normalised state + raw 4,validation,2003-01-01,5,oil_cum,5,15,0.08134160740278991,390422.0814623504
SVR | grid-normalised state + raw 4,validation,2003-01-01,5,oil_cum,6,15,0.08913358745651219,500648.3983132318
SVR | grid-normalised state + raw 4,validation,2003-01-01,5,oil_cum,7,15,0.09678506994814573,619672.9479027807
SVR | grid-normalised state + raw 4,validation,2003-01-01,5,oil_cum,8,15,0.10439792921790002,746349.5384159072
SVR | grid-normalised state + raw 4,validation,2003-01-01,5,oil_cum,9,15,0.1123015318484615,880447.3141851398
SVR | grid-normalised state + raw 4,validation,2003-01-01,5,oil_cum,10,15,0.12152027325776424,1032201.029995068
SVR | grid-normalised state + raw 4,validation,2003-01-01,5,oil_cum,11,15,0.13130438269245337,1197010.6147589278
SVR | grid-normalised state + raw 4,validation,2003-01-01,5,oil_cum,12,15,0.1404830171392882,1364084.291869201
SVR | grid-normalised state + raw 4,validation,2003-01-01,5,oil_cum,13,15,0.14832217344589121,1523337.913030239
SVR | grid-normalised state + raw 4,validation,2003-01-01,5,oil_cum,14,15,0.15480767446560284,1675450.6984476263
SVR | grid-normalised state + raw 4,validation,2003-01-01,5,oil_cum,15,15,0.16000350964141516,1819031.8484390324
SVR | grid-normalised state + raw 4,validation,2003-01-01,5,oil_cum,16,15,0.16415752709124315,1953754.5217989655
SVR | grid-normalised state + raw 4,validation,2003-01-01,5,oil_cum,17,15,0.16738460471298555,2077398.7142539248
SVR | grid-normalised state + raw 4,validation,2003-01-01,5,oil_cum,18,15,0.16991546340305544,2194306.711412184
SVR | grid-normalised state + raw 4,validation,2003-01-01,5,oil_cum,19,15,0.17186936416354645,2304941.078239325
SVR | grid-normalised state + raw 4,validation,2003-01-01,5,oil_cum,20,15,0.17336049635688852,2408975.5315851034
SVR | grid-normalised state + raw 4,validation,2003-01-01,5,water_cum,1,15,0.016333092623919385,7540.135480920615
SVR | grid-normalised state + raw 4,validation,2003-01-01,5,water_cum,2,15,0.04166998461431579,39013.24286962907
SVR | grid-normalised state + raw 4,validation,2003-01-01,5,water_cum,3,15,0.07101828392694544,100951.66217098755
SVR | grid-normalised state + raw 4,validation,2003-01-01,5,water_cum,4,15,0.09545384209716778,183573.74223548797
SVR | grid-normalised state + raw 4,validation,2003-01-01,5,water_cum,5,15,0.11651751233307729,283796.48597394937
SVR | grid-normalised state + raw 4,validation,2003-01-01,5,water_cum,6,15,0.13562840603857737,401931.1660156648
SVR | grid-normalised state + raw 4,validation,2003-01-01,5,water_cum,7,15,0.1534733105350944,538960.4698690013
SVR | grid-normalised state + raw 4,validation,2003-01-01,5,water_cum,8,15,0.17001828718811898,692757.3872860722
SVR | grid-normalised state + raw 4,validation,2003-01-01,5,water_cum,9,15,0.18521524809459142,859148.8894394914
SVR | grid-normalised state + raw 4,validation,2003-01-01,5,water_cum,10,15,0.1999234268803429,1043826.835262622
SVR | grid-normalised state + raw 4,validation,2003-01-01,5,water_cum,11,15,0.21429987009395837,1247511.4687396185
SVR | grid-normalised state + raw 4,validation,2003-01-01,5,water_cum,12,15,0.2283124585621346,1468481.9842799343
SVR | grid-normalised state + raw 4,validation,2003-01-01,5,water_cum,13,15,0.24164464977501213,1700993.2563882107
SVR | grid-normalised state + raw 4,validation,2003-01-01,5,water_cum,14,15,0.25449509454963365,1950677.578993644
SVR | grid-normalised state + raw 4,validation,2003-01-01,5,water_cum,15,15,0.2668374141368749,2217319.913333663
SVR | grid-normalised state + raw 4,validation,2003-01-01,5,water_cum,16,15,0.2786221347498741,2498150.2903691325
SVR | grid-normalised state + raw 4,validation,2003-01-01,5,water_cum,17,15,0.28981014865480487,2787475.1978526185
SVR | grid-normalised state + raw 4,validation,2003-01-01,5,water_cum,18,15,0.30070432323081864,3093820.3279523724
SVR | grid-normalised state + raw 4,validation,2003-01-01,5,water_cum,19,15,0.31137786264191863,3417895.9596003694
SVR | grid-normalised state + raw 4,validation,2003-01-01,5,water_cum,20,15,0.32176237163364274,3756509.707513728
SVR | grid-normalised state + raw 4,validation,2004-01-01,3,gas_cum,1,15,0.014163354619958346,4411.425214502305
SVR | grid-normalised state + raw 4,validation,2004-01-01,3,gas_cum,2,15,0.014697926109382947,8936.048120545775
SVR | grid-normalised state + raw 4,validation,2004-01-01,3,gas_cum,3,15,0.016123575550408494,14397.684948497872
SVR | grid-normalised state + raw 4,validation,2004-01-01,3,gas_cum,4,15,0.018120860367417113,21090.57990695976
SVR | grid-normalised state + raw 4,validation,2004-01-01,3,gas_cum,5,15,0.021285506436729704,30114.169950518404
SVR | grid-normalised state + raw 4,validation,2004-01-01,3,gas_cum,6,15,0.026379518871808748,43587.72288514246
SVR | grid-normalised state + raw 4,validation,2004-01-01,3,gas_cum,7,15,0.03221713303992803,60517.87737087621
SVR | grid-normalised state + raw 4,validation,2004-01-01,3,gas_cum,8,15,0.03738998816179625,78301.03601144826
SVR | grid-normalised state + raw 4,validation,2004-01-01,3,gas_cum,9,15,0.041251520972882906,94790.01016071206
SVR | grid-normalised state + raw 4,validation,2004-01-01,3,gas_cum,10,15,0.04378668403736821,109402.43666348449
SVR | grid-normalised state + raw 4,validation,2004-01-01,3,gas_cum,11,15,0.04532412993108826,122230.82537962329
SVR | grid-normalised state + raw 4,validation,2004-01-01,3,gas_cum,12,15,0.04629529819701621,133815.0208953313
SVR | grid-normalised state + raw 4,validation,2004-01-01,3,oil_cum,1,15,0.01421184232160939,12191.221760683084
SVR | grid-normalised state + raw 4,validation,2004-01-01,3,oil_cum,2,15,0.01476531763752316,24730.3924117277
SVR | grid-normalised state + raw 4,validation,2004-01-01,3,oil_cum,3,15,0.016100940704201303,39618.8951926167
SVR | grid-normalised state + raw 4,validation,2004-01-01,3,oil_cum,4,15,0.018084023605693427,57999.060519704646
SVR | grid-normalised state + raw 4,validation,2004-01-01,3,oil_cum,5,15,0.021231856158715246,82765.51936597041
SVR | grid-normalised state + raw 4,validation,2004-01-01,3,oil_cum,6,15,0.026296817474339523,119709.85130148545
SVR | grid-normalised state + raw 4,validation,2004-01-01,3,oil_cum,7,15,0.03213460231006657,166282.46032096574
SVR | grid-normalised state + raw 4,validation,2004-01-01,3,oil_cum,8,15,0.0373202589322749,215274.6605732332
SVR | grid-normalised state + raw 4,validation,2004-01-01,3,oil_cum,9,15,0.041198108152769475,260739.63714928427
SVR | grid-normalised state + raw 4,validation,2004-01-01,3,oil_cum,10,15,0.043746411370894585,301035.4788781056
SVR | grid-normalised state + raw 4,validation,2004-01-01,3,oil_cum,11,15,0.04528897141470959,336381.0298778333
SVR | grid-normalised state + raw 4,validation,2004-01-01,3,oil_cum,12,15,0.046269827859789114,368336.00472025835
SVR | grid-normalised state + raw 4,validation,2004-01-01,3,water_cum,1,15,0.012388648880252748,6356.920567973812
SVR | grid-normalised state + raw 4,validation,2004-01-01,3,water_cum,2,15,0.018593477083958376,19368.263157122048
SVR | grid-normalised state + raw 4,validation,2004-01-01,3,water_cum,3,15,0.02414911592407471,38413.977518206135
SVR | grid-normalised state + raw 4,validation,2004-01-01,3,water_cum,4,15,0.029302296327798755,63125.077862897
SVR | grid-normalised state + raw 4,validation,2004-01-01,3,water_cum,5,15,0.03405784378868647,92602.35666376408
SVR | grid-normalised state + raw 4,validation,2004-01-01,3,water_cum,6,15,0.03860603559754855,127479.76385484912
SVR | grid-normalised state + raw 4,validation,2004-01-01,3,water_cum,7,15,0.0430165945012754,167886.38819544157
SVR | grid-normalised state + raw 4,validation,2004-01-01,3,water_cum,8,15,0.04723812740257583,213227.35024159498
SVR | grid-normalised state + raw 4,validation,2004-01-01,3,water_cum,9,15,0.051172127829485964,262085.66241655717
SVR | grid-normalised state + raw 4,validation,2004-01-01,3,water_cum,10,15,0.055167121769751894,317083.4349420267
SVR | grid-normalised state + raw 4,validation,2004-01-01,3,water_cum,11,15,0.05927993947053699,378962.9570309331
SVR | grid-normalised state + raw 4,validation,2004-01-01,3,water_cum,12,15,0.06344072588220913,447227.2740136033
SVR | grid-normalised state + raw 4,validation,2005-01-01,3,gas_cum,1,15,0.026096353260812995,6547.699193898965
SVR | grid-normalised state + raw 4,validation,2005-01-01,3,gas_cum,2,15,0.03799029586782532,18557.97189450396
SVR | grid-normalised state + raw 4,validation,2005-01-01,3,gas_cum,3,15,0.04853308836710703,34683.833559451174
SVR | grid-normalised state + raw 4,validation,2005-01-01,3,gas_cum,4,15,0.055717667536025445,51841.70449732341
SVR | grid-normalised state + raw 4,validation,2005-01-01,3,gas_cum,5,15,0.05960816240100396,67606.79977731053
SVR | grid-normalised state + raw 4,validation,2005-01-01,3,gas_cum,6,15,0.06071725281590183,81053.97696559071
SVR | grid-normalised state + raw 4,validation,2005-01-01,3,gas_cum,7,15,0.059933368619783364,91896.3975981336
SVR | grid-normalised state + raw 4,validation,2005-01-01,3,gas_cum,8,15,0.058235723261823684,100575.88887843712
SVR | grid-normalised state + raw 4,validation,2005-01-01,3,gas_cum,9,15,0.05607922684180406,107235.89296997098
SVR | grid-normalised state + raw 4,validation,2005-01-01,3,gas_cum,10,15,0.053658929220171826,112426.34245079572
SVR | grid-normalised state + raw 4,validation,2005-01-01,3,gas_cum,11,15,0.05119249137479954,116507.23081861009
SVR | grid-normalised state + raw 4,validation,2005-01-01,3,gas_cum,12,15,0.048871118093906596,119836.88475405495
SVR | grid-normalised state + raw 4,validation,2005-01-01,3,oil_cum,1,15,0.026677468929711394,18434.669072159217
SVR | grid-normalised state + raw 4,validation,2005-01-01,3,oil_cum,2,15,0.03871485839387614,52078.45393505906
SVR | grid-normalised state + raw 4,validation,2005-01-01,3,oil_cum,3,15,0.049426219969220274,97251.26733211233
SVR | grid-normalised state + raw 4,validation,2005-01-01,3,oil_cum,4,15,0.05669384279836976,145221.6941127932
SVR | grid-normalised state + raw 4,validation,2005-01-01,3,oil_cum,5,15,0.06061814342897086,189268.39861682447
SVR | grid-normalised state + raw 4,validation,2005-01-01,3,oil_cum,6,15,0.06172029361693337,226820.1503486615
SVR | grid-normalised state + raw 4,validation,2005-01-01,3,oil_cum,7,15,0.06089411789969141,257050.1299688755
SVR | grid-normalised state + raw 4,validation,2005-01-01,3,oil_cum,8,15,0.05918995430910317,281429.0437839204
SVR | grid-normalised state + raw 4,validation,2005-01-01,3,oil_cum,9,15,0.0570500113503379,300328.5683442321
SVR | grid-normalised state + raw 4,validation,2005-01-01,3,oil_cum,10,15,0.05463623192745047,315135.7598767721
SVR | grid-normalised state + raw 4,validation,2005-01-01,3,oil_cum,11,15,0.05215513225617475,326762.4008645314
SVR | grid-normalised state + raw 4,validation,2005-01-01,3,oil_cum,12,15,0.04980541038141504,336204.75761479343
SVR | grid-normalised state + raw 4,validation,2005-01-01,3,water_cum,1,15,0.009769028101713366,5517.544013901077
SVR | grid-normalised state + raw 4,validation,2005-01-01,3,water_cum,2,15,0.01496258461039741,17176.999975189046
SVR | grid-normalised state + raw 4,validation,2005-01-01,3,water_cum,3,15,0.020642741213627688,36101.17220700189
SVR | grid-normalised state + raw 4,validation,2005-01-01,3,water_cum,4,15,0.026532752846809282,62617.222311476864
SVR | grid-normalised state + raw 4,validation,2005-01-01,3,water_cum,5,15,0.032498539225533994,96450.37626841447
SVR | grid-normalised state + raw 4,validation,2005-01-01,3,water_cum,6,15,0.03889108954329832,139772.2631218377
SVR | grid-normalised state + raw 4,validation,2005-01-01,3,water_cum,7,15,0.045522716641082275,192974.33303410377
SVR | grid-normalised state + raw 4,validation,2005-01-01,3,water_cum,8,15,0.052208759619951896,255608.13339381124
SVR | grid-normalised state + raw 4,validation,2005-01-01,3,water_cum,9,15,0.05862798381753796,325290.75717709644
SVR | grid-normalised state + raw 4,validation,2005-01-01,3,water_cum,10,15,0.06501071188852403,404300.2635966417
SVR | grid-normalised state + raw 4,validation,2005-01-01,3,water_cum,11,15,0.07128271306634244,492375.9226391881
SVR | grid-normalised state + raw 4,validation,2005-01-01,3,water_cum,12,15,0.07735418340915874,588337.3990864041
SVR | production state (no grid),train,2003-01-01,3,gas_cum,1,70,0.0314398981669946,11866.548922959204
SVR | production state (no grid),train,2003-01-01,3,gas_cum,2,70,0.049580708102563105,36286.69430943978
SVR | production state (no grid),train,2003-01-01,3,gas_cum,3,70,0.0642402360015282,68625.21528550716
SVR | production state (no grid),train,2003-01-01,3,gas_cum,4,70,0.07505374212763789,104188.09742773787
SVR | production state (no grid),train,2003-01-01,3,gas_cum,5,70,0.08401356841240326,141974.05702025697
SVR | production state (no grid),train,2003-01-01,3,gas_cum,6,70,0.0923793253232915,182680.15730618424
SVR | production state (no grid),train,2003-01-01,3,gas_cum,7,70,0.10091781241359812,227483.04412339526
SVR | production state (no grid),train,2003-01-01,3,gas_cum,8,70,0.10964120049558124,276003.21476724074
SVR | production state (no grid),train,2003-01-01,3,gas_cum,9,70,0.11903027478580211,328618.9912280228
SVR | production state (no grid),train,2003-01-01,3,gas_cum,10,70,0.1301314043738855,389209.758538391
SVR | production state (no grid),train,2003-01-01,3,gas_cum,11,70,0.14215063334126304,456225.647364111
SVR | production state (no grid),train,2003-01-01,3,gas_cum,12,70,0.1539168664121149,526018.6728438501
SVR | production state (no grid),train,2003-01-01,3,oil_cum,1,70,0.032290413151171364,33539.80671678441
SVR | production state (no grid),train,2003-01-01,3,oil_cum,2,70,0.05041810477062735,101549.36820704087
SVR | production state (no grid),train,2003-01-01,3,oil_cum,3,70,0.06500768568939305,191131.561167203
SVR | production state (no grid),train,2003-01-01,3,oil_cum,4,70,0.0757912211910048,289585.4392672803
SVR | production state (no grid),train,2003-01-01,3,oil_cum,5,70,0.08472173964074314,394085.86481343274
SVR | production state (no grid),train,2003-01-01,3,oil_cum,6,70,0.09305046820613935,506522.80250500015
SVR | production state (no grid),train,2003-01-01,3,oil_cum,7,70,0.1015889876522446,630388.0259303972
SVR | production state (no grid),train,2003-01-01,3,oil_cum,8,70,0.11033130959579451,764591.6391437105
SVR | production state (no grid),train,2003-01-01,3,oil_cum,9,70,0.11974066108143958,910074.0172311435
SVR | production state (no grid),train,2003-01-01,3,oil_cum,10,70,0.130866552731285,1077547.1442598708
SVR | production state (no grid),train,2003-01-01,3,oil_cum,11,70,0.1429218778346744,1262795.1256548597
SVR | production state (no grid),train,2003-01-01,3,oil_cum,12,70,0.15472398983398442,1455691.068590337
SVR | production state (no grid),train,2003-01-01,3,water_cum,1,70,0.01909876171861591,9326.216858591499
SVR | production state (no grid),train,2003-01-01,3,water_cum,2,70,0.045696409795731065,45205.96347494862
SVR | production state (no grid),train,2003-01-01,3,water_cum,3,70,0.07601419454809577,114000.2852000508
SVR | production state (no grid),train,2003-01-01,3,water_cum,4,70,0.10156581674807785,205643.43384995757
SVR | production state (no grid),train,2003-01-01,3,water_cum,5,70,0.12391769346193654,317011.4411094691
SVR | production state (no grid),train,2003-01-01,3,water_cum,6,70,0.1445453266009721,448790.58823091915
SVR | production state (no grid),train,2003-01-01,3,water_cum,7,70,0.16388208109942426,601565.3803623685
SVR | production state (no grid),train,2003-01-01,3,water_cum,8,70,0.1817092512016192,772380.6046492512
SVR | production state (no grid),train,2003-01-01,3,water_cum,9,70,0.19792325051865153,956247.1755944452
SVR | production state (no grid),train,2003-01-01,3,water_cum,10,70,0.21348849472042553,1159444.7109251218
SVR | production state (no grid),train,2003-01-01,3,water_cum,11,70,0.22856474724165096,1382536.9514795986
SVR | production state (no grid),train,2003-01-01,3,water_cum,12,70,0.24313480823506242,1623559.3143490946
SVR | production state (no grid),train,2003-01-01,5,gas_cum,1,70,0.0314398981669946,11866.548922959204
SVR | production state (no grid),train,2003-01-01,5,gas_cum,2,70,0.049580708102563105,36286.69430943978
SVR | production state (no grid),train,2003-01-01,5,gas_cum,3,70,0.0642402360015282,68625.21528550716
SVR | production state (no grid),train,2003-01-01,5,gas_cum,4,70,0.07505374212763789,104188.09742773787
SVR | production state (no grid),train,2003-01-01,5,gas_cum,5,70,0.08401356841240326,141974.05702025697
SVR | production state (no grid),train,2003-01-01,5,gas_cum,6,70,0.0923793253232915,182680.15730618424
SVR | production state (no grid),train,2003-01-01,5,gas_cum,7,70,0.10091781241359812,227483.04412339526
SVR | production state (no grid),train,2003-01-01,5,gas_cum,8,70,0.10964120049558124,276003.21476724074
SVR | production state (no grid),train,2003-01-01,5,gas_cum,9,70,0.11903027478580211,328618.9912280228
SVR | production state (no grid),train,2003-01-01,5,gas_cum,10,70,0.1301314043738855,389209.758538391
SVR | production state (no grid),train,2003-01-01,5,gas_cum,11,70,0.14215063334126304,456225.647364111
SVR | production state (no grid),train,2003-01-01,5,gas_cum,12,70,0.1539168664121149,526018.6728438501
SVR | production state (no grid),train,2003-01-01,5,gas_cum,13,70,0.16462233724697106,594902.3102124579
SVR | production state (no grid),train,2003-01-01,5,gas_cum,14,70,0.17434100064243094,663681.3549024019
SVR | production state (no grid),train,2003-01-01,5,gas_cum,15,70,0.18306494334521548,731800.442775131
SVR | production state (no grid),train,2003-01-01,5,gas_cum,16,70,0.19095698954157836,798875.7576504789
SVR | production state (no grid),train,2003-01-01,5,gas_cum,17,70,0.19803129517830165,863634.6976292537
SVR | production state (no grid),train,2003-01-01,5,gas_cum,18,70,0.20466183487236822,928411.1490391811
SVR | production state (no grid),train,2003-01-01,5,gas_cum,19,70,0.21091507717438218,993232.9626968865
SVR | production state (no grid),train,2003-01-01,5,gas_cum,20,70,0.2167950454905452,1057469.2824077525
SVR | production state (no grid),train,2003-01-01,5,oil_cum,1,70,0.032290413151171364,33539.80671678441
SVR | production state (no grid),train,2003-01-01,5,oil_cum,2,70,0.05041810477062735,101549.36820704087
SVR | production state (no grid),train,2003-01-01,5,oil_cum,3,70,0.06500768568939305,191131.561167203
SVR | production state (no grid),train,2003-01-01,5,oil_cum,4,70,0.0757912211910048,289585.4392672803
SVR | production state (no grid),train,2003-01-01,5,oil_cum,5,70,0.08472173964074314,394085.86481343274
SVR | production state (no grid),train,2003-01-01,5,oil_cum,6,70,0.09305046820613935,506522.80250500015
SVR | production state (no grid),train,2003-01-01,5,oil_cum,7,70,0.1015889876522446,630388.0259303972
SVR | production state (no grid),train,2003-01-01,5,oil_cum,8,70,0.11033130959579451,764591.6391437105
SVR | production state (no grid),train,2003-01-01,5,oil_cum,9,70,0.11974066108143958,910074.0172311435
SVR | production state (no grid),train,2003-01-01,5,oil_cum,10,70,0.130866552731285,1077547.1442598708
SVR | production state (no grid),train,2003-01-01,5,oil_cum,11,70,0.1429218778346744,1262795.1256548597
SVR | production state (no grid),train,2003-01-01,5,oil_cum,12,70,0.15472398983398442,1455691.068590337
SVR | production state (no grid),train,2003-01-01,5,oil_cum,13,70,0.16545642930864585,1646011.1158222568
SVR | production state (no grid),train,2003-01-01,5,oil_cum,14,70,0.17518944853990054,1835956.8220709604
SVR | production state (no grid),train,2003-01-01,5,oil_cum,15,70,0.1839168897873105,2024000.829049956
SVR | production state (no grid),train,2003-01-01,5,oil_cum,16,70,0.19181001078069113,2209120.1609203196
SVR | production state (no grid),train,2003-01-01,5,oil_cum,17,70,0.1988882475031401,2387855.306034162
SVR | production state (no grid),train,2003-01-01,5,oil_cum,18,70,0.20552314661355806,2566633.608804795
SVR | production state (no grid),train,2003-01-01,5,oil_cum,19,70,0.2117802139264267,2745528.5860449714
SVR | production state (no grid),train,2003-01-01,5,oil_cum,20,70,0.21766153838240437,2922777.194672218
SVR | production state (no grid),train,2003-01-01,5,water_cum,1,70,0.01909876171861591,9326.216858591499
SVR | production state (no grid),train,2003-01-01,5,water_cum,2,70,0.045696409795731065,45205.96347494862
SVR | production state (no grid),train,2003-01-01,5,water_cum,3,70,0.07601419454809577,114000.2852000508
SVR | production state (no grid),train,2003-01-01,5,water_cum,4,70,0.10156581674807785,205643.43384995757
SVR | production state (no grid),train,2003-01-01,5,water_cum,5,70,0.12391769346193654,317011.4411094691
SVR | production state (no grid),train,2003-01-01,5,water_cum,6,70,0.1445453266009721,448790.58823091915
SVR | production state (no grid),train,2003-01-01,5,water_cum,7,70,0.16388208109942426,601565.3803623685
SVR | production state (no grid),train,2003-01-01,5,water_cum,8,70,0.1817092512016192,772380.6046492512
SVR | production state (no grid),train,2003-01-01,5,water_cum,9,70,0.19792325051865153,956247.1755944452
SVR | production state (no grid),train,2003-01-01,5,water_cum,10,70,0.21348849472042553,1159444.7109251218
SVR | production state (no grid),train,2003-01-01,5,water_cum,11,70,0.22856474724165096,1382536.9514795986
SVR | production state (no grid),train,2003-01-01,5,water_cum,12,70,0.24313480823506242,1623559.3143490946
SVR | production state (no grid),train,2003-01-01,5,water_cum,13,70,0.25695573989117776,1876580.2323910075
SVR | production state (no grid),train,2003-01-01,5,water_cum,14,70,0.27033878972816777,2148422.7694088146
SVR | production state (no grid),train,2003-01-01,5,water_cum,15,70,0.28330392952265626,2439235.1710564326
SVR | production state (no grid),train,2003-01-01,5,water_cum,16,70,0.29580280794125585,2746179.790203248
SVR | production state (no grid),train,2003-01-01,5,water_cum,17,70,0.30770696553638377,3062529.915714921
SVR | production state (no grid),train,2003-01-01,5,water_cum,18,70,0.31927079644269085,3397050.368469746
SVR | production state (no grid),train,2003-01-01,5,water_cum,19,70,0.3305541886677538,3750289.9450031808
SVR | production state (no grid),train,2003-01-01,5,water_cum,20,70,0.34149455472966145,4118753.625342333
SVR | production state (no grid),train,2004-01-01,3,gas_cum,1,70,0.015764525624893878,4756.520038349261
SVR | production state (no grid),train,2004-01-01,3,gas_cum,2,70,0.01830220738095549,10786.184149453717
SVR | production state (no grid),train,2004-01-01,3,gas_cum,3,70,0.02212811253080449,19162.712267062983
SVR | production state (no grid),train,2004-01-01,3,gas_cum,4,70,0.026647529783325335,30090.207210187407
SVR | production state (no grid),train,2004-01-01,3,gas_cum,5,70,0.03264475561732288,44810.94361277516
SVR | production state (no grid),train,2004-01-01,3,gas_cum,6,70,0.04107642920632347,65837.80208569988
SVR | production state (no grid),train,2004-01-01,3,gas_cum,7,70,0.05040527493525232,91808.732406824
SVR | production state (no grid),train,2004-01-01,3,gas_cum,8,70,0.058972658910968596,119688.93941661323
SVR | production state (no grid),train,2004-01-01,3,gas_cum,9,70,0.06595703432909951,146808.54417491285
SVR | production state (no grid),train,2004-01-01,3,gas_cum,10,70,0.07137431532495714,172651.1290825527
SVR | production state (no grid),train,2004-01-01,3,gas_cum,11,70,0.07538308885427686,196728.76916713972
SVR | production state (no grid),train,2004-01-01,3,gas_cum,12,70,0.07841812143587606,219244.9063669896
SVR | production state (no grid),train,2004-01-01,3,oil_cum,1,70,0.015651679248364816,13002.264686645125
SVR | production state (no grid),train,2004-01-01,3,oil_cum,2,70,0.018106911890847354,29382.969206386915
SVR | production state (no grid),train,2004-01-01,3,oil_cum,3,70,0.021945571350041933,52329.884791810604
SVR | production state (no grid),train,2004-01-01,3,oil_cum,4,70,0.026474541587967002,82316.03126581275
SVR | production state (no grid),train,2004-01-01,3,oil_cum,5,70,0.03246551587065653,122710.75404674896
SVR | production state (no grid),train,2004-01-01,3,oil_cum,6,70,0.04089271082135134,180474.98517040195
SVR | production state (no grid),train,2004-01-01,3,oil_cum,7,70,0.05023666965489236,251943.27684718402
SVR | production state (no grid),train,2004-01-01,3,oil_cum,8,70,0.05882868172159207,328736.54939889297
SVR | production state (no grid),train,2004-01-01,3,oil_cum,9,70,0.06583197237358428,403432.0784418648
SVR | production state (no grid),train,2004-01-01,3,oil_cum,10,70,0.07125471654056775,474552.18727306754
SVR | production state (no grid),train,2004-01-01,3,oil_cum,11,70,0.07526157665378833,540776.444015271
SVR | production state (no grid),train,2004-01-01,3,oil_cum,12,70,0.07829730046379534,602714.226999
SVR | production state (no grid),train,2004-01-01,3,water_cum,1,70,0.008885790050404015,4745.021879782166
SVR | production state (no grid),train,2004-01-01,3,water_cum,2,70,0.014623783877653512,15810.472522177924
SVR | production state (no grid),train,2004-01-01,3,water_cum,3,70,0.020126830313964107,33160.45444907771
SVR | production state (no grid),train,2004-01-01,3,water_cum,4,70,0.025287952528237158,56341.7580440362
SVR | production state (no grid),train,2004-01-01,3,water_cum,5,70,0.030184534868062763,84795.27143773915
SVR | production state (no grid),train,2004-01-01,3,water_cum,6,70,0.03507551822898634,119579.13097562843
SVR | production state (no grid),train,2004-01-01,3,water_cum,7,70,0.03998315251691304,161027.65745197725
SVR | production state (no grid),train,2004-01-01,3,water_cum,8,70,0.04482948903857774,208750.4054785233
SVR | production state (no grid),train,2004-01-01,3,water_cum,9,70,0.04944572937129714,261189.05445976998
SVR | production state (no grid),train,2004-01-01,3,water_cum,10,70,0.053978551464792794,319910.39917449787
SVR | production state (no grid),train,2004-01-01,3,water_cum,11,70,0.058443748458595124,385125.3042166225
SVR | production state (no grid),train,2004-01-01,3,water_cum,12,70,0.06281897784931029,456302.09164924914
SVR | production state (no grid),train,2005-01-01,3,gas_cum,1,70,0.023101118925056716,5625.552625405195
SVR | production state (no grid),train,2005-01-01,3,gas_cum,2,70,0.032276849090818766,15289.420869840957
SVR | production state (no grid),train,2005-01-01,3,gas_cum,3,70,0.04032134566404973,27917.242732540217
SVR | production state (no grid),train,2005-01-01,3,gas_cum,4,70,0.04524135308216497,40745.00480625861
SVR | production state (no grid),train,2005-01-01,3,gas_cum,5,70,0.04705942603847188,51622.57670137189
SVR | production state (no grid),train,2005-01-01,3,gas_cum,6,70,0.046223204395811165,59637.185564900006
SVR | production state (no grid),train,2005-01-01,3,gas_cum,7,70,0.04357686091602922,64540.36599464552
SVR | production state (no grid),train,2005-01-01,3,gas_cum,8,70,0.04021281005593708,67046.60330151295
SVR | production state (no grid),train,2005-01-01,3,gas_cum,9,70,0.03676105391437458,67825.28901838789
SVR | production state (no grid),train,2005-01-01,3,gas_cum,10,70,0.033391501309483304,67464.8580552901
SVR | production state (no grid),train,2005-01-01,3,gas_cum,11,70,0.030344542361512197,66558.77889127475
SVR | production state (no grid),train,2005-01-01,3,gas_cum,12,70,0.027857363453138516,65804.08099674176
SVR | production state (no grid),train,2005-01-01,3,oil_cum,1,70,0.02336939191854959,15670.337112982463
SVR | production state (no grid),train,2005-01-01,3,oil_cum,2,70,0.0325608764220249,42470.3992613759
SVR | production state (no grid),train,2005-01-01,3,oil_cum,3,70,0.04070814762561345,77601.49328697972
SVR | production state (no grid),train,2005-01-01,3,oil_cum,4,70,0.045724880987982344,113372.05713613387
SVR | production state (no grid),train,2005-01-01,3,oil_cum,5,70,0.04758881516287179,143712.5574074327
SVR | production state (no grid),train,2005-01-01,3,oil_cum,6,70,0.04673609659647998,166001.58849938388
SVR | production state (no grid),train,2005-01-01,3,oil_cum,7,70,0.044041495236741404,179580.36691698004
SVR | production state (no grid),train,2005-01-01,3,oil_cum,8,70,0.04067286977297684,186699.6223292242
SVR | production state (no grid),train,2005-01-01,3,oil_cum,9,70,0.037249595082824986,189210.49504563626
SVR | production state (no grid),train,2005-01-01,3,oil_cum,10,70,0.03391674287390506,188654.640869625
SVR | production state (no grid),train,2005-01-01,3,oil_cum,11,70,0.0308984584591718,186580.70825756545
SVR | production state (no grid),train,2005-01-01,3,oil_cum,12,70,0.028428805132779192,184872.75683094788
SVR | production state (no grid),train,2005-01-01,3,water_cum,1,70,0.011022406007962875,6407.150468396586
SVR | production state (no grid),train,2005-01-01,3,water_cum,2,70,0.017088011384228684,20186.23226163706
SVR | production state (no grid),train,2005-01-01,3,water_cum,3,70,0.02343372203695406,42170.46517352083
SVR | production state (no grid),train,2005-01-01,3,water_cum,4,70,0.029770349905761495,72305.2373858543
SVR | production state (no grid),train,2005-01-01,3,water_cum,5,70,0.035931500373774405,109756.5252921565
SVR | production state (no grid),train,2005-01-01,3,water_cum,6,70,0.04230769175975755,156493.04860963832
SVR | production state (no grid),train,2005-01-01,3,water_cum,7,70,0.04878645246385491,212807.41886159542
SVR | production state (no grid),train,2005-01-01,3,water_cum,8,70,0.055195350477074814,277971.53195444745
SVR | production state (no grid),train,2005-01-01,3,water_cum,9,70,0.06127343620048199,349584.0231068759
SVR | production state (no grid),train,2005-01-01,3,water_cum,10,70,0.067389381424597,430808.55130252807
SVR | production state (no grid),train,2005-01-01,3,water_cum,11,70,0.07347578152028734,521566.94677692896
SVR | production state (no grid),train,2005-01-01,3,water_cum,12,70,0.07942188382418855,620619.6449109626
SVR | production state (no grid),validation,2003-01-01,3,gas_cum,1,15,0.02696152531184999,10487.37169631951
SVR | production state (no grid),validation,2003-01-01,3,gas_cum,2,15,0.042213345742897854,31862.576424121293
SVR | production state (no grid),validation,2003-01-01,3,gas_cum,3,15,0.0542580761162344,59805.416128902994
SVR | production state (no grid),validation,2003-01-01,3,gas_cum,4,15,0.06293063325380599,90159.84572493461
SVR | production state (no grid),validation,2003-01-01,3,gas_cum,5,15,0.07000755599705148,122103.21248744841
SVR | production state (no grid),validation,2003-01-01,3,gas_cum,6,15,0.07681598434174314,156754.31132749552
SVR | production state (no grid),validation,2003-01-01,3,gas_cum,7,15,0.0839439488557762,195221.50379475346
SVR | production state (no grid),validation,2003-01-01,3,gas_cum,8,15,0.09136456821564264,237231.14450600266
SVR | production state (no grid),validation,2003-01-01,3,gas_cum,9,15,0.0993626825014281,282926.3817749311
SVR | production state (no grid),validation,2003-01-01,3,gas_cum,10,15,0.10881080109080397,335676.19063578587
SVR | production state (no grid),validation,2003-01-01,3,gas_cum,11,15,0.11900882185941966,394042.3874258837
SVR | production state (no grid),validation,2003-01-01,3,gas_cum,12,15,0.1290060650146083,454970.45430688234
SVR | production state (no grid),validation,2003-01-01,3,oil_cum,1,15,0.028056727783636888,30023.189850834013
SVR | production state (no grid),validation,2003-01-01,3,oil_cum,2,15,0.04339622141061968,90095.46587687008
SVR | production state (no grid),validation,2003-01-01,3,oil_cum,3,15,0.055357488866050825,167852.7213462655
SVR | production state (no grid),validation,2003-01-01,3,oil_cum,4,15,0.06383010694614343,251617.4363920856
SVR | production state (no grid),validation,2003-01-01,3,oil_cum,5,15,0.07072155167297074,339448.1162842299
SVR | production state (no grid),validation,2003-01-01,3,oil_cum,6,15,0.0772968281947878,434163.30852042034
SVR | production state (no grid),validation,2003-01-01,3,oil_cum,7,15,0.08419881978996407,539088.6310991569
SVR | production state (no grid),validation,2003-01-01,3,oil_cum,8,15,0.09154080423165094,654432.875214533
SVR | production state (no grid),validation,2003-01-01,3,oil_cum,9,15,0.09954389337102608,780427.0531261907
SVR | production state (no grid),validation,2003-01-01,3,oil_cum,10,15,0.10903182849911962,926123.3756470856
SVR | production state (no grid),validation,2003-01-01,3,oil_cum,11,15,0.11926845167893517,1087287.4137030083
SVR | production state (no grid),validation,2003-01-01,3,oil_cum,12,15,0.12928027148530363,1255306.0944501152
SVR | production state (no grid),validation,2003-01-01,3,water_cum,1,15,0.016333092623919385,7540.135480920615
SVR | production state (no grid),validation,2003-01-01,3,water_cum,2,15,0.04166998461431579,39013.24286962907
SVR | production state (no grid),validation,2003-01-01,3,water_cum,3,15,0.07101828392694544,100951.66217098755
SVR | production state (no grid),validation,2003-01-01,3,water_cum,4,15,0.09545384209716778,183573.74223548797
SVR | production state (no grid),validation,2003-01-01,3,water_cum,5,15,0.11651751233307729,283796.48597394937
SVR | production state (no grid),validation,2003-01-01,3,water_cum,6,15,0.13562840603857737,401931.1660156648
SVR | production state (no grid),validation,2003-01-01,3,water_cum,7,15,0.1534733105350944,538960.4698690013
SVR | production state (no grid),validation,2003-01-01,3,water_cum,8,15,0.17001828718811898,692757.3872860722
SVR | production state (no grid),validation,2003-01-01,3,water_cum,9,15,0.18521524809459142,859148.8894394914
SVR | production state (no grid),validation,2003-01-01,3,water_cum,10,15,0.1999234268803429,1043826.835262622
SVR | production state (no grid),validation,2003-01-01,3,water_cum,11,15,0.21429987009395837,1247511.4687396185
SVR | production state (no grid),validation,2003-01-01,3,water_cum,12,15,0.2283124585621346,1468481.9842799343
SVR | production state (no grid),validation,2003-01-01,5,gas_cum,1,15,0.02696152531184999,10487.37169631951
SVR | production state (no grid),validation,2003-01-01,5,gas_cum,2,15,0.042213345742897854,31862.576424121293
SVR | production state (no grid),validation,2003-01-01,5,gas_cum,3,15,0.0542580761162344,59805.416128902994
SVR | production state (no grid),validation,2003-01-01,5,gas_cum,4,15,0.06293063325380599,90159.84572493461
SVR | production state (no grid),validation,2003-01-01,5,gas_cum,5,15,0.07000755599705148,122103.21248744841
SVR | production state (no grid),validation,2003-01-01,5,gas_cum,6,15,0.07681598434174314,156754.31132749552
SVR | production state (no grid),validation,2003-01-01,5,gas_cum,7,15,0.0839439488557762,195221.50379475346
SVR | production state (no grid),validation,2003-01-01,5,gas_cum,8,15,0.09136456821564264,237231.14450600266
SVR | production state (no grid),validation,2003-01-01,5,gas_cum,9,15,0.0993626825014281,282926.3817749311
SVR | production state (no grid),validation,2003-01-01,5,gas_cum,10,15,0.10881080109080397,335676.19063578587
SVR | production state (no grid),validation,2003-01-01,5,gas_cum,11,15,0.11900882185941966,394042.3874258837
SVR | production state (no grid),validation,2003-01-01,5,gas_cum,12,15,0.1290060650146083,454970.45430688234
SVR | production state (no grid),validation,2003-01-01,5,gas_cum,13,15,0.13815976345752437,515388.70591530023
SVR | production state (no grid),validation,2003-01-01,5,gas_cum,14,15,0.1465865959059966,576233.8124186461
SVR | production state (no grid),validation,2003-01-01,5,gas_cum,15,15,0.15433139609508015,637271.86475252
SVR | production state (no grid),validation,2003-01-01,5,gas_cum,16,15,0.16148690947085367,698081.3902765581
SVR | production state (no grid),validation,2003-01-01,5,gas_cum,17,15,0.16803793561079775,757492.0685152706
SVR | production state (no grid),validation,2003-01-01,5,gas_cum,18,15,0.17431894270493023,817677.3158041057
SVR | production state (no grid),validation,2003-01-01,5,gas_cum,19,15,0.18040978929413362,878813.9148676039
SVR | production state (no grid),validation,2003-01-01,5,gas_cum,20,15,0.1863152401743493,940387.9579342026
SVR | production state (no grid),validation,2003-01-01,5,oil_cum,1,15,0.028056727783636888,30023.189850834013
SVR | production state (no grid),validation,2003-01-01,5,oil_cum,2,15,0.04339622141061968,90095.46587687008
SVR | production state (no grid),validation,2003-01-01,5,oil_cum,3,15,0.055357488866050825,167852.7213462655
SVR | production state (no grid),validation,2003-01-01,5,oil_cum,4,15,0.06383010694614343,251617.4363920856
SVR | production state (no grid),validation,2003-01-01,5,oil_cum,5,15,0.07072155167297074,339448.1162842299
SVR | production state (no grid),validation,2003-01-01,5,oil_cum,6,15,0.0772968281947878,434163.30852042034
SVR | production state (no grid),validation,2003-01-01,5,oil_cum,7,15,0.08419881978996407,539088.6310991569
SVR | production state (no grid),validation,2003-01-01,5,oil_cum,8,15,0.09154080423165094,654432.875214533
SVR | production state (no grid),validation,2003-01-01,5,oil_cum,9,15,0.09954389337102608,780427.0531261907
SVR | production state (no grid),validation,2003-01-01,5,oil_cum,10,15,0.10903182849911962,926123.3756470856
SVR | production state (no grid),validation,2003-01-01,5,oil_cum,11,15,0.11926845167893517,1087287.4137030083
SVR | production state (no grid),validation,2003-01-01,5,oil_cum,12,15,0.12928027148530363,1255306.0944501152
SVR | production state (no grid),validation,2003-01-01,5,oil_cum,13,15,0.13843602516132503,1421802.5582964271
SVR | production state (no grid),validation,2003-01-01,5,oil_cum,14,15,0.14685645642269024,1589396.3483032004
SVR | production state (no grid),validation,2003-01-01,5,oil_cum,15,15,0.15459114329197815,1757500.2808683591
SVR | production state (no grid),validation,2003-01-01,5,oil_cum,16,15,0.16173832337715305,1924961.8719625114
SVR | production state (no grid),validation,2003-01-01,5,oil_cum,17,15,0.16827494755008385,2088448.6974241494
SVR | production state (no grid),validation,2003-01-01,5,oil_cum,18,15,0.17453430488044672,2253954.9308843995
SVR | production state (no grid),validation,2003-01-01,5,oil_cum,19,15,0.18059741192388923,2421992.9793361686
SVR | production state (no grid),validation,2003-01-01,5,oil_cum,20,15,0.186472484928959,2591176.553757512
SVR | production state (no grid),validation,2003-01-01,5,water_cum,1,15,0.016333092623919385,7540.135480920615
SVR | production state (no grid),validation,2003-01-01,5,water_cum,2,15,0.04166998461431579,39013.24286962907
SVR | production state (no grid),validation,2003-01-01,5,water_cum,3,15,0.07101828392694544,100951.66217098755
SVR | production state (no grid),validation,2003-01-01,5,water_cum,4,15,0.09545384209716778,183573.74223548797
SVR | production state (no grid),validation,2003-01-01,5,water_cum,5,15,0.11651751233307729,283796.48597394937
SVR | production state (no grid),validation,2003-01-01,5,water_cum,6,15,0.13562840603857737,401931.1660156648
SVR | production state (no grid),validation,2003-01-01,5,water_cum,7,15,0.1534733105350944,538960.4698690013
SVR | production state (no grid),validation,2003-01-01,5,water_cum,8,15,0.17001828718811898,692757.3872860722
SVR | production state (no grid),validation,2003-01-01,5,water_cum,9,15,0.18521524809459142,859148.8894394914
SVR | production state (no grid),validation,2003-01-01,5,water_cum,10,15,0.1999234268803429,1043826.835262622
SVR | production state (no grid),validation,2003-01-01,5,water_cum,11,15,0.21429987009395837,1247511.4687396185
SVR | production state (no grid),validation,2003-01-01,5,water_cum,12,15,0.2283124585621346,1468481.9842799343
SVR | production state (no grid),validation,2003-01-01,5,water_cum,13,15,0.24164464977501213,1700993.2563882107
SVR | production state (no grid),validation,2003-01-01,5,water_cum,14,15,0.25449509454963365,1950677.578993644
SVR | production state (no grid),validation,2003-01-01,5,water_cum,15,15,0.2668374141368749,2217319.913333663
SVR | production state (no grid),validation,2003-01-01,5,water_cum,16,15,0.2786221347498741,2498150.2903691325
SVR | production state (no grid),validation,2003-01-01,5,water_cum,17,15,0.28981014865480487,2787475.1978526185
SVR | production state (no grid),validation,2003-01-01,5,water_cum,18,15,0.30070432323081864,3093820.3279523724
SVR | production state (no grid),validation,2003-01-01,5,water_cum,19,15,0.31137786264191863,3417895.9596003694
SVR | production state (no grid),validation,2003-01-01,5,water_cum,20,15,0.32176237163364274,3756509.707513728
SVR | production state (no grid),validation,2004-01-01,3,gas_cum,1,15,0.016924545843721422,5271.446651048581
SVR | production state (no grid),validation,2004-01-01,3,gas_cum,2,15,0.019903660695605247,12101.031698438104
SVR | production state (no grid),validation,2004-01-01,3,gas_cum,3,15,0.02369840904788949,21161.69742780781
SVR | production state (no grid),validation,2004-01-01,3,gas_cum,4,15,0.027955789351154663,32537.29664143438
SVR | production state (no grid),validation,2004-01-01,3,gas_cum,5,15,0.03339981693426764,47253.17513419099
SVR | production state (no grid),validation,2004-01-01,3,gas_cum,6,15,0.04118358348293123,68048.95240866284
SVR | production state (no grid),validation,2004-01-01,3,gas_cum,7,15,0.04972545756248527,93406.17426285784
SVR | production state (no grid),validation,2004-01-01,3,gas_cum,8,15,0.05740239340532476,120210.43851963944
SVR | production state (no grid),validation,2004-01-01,3,gas_cum,9,15,0.06346559186960059,145834.7221216318
SVR | production state (no grid),validation,2004-01-01,3,gas_cum,10,15,0.06793919518858155,169748.26164602267
SVR | production state (no grid),validation,2004-01-01,3,gas_cum,11,15,0.07106954321766162,191661.46024325924
SVR | production state (no grid),validation,2004-01-01,3,gas_cum,12,15,0.0732574568291558,211748.24438141595
SVR | production state (no grid),validation,2004-01-01,3,oil_cum,1,15,0.01696201477834691,14550.378409165578
SVR | production state (no grid),validation,2004-01-01,3,oil_cum,2,15,0.01985703648055166,33258.49916361236
SVR | production state (no grid),validation,2004-01-01,3,oil_cum,3,15,0.023457669521965405,57721.28270811419
SVR | production state (no grid),validation,2004-01-01,3,oil_cum,4,15,0.02769522691419779,88824.10114736839
SVR | production state (no grid),validation,2004-01-01,3,oil_cum,5,15,0.03317893642123212,129337.34499640443
SVR | production state (no grid),validation,2004-01-01,3,oil_cum,6,15,0.04100628561451719,186671.11935237655
SVR | production state (no grid),validation,2004-01-01,3,oil_cum,7,15,0.04961578713908178,256739.91781947023
SVR | production state (no grid),validation,2004-01-01,3,oil_cum,8,15,0.05734835515243643,330802.8412203044
SVR | production state (no grid),validation,2004-01-01,3,oil_cum,9,15,0.0634577511317356,401619.1943339526
SVR | production state (no grid),validation,2004-01-01,3,oil_cum,10,15,0.06796430117991407,467687.8699568825
SVR | production state (no grid),validation,2004-01-01,3,oil_cum,11,15,0.07111065975575553,528170.0205751213
SVR | production state (no grid),validation,2004-01-01,3,oil_cum,12,15,0.07332334617152192,583698.4841045814
SVR | production state (no grid),validation,2004-01-01,3,water_cum,1,15,0.012388648880252748,6356.920567973812
SVR | production state (no grid),validation,2004-01-01,3,water_cum,2,15,0.018593477083958376,19368.263157122048
SVR | production state (no grid),validation,2004-01-01,3,water_cum,3,15,0.02414911592407471,38413.977518206135
SVR | production state (no grid),validation,2004-01-01,3,water_cum,4,15,0.029302296327798755,63125.077862897
SVR | production state (no grid),validation,2004-01-01,3,water_cum,5,15,0.03405784378868647,92602.35666376408
SVR | production state (no grid),validation,2004-01-01,3,water_cum,6,15,0.03860603559754855,127479.76385484912
SVR | production state (no grid),validation,2004-01-01,3,water_cum,7,15,0.0430165945012754,167886.38819544157
SVR | production state (no grid),validation,2004-01-01,3,water_cum,8,15,0.04723812740257583,213227.35024159498
SVR | production state (no grid),validation,2004-01-01,3,water_cum,9,15,0.051172127829485964,262085.66241655717
SVR | production state (no grid),validation,2004-01-01,3,water_cum,10,15,0.055167121769751894,317083.4349420267
SVR | production state (no grid),validation,2004-01-01,3,water_cum,11,15,0.05927993947053699,378962.9570309331
SVR | production state (no grid),validation,2004-01-01,3,water_cum,12,15,0.06344072588220913,447227.2740136033
SVR | production state (no grid),validation,2005-01-01,3,gas_cum,1,15,0.02245050740084946,5632.9391214941425
SVR | production state (no grid),validation,2005-01-01,3,gas_cum,2,15,0.03109833679401214,15191.302068217665
SVR | production state (no grid),validation,2005-01-01,3,gas_cum,3,15,0.03855809882259592,27555.276759147317
SVR | production state (no grid),validation,2005-01-01,3,gas_cum,4,15,0.04288200304578795,39898.944598061
SVR | production state (no grid),validation,2005-01-01,3,gas_cum,5,15,0.04419637012705336,50126.94613805574
SVR | production state (no grid),validation,2005-01-01,3,gas_cum,6,15,0.042947140137276095,57331.917140248
SVR | production state (no grid),validation,2005-01-01,3,gas_cum,7,15,0.04005572292452094,61417.816564000044
SVR | production state (no grid),validation,2005-01-01,3,gas_cum,8,15,0.03653854898056602,63103.82762014758
SVR | production state (no grid),validation,2005-01-01,3,gas_cum,9,15,0.03295792211224668,63022.84120484547
SVR | production state (no grid),validation,2005-01-01,3,gas_cum,10,15,0.029485396840124856,61777.888053705596
SVR | production state (no grid),validation,2005-01-01,3,gas_cum,11,15,0.02644716078167071,60190.18381285155
SVR | production state (no grid),validation,2005-01-01,3,gas_cum,12,15,0.02414487495738292,59205.655825372414
SVR | production state (no grid),validation,2005-01-01,3,oil_cum,1,15,0.023006213114496573,15897.75726050867
SVR | production state (no grid),validation,2005-01-01,3,oil_cum,2,15,0.031746780094080274,42705.134238009494
SVR | production state (no grid),validation,2005-01-01,3,oil_cum,3,15,0.039366215624600916,77457.15456180446
SVR | production state (no grid),validation,2005-01-01,3,oil_cum,4,15,0.043786054752736295,112158.30036997827
SVR | production state (no grid),validation,2005-01-01,3,oil_cum,5,15,0.045139988044293394,140940.85974006975
SVR | production state (no grid),validation,2005-01-01,3,oil_cum,6,15,0.043863720078487545,161197.80059381513
SVR | production state (no grid),validation,2005-01-01,3,oil_cum,7,15,0.04086796712097486,172514.46645988044
SVR | production state (no grid),validation,2005-01-01,3,oil_cum,8,15,0.037287898800952304,177291.87033093692
SVR | production state (no grid),validation,2005-01-01,3,oil_cum,9,15,0.03370174996004947,177416.23667769856
SVR | production state (no grid),validation,2005-01-01,3,oil_cum,10,15,0.030216522523751795,174285.56930866788
SVR | production state (no grid),validation,2005-01-01,3,oil_cum,11,15,0.02712603872169587,169950.09225762606
SVR | production state (no grid),validation,2005-01-01,3,oil_cum,12,15,0.024738681588442054,166995.15943061703
SVR | production state (no grid),validation,2005-01-01,3,water_cum,1,15,0.009769028101713366,5517.544013901077
SVR | production state (no grid),validation,2005-01-01,3,water_cum,2,15,0.01496258461039741,17176.999975189046
SVR | production state (no grid),validation,2005-01-01,3,water_cum,3,15,0.020642741213627688,36101.17220700189
SVR | production state (no grid),validation,2005-01-01,3,water_cum,4,15,0.026532752846809282,62617.222311476864
SVR | production state (no grid),validation,2005-01-01,3,water_cum,5,15,0.032498539225533994,96450.37626841447
SVR | production state (no grid),validation,2005-01-01,3,water_cum,6,15,0.03889108954329832,139772.2631218377
SVR | production state (no grid),validation,2005-01-01,3,water_cum,7,15,0.045522716641082275,192974.33303410377
SVR | production state (no grid),validation,2005-01-01,3,water_cum,8,15,0.052208759619951896,255608.13339381124
SVR | production state (no grid),validation,2005-01-01,3,water_cum,9,15,0.05862798381753796,325290.75717709644
SVR | production state (no grid),validation,2005-01-01,3,water_cum,10,15,0.06501071188852403,404300.2635966417
SVR | production state (no grid),validation,2005-01-01,3,water_cum,11,15,0.07128271306634244,492375.9226391881
SVR | production state (no grid),validation,2005-01-01,3,water_cum,12,15,0.07735418340915874,588337.3990864041
