case_num,cutoff,parameter,minimum,maximum,median,relative_window_range
1,2003-01-01,D_oil,0.09398031746642736,0.11319774015841648,0.09398031746642736,0.20448348345763107
1,2003-01-01,D_liquid,0.0,0.0,0.0,0.0
1,2003-01-01,water_plateau,27386.921386718746,27386.921386718746,27386.921386718746,0.0
1,2003-01-01,water_k,0.06738098179524543,0.07726438080170767,0.06738098179524543,0.14667935585289485
1,2003-01-01,beta_time,0.8998292082064654,2.1181871464912834,2.1181871464912834,0.5751889960728886
1,2003-01-01,beta_volume,1.451721705338741,3.451284928169917,3.451284928169917,0.5793677614126942
1,2004-01-01,D_oil,0.14156343649785344,0.1970950966880708,0.14156343649785344,0.3922740332109654
1,2004-01-01,D_liquid,0.02154070240043693,0.0609813462899291,0.02154070240043693,1.8309822565810185
1,2004-01-01,water_plateau,7756.624091492787,29432.583007812496,29432.583007812496,0.7364613194352024
1,2004-01-01,water_k,0.050386582392129585,0.39969591288301864,0.050386582392129585,6.9325862939545475
1,2004-01-01,beta_time,0.510581618344254,1.532825717126062,1.532825717126062,0.6669017145004862
1,2004-01-01,beta_volume,0.8506217253785446,2.549462711881181,2.549462711881181,0.6663525528675438
1,2005-01-01,D_oil,0.15532824408057624,0.2138113976725542,0.1740382575498899,0.3360361935088504
1,2005-01-01,D_liquid,0.03782111699804045,0.08922765926693259,0.049969593745548775,1.0287564579904427
1,2005-01-01,water_plateau,6438.996459666222,11326.14096155169,7812.081142868629,0.6255880363386609
1,2005-01-01,water_k,0.1483176251721727,1.0033721105012046,0.33281506829466945,2.5691579702514535
1,2005-01-01,beta_time,0.3562537709284407,1.1739190176072503,0.5454133284882873,1.4991662358987783
1,2005-01-01,beta_volume,0.6455409391550567,2.0351069054739863,0.9497113891195527,1.4631455221434715
1,2008-01-01,D_oil,0.13671023086967501,0.16307716972662215,0.15790529299928377,0.16697944923902408
1,2008-01-01,D_liquid,0.0241695008027078,0.046734213393472036,0.038702217618048644,0.5830340993235814
1,2008-01-01,water_plateau,9440.021201702712,38311.78710937498,11867.912984116067,2.432758476264027
1,2008-01-01,water_k,0.013876313365170036,0.19850817060729256,0.09532710787550609,1.9368242817483285
1,2008-01-01,beta_time,0.19990880866672178,0.6731310265468909,0.2274605133149761,2.0804587617582415
1,2008-01-01,beta_volume,0.4377221999909297,1.3149873380848038,0.47889656642830103,1.8318467902926918
2,2003-01-01,D_oil,0.05106763033291016,0.06112119957324385,0.05106763033291016,0.19686774527806394
2,2003-01-01,D_liquid,0.0,0.0,0.0,0.0
2,2003-01-01,water_plateau,21293.0444335198,21293.04443359367,21293.04443359367,3.4691685309901074e-12
2,2003-01-01,water_k,0.06716650109557361,0.07658128741066278,0.06716650109557361,0.14017086138955692
2,2003-01-01,beta_time,0.8854166943716344,2.095709076221525,2.095709076221525,0.5775097295622714
2,2003-01-01,beta_volume,1.4162848535735875,3.3926697122792455,3.3926697122792455,0.5825456134301661
2,2004-01-01,D_oil,0.11709846037212704,0.16953262294084626,0.11709846037212704,0.44777841145040476
2,2004-01-01,D_liquid,0.012540508998501182,0.04814029874246832,0.012540508998501182,2.8387834774666607
2,2004-01-01,water_plateau,11697.79918765911,26912.770994765197,26912.770994765197,0.5653439331856817
2,2004-01-01,water_k,0.051885381296986825,0.1640239014116353,0.051885381296986825,2.1612738947176395
2,2004-01-01,beta_time,0.5276451461897375,1.5681561842558356,1.5681561842558356,0.6635251313056358
2,2004-01-01,beta_volume,0.864797266359402,2.5788048442392717,2.5788048442392717,0.6646519149011019
2,2005-01-01,D_oil,0.13294076373283592,0.19544873170252527,0.1510556245781237,0.4138076165271236
2,2005-01-01,D_liquid,0.027541036511696284,0.07558340305874335,0.03828044584840696,1.2550106322506782
2,2005-01-01,water_plateau,6921.580376812168,22517.88905034058,9419.86939529782,1.6556820502536613
2,2005-01-01,water_k,0.05700842819051563,0.4918812789311615,0.20633110292223808,2.107645646156122
2,2005-01-01,beta_time,0.38946353948295726,1.206798141155304,0.586914712139053,1.3925951842193762
2,2005-01-01,beta_volume,0.6838171412523173,2.05133077848915,1.0001392844438797,1.367323190386656
2,2008-01-01,D_oil,0.11547290581512243,0.14397434314375604,0.13580363331430406,0.20987242117940877
2,2008-01-01,D_liquid,0.019476012210703633,0.04055448477186405,0.0313819601604069,0.6716748237974663
2,2008-01-01,water_plateau,10413.292856073902,37134.21320771194,10456.57630124,2.5554177181750513
2,2008-01-01,water_k,0.01619387633618692,0.1484569717446482,0.13448164294510107,0.9835029712007202
2,2008-01-01,beta_time,0.18723199027242157,0.6834235015637684,0.2279917528190733,2.1763572811561653
2,2008-01-01,beta_volume,0.3898882251914105,1.289328229188713,0.4591210099838865,1.9590477988120596
3,2003-01-01,D_oil,0.14537053777581355,0.16920236441250042,0.14537053777581355,0.16393849126044824
3,2003-01-01,D_liquid,0.0,0.0,0.0,0.0
3,2003-01-01,water_plateau,33559.82421840588,33559.82421874999,33559.82421874999,1.0253603748405094e-11
3,2003-01-01,water_k,0.06493837267139842,0.07147050709898034,0.06493837267139842,0.10058974622964258
3,2003-01-01,beta_time,0.7924474532674827,1.8026779966337678,1.8026779966337678,0.5604054330572293
3,2003-01-01,beta_volume,1.2984988652953533,2.9737360324496493,2.9737360324496493,0.5633442742980452
3,2004-01-01,D_oil,0.1689822595205929,0.21426034319188936,0.1689822595205929,0.2679457819995517
3,2004-01-01,D_liquid,0.02695552794020441,0.06613915640211084,0.02695552794020441,1.4536398080878874
3,2004-01-01,water_plateau,7131.353809632844,12459.171313603421,12459.171313603421,0.42762214033877627
3,2004-01-01,water_k,0.17205630516980638,0.8709523226346814,0.17205630516980638,4.06201921385629
3,2004-01-01,beta_time,0.4483030268976489,1.2888753371392794,1.2888753371392794,0.652175028895596
3,2004-01-01,beta_volume,0.765823812259851,2.1821190865508386,2.1821190865508386,0.6490458211103645
3,2005-01-01,D_oil,0.18586715752087202,0.2258142770837042,0.20279642340375775,0.19698138109319321
3,2005-01-01,D_liquid,0.04219205704891347,0.08932460474141408,0.054336707400773294,0.8674163368947498
3,2005-01-01,water_plateau,7281.598893666302,9587.281588950844,7988.048896289258,0.28864153502560763
3,2005-01-01,water_k,0.2529100389468138,1.2210849087395819,0.47037422915129157,2.058307640577315
3,2005-01-01,beta_time,0.3061724695810419,1.0064012341398587,0.4870962340241491,1.4375573359988265
3,2005-01-01,beta_volume,0.5672331433730351,1.7787447547619721,0.8657658760274121,1.3993524634488803
3,2008-01-01,D_oil,0.15336940566109208,0.19263710346961332,0.18998357511028624,0.20668996141232832
3,2008-01-01,D_liquid,0.012419448394895347,0.03971090530334045,0.03719781129878271,0.733684481843108
3,2008-01-01,water_plateau,10154.979271457763,44107.27050781249,10349.568714873389,3.28055131298001
3,2008-01-01,water_k,0.013250867309652456,0.24225096957554307,0.23841070093741698,0.9605277840527945
3,2008-01-01,beta_time,0.21442263535531364,0.6094175814082541,0.2536310308665856,1.5573604881995482
3,2008-01-01,beta_volume,0.47834889749398507,1.213353556503786,0.5454868974934337,1.3474286227354315
4,2003-01-01,D_oil,0.0378005517334684,0.046792959415081804,0.0378005517334684,0.2378909108263512
4,2003-01-01,D_liquid,0.0,0.0,0.0,0.0
4,2003-01-01,water_plateau,18215.001220673974,18215.001220703147,18215.001220703147,1.601589354872538e-12
4,2003-01-01,water_k,0.06779038207608379,0.0780583184785196,0.06779038207608379,0.15146597626359012
4,2003-01-01,beta_time,0.947500017272987,2.1842590903190837,2.1842590903190837,0.566214456209692
4,2003-01-01,beta_volume,1.515326959402563,3.5376994398534563,3.5376994398534563,0.5716631711750693
4,2004-01-01,D_oil,0.10221298318680958,0.15253760169379632,0.10221298318680958,0.49235055017434476
4,2004-01-01,D_liquid,0.012540501491689702,0.04814028220736474,0.012540501491689702,2.8387844568469762
4,2004-01-01,water_plateau,12113.403149493502,23587.773437499833,23587.773437499833,0.48645415042711837
4,2004-01-01,water_k,0.052528754101949446,0.13164631851804037,0.052528754101949446,1.506176298461926
4,2004-01-01,beta_time,0.5298008269522538,1.631535734516807,1.631535734516807,0.6752747636819865
4,2004-01-01,beta_volume,0.8681631314415087,2.6837721955911253,2.6837721955911253,0.6765138513366676
4,2005-01-01,D_oil,0.12477715385415057,0.19199662121300293,0.1435778326763997,0.4681744117864889
4,2005-01-01,D_liquid,0.02754102118355918,0.07558336846121093,0.0382804278165296,1.2550107200449552
4,2005-01-01,water_plateau,11355.619268731612,27578.806152343746,12334.499809353738,1.315269134084339
4,2005-01-01,water_k,0.042249135762762145,0.1379003187682132,0.12240907217013446,0.7814059963832335
4,2005-01-01,beta_time,0.41687178360058025,1.2698399873282884,0.6326428708952795,1.348261780806345
4,2005-01-01,beta_volume,0.7303581966263571,2.158674362247268,1.0778153483499306,1.325195607770455
4,2008-01-01,D_oil,0.10410864691535836,0.1379776619793964,0.12686991836880845,0.26695859427907453
4,2008-01-01,D_liquid,0.019476038079357057,0.040554497343246565,0.03138196731439456,0.6716742469558641
4,2008-01-01,water_plateau,8335.098491900862,34704.05029288865,11039.602053877148,2.388578109274049
4,2008-01-01,water_k,0.016422861171899325,0.24224956625799057,0.11947395289826357,1.8901752190152354
4,2008-01-01,beta_time,0.17700954902899055,0.7123097442867881,0.23796372131073362,2.249503379377738
4,2008-01-01,beta_volume,0.3686234287327458,1.3439991305200556,0.4797290943484782,2.0331802120777582
5,2003-01-01,D_oil,0.11919604414898367,0.1403968638371824,0.11919604414898367,0.17786512832338391
5,2003-01-01,D_liquid,0.0,0.0,0.0,0.0
5,2003-01-01,water_plateau,31878.579101562318,31878.579101562493,31878.579101562318,5.47775301352262e-15
5,2003-01-01,water_k,0.06620726848508487,0.07445718352692124,0.06620726848508487,0.12460739176537541
5,2003-01-01,beta_time,0.8309126311651406,1.8779407448904006,1.8779407448904006,0.5575405489092607
5,2003-01-01,beta_volume,1.336101230426418,3.049040587793275,3.049040587793275,0.5617961808132528
5,2004-01-01,D_oil,0.1518269219822197,0.20167156165628783,0.1518269219822197,0.3282990857175211
5,2004-01-01,D_liquid,0.019934100150159086,0.05923280147993434,0.019934100150159086,1.9714309165574062
5,2004-01-01,water_plateau,7214.066256194039,16733.269008713265,16733.269008713265,0.5688788453447102
5,2004-01-01,water_k,0.10921112465286813,0.6795340305909812,0.10921112465286813,5.222205226353148
5,2004-01-01,beta_time,0.4706640084455804,1.3466042803706042,1.3466042803706042,0.650480831446602
5,2004-01-01,beta_volume,0.7808255303420105,2.230200023500772,2.230200023500772,0.6498854263680174
5,2005-01-01,D_oil,0.16623182071103412,0.21556122619083562,0.18337293465401397,0.2690113760401756
5,2005-01-01,D_liquid,0.03518290987738378,0.08632507339432369,0.04702485644458284,1.0875559732374551
5,2005-01-01,water_plateau,7043.129445126017,10300.098981766456,8064.262929970798,0.4038769029387578
5,2005-01-01,water_k,0.20634995399089084,1.3164173778106047,0.40707378573276554,2.7269440153742726
5,2005-01-01,beta_time,0.32162261549987436,1.0430428313492621,0.5020953202231807,1.4368192388822054
5,2005-01-01,beta_volume,0.5778682585295044,1.7975402766404414,0.8689099128054892,1.4036806349382365
5,2008-01-01,D_oil,0.14968367963742762,0.17875524518245073,0.17314012887520328,0.1679077273066918
5,2008-01-01,D_liquid,0.019107908831830604,0.04359501154962734,0.03653121330015924,0.6703063081041986
5,2008-01-01,water_plateau,9948.290790919113,42310.88867187499,42310.88522920106,0.7648764072329235
5,2008-01-01,water_k,0.013237656498615368,0.22443978700266304,0.014292537737363482,14.777090981675292
5,2008-01-01,beta_time,0.21218064099850423,0.6190252178313437,0.23960261181087675,1.6979972536942554
5,2008-01-01,beta_volume,0.4625505346804788,1.2009384374744676,0.5012842234684854,1.4729925025067332
6,2003-01-01,D_oil,0.04041647954585643,0.04979922205747197,0.04041647954585643,0.23215140499730827
6,2003-01-01,D_liquid,0.0,0.0,0.0,0.0
6,2003-01-01,water_plateau,18795.041503906148,18795.041503906246,18795.041503906246,5.226135189489296e-15
6,2003-01-01,water_k,0.06778484759653448,0.07804657340315234,0.06778484759653448,0.15138672093352157
6,2003-01-01,beta_time,0.9379986528046732,2.1705948619961366,2.1705948619961366,0.5678610185495119
6,2003-01-01,beta_volume,1.500355245947551,3.515386919782252,3.515386919782252,0.5732033826761564
6,2004-01-01,D_oil,0.10527498182671442,0.1563646566552552,0.10527498182671442,0.4852973986985419
6,2004-01-01,D_liquid,0.012540512848529627,0.048140300035208514,0.012540512848529627,2.838782402017391
6,2004-01-01,water_plateau,12037.002120232379,24248.68408203107,24248.68408203107,0.5036018416705704
6,2004-01-01,water_k,0.05249716259866911,0.13821610409752233,0.05249716259866911,1.6328299903398273
6,2004-01-01,beta_time,0.5340344450208092,1.6223171856949459,1.6223171856949459,0.6708199544887106
6,2004-01-01,beta_volume,0.8751363552569602,2.668525450480295,2.668525450480295,0.6720524606203593
6,2005-01-01,D_oil,0.12666102569439475,0.19330228255928283,0.14546632698030904,0.458121534022846
6,2005-01-01,D_liquid,0.02754103123401892,0.07558339033070155,0.03828043855061202,1.2550106768804123
6,2005-01-01,water_plateau,9541.234712310667,28045.776367187496,11663.415379933598,1.5865457117057749
6,2005-01-01,water_k,0.042108517903678734,0.19086287680897965,0.1354732258958318,1.0980351130021904
6,2005-01-01,beta_time,0.4130376880744048,1.260071864505714,0.6257544714922515,1.3536206531794601
6,2005-01-01,beta_volume,0.7238645537290627,2.142043264705538,1.0661230576859255,1.3302204663453248
6,2008-01-01,D_oil,0.11124532694310581,0.14290002131430093,0.13076946329368688,0.2420648794749876
6,2008-01-01,D_liquid,0.022300526910385633,0.04246613617451826,0.03249882667984517,0.6205026865366422
6,2008-01-01,water_plateau,8453.53652989791,35123.68161464043,10851.399235983901,2.457760930618302
6,2008-01-01,water_k,0.016135285457880552,0.23626840862273893,0.12559943177864577,1.7526601836289923
6,2008-01-01,beta_time,0.18273333213673393,0.7095680571562766,0.23957029511094377,2.199082005453006
6,2008-01-01,beta_volume,0.3816684133920501,1.3401568255677554,0.4837356718429048,1.9814300825161775
7,2003-01-01,D_oil,0.053520770897895885,0.06400381946470848,0.053520770897895885,0.19586878871404165
7,2003-01-01,D_liquid,0.0,0.0,0.0,0.0
7,2003-01-01,water_plateau,21806.994628885208,21806.994628906246,21806.994628906246,9.647561160731381e-13
7,2003-01-01,water_k,0.06718316358378829,0.07664682164202355,0.06718316358378829,0.14086353713356398
7,2003-01-01,beta_time,0.883098810421734,2.090726131002493,2.090726131002493,0.5776114349332342
7,2003-01-01,beta_volume,1.4127149017390528,3.384538256028628,3.384538256028628,0.5825974490840256
7,2004-01-01,D_oil,0.11835564357171002,0.17071007352275167,0.11835564357171002,0.4423484032624167
7,2004-01-01,D_liquid,0.012540511604454576,0.04814030306355308,0.012540511604454576,2.8387830243267693
7,2004-01-01,water_plateau,10996.506288362136,27209.714355468746,27209.714355468746,0.5958610169624217
7,2004-01-01,water_k,0.05177415165850183,0.18284878508723051,0.05177415165850183,2.531661634811257
7,2004-01-01,beta_time,0.5255784078899658,1.5606812728972417,1.5606812728972417,0.6632378327227029
7,2004-01-01,beta_volume,0.8614790915534235,2.5664338570995575,2.5664338570995575,0.6643283483927305
7,2005-01-01,D_oil,0.1339369767139806,0.19584467646909456,0.151984149515215,0.4073299745570931
7,2005-01-01,D_liquid,0.027541030387100433,0.07558338672099003,0.038280437869463765,1.2550106270391672
7,2005-01-01,water_plateau,6863.487868410421,20767.289185959366,9283.782341614304,1.4976440426899638
7,2005-01-01,water_k,0.06333516251158178,0.5252490469709623,0.21478359576535933,2.150601319497412
7,2005-01-01,beta_time,0.3862957119181483,1.2007090590081826,0.5821177505181007,1.3990525909323057
7,2005-01-01,beta_volume,0.6783737501184686,2.040961352959904,0.9919881339270269,1.373592643137071
7,2008-01-01,D_oil,0.12406689069688771,0.1501681238870139,0.14012797999955606,0.1862671051863366
7,2008-01-01,D_liquid,0.02373385256377072,0.043375523258548786,0.03301769817813213,0.5948831014448757
7,2008-01-01,water_plateau,10242.693390425118,15659.185909742951,10310.75646207349,0.5253244550234075
7,2008-01-01,water_k,0.05433841441126124,0.15413656630931946,0.13981058211690311,0.7138097158812459
7,2008-01-01,beta_time,0.1930715871128726,0.6834782844373304,0.23158367342373892,2.1176220675416046
7,2008-01-01,beta_volume,0.4034516535481495,1.290910299318696,0.46723248764897196,1.8993941329638173
8,2003-01-01,D_oil,0.09453561736067692,0.11182941131555527,0.09453561736067692,0.18293416214650837
8,2003-01-01,D_liquid,0.0,0.0,0.0,0.0
8,2003-01-01,water_plateau,29851.911621082327,29851.911621093746,29851.911621093746,3.82542184246306e-13
8,2003-01-01,water_k,0.06718160526472632,0.07680533969612367,0.06718160526472632,0.14324954566767842
8,2003-01-01,beta_time,0.8707634281983639,1.9505009358138687,1.9505009358138687,0.5535693358511372
8,2003-01-01,beta_volume,1.3945970681549198,3.157732135445318,3.157732135445318,0.558354854580391
8,2004-01-01,D_oil,0.1347184509072334,0.18314468763567748,0.1347184509072334,0.3594625413395691
8,2004-01-01,D_liquid,0.012540510903205682,0.04814030081068288,0.012540510903205682,2.838783059339071
8,2004-01-01,water_plateau,7667.1934426075295,31199.92919919877,31199.92919919877,0.7542560627732313
8,2004-01-01,water_k,0.049879515816414664,0.47983327751669597,0.049879515816414664,8.61984633697646
8,2004-01-01,beta_time,0.4852117701338155,1.4044690530093487,1.4044690530093487,0.654522989243405
8,2004-01-01,beta_volume,0.7962543821106715,2.3089344210343525,2.3089344210343525,0.6551420539029572
8,2005-01-01,D_oil,0.1508369602000992,0.20462719906715338,0.16789013453135643,0.32038951554361816
8,2005-01-01,D_liquid,0.02867645219380884,0.0777932343111163,0.03963612494702573,1.2391923323219103
8,2005-01-01,water_plateau,6944.78973861819,12095.065107661956,8452.074909935922,0.6093504167821925
8,2005-01-01,water_k,0.1505096230194352,1.0155916362189907,0.3296108682697737,2.6245554879322714
8,2005-01-01,beta_time,0.34479263209526134,1.0861040180366603,0.5263759030142452,1.408330779764698
8,2005-01-01,beta_volume,0.6064678784554413,1.8464120540014604,0.8974282204041911,1.3816639006377165
8,2008-01-01,D_oil,0.14735672486528234,0.17101946237506524,0.16107687796943165,0.1469033781141046
8,2008-01-01,D_liquid,0.025661603294549504,0.0457537826305378,0.03466135129922802,0.5796709759678583
8,2008-01-01,water_plateau,10085.667032944462,41161.28417968748,14470.719550677324,2.147482510314318
8,2008-01-01,water_k,0.013918583475559465,0.20106610340676823,0.0692932261429474,2.700805408383435
8,2008-01-01,beta_time,0.20864846668878212,0.6363368684734225,0.23566278220362097,1.8148321842992692
8,2008-01-01,beta_volume,0.44104330970280403,1.206611406545614,0.47833218935771965,1.6004946225149015
9,2003-01-01,D_oil,0.128743753081381,0.14922651307357623,0.128743753081381,0.15909711735098905
9,2003-01-01,D_liquid,0.0,0.0,0.0,0.0
9,2003-01-01,water_plateau,33617.546386697875,33617.54638671874,33617.54638671874,6.207307992507791e-13
9,2003-01-01,water_k,0.06531367603905383,0.07232826009207964,0.06531367603905383,0.10739839614648992
9,2003-01-01,beta_time,0.7832760925409382,1.8095446796950636,1.8095446796950636,0.5671418886031968
9,2003-01-01,beta_volume,1.2619789935971517,2.9415181562421466,2.9415181562421466,0.5709769831203907
9,2004-01-01,D_oil,0.15896373556012072,0.2061016386357917,0.15896373556012072,0.2965324318126837
9,2004-01-01,D_liquid,0.020319813251589654,0.05955965703648285,0.020319813251589654,1.9311124220998144
9,2004-01-01,water_plateau,7285.703860483598,13871.987176963794,13871.987176963794,0.4747901820020105
9,2004-01-01,water_k,0.1488644468011243,0.8066609826762513,0.1488644468011243,4.418761833400768
9,2004-01-01,beta_time,0.45491883552402396,1.2971927247105193,1.2971927247105193,0.6493051287922207
9,2004-01-01,beta_volume,0.7569548463421385,2.1524794175639768,2.1524794175639768,0.6483335263670924
9,2005-01-01,D_oil,0.17513867767328375,0.220702405900483,0.19181390892777544,0.23754131533994008
9,2005-01-01,D_liquid,0.036038074629946806,0.0871971791663668,0.04797305883667731,1.066413228111834
9,2005-01-01,water_plateau,7359.08751347019,10046.973904401713,8214.040608826532,0.32723071615243915
9,2005-01-01,water_k,0.2345790160721771,1.2435292421840307,0.44025112057668825,2.2917607223582355
9,2005-01-01,beta_time,0.30898015094295417,1.0099178748760966,0.4839047000989447,1.4485036491479018
9,2005-01-01,beta_volume,0.5558351948549306,1.7438491189320275,0.8390887106250373,1.415838288650249
9,2008-01-01,D_oil,0.15173286865399874,0.185409892398535,0.18053007495384593,0.18654522662302161
9,2008-01-01,D_liquid,0.016683189624922073,0.042524488593426446,0.036206486342412726,0.7137201529062365
9,2008-01-01,water_plateau,10035.198688472778,43772.880859082776,43756.442200939426,0.771033486124831
9,2008-01-01,water_k,0.012697936800155,0.24214320118856902,0.013654657459868892,16.803443445048316
9,2008-01-01,beta_time,0.21119001592695888,0.6043845447356627,0.2434223226419785,1.615277204412382
9,2008-01-01,beta_volume,0.46103381572020846,1.1748598426060208,0.5105106408508014,1.3982588603759005
10,2003-01-01,D_oil,0.05195642621394504,0.06254004994829117,0.05195642621394504,0.20370191919600303
10,2003-01-01,D_liquid,0.0,0.0,0.0,0.0
10,2003-01-01,water_plateau,21416.010721548802,21416.010742187496,21416.010742187496,9.637039417154703e-10
10,2003-01-01,water_k,0.06736929903519236,0.07711985882578962,0.06736929903519236,0.1447329856512796
10,2003-01-01,beta_time,0.8981754816127449,2.092542075082618,2.092542075082618,0.5707730361515989
10,2003-01-01,beta_volume,1.4368856817697953,3.3877595474854547,3.3877595474854547,0.5758596023037362
10,2004-01-01,D_oil,0.11741653978661419,0.17015101645147684,0.11741653978661419,0.44912306869798024
10,2004-01-01,D_liquid,0.012540503548890905,0.04814028556573088,0.012540503548890905,2.838784094916863
10,2004-01-01,water_plateau,11074.731604514998,26941.396484374996,26941.396484374996,0.5889325332137876
10,2004-01-01,water_k,0.05197976687654187,0.1796836786987461,0.05197976687654187,2.4568003955369058
10,2004-01-01,beta_time,0.5325646362647485,1.564827530386011,1.564827530386011,0.6596656015290224
10,2004-01-01,beta_volume,0.8729100082685606,2.573403722627089,2.573403722627089,0.6607955445959174
10,2005-01-01,D_oil,0.14072400292538845,0.20986448588485507,0.16039896210082802,0.43105318172822327
10,2005-01-01,D_liquid,0.03202298465020152,0.0841804382409866,0.04362027124837248,1.195715938899191
10,2005-01-01,water_plateau,6916.821306005456,22630.517900507326,9371.555827121814,1.6767436362087864
10,2005-01-01,water_k,0.05672687556340904,0.49133242714021697,0.20861234819699595,2.0833165214477285
10,2005-01-01,beta_time,0.40245553690438274,1.2117657022965183,0.5997890471190087,1.3493246822020646
10,2005-01-01,beta_volume,0.7090584198663896,2.064291598782426,1.0244781711031938,1.3228521769835995
10,2008-01-01,D_oil,0.12225623825973801,0.15354441879075484,0.14304662239499402,0.21872715347742297
10,2008-01-01,D_liquid,0.023244029631784627,0.0460691765302507,0.03553663740545768,0.642299006460319
10,2008-01-01,water_plateau,9564.580699715827,36657.47801596258,10058.778771132838,2.693457916978872
10,2008-01-01,water_k,0.015370003502246836,0.16149612153674925,0.15651306086672506,0.9336352967943844
10,2008-01-01,beta_time,0.1899918247464003,0.6873665083523333,0.23415941313384694,2.1240857967201623
10,2008-01-01,beta_volume,0.40427045906228865,1.3115528133963186,0.4800060840616275,1.8901476136655486
11,2003-01-01,D_oil,0.03947159872471489,0.048608864528157644,0.03947159872471489,0.23148963048515983
11,2003-01-01,D_liquid,0.0,0.0,0.0,0.0
11,2003-01-01,water_plateau,18605.184326171897,18605.184326171897,18605.184326171897,0.0
11,2003-01-01,water_k,0.06772300404538037,0.07788723562921665,0.06772300404538037,0.1500853620879746
11,2003-01-01,beta_time,0.9389926973513756,2.192964419661316,2.192964419661316,0.5718158083493234
11,2003-01-01,beta_volume,1.5017793469782421,3.5517118931957015,3.5517118931957015,0.5771674639895986
11,2004-01-01,D_oil,0.10482718648866529,0.15585699074820278,0.10482718648866529,0.48679933105955503
11,2004-01-01,D_liquid,0.012540511634764379,0.04814030029781764,0.012540511634764379,2.8387827945045516
11,2004-01-01,water_plateau,13317.419843659818,24146.657714843575,24146.657714843575,0.44847771476574766
11,2004-01-01,water_k,0.052514029684672725,0.1193955947474717,0.052514029684672725,1.2735942273788161
11,2004-01-01,beta_time,0.5330925773360464,1.6393856374990359,1.6393856374990359,0.6748217349584046
11,2004-01-01,beta_volume,0.873520816939984,2.696658101052568,2.696658101052568,0.6760728337793254
11,2005-01-01,D_oil,0.1261851121469181,0.19307889802124603,0.1449715326648327,0.46142704463905465
11,2005-01-01,D_liquid,0.027541030140823878,0.07558338434065026,0.03828043704022237,1.2550105984774127
11,2005-01-01,water_plateau,9850.325005394734,27933.774414062496,11817.12750834072,1.5302745439536107
11,2005-01-01,water_k,0.04213032693064599,0.17911715680859702,0.13217704656884924,1.0363889452363912
11,2005-01-01,beta_time,0.41447995417965655,1.2723958190054776,0.6274629521948659,1.367277321832039
11,2005-01-01,beta_volume,0.7263440701486626,2.163039691657239,1.0690120435613204,1.3439470866224765
11,2008-01-01,D_oil,0.10532276711681413,0.13873312816512437,0.1280723970346736,0.260870896632511
11,2008-01-01,D_liquid,0.019476039194274933,0.0405544982311335,0.03138196761394368,0.6716742333101179
11,2008-01-01,water_plateau,8440.159971722218,35032.47604159733,10918.36469707308,2.4355585115235976
11,2008-01-01,water_k,0.016317016042778992,0.23680106690812813,0.1237424167573162,1.7817984862681546
11,2008-01-01,beta_time,0.17766554800682116,0.7132906244912792,0.23639184218239404,2.2658357054097626
11,2008-01-01,beta_volume,0.36998306215412835,1.345923159230505,0.476524631393704,2.0480370431681973
12,2003-01-01,D_oil,0.03371012020181249,0.0434658225519767,0.03371012020181249,0.2893998090709766
12,2003-01-01,D_liquid,0.0,0.0,0.0,0.0
12,2003-01-01,water_plateau,17028.925781185248,17028.925781249996,17028.925781249996,3.802280169657623e-12
12,2003-01-01,water_k,0.06876685219987703,0.08048313944552207,0.06876685219987703,0.17037696027717825
12,2003-01-01,beta_time,1.014190795446585,2.362766520320421,2.362766520320421,0.5707613144488572
12,2003-01-01,beta_volume,1.6227079640698656,3.829211622712314,3.829211622712314,0.5762292283756137
12,2004-01-01,D_oil,0.08828723359377362,0.13423323548694033,0.08828723359377362,0.5204150138464301
12,2004-01-01,D_liquid,0.01254051261718048,0.04814030098698289,0.01254051261718048,2.8387825487317606
12,2004-01-01,water_plateau,5908.461681174972,20557.683105468746,20557.683105468746,0.7125910711405408
12,2004-01-01,water_k,0.052473383076960894,0.34751816636064553,0.052473383076960894,5.622751307095117
12,2004-01-01,beta_time,0.5108187255142063,1.7243774127776128,1.7243774127776128,0.7037662858901731
12,2004-01-01,beta_volume,0.8378223158112604,2.837236766597146,2.837236766597146,0.7047048291228417
12,2005-01-01,D_oil,0.11819661461238018,0.18545058873854287,0.13705404404043312,0.4907113438135521
12,2005-01-01,D_liquid,0.027541039167006946,0.07558339803700637,0.038280448356031,1.2550103494916474
12,2005-01-01,water_plateau,15452.245628094874,25882.609863281246,25882.60986328121,0.40298734518204754
12,2005-01-01,water_k,0.042862867603082395,0.08477229299503405,0.042883043060606085,0.9772959753047743
12,2005-01-01,beta_time,0.42226563959490787,1.3581052216591136,0.6591162494605024,1.4198399490684777
12,2005-01-01,beta_volume,0.7391581383516214,2.3092083813816493,1.1230104356727832,1.3980727098848622
12,2008-01-01,D_oil,0.10623593499554371,0.14084374163406901,0.1255637393399385,0.2756194329704665
12,2008-01-01,D_liquid,0.02278151748204089,0.04280905973556868,0.03270273838257175,0.6124117809107098
12,2008-01-01,water_plateau,8179.408021957675,12117.639422832997,8661.211921482667,0.4546974992156937
12,2008-01-01,water_k,0.09719136413113226,0.2391118177389003,0.18506852280854783,0.7668535494530523
12,2008-01-01,beta_time,0.18142042859092297,0.7614855611184206,0.25245805124631354,2.297669373838074
12,2008-01-01,beta_volume,0.3795179160887389,1.4391961771559623,0.5102086092453629,2.0769509605778067
13,2003-01-01,D_oil,0.13068771916936223,0.15576805184109546,0.13068771916936223,0.191910401613413
13,2003-01-01,D_liquid,0.0,0.0,0.0,0.0
13,2003-01-01,water_plateau,29755.192871090378,29755.192871093746,29755.192871090378,1.1321614986538912e-13
13,2003-01-01,water_k,0.06592807205230818,0.0737709614981538,0.06592807205230818,0.11896130436853941
13,2003-01-01,beta_time,0.8412795017914664,1.8832047062469663,1.8832047062469663,0.553272408994745
13,2003-01-01,beta_volume,1.3794876398977856,3.1098555385209528,3.1098555385209528,0.5564142376356589
13,2004-01-01,D_oil,0.15721812285578424,0.20740535937308593,0.15721812285578424,0.3192204283175313
13,2004-01-01,D_liquid,0.027574806470968685,0.06681070900399722,0.027574806470968685,1.4228894978587385
13,2004-01-01,water_plateau,6964.7368473164015,16386.365768476582,16386.365768476582,0.5749675708621812
13,2004-01-01,water_k,0.10547495291837883,0.639806456073327,0.10547495291837883,5.065956308778231
13,2004-01-01,beta_time,0.47434631124350096,1.353300129774936,1.353300129774936,0.6494891999142952
13,2004-01-01,beta_volume,0.811262405724366,2.2945041080933404,2.2945041080933404,0.6464323585811754
13,2005-01-01,D_oil,0.1699740662455036,0.2133489952932541,0.18730746019160785,0.23157075005650993
13,2005-01-01,D_liquid,0.041534577436718255,0.08643326452456793,0.053459093296449975,0.8398699700885356
13,2005-01-01,water_plateau,6713.692395215326,9807.775576307837,7668.7121875045,0.40346841887403867
13,2005-01-01,water_k,0.20554935435369534,1.212701686981645,0.4060872141481467,2.480138003706084
13,2005-01-01,beta_time,0.3216871310383672,1.0471042896788398,0.507497305416542,1.429401005479363
13,2005-01-01,beta_volume,0.5985407607607335,1.8539414568155725,0.903881001251169,1.388900413126385
13,2008-01-01,D_oil,0.15830646137961263,0.1813698786332154,0.176363364930186,0.13077215476543275
13,2008-01-01,D_liquid,0.021150346685342786,0.04388467528734568,0.039764910915930166,0.5717183335344862
13,2008-01-01,water_plateau,9707.80469828519,40691.87255859374,40691.816139147726,0.7614324156571671
13,2008-01-01,water_k,0.013907164947245592,0.2150064820636969,0.015116648172801334,13.30316845491448
13,2008-01-01,beta_time,0.22477618582799788,0.6243278518794633,0.24579559538501877,1.625544450565114
13,2008-01-01,beta_volume,0.5050775359089256,1.2472390252915917,0.5304669238868528,1.3990721305386558
14,2003-01-01,D_oil,0.07477204523617714,0.08944596436541094,0.07477204523617714,0.19624873283704267
14,2003-01-01,D_liquid,0.0,0.0,0.0,0.0
14,2003-01-01,water_plateau,25987.485351562496,25987.485351562496,25987.485351562496,0.0
14,2003-01-01,water_k,0.06752745574885435,0.07757380791963532,0.06752745574885435,0.1487743327417072
14,2003-01-01,beta_time,0.8940246043453466,1.9830088402562802,1.9830088402562802,0.5491575296105061
14,2003-01-01,beta_volume,1.4311138321306016,3.2106542565279916,3.2106542565279916,0.5542609954899936
14,2004-01-01,D_oil,0.12635393790712646,0.17788541541218286,0.12635393790712646,0.4078343608327698
14,2004-01-01,D_liquid,0.01254050936095242,0.048140300381844664,0.01254050936095242,2.8387834972429324
14,2004-01-01,water_plateau,8899.470661009,29106.770017714996,29106.770017714996,0.6942473982653317
14,2004-01-01,water_k,0.05099927534438732,0.29194709908093225,0.05099927534438732,4.724534262682661
14,2004-01-01,beta_time,0.5106627248779344,1.4523844446047995,1.4523844446047995,0.6483970020644995
14,2004-01-01,beta_volume,0.8374409782101122,2.388122343120045,2.388122343120045,0.6493307888422465
14,2005-01-01,D_oil,0.13922283780410835,0.19624952847564137,0.15648721323116474,0.364417574407773
14,2005-01-01,D_liquid,0.027541028570002835,0.0755833875566832,0.038280436369986466,1.2550107454978667
14,2005-01-01,water_plateau,6666.687281238909,14259.519687698814,8571.51719649474,0.8858212883904542
14,2005-01-01,water_k,0.1077647505254578,0.7843501956540397,0.27338098329208993,2.4748811602806113
14,2005-01-01,beta_time,0.3627966829854214,1.1165505794796975,0.5510495038757159,1.367851510967476
14,2005-01-01,beta_volume,0.6378790745582602,1.8978140086971909,0.9392149277794614,1.3414766917277725
14,2008-01-01,D_oil,0.13538233012273088,0.15771672135812265,0.14832403227151997,0.15057837151100867
14,2008-01-01,D_liquid,0.02522201284931904,0.04418948327281639,0.033453676575519786,0.566977156626697
14,2008-01-01,water_plateau,10173.737481424161,22984.179393864706,11576.891383456881,1.1065528290907505
14,2008-01-01,water_k,0.030526931256652994,0.17402952533614585,0.11123065158703141,1.2901353361866317
14,2008-01-01,beta_time,0.20173767059020453,0.647545505681749,0.2300398657060562,1.9379590303760457
14,2008-01-01,beta_volume,0.4216462981202574,1.222418053021524,0.4636118399698594,1.7272461267454406
15,2003-01-01,D_oil,0.13233663916084829,0.15330722916720887,0.13233663916084829,0.1584639759581013
15,2003-01-01,D_liquid,0.0,0.0,0.0,0.0
15,2003-01-01,water_plateau,34005.02441406249,34005.02441406249,34005.02441406249,0.0
15,2003-01-01,water_k,0.06524403644598656,0.07216682342474426,0.06524403644598656,0.10610604977650108
15,2003-01-01,beta_time,0.7854121629356092,1.8109235322279706,1.8109235322279706,0.5662919229011728
15,2003-01-01,beta_volume,1.2669988044487914,2.946952070861704,2.946952070861704,0.5700646722502296
15,2004-01-01,D_oil,0.16101747479220746,0.2073463791262837,0.16101747479220746,0.2877259402674371
15,2004-01-01,D_liquid,0.021145094236869656,0.060475576507324644,0.021145094236869656,1.8600287059433565
15,2004-01-01,water_plateau,7271.26830806455,13352.26434578097,13352.26434578097,0.4554280742380512
15,2004-01-01,water_k,0.1583288143804689,0.8383051158205318,0.1583288143804689,4.294709741248106
15,2004-01-01,beta_time,0.4509361534894778,1.2956675121153027,1.2956675121153027,0.6519661492837149
15,2004-01-01,beta_volume,0.7527155666094046,2.1548115288313494,2.1548115288313494,0.650681483490282
15,2005-01-01,D_oil,0.1779259316605004,0.22247832478592275,0.19463732858882676,0.22889953046745568
15,2005-01-01,D_liquid,0.0371045551665786,0.0880896670347306,0.049137625056227575,1.0375982113464044
15,2005-01-01,water_plateau,7385.268975654062,9934.073680840153,8185.662316252832,0.3113742794062463
15,2005-01-01,water_k,0.24197179225297633,1.2444252653429149,0.45242772734072256,2.2157206831291147
15,2005-01-01,beta_time,0.3069332239561947,1.009732515988464,0.4837640580180858,1.4527728556593074
15,2005-01-01,beta_volume,0.5541709886284837,1.7483443505277574,0.8413296518483354,1.4193881783148476
15,2008-01-01,D_oil,0.15100376588356218,0.18672775223906596,0.18256223916872497,0.19568113602335632
15,2008-01-01,D_liquid,0.014204263769949838,0.041133738146111896,0.03582046126682616,0.7517902735971138
15,2008-01-01,water_plateau,10135.707511797273,44177.96874999983,16730.39668032982,2.0347551757829248
15,2008-01-01,water_k,0.01288520990547434,0.2413960540937994,0.059201690038531624,3.8598702847773096
15,2008-01-01,beta_time,0.2119674506778547,0.6056790394242308,0.24571946750069854,1.6022808153987915
15,2008-01-01,beta_volume,0.4632985222944304,1.1804970329370925,0.5166853663442066,1.3880759111046264
16,2003-01-01,D_oil,0.07457706870061503,0.09006444423192293,0.07457706870061503,0.20766940563836045
16,2003-01-01,D_liquid,0.0,0.0,0.0,0.0
16,2003-01-01,water_plateau,24864.541015479837,24864.541015624996,24864.541015624996,5.837992034140016e-12
16,2003-01-01,water_k,0.06755761519359038,0.07768662148405142,0.06755761519359038,0.1499313772612572
16,2003-01-01,beta_time,0.9107912087227555,2.1056665310299465,2.1056665310299465,0.5674570520540783
16,2003-01-01,beta_volume,1.4617495105459481,3.416878157667247,3.416878157667247,0.5721973558624326
16,2004-01-01,D_oil,0.13386622670219167,0.19051003901235106,0.13386622670219167,0.42313743881175675
16,2004-01-01,D_liquid,0.017449496996819747,0.055501595314910716,0.017449496996819747,2.180698866278274
16,2004-01-01,water_plateau,9236.387613705867,28868.947753904493,28868.947753904493,0.6800580439425038
16,2004-01-01,water_k,0.05136137083011932,0.27042319375441237,0.05136137083011932,4.265108570580264
16,2004-01-01,beta_time,0.5341270354384997,1.5523767948698064,1.5523767948698064,0.6559295158213857
16,2004-01-01,beta_volume,0.8800940734156333,2.5621369519178656,2.5621369519178656,0.6564999881224747
16,2005-01-01,D_oil,0.149875781681794,0.21446799392355337,0.1693521396855777,0.3814077127202672
16,2005-01-01,D_liquid,0.03474383300675974,0.08695639183851779,0.04663724648144748,1.1195463448411016
16,2005-01-01,water_plateau,6584.471168267502,14401.487573191765,8426.821285550637,0.9276352422861989
16,2005-01-01,water_k,0.10413224418266788,0.7542231926777666,0.27460125388745155,2.367399781654114
16,2005-01-01,beta_time,0.38088491595665736,1.191771995556729,0.5759744727962294,1.407852462042967
16,2005-01-01,beta_volume,0.6795378149509989,2.0449523617342007,0.991791942735379,1.3767146998768365
16,2008-01-01,D_oil,0.1376491169920785,0.1636729392090097,0.15459765021362532,0.16833258578620758
16,2008-01-01,D_liquid,0.025909413572780288,0.04775416048286372,0.0377610103093451,0.5785000647791801
16,2008-01-01,water_plateau,9802.714639326061,16516.806403228908,15166.791403538635,0.44268372823643837
16,2008-01-01,water_k,0.0478602057824023,0.17854989390881418,0.05688216678578741,2.297551157264741
16,2008-01-01,beta_time,0.2029951436610963,0.6828585743870816,0.2343149530565657,2.047941987766108
16,2008-01-01,beta_volume,0.4383270005382813,1.3169891175417319,0.48650859506767347,1.8060567190621337
17,2003-01-01,D_oil,0.032410642966379195,0.04156750414453351,0.032410642966379195,0.28252636603516557
17,2003-01-01,D_liquid,0.0,0.0,0.0,0.0
17,2003-01-01,water_plateau,16814.182128906137,16814.182128906228,16814.182128906228,5.409092721847967e-15
17,2003-01-01,water_k,0.06848662008034684,0.0797873779602614,0.06848662008034684,0.16500679792135736
17,2003-01-01,beta_time,1.002043206458705,2.355047422404663,2.355047422404663,0.5745125143019196
17,2003-01-01,beta_volume,1.6028553451605299,3.816347732016643,3.816347732016643,0.5800028043268621
17,2004-01-01,D_oil,0.08771057430455194,0.1331956023868636,0.08771057430455194,0.5185808945267744
17,2004-01-01,D_liquid,0.012540512914580079,0.04814030277994469,0.012540512914580079,2.838782600668186
17,2004-01-01,water_plateau,6030.216481226269,20465.74951171869,20465.74951171869,0.7053508117172368
17,2004-01-01,water_k,0.05234502071674702,0.327040793877953,0.05234502071674702,5.247791851065618
17,2004-01-01,beta_time,0.5021658910667125,1.721085280752136,1.721085280752136,0.7082271885753043
17,2004-01-01,beta_volume,0.8235104356431453,2.8316971935964603,2.8316971935964603,0.7091813215391058
17,2005-01-01,D_oil,0.11708698971345184,0.1840107570591812,0.1357087440556412,0.49314263286004856
17,2005-01-01,D_liquid,0.027541031166918178,0.07558338422541382,0.038280438957902146,1.255010505791976
17,2005-01-01,water_plateau,14828.880945573788,25680.869140624996,25680.86914062496,0.42257090815841125
17,2005-01-01,water_k,0.04273430481469316,0.0881181736122239,0.04274963279858975,1.061620084816913
17,2005-01-01,beta_time,0.4195142094362438,1.3540513032070316,0.6537252719591311,1.4295563195378687
17,2005-01-01,beta_volume,0.7343126413354525,2.302282467883568,1.1137836628806752,1.4077866993422576
17,2008-01-01,D_oil,0.1057863521779577,0.14104198868102785,0.1255073330400875,0.2809049929521598
17,2008-01-01,D_liquid,0.024431488410632536,0.04512281307623042,0.03429965719196909,0.6032516462130282
17,2008-01-01,water_plateau,7859.54046042619,11339.29398439152,9507.879987099444,0.36598626914588267
17,2008-01-01,water_k,0.10421200829727992,0.2524377770295071,0.1266272296695717,1.1705678874837262
17,2008-01-01,beta_time,0.17858552088325014,0.7578217825091572,0.24949101906149806,2.3216717932565287
17,2008-01-01,beta_volume,0.37727369011663914,1.4383606565902938,0.507734262679975,2.0898470803859417
18,2003-01-01,D_oil,0.10271179905343791,0.12179299932602163,0.10271179905343791,0.1857741802639084
18,2003-01-01,D_liquid,0.0,0.0,0.0,0.0
18,2003-01-01,water_plateau,30107.219238281246,30107.219238281246,30107.219238281246,0.0
18,2003-01-01,water_k,0.06688979937212947,0.0761008026006811,0.06688979937212947,0.13770415392200325
18,2003-01-01,beta_time,0.8586708246479003,1.9337245811655925,1.9337245811655925,0.5559497805368339
18,2003-01-01,beta_volume,1.3764134227541756,3.132315216893631,3.132315216893631,0.5605763381250027
18,2004-01-01,D_oil,0.14259281635532567,0.19422631405049487,0.14259281635532567,0.36210448054061983
18,2004-01-01,D_liquid,0.016914709106231458,0.05506858490738836,0.016914709106231458,2.2556625456302317
18,2004-01-01,water_plateau,7470.292495710798,26979.122169621063,26979.122169621063,0.7231083928993631
18,2004-01-01,water_k,0.05905481918524022,0.5292590350982919,0.05905481918524022,7.962165025654188
18,2004-01-01,beta_time,0.4888383285490186,1.3941726674366748,1.3941726674366748,0.6493703111768814
18,2004-01-01,beta_volume,0.8042469247657555,2.2960514154157874,2.2960514154157874,0.6497260821922335
18,2005-01-01,D_oil,0.15880702754127582,0.2151747179277738,0.17670229633286794,0.3189980637281235
18,2005-01-01,D_liquid,0.034068552046255175,0.08673785608778452,0.045931731437259045,1.146686667222061
18,2005-01-01,water_plateau,6824.565585286663,10983.34688008362,8092.780184440717,0.5138878358258987
18,2005-01-01,water_k,0.17356159415514016,1.197370349956352,0.3627959672758826,2.821995965083791
18,2005-01-01,beta_time,0.342050226581459,1.0772563820027143,0.5210354828555377,1.411048152405963
18,2005-01-01,beta_volume,0.6091259408966565,1.8445952263398786,0.8953794689450654,1.3798275795834922
18,2008-01-01,D_oil,0.1479738674115476,0.1734956306661084,0.16546295635754896,0.15424457423213692
18,2008-01-01,D_liquid,0.025879836163141885,0.04769844484641488,0.037583790556042274,0.5805324146519665
18,2008-01-01,water_plateau,9673.596045764816,40583.45458984374,13594.72674640279,2.273665305722881
18,2008-01-01,water_k,0.013076696439357974,0.21647790790843088,0.07458173998730608,2.7272253436791916
18,2008-01-01,beta_time,0.20694780766322535,0.6309481599220266,0.2335729299655097,1.8152803594209772
18,2008-01-01,beta_volume,0.44684159750442254,1.2141212540096225,0.48396301752164456,1.5854096877782287
19,2003-01-01,D_oil,0.047246337908603,0.056714461474076626,0.047246337908603,0.20039909937124661
19,2003-01-01,D_liquid,0.0,0.0,0.0,0.0
19,2003-01-01,water_plateau,20471.7089843574,20471.708984374938,20471.708984374938,8.567284657268029e-13
19,2003-01-01,water_k,0.0671694834754256,0.07656097421946692,0.0671694834754256,0.1398178199103951
19,2003-01-01,beta_time,0.8874850824121973,2.0742021487041815,2.0742021487041815,0.5721318276684667
19,2003-01-01,beta_volume,1.4194597838044147,3.358034296350197,3.358034296350197,0.5772944352155048
19,2004-01-01,D_oil,0.11429696766908541,0.16670846663135286,0.11429696766908541,0.45855546329111846
19,2004-01-01,D_liquid,0.012540511477885532,0.04814030358418678,0.012540511477885532,2.8387831045870353
19,2004-01-01,water_plateau,13507.596457707568,26280.471191406246,26280.471191406246,0.4860215268086756
19,2004-01-01,water_k,0.052048341558093555,0.1294193709920771,0.052048341558093555,1.4865224734898836
19,2004-01-01,beta_time,0.5299057428600268,1.5582167022269873,1.5582167022269873,0.6599280818241191
19,2004-01-01,beta_volume,0.8683780348018741,2.5626005713461546,2.5626005713461546,0.6611340664980386
19,2005-01-01,D_oil,0.1307852562786935,0.19439267706315955,0.1489792492053289,0.4269549022683009
19,2005-01-01,D_liquid,0.027541038252666433,0.07558339805202861,0.03828044802554795,1.255010384604152
19,2005-01-01,water_plateau,7073.118630606887,27241.317657903135,9736.868332869779,2.0713229693383366
19,2005-01-01,water_k,0.044869181764715486,0.4288093940861133,0.18919093171681128,2.029379573520443
19,2005-01-01,beta_time,0.3952663520148617,1.2012954368409692,0.5929121171240765,1.3594410732163071
19,2005-01-01,beta_volume,0.6937657067222036,2.041969169976528,1.0102878360645642,1.3344746072624842
19,2008-01-01,D_oil,0.11247725850213539,0.14184452015722457,0.13325538354946492,0.22038330364482378
19,2008-01-01,D_liquid,0.019476032641064803,0.04055449499486153,0.03138196711014146,0.6716743497887666
19,2008-01-01,water_plateau,9652.141480301449,36505.21329217375,10483.280712987143,2.5615141430492794
19,2008-01-01,water_k,0.016272224402781497,0.16218702762037315,0.14300331156891366,1.0203596099750105
19,2008-01-01,beta_time,0.1846230650710344,0.6800156040223385,0.22863650047305764,2.1667255137579433
19,2008-01-01,beta_volume,0.3844563850510421,1.2828288692442475,0.46054593064897514,1.9506685965659714
20,2003-01-01,D_oil,0.03902078521116545,0.048186794401400376,0.03902078521116545,0.23490068538170156
20,2003-01-01,D_liquid,0.0,0.0,0.0,0.0
20,2003-01-01,water_plateau,18486.160400904053,18486.165771484397,18486.165771484397,2.905188891123734e-07
20,2003-01-01,water_k,0.06778815662033323,0.07804599693866661,0.06778815662033323,0.15132201301453463
20,2003-01-01,beta_time,0.9434872072890358,2.229819616914879,2.229819616914879,0.5768773401525544
20,2003-01-01,beta_volume,1.5089997555192507,3.6117068290765784,3.6117068290765784,0.5821920695858187
20,2004-01-01,D_oil,0.10347613970563466,0.15404554776369236,0.10347613970563466,0.48870597803431604
20,2004-01-01,D_liquid,0.012540511276723919,0.048140302214409854,0.012540511276723919,2.8387830569365766
20,2004-01-01,water_plateau,12201.036754246095,23865.495605468575,23865.495605468575,0.4887582912189625
20,2004-01-01,water_k,0.052504145242124996,0.1323748365746727,0.052504145242124996,1.5212263901111194
20,2004-01-01,beta_time,0.530564020001515,1.6621204445237803,1.6621204445237803,0.6807908706318038
20,2004-01-01,beta_volume,0.8694169034145341,2.734156862633931,2.734156862633931,0.6820164507397768
20,2005-01-01,D_oil,0.1252880793336639,0.1920452036739966,0.14402708953860222,0.46350394605759515
20,2005-01-01,D_liquid,0.027541030005859668,0.07558338545359439,0.0382804378177148,1.2550106055867118
20,2005-01-01,water_plateau,10251.808470652857,27727.119140624996,11860.892518101778,1.473355453082623
20,2005-01-01,water_k,0.04216350639269935,0.16448114188125207,0.13017830966221708,0.9396160989180071
20,2005-01-01,beta_time,0.4139336567678578,1.289939315361116,0.6284899810583259,1.3938259717651127
20,2005-01-01,beta_volume,0.7253223549561374,2.192953444023778,1.070769343503767,1.3706323383010426
20,2008-01-01,D_oil,0.1047754839491365,0.1382294993130504,0.12736628684818901,0.2626598936953274
20,2008-01-01,D_liquid,0.01947604011392163,0.04055449894933739,0.03138196774961643,0.6716742239872258
20,2008-01-01,water_plateau,8426.957210205252,34840.23180804126,10952.980281715138,2.411514849700791
20,2008-01-01,water_k,0.016414582436950462,0.23465208932298795,0.1219487932451111,1.7895831609205906
20,2008-01-01,beta_time,0.1775891511094171,0.7217617510718616,0.23684620415017854,2.2975778814567684
20,2008-01-01,beta_volume,0.3698256706666004,1.3620378880402035,0.47743532941813865,2.0782128096444703
21,2003-01-01,D_oil,0.06968300938412639,0.08336927141697047,0.06968300938412639,0.19640744786722392
21,2003-01-01,D_liquid,0.0,0.0,0.0,0.0
21,2003-01-01,water_plateau,25011.687011718746,25011.687011718746,25011.687011718746,0.0
21,2003-01-01,water_k,0.06746358361804522,0.07741191817212537,0.06746358361804522,0.14746229032842478
21,2003-01-01,beta_time,0.8913258976480192,2.078340131491604,2.078340131491604,0.5711356942290656
21,2003-01-01,beta_volume,1.4265987754143103,3.364673823041564,3.364673823041564,0.5760068136040872
21,2004-01-01,D_oil,0.12480119858425434,0.1767161537520321,0.12480119858425434,0.415981222590018
21,2004-01-01,D_liquid,0.01254051043474793,0.048140305129196995,0.01254051043474793,2.8387835471040486
21,2004-01-01,water_plateau,9346.138867949607,28718.791503876222,28718.791503876222,0.6745636435750388
21,2004-01-01,water_k,0.05120082914180738,0.2600712811125453,0.05120082914180738,4.079434951966187
21,2004-01-01,beta_time,0.5149613562637813,1.5250476697655966,1.5250476697655966,0.6623309772717256
21,2004-01-01,beta_volume,0.8443701146890841,2.507541735322781,2.507541735322781,0.663267772258876
21,2005-01-01,D_oil,0.14113371863248667,0.20233270627753222,0.15920429179695125,0.38440538853750617
21,2005-01-01,D_liquid,0.029166663834949827,0.07876761810936847,0.04022330227792659,1.2331397837923976
21,2005-01-01,water_plateau,6694.708854247899,15322.955739301313,8723.953071180664,0.9890294932416116
21,2005-01-01,water_k,0.0967520645147492,0.7161478807400338,0.25878885067708995,2.3934408866715464
21,2005-01-01,beta_time,0.37493501385951,1.172873301033494,0.561952725348329,1.4199384595552558
21,2005-01-01,beta_volume,0.6591141841609064,1.9939475755304878,0.9578771760925241,1.3935329337470779
21,2008-01-01,D_oil,0.13128697509416395,0.15706073062671397,0.14760373927421996,0.17461451626687605
21,2008-01-01,D_liquid,0.024836099083572778,0.0454134111875634,0.03447286647595128,0.5969132888425633
21,2008-01-01,water_plateau,10011.10988999557,14654.103484425907,12264.402808443136,0.37857477995047406
21,2008-01-01,water_k,0.061307480377969,0.17379385497634292,0.09078587074473063,1.23902952822538
21,2008-01-01,beta_time,0.19662009285543627,0.6715197228866097,0.2294193355566006,2.070006997792955
21,2008-01-01,beta_volume,0.4139501084575193,1.2727983971147148,0.4651535267886963,1.8463759580336183
22,2003-01-01,D_oil,0.09663779895589884,0.11574788345219494,0.09663779895589884,0.19774958352494232
22,2003-01-01,D_liquid,0.0,0.0,0.0,0.0
22,2003-01-01,water_plateau,28690.979003906246,28690.979003906246,28690.979003906246,0.0
22,2003-01-01,water_k,0.06733025063891945,0.07717055287965834,0.06733025063891945,0.14614979370135914
22,2003-01-01,beta_time,0.8956142481000665,2.119373829709622,2.119373829709622,0.5774156330774474
22,2003-01-01,beta_volume,1.4395400783779084,3.441977267158225,3.441977267158225,0.5817694404569889
22,2004-01-01,D_oil,0.14296078673220786,0.19756225398106714,0.14296078673220786,0.38193317550174083
22,2004-01-01,D_liquid,0.01978809521579424,0.05900683652239234,0.01978809521579424,1.9819361529701416
22,2004-01-01,water_plateau,7633.70653586562,30343.29589745516,30343.29589745516,0.7484219722978134
22,2004-01-01,water_k,0.050139279961611966,0.44999492811649117,0.050139279961611966,7.974898093092279
22,2004-01-01,beta_time,0.5043516962737304,1.5283287338493734,1.5283287338493734,0.6699978969816074
22,2004-01-01,beta_volume,0.8351332004589832,2.5297982874253084,2.5297982874253084,0.6698815061223966
22,2005-01-01,D_oil,0.1565838560263452,0.21427312224887393,0.17501325265253959,0.3296279872991185
22,2005-01-01,D_liquid,0.03607764015074693,0.08825137109575579,0.048110163630561475,1.0844638015711516
22,2005-01-01,water_plateau,6598.6136905833,11154.789416382679,7907.866157824888,0.5761574152707442
22,2005-01-01,water_k,0.1591166889961027,1.0822579151889464,0.34855024937649093,2.648516900631166
22,2005-01-01,beta_time,0.3500073608632224,1.1704533656028426,0.5393569253791962,1.5211559658065086
22,2005-01-01,beta_volume,0.6292000889945446,2.017239575840682,0.9333332082670255,1.4871853637602712
22,2008-01-01,D_oil,0.1423447304190751,0.16832105713992468,0.16181479830257825,0.1605312183640727
22,2008-01-01,D_liquid,0.024196832448287423,0.046771866565143455,0.03799186205575933,0.5942070984497534
22,2008-01-01,water_plateau,9639.174067289021,39481.48437499381,13845.366231940521,2.155400572854488
22,2008-01-01,water_k,0.013694950300168872,0.20315046279588395,0.0711693496027087,2.662037991822598
22,2008-01-01,beta_time,0.20518748678727414,0.6744239370211362,0.23168891070132477,2.0252866173589337
22,2008-01-01,beta_volume,0.4469871345836325,1.3091630633347957,0.48455551857669377,1.7793129903538618
23,2003-01-01,D_oil,0.14838765978754678,0.1692993481917854,0.14838765978754678,0.14092606106315594
23,2003-01-01,D_liquid,0.0,0.0,0.0,0.0
23,2003-01-01,water_plateau,25701.813540821095,35312.81982421874,35312.81982421874,0.2721676244276049
23,2003-01-01,water_k,0.06392859590718043,0.10073338022062922,0.06392859590718043,0.5757170760779198
23,2003-01-01,beta_time,0.7435984987976523,1.7681733838694509,1.7681733838694509,0.5794538558371637
23,2003-01-01,beta_volume,1.2126583109090625,2.9035208098753853,2.9035208098753853,0.5823490202706321
23,2004-01-01,D_oil,0.17292930738420853,0.21470207661238747,0.17292930738420853,0.24155980186383097
23,2004-01-01,D_liquid,0.025107335356603443,0.06441668922591291,0.025107335356603443,1.5656521614497325
23,2004-01-01,water_plateau,7337.701960193485,11474.76733548697,11474.76733548697,0.3605358831546116
23,2004-01-01,water_k,0.21048825373011712,1.0061640132860157,0.21048825373011712,3.7801432880720007
23,2004-01-01,beta_time,0.4290558619091736,1.2647508161981993,1.2647508161981993,0.6607585807306282
23,2004-01-01,beta_volume,0.728345842336895,2.129927337466952,2.129927337466952,0.6580419296354536
23,2005-01-01,D_oil,0.19358893479941816,0.2331619562130978,0.21008316795977944,0.1883683581030914
23,2005-01-01,D_liquid,0.04217624169955971,0.09146061585842997,0.054595442806704385,0.9027195609230975
23,2005-01-01,water_plateau,7632.357816731695,9507.572214170885,8180.642187920049,0.22922581801808015
23,2005-01-01,water_k,0.2835302276726695,1.0342656732801148,0.5082641590270015,1.4770576131998372
23,2005-01-01,beta_time,0.2995068887684225,0.9919956569499575,0.4711542678889982,1.4697707637972246
23,2005-01-01,beta_volume,0.5508474965902165,1.744045959308437,0.8326319814903101,1.4330442371220717
23,2008-01-01,D_oil,0.1642421796539451,0.20417795557839832,0.19901936325367722,0.2006627660322159
23,2008-01-01,D_liquid,0.011565944576065182,0.03918892298554998,0.03637135876571834,0.7594706204795602
23,2008-01-01,water_plateau,10384.827320581264,45930.25878906249,11189.771157393176,3.1766003941015417
23,2008-01-01,water_k,0.012951584383260486,0.2525951056584962,0.19924165126484683,1.202778233135017
23,2008-01-01,beta_time,0.2238995011684853,0.6067736770562575,0.2635714315072544,1.4526391335292883
23,2008-01-01,beta_volume,0.4951275173880623,1.1996450812776518,0.5626119969134505,1.2522263438295806
24,2003-01-01,D_oil,0.04450378625697132,0.05383865411697489,0.04450378625697132,0.20975446462246342
24,2003-01-01,D_liquid,0.0,0.0,0.0,0.0
24,2003-01-01,water_plateau,19818.798828119587,19818.798828124927,19818.798828124927,2.6946904982111413e-13
24,2003-01-01,water_k,0.06736051002837427,0.0770047322880001,0.06736051002837427,0.143173236894486
24,2003-01-01,beta_time,0.9057727576734046,2.131121658701892,2.131121658701892,0.5749783903819322
24,2003-01-01,beta_volume,1.4486721867012726,3.4506065944627693,3.4506065944627693,0.5801688349445647
24,2004-01-01,D_oil,0.11182713931380799,0.1641242466391494,0.11182713931380799,0.4676602446082958
24,2004-01-01,D_liquid,0.012540511196834957,0.048140297522439326,0.012540511196834957,2.8387827072463554
24,2004-01-01,water_plateau,14094.21887099011,25693.80126953103,25693.80126953103,0.4514545075234265
24,2004-01-01,water_k,0.05226518073021885,0.1192947621849179,0.05226518073021885,1.2824901878880075
24,2004-01-01,beta_time,0.5340606448610702,1.5994029434724597,1.5994029434724597,0.6660874940610199
24,2004-01-01,beta_volume,0.8751270673507572,2.6305207412760074,2.6305207412760074,0.6673179368560112
24,2005-01-01,D_oil,0.13009710133878352,0.1953276049400741,0.14864693318528058,0.4388284521146775
24,2005-01-01,D_liquid,0.027541038129465744,0.07558339788430606,0.03828044682491116,1.255010422803543
24,2005-01-01,water_plateau,7664.608972822437,28977.17529296849,10430.223758805587,2.0433469897664644
24,2005-01-01,water_k,0.041655713211358476,0.3295333547770179,0.16718599496761824,1.7219004595535505
24,2005-01-01,beta_time,0.40406701941565526,1.2355414335717994,0.6074210721036223,1.3688600088840839
24,2005-01-01,beta_volume,0.7087539264681547,2.1002527196503573,1.0349431310251855,1.344517154100847
24,2008-01-01,D_oil,0.11010369857008788,0.14110420273105945,0.13182606233376776,0.23516217970982106
24,2008-01-01,D_liquid,0.01947603559798077,0.04055449767762942,0.031381967325537545,0.671674336442755
24,2008-01-01,water_plateau,9035.046461160808,36090.06591796874,10608.935637403636,2.550210537749026
24,2008-01-01,water_k,0.01620257999687053,0.197699207614617,0.13705351616158518,1.3242756019755317
24,2008-01-01,beta_time,0.18189322912298428,0.6955306381634322,0.23141786271192677,2.2195236055733227
24,2008-01-01,beta_volume,0.37876825414653237,1.3122845227955997,0.4663029988065894,2.0019521020414155
25,2003-01-01,D_oil,0.11522400486431417,0.13270575714606841,0.11522400486431417,0.15171970721153516
25,2003-01-01,D_liquid,0.0,0.0,0.0,0.0
25,2003-01-01,water_plateau,33615.67382808009,33615.67382812499,33615.67382812499,1.3356844984484531e-12
25,2003-01-01,water_k,0.06581585809084317,0.07354533911293251,0.06581585809084317,0.11744101264197797
25,2003-01-01,beta_time,0.7912013519365602,1.8178202754920922,1.8178202754920922,0.5647527081727712
25,2003-01-01,beta_volume,1.2688785400117282,2.943752153390093,2.943752153390093,0.5689587730575557
25,2004-01-01,D_oil,0.1522833744739171,0.19902616467723863,0.1522833744739171,0.3069461151934716
25,2004-01-01,D_liquid,0.016029788846449934,0.05372907986072736,0.016029788846449934,2.35182704996308
25,2004-01-01,water_plateau,7421.564233430136,15723.538748625855,15723.538748625855,0.5279965692151369
25,2004-01-01,water_k,0.12540431017042106,0.7337934471423868,0.12540431017042106,4.851421264111109
25,2004-01-01,beta_time,0.4603383215122043,1.3063451799744628,1.3063451799744628,0.6476135644935718
25,2004-01-01,beta_volume,0.7572771146230164,2.1502372011058766,2.1502372011058766,0.6478169412037215
25,2005-01-01,D_oil,0.169085347599198,0.21748663610096275,0.18573042592589045,0.2605996742885718
25,2005-01-01,D_liquid,0.03250359600405815,0.08423362997558728,0.044112990525473246,1.1726712098935435
25,2005-01-01,water_plateau,7379.377264528889,10495.514713506116,8376.559364891022,0.37200684830552355
25,2005-01-01,water_k,0.2164582574028269,1.2506636321967375,0.4152784351489684,2.4903902713439026
25,2005-01-01,beta_time,0.3159513875291402,1.0163166896520104,0.48963080289971345,1.43039469325691
25,2005-01-01,beta_volume,0.5596513882274216,1.7363368163204291,0.8393525872716745,1.4018964687031437
25,2008-01-01,D_oil,0.14737599029013038,0.18205578272806555,0.17552877832770025,0.19757325703703338
25,2008-01-01,D_liquid,0.017293217798997146,0.04318599442796188,0.03470542114510279,0.7460729700039502
25,2008-01-01,water_plateau,10150.40932962747,43854.76562494102,43789.69677939342,0.769686907518715
25,2008-01-01,water_k,0.01277565143604122,0.23517657674813078,0.013557949007644322,16.403729294651733
25,2008-01-01,beta_time,0.20628020825747737,0.6056432114422434,0.24049203523108223,1.6606080230516949
25,2008-01-01,beta_volume,0.4434150008263185,1.1615569399100216,0.4964432289161792,1.4465741443418019
26,2003-01-01,D_oil,0.04185786287645424,0.051938029879721515,0.04185786287645424,0.240818959941157
26,2003-01-01,D_liquid,0.0,0.0,0.0,0.0
26,2003-01-01,water_plateau,18430.172119140647,18430.172119140647,18430.172119140647,0.0
26,2003-01-01,water_k,0.06774409358987128,0.07794721137238833,0.06774409358987128,0.15061265479892053
26,2003-01-01,beta_time,0.9362887362407648,2.161584781697927,2.161584781697927,0.5668507919891492
26,2003-01-01,beta_volume,1.498202403280296,3.5018025911544464,3.5018025911544464,0.5721625179372603
26,2004-01-01,D_oil,0.10695843083861593,0.15965231929185655,0.10695843083861593,0.49265764316183464
26,2004-01-01,D_liquid,0.015353365768136763,0.052463477692260105,0.015353365768136763,2.4170668819171177
26,2004-01-01,water_plateau,11649.01816314036,23751.27197265607,23751.27197265607,0.5095412920810546
26,2004-01-01,water_k,0.05245847942018085,0.14032765169303388,0.05245847942018085,1.675023242077612
26,2004-01-01,beta_time,0.5358073538285721,1.6164998348381538,1.6164998348381538,0.6685385656830469
26,2004-01-01,beta_volume,0.8805737759259318,2.6645340945970664,2.6645340945970664,0.66952054480688
26,2005-01-01,D_oil,0.13230363162858363,0.20406783327908562,0.15225073746767062,0.4713553631603303
26,2005-01-01,D_liquid,0.03277612679256145,0.0843529953355327,0.0444005872223325,1.1616258200528764
26,2005-01-01,water_plateau,9176.044437999582,27433.432617187496,11238.570196237528,1.6245294428378585
26,2005-01-01,water_k,0.04206410970643674,0.19659132576961222,0.13834601620876738,1.1169618056076895
26,2005-01-01,beta_time,0.42250642347173306,1.2599128356475462,0.6302332967946758,1.3287244841470705
26,2005-01-01,beta_volume,0.7473513021614983,2.154092725268384,1.0804605236944542,1.3019831750046438
26,2008-01-01,D_oil,0.10649879551897808,0.14365665340664827,0.132955185785366,0.2794765594751254
26,2008-01-01,D_liquid,0.02111454688605428,0.04473514010572923,0.035643203344424085,0.6626955773707159
26,2008-01-01,water_plateau,8101.373326418363,34063.4106445312,10284.688118697426,2.5243388052686013
26,2008-01-01,water_k,0.015742267908174568,0.24423537065340187,0.13081006495445305,1.7467547533501084
26,2008-01-01,beta_time,0.17603188916790288,0.707598031117726,0.23793222082890403,2.2341074281489175
26,2008-01-01,beta_volume,0.37763442789810947,1.3583340235879713,0.49200936135332074,1.9932539352347889
27,2003-01-01,D_oil,0.06027341687187021,0.07203328417162475,0.06027341687187021,0.1951086882091614
27,2003-01-01,D_liquid,0.0,0.0,0.0,0.0
27,2003-01-01,water_plateau,23177.521972360937,23177.521972656246,23177.521972656246,1.2741193473368497e-11
27,2003-01-01,water_k,0.06728813632510437,0.07694308697384594,0.06728813632510437,0.14348667054907607
27,2003-01-01,beta_time,0.8872935740697515,2.093813132562193,2.093813132562193,0.5762307723306842
27,2003-01-01,beta_volume,1.4196937321784047,3.3895673627262175,3.3895673627262175,0.5811578351295695
27,2004-01-01,D_oil,0.1218455400590302,0.17413787201172015,0.1218455400590302,0.42916902766696274
27,2004-01-01,D_liquid,0.012540502358001585,0.04814028607177436,0.012540502358001585,2.838784499813757
27,2004-01-01,water_plateau,10140.47583717121,27997.44628905304,27997.44628905304,0.6378071152462174
27,2004-01-01,water_k,0.05154374992109128,0.21699739382353792,0.05154374992109128,3.209965207338249
27,2004-01-01,beta_time,0.5216722992630962,1.5526812358088988,1.5526812358088988,0.664018417153524
27,2004-01-01,beta_volume,0.8552014404621632,2.5531520848916887,2.5531520848916887,0.6650409329225513
27,2005-01-01,D_oil,0.13615488482548097,0.19634395627120627,0.15398208814855766,0.390883590224186
27,2005-01-01,D_liquid,0.027541038696103016,0.07558340246445146,0.03828044920998278,1.2550104494547036
27,2005-01-01,water_plateau,6756.0446368880475,17506.284153354558,8955.774437155267,1.2003696153697727
27,2005-01-01,water_k,0.07978717338123019,0.6133807883408321,0.23755409017077336,2.2461983903371694
27,2005-01-01,beta_time,0.3777957277126122,1.1920137692074593,0.5726480654282551,1.421847187916253
27,2005-01-01,beta_volume,0.6637491554672159,2.02618100929166,0.9759366965867771,1.3960248227055998
27,2008-01-01,D_oil,0.1301081097233939,0.1535852270204733,0.1435242569273847,0.16357595433472633
27,2008-01-01,D_liquid,0.024698904797539042,0.043813586927204516,0.033229588037463016,0.5752307885404897
27,2008-01-01,water_plateau,10271.039278794415,14003.93968211519,11975.86075359078,0.31170205466872364
27,2008-01-01,water_k,0.06939407075059977,0.16119217753792808,0.0959953398064777,0.9562767002272108
27,2008-01-01,beta_time,0.19892044685259463,0.680939128314295,0.23158337470108406,2.081404513963342
27,2008-01-01,beta_volume,0.41534174852065714,1.285630234300067,0.4667589346797113,1.864535247464731
28,2003-01-01,D_oil,0.13201239098564707,0.15529614628962676,0.13201239098564707,0.17637552907068546
28,2003-01-01,D_liquid,0.0,0.0,0.0,0.0
28,2003-01-01,water_plateau,32033.093261195085,32033.093261718743,32033.093261718743,1.6347404890685176e-11
28,2003-01-01,water_k,0.06563602510901068,0.07310585848839643,0.06563602510901068,0.11380691269740338
28,2003-01-01,beta_time,0.814285745875059,1.830015104733072,1.830015104733072,0.5550387842324221
28,2003-01-01,beta_volume,1.3236305662379562,2.9985540921348264,2.9985540921348264,0.5585770589532387
28,2004-01-01,D_oil,0.15905828003600012,0.207313106651675,0.15905828003600012,0.30337827496156267
28,2004-01-01,D_liquid,0.024548522011553036,0.06412884278277269,0.024548522011553036,1.6123300927278774
28,2004-01-01,water_plateau,7051.269425941479,14136.695379070288,14136.695379070288,0.5012080803282322
28,2004-01-01,water_k,0.13650368504798024,0.7551013169378951,0.13650368504798024,4.5317284414152
28,2004-01-01,beta_time,0.46051182286696324,1.3106049061810627,1.3106049061810627,0.6486265077331074
28,2004-01-01,beta_volume,0.77762905272724,2.1994792613407577,2.1994792613407577,0.6464485633507573
28,2005-01-01,D_oil,0.17350408210347942,0.21700050345396882,0.19046514918656998,0.22836944992956434
28,2005-01-01,D_liquid,0.03899634008936861,0.08686648428725426,0.05094532000000621,0.9396377174170231
28,2005-01-01,water_plateau,7048.794356252372,9843.200570441562,7923.85966538389,0.35265720648698645
28,2005-01-01,water_k,0.2247929237999729,1.2849343868007672,0.4314332457548385,2.4572549135520694
28,2005-01-01,beta_time,0.31263885444781253,1.0186458145564694,0.49420253195883806,1.428578193054381
28,2005-01-01,beta_volume,0.5727545016394523,1.7824243943422917,0.869225281616939,1.391664414606767
28,2008-01-01,D_oil,0.1547228068153393,0.18455523258941378,0.17989923868484228,0.1658285270808546
28,2008-01-01,D_liquid,0.016087674314987567,0.041723938251235715,0.03732375505424409,0.6868618631482806
28,2008-01-01,water_plateau,10017.1668598388,42681.56249999999,42681.562359604824,0.7653045913585349
28,2008-01-01,water_k,0.013587473685476774,0.22508435909671448,0.014926357228874042,14.169357075423003
28,2008-01-01,beta_time,0.2202928967035595,0.6117125395131897,0.2472475683219798,1.583108159429505
28,2008-01-01,beta_volume,0.4881713282766245,1.2064183096611687,0.5265598208217351,1.3640368159189724
29,2003-01-01,D_oil,0.11151819536689207,0.1322371997202098,0.11151819536689207,0.18579034824902546
29,2003-01-01,D_liquid,0.0,0.0,0.0,0.0
29,2003-01-01,water_plateau,30847.216796874534,30847.216796874993,30847.216796874993,1.4859860217275517e-14
29,2003-01-01,water_k,0.06669691655873741,0.07564056201941483,0.06669691655873741,0.13409383704869007
29,2003-01-01,beta_time,0.8588068291617129,1.932661168955616,1.932661168955616,0.5556350782243944
29,2003-01-01,beta_volume,1.3804751843057865,3.137879969386853,3.137879969386853,0.5600611885178216
29,2004-01-01,D_oil,0.14866674347135186,0.20015231767766295,0.14866674347135186,0.34631534265249025
29,2004-01-01,D_liquid,0.020043541897335183,0.05932203924969748,0.020043541897335183,1.9596585051459605
29,2004-01-01,water_plateau,7252.823330714428,20312.392890300125,20312.392890300125,0.6429360455026495
29,2004-01-01,water_k,0.08325570836929738,0.6013732599325,0.08325570836929738,6.223207533890509
29,2004-01-01,beta_time,0.4818121940900294,1.3886284239561386,1.3886284239561386,0.6530301513508066
29,2004-01-01,beta_volume,0.7990169595939866,2.299789231833225,2.299789231833225,0.6525694839622029
29,2005-01-01,D_oil,0.16274239776441177,0.21482046544492533,0.18035742625572126,0.28874922847188034
29,2005-01-01,D_liquid,0.03554052476248946,0.0868188301424703,0.047433246614378984,1.081062525550091
29,2005-01-01,water_plateau,6870.673048612075,10513.253795273704,7982.093966578801,0.45634400721329427
29,2005-01-01,water_k,0.1898255990207436,1.2508581394807994,0.387656575248631,2.7370425479808826
29,2005-01-01,beta_time,0.33137632349979773,1.0723335946108337,0.5159498903713452,1.4361031660996109
29,2005-01-01,beta_volume,0.5960433166813407,1.8488248167170467,0.8933132369374506,1.402398899103546
29,2008-01-01,D_oil,0.14506593627545822,0.17360193502061855,0.16838508536159513,0.16946868354689062
29,2008-01-01,D_liquid,0.02032807825408951,0.04433018322504869,0.03689360452986565,0.6505763065663399
29,2008-01-01,water_plateau,9825.121608347401,41273.48632812499,41273.48632767432,0.7619507707709955
29,2008-01-01,water_k,0.013369552711338838,0.21695144802096225,0.01430891719765638,14.227624110017743
29,2008-01-01,beta_time,0.20766443486138134,0.6305092467398498,0.23516768296862905,1.7980566315095055
29,2008-01-01,beta_volume,0.4530144789880452,1.2241274016013313,0.4923678441615099,1.566131768670783
30,2003-01-01,D_oil,0.09637223671685323,0.11383445966269012,0.09637223671685323,0.18119557603650766
30,2003-01-01,D_liquid,0.0,0.0,0.0,0.0
30,2003-01-01,water_plateau,30211.437988277376,30211.437988281246,30211.437988281246,1.2812397252481117e-13
30,2003-01-01,water_k,0.06712090081809821,0.07666564774633872,0.06712090081809821,0.1422023067614566
30,2003-01-01,beta_time,0.8670828295663198,1.9318280651456825,1.9318280651456825,0.5511594198208671
30,2003-01-01,beta_volume,1.3887705172656444,3.1274878877543864,3.1274878877543864,0.5559469557969045
30,2004-01-01,D_oil,0.13557618728123522,0.18360883401539632,0.13557618728123522,0.35428527455580094
30,2004-01-01,D_liquid,0.012540500280097067,0.048140283505052776,0.012540500280097067,2.8387849312085147
30,2004-01-01,water_plateau,7604.966740016264,31416.71459971712,31416.71459971712,0.7579324624833705
30,2004-01-01,water_k,0.0497577634292853,0.5012629620363696,0.0497577634292853,9.074065381752018
30,2004-01-01,beta_time,0.482563303213319,1.3899096869705545,1.3899096869705545,0.6528095978199034
30,2004-01-01,beta_volume,0.7919672655334561,2.2849775772681054,2.2849775772681054,0.653402609543187
30,2005-01-01,D_oil,0.14930077195992572,0.20005834779857426,0.16578618500758674,0.3061628798342019
30,2005-01-01,D_liquid,0.027541037159294436,0.07558340269433753,0.03828044581168382,1.2550106070180553
30,2005-01-01,water_plateau,6961.153283608259,11859.27859434918,8412.797071643117,0.5822231618127287
30,2005-01-01,water_k,0.15641879962042965,1.05396978414284,0.3378753679170579,2.656455811075113
30,2005-01-01,beta_time,0.33656853019991934,1.0729468586120643,0.5200897940706202,1.4158676767115261
30,2005-01-01,beta_volume,0.591851142465725,1.8235940591583824,0.8865403939523816,1.3893816064051985
30,2008-01-01,D_oil,0.14934897922488588,0.17119946868130048,0.16118355987981897,0.13556276752236193
30,2008-01-01,D_liquid,0.024956223382548264,0.04443406765844208,0.03368349523776726,0.5782607813827614
30,2008-01-01,water_plateau,10239.798871484101,41646.74804687499,13067.496497608721,2.403440412717018
30,2008-01-01,water_k,0.01413784307147863,0.19914200976097635,0.09220131527983114,2.006524159964636
30,2008-01-01,beta_time,0.21245111859602905,0.6318328463687928,0.2370094482092019,1.7694726136090013
30,2008-01-01,beta_volume,0.4465582138375741,1.1947730979036693,0.478981769776707,1.5620947002114507
31,2003-01-01,D_oil,0.0323918673885774,0.041262223440780725,0.0323918673885774,0.2738451582859762
31,2003-01-01,D_liquid,0.0,0.0,0.0,0.0
31,2003-01-01,water_plateau,16866.22924804662,16866.229248046897,16866.229248046897,1.639289880819017e-14
31,2003-01-01,water_k,0.06828251442923339,0.0792831993825608,0.06828251442923339,0.16110544617873293
31,2003-01-01,beta_time,1.0019562578053087,2.2358872685699427,2.2358872685699427,0.5518753239978182
31,2003-01-01,beta_volume,1.6022804908663213,3.622454270655669,3.622454270655669,0.5576809612626783
31,2004-01-01,D_oil,0.08902792039127835,0.1347140719677039,0.08902792039127835,0.5131665591607059
31,2004-01-01,D_liquid,0.012540501207906505,0.04814028551353882,0.012540501207906505,2.8387848073558213
31,2004-01-01,water_plateau,6433.501647223946,20772.919921874938,20772.919921874938,0.6902938214069202
31,2004-01-01,water_k,0.05231518933068656,0.29444202698934446,0.05231518933068656,4.628232082429517
31,2004-01-01,beta_time,0.5005764282328603,1.644092224238065,1.644092224238065,0.6955302014977618
31,2004-01-01,beta_volume,0.8207614953475358,2.704727205501927,2.704727205501927,0.6965455541401914
31,2005-01-01,D_oil,0.11784789940740516,0.18494811519983517,0.13646038465170435,0.49171938041720853
31,2005-01-01,D_liquid,0.027541029526281288,0.07558338613477063,0.038280437214187384,1.255010655695542
31,2005-01-01,water_plateau,14435.870192077795,25882.348632812496,25882.348632812496,0.4422503770088068
31,2005-01-01,water_k,0.04261624943657154,0.09191287443066262,0.04266962588811505,1.1553095197823584
31,2005-01-01,beta_time,0.4195424223782502,1.2964748947639648,0.6546711692403718,1.33950067390815
31,2005-01-01,beta_volume,0.7343798373865076,2.2041211161529515,1.115380276413985,1.3177042035311497
31,2008-01-01,D_oil,0.09852048744825136,0.13398791819907097,0.12125756407910379,0.2924966456334387
31,2008-01-01,D_liquid,0.019476038746088196,0.040554499473475725,0.03138196747111967,0.6716742902364456
31,2008-01-01,water_plateau,8055.0614127534745,11605.52402019385,10954.155968578225,0.3241201437723551
31,2008-01-01,water_k,0.09439883608635914,0.24239615621557475,0.10233248426837098,1.4462398835260053
31,2008-01-01,beta_time,0.17399564975731976,0.726400763735992,0.24343089683894795,2.2692481568768956
31,2008-01-01,beta_volume,0.36239297249854935,1.370623873005877,0.4907926393892092,2.0542909970330236
32,2003-01-01,D_oil,0.04959003079388128,0.05936926539675736,0.04959003079388128,0.19720162392161092
32,2003-01-01,D_liquid,0.0,0.0,0.0,0.0
32,2003-01-01,water_plateau,20985.79589843743,20985.795898437496,20985.79589843743,3.1203781283571257e-15
32,2003-01-01,water_k,0.067138512391545,0.07650162193421112,0.067138512391545,0.1394595919561251
32,2003-01-01,beta_time,0.8830759868422786,2.0707012852124316,2.0707012852124316,0.5735377221482313
32,2003-01-01,beta_volume,1.4124895319569641,3.352232193595483,3.352232193595483,0.5786420956592572
32,2004-01-01,D_oil,0.11616514010761951,0.16866142693460714,0.11616514010761951,0.45191084673382403
32,2004-01-01,D_liquid,0.012540499252523835,0.04814028274240674,0.012540499252523835,2.8387851849453507
32,2004-01-01,water_plateau,12420.82954754938,26703.046874999996,26703.046874999996,0.5348534717520178
32,2004-01-01,water_k,0.05193727298268141,0.14864751082360517,0.05193727298268141,1.862058446410384
32,2004-01-01,beta_time,0.5286402071938339,1.5533788662041383,1.5533788662041383,0.6596836620510825
32,2004-01-01,beta_volume,0.8663783409172404,2.5545603747935495,2.5545603747935495,0.660850317155938
32,2005-01-01,D_oil,0.1320390361766379,0.19485991026440383,0.1501459951008446,0.41839859961348086
32,2005-01-01,D_liquid,0.027541027828503505,0.07558338095209136,0.038280435284097254,1.2550106279367719
32,2005-01-01,water_plateau,6934.820641276716,23623.640293163717,9496.494355838262,1.757366352945499
32,2005-01-01,water_k,0.05346923005828818,0.4765659753499743,0.2009512078113618,2.105470028768666
32,2005-01-01,beta_time,0.3911414282869136,1.196295593121919,0.5876257452234371,1.370181908093315
32,2005-01-01,beta_volume,0.6867184748256404,2.033462720314204,1.0013245370743067,1.344962792406458
32,2008-01-01,D_oil,0.11398098615678137,0.14282567955545145,0.13467281366142542,0.21418349119212107
32,2008-01-01,D_liquid,0.01947603740912305,0.04055449659834352,0.031381966379575875,0.6716742645846066
32,2008-01-01,water_plateau,10080.951612647319,36872.93597495989,10431.285815408532,2.568425871596472
32,2008-01-01,water_k,0.016171732724195115,0.14714516260932017,0.144894270296455,0.9039241483956006
32,2008-01-01,beta_time,0.18563302027766937,0.6779461314002344,0.22746387265259152,2.164357378520857
32,2008-01-01,beta_volume,0.38656223263973893,1.2789229725765148,0.4581071821550455,1.9479300362393317
33,2003-01-01,D_oil,0.15668951660948535,0.1801024207536553,0.15668951660948535,0.14942227566201208
33,2003-01-01,D_liquid,0.0,0.0004380262296454973,0.0,438.0262296454973
33,2003-01-01,water_plateau,22016.140042145133,34022.24365234374,34022.24365234374,0.3528898250474885
33,2003-01-01,water_k,0.06391222325995213,0.11649461636387287,0.06391222325995213,0.8227282735894004
33,2003-01-01,beta_time,0.7573599513059383,1.7744865290387033,1.7744865290387033,0.5731948713545745
33,2003-01-01,beta_volume,1.2567427094664247,2.958910937615345,2.958910937615345,0.5752684903455516
33,2004-01-01,D_oil,0.177198013998614,0.21803800644732202,0.177198013998614,0.2304765811259456
33,2004-01-01,D_liquid,0.029916544552654703,0.06773069191231777,0.029916544552654703,1.263987800900875
33,2004-01-01,water_plateau,7166.141865966435,11336.449619197123,11336.449619197123,0.36786718005332963
33,2004-01-01,water_k,0.2052599331550025,0.9688433152031958,0.2052599331550025,3.7200800483140157
33,2004-01-01,beta_time,0.4332347954413726,1.2703956642097998,1.2703956642097998,0.6589764845341711
33,2004-01-01,beta_volume,0.7518623994079211,2.177956583449892,2.177956583449892,0.6547854052182399
33,2005-01-01,D_oil,0.19929266022602393,0.23786493661039596,0.21635964533322122,0.17827851550119636
33,2005-01-01,D_liquid,0.044755193484462684,0.08895179632891549,0.05671917113116038,0.7792180661852457
33,2005-01-01,water_plateau,7677.805380720048,9707.916607215398,8212.30835665311,0.2472034826664392
33,2005-01-01,water_k,0.26320584803619673,0.7735717053571901,0.475731941174402,1.0728013260179532
33,2005-01-01,beta_time,0.31458388323169917,1.0028744016374578,0.4855324208750295,1.4175995027588832
33,2005-01-01,beta_volume,0.5911954149114134,1.7966559249717717,0.8749820799706973,1.3776973696429629
33,2008-01-01,D_oil,0.15284820772958846,0.19978785629068377,0.19868932169993497,0.2362464583375276
33,2008-01-01,D_liquid,0.012152909024856983,0.039037517579134644,0.037922575495824326,0.7089341428626845
33,2008-01-01,water_plateau,10117.370843078845,44773.08299682663,10219.231345760745,3.391224934752461
33,2008-01-01,water_k,0.012765003670159616,0.25783036456095393,0.253382198288147,0.9671767099127667
33,2008-01-01,beta_time,0.20645565577843902,0.607149729633623,0.2583173792968394,1.5511696307306357
33,2008-01-01,beta_volume,0.4660588420115893,1.2247786878824762,0.5630654733727799,1.3474806780926047
34,2003-01-01,D_oil,0.079840419134853,0.09538626436634642,0.079840419134853,0.19471146820053636
34,2003-01-01,D_liquid,0.0,0.0,0.0,0.0
34,2003-01-01,water_plateau,26973.041992187496,26973.041992187496,26973.041992187496,0.0
34,2003-01-01,water_k,0.06751209209255353,0.07757712736930904,0.06751209209255353,0.1490849263411534
34,2003-01-01,beta_time,0.8945559824876755,2.0081220025023008,2.0081220025023008,0.5545310586841943
34,2003-01-01,beta_volume,1.432129741418984,3.2512286321204105,3.2512286321204105,0.5595112176146877
34,2004-01-01,D_oil,0.12887917105246144,0.18001277781740513,0.12887917105246144,0.3967561736110895
34,2004-01-01,D_liquid,0.012540511514803128,0.048140301227417054,0.012540511514803128,2.838782905353666
34,2004-01-01,water_plateau,8535.88067027378,29685.109863281246,29685.109863281246,0.7124524480594169
34,2004-01-01,water_k,0.05079020812120127,0.32996673085335954,0.05079020812120127,5.496660341811478
34,2004-01-01,beta_time,0.5066040739697344,1.4631608867711647,1.4631608867711647,0.6537605135907613
34,2004-01-01,beta_volume,0.8308997929197496,2.4057223611311103,2.4057223611311103,0.6546152597055791
34,2005-01-01,D_oil,0.14121991512287638,0.19671567539061854,0.1583245911680689,0.35051889196941516
34,2005-01-01,D_liquid,0.02754103850332422,0.07558340471608886,0.03828044767511538,1.2550105636302447
34,2005-01-01,water_plateau,6704.512617845205,13438.583281927638,8470.041991696566,0.7950457235848469
34,2005-01-01,water_k,0.11946828450177636,0.8464877514436523,0.2902162078991285,2.505096018601996
34,2005-01-01,beta_time,0.3560675204237656,1.1231381381177301,0.5452845438551246,1.4067345688378172
34,2005-01-01,beta_volume,0.6261575942338163,1.9090254155033075,0.9294507030622136,1.3802429941070486
34,2008-01-01,D_oil,0.142108679095983,0.16224038693291104,0.15203346555491884,0.13241629244882208
34,2008-01-01,D_liquid,0.026566802214120996,0.045028602401123094,0.033929377651433286,0.5441243389921776
34,2008-01-01,water_plateau,10168.917331031129,39600.27099609364,11361.598602234499,2.5904236450735207
34,2008-01-01,water_k,0.01495972889118366,0.1797490634276781,0.1214029170547386,1.3573754118461059
34,2008-01-01,beta_time,0.2081576728165132,0.6526796278074017,0.2326935740407807,1.9103318895818922
34,2008-01-01,beta_volume,0.4355069385420199,1.2325610546080146,0.46910203199228256,1.6991060829152569
35,2003-01-01,D_oil,0.03366460637330704,0.04265339734270475,0.03366460637330704,0.2670101313445032
35,2003-01-01,D_liquid,0.0,0.0,0.0,0.0
35,2003-01-01,water_plateau,17167.757568359317,17167.757568359397,17167.757568359397,4.661967845091497e-15
35,2003-01-01,water_k,0.06822702858048314,0.07914227861119899,0.06822702858048314,0.1599842504915748
35,2003-01-01,beta_time,0.9905189477393059,2.2834253661530064,2.2834253661530064,0.566213565627468
35,2003-01-01,beta_volume,1.584130669620123,3.69959661548289,3.69959661548289,0.5718098932757959
35,2004-01-01,D_oil,0.09134897604775635,0.13776364693506768,0.09134897604775635,0.5081028041633022
35,2004-01-01,D_liquid,0.012540512158866588,0.048140300333432993,0.012540512158866588,2.838782636911371
35,2004-01-01,water_plateau,6864.621499949896,21283.400878906246,21283.400878906246,0.677465949215224
35,2004-01-01,water_k,0.052350572137016514,0.27286512336524293,0.052350572137016514,4.2122663082091325
35,2004-01-01,beta_time,0.5057510510704553,1.6796604629882121,1.6796604629882121,0.6988968531350109
35,2004-01-01,beta_volume,0.8291793887603123,2.7633131205725956,2.7633131205725956,0.6999328875952736
35,2005-01-01,D_oil,0.11917678452279426,0.18618636015486506,0.13782673371383908,0.4861870685494045
35,2005-01-01,D_liquid,0.027541030614393384,0.07558338733042799,0.03828043738777589,1.2550106528139096
35,2005-01-01,water_plateau,13777.4840423555,26211.748046874996,26211.748046874996,0.47437751890042024
35,2005-01-01,water_k,0.04224297796857776,0.09911444188855832,0.04258813554049155,1.335382805521243
35,2005-01-01,beta_time,0.41822750025231953,1.3190822097510628,0.6494574630532478,1.3870880862060153
35,2005-01-01,beta_volume,0.7321969978006793,2.242657174339332,1.1065019593803453,1.365076820455455
35,2008-01-01,D_oil,0.09943732488283351,0.13478640261451702,0.1223843822126732,0.28883650914097625
35,2008-01-01,D_liquid,0.01947603582326406,0.04055449788573777,0.031381967747468924,0.671674326864789
35,2008-01-01,water_plateau,8103.797879496876,11644.39184618238,11462.217706488595,0.3088925771040996
35,2008-01-01,water_k,0.08359435355693562,0.24334737449382868,0.10592357915775032,1.5081913036470889
35,2008-01-01,beta_time,0.17413949643243903,0.736935800021537,0.24226987965810867,2.323013923081632
35,2008-01-01,beta_volume,0.3626888377966128,1.3907252129253378,0.48844725223399604,2.1047029549799428
36,2003-01-01,D_oil,0.12783843190966448,0.14884689966172135,0.12783843190966448,0.16433608765556706
36,2003-01-01,D_liquid,0.0,0.0,0.0,0.0
36,2003-01-01,water_plateau,33416.350097656235,33416.35009765624,33416.35009765624,2.177364551460618e-16
36,2003-01-01,water_k,0.06558771546091055,0.0729941925921307,0.06558771546091055,0.11292476158335353
36,2003-01-01,beta_time,0.7992904298998421,1.8211459509163512,1.8211459509163512,0.5611057809520094
36,2003-01-01,beta_volume,1.2876322118120829,2.960525429312821,2.960525429312821,0.5650663226659194
36,2004-01-01,D_oil,0.15788953563943,0.20533608757601657,0.15788953563943,0.30050472784301263
36,2004-01-01,D_liquid,0.02074283977495854,0.06007109725306964,0.02074283977495854,1.895991961794426
36,2004-01-01,water_plateau,7231.973174536502,14096.26819159975,14096.26819159975,0.4869583157586218
36,2004-01-01,water_k,0.14336141584753684,0.788474500079535,0.14336141584753684,4.4999073175872395
36,2004-01-01,beta_time,0.4567080157376105,1.3035420908569606,1.3035420908569606,0.6496407604012492
36,2004-01-01,beta_volume,0.7606161748936932,2.16444423883789,2.16444423883789,0.6485859227761511
36,2005-01-01,D_oil,0.17400984385270615,0.220107822414112,0.19085468047984983,0.24153444099723198
36,2005-01-01,D_liquid,0.036393205322361365,0.08739520639510653,0.04835173202157532,1.0548122877994786
36,2005-01-01,water_plateau,7273.138056546461,10038.818431410178,8148.343437036591,0.33941627475995867
36,2005-01-01,water_k,0.23025110772091406,1.3070846529316134,0.43724749565420956,2.462755203662268
36,2005-01-01,beta_time,0.31152111231944063,1.0145121868163132,0.488848505850301,1.4380550744940765
36,2005-01-01,beta_volume,0.5614063375349151,1.7534163209947764,0.8485551578719395,1.404752504774421
36,2008-01-01,D_oil,0.1496629930971995,0.1836073418136259,0.1791623056626194,0.1894614416290613
36,2008-01-01,D_liquid,0.015107116061922287,0.041579363435144095,0.03582441873120613,0.7389442260555709
36,2008-01-01,water_plateau,10099.363873799732,43637.30468749997,43105.280415414454,0.7780471554874068
36,2008-01-01,water_k,0.013051235877925687,0.23495153677107278,0.014397519139333596,15.412398396257174
36,2008-01-01,beta_time,0.21166636853005882,0.6070301213888041,0.24346488778879155,1.6239046067362601
36,2008-01-01,beta_volume,0.4620387909858958,1.1809225330258377,0.5109241238919149,1.4070264221699198
37,2003-01-01,D_oil,0.035937170539924644,0.04527349001828821,0.035937170539924644,0.2597956193571589
37,2003-01-01,D_liquid,0.0,0.0,0.0,0.0
37,2003-01-01,water_plateau,17677.114099270864,17677.114257812496,17677.114257812496,8.968750770371653e-09
37,2003-01-01,water_k,0.06822192263033502,0.07912769614297986,0.06822192263033502,0.15985731700553923
37,2003-01-01,beta_time,0.9798560680402445,2.2944648726290042,2.2944648726290042,0.5729478887521505
37,2003-01-01,beta_volume,1.5673123090629077,3.7174351365027265,3.7174351365027265,0.5783887945554317
37,2004-01-01,D_oil,0.09540002663402151,0.14333195318620126,0.09540002663402151,0.5024309556648099
37,2004-01-01,D_liquid,0.012540502592655784,0.04814028608907597,0.012540502592655784,2.838784429363209
37,2004-01-01,water_plateau,7774.374893545248,22140.65917955698,22140.65917955698,0.648864343626972
37,2004-01-01,water_k,0.05247013798142786,0.2356417352040272,0.05247013798142786,3.4909684683397266
37,2004-01-01,beta_time,0.5178188939274432,1.6925857834066864,1.6925857834066864,0.6940663811524971
37,2004-01-01,beta_volume,0.8488657305274531,2.784588262295155,2.784588262295155,0.6951557463551943
37,2005-01-01,D_oil,0.12151283285261756,0.18851369374524302,0.1402918451035118,0.477582006589122
37,2005-01-01,D_liquid,0.027541038653952823,0.07558339904887375,0.03828044706699557,1.2550104315877184
37,2005-01-01,water_plateau,13157.915195325293,26762.775878906246,21088.097860985265,0.6451440415947176
37,2005-01-01,water_k,0.04250304268800378,0.10816408322105263,0.05587050663795451,1.1752361752961686
37,2005-01-01,beta_time,0.41745803547107757,1.3235156123643692,0.6444740070639025,1.4058869201274895
37,2005-01-01,beta_volume,0.7310465426348615,2.2502144906036197,1.0980275548190719,1.383542645447618
37,2008-01-01,D_oil,0.10154462558284263,0.13650494429927104,0.12448454939217353,0.2808406255003595
37,2008-01-01,D_liquid,0.01947603360663935,0.04055449649776371,0.03138196748593425,0.6716743588677785
37,2008-01-01,water_plateau,8234.17009013881,14305.373217908947,11352.713073744355,0.534779932191815
37,2008-01-01,water_k,0.05745705449462633,0.2408158967024511,0.11044573700374688,1.6601712948106302
37,2008-01-01,beta_time,0.17556809029947001,0.7391014827325697,0.24132746891363932,2.3351398619059145
37,2008-01-01,beta_volume,0.3656517653471623,1.3948666075657405,0.48651770949403067,2.1154725144310627
38,2003-01-01,D_oil,0.059414140809259525,0.07095890352059524,0.059414140809259525,0.1943100170109082
38,2003-01-01,D_liquid,0.0,0.0,0.0,0.0
38,2003-01-01,water_plateau,23012.031249999996,23012.031249999996,23012.031249999996,0.0
38,2003-01-01,water_k,0.06725384083376476,0.07684415886073713,0.06725384083376476,0.1425988152955802
38,2003-01-01,beta_time,0.8840041117343703,2.070935910521394,2.070935910521394,0.5731378710257591
38,2003-01-01,beta_volume,1.4144014766150914,3.3525522060345136,3.3525522060345136,0.578112020427541
38,2004-01-01,D_oil,0.12170729762342952,0.17418439561051519,0.12170729762342952,0.4311746215042363
38,2004-01-01,D_liquid,0.012540502717090661,0.04814028693395952,0.012540502717090661,2.8387844586447204
38,2004-01-01,water_plateau,10383.413461450584,27956.010742185088,27956.010742185088,0.6285802878955754
38,2004-01-01,water_k,0.05157668884773561,0.20831175523114068,0.05157668884773561,3.038874148088827
38,2004-01-01,beta_time,0.5231278154585997,1.5393388921494355,1.5393388921494355,0.6601607234595774
38,2004-01-01,beta_volume,0.8575642924647092,2.531257813361025,2.531257813361025,0.6612102141717329
38,2005-01-01,D_oil,0.13590629876167187,0.19626259744473115,0.1537367138899136,0.3925952178623947
38,2005-01-01,D_liquid,0.027541038835438916,0.0755834010458868,0.03828044860248214,1.255010428674359
38,2005-01-01,water_plateau,6747.67858895832,17707.95049595822,8982.313668751236,1.2202058746990574
38,2005-01-01,water_k,0.07846560923136327,0.6122385263249444,0.23531398744918677,2.268343343630786
38,2005-01-01,beta_time,0.3787824013590797,1.1822707890306863,0.5726976099159512,1.4029888963383768
38,2005-01-01,beta_volume,0.6654987780915441,2.0096103330301283,0.9760110605927305,1.3771478717898
38,2008-01-01,D_oil,0.11805297608652682,0.145743657502357,0.13892227485900074,0.19932499265459658
38,2008-01-01,D_liquid,0.01947603335400947,0.04055449583956094,0.03138196755511903,0.6716743444632471
38,2008-01-01,water_plateau,10298.374666702051,19031.220834329102,12274.599723773645,0.71145669627932
38,2008-01-01,water_k,0.04063240953337057,0.15990019614616283,0.09096385114721832,1.311155861461561
38,2008-01-01,beta_time,0.18772056372151252,0.6720930956311673,0.2241851543934433,2.160591468334181
38,2008-01-01,beta_volume,0.39092618263693957,1.2678795062723642,0.45127279945669396,1.9432886819042166
39,2003-01-01,D_oil,0.10138261063417697,0.11901948129531939,0.10138261063417697,0.17396346918686342
39,2003-01-01,D_liquid,0.0,0.0,0.0,0.0
39,2003-01-01,water_plateau,31080.981445312493,31080.981445312493,31080.981445312493,0.0
39,2003-01-01,water_k,0.066814003906137,0.07591705729973966,0.066814003906137,0.1362446921515286
39,2003-01-01,beta_time,0.8469915799918769,1.9183239109867838,1.9183239109867838,0.5584731154416017
39,2003-01-01,beta_volume,1.3568564862144805,3.1054452025645656,3.1054452025645656,0.5630718310231494
39,2004-01-01,D_oil,0.13797330846411848,0.18468411718934868,0.13797330846411848,0.3385496024209485
39,2004-01-01,D_liquid,0.012531544727875174,0.0481007142782195,0.012531544727875174,2.838370713486283
39,2004-01-01,water_plateau,7480.470163410991,23727.668505643214,23727.668505643214,0.6847364012342009
39,2004-01-01,water_k,0.07005063476652053,0.5612123976546867,0.07005063476652053,7.0115247995284165
39,2004-01-01,beta_time,0.47359833760780085,1.3764859212979006,1.3764859212979006,0.6559366643131077
39,2004-01-01,beta_volume,0.7774127731046221,2.2628119766713892,2.2628119766713892,0.6564395181219602
39,2005-01-01,D_oil,0.15582607042339533,0.2078162449737617,0.17269845347771173,0.3010459764023084
39,2005-01-01,D_liquid,0.029428689844464086,0.07913146788043311,0.040522721669738825,1.2265409624024735
39,2005-01-01,water_plateau,7074.329228876683,11474.824977755905,8418.771742953004,0.5227004464829076
39,2005-01-01,water_k,0.17011448807270327,1.1116817012301745,0.35483891161066045,2.653506090647088
39,2005-01-01,beta_time,0.33550570165394406,1.067615940665666,0.5140489947254987,1.4242032306719472
39,2005-01-01,beta_volume,0.5907891407062753,1.816358605362347,0.8771681104860481,1.3971888056634556
39,2008-01-01,D_oil,0.14744782601759934,0.1742144749813055,0.16520687794313366,0.16201897461508577
39,2008-01-01,D_liquid,0.023560053378955715,0.045210898504854255,0.03467790945581493,0.624341128564428
39,2008-01-01,water_plateau,10076.856361483668,41994.41406249997,16996.1478626656,1.8779289259496061
39,2008-01-01,water_k,0.013485766296465067,0.21230845428083056,0.051335909817857996,3.8729748569723785
39,2008-01-01,beta_time,0.2073604095502551,0.6279683128081085,0.23649626375294205,1.7784970323981322
39,2008-01-01,beta_volume,0.4406054197241122,1.1941793505313363,0.4821959544716869,1.5627960455057521
40,2003-01-01,D_oil,0.03973238083280693,0.04893766358707298,0.03973238083280693,0.23168213334614138
40,2003-01-01,D_liquid,0.0,0.0,0.0,0.0
40,2003-01-01,water_plateau,18656.438734353218,18656.439208984397,18656.439208984397,2.5440609190600863e-08
40,2003-01-01,water_k,0.0677440712929314,0.07793571832147818,0.0677440712929314,0.15044337953172587
40,2003-01-01,beta_time,0.9391212844050832,2.2259174623969864,2.2259174623969864,0.5780969868515308
40,2003-01-01,beta_volume,1.5020227190178306,3.6052869423475267,3.6052869423475267,0.5833833081702474
40,2004-01-01,D_oil,0.10476046982546595,0.15569338657132173,0.10476046982546595,0.48618450099270766
40,2004-01-01,D_liquid,0.01254050356405619,0.0481402910716003,0.01254050356405619,2.838784529321521
40,2004-01-01,water_plateau,12812.649093657075,24138.828124999825,24138.828124999825,0.4692099787401271
40,2004-01-01,water_k,0.052498504322893755,0.1257113454704224,0.052498504322893755,1.3945700376001322
40,2004-01-01,beta_time,0.5323020786175836,1.660762978011078,1.660762978011078,0.6794834147524976
40,2004-01-01,beta_volume,0.872248158085469,2.7318930628303524,2.7318930628303524,0.6807165807647739
40,2005-01-01,D_oil,0.12600548852765386,0.19264065522469645,0.14474374110517635,0.46036648070760394
40,2005-01-01,D_liquid,0.027541031419378293,0.07558338714582531,0.038280440385900734,1.2550105286704525
40,2005-01-01,water_plateau,9628.218630942738,27905.615234374996,11654.80162474537,1.5682288889950604
40,2005-01-01,water_k,0.042108425381616535,0.18612638912521892,0.13460785309421186,1.0699075903305908
40,2005-01-01,beta_time,0.4130562223896862,1.2875114446551774,0.6262415069150529,1.3963546213555396
40,2005-01-01,beta_volume,0.7238806394335039,2.1888179100027965,1.0669478914546409,1.3730166977246157
40,2008-01-01,D_oil,0.10540399385640627,0.13859981771618912,0.12796455426553466,0.25941421083606786
40,2008-01-01,D_liquid,0.019476039295008695,0.040554500137177846,0.031381968483698376,0.6716742722215954
40,2008-01-01,water_plateau,8482.204894644872,35020.95458983882,10898.063616817677,2.435180287830204
40,2008-01-01,water_k,0.016358522350388434,0.23171106056046908,0.1240045848075688,1.7366498064911573
40,2008-01-01,beta_time,0.17797579121859242,0.7204782149876144,0.23606377860847985,2.2981180211843575
40,2008-01-01,beta_volume,0.3706270815109247,1.359620488001534,0.47584011102319357,2.0784153827721417
41,2003-01-01,D_oil,0.16211298023676743,0.18661564549484638,0.16211298023676743,0.1511456098228075
41,2003-01-01,D_liquid,0.0,0.006672389650633414,0.0,6672.389650633415
41,2003-01-01,water_plateau,19480.11682395567,33532.08007812499,33532.08007812499,0.4190602915605069
41,2003-01-01,water_k,0.06373909196091622,0.13306794246296821,0.06373909196091622,1.087697492530382
41,2003-01-01,beta_time,0.7577608712720737,1.7725406928337215,1.7725406928337215,0.5725001550962093
41,2003-01-01,beta_volume,1.2699236115832933,2.9815224760751398,2.9815224760751398,0.5740687444841892
41,2004-01-01,D_oil,0.18045865524769322,0.22053285175927503,0.18045865524769322,0.22206857552261447
41,2004-01-01,D_liquid,0.032148317143549404,0.06891535714846687,0.032148317143549404,1.143669195521011
41,2004-01-01,water_plateau,7132.948516718587,11299.300154991262,11299.300154991262,0.36872652121133936
41,2004-01-01,water_k,0.20409288535764727,0.9527780166965669,0.20409288535764727,3.6683548768833494
41,2004-01-01,beta_time,0.4353690175237904,1.2707421753079426,1.2707421753079426,0.6573899678600923
41,2004-01-01,beta_volume,0.7646967935653314,2.2002241494410244,2.2002241494410244,0.6524459593084615
41,2005-01-01,D_oil,0.20515238232152677,0.24455742841021907,0.22276359894170897,0.1768917645247934
41,2005-01-01,D_liquid,0.04564699156864641,0.0867409744310345,0.05727251037999079,0.7175167037334028
41,2005-01-01,water_plateau,8031.012851882255,10061.83235079545,8403.95621259789,0.24165041410721655
41,2005-01-01,water_k,0.24751552287856082,0.5383618873263194,0.44731192650435925,0.6502092772724766
41,2005-01-01,beta_time,0.3294253151037687,1.0102147398003718,0.49547923756249007,1.3740019219488315
41,2005-01-01,beta_volume,0.6257357036627498,1.8277639182085836,0.9019650357167588,1.3326771736674092
41,2008-01-01,D_oil,0.14677940305768622,0.1999634545952504,0.1986040244189206,0.26778939496906506
41,2008-01-01,D_liquid,0.012491376067606606,0.03870963134512972,0.03851879781405177,0.6806613073463735
41,2008-01-01,water_plateau,9908.83579237347,18887.574539832684,10024.703436038222,0.8956612836227328
41,2008-01-01,water_k,0.04218078095512291,0.2837231224666015,0.2558154581800988,0.9442054175687393
41,2008-01-01,beta_time,0.195757209112787,0.6072163143134786,0.25613743821571294,1.6063997050449546
41,2008-01-01,beta_volume,0.44604751045617724,1.2369885801394622,0.5637866587403575,1.402908453794292
42,2003-01-01,D_oil,0.031875159283655405,0.04074407830458027,0.031875159283655405,0.2782392063362196
42,2003-01-01,D_liquid,0.0,0.0,0.0,0.0
42,2003-01-01,water_plateau,16734.534912109095,16734.534912109397,16734.534912109397,1.8043658970773927e-14
42,2003-01-01,water_k,0.06834068027446111,0.07943136011719973,0.06834068027446111,0.16228518355681637
42,2003-01-01,beta_time,1.0219433551539416,2.221407408336186,2.221407408336186,0.5399568078692202
42,2003-01-01,beta_volume,1.6339630651196826,3.5990691858415325,3.5990691858415325,0.5460039858228982
42,2004-01-01,D_oil,0.08783644038900348,0.1330721533710401,0.08783644038900348,0.5149993872896038
42,2004-01-01,D_liquid,0.012540502179911883,0.048140286384599745,0.012540502179911883,2.8387845792741615
42,2004-01-01,water_plateau,6161.823730930427,20509.218749999985,20509.218749999985,0.6995583397865688
42,2004-01-01,water_k,0.052297493070178586,0.3125206962622303,0.052297493070178586,4.975825568595713
42,2004-01-01,beta_time,0.4975451572018042,1.6321605278140086,1.6321605278140086,0.695161628575727
42,2004-01-01,beta_volume,0.8158437649568366,2.685118958919142,2.685118958919142,0.6961610351575472
42,2005-01-01,D_oil,0.11737599505033018,0.18459713062115415,0.1360068989622244,0.49424798362246675
42,2005-01-01,D_liquid,0.027541038634941666,0.07558340614836552,0.038280447041520144,1.255010618379551
42,2005-01-01,water_plateau,14858.452003647926,25753.337402343746,25753.33740222758,0.4230475153000344
42,2005-01-01,water_k,0.04272632557658982,0.08813884471532722,0.042830648312531555,1.0602809186395254
42,2005-01-01,beta_time,0.4206279617723922,1.2901100574507882,0.6630118756685737,1.3114125517007067
42,2005-01-01,beta_volume,0.7361941418158139,2.1932824713055132,1.1296155084407125,1.2898975966619124
42,2008-01-01,D_oil,0.09804146106206138,0.13372736108521957,0.1208238355081552,0.2953548020808321
42,2008-01-01,D_liquid,0.01947603431958402,0.040554499499728044,0.031381967806988466,0.6716744249367961
42,2008-01-01,water_plateau,8029.118070274743,11687.857477612193,10510.71337392506,0.3480962021487559
42,2008-01-01,water_k,0.10061860652207191,0.24287585674974932,0.10315071938561836,1.3791202918892238
42,2008-01-01,beta_time,0.17369384268978016,0.7235012748569767,0.24419703443130727,2.2514910283312943
42,2008-01-01,beta_volume,0.36176806287521096,1.3650721656094122,0.49234294492470404,2.037815537069675
43,2003-01-01,D_oil,0.08837181847762314,0.10518798240698028,0.08837181847762314,0.19028876194977482
43,2003-01-01,D_liquid,0.0,0.0,0.0,0.0
43,2003-01-01,water_plateau,28619.27490234338,28619.274902343746,28619.274902343746,1.2838755026814891e-14
43,2003-01-01,water_k,0.0674230558782567,0.07738555113711042,0.0674230558782567,0.1477609569765367
43,2003-01-01,beta_time,0.8899426002546197,2.114797118708545,2.114797118708545,0.579182989998546
43,2003-01-01,beta_volume,1.4250172430713741,3.4235990067500928,3.4235990067500928,0.5837663113402715
43,2004-01-01,D_oil,0.13759872453418548,0.1907871735607406,0.13759872453418548,0.38654754400242136
43,2004-01-01,D_liquid,0.01581902360876543,0.053517967444063216,0.01581902360876543,2.3831397415962225
43,2004-01-01,water_plateau,7939.25151713235,30510.317382812325,30510.317382812325,0.739784695861445
43,2004-01-01,water_k,0.0503340687935201,0.41324155130214507,0.0503340687935201,7.20997708326224
43,2004-01-01,beta_time,0.5042386122213376,1.5280940852353952,1.5280940852353952,0.6700212263804017
43,2004-01-01,beta_volume,0.8275595409028248,2.513071828407906,2.513071828407906,0.6706980152544607
43,2005-01-01,D_oil,0.15288728141776586,0.21249557589530424,0.171164618497607,0.34825126244400645
43,2005-01-01,D_liquid,0.03330337365279901,0.08614053684697116,0.04510013607839727,1.1715521900493973
43,2005-01-01,water_plateau,6669.428937649605,11717.441363543892,8104.685993263635,0.62285108023803
43,2005-01-01,water_k,0.14903601894911533,1.0330525412567682,0.3330995254016881,2.653911083306433
43,2005-01-01,beta_time,0.35434851941578677,1.1711253171695026,0.5404505347922031,1.5112887214881878
43,2005-01-01,beta_volume,0.6287953307449562,2.000978508355818,0.9264701147915374,1.4810873612686504
43,2008-01-01,D_oil,0.14272634362742284,0.168512439833529,0.15977376879442315,0.16139129971506452
43,2008-01-01,D_liquid,0.025285746388497975,0.04748069748710809,0.03691562563342828,0.6012345915251638
43,2008-01-01,water_plateau,9770.669994934287,39733.188476545576,13082.74221754701,2.290232275724623
43,2008-01-01,water_k,0.013818305050044654,0.19950570901855566,0.08145966343655342,2.2795012419016136
43,2008-01-01,beta_time,0.20518913782069126,0.674618815864725,0.23258006207764062,2.0183573512304216
43,2008-01-01,beta_volume,0.44101339329077394,1.29458850705018,0.47985569210758355,1.7788162728890473
44,2003-01-01,D_oil,0.07288491684192892,0.08730702663498151,0.07288491684192892,0.19787509429874103
44,2003-01-01,D_liquid,0.0,0.0,0.0,0.0
44,2003-01-01,water_plateau,25606.894531249996,25606.894531249996,25606.894531249996,0.0
44,2003-01-01,water_k,0.06755839523045243,0.07764645929289639,0.06755839523045243,0.1493236188934324
44,2003-01-01,beta_time,0.895766455024796,2.0205629085737744,2.0205629085737744,0.5566748002629238
44,2003-01-01,beta_volume,1.4338583585774676,3.2713949933667914,3.2713949933667914,0.5616981864052446
44,2004-01-01,D_oil,0.12555828342688752,0.17737193254345707,0.12555828342688752,0.4126661157066598
44,2004-01-01,D_liquid,0.01254051007530594,0.04814030076555197,0.01254051007530594,2.838783309169148
44,2004-01-01,water_plateau,9141.145170716361,28904.162597459755,28904.162597459755,0.6837429508675774
44,2004-01-01,water_k,0.05111124075160677,0.27407323189262556,0.05111124075160677,4.362288761968855
44,2004-01-01,beta_time,0.5134653696610672,1.480373599908724,1.480373599908724,0.6531514952085568
44,2004-01-01,beta_volume,0.8419761206716199,2.434134258584594,2.434134258584594,0.6540962694632899
44,2005-01-01,D_oil,0.14496739901471267,0.2085204741769115,0.1635627889218074,0.38855460695635924
44,2005-01-01,D_liquid,0.031765008443355884,0.083693948939631,0.0433136841417,1.1989037996950445
44,2005-01-01,water_plateau,6584.793722486498,14128.309536021528,8465.032873118183,0.8911383956334593
44,2005-01-01,water_k,0.10745149170334906,0.7884090765662712,0.2740675633657217,2.484633994991365
44,2005-01-01,beta_time,0.37536688578254207,1.1419238881279747,0.5603069024170426,1.3681020152324945
44,2005-01-01,beta_volume,0.6622028613860133,1.945032086893049,0.9570998082126332,1.3403296234095965
44,2008-01-01,D_oil,0.129572145891295,0.15758258166171388,0.1490971069642599,0.18786706422904137
44,2008-01-01,D_liquid,0.023907141692725193,0.04618581682810029,0.035502100178553646,0.6275311889529666
44,2008-01-01,water_plateau,9819.241609181494,19204.843715731004,12236.555922857493,0.7670133790683298
44,2008-01-01,water_k,0.037512286761064745,0.1798551538548713,0.08945516169636349,1.5912202761083718
44,2008-01-01,beta_time,0.19410023251925484,0.6560620611379411,0.22739517214940602,2.0315375399226254
44,2008-01-01,beta_volume,0.41243071490994615,1.2504276381911525,0.4649746347499468,1.802242231410887
45,2003-01-01,D_oil,0.05702646158606814,0.06962455447024289,0.05702646158606814,0.22091661544107677
45,2003-01-01,D_liquid,0.0,0.0,0.0,0.0
45,2003-01-01,water_plateau,20549.49455453621,20549.494628906177,20549.494628906177,3.6190655206647727e-09
45,2003-01-01,water_k,0.06719391306630973,0.0766737497358373,0.06719391306630973,0.1410817771569944
45,2003-01-01,beta_time,0.89910878886666,2.092696000716294,2.092696000716294,0.5703586242058519
45,2003-01-01,beta_volume,1.4426508976904147,3.396410824702408,3.396410824702408,0.5752425215471927
45,2004-01-01,D_oil,0.1204019042602986,0.17561526828863963,0.1204019042602986,0.4585755048273527
45,2004-01-01,D_liquid,0.017260063316870956,0.05509059016782327,0.017260063316870956,2.191795369254215
45,2004-01-01,water_plateau,11145.927672448826,26094.494628906246,26094.494628906246,0.5728628651002157
45,2004-01-01,water_k,0.05194131835727623,0.16877596183452714,0.05194131835727623,2.2493584524291164
45,2004-01-01,beta_time,0.5356813538559428,1.5667934938931314,1.5667934938931314,0.6581034093236534
45,2004-01-01,beta_volume,0.8843050776579514,2.5904278674787897,2.5904278674787897,0.6586258630244634
45,2005-01-01,D_oil,0.14201152231839975,0.2117904174021737,0.1620048845222159,0.43072093344324497
45,2005-01-01,D_liquid,0.03533957797166679,0.08774828769417299,0.04731475624122299,1.1076609896353031
45,2005-01-01,water_plateau,6794.903780649295,22233.561975607117,9137.929112307778,1.689513893707455
45,2005-01-01,water_k,0.05582401665437499,0.4667598046602964,0.20632556911163508,1.9916861966030945
45,2005-01-01,beta_time,0.4051069407134481,1.2125771725890129,0.6009628207719455,1.3436275988560449
45,2005-01-01,beta_volume,0.7230228360862644,2.0832714947773856,1.0359620720673617,1.3130294007546188
45,2008-01-01,D_oil,0.1144709084083687,0.14809412808322447,0.14063967821222756,0.23907349691256968
45,2008-01-01,D_liquid,0.020856835551997258,0.04477658666017081,0.03649562673179477,0.655414175620522
45,2008-01-01,water_plateau,9223.174578838018,35572.81494140624,9805.15389722054,2.687325526837222
45,2008-01-01,water_k,0.015507170274489794,0.1661371111748791,0.15502385910610886,0.9716565035146488
45,2008-01-01,beta_time,0.18285473425440435,0.6849381800989534,0.22983482431257812,2.1845403425971233
45,2008-01-01,beta_volume,0.3950125508087219,1.323261347910759,0.47852165815552933,1.9398260899621333
46,2003-01-01,D_oil,0.12197633892447264,0.14501112531953606,0.12197633892447264,0.18884635002306865
46,2003-01-01,D_liquid,0.0,0.0,0.0,0.0
46,2003-01-01,water_plateau,30518.55224609357,30518.552246093746,30518.55224609357,5.721863256562384e-15
46,2003-01-01,water_k,0.06631153156730529,0.07470872076181512,0.06631153156730529,0.12663241213161835
46,2003-01-01,beta_time,0.8506672548585321,1.8990608907276325,1.8990608907276325,0.5520589892551598
46,2003-01-01,beta_volume,1.3797950552613567,3.107070388764812,3.107070388764812,0.5559176707902386
46,2004-01-01,D_oil,0.15375965704874572,0.20479708033758812,0.15375965704874572,0.33192987203829566
46,2004-01-01,D_liquid,0.024032299820255405,0.06369974662787088,0.024032299820255405,1.650588878480208
46,2004-01-01,water_plateau,7077.211153212986,17473.54758947608,17473.54758947608,0.5949757130329144
46,2004-01-01,water_k,0.09919398960746666,0.6394587112697339,0.09919398960746666,5.446546951082606
46,2004-01-01,beta_time,0.4770537567030259,1.3640854034774361,1.3640854034774361,0.6502757411765552
46,2004-01-01,beta_volume,0.8027313678707161,2.2840621078623022,2.2840621078623022,0.6485509894378451
46,2005-01-01,D_oil,0.16700807798311812,0.214725635138826,0.1845067768604661,0.2586222466603189
46,2005-01-01,D_liquid,0.03864252906356526,0.08723731485838863,0.05062030188838009,0.9599860921805037
46,2005-01-01,water_plateau,6806.2711545010125,10079.934588276932,7812.056905600124,0.4190526865503466
46,2005-01-01,water_k,0.20134935143234048,1.2742326012896112,0.4030538395414278,2.661885695166525
46,2005-01-01,beta_time,0.32488716837848036,1.0547240470045913,0.5111003600202809,1.4279717560698848
46,2005-01-01,beta_volume,0.5941995948663578,1.841784333086894,0.8970558577074503,1.3907547980444723
46,2008-01-01,D_oil,0.15214490857572643,0.17832447485059286,0.1732427097510821,0.15111496646803574
46,2008-01-01,D_liquid,0.019698264869060622,0.0436997804000848,0.038143276460333796,0.6292462986493567
46,2008-01-01,water_plateau,9824.238463285972,41217.42187499999,41214.48492456161,0.7617026749012062
46,2008-01-01,water_k,0.013697622871269825,0.21581577342281325,0.014961251150496555,13.509441725054876
46,2008-01-01,beta_time,0.21784894418166467,0.6259165717823181,0.24161179397033983,1.6889391899914772
46,2008-01-01,beta_volume,0.4825468204278901,1.232572624498277,0.513767620354879,1.4598541721105651
47,2003-01-01,D_oil,0.04560355072338505,0.05491237691482964,0.04560355072338505,0.20412503070010105
47,2003-01-01,D_liquid,0.0,0.0,0.0,0.0
47,2003-01-01,water_plateau,20095.391845703092,20095.391845703147,20095.391845703092,2.7155321242488776e-15
47,2003-01-01,water_k,0.06723775671390232,0.07670755937012182,0.06723775671390232,0.14084055029547832
47,2003-01-01,beta_time,0.8972619071619266,2.0888131754113983,2.0888131754113983,0.5704441556937192
47,2003-01-01,beta_volume,1.434987460208738,3.3819347532388533,3.3819347532388533,0.5756903769848127
47,2004-01-01,D_oil,0.1133311587114921,0.16588972241692793,0.1133311587114921,0.46376093126546525
47,2004-01-01,D_liquid,0.012540508810887368,0.048140298115266794,0.012540508810887368,2.8387834848832085
47,2004-01-01,water_plateau,14739.65338573894,26032.272949218524,26032.272949218524,0.433793068531059
47,2004-01-01,water_k,0.05218130904210346,0.1139600873933944,0.05218130904210346,1.1839254224428057
47,2004-01-01,beta_time,0.5332363544648466,1.5711546718050469,1.5711546718050469,0.6606086185949921
47,2004-01-01,beta_volume,0.8737748817921901,2.5840128282233383,2.5840128282233383,0.6618535046542466
47,2005-01-01,D_oil,0.1305212597485009,0.19507248948289013,0.1489077062232924,0.4334982478179629
47,2005-01-01,D_liquid,0.027541036381897702,0.07558339767244851,0.03828044599845937,1.2550104900158248
47,2005-01-01,water_plateau,7315.146205020026,29137.023925360194,10089.607910935953,2.162807307575135
47,2005-01-01,water_k,0.04150308953725121,0.38151218985460517,0.17746098124747856,1.9159654022378791
47,2005-01-01,beta_time,0.4004788358015084,1.2125826646307163,0.6011998833094759,1.3508050340242104
47,2005-01-01,beta_volume,0.7027073443174792,2.0611904702776296,1.0243722021331834,1.3261616462563162
47,2008-01-01,D_oil,0.11056535127408235,0.14099714970539468,0.13231647340600494,0.22999251452186328
47,2008-01-01,D_liquid,0.019476034492470772,0.040554497211309506,0.03138196636104259,0.6716743774540983
47,2008-01-01,water_plateau,9183.385102678403,36260.949707031185,10496.800309885211,2.5796017648209304
47,2008-01-01,water_k,0.016110408369103286,0.18746842373920358,0.14096333426355892,1.2156211845110905
47,2008-01-01,beta_time,0.18191688314960208,0.684562237634154,0.22909727886492848,2.194025860869794
47,2008-01-01,beta_volume,0.3788245214722428,1.291477095161708,0.4615832334709991,1.9772221075417518
48,2003-01-01,D_oil,0.05181837022756261,0.06387589379078397,0.05181837022756261,0.2326882051726101
48,2003-01-01,D_liquid,0.0,0.0,0.0,0.0
48,2003-01-01,water_plateau,19412.192382812496,19412.192382812496,19412.192382812496,0.0
48,2003-01-01,water_k,0.06739641827224904,0.07712715816660286,0.06739641827224904,0.1443806680504343
48,2003-01-01,beta_time,0.9164630964664845,2.112201357920653,2.112201357920653,0.5661099766696995
48,2003-01-01,beta_volume,1.4699059248167334,3.4275428132025714,3.4275428132025714,0.5711487777323175
48,2004-01-01,D_oil,0.11545514226096013,0.17018312789994572,0.11545514226096013,0.47401947256091387
48,2004-01-01,D_liquid,0.017137260232985896,0.05487313243085398,0.017137260232985896,2.2019781274741845
48,2004-01-01,water_plateau,12109.036980363144,25032.9052721827,25032.9052721827,0.5162752046276042
48,2004-01-01,water_k,0.052228896313666444,0.14198828816474826,0.052228896313666444,1.718577228054405
48,2004-01-01,beta_time,0.5393912634800456,1.5837099581419871,1.5837099581419871,0.6594128484783532
48,2004-01-01,beta_volume,0.8903712693772039,2.618678933015689,2.618678933015689,0.6599921975345614
48,2005-01-01,D_oil,0.13891403016132892,0.21022384417489087,0.1591137829180267,0.4481686797070234
48,2005-01-01,D_liquid,0.03490504194843265,0.08688138288863138,0.04679397574982074,1.1107485548585352
48,2005-01-01,water_plateau,7447.292781151691,28232.443847655835,9987.436164514049,2.0811298038985235
48,2005-01-01,water_k,0.04162117630254452,0.32988897069934725,0.1718824654636463,1.6771215936379054
48,2005-01-01,beta_time,0.41630071919470174,1.2303386670128091,0.6168334473489512,1.3197046160786332
48,2005-01-01,beta_volume,0.7420161873286717,2.1131475507318327,1.0628532118516494,1.2900477207143637
48,2008-01-01,D_oil,0.11016554454120218,0.1457674553262458,0.13733263175629506,0.2592385387925961
48,2008-01-01,D_liquid,0.020709989621816808,0.04458831785763943,0.03635949313860707,0.6567288533092405
48,2008-01-01,water_plateau,8492.190539656223,34790.96578492097,9961.455383479937,2.6400535095382343
48,2008-01-01,water_k,0.015585216323979181,0.21237592878740102,0.1440654068376108,1.365981721658153
48,2008-01-01,beta_time,0.17891592295692213,0.6926639448271344,0.23316112930372268,2.203403386337989
48,2008-01-01,beta_volume,0.3864268610824772,1.3377133158683976,0.48545423530570986,1.9595800913897834
49,2003-01-01,D_oil,0.127511333359374,0.14847911549009618,0.127511333359374,0.1644385763862042
49,2003-01-01,D_liquid,0.0,0.0,0.0,0.0
49,2003-01-01,water_plateau,33122.19726469557,33122.19726562499,33122.19726562499,2.806044364220832e-11
49,2003-01-01,water_k,0.06549160048192289,0.07275502203005893,0.06549160048192289,0.11090615429593763
49,2003-01-01,beta_time,0.7935742796183342,1.817733583154919,1.817733583154919,0.5634265180703872
49,2003-01-01,beta_volume,1.2789515743388358,2.9558922881521776,2.9558922881521776,0.5673213197026373
49,2004-01-01,D_oil,0.1576383390132948,0.20539976891538295,0.1576383390132948,0.3029810527124374
49,2004-01-01,D_liquid,0.020616351001922682,0.05986461800025007,0.020616351001922682,1.9037446051761098
49,2004-01-01,water_plateau,7246.858775780155,14303.937023889923,14303.937023889923,0.4933661436234855
49,2004-01-01,water_k,0.1402959706473624,0.7774369767131399,0.1402959706473624,4.541406307863595
49,2004-01-01,beta_time,0.45849224632673263,1.3033535773979132,1.3033535773979132,0.6482211317959538
49,2004-01-01,beta_volume,0.7633145302537961,2.163685667389683,2.163685667389683,0.6472156091070865
49,2005-01-01,D_oil,0.17309980387506135,0.21885060057685732,0.18983976218243231,0.2409969132695728
49,2005-01-01,D_liquid,0.03604829786007186,0.08675037653917521,0.04794234648403121,1.057563561182625
49,2005-01-01,water_plateau,7269.894038355607,10065.493717441666,8158.913264902201,0.3426436325916218
49,2005-01-01,water_k,0.22843900997827174,1.2749856566415008,0.4330784713810771,2.4165289106286356
49,2005-01-01,beta_time,0.310903299927596,1.0135586120029763,0.48740819412021075,1.4416157146141095
49,2005-01-01,beta_volume,0.5600113657412311,1.751254958872389,0.8457753234947244,1.4084634063440942
49,2008-01-01,D_oil,0.1517506515342316,0.18401602532262698,0.17899660943977735,0.18025689921937285
49,2008-01-01,D_liquid,0.017574053773367782,0.04293407950666311,0.03652055202478334,0.6944042279559649
49,2008-01-01,water_plateau,9982.914621035552,43335.35156249982,43327.516211205504,0.7697749573015807
49,2008-01-01,water_k,0.012799657698945683,0.2385217206559819,0.01375855842057211,16.40593847532249
49,2008-01-01,beta_time,0.21170841323634765,0.6059571096998183,0.24256161873262727,1.6253548212755218
49,2008-01-01,beta_volume,0.46292452144882257,1.1790663075039791,0.5093005466513479,1.4061280530009053
50,2003-01-01,D_oil,0.03901452065649945,0.048115598977488204,0.03901452065649945,0.2332741289100678
50,2003-01-01,D_liquid,0.0,0.0,0.0,0.0
50,2003-01-01,water_plateau,18497.932128887333,18497.932128906246,18497.932128906246,1.02248465862374e-12
50,2003-01-01,water_k,0.06774393869164823,0.0779399196215242,0.06774393869164823,0.15050764875489858
50,2003-01-01,beta_time,0.9419162786934434,2.192815670752883,2.192815670752883,0.5704535081281843
50,2003-01-01,beta_volume,1.5064344885016987,3.551513495998178,3.551513495998178,0.5758330947639255
50,2004-01-01,D_oil,0.10406998626817499,0.15487702930181774,0.10406998626817499,0.4882007277556425
50,2004-01-01,D_liquid,0.012540503714423576,0.04814028552331719,0.012540503714423576,2.8387840408633824
50,2004-01-01,water_plateau,12948.697058201735,23985.99609374983,23985.99609374983,0.46015595901911066
50,2004-01-01,water_k,0.05251685522719977,0.12288283884340477,0.05251685522719977,1.3398742805864112
50,2004-01-01,beta_time,0.5319432522478577,1.6386458974675884,1.6386458974675884,0.675376325617427
50,2004-01-01,beta_volume,0.8716470894622659,2.6954551690096795,2.6954551690096795,0.6766234142998148
50,2005-01-01,D_oil,0.12574972400664902,0.1927074058195167,0.14453330029822706,0.46326819961011456
50,2005-01-01,D_liquid,0.027541039647005515,0.07558340148997121,0.03828044927917724,1.2550103968894242
50,2005-01-01,water_plateau,10186.590711257451,27826.789550781246,11929.473915936747,1.4787071889195391
50,2005-01-01,water_k,0.04216123482095333,0.16763435109719507,0.12975562444452163,0.9669955873850316
50,2005-01-01,beta_time,0.4149729871960741,1.272678069792273,0.628966391337706,1.3636739488925698
50,2005-01-01,beta_volume,0.7271583952061527,2.1635204531194034,1.0715704981012395,1.3404270278608834
50,2008-01-01,D_oil,0.10499201893621754,0.13850788106229708,0.12771214716353865,0.262432845038316
50,2008-01-01,D_liquid,0.01947603449170856,0.04055449828443127,0.03138196810122707,0.6716743744283686
50,2008-01-01,water_plateau,8414.958685655301,34940.90125060331,10950.286516875189,2.4223971239537523
50,2008-01-01,water_k,0.01635256180723077,0.23774755346329532,0.12252724244250168,1.806904221809762
50,2008-01-01,beta_time,0.17753535269194134,0.7135017370612325,0.2368290685308931,2.2630937481366535
50,2008-01-01,beta_volume,0.3697133416372411,1.3463099487558057,0.4774133940945074,2.045599514380697
51,2003-01-01,D_oil,0.03710490868737128,0.04611504170516695,0.03710490868737128,0.24282859967965065
51,2003-01-01,D_liquid,0.0,0.0,0.0,0.0
51,2003-01-01,water_plateau,18035.284422666315,18035.284423828147,18035.284423828147,6.441995371336731e-11
51,2003-01-01,water_k,0.06787497630668494,0.0782625119470351,0.06787497630668494,0.15303925254301845
51,2003-01-01,beta_time,0.9500691739276496,2.2459852751844087,2.2459852751844087,0.5769922517191733
51,2003-01-01,beta_volume,1.519543742200218,3.6381392269846455,3.6381392269846455,0.5823294141880209
51,2004-01-01,D_oil,0.10009646689167978,0.14969571481679006,0.10009646689167978,0.495514471842293
51,2004-01-01,D_liquid,0.012540509578097261,0.04814029031748381,0.012540509578097261,2.838782628224587
51,2004-01-01,water_plateau,10686.676084760053,23146.921386718583,23146.921386718583,0.5383111254314824
51,2004-01-01,water_k,0.052496846322475574,0.15290954713549285,0.052496846322475574,1.9127377708787698
51,2004-01-01,beta_time,0.5253696620257507,1.6696312964989806,1.6696312964989806,0.6853379167440207
51,2004-01-01,beta_volume,0.8609681358437474,2.7465887133323523,2.7465887133323523,0.6865318306798249
51,2005-01-01,D_oil,0.12314915443622593,0.18995303661911642,0.14181946161241477,0.47104876455857686
51,2005-01-01,D_liquid,0.027541028397626306,0.07558337926640042,0.038280434501005024,1.2550105947076646
51,2005-01-01,water_plateau,12086.15055649095,27215.878906249996,12286.339865945378,1.2314268134234851
51,2005-01-01,water_k,0.04227607732531031,0.12214530201547033,0.12089620912841938,0.6606429206173097
51,2005-01-01,beta_time,0.41495162357732424,1.2985873008546422,0.6317532464322445,1.3987038171430874
51,2005-01-01,beta_volume,0.7269303209313823,2.2076964625042144,1.076314742139313,1.3757742820000962
51,2008-01-01,D_oil,0.10753469843351815,0.14000530598620237,0.12739829812783704,0.25487473561147406
51,2008-01-01,D_liquid,0.021548961042894707,0.04194004960447201,0.03218789682583978,0.6335017373737745
51,2008-01-01,water_plateau,8312.011835694497,20952.88391559119,11086.691719900344,1.1401843218213268
51,2008-01-01,water_k,0.03179040524551959,0.2383810791355677,0.11684576885282832,1.7680629424438712
51,2008-01-01,beta_time,0.18112950052753282,0.7280164120161142,0.24137854331435785,2.265681547246503
51,2008-01-01,beta_volume,0.37807437235357333,1.3749042655045076,0.4872292424584715,2.0459155696836033
52,2003-01-01,D_oil,0.06496213213941943,0.07776026858173908,0.06496213213941943,0.19700918090023198
52,2003-01-01,D_liquid,0.0,0.0,0.0,0.0
52,2003-01-01,water_plateau,24085.031738253976,24085.03173828123,24085.03173828123,1.1316463070883274e-12
52,2003-01-01,water_k,0.06742105633247371,0.07729439789154358,0.06742105633247371,0.14644299713106573
52,2003-01-01,beta_time,0.8942148760728192,2.0990738686533845,2.0990738686533845,0.5739955180107675
52,2003-01-01,beta_volume,1.4309752686831902,3.39819816725188,3.39819816725188,0.578901759622683
52,2004-01-01,D_oil,0.12364313772819424,0.1759108770422063,0.12364313772819424,0.4227306122634372
52,2004-01-01,D_liquid,0.012540502629556841,0.048140282450027765,0.012540502629556841,2.838784127883793
52,2004-01-01,water_plateau,9725.690283232672,28403.291015368723,28403.291015368723,0.6575857960272913
52,2004-01-01,water_k,0.05141802162205526,0.23849829139007536,0.05141802162205526,3.638418279550722
52,2004-01-01,beta_time,0.5200368545249562,1.5483915422515355,1.5483915422515355,0.6641438290416105
52,2004-01-01,beta_volume,0.8526045846923889,2.546032232405743,2.546032232405743,0.6651241984133234
52,2005-01-01,D_oil,0.13728516548004757,0.19647760842116785,0.15498597162057465,0.38192129469647035
52,2005-01-01,D_liquid,0.027541030549687602,0.07558338338247178,0.03828043748700356,1.255010548118601
52,2005-01-01,water_plateau,6717.251198926172,16302.363242026013,8816.896341093176,1.0871299459908834
52,2005-01-01,water_k,0.08835683298268134,0.6653064437771514,0.24939797999838312,2.313369221347384
52,2005-01-01,beta_time,0.37316729142330385,1.1874267671877032,0.5676062170902134,1.4345499595452524
52,2005-01-01,beta_volume,0.6557830368507147,2.018384260081541,0.9673903754094041,1.4085329540870892
52,2008-01-01,D_oil,0.1334460775242575,0.1559398273447276,0.14574143390564714,0.15434011603750616
52,2008-01-01,D_liquid,0.025767797899517417,0.044525429145260045,0.03364310075020558,0.557547634655168
52,2008-01-01,water_plateau,10207.302736402487,13134.945572461851,12312.711915891214,0.23777400592641545
52,2008-01-01,water_k,0.07831128634825894,0.16609950635882828,0.09213594969734604,0.9528117992916078
52,2008-01-01,beta_time,0.20102443368963924,0.6798320756723653,0.23163648207509563,2.067064901406586
52,2008-01-01,beta_volume,0.42023784073212245,1.2840467563129436,0.46708709845972196,1.8493529759852905
53,2003-01-01,D_oil,0.15012614252826306,0.17166132191926328,0.15012614252826306,0.14344723063104056
53,2003-01-01,D_liquid,0.0,0.0,0.0,0.0
53,2003-01-01,water_plateau,21217.281841512984,34618.72558593749,34618.72558593749,0.38711545608912656
53,2003-01-01,water_k,0.06369303481921763,0.12395995117277983,0.06369303481921763,0.9462088990518364
53,2003-01-01,beta_time,0.7362820026277298,1.7635078528880281,1.7635078528880281,0.5824900913132031
53,2003-01-01,beta_volume,1.204643335593803,2.9038155274768536,2.9038155274768536,0.5851515620758022
53,2004-01-01,D_oil,0.17282684520406075,0.2146906502582386,0.17282684520406075,0.24222975895178944
53,2004-01-01,D_liquid,0.025700852462657443,0.0647691721855493,0.025700852462657443,1.5201176606751443
53,2004-01-01,water_plateau,7302.196884141637,11481.13797897621,11481.13797897621,0.36398317853917256
53,2004-01-01,water_k,0.20798564837151692,0.9929309906513312,0.20798564837151692,3.7740360857865345
53,2004-01-01,beta_time,0.4300307362921212,1.2637759761312102,1.2637759761312102,0.6597255016600555
53,2004-01-01,beta_volume,0.7327303354769181,2.1344341818544326,2.1344341818544326,0.6567098007958673
53,2005-01-01,D_oil,0.19136399690962888,0.2284710915451205,0.20743896128932926,0.17888199210434638
53,2005-01-01,D_liquid,0.04173574148934998,0.0891150778532702,0.05393263060586434,0.8784911069917004
53,2005-01-01,water_plateau,7622.911351543441,9485.362535275934,8153.550060158028,0.22842211919851702
53,2005-01-01,water_k,0.2809440275307729,0.9262743108254832,0.5014577378603555,1.2869086157653828
53,2005-01-01,beta_time,0.2963448702242372,0.9892676586999752,0.46768564251206873,1.481599445203959
53,2005-01-01,beta_volume,0.5466121481974002,1.7436176868557678,0.8286803576467305,1.4444719578699794
53,2008-01-01,D_oil,0.1649313987008182,0.20290256971038864,0.1978247445331528,0.1919434856300648
53,2008-01-01,D_liquid,0.013531235556772828,0.04049424804821884,0.03741990535265854,0.7205526640791035
53,2008-01-01,water_plateau,10196.33084449818,45291.2011718732,11120.550312090407,3.15585734001126
53,2008-01-01,water_k,0.012716640165137374,0.2564890120477343,0.1905168072654312,1.2795321073325
53,2008-01-01,beta_time,0.22373565059639572,0.6041850888352188,0.26105432646791404,1.4573573377861018
53,2008-01-01,beta_volume,0.49839700189834,1.1997112823813492,0.5601382829228216,1.2520377590039482
54,2003-01-01,D_oil,0.1158056056962986,0.13323761520350236,0.1158056056962986,0.15052820113837484
54,2003-01-01,D_liquid,0.0,0.0,0.0,0.0
54,2003-01-01,water_plateau,33832.76611323259,33832.76611328124,33832.76611328124,1.4380830820375943e-12
54,2003-01-01,water_k,0.06580299255817759,0.07351578367457272,0.06580299255817759,0.11721033978167651
54,2003-01-01,beta_time,0.791100633459263,1.8176858871900006,1.8176858871900006,0.5647759389922742
54,2003-01-01,beta_volume,1.2684346350572602,2.942968103226081,2.942968103226081,0.5689947731112673
54,2004-01-01,D_oil,0.15297523942598873,0.19961946286549795,0.15297523942598873,0.3049135508107916
54,2004-01-01,D_liquid,0.01624384900785891,0.054125258753878816,0.01624384900785891,2.332046408932548
54,2004-01-01,water_plateau,7411.378423582841,15385.403510094446,15385.403510094446,0.5182850798342601
54,2004-01-01,water_k,0.12958018691555012,0.7481742670819344,0.12958018691555012,4.773832287875413
54,2004-01-01,beta_time,0.45895011464645136,1.305402862730441,1.305402862730441,0.6484226228166146
54,2004-01-01,beta_volume,0.7551198814914397,2.1488399779957543,2.1488399779957543,0.6485918499172061
54,2005-01-01,D_oil,0.16999858441121543,0.2184153239199447,0.1866703118635838,0.2593703252829597
54,2005-01-01,D_liquid,0.03280385229979864,0.08487309505123905,0.044476560393922525,1.1707119950434697
54,2005-01-01,water_plateau,7390.332806819258,10436.111129447503,8364.482169060111,0.3641323229660838
54,2005-01-01,water_k,0.2197826942815286,1.2773751052299862,0.4205329414108433,2.514886009643733
54,2005-01-01,beta_time,0.3150830425534438,1.0158866869949728,0.4891746163491407,1.4326247131787828
54,2005-01-01,beta_volume,0.5583452990733206,1.7360178479762982,0.8387981245275706,1.4039999786197286
54,2008-01-01,D_oil,0.14687419419752518,0.1822082306888758,0.17598159601178787,0.20078256642804748
54,2008-01-01,D_liquid,0.016552289421945105,0.042882168922297514,0.034609441615109614,0.7607715776858256
54,2008-01-01,water_plateau,10164.585024379645,43978.96484374961,43961.10500018446,0.7691885774761138
54,2008-01-01,water_k,0.012756142037433688,0.2362052533693632,0.013603206441046596,16.426208945685744
54,2008-01-01,beta_time,0.20607943343318572,0.6054718444926629,0.2405338316048753,1.660441728278618
54,2008-01-01,beta_volume,0.44307020710953277,1.1616987827507645,0.49679239570585254,1.446536987789819
55,2003-01-01,D_oil,0.0959174363086857,0.11334736630476477,0.0959174363086857,0.1817180553073303
55,2003-01-01,D_liquid,0.0,0.0,0.0,0.0
55,2003-01-01,water_plateau,30121.320800775306,30121.320800781246,30121.320800781246,1.9722971085075e-13
55,2003-01-01,water_k,0.06713887202586388,0.07670830785840536,0.06713887202586388,0.14253197207208146
55,2003-01-01,beta_time,0.8681861714859456,1.9394616412271943,1.9394616412271943,0.5523571319840073
55,2003-01-01,beta_volume,1.3905210117619686,3.139844495361415,3.139844495361415,0.5571369812052074
55,2004-01-01,D_oil,0.13542019108254344,0.1835916655919706,0.13542019108254344,0.355718553668743
55,2004-01-01,D_liquid,0.012540502679840504,0.048140288374690525,0.012540502679840504,2.8387845849336237
55,2004-01-01,water_plateau,7629.627665137523,31370.49804609739,31370.49804609739,0.7567897183549281
55,2004-01-01,water_k,0.049794673146801444,0.4943148993762467,0.049794673146801444,8.927063843133167
55,2004-01-01,beta_time,0.4834588094817395,1.3956753044444887,1.3956753044444887,0.6536022325950895
55,2004-01-01,beta_volume,0.7934174499984961,2.2944596490923237,2.2944596490923237,0.6542029186207882
55,2005-01-01,D_oil,0.14944093654051407,0.20074847270135449,0.16602457167719756,0.30903579899364486
55,2005-01-01,D_liquid,0.02754103059451652,0.07558338564023587,0.038280439970198574,1.255010524516449
55,2005-01-01,water_plateau,6971.212918145113,11993.8352862373,8452.33661762132,0.5942288618298861
55,2005-01-01,water_k,0.15369203289837272,1.0339227418367896,0.33386341184231305,2.636499471688615
55,2005-01-01,beta_time,0.3388887727011191,1.0777408009829637,0.5218339023980032,1.4158758656472292
55,2005-01-01,beta_volume,0.5959011153840627,1.8317387425792009,0.889491522577942,1.3893753856286444
55,2008-01-01,D_oil,0.148776620784424,0.17109126315529907,0.16111641896175855,0.13850011385972724
55,2008-01-01,D_liquid,0.025355055020330704,0.044814636720470195,0.033928497081663456,0.5735468226989742
55,2008-01-01,water_plateau,10195.77449601842,41523.03222656118,13597.779955564458,2.303850910436529
55,2008-01-01,water_k,0.014058083272811507,0.1998770552728927,0.082235378815891,2.25959890591729
55,2008-01-01,beta_time,0.21100381210421065,0.6335629136586017,0.23647973911879905,1.7868723262677162
55,2008-01-01,beta_volume,0.44421512462607415,1.1988272784194858,0.4784180875667327,1.5773069066669718
56,2003-01-01,D_oil,0.07233209564496182,0.08658760537320011,0.07233209564496182,0.1970841519401109
56,2003-01-01,D_liquid,0.0,0.0,0.0,0.0
56,2003-01-01,water_plateau,25510.476074218746,25510.476074218746,25510.476074218746,0.0
56,2003-01-01,water_k,0.06753291021922189,0.0775812047959199,0.06753291021922189,0.14879107895809238
56,2003-01-01,beta_time,0.8971350867857522,2.1012408997262755,2.1012408997262755,0.5730451054409705
56,2003-01-01,beta_volume,1.4359734604905963,3.4018096316186295,3.4018096316186295,0.5778795358965046
56,2004-01-01,D_oil,0.12609621075624536,0.17795007133766583,0.12609621075624536,0.41122457423925585
56,2004-01-01,D_liquid,0.0125405003466549,0.04814028225552307,0.0125405003466549,2.8387848111948886
56,2004-01-01,water_plateau,9130.586122932189,28995.375976396652,28995.375976396652,0.6851019924568373
56,2004-01-01,water_k,0.05114660593100672,0.276453802624696,0.05114660593100672,4.405125082935381
56,2004-01-01,beta_time,0.5142955930556314,1.5371841335796956,1.5371841335796956,0.665430066690857
56,2004-01-01,beta_volume,0.8433307609275625,2.527471918937735,2.527471918937735,0.6663342707752005
56,2005-01-01,D_oil,0.1396469904235432,0.19784771098574977,0.15719931910167753,0.3702351950046423
56,2005-01-01,D_liquid,0.02754102859530314,0.0755833830149122,0.03828043583209515,1.2550106438268216
56,2005-01-01,water_plateau,6737.827654526762,15128.58726607861,8735.30579346424,0.9605570554644828
56,2005-01-01,water_k,0.0996545179649604,0.7298029175269999,0.2632621877547595,2.393615296356387
56,2005-01-01,beta_time,0.36843596129692036,1.1790542807112072,0.5586744987678015,1.4509671037467546
56,2005-01-01,beta_volume,0.6476161901340974,2.0041193158017583,0.952173970086474,1.4246379005135654
56,2008-01-01,D_oil,0.1360429708027129,0.15931392925313978,0.14923444963229177,0.15593556653819318
56,2008-01-01,D_liquid,0.02648723332609692,0.04575302687495371,0.0345119918634431,0.558234761560202
56,2008-01-01,water_plateau,10050.315070096418,15883.897808764894,11916.411477576989,0.48954190190943636
56,2008-01-01,water_k,0.0534532255525324,0.17555060999029556,0.0989671703385404,1.2337160294681604
56,2008-01-01,beta_time,0.20093058787721474,0.6764623007336528,0.2310555510855846,2.058083913683155
56,2008-01-01,beta_volume,0.4221814505905121,1.2805155380879822,0.4674704169104466,1.8361249320765067
57,2003-01-01,D_oil,0.033436281574985134,0.04297411421462912,0.033436281574985134,0.2852539872968284
57,2003-01-01,D_liquid,0.0,0.0,0.0,0.0
57,2003-01-01,water_plateau,17001.724853515545,17001.724853515647,17001.724853515545,5.99135719912001e-15
57,2003-01-01,water_k,0.0686479712233001,0.08018994903857256,0.0686479712233001,0.16813283203560928
57,2003-01-01,beta_time,1.0279578829355895,2.3684395313185425,2.3684395313185425,0.5659767246144083
57,2003-01-01,beta_volume,1.644204312075248,3.8383805240771354,3.8383805240771354,0.5716411382973643
57,2004-01-01,D_oil,0.08820984118657858,0.13370389188111656,0.08820984118657858,0.5157480172570591
57,2004-01-01,D_liquid,0.012540502388759346,0.048140283733732185,0.012540502388759346,2.8387843039591965
57,2004-01-01,water_plateau,5880.8530664227765,20567.211914062445,20567.211914062445,0.7140665885587607
57,2004-01-01,water_k,0.052391365449517995,0.34936808601871505,0.052391365449517995,5.668428719525371
57,2004-01-01,beta_time,0.5045649303602315,1.728673402169999,1.728673402169999,0.7081201517146891
57,2004-01-01,beta_volume,0.8275252648297792,2.8443114447819755,2.8443114447819755,0.7090595453785788
57,2005-01-01,D_oil,0.11774956200998622,0.1844992523756289,0.13646183627729197,0.4891454796929931
57,2005-01-01,D_liquid,0.027541030182936712,0.07558338454835638,0.03828043727813286,1.255010595003395
57,2005-01-01,water_plateau,14381.343957348905,25819.877929687496,25819.87792968746,0.44301270530743564
57,2005-01-01,water_k,0.0425336653199996,0.09243248164921689,0.042775400618628286,1.1665306603227188
57,2005-01-01,beta_time,0.4185010358028646,1.3600213835035977,0.6628624100954876,1.4203857895111354
57,2005-01-01,beta_volume,0.7325455885644947,2.3125064231685206,1.1294495036317465,1.3988769126230607
57,2008-01-01,D_oil,0.09925236696264039,0.13507087718764954,0.12194719532138705,0.29372147617344435
57,2008-01-01,D_liquid,0.01947603779618932,0.04055449717622442,0.03138196752776762,0.6716742460900293
57,2008-01-01,water_plateau,8195.362317811045,11876.700294571863,9453.133421918517,0.38943044728693665
57,2008-01-01,water_k,0.09934365520309828,0.23222035765510968,0.13906210455419085,0.9555205775001838
57,2008-01-01,beta_time,0.17527176895316046,0.7584459004629135,0.24576993868049632,2.3728456565547913
57,2008-01-01,beta_volume,0.3650711948278414,1.4314946873009098,0.49544057274181663,2.152475092161662
58,2003-01-01,D_oil,0.10287288733502425,0.12338307782236921,0.10287288733502425,0.1993741112811366
58,2003-01-01,D_liquid,0.0,0.0,0.0,0.0
58,2003-01-01,water_plateau,28962.958984374996,28962.958984374996,28962.958984374996,0.0
58,2003-01-01,water_k,0.06725298308707627,0.07699968127101259,0.06725298308707627,0.14492588635535641
58,2003-01-01,beta_time,0.8985696122363328,2.046955650905208,2.046955650905208,0.5610214555264224
58,2003-01-01,beta_volume,1.4504580558424058,3.336540015339436,3.336540015339436,0.565280785132485
58,2004-01-01,D_oil,0.14712854372553627,0.20186523333489773,0.14712854372553627,0.37203310943844486
58,2004-01-01,D_liquid,0.02196755977273389,0.06148299774613312,0.02196755977273389,1.7988087153151051
58,2004-01-01,water_plateau,7491.168011393282,30473.36914062432,30473.36914062432,0.7541732922006731
58,2004-01-01,water_k,0.04999417900640479,0.47934372179582124,0.04999417900640479,8.587990668561877
58,2004-01-01,beta_time,0.5040489897173585,1.4779754281376882,1.4779754281376882,0.6589598310490983
58,2004-01-01,beta_volume,0.8411106059774076,2.4606929230809786,2.4606929230809786,0.6581814016337025
58,2005-01-01,D_oil,0.16022535573405094,0.21556874246509694,0.17872565927384831,0.30965551872015956
58,2005-01-01,D_liquid,0.037660996496370745,0.08839636602825186,0.049730622645817735,1.020203786572696
58,2005-01-01,water_plateau,6614.290009764315,10929.549932445943,7859.773795461654,0.5490310580150947
58,2005-01-01,water_k,0.16545632607760424,1.109266953837798,0.3583043336179412,2.6341033004824776
58,2005-01-01,beta_time,0.34721595708051867,1.1348307957140313,0.5394903174062141,1.4599239564117532
58,2005-01-01,beta_volume,0.6299474245646854,1.9691520340969666,0.9404383047844754,1.4240217595551818
58,2008-01-01,D_oil,0.14617875242916276,0.1716322498764837,0.16562702083951494,0.15367961893116602
58,2008-01-01,D_liquid,0.02255697987400155,0.04583117506115945,0.03836772755655748,0.6066086440185868
58,2008-01-01,water_plateau,9738.739103610984,39814.2724609369,39813.80500620575,0.7554046480269361
58,2008-01-01,water_k,0.013893391325669647,0.20199224274899089,0.014903616687358014,12.621020479067743
58,2008-01-01,beta_time,0.21164187509602622,0.6603965452419994,0.23601421829995445,1.901388286597392
58,2008-01-01,beta_volume,0.4654308374346796,1.2921533248711112,0.4982054079688619,1.6594008700284968
59,2003-01-01,D_oil,0.035749091659266166,0.045409205753705696,0.035749091659266166,0.2702198474443092
59,2003-01-01,D_liquid,0.0,0.0,0.0,0.0
59,2003-01-01,water_plateau,17566.506347479688,17566.50634765621,17566.50634765621,1.0048782847549896e-11
59,2003-01-01,water_k,0.06846452341903568,0.07973108130104464,0.06846452341903568,0.16456052447852781
59,2003-01-01,beta_time,0.9902289374107295,2.292771653167768,2.292771653167768,0.5681083477970442
59,2003-01-01,beta_volume,1.584228969822533,3.7149802314252254,3.7149802314252254,0.5735565545082982
59,2004-01-01,D_oil,0.0933355822904232,0.1407072779761009,0.0933355822904232,0.5075416526387098
59,2004-01-01,D_liquid,0.012540512535793209,0.04814029858387086,0.012540512535793209,2.838782382017363
59,2004-01-01,water_plateau,6958.5565847232865,21680.71044904271,21680.71044904271,0.679043885527721
59,2004-01-01,water_k,0.0524912764509591,0.27799923465224835,0.0524912764509591,4.296103532783662
59,2004-01-01,beta_time,0.5169803642715262,1.685851512875506,1.685851512875506,0.6933416968676391
59,2004-01-01,beta_volume,0.8476634049213299,2.7735809324428513,2.7735809324428513,0.6943794230029032
59,2005-01-01,D_oil,0.12118054557401886,0.18857226856954837,0.1401062049200874,0.4810045567501299
59,2005-01-01,D_liquid,0.027541038928079308,0.07558339952936217,0.03828044771052096,1.2550104158807671
59,2005-01-01,water_plateau,14078.929245918061,26625.319824218746,26623.099601827464,0.4712595740519814
59,2005-01-01,water_k,0.042234454211645026,0.09856999732083907,0.04265676972850203,1.3206706337060552
59,2005-01-01,beta_time,0.42088836558785314,1.3236043549982264,0.6498437589093412,1.3891277357582654
59,2005-01-01,beta_volume,0.7369664614767869,2.2503669603515113,1.1071797562032832,1.3668968298918729
59,2008-01-01,D_oil,0.10560883764215716,0.13993223549821404,0.12627439124116918,0.2718159835789922
59,2008-01-01,D_liquid,0.021822764084180785,0.04205202064597254,0.03223829903475441,0.6274914361946845
59,2008-01-01,water_plateau,8181.373186855252,11571.099344089092,9998.320780517475,0.33902954622530135
59,2008-01-01,water_k,0.1069155640881921,0.24696725784640666,0.12280136127919683,1.1404734629919777
59,2008-01-01,beta_time,0.17905060032908765,0.7419029065464073,0.24649170811645552,2.2834533076926014
59,2008-01-01,beta_volume,0.3735780461491873,1.4008251648847991,0.4974165271759206,2.065164831912203
60,2003-01-01,D_oil,0.0893263504372581,0.1076335319128787,0.0893263504372581,0.20494715597363808
60,2003-01-01,D_liquid,0.0,0.0,0.0,0.0
60,2003-01-01,water_plateau,26930.058593749996,26930.058593749996,26930.058593749996,0.0
60,2003-01-01,water_k,0.06742897529235294,0.07738011766614221,0.06742897529235294,0.1475796173773061
60,2003-01-01,beta_time,0.8993224584869421,2.1142631571576165,2.1142631571576165,0.5746402450223
60,2003-01-01,beta_volume,1.4475580002667159,3.438282454542469,3.438282454542469,0.5789880501660699
60,2004-01-01,D_oil,0.13803905765373445,0.19322087857801287,0.13803905765373445,0.39975512628244575
60,2004-01-01,D_liquid,0.019728925105850274,0.05857380320295386,0.019728925105850274,1.9689302832613422
60,2004-01-01,water_plateau,8009.090352469093,29268.173828124996,29268.173828124996,0.7263549683864176
60,2004-01-01,water_k,0.05056706463236476,0.366553547402061,0.05056706463236476,6.2488595109682
60,2004-01-01,beta_time,0.5125342862033931,1.5332151862183205,1.5332151862183205,0.6657127513408211
60,2004-01-01,beta_volume,0.8501866640079868,2.541997667447275,2.541997667447275,0.6655438850729705
60,2005-01-01,D_oil,0.1528858247847149,0.21303899980440075,0.1716314624501652,0.3504787185342074
60,2005-01-01,D_liquid,0.03674445960310427,0.0887289944949883,0.048830915747765824,1.064582428894189
60,2005-01-01,water_plateau,6435.668798270902,11738.439928986627,7900.670130494474,0.6711799180487801
60,2005-01-01,water_k,0.1396117613267981,0.9609544609710801,0.320184396539662,2.5652177573948087
60,2005-01-01,beta_time,0.3607768909229473,1.1748442786233302,0.5483744691522934,1.4845100082044518
60,2005-01-01,beta_volume,0.6500185084935882,2.028449923311444,0.9506822785134009,1.4499391079145114
60,2008-01-01,D_oil,0.13370896348208194,0.16068605976336134,0.155233861798983,0.1737835802617141
60,2008-01-01,D_liquid,0.023832734703426773,0.04653346484356446,0.0380508240200784,0.5965897119116033
60,2008-01-01,water_plateau,9475.019093387482,38151.25976561684,12177.813525965623,2.3547938725688042
60,2008-01-01,water_k,0.014035270600224447,0.1946809485672311,0.08890049120936112,2.031998648259267
60,2008-01-01,beta_time,0.197224883705371,0.6723741270410191,0.2259602998242035,2.102799667487222
60,2008-01-01,beta_volume,0.42920194832056224,1.3068532971353854,0.4729868445568501,1.8555512884023457
61,2003-01-01,D_oil,0.08728523526847957,0.10486608470019007,0.08728523526847957,0.20141836563347487
61,2003-01-01,D_liquid,0.0,0.0,0.0,0.0
61,2003-01-01,water_plateau,27415.400390624996,27415.400390624996,27415.400390624996,0.0
61,2003-01-01,water_k,0.06751943984553485,0.07761461836329116,0.06751943984553485,0.14951514024481224
61,2003-01-01,beta_time,0.9038099692280969,2.1164318313391237,2.1164318313391237,0.5729557853719145
61,2003-01-01,beta_volume,1.4495510994318774,3.4314187955751567,3.4314187955751567,0.5775650872749529
61,2004-01-01,D_oil,0.1380618086550358,0.19330953018385044,0.1380618086550358,0.40016657804952976
61,2004-01-01,D_liquid,0.017919782127450847,0.05650334633985461,0.017919782127450847,2.153126859354981
61,2004-01-01,water_plateau,8125.76599834758,29812.290038308474,29812.290038308474,0.7274356989045103
61,2004-01-01,water_k,0.05064039882656944,0.3710085438828983,0.05064039882656944,6.326335346479175
61,2004-01-01,beta_time,0.51471791432404,1.5363891837972092,1.5363891837972092,0.6649820763174686
61,2004-01-01,beta_volume,0.8479100750246474,2.534123767113232,2.534123767113232,0.6654030533044757
61,2005-01-01,D_oil,0.15242602619973367,0.21331546184597475,0.17114449144137509,0.3557779460701984
61,2005-01-01,D_liquid,0.03484391057519957,0.08756089883200262,0.04679441634235269,1.1265657823600197
61,2005-01-01,water_plateau,6556.85556247265,12035.966512031779,8052.840288474713,0.680394836266761
61,2005-01-01,water_k,0.13833408620735546,0.9581827673048339,0.3201168132573932,2.561092223663587
61,2005-01-01,beta_time,0.361121217955036,1.1767231689327515,0.5510126452324686,1.4801873569228494
61,2005-01-01,beta_volume,0.6447963776224402,2.0187879980488894,0.9487661820441886,1.4481878111065047
61,2008-01-01,D_oil,0.14158587376429127,0.16654819697050147,0.1584186917117168,0.15757183029661367
61,2008-01-01,D_liquid,0.02575497465074076,0.0476813992443586,0.037813142183910485,0.5798625379233242
61,2008-01-01,water_plateau,9686.699663583082,38912.734374981395,12614.270562226591,2.3169024770180227
61,2008-01-01,water_k,0.014092022344419468,0.1936298044316341,0.08588903945442476,2.0903456742286965
61,2008-01-01,beta_time,0.2052860924803906,0.6769209509770193,0.23213331016920233,2.031741408214329
61,2008-01-01,beta_volume,0.4438809049238885,1.3060827023318986,0.48211745018211605,1.7883646341411623
62,2003-01-01,D_oil,0.07070705202635695,0.08460271255184218,0.07070705202635695,0.19652439363905944
62,2003-01-01,D_liquid,0.0,0.0,0.0,0.0
62,2003-01-01,water_plateau,25206.940917968746,25206.940917968746,25206.940917968746,0.0
62,2003-01-01,water_k,0.0674864790183838,0.07746826146594346,0.0674864790183838,0.1479078860350761
62,2003-01-01,beta_time,0.8938815501242807,2.007713021669897,2.007713021669897,0.5547762352107459
62,2003-01-01,beta_volume,1.4307085196918103,3.2505514490404432,3.2505514490404432,0.5598566759759631
62,2004-01-01,D_oil,0.12573081838960865,0.1778285222266091,0.12573081838960865,0.41435906092301567
62,2004-01-01,D_liquid,0.012540510398474702,0.04814029976388696,0.012540510398474702,2.838783130369418
62,2004-01-01,water_plateau,9338.300341910477,28900.085449184353,28900.085449184353,0.6768763760809562
62,2004-01-01,water_k,0.051201891510862074,0.26367922926571735,0.051201891510862074,4.1497946947873965
62,2004-01-01,beta_time,0.5162354082688182,1.4775739546167541,1.4775739546167541,0.6506195803899936
62,2004-01-01,beta_volume,0.8464709693741947,2.4296022776987867,2.4296022776987867,0.6516010142302241
62,2005-01-01,D_oil,0.13834969132592384,0.19607327421383286,0.1557684862787414,0.3705729205367959
62,2005-01-01,D_liquid,0.027541029138027633,0.07558338218389579,0.038280437291782085,1.2550105600852612
62,2005-01-01,water_plateau,6668.52444868166,14867.564940203663,8631.997713602133,0.9498427552410161
62,2005-01-01,water_k,0.10091841201447975,0.7415711139187949,0.2654572238565409,2.4133933618266816
62,2005-01-01,beta_time,0.3662246977221649,1.1343319247291648,0.5573800192028512,1.3780673876783827
62,2005-01-01,beta_volume,0.6438180452919021,1.9280748896066218,0.9500050849946349,1.3518420739000279
62,2008-01-01,D_oil,0.12414576785836304,0.14977181078865665,0.14312734888904616,0.17904364979301887
62,2008-01-01,D_liquid,0.01947603838090594,0.04055449691661145,0.0313819670247463,0.6716742299513622
62,2008-01-01,water_plateau,10339.191380808363,33864.59837593336,21347.36167315311,1.102028782540891
62,2008-01-01,water_k,0.018724624909804147,0.1670397073414269,0.03562306296016413,4.163456763880121
62,2008-01-01,beta_time,0.1943490530322578,0.6522669145122694,0.22482268103331232,2.0367956621430077
62,2008-01-01,beta_volume,0.4047259078360608,1.230062982326547,0.4522584447568292,1.82492352339436
63,2003-01-01,D_oil,0.09574089017063543,0.11305578743720178,0.09574089017063543,0.18085164275897841
63,2003-01-01,D_liquid,0.0,0.0,0.0,0.0
63,2003-01-01,water_plateau,30103.239746087856,30103.239746093746,30103.239746093746,1.9565627282511232e-13
63,2003-01-01,water_k,0.06710373711858487,0.07662144608008714,0.06710373711858487,0.14183575118450842
63,2003-01-01,beta_time,0.8647560114713624,1.934993905673217,1.934993905673217,0.5530962609566984
63,2003-01-01,beta_volume,1.3850469504946303,3.132570165225361,3.132570165225361,0.5578560487263696
63,2004-01-01,D_oil,0.135171641251861,0.18323147493385428,0.135171641251861,0.3555467199842969
63,2004-01-01,D_liquid,0.012540502256116751,0.0481402863702577,0.012540502256116751,2.8387845548033614
63,2004-01-01,water_plateau,7607.421270734672,31338.574218679456,31338.574218679456,0.7572505622734986
63,2004-01-01,water_k,0.0497600064301331,0.49692342035707465,0.0497600064301331,8.98640185175204
63,2004-01-01,beta_time,0.4824491326859586,1.3923413351508773,1.3923413351508773,0.6534979458656385
63,2004-01-01,beta_volume,0.7917669638450187,2.288958617294096,2.288958617294096,0.6540929321033292
63,2005-01-01,D_oil,0.152155585553368,0.20606076173967672,0.16924797725750096,0.31849820044995353
63,2005-01-01,D_liquid,0.029110774245316766,0.07863147667688652,0.040154054485144065,1.2332677998903225
63,2005-01-01,water_plateau,6959.2236517719675,11920.82936556489,8430.531768829533,0.5885282031837685
63,2005-01-01,water_k,0.154867019942964,1.0424748139377218,0.33498397741259833,2.6497022360609654
63,2005-01-01,beta_time,0.34360684187016693,1.0781641900430032,0.523605989985758,1.40288186579534
63,2005-01-01,beta_volume,0.6046646596809031,1.8334317613795859,0.8929837081330797,1.3760240982084768
63,2008-01-01,D_oil,0.14831095164002736,0.1722898884437845,0.16223601442415786,0.14780279760242035
63,2008-01-01,D_liquid,0.02569138612200474,0.04604533436710559,0.034917523896031116,0.5829149943651752
63,2008-01-01,water_plateau,10059.160082162389,41270.99121093749,14676.223087267483,2.1266936965446694
63,2008-01-01,water_k,0.01379396744430183,0.20379348516822965,0.06723084395088341,2.8260766421842787
63,2008-01-01,beta_time,0.20918175112387474,0.6327700813850508,0.2362520730734641,1.792950744307156
63,2008-01-01,beta_volume,0.442907083677546,1.200968942790389,0.48023812379887526,1.5785124536058717
64,2003-01-01,D_oil,0.05358631608209333,0.06396822794756636,0.05358631608209333,0.1937418472575745
64,2003-01-01,D_liquid,0.0,0.0,0.0,0.0
64,2003-01-01,water_plateau,21842.158203124996,21842.158203124996,21842.158203124996,0.0
64,2003-01-01,water_k,0.06711249335087144,0.07647316167199086,0.06711249335087144,0.13947728438847937
64,2003-01-01,beta_time,0.8748775078921298,2.0039743931651595,2.0039743931651595,0.5634287988529073
64,2003-01-01,beta_volume,1.399576282603385,3.2441593922226293,3.2441593922226293,0.5685858450855859
64,2004-01-01,D_oil,0.11811661313680553,0.17041806875244858,0.11811661313680553,0.4427950838301317
64,2004-01-01,D_liquid,0.012540511711416893,0.04814030393132508,0.012540511711416893,2.83878306078197
64,2004-01-01,water_plateau,11294.701988118728,27184.357910156246,27184.357910156246,0.5845146673889635
64,2004-01-01,water_k,0.051712953735852614,0.1747486373854932,0.051712953735852614,2.379204333948921
64,2004-01-01,beta_time,0.5237002370272418,1.5013847482792861,1.5013847482792861,0.6511885193802278
64,2004-01-01,beta_volume,0.858387470823018,2.4689792827373016,2.4689792827373016,0.6523310354101703
64,2005-01-01,D_oil,0.13316044596178145,0.19471376619369507,0.15102911401898503,0.4075593016070802
64,2005-01-01,D_liquid,0.02754103854882115,0.07558339922644922,0.03828044848865088,1.2550103923644296
64,2005-01-01,water_plateau,6769.476314550884,19864.148477488943,9172.970171275056,1.427528043636697
64,2005-01-01,water_k,0.06641521561130202,0.5480405685142543,0.21751091305126702,2.2142583383364944
64,2005-01-01,beta_time,0.3843736833599915,1.156798221053828,0.5764309851903632,1.3400121741178561
64,2005-01-01,beta_volume,0.6751144240019092,1.9662601879119614,0.9822888823159125,1.3144257123891674
64,2008-01-01,D_oil,0.12124119122300908,0.14758042730839993,0.1384261751089114,0.19027641314706253
64,2008-01-01,D_liquid,0.02162064138485522,0.0418672671280888,0.032120536508063194,0.6303327386250566
64,2008-01-01,water_plateau,10413.12586178109,15548.887516838042,10993.891847126153,0.4671468235699862
64,2008-01-01,water_k,0.056749020517871784,0.1515149288503799,0.11725747202427528,0.8081865206243672
64,2008-01-01,beta_time,0.19249346311059742,0.6623785424862354,0.22983824102206127,2.0444164438699106
64,2008-01-01,beta_volume,0.4010537254148741,1.2493649789044219,0.46282603075622925,1.8328944292598657
65,2003-01-01,D_oil,0.04667860541951364,0.05643106601603864,0.04667860541951364,0.20892784839814554
65,2003-01-01,D_liquid,0.0,0.0,0.0,0.0
65,2003-01-01,water_plateau,20282.544955530197,20282.545166015647,20282.545166015647,1.0377664563401497e-08
65,2003-01-01,water_k,0.06738718061320707,0.07711684404693733,0.06738718061320707,0.14438448596888417
65,2003-01-01,beta_time,0.9055710888457973,2.1041149332815783,2.1041149332815783,0.5696190001211253
65,2003-01-01,beta_volume,1.448490815035221,3.4067096305655515,3.4067096305655515,0.5748123638013859
65,2004-01-01,D_oil,0.113602054480159,0.16606035801666402,0.113602054480159,0.4617724897366803
65,2004-01-01,D_liquid,0.012540502816580156,0.04814028374860824,0.012540502816580156,2.8387841741848336
65,2004-01-01,water_plateau,12070.021051773734,26086.040039062496,26086.040039062496,0.5372996041676122
65,2004-01-01,water_k,0.05219425358479684,0.15140229491983476,0.05219425358479684,1.9007464332038129
65,2004-01-01,beta_time,0.5348901220856898,1.5789245106497045,1.5789245106497045,0.6612313517980728
65,2004-01-01,beta_volume,0.8766033861973768,2.5967567112622394,2.5967567112622394,0.6624237525234796
65,2005-01-01,D_oil,0.13214048507645784,0.19715226665384702,0.15081360270913227,0.43107372550985745
65,2005-01-01,D_liquid,0.027541039019054435,0.07558340294315716,0.03828044827378148,1.2550104842164882
65,2005-01-01,water_plateau,7555.96393829944,29433.80615233793,10327.47056899722,2.118412448418412
65,2005-01-01,water_k,0.04159120046537033,0.3565086449986311,0.17409260054019385,1.808907693699215
65,2005-01-01,beta_time,0.40280462926788907,1.2213934483271915,0.606545057794876,1.3495927607345806
65,2005-01-01,beta_volume,0.7066372938318035,2.0761451042980386,1.0334841470392597,1.3251367371135985
65,2008-01-01,D_oil,0.11951366953732133,0.1490641882100524,0.13767500585471787,0.21463967616543547
65,2008-01-01,D_liquid,0.02376599805972937,0.0441406988445316,0.03361698192912239,0.6060835808449428
65,2008-01-01,water_plateau,8972.415587447356,36339.49706975368,10407.485709669922,2.629557440264242
65,2008-01-01,water_k,0.015606707986028014,0.20316771006552728,0.1439770783376266,1.3027143226206346
65,2008-01-01,beta_time,0.18838651679499985,0.6921449428190632,0.23604255883888048,2.134184735592204
65,2008-01-01,beta_volume,0.39550124976737394,1.3100308894787978,0.47814484360934223,1.9126623489400634
66,2003-01-01,D_oil,0.14337899521392666,0.16690202119003553,0.14337899521392666,0.16406186932061878
66,2003-01-01,D_liquid,0.0,0.0,0.0,0.0
66,2003-01-01,water_plateau,33116.55761718749,33116.55761718749,33116.55761718749,0.0
66,2003-01-01,water_k,0.0648250207269484,0.07116632905123939,0.0648250207269484,0.09782192513291156
66,2003-01-01,beta_time,0.7833907150793582,1.8018747274199403,1.8018747274199403,0.5652357496566501
66,2003-01-01,beta_volume,1.2820211487841735,2.968886196702454,2.968886196702454,0.5681811077136887
66,2004-01-01,D_oil,0.1664214737880329,0.21178508627748993,0.1664214737880329,0.27258268693879967
66,2004-01-01,D_liquid,0.026420268462661753,0.0657008091253455,0.026420268462661753,1.4867578169463598
66,2004-01-01,water_plateau,7088.729725850559,12407.98036192296,12407.98036192296,0.42869592640522497
66,2004-01-01,water_k,0.171160025396571,0.8634018294512013,0.171160025396571,4.044412837931833
66,2004-01-01,beta_time,0.4466378879456407,1.2885863753494438,1.2885863753494438,0.6533892515940037
66,2004-01-01,beta_volume,0.7614062012092553,2.177931665888096,2.177931665888096,0.6503994073208094
66,2005-01-01,D_oil,0.18198531565214668,0.22097418984283204,0.19849806528241593,0.19641941665886462
66,2005-01-01,D_liquid,0.040981912275215276,0.08763599948933015,0.05298511861952131,0.8805130276131176
66,2005-01-01,water_plateau,7252.15831655523,9575.101422156578,7968.54622310065,0.29151404039888534
66,2005-01-01,water_k,0.2505056407051148,1.1676102977344696,0.4640068635593063,1.9764894208555959
66,2005-01-01,beta_time,0.3024405786810859,1.004569874496274,0.48192030337714836,1.4569406827122313
66,2005-01-01,beta_volume,0.5587109632319323,1.7714352846956778,0.8544768754083008,1.4192593812258065
66,2008-01-01,D_oil,0.15709988522935353,0.19155217799340993,0.18764997118697668,0.18359871065329245
66,2008-01-01,D_liquid,0.013882601838411744,0.0404631610197087,0.03740045871242264,0.7107014217573798
66,2008-01-01,water_plateau,10083.39347895204,43742.00195312496,12109.573338992454,2.779504077636925
66,2008-01-01,water_k,0.013327457920329387,0.23735483554926684,0.13022622184344068,1.7202939197473264
66,2008-01-01,beta_time,0.22022284893680075,0.6077707352355178,0.2529017699555739,1.532404800357055
66,2008-01-01,beta_volume,0.490985294044327,1.2077090337155492,0.5427722698514568,1.3204870246362652
67,2003-01-01,D_oil,0.1369572068504566,0.1611216729323251,0.1369572068504566,0.17643807607914827
67,2003-01-01,D_liquid,0.0,0.0,0.0,0.0
67,2003-01-01,water_plateau,31379.328613281243,31379.328613281243,31379.328613281243,0.0
67,2003-01-01,water_k,0.06518278613702846,0.07199328251258667,0.06518278613702846,0.10448305111170082
67,2003-01-01,beta_time,0.7958605918654043,1.8180293161154364,1.8180293161154364,0.5622399568528901
67,2003-01-01,beta_volume,1.3032987728209888,2.9975688393570055,2.9975688393570055,0.5652147314486518
67,2004-01-01,D_oil,0.16076245858383784,0.20843748756246777,0.16076245858383784,0.29655573445816236
67,2004-01-01,D_liquid,0.026404105923271207,0.06570559427998444,0.026404105923271207,1.4884612442822747
67,2004-01-01,water_plateau,6989.118787508568,13616.590575032065,13616.590575032065,0.48672035418880105
67,2004-01-01,water_k,0.1421463980488756,0.7601058949848516,0.1421463980488756,4.3473454510152045
67,2004-01-01,beta_time,0.45788036769049006,1.3038892895853023,1.3038892895853023,0.6488349345701601
67,2004-01-01,beta_volume,0.7808637682372747,2.2048783253573623,2.2048783253573623,0.6458472291840803
67,2005-01-01,D_oil,0.1742266209776297,0.21418173621382938,0.19081468664917703,0.20939224300726544
67,2005-01-01,D_liquid,0.040185002429444686,0.08550777208999377,0.05202687867603819,0.8711414333111476
67,2005-01-01,water_plateau,7009.634181191406,9673.16668454731,7849.434388387901,0.33932795301738095
67,2005-01-01,water_k,0.22868436173959714,1.1872009956281384,0.432177899413276,2.2178751740656377
67,2005-01-01,beta_time,0.3077778470115791,1.012919077843536,0.4871746132288931,1.4474096385245239
67,2005-01-01,beta_volume,0.5693067134157883,1.7867710225676234,0.8641495290453903,1.4088583841464857
67,2008-01-01,D_oil,0.16094850953385176,0.18696760142741906,0.18164105506753406,0.14324455384766077
67,2008-01-01,D_liquid,0.019956577162772587,0.04342150309480763,0.039074421923748166,0.6005188247653593
67,2008-01-01,water_plateau,9787.02208765826,42065.78613281249,42065.57147693706,0.7673440039404062
67,2008-01-01,water_k,0.013357594995240753,0.23094103185698384,0.014428910505776927,15.079685799882732
67,2008-01-01,beta_time,0.22411794468880367,0.6092374734462147,0.24845886854636098,1.550033335540003
67,2008-01-01,beta_volume,0.501693947465293,1.2119561608325737,0.5339073368414692,1.330309895288395
68,2003-01-01,D_oil,0.142473011646712,0.16236260716761752,0.142473011646712,0.13960254851792864
68,2003-01-01,D_liquid,0.0,0.0,0.0,0.0
68,2003-01-01,water_plateau,34047.6596029463,35583.88916015624,35583.88916015624,0.04317205323722951
68,2003-01-01,water_k,0.06417481297456563,0.07333094663159928,0.06417481297456563,0.1426748787045549
68,2003-01-01,beta_time,0.7446926991073337,1.7694610079749804,1.7694610079749804,0.5791415036833276
68,2003-01-01,beta_volume,1.2048234215856344,2.8856924013847896,2.8856924013847896,0.582483766804992
68,2004-01-01,D_oil,0.1692719178455491,0.21204852487257647,0.1692719178455491,0.25270941318251366
68,2004-01-01,D_liquid,0.022005340265665793,0.06130770068637249,0.022005340265665793,1.7860373866624037
68,2004-01-01,water_plateau,7429.413002332025,11970.041262231838,11970.041262231838,0.3793327157715415
68,2004-01-01,water_k,0.19931225927690066,0.9772574304680542,0.19931225927690066,3.9031476238015514
68,2004-01-01,beta_time,0.43337013550571096,1.2667055644906409,1.2667055644906409,0.6578761887100616
68,2004-01-01,beta_volume,0.7269156493108948,2.1138642027314654,2.1138642027314654,0.6561199870968066
68,2005-01-01,D_oil,0.18983038301818722,0.2325168218324719,0.20634583757992422,0.20686842688431206
68,2005-01-01,D_liquid,0.039609610204561975,0.09138689261138627,0.05198350075706763,0.9960330037946646
68,2005-01-01,water_plateau,7689.581737291809,9697.519244535068,8291.014047228822,0.2421823791161455
68,2005-01-01,water_k,0.2760669787312486,1.0687474164528763,0.49706347484861685,1.5947267860770546
68,2005-01-01,beta_time,0.30094573503840344,0.992404289990203,0.4713647376263486,1.4669288976383286
68,2005-01-01,beta_volume,0.5461425827041462,1.7263778921142445,0.8237343109399521,1.4327863896592432
68,2008-01-01,D_oil,0.1612734002035218,0.19998061732985836,0.19471805521454186,0.1987859681717171
68,2008-01-01,D_liquid,0.012352143062329186,0.04003674491284621,0.03577332459593477,0.7738895437653301
68,2008-01-01,water_plateau,10355.670679566918,45921.82128771437,11710.029250360163,3.0372384088667883
68,2008-01-01,water_k,0.01266150357985164,0.2551981219381823,0.1645595691959053,1.4738530219995596
68,2008-01-01,beta_time,0.22064696348507237,0.6033546962021339,0.25781975025156495,1.4844003701952173
68,2008-01-01,beta_volume,0.48315706128978175,1.1803970048666923,0.544331629685873,1.280910212730572
69,2003-01-01,D_oil,0.046942019244135526,0.056527033052692174,0.046942019244135526,0.2041883575290406
69,2003-01-01,D_liquid,0.0,0.0,0.0,0.0
69,2003-01-01,water_plateau,20379.85595699516,20379.855957031177,20379.855957031177,1.7672347766414029e-12
69,2003-01-01,water_k,0.06725540967703433,0.07679469446136267,0.06725540967703433,0.14183669135518934
69,2003-01-01,beta_time,0.8950997146281915,2.096997766567602,2.096997766567602,0.573151803545645
69,2003-01-01,beta_volume,1.4316836739374756,3.3949654892784524,3.3949654892784524,0.5782921274284417
69,2004-01-01,D_oil,0.11386522040544567,0.16619836374987637,0.11386522040544567,0.4596060426360694
69,2004-01-01,D_liquid,0.012540503834633596,0.04814028389524447,0.012540503834633596,2.838783874240649
69,2004-01-01,water_plateau,12531.540409358679,26174.560546874996,26174.560546874996,0.5212320609197456
69,2004-01-01,water_k,0.05209930495876558,0.14344890029840524,0.05209930495876558,1.7533745490835058
69,2004-01-01,beta_time,0.5314226208463405,1.5734868945964773,1.5734868945964773,0.6622643488984225
69,2004-01-01,beta_volume,0.8708975004676408,2.5877136035238943,2.5877136035238943,0.6634490388419836
69,2005-01-01,D_oil,0.13139845048202345,0.1956188944904698,0.14981107246008757,0.4286762183453153
69,2005-01-01,D_liquid,0.027541039668319802,0.07558340192686615,0.038280448675495266,1.2550104275371265
69,2005-01-01,water_plateau,7286.801959833382,29345.573730228054,9985.747905866101,2.209025500977879
69,2005-01-01,water_k,0.041447069165826016,0.39278483961053384,0.1825479660530191,1.9246326214484666
69,2005-01-01,beta_time,0.3984156113320226,1.2148122862449908,0.5989230756357503,1.3631077314000168
69,2005-01-01,beta_volume,0.6991098649527133,2.0649438700201808,1.0205137420068298,1.338378846698888
69,2008-01-01,D_oil,0.11836001113005484,0.14696340167321884,0.13630601636976616,0.20984686740143385
69,2008-01-01,D_liquid,0.02287215734673455,0.04297293882109603,0.032819479005408894,0.6124649776143222
69,2008-01-01,water_plateau,9199.03832241947,35197.950669717764,10448.761670258213,2.488229052185454
69,2008-01-01,water_k,0.016538491873165116,0.18827211793528642,0.143611207074508,1.1958232895641836
69,2008-01-01,beta_time,0.18840435783567125,0.6886476689550362,0.23389858735250438,2.1387188216124504
69,2008-01-01,beta_volume,0.3939181591773308,1.3010575903974866,0.47236104250407646,1.9204365931856608
70,2003-01-01,D_oil,0.10397825629817227,0.1221122777402154,0.10397825629817227,0.17440205373363127
70,2003-01-01,D_liquid,0.0,0.0,0.0,0.0
70,2003-01-01,water_plateau,31371.70898437496,31371.708984374993,31371.70898437496,1.043673115804206e-15
70,2003-01-01,water_k,0.06677526945283015,0.07583233727562341,0.06677526945283015,0.13563506215712318
70,2003-01-01,beta_time,0.8488724209069768,1.931434918827699,1.931434918827699,0.5604964927204448
70,2003-01-01,beta_volume,1.359947449744067,3.1267961899624166,3.1267961899624166,0.5650668073251001
70,2004-01-01,D_oil,0.1455688103418673,0.19606425865803165,0.1455688103418673,0.34688370535952134
70,2004-01-01,D_liquid,0.016836452797857705,0.05510052417751053,0.016836452797857705,2.2726919879775154
70,2004-01-01,water_plateau,7394.940271496658,21509.076968198413,21509.076968198413,0.6561944390998172
70,2004-01-01,water_k,0.0789674631674181,0.589582541035703,0.0789674631674181,6.4661451360763
70,2004-01-01,beta_time,0.48056759305163016,1.3890982098141715,1.3890982098141715,0.6540434724799489
70,2004-01-01,beta_volume,0.7902205742399168,2.28645171652895,2.28645171652895,0.6543900015349783
70,2005-01-01,D_oil,0.1606122961098368,0.21415772218096285,0.1780452931520078,0.3007404752082447
70,2005-01-01,D_liquid,0.03297439731530971,0.08506930998726864,0.04466770993404722,1.1662767746293266
70,2005-01-01,water_plateau,6981.1512306607465,10820.648925060825,8161.464535368919,0.47044224449681116
70,2005-01-01,water_k,0.1854048518777865,1.236683296712806,0.37953551996116136,2.7699079257261587
70,2005-01-01,beta_time,0.3332317351593744,1.0732462317950135,0.513961090902157,1.4398259123792623
70,2005-01-01,beta_volume,0.5921488822759116,1.835516923828441,0.8821027633571182,1.4095501036869027
70,2008-01-01,D_oil,0.1419617106375429,0.17269593958698673,0.16649881038251502,0.18459128253730397
70,2008-01-01,D_liquid,0.021094959558165146,0.04516822665887946,0.03594701139727335,0.6696875808301637
70,2008-01-01,water_plateau,9850.400281893113,41612.00195312499,17784.122802401962,1.7859526738615463
70,2008-01-01,water_k,0.01303398819022724,0.22056999624874893,0.04617523526312159,4.494530604466088
70,2008-01-01,beta_time,0.2014101758391701,0.6289754638713827,0.2325174302981494,1.8388526291726166
70,2008-01-01,beta_volume,0.43442423619938525,1.2089469133366444,0.48119365339666986,1.6095862272289463
