case_num,cutoff,window,kind,best_history_NRMSE,near_best_count,p0_range,p1_range,p2_range,p1_relative_range,median_jacobian_condition
1,2003-01-01,3y,Arps,0.028239991954606716,8,0.3202072944623069,1.0588922099707965e-05,3.5182346934230506e-06,0.0001346013738349567,6371185808818880.0
1,2003-01-01,3y,Water,0.030593728202444086,8,8.690494176642215e-11,1.1117572285002097e-05,1.0746138701112073e-10,4.059445794597949e-10,23106565.993622117
1,2003-01-01,5y,Arps,0.030361723640632318,8,0.08302417429695197,2.589457486198987e-06,1.5742107716671065e-06,4.288492023750957e-05,9664057153060732.0
1,2003-01-01,5y,Water,0.11340355359866092,8,7.426488005574529e-27,7.11152097210288e-08,1.4011668214575224e-10,2.5966850642627056e-12,45756016.518835664
1,2003-01-01,all,Arps,0.030361723640632318,8,0.08302417429695197,2.589457486198987e-06,1.5742107716671065e-06,4.288492023750957e-05,9664057153060732.0
1,2003-01-01,all,Water,0.11340355359866092,8,7.426488005574529e-27,7.11152097210288e-08,1.4011668214575224e-10,2.5966850642627056e-12,45756016.518835664
1,2008-01-01,3y,Arps,0.014876568112283233,8,0.00026535488905210514,3.4111188984553564e-08,7.771561172376096e-15,1.749741288898227e-07,24584.80388558463
1,2008-01-01,3y,Water,0.0006226524690701586,8,1.089899888029322e-05,0.001963739297934808,3.426733184708208e-08,1.613412551103658e-07,2708166.6890084506
1,2008-01-01,5y,Arps,0.009703611242462148,8,0.004773228638441651,8.200887885445596e-07,4.866208191955934e-06,2.8035208673212363e-06,56074.13676252496
1,2008-01-01,5y,Water,0.008354545058881377,8,2.9890275072830264e-05,1.0205039870925248e-06,3.6553239948777794e-10,2.6636815040215254e-11,480275571.921672
1,2008-01-01,all,Arps,0.08126667225818256,8,0.10175042263654177,8.74030664038683e-07,4.722736710682823e-08,5.573287261405045e-06,3.181573353265619e+16
1,2008-01-01,all,Water,0.07374568015821376,8,2.5773860412440137e-17,0.23276738831555122,2.6677258880142274e-06,1.775354800209954e-05,1014764.2337196851
2,2003-01-01,3y,Arps,0.013084729675000937,8,0.006963455303775845,2.1469039825777747e-07,3.499158833812681e-07,4.715849661333216e-06,6371185865006744.0
2,2003-01-01,3y,Water,0.025972713754877006,8,1.298943345972256e-17,2.469314495101571e-06,8.964652631338055e-11,1.1596812765895268e-10,15795092.407050237
2,2003-01-01,5y,Arps,0.01611673231001051,8,0.009804492268813192,3.358077682313887e-07,1.9851097939645157e-06,9.608411685880554e-06,9664057133073904.0
2,2003-01-01,5y,Water,0.1254470844913257,8,1.3066801488176996e-26,4.474713932722807e-09,9.14429573728448e-11,2.1014909101786873e-13,31658589.73928026
2,2003-01-01,all,Arps,0.01611673231001051,8,0.009804492268813192,3.358077682313887e-07,1.9851097939645157e-06,9.608411685880554e-06,9664057133073904.0
2,2003-01-01,all,Water,0.1254470844913257,8,1.3066801488176996e-26,4.474713932722807e-09,9.14429573728448e-11,2.1014909101786873e-13,31658589.73928026
2,2008-01-01,3y,Arps,0.015924266161254513,8,0.00021934141477686353,2.3357071443630417e-08,1.5543122344752192e-15,1.4471116079118606e-07,28925.43107590561
2,2008-01-01,3y,Water,0.0018206472492209524,8,0.0013811012913720333,7.857681279929238,4.188939793165619e-06,0.00021159023462456126,519574081.0061488
2,2008-01-01,5y,Arps,0.011420477916626058,8,0.00020279950695112348,1.1969671975808893e-08,1.6209256159527285e-14,4.415341956466992e-08,60706.72371821184
2,2008-01-01,5y,Water,0.01158755393065436,8,0.0022312462106128805,0.03530299804151582,1.9597014251637734e-06,3.7767452558654357e-06,239825.987277515
2,2008-01-01,all,Arps,0.0827031287646419,8,0.0843213305597601,7.330065881772097e-07,7.371886697998898e-07,5.471459503743829e-06,3.1815733498970668e+16
2,2008-01-01,all,Water,0.06643388696823188,8,1.3310278698017776e-21,0.42628110029545496,1.3894321733015635e-06,2.1125769929338534e-05,7780029.078268339
3,2003-01-01,3y,Arps,0.03663737419102045,8,0.2106847043196467,6.4654157655719136e-06,3.486162085267476e-07,4.5576580501515284e-05,6371185804168852.0
3,2003-01-01,3y,Water,0.026770639447544993,8,0.00016085143425925708,2.8041540645062923e-08,2.227929202236467e-09,8.355687581163203e-13,24393529.12461734
3,2003-01-01,5y,Arps,0.04146102774863967,8,0.128534594688972,2.8190933075294966e-06,5.85968804468432e-08,2.500510491042937e-05,9664057180660026.0
3,2003-01-01,5y,Water,0.1062787222348552,8,3.7989318385607786e-25,7.038761395961046e-08,9.177551080208346e-11,2.097377313445064e-12,42990433.9684695
3,2003-01-01,all,Arps,0.04146102774863967,8,0.128534594688972,2.8190933075294966e-06,5.85968804468432e-08,2.500510491042937e-05,9664057180660026.0
3,2003-01-01,all,Water,0.1062787222348552,8,3.7989318385607786e-25,7.038761395961046e-08,9.177551080208346e-11,2.097377313445064e-12,42990433.9684695
3,2008-01-01,3y,Arps,0.028956147836585403,8,0.0010437931641718023,1.8200437518212098e-07,3.106404022901188e-13,7.034649000400784e-07,18410.537291584456
3,2008-01-01,3y,Water,0.0014820265711627829,8,0.0001253669906873256,0.0034733299416984664,3.320241483972808e-07,3.306652983292413e-07,176485.493189523
3,2008-01-01,5y,Arps,0.024337133715242723,8,0.03868753021379234,6.797001885106013e-06,3.1905766559425786e-05,2.1300478397529496e-05,55589.407317782985
3,2008-01-01,5y,Water,0.016608272324765427,8,8.422141854680376e-05,0.00031104317167773843,8.828582882119962e-10,7.05197052768728e-09,604254548.9122901
3,2008-01-01,all,Arps,0.07496181739821249,8,0.24573314897497767,2.0898612448638776e-06,3.847271919677927e-07,1.071356264757208e-05,3.1815733531689496e+16
3,2008-01-01,all,Water,0.07100462657830701,8,1.8629446556306988e-10,0.13830649481678847,3.194982159615556e-06,1.1659556645252598e-05,299447.78242150275
4,2003-01-01,3y,Arps,0.012655856298367903,8,0.09308358483212942,2.8525757477387836e-06,2.5303212187251007e-06,8.108081342162547e-05,6371185822833796.0
4,2003-01-01,3y,Water,0.04527122307369208,8,2.799644735722032e-18,1.8729166185948998e-05,4.434054651225594e-10,1.0282275559038367e-09,13187164.16493814
4,2003-01-01,5y,Arps,0.015743608341016152,8,0.015337921298851143,4.5841266776980305e-07,3.503687546715616e-06,1.847005156476691e-05,9664057170122608.0
4,2003-01-01,5y,Water,0.1419617652883785,8,7.48273120317628e-29,3.5652192309498787e-10,1.6854784928854727e-10,1.9572983760756793e-14,26817637.445615727
4,2003-01-01,all,Arps,0.015743608341016152,8,0.015337921298851143,4.5841266776980305e-07,3.503687546715616e-06,1.847005156476691e-05,9664057170122608.0
4,2003-01-01,all,Water,0.1419617652883785,8,7.48273120317628e-29,3.5652192309498787e-10,1.6854784928854727e-10,1.9572983760756793e-14,26817637.445615727
4,2008-01-01,3y,Arps,0.017735425704731488,8,0.00027486290127853863,2.7661211515761508e-08,7.438494264988549e-15,1.9349857283626879e-07,31027.961642788865
4,2008-01-01,3y,Water,0.001880954932861624,8,0.00811331789373071,44.9636203076152,2.5785635801963552e-05,0.0012956454451756607,481573508.562388
4,2008-01-01,5y,Arps,0.012714722622246724,8,0.0007133267208701,3.900988126970262e-08,2.3092638912203256e-14,1.4704519463177926e-07,64821.71469962927
4,2008-01-01,5y,Water,0.007883004538639068,8,0.0006851580610600649,0.004031972273878637,5.319945162174378e-07,5.135285812638112e-07,56782.35654797293
4,2008-01-01,all,Arps,0.0869275752672106,8,0.5507718384469626,4.781442451112783e-06,3.7575216948581013e-07,3.840155605382059e-05,3.181573352518779e+16
4,2008-01-01,all,Water,0.06371003931579676,8,5.563809226031132e-68,7.845883374102414e-07,3.1865343697035087e-12,2.2607976036999057e-11,68102001.33296207
5,2003-01-01,3y,Arps,0.03305865217171617,8,0.15702298556789174,6.385868296543418e-06,2.0378944621154654e-06,6.0798997431063575e-05,6371185820537534.0
5,2003-01-01,3y,Water,0.03347480301239564,8,0.0005701854682058638,9.845825843513012e-08,8.805632153996434e-09,3.0885397407911537e-12,24310085.652916685
5,2003-01-01,5y,Arps,0.034937169321821275,8,0.9283270921114308,2.225127829039164e-05,1.5675215186140088e-06,0.0002659499752381798,9664057123742656.0
5,2003-01-01,5y,Water,0.11232504040561055,8,1.262299628060395e-26,3.7440258893184364e-06,2.3533520757124116e-09,1.1744644820556005e-10,46250674.128715955
5,2003-01-01,all,Arps,0.034937169321821275,8,0.9283270921114308,2.225127829039164e-05,1.5675215186140088e-06,0.0002659499752381798,9664057123742656.0
5,2003-01-01,all,Water,0.11232504040561055,8,1.262299628060395e-26,3.7440258893184364e-06,2.3533520757124116e-09,1.1744644820556005e-10,46250674.128715955
5,2008-01-01,3y,Arps,0.020097580696470933,8,0.0003350502620378393,4.937639724866827e-08,9.259260025373806e-14,2.1070073580716254e-07,21599.87330734323
5,2008-01-01,3y,Water,0.00199524161084362,8,0.001238955102962791,9.336626333082677,3.759801202927668e-06,0.00022066722365828153,803188182.5647697
5,2008-01-01,5y,Arps,0.016113513496036923,8,0.018323021349715418,2.9638743970217263e-06,1.7431882105234386e-05,1.0437515477729044e-05,60128.27806609069
5,2008-01-01,5y,Water,0.013203441916901443,8,1.7049820598913357e-05,1.0712392395362258e-07,1.997235883621773e-10,2.5318287399817787e-12,652605152.8818519
5,2008-01-01,all,Arps,0.07744990996153782,8,0.272072373318224,2.3301557810495588e-06,3.655059743277158e-07,1.3425261762098086e-05,3.181573350080239e+16
5,2008-01-01,all,Water,0.07481246295357462,8,5.838768302129831e-14,0.15726718064433953,3.0030542459424936e-06,1.3048632619161215e-05,418184.76876056456
6,2003-01-01,3y,Arps,0.01315584439205506,8,0.0280541966403689,8.596789654799486e-07,7.828204473720691e-07,2.2906682147885095e-05,6371185883563792.0
6,2003-01-01,3y,Water,0.04341854046623273,8,4.6721676208562e-16,1.2175696610938758e-06,4.877010184589636e-10,6.478142976384701e-11,13737854.5596185
6,2003-01-01,5y,Arps,0.016321296220258914,8,0.02766830891414429,6.389989548119535e-07,1.2776362627821628e-07,2.3867850989022265e-05,9664057185550512.0
6,2003-01-01,5y,Water,0.1402581238221436,8,1.5413092977738887e-23,9.363211574964225e-07,2.5103509271318103e-09,4.9817456231837846e-11,27901184.823222138
6,2003-01-01,all,Arps,0.016321296220258914,8,0.02766830891414429,6.389989548119535e-07,1.2776362627821628e-07,2.3867850989022265e-05,9664057185550512.0
6,2003-01-01,all,Water,0.1402581238221436,8,1.5413092977738887e-23,9.363211574964225e-07,2.5103509271318103e-09,4.9817456231837846e-11,27901184.823222138
6,2008-01-01,3y,Arps,0.015770415351181056,8,0.00016562843666179106,1.7005247876511476e-08,4.6629367034256575e-15,1.1101392439473001e-07,30411.502472102857
6,2008-01-01,3y,Water,0.0016230685713351288,8,0.09854876420286018,550.3111536383803,0.00031318599554341214,0.015684458620213303,499083546.30765164
6,2008-01-01,5y,Arps,0.010744352051252945,8,0.00043670123704941943,2.4121343533689554e-08,2.8310687127941492e-14,8.83769953998306e-08,63852.31137294326
6,2008-01-01,5y,Water,0.006756245975905777,8,0.0005565095339079562,0.0034235888942930615,4.4006007204888675e-07,4.300984226044139e-07,59759.28857414547
6,2008-01-01,all,Arps,0.0872621130704741,8,0.6935770417076128,6.002090894824397e-06,7.951354125284638e-07,4.711359357783206e-05,3.1815733497056896e+16
6,2008-01-01,all,Water,0.06450945252491139,8,2.308244654446434e-128,1.2570225513118203,1.0988604334273566e-06,3.658109783094204e-05,63146204.6196651
7,2003-01-01,3y,Arps,0.013670803619724746,8,0.032252518214590964,9.950302667510735e-07,2.0995178256298517e-06,2.107215594951008e-05,6371185818212554.0
7,2003-01-01,3y,Water,0.024958112179924632,8,4.1054047436546306e-13,1.708416675683111e-06,1.8501357390565687e-10,7.834260083774999e-11,16408735.56443307
7,2003-01-01,5y,Arps,0.01661850866060019,8,0.03006415508389182,6.919751628711723e-07,5.913362341139104e-07,1.9008143149820212e-05,9664057165491628.0
7,2003-01-01,5y,Water,0.12371536437430011,8,3.1962442662441868e-16,1.618172973394394e-08,2.3979914581806483e-10,7.420430925632588e-13,32843845.37930533
7,2003-01-01,all,Arps,0.01661850866060019,8,0.03006415508389182,6.919751628711723e-07,5.913362341139104e-07,1.9008143149820212e-05,9664057165491628.0
7,2003-01-01,all,Water,0.12371536437430011,8,3.1962442662441868e-16,1.618172973394394e-08,2.3979914581806483e-10,7.420430925632588e-13,32843845.37930533
7,2008-01-01,3y,Arps,0.015122722506711277,8,0.00018379978155280696,2.0194386274319243e-08,6.8833827526759706e-15,1.1699819836868833e-07,28393.129848177326
7,2008-01-01,3y,Water,0.001106211564534235,8,5.2939322813472245e-05,0.05273659211525228,1.6057318700385403e-07,2.7188112453639757e-06,37622660.26470594
7,2008-01-01,5y,Arps,0.010432222862500617,8,0.0001058017551258672,6.0772642473949645e-09,9.992007221626409e-16,2.1695241644094756e-08,59950.667060209984
7,2008-01-01,5y,Water,0.010694785398764346,8,0.002346339891118987,0.04024238527199486,2.0879161314879546e-06,4.2353384170167e-06,268670.90049488435
7,2008-01-01,all,Arps,0.08353806374919093,8,0.1909597992344061,1.6539324102227138e-06,2.20028220294426e-07,1.2105768763837242e-05,3.1815733493350344e+16
7,2008-01-01,all,Water,0.06709844845204724,8,1.0458116958027939e-22,0.5014125164598227,1.829288240530469e-06,2.585458392083937e-05,6473046.572281066
8,2003-01-01,3y,Arps,0.026434301482715458,8,0.2163678466113197,6.6822809355465695e-06,1.2627509366669329e-06,8.255190612836066e-05,6371185857971248.0
8,2003-01-01,3y,Water,0.03505929341359099,8,1.0747323958950972,640.4705166731728,0.0016073641473022121,0.021454924723195615,24793439.070108145
8,2003-01-01,5y,Arps,0.028147494756476207,8,0.3379747047001729,8.57709265790485e-06,1.7853452724942933e-06,0.00013325686149195733,9664057137700444.0
8,2003-01-01,5y,Water,0.11316501193865762,8,3.8319170410930034e-23,4.465211532078683e-06,2.459777034835575e-10,1.49578746874074e-10,48997022.5950528
8,2003-01-01,all,Arps,0.028147494756476207,8,0.3379747047001729,8.57709265790485e-06,1.7853452724942933e-06,0.00013325686149195733,9664057137700444.0
8,2003-01-01,all,Water,0.11316501193865762,8,3.8319170410930034e-23,4.465211532078683e-06,2.459777034835575e-10,1.49578746874074e-10,48997022.5950528
8,2008-01-01,3y,Arps,0.0135573831931636,8,0.0002700479726627236,3.540826687409293e-08,7.127631818093505e-14,1.5979834129847223e-07,24225.76731271606
8,2008-01-01,3y,Water,0.0008751433783013531,8,2.7680391212925315e-05,0.005555040730541805,8.396228365348257e-08,4.2223764588134835e-07,3305744.4829708454
8,2008-01-01,5y,Arps,0.012405733633883713,8,0.007460694047040306,1.0999676467449149e-06,7.71107563435347e-06,4.265646474022151e-06,66166.32441689415
8,2008-01-01,5y,Water,0.00893525818403045,8,3.77398646378424e-06,0.00047984191041905433,2.2512419879661127e-10,1.1657603011711901e-08,505440163.4339731
8,2008-01-01,all,Arps,0.07880811203201728,8,0.5581143688286829,4.803081940146781e-06,4.3436261357906755e-07,3.0440720793923286e-05,3.1815733520463604e+16
8,2008-01-01,all,Water,0.0725016762568453,8,1.2995202711741076e-12,0.23581829660724907,2.7309233947142575e-06,1.7187751450592933e-05,953567.9161155209
9,2003-01-01,3y,Arps,0.033549970063001366,8,0.0996650759352633,3.7337145755711454e-06,1.2913926629572877e-06,3.1244239885839336e-05,6371185860325572.0
9,2003-01-01,3y,Water,0.032782642582582865,8,0.0002958699172950219,3.164313966408372e-08,4.526375801949811e-09,9.412685655305572e-13,24945725.66379935
9,2003-01-01,5y,Arps,0.035669373163920444,8,0.11077054716588464,2.622979062047448e-06,1.2496865899847508e-06,2.7045331362146007e-05,9664057125287392.0
9,2003-01-01,5y,Water,0.10841475546770793,8,2.2720266421841096e-22,7.591734174638987e-07,1.8844192872791155e-10,2.2582653972743208e-11,44754148.61113258
9,2003-01-01,all,Arps,0.035669373163920444,8,0.11077054716588464,2.622979062047448e-06,1.2496865899847508e-06,2.7045331362146007e-05,9664057125287392.0
9,2003-01-01,all,Water,0.10841475546770793,8,2.2720266421841096e-22,7.591734174638987e-07,1.8844192872791155e-10,2.2582653972743208e-11,44754148.61113258
9,2008-01-01,3y,Arps,0.022559107858626287,8,0.0006891061975693447,1.0955586426941721e-07,1.7053025658242404e-13,4.437735504820717e-07,20067.13439008266
9,2008-01-01,3y,Water,0.0022590604191605936,8,0.0027865871270478237,21.972600229441014,8.507247378768124e-06,0.0005019947767407314,841032967.1409807
9,2008-01-01,5y,Arps,0.018802869383667025,8,0.027200485728826607,4.5639606190972515e-06,2.4051913316891493e-05,1.5184749762841262e-05,58145.85781125375
9,2008-01-01,5y,Water,0.013401192887614407,8,6.182488596095936e-05,2.1790474420413375e-06,6.757737772145056e-10,4.9780763780244616e-11,704434177.7666863
9,2008-01-01,all,Arps,0.07491093221717716,8,0.1331745812931331,1.141063245196916e-06,7.453778722114212e-07,6.236689721781356e-06,3.181573350549143e+16
9,2008-01-01,all,Water,0.07405455233725632,8,1.3276573438053636e-12,0.10742965971985541,2.5389149649057696e-06,9.153482516475589e-06,289620.20879431773
10,2003-01-01,3y,Arps,0.01366729024295977,8,0.017522799695143476,5.392366858592013e-07,7.008359775349857e-08,1.1547290013536504e-05,6371185827546690.0
10,2003-01-01,3y,Water,0.029348358936776633,8,3.2612257814039684e-15,4.248773620929569e-06,1.483584366468449e-10,1.983923930594588e-10,16076133.233610654
10,2003-01-01,5y,Arps,0.016996362266332672,8,0.015015671275250497,3.452328435279983e-07,1.2027170435748487e-06,9.767617622304565e-06,9664057167043360.0
10,2003-01-01,5y,Water,0.12780758950272572,8,9.036660803311424e-16,2.913751086452976e-05,2.7126922930165165e-10,1.3605480131335465e-09,32297958.264919665
10,2003-01-01,all,Arps,0.016996362266332672,8,0.015015671275250497,3.452328435279983e-07,1.2027170435748487e-06,9.767617622304565e-06,9664057167043360.0
10,2003-01-01,all,Water,0.12780758950272572,8,9.036660803311424e-16,2.913751086452976e-05,2.7126922930165165e-10,1.3605480131335465e-09,32297958.264919665
10,2008-01-01,3y,Arps,0.01485284844365628,8,0.00012297878583922284,1.3793811842743864e-08,4.4075854077618715e-14,8.219268195707147e-08,27836.61750014765
10,2008-01-01,3y,Water,0.0015653719851769017,8,0.0031074086673470447,19.154643583038705,9.865289517595188e-06,0.0005225672212444344,565452136.8684797
10,2008-01-01,5y,Arps,0.009510291550669113,8,0.00031664350535720587,1.9119466565520327e-08,1.8984813721090177e-14,6.422882337798711e-08,59275.95618740548
10,2008-01-01,5y,Water,0.011063256243789454,8,0.0035755615745074465,0.03977589305941365,3.2536341875444297e-06,4.5626321902447445e-06,132645.59938007407
10,2008-01-01,all,Arps,0.08806523973057484,8,0.0988485785019293,8.483433399375517e-07,2.1879222600516552e-07,6.06003076277823e-06,3.181573349051822e+16
10,2008-01-01,all,Water,0.06917876537364778,8,1.521406971687655e-18,0.4191707126738038,1.5743227091066792e-06,2.2066420449037387e-05,6256902.988490771
11,2003-01-01,3y,Arps,0.012593215558131449,8,0.202216387473527,6.191042317943429e-06,2.0124853502987767e-07,0.0001688484996805773,6371185862563640.0
11,2003-01-01,3y,Water,0.04312149707029507,8,3.670396625531614e-18,3.016721166204661e-07,2.0013306289978772e-10,1.621441160333623e-11,13494154.548859168
11,2003-01-01,5y,Arps,0.015788760895941827,8,0.019048063877562527,5.564642176214551e-07,2.844715055225211e-06,2.124932243797977e-05,9664057150109340.0
11,2003-01-01,5y,Water,0.14022275275290697,8,1.6780475632570606e-25,3.704190021380782e-08,3.7444881917370054e-10,1.990945080920359e-12,27402384.7870974
11,2003-01-01,all,Arps,0.015788760895941827,8,0.019048063877562527,5.564642176214551e-07,2.844715055225211e-06,2.124932243797977e-05,9664057150109340.0
11,2003-01-01,all,Water,0.14022275275290697,8,1.6780475632570606e-25,3.704190021380782e-08,3.7444881917370054e-10,1.990945080920359e-12,27402384.7870974
11,2008-01-01,3y,Arps,0.017386039768719126,8,0.0001391239566146396,1.418835240962757e-08,1.454392162258955e-14,9.807640015888511e-08,30730.30265783237
11,2008-01-01,3y,Water,0.0018668776113211123,8,0.0020647464343710453,11.636189592201845,6.547861076927619e-06,0.0003320685278630263,494352879.1001535
11,2008-01-01,5y,Arps,0.012656619945139606,8,0.000425819063821109,2.3388269265733896e-08,4.218847493575595e-15,8.775900857649503e-08,64241.16359515456
11,2008-01-01,5y,Water,0.007800670715479394,8,0.0006861981682959595,0.004067435745128023,5.397416714125747e-07,5.144569741104182e-07,56762.7359531031
11,2008-01-01,all,Arps,0.08647115174056295,8,0.21769138016315992,1.8897835903919358e-06,7.868207000043766e-07,1.5015845302767506e-05,3.181573351533959e+16
11,2008-01-01,all,Water,0.06415249739438109,8,0.0,0.0004185508078080602,3.380427604504632e-10,1.1944416360739583e-08,68163912.07327858
12,2003-01-01,3y,Arps,0.01586416164146829,8,0.03433664948352089,1.0462699853962254e-06,1.9193150789314443e-07,3.434259441911626e-05,6371185869543814.0
12,2003-01-01,3y,Water,0.06312870660566962,8,8.926455035033897e-20,1.7995262169279158e-07,3.2580882436406e-11,1.0567467613895625e-11,13188586.684696767
12,2003-01-01,5y,Arps,0.018249487926655154,8,0.0200148526855628,4.6273311981454013e-07,2.2780834804678735e-06,2.3812390152474105e-05,9664057136219832.0
12,2003-01-01,5y,Water,0.1525753614491907,8,8.226621521012871e-20,2.7602800400927663e-07,8.306571194771628e-10,1.620936091655008e-11,27094970.430871964
12,2003-01-01,all,Arps,0.018249487926655154,8,0.0200148526855628,4.6273311981454013e-07,2.2780834804678735e-06,2.3812390152474105e-05,9664057136219832.0
12,2003-01-01,all,Water,0.1525753614491907,8,8.226621521012871e-20,2.7602800400927663e-07,8.306571194771628e-10,1.620936091655008e-11,27094970.430871964
12,2008-01-01,3y,Arps,0.01861136086763945,8,0.0001742597269185353,1.700694932105229e-08,4.1300296516055823e-14,1.1224922372821618e-07,31784.562172082828
12,2008-01-01,3y,Water,0.0030026222233284724,8,0.00024474402562191244,0.007133715406780539,7.340631819341414e-07,8.711991670182165e-07,168426.53549565258
12,2008-01-01,5y,Arps,0.012070507345019611,8,0.0001376816780975787,7.215954556105686e-09,1.942890293094024e-14,2.6491043512289523e-08,66863.80255588761
12,2008-01-01,5y,Water,0.012363697223866068,8,0.0005334287066034449,0.00478366153765819,3.836952952029904e-07,5.791096271057373e-07,119120.31571570541
12,2008-01-01,all,Arps,0.09112808437047326,8,0.14378239978759666,1.2390961143665669e-06,5.354707585214058e-07,1.0208477364841264e-05,3.181573350269413e+16
12,2008-01-01,all,Water,0.06478481897355476,8,3.0679914387569554e-25,2.2482781787402928e-06,1.153609499593422e-11,6.727613258859925e-11,68555249.1605294
13,2003-01-01,3y,Arps,0.03738178378084319,8,0.1019517852600984,3.1007005007605004e-06,6.98951222718784e-07,2.6130094933044084e-05,6371185862590831.0
13,2003-01-01,3y,Water,0.026873336104061583,8,0.0006077914185738109,9.862560546025634e-09,1.0424891616622745e-08,3.31456784325092e-13,22288033.757980354
13,2003-01-01,5y,Arps,0.04103885320022474,8,0.29977137756941374,6.631300677586993e-06,6.24800867143613e-07,7.245960081707404e-05,9664057172966464.0
13,2003-01-01,5y,Water,0.11050148523042802,8,8.417487114129778e-18,1.6187004803214222e-06,2.0947318116193436e-09,5.4400604537699374e-11,41788368.18494259
13,2003-01-01,all,Arps,0.04103885320022474,8,0.29977137756941374,6.631300677586993e-06,6.24800867143613e-07,7.245960081707404e-05,9664057172966464.0
13,2003-01-01,all,Water,0.11050148523042802,8,8.417487114129778e-18,1.6187004803214222e-06,2.0947318116193436e-09,5.4400604537699374e-11,41788368.18494259
13,2008-01-01,3y,Arps,0.013953090265998487,8,0.00020643983316404046,3.1160333757718206e-08,9.43689570931383e-15,1.3106501942561016e-07,21357.486043229597
13,2008-01-01,3y,Water,0.002145629819056204,8,0.0003070063257837319,1.8031097890634555,8.023981901486565e-07,4.4311300406956556e-05,683492270.8984883
13,2008-01-01,5y,Arps,0.013072714504102186,8,0.01191844964887423,1.8753957675698985e-06,1.2501819949606308e-05,7.14619810192123e-06,62218.39046766465
13,2008-01-01,5y,Water,0.012590630220305075,8,6.168796608108096e-05,2.0271982066333294e-06,7.283716425138254e-10,4.981825802472696e-11,568259482.3396705
13,2008-01-01,all,Arps,0.07494142466556618,8,0.14281779209704837,1.2251705413246494e-06,6.168064750857634e-07,6.981051678030356e-06,3.181573349191732e+16
13,2008-01-01,all,Water,0.07134602816884833,8,5.136612252331487e-14,0.10983825686525961,2.041552891823839e-06,9.342771205585036e-06,449215.10780379537
14,2003-01-01,3y,Arps,0.020546289286873357,8,0.05364560144334973,1.6569234596655602e-06,1.7570250288834766e-07,2.744193144728731e-05,6371185846292056.0
14,2003-01-01,3y,Water,0.02960828100917333,8,8.143235417130292e-12,4.2988904169760644e-07,5.871823860470471e-11,1.6542156191030386e-11,22234660.196754117
14,2003-01-01,5y,Arps,0.022214103901807634,8,0.028491656892583705,6.512871975131174e-07,2.9535262111949574e-07,1.3711879471785545e-05,9664057176251000.0
14,2003-01-01,5y,Water,0.11372511983493351,8,5.401411757680627e-25,9.991064871428534e-05,2.6847398609808337e-10,3.8445677741682515e-09,44079398.06910299
14,2003-01-01,all,Arps,0.022214103901807634,8,0.028491656892583705,6.512871975131174e-07,2.9535262111949574e-07,1.3711879471785545e-05,9664057176251000.0
14,2003-01-01,all,Water,0.11372511983493351,8,5.401411757680627e-25,9.991064871428534e-05,2.6847398609808337e-10,3.8445677741682515e-09,44079398.06910299
14,2008-01-01,3y,Arps,0.01483370205846247,8,6.634294095420046e-05,7.535127410918108e-09,0.0,3.978093234088118e-08,26802.541208527437
14,2008-01-01,3y,Water,0.0012639818133956594,8,1.5138001799641643e-05,0.0020187430727673927,4.4738297386159864e-08,1.7043775711887014e-07,1791781.3746095751
14,2008-01-01,5y,Arps,0.010966157603083329,8,0.005089966545710922,8.012715131400228e-07,5.588734626860159e-06,3.004221821243139e-06,61308.86409701159
14,2008-01-01,5y,Water,0.006252642888278411,8,0.03801239933727629,79.75761256815895,3.834366872091689e-05,0.002042567775853109,375221852.0758109
14,2008-01-01,all,Arps,0.08026941896976592,8,0.3061712976959825,2.653068554125948e-06,6.283909129283412e-07,1.840438792810771e-05,3.1815733518628256e+16
14,2008-01-01,all,Water,0.06926908317493712,8,4.162362296605173e-18,0.3343247989014344,2.2022438656010834e-06,2.0904488345264944e-05,2455329.7923999657
15,2003-01-01,3y,Arps,0.0340684542310774,8,0.5015887806803221,1.5530098580684992e-05,1.396490315705796e-07,0.00012466314139488902,6371185874328162.0
15,2003-01-01,3y,Water,0.031279474887087426,8,0.00022740866307913166,7.275957614183426e-11,3.071293025458388e-09,2.1396713396195987e-15,25101931.203040794
15,2003-01-01,5y,Arps,0.036695675799756876,8,0.2102149551428738,4.661779267459143e-06,1.9722170713535754e-06,4.623436310258773e-05,9664057188461792.0
15,2003-01-01,5y,Water,0.108020688233714,8,1.6828799035891055e-26,3.342429408803582e-07,1.2701627249978031e-09,9.829222199944587e-12,44912098.65534538
15,2003-01-01,all,Arps,0.036695675799756876,8,0.2102149551428738,4.661779267459143e-06,1.9722170713535754e-06,4.623436310258773e-05,9664057188461792.0
15,2003-01-01,all,Water,0.108020688233714,8,1.6828799035891055e-26,3.342429408803582e-07,1.2701627249978031e-09,9.829222199944587e-12,44912098.65534538
15,2008-01-01,3y,Arps,0.02451295566565227,8,0.0005777005026175175,9.381826263088477e-08,3.219646771412954e-15,3.797224910515719e-07,19649.74341888754
15,2008-01-01,3y,Water,0.0029308289220627325,8,0.000487403584884305,1.8066050479319529,1.375186605843265e-06,5.276975699563672e-05,296712465.75188947
15,2008-01-01,5y,Arps,0.020485963180903642,8,0.03300151545772678,5.635494820632747e-06,2.8554575878803057e-05,1.8341699685462363e-05,57053.80358295809
15,2008-01-01,5y,Water,0.014813819360041287,8,2.7023826078220736e-05,9.301365935243666e-07,2.9267912572683574e-10,2.1054308739004875e-11,688229026.9913518
15,2008-01-01,all,Arps,0.07462284634924486,8,0.18436071563337464,1.5781066920461662e-06,3.9596417804671934e-07,8.493530359153167e-06,3.1815733505027496e+16
15,2008-01-01,all,Water,0.07360772768759832,8,1.2651789804387422e-14,0.1104177364577481,2.625930090677242e-06,9.367849838513213e-06,285424.79615956586
16,2003-01-01,3y,Arps,0.020840968984381068,8,0.03065056333434768,9.405310169297021e-07,6.83029063649043e-07,1.4970497203505254e-05,6371185829860546.0
16,2003-01-01,3y,Water,0.02752444157158668,8,3.921917736750702e-14,1.2635828170459718e-06,9.506673226411522e-11,5.081866647978657e-11,20478887.954107936
16,2003-01-01,5y,Arps,0.023680439075290258,8,0.03820778817134851,8.710125535063562e-07,5.759210835118017e-07,1.819774620206581e-05,9664057180863596.0
16,2003-01-01,5y,Water,0.11881319318545099,8,4.0065871721088273e-23,6.759401003364474e-07,2.3050201122809533e-09,2.71849015797937e-11,40821296.73833452
16,2003-01-01,all,Arps,0.023680439075290258,8,0.03820778817134851,8.710125535063562e-07,5.759210835118017e-07,1.819774620206581e-05,9664057180863596.0
16,2003-01-01,all,Water,0.11881319318545099,8,4.0065871721088273e-23,6.759401003364474e-07,2.3050201122809533e-09,2.71849015797937e-11,40821296.73833452
16,2008-01-01,3y,Arps,0.01252533987320279,8,0.0002093610692099901,2.5827916722009903e-08,1.3894441153183834e-12,1.3427333350281847e-07,25721.35932486457
16,2008-01-01,3y,Water,0.0010497599089378707,8,3.763252152566565e-05,0.026714985320722917,1.1815585983926402e-07,1.5495995643171368e-06,21722176.051821843
16,2008-01-01,5y,Arps,0.007432340496429391,8,0.002122910469552153,3.64077062331436e-07,1.952420128126242e-06,1.1674879446709021e-06,55494.585420567455
16,2008-01-01,5y,Water,0.008143716832877861,8,0.0002924280197476037,0.05015121725045901,3.0505280489839803e-07,3.2727068392595563e-06,8080758.17903796
16,2008-01-01,all,Arps,0.08616480698596907,8,0.46188065977185033,3.945470935462492e-06,2.504050454736489e-07,2.6104361580620343e-05,3.1815733508777344e+16
16,2008-01-01,all,Water,0.07242490931965544,8,7.158128710779544e-12,0.32104513103695353,2.260629032357908e-06,2.0884762137273188e-05,2240730.613597313
17,2003-01-01,3y,Arps,0.014633750673892273,8,0.017082689446397126,6.72840097866445e-07,5.407311532067e-06,2.283528079183511e-05,6371185862613268.0
17,2003-01-01,3y,Water,0.05875500903998016,8,1.80638559803956e-16,1.6582343960180879e-06,6.586607925740395e-10,9.862117486933879e-11,12665077.807183078
17,2003-01-01,5y,Arps,0.01703799490360329,8,0.04794188170490088,1.1091299019841405e-06,5.800875549159358e-08,5.817547134477109e-05,9664057174775912.0
17,2003-01-01,5y,Water,0.150655039317886,8,5.775592735445821e-30,6.041918823029846e-07,3.0126310474054563e-10,3.5933468406071865e-11,25967639.209062867
17,2003-01-01,all,Arps,0.01703799490360329,8,0.04794188170490088,1.1091299019841405e-06,5.800875549159358e-08,5.817547134477109e-05,9664057174775912.0
17,2003-01-01,all,Water,0.150655039317886,8,5.775592735445821e-30,6.041918823029846e-07,3.0126310474054563e-10,3.5933468406071865e-11,25967639.209062867
17,2008-01-01,3y,Arps,0.02132440426505352,8,0.0002839723692886764,2.7779127498295253e-08,3.930189507173054e-14,1.8179787203608766e-07,31748.931622252603
17,2008-01-01,3y,Water,0.002790089598494133,8,0.0001616053814359475,0.009536691621178761,5.173479814268855e-07,1.0846715686430424e-06,475381.6055902785
17,2008-01-01,5y,Arps,0.013015641698836839,8,0.00013305452921485994,6.645837768992635e-09,5.995204332975845e-15,2.4174359239119453e-08,66883.94557328918
17,2008-01-01,5y,Water,0.012107338692632136,8,0.0008269241684502049,0.006067924485250842,6.198029924853188e-07,7.77853862683558e-07,83512.18968129947
17,2008-01-01,all,Arps,0.0917590137001964,8,0.30855530329063185,2.6584148090924575e-06,8.930408241356714e-07,2.1890020089569282e-05,3.181573350783823e+16
17,2008-01-01,all,Water,0.06443067612986754,8,2.522896646991964e-35,1.5355763025581837e-06,3.8848174677141856e-11,4.69168797746041e-11,66110891.43011896
18,2003-01-01,3y,Arps,0.02954282755470153,8,0.10446839532596641,3.984423201819354e-06,2.3287364963088245e-06,4.5928141862425485e-05,6371185846284612.0
18,2003-01-01,3y,Water,0.03587784659083593,8,0.006430690909175141,7.513899618061259e-06,1.0639242933874193e-07,2.495713589020987e-10,24148072.080462664
18,2003-01-01,5y,Arps,0.030878886453020716,8,0.1445886580986553,3.262055028499522e-06,9.277682845374428e-07,4.737527471867272e-05,9664057176185296.0
18,2003-01-01,5y,Water,0.1134703567169994,8,3.5033713467644397e-26,3.1461240723729134e-08,3.811039955836648e-10,1.0449733160253941e-12,47508103.68166143
18,2003-01-01,all,Arps,0.030878886453020716,8,0.1445886580986553,3.262055028499522e-06,9.277682845374428e-07,4.737527471867272e-05,9664057176185296.0
18,2003-01-01,all,Water,0.1134703567169994,8,3.5033713467644397e-26,3.1461240723729134e-08,3.811039955836648e-10,1.0449733160253941e-12,47508103.68166143
18,2008-01-01,3y,Arps,0.014210607264443263,8,0.0002352522005821811,3.1825390017781174e-08,8.326672684688674e-15,1.459507383082926e-07,23366.053802578557
18,2008-01-01,3y,Water,0.0007134671117528603,8,1.844842245191103e-05,0.0035034266256843694,5.911999340080243e-08,2.770618154737236e-07,2855178.9829247007
18,2008-01-01,5y,Arps,0.011030107794170997,8,0.008685347047503456,1.3894330564978574e-06,8.539633051807272e-06,4.956339285842089e-06,60721.900807116326
18,2008-01-01,5y,Water,0.010778752309406243,8,0.00011668681963783456,0.286116026196396,1.0868519259576992e-07,7.050065823327792e-06,583752541.6783035
18,2008-01-01,all,Arps,0.07979143261364044,8,0.1235859650587372,1.0601884907202042e-06,7.471924700861909e-07,6.498835890426442e-06,3.181573351718875e+16
18,2008-01-01,all,Water,0.07556177274500349,8,8.469562273720906e-14,0.16764478458026133,2.5172021659858324e-06,1.3322483654557305e-05,629949.1275126839
19,2003-01-01,3y,Arps,0.012461656704560611,8,0.013778646583887166,4.2495965773409194e-07,8.433930019691401e-08,1.0053816753623838e-05,6371185888339170.0
19,2003-01-01,3y,Water,0.027785689492089156,8,2.440980393108892e-18,4.7926732804626226e-08,5.6732604725162616e-11,2.341120267058158e-12,14991262.229224375
19,2003-01-01,5y,Arps,0.015385097584664704,8,0.013220339249528479,4.019710659192155e-07,2.046874472562708e-06,1.2477926073138085e-05,9664057150102878.0
19,2003-01-01,5y,Water,0.12743243479097496,8,8.099543514033477e-17,3.7690224417019635e-06,2.287967218461695e-09,1.8410883256399854e-10,30098808.96654699
19,2003-01-01,all,Arps,0.015385097584664704,8,0.013220339249528479,4.019710659192155e-07,2.046874472562708e-06,1.2477926073138085e-05,9664057150102878.0
19,2003-01-01,all,Water,0.12743243479097496,8,8.099543514033477e-17,3.7690224417019635e-06,2.287967218461695e-09,1.8410883256399854e-10,30098808.96654699
19,2008-01-01,3y,Arps,0.016077674714093007,8,0.00023331803822657093,2.487294631370318e-08,5.88418203051333e-15,1.5893869590869173e-07,29473.288002982918
19,2008-01-01,3y,Water,0.0017765271628576269,8,0.0014022123014001409,7.879602878871083,4.284876910960744e-06,0.00021584627421383787,507936451.6325542
19,2008-01-01,5y,Arps,0.011994647980383317,8,0.00025459030075580813,1.467002680444196e-08,5.329070518200751e-15,5.478534338442312e-08,61706.476481494894
19,2008-01-01,5y,Water,0.011257515205091124,8,0.0021744288214904373,0.023681830309215002,1.8700473930211015e-06,2.7098552935233707e-06,135700.95725308062
19,2008-01-01,all,Arps,0.08339100478843182,8,0.0774254401185317,6.736534447215892e-07,7.982422169796288e-07,5.127168852666275e-06,3.1815733515339708e+16
19,2008-01-01,all,Water,0.06553854567506116,8,1.0359212740709872e-16,0.36203992343871505,9.560183110851606e-07,1.664192102571746e-05,10965502.131862223
20,2003-01-01,3y,Arps,0.012770412369066966,8,0.06381072547810618,1.9556659697217427e-06,3.0606755814885665e-06,5.403569263417076e-05,6371185834539892.0
20,2003-01-01,3y,Water,0.04425287486273959,8,1.0413375830388318e-17,1.3692188076674938e-06,4.246544921260309e-10,7.406721461838256e-11,13457412.667587915
20,2003-01-01,5y,Arps,0.01591216984245864,8,0.008353953449841356,2.6638987773650036e-07,1.1459299111343048e-06,1.0369556254220899e-05,9664057157759400.0
20,2003-01-01,5y,Water,0.14098755892820494,8,2.980038159143145e-24,1.6763806343078613e-08,3.693882977273688e-10,9.068298180543985e-13,27347178.447997935
20,2003-01-01,all,Arps,0.01591216984245864,8,0.008353953449841356,2.6638987773650036e-07,1.1459299111343048e-06,1.0369556254220899e-05,9664057157759400.0
20,2003-01-01,all,Water,0.14098755892820494,8,2.980038159143145e-24,1.6763806343078613e-08,3.693882977273688e-10,9.068298180543985e-13,27347178.447997935
20,2008-01-01,3y,Arps,0.01741913131203266,8,0.0003068377591262106,3.101957668505406e-08,5.218048215738236e-15,2.1557264906872719e-07,30900.295278856604
20,2008-01-01,3y,Water,0.001908325594923136,8,0.0038645578461000696,21.640321304104873,1.232796397979824e-05,0.0006208860897935245,485102899.67911375
20,2008-01-01,5y,Arps,0.012557697703424978,8,0.0006200167117640376,3.381492086340643e-08,1.5210055437364645e-14,1.2751970175385818e-07,64556.05467978328
20,2008-01-01,5y,Water,0.007670896274045608,8,0.0005952232445451955,0.0036710532676806906,4.664958547784259e-07,4.638398873583156e-07,60587.74494861394
20,2008-01-01,all,Arps,0.08643578758507835,8,0.5806614656939928,5.042563829937841e-06,2.5654400092088315e-07,4.0321253721393324e-05,3.181573354204816e+16
20,2008-01-01,all,Water,0.06387702996861092,8,1.2670026626907789e-59,3.4314754884690046e-05,2.4421128314022766e-11,9.845224171648559e-10,68070155.22604659
21,2003-01-01,3y,Arps,0.018704539077673,8,0.04244401114192442,1.311214171378916e-06,9.196168657182523e-08,2.301032706944319e-05,6371185818244719.0
21,2003-01-01,3y,Water,0.027329667279640774,8,1.2371334936980075e-11,1.7534330254420638e-07,7.218962927435513e-11,7.0104548510484775e-12,20909168.47460061
21,2003-01-01,5y,Arps,0.02066388774400631,8,0.03386289466834569,7.753858375161848e-07,7.88277540303505e-07,1.7354833108825823e-05,9664057214793580.0
21,2003-01-01,5y,Water,0.11516870182447561,8,6.914380538285904e-27,1.5348632587119937e-08,2.308806548723119e-10,6.136584301542219e-13,41522712.243750006
21,2003-01-01,all,Arps,0.02066388774400631,8,0.03386289466834569,7.753858375161848e-07,7.88277540303505e-07,1.7354833108825823e-05,9664057214793580.0
21,2003-01-01,all,Water,0.11516870182447561,8,6.914380538285904e-27,1.5348632587119937e-08,2.308806548723119e-10,6.136584301542219e-13,41522712.243750006
21,2008-01-01,3y,Arps,0.014640935297180397,8,0.0002144098161807051,2.5114487212096748e-08,8.104628079763643e-15,1.3705418256192897e-07,26878.971796867692
21,2008-01-01,3y,Water,0.0010187225902552792,8,2.2888704734214116e-05,0.005560123934628791,6.900352989003267e-08,4.203788203863156e-07,4476526.0659816805
21,2008-01-01,5y,Arps,0.010867127611381165,8,0.0063327269672299735,1.0343589847972012e-06,6.517936269601066e-06,3.632727268302574e-06,58817.43298931533
21,2008-01-01,5y,Water,0.006939407202713756,8,0.00015488118606299395,0.023420536155754235,1.547050195033206e-07,1.5423813279195368e-06,6931873.197412932
21,2008-01-01,all,Arps,0.08248137182627949,8,0.10137588912039064,8.755755727396508e-07,6.613076319246004e-07,6.080797757011776e-06,3.1815733549041504e+16
21,2008-01-01,all,Water,0.06979861842100395,8,5.800193182387442e-19,0.3365181536428281,2.124348410181831e-06,2.092549500741641e-05,2655024.435033255
22,2003-01-01,3y,Arps,0.02813304571345891,8,0.06979267793212784,2.912022651790913e-06,1.2238362349160907e-06,3.58160098032271e-05,6371185790135894.0
22,2003-01-01,3y,Water,0.03200998095262565,8,2.690875573025863e-10,5.408848664956167e-06,1.580009595381071e-10,1.8852088191980328e-10,24017386.236848213
22,2003-01-01,5y,Arps,0.030182071071953503,8,0.3156386894406751,7.1305833617973935e-06,9.780039010180294e-07,0.00011291288779273208,9664057196235820.0
22,2003-01-01,5y,Water,0.11396553287642092,8,3.477803230484517e-29,6.925110938027501e-07,9.603856598872085e-11,2.4136893122694556e-11,47557483.42003431
22,2003-01-01,all,Arps,0.030182071071953503,8,0.3156386894406751,7.1305833617973935e-06,9.780039010180294e-07,0.00011291288779273208,9664057196235820.0
22,2003-01-01,all,Water,0.11396553287642092,8,3.477803230484517e-29,6.925110938027501e-07,9.603856598872085e-11,2.4136893122694556e-11,47557483.42003431
22,2008-01-01,3y,Arps,0.014270133472675854,8,0.00033641479785728734,4.473278825134486e-08,5.3734794391857577e-14,2.1118901733489764e-07,23928.025503292927
22,2008-01-01,3y,Water,0.0008726632132439224,8,1.01331970654428e-05,0.0020949991321685957,3.16549438189595e-08,1.6384229203089023e-07,3337232.0172294853
22,2008-01-01,5y,Arps,0.01031714099721669,8,0.005140649856912205,8.364172285335592e-07,5.112024695885786e-06,2.951275734253666e-06,59464.370370409524
22,2008-01-01,5y,Water,0.009615618348852842,8,4.1153522943204734e-05,0.002146386970707681,1.1102418134151248e-09,5.436439396052888e-08,523061725.7935457
22,2008-01-01,all,Arps,0.0818800709249971,8,0.17398590949596837,1.4886376285272451e-06,5.642166950093891e-07,9.275516228565478e-06,3.1815733506431944e+16
22,2008-01-01,all,Water,0.07461975745092109,8,1.730047103524419e-13,0.2638966978283861,3.2842883995881644e-06,2.0254402312270025e-05,870577.915433244
23,2003-01-01,3y,Arps,0.034909393329265175,8,0.1190078802210337,3.7017006169204336e-06,1.3846874896579933e-06,2.4862884259828463e-05,6371185855709710.0
23,2003-01-01,3y,Water,0.03083574364341837,8,0.00017026406180775666,2.397071511950344e-06,2.5096039135696913e-09,6.788105633825241e-11,25307875.616275754
23,2003-01-01,5y,Arps,0.03902570673644673,8,0.22299464424941107,4.89413498108715e-06,5.766314544088379e-07,4.018486366858869e-05,9664057176087278.0
23,2003-01-01,5y,Water,0.1016103968486866,8,1.3513339118375326e-20,1.7051352187991142e-06,1.2207476973724596e-09,4.828657771560116e-11,41638905.577725515
23,2003-01-01,all,Arps,0.03902570673644673,8,0.22299464424941107,4.89413498108715e-06,5.766314544088379e-07,4.018486366858869e-05,9664057176087278.0
23,2003-01-01,all,Water,0.1016103968486866,8,1.3513339118375326e-20,1.7051352187991142e-06,1.2207476973724596e-09,4.828657771560116e-11,41638905.577725515
23,2008-01-01,3y,Arps,0.028106708189521837,8,0.0009180074266623706,1.6957464948896828e-07,4.551914400963142e-15,6.33209613138962e-07,17334.0256200809
23,2008-01-01,3y,Water,0.0018651393890109981,8,0.00020505063639575383,0.006120351994468365,5.487881429289132e-07,5.608565778224367e-07,195716.5837470651
23,2008-01-01,5y,Arps,0.024391939702472863,8,0.023587724588651326,4.269000874024265e-06,1.808111919276989e-05,1.267143819633686e-05,54004.17552520924
23,2008-01-01,5y,Water,0.015681019251402604,8,2.4894558009691536e-05,1.5912519302219152e-07,2.5573238318643554e-10,3.4644958948083403e-12,676287039.9571229
23,2008-01-01,all,Arps,0.07275605883387673,8,0.43934298075328115,3.7457554032949147e-06,8.323243282599627e-07,1.8503473892373008e-05,3.181573351063975e+16
23,2008-01-01,all,Water,0.07018611728563325,8,4.178653432972999e-14,0.04746954895745148,1.3474193019946679e-06,4.076666498489562e-06,210507.98689868895
24,2003-01-01,3y,Arps,0.012300115260822949,8,0.01862690589405247,7.95482085778898e-07,2.709564403831672e-06,1.946488727619045e-05,6371185815837838.0
24,2003-01-01,3y,Water,0.03361331176231809,8,2.8215475115628754e-18,2.9401089705061167e-06,5.928892099493765e-11,1.4834950372141106e-10,14350226.168103905
24,2003-01-01,5y,Arps,0.015566600950748397,8,0.08318169732228853,1.91730628706574e-06,4.920045308275205e-07,6.296749113819524e-05,9664057205540012.0
24,2003-01-01,5y,Water,0.13293701515662706,8,1.90267903549613e-27,8.489834726788104e-06,2.9401295287279083e-10,4.2837281918118336e-10,28952874.45475798
24,2003-01-01,all,Arps,0.015566600950748397,8,0.08318169732228853,1.91730628706574e-06,4.920045308275205e-07,6.296749113819524e-05,9664057205540012.0
24,2003-01-01,all,Water,0.13293701515662706,8,1.90267903549613e-27,8.489834726788104e-06,2.9401295287279083e-10,4.2837281918118336e-10,28952874.45475798
24,2008-01-01,3y,Arps,0.01614880036520291,8,0.00018702351735555567,1.955196043956775e-08,3.375077994860476e-14,1.2854033101496087e-07,29827.08245921653
24,2008-01-01,3y,Water,0.0019694659173046963,8,0.00012497635998443002,0.5626296469199588,3.065086783757276e-07,1.5589598761061175e-05,513819383.33839387
24,2008-01-01,5y,Arps,0.012265693624913601,8,0.00037859624171687756,2.1538855365932363e-08,1.1879386363489175e-14,8.017768857125974e-08,62445.2651445324
24,2008-01-01,5y,Water,0.0098481092130012,8,0.002140421113836055,0.01615891388973978,1.777925472679076e-06,1.951266367184211e-06,78677.37742939653
24,2008-01-01,all,Arps,0.08455750450616402,8,0.2091597733706294,1.8172880547340231e-06,5.209476592312306e-07,1.3991546352248349e-05,3.181573350318549e+16
24,2008-01-01,all,Water,0.06527910895431449,8,6.888233144714528e-30,0.6660767397333984,1.2789506193405797e-06,2.698849763799772e-05,18180854.25396107
25,2003-01-01,3y,Arps,0.029455485870777336,8,0.07008868931370671,2.980289728241048e-06,1.6464981074002521e-06,2.7514146529247853e-05,6371185827587652.0
25,2003-01-01,3y,Water,0.03348826370355827,8,0.00045772498043561427,1.8699211068451405e-09,6.504823957254047e-09,5.5626465095001204e-14,25711374.73741118
25,2003-01-01,5y,Arps,0.03162576257570703,8,0.20929561198681768,4.684101309021527e-06,1.135797076546533e-06,5.282068183727864e-05,9664057202268456.0
25,2003-01-01,5y,Water,0.1094560094449253,8,5.827893391111216e-30,2.531596692278981e-07,5.430169508491289e-11,7.53100088138316e-12,47331536.863803126
25,2003-01-01,all,Arps,0.03162576257570703,8,0.20929561198681768,4.684101309021527e-06,1.135797076546533e-06,5.282068183727864e-05,9664057202268456.0
25,2003-01-01,all,Water,0.1094560094449253,8,5.827893391111216e-30,2.531596692278981e-07,5.430169508491289e-11,7.53100088138316e-12,47331536.863803126
25,2008-01-01,3y,Arps,0.024230232252865906,8,0.00017264948655792978,2.6257454238676203e-08,3.3306690738754696e-16,1.1042173867027124e-07,20909.50230163331
25,2008-01-01,3y,Water,0.0011413283130420908,8,0.003632190053394879,29.5144447083876,1.1137594119621161e-05,0.0006730058745141981,884723882.4588706
25,2008-01-01,5y,Arps,0.018342611959757612,8,0.023691186939686304,3.992458692148038e-06,2.0310196790607193e-05,1.2912403712626039e-05,57722.94777358003
25,2008-01-01,5y,Water,0.012126307659942685,8,2.3712134861852974e-05,2.415836206637323e-07,2.5715034268625203e-10,5.508719912665948e-12,693358881.4530926
25,2008-01-01,all,Arps,0.0759472026524524,8,0.15472857381610083,1.3270985930458057e-06,1.8798890464655986e-07,7.488243089045257e-06,3.1815733554180024e+16
25,2008-01-01,all,Water,0.07421947317080428,8,2.2966572113371376e-12,0.10648030348056636,2.214919104487345e-06,8.768680223238493e-06,355308.01176697563
26,2003-01-01,3y,Arps,0.014231611441588752,8,0.08772926304482098,2.6873119099227183e-06,2.620629976267706e-06,7.305585941900929e-05,6371185883637878.0
26,2003-01-01,3y,Water,0.04271887006196019,8,1.477879899563994e-18,8.838396752253175e-07,2.3825659500875673e-10,4.7956127024357214e-11,13440866.116052985
26,2003-01-01,5y,Arps,0.01695958303874597,8,0.014923969705705531,3.44499350959232e-07,8.340304384196282e-07,1.3231721475260708e-05,9664057157791062.0
26,2003-01-01,5y,Water,0.13977814434903915,8,1.2174533463812463e-23,1.7065758584067225e-08,5.106121081510651e-10,9.259684865527678e-13,27284273.10658005
26,2003-01-01,all,Arps,0.01695958303874597,8,0.014923969705705531,3.44499350959232e-07,8.340304384196282e-07,1.3231721475260708e-05,9664057157791062.0
26,2003-01-01,all,Water,0.13977814434903915,8,1.2174533463812463e-23,1.7065758584067225e-08,5.106121081510651e-10,9.259684865527678e-13,27284273.10658005
26,2008-01-01,3y,Arps,0.018284458859823872,8,0.0003012830111401854,3.160740505436799e-08,7.66053886991358e-15,2.117639860932233e-07,29676.941219518347
26,2008-01-01,3y,Water,0.001819543187175593,8,0.0010660858479241142,6.401953064450936,3.558482807969679e-06,0.0001879435535137192,521856556.85156584
26,2008-01-01,5y,Arps,0.01233865760927022,8,0.0003881854245264549,2.2011302114322007e-08,3.8191672047105385e-14,7.697175889369916e-08,62727.60992641158
26,2008-01-01,5y,Water,0.0075666715510205,8,0.0010109737872880942,0.00555175379395223,8.410905824596249e-07,7.314069461665516e-07,47546.69119563513
26,2008-01-01,all,Arps,0.09138779926530424,8,0.5182833250582917,4.45087111106135e-06,2.6557233614393045e-07,3.389869778954261e-05,3.181573351440101e+16
26,2008-01-01,all,Water,0.06568519684780742,8,1.195878613076285e-37,0.9772968918368861,1.1864035873859757e-06,3.345772084768007e-05,38561333.53929999
27,2003-01-01,3y,Arps,0.01532628952913245,8,0.03572784389143635,1.1035009691295894e-06,4.4068020641207926e-08,2.1299598076065595e-05,6371185829868532.0
27,2003-01-01,3y,Water,0.02443814212128149,8,4.364066217606329e-18,9.677023626863956e-10,1.4814760529446858e-11,4.175176120329233e-14,18148666.49997907
27,2003-01-01,5y,Arps,0.018113309772616493,8,0.03483161119220313,7.995345640138263e-07,2.4701595923578274e-07,1.9868830897036227e-05,9664057202512066.0
27,2003-01-01,5y,Water,0.12018709946074209,8,4.210025631961505e-27,2.285262235091068e-05,1.0336857758641571e-10,9.85982124312993e-10,36216185.988910854
27,2003-01-01,all,Arps,0.018113309772616493,8,0.03483161119220313,7.995345640138263e-07,2.4701595923578274e-07,1.9868830897036227e-05,9664057202512066.0
27,2003-01-01,all,Water,0.12018709946074209,8,4.210025631961505e-27,2.285262235091068e-05,1.0336857758641571e-10,9.85982124312993e-10,36216185.988910854
27,2008-01-01,3y,Arps,0.013965295502632534,8,0.0002194768821937032,2.4729075065454964e-08,3.574918139293004e-14,1.3814341980895125e-07,27837.25984055677
27,2008-01-01,3y,Water,0.0017371861668857413,8,5.228137888479978e-05,0.03590238898686948,1.5383597546519967e-07,2.031308114695205e-06,22165011.020339668
27,2008-01-01,5y,Arps,0.01004049850054423,8,2.5754241505637765e-05,1.2966219764543041e-09,2.275957200481571e-14,4.604023503249079e-09,58875.695744995515
27,2008-01-01,5y,Water,0.009995215500502568,8,0.001155782119894866,0.04861298877221998,1.068490240924147e-06,4.299962558467663e-06,1051180.7265057648
27,2008-01-01,all,Arps,0.08208354558357749,8,0.2816173693499877,2.4400342106267736e-06,2.5427299301296026e-07,1.7522382240641936e-05,3.181573353267689e+16
27,2008-01-01,all,Water,0.06805497523036677,8,3.031783912685065e-16,0.4812799137107504,2.2244001225690813e-06,2.6884135089655274e-05,4399434.6989995465
28,2003-01-01,3y,Arps,0.036293209440811394,8,0.10423377823099145,3.197131704976708e-06,1.794067051296284e-06,2.6214592430863017e-05,6371185846222026.0
28,2003-01-01,3y,Water,0.02870381092475574,8,0.00023513810347708386,2.9142756829969585e-07,3.683142416055496e-09,9.097702988551759e-12,23854669.733751155
28,2003-01-01,5y,Arps,0.039333472764158925,8,0.09309828749246662,2.061136721118184e-06,8.18811358631945e-07,2.141365526676375e-05,9664057179184404.0
28,2003-01-01,5y,Water,0.10936263689442868,8,2.0006130883824332e-20,3.522873157635331e-07,1.5407096709552093e-09,1.0997605285424047e-11,43849110.215748355
28,2003-01-01,all,Arps,0.039333472764158925,8,0.09309828749246662,2.061136721118184e-06,8.18811358631945e-07,2.141365526676375e-05,9664057179184404.0
28,2003-01-01,all,Water,0.10936263689442868,8,2.0006130883824332e-20,3.522873157635331e-07,1.5407096709552093e-09,1.0997605285424047e-11,43849110.215748355
28,2008-01-01,3y,Arps,0.020227984766589203,8,0.00012655901991820429,1.982186378923778e-08,8.881784197001252e-16,8.004255725953455e-08,20388.475932080204
28,2008-01-01,3y,Water,0.0028357919432020003,8,0.00010227610437141266,0.4685061566706281,2.0166442330459e-07,1.0976780847751052e-05,699390271.655752
28,2008-01-01,5y,Arps,0.01765162626197981,8,0.02413642421379336,3.9254931344934185e-06,2.268704979824232e-05,1.3813433725093248e-05,60070.09501570659
28,2008-01-01,5y,Water,0.015387578565893376,8,7.020053999440279e-05,0.0010875598745769821,7.544070611265052e-10,2.5480788679634653e-08,623582035.8244524
28,2008-01-01,all,Arps,0.07553077671955093,8,0.6141030233702622,5.251774141318277e-06,5.936765655357809e-07,2.8950898223928483e-05,3.1815733512965324e+16
28,2008-01-01,all,Water,0.07238756407851087,8,6.0813565620704435e-12,0.11109851621222333,2.3093479368796466e-06,9.393568476419614e-06,363407.11816858884
29,2003-01-01,3y,Arps,0.031898633090592245,8,0.04270936041211826,1.3129284769791694e-06,6.887538403003769e-07,1.3510181608464137e-05,6371185848593464.0
29,2003-01-01,3y,Water,0.03263117348059533,8,0.002306447037192072,8.574716048315167e-09,3.7502535368827417e-08,2.7797373438190594e-13,24141783.507185534
29,2003-01-01,5y,Arps,0.03391716071231746,8,0.16407990626430546,4.979472906105342e-06,2.0366107894500906e-06,6.506532819047554e-05,9664057176155362.0
29,2003-01-01,5y,Water,0.11335617183780562,8,7.296336026468259e-26,6.029586074873805e-08,8.017449204533733e-11,1.9546612955644855e-12,47273019.348404124
29,2003-01-01,all,Arps,0.03391716071231746,8,0.16407990626430546,4.979472906105342e-06,2.0366107894500906e-06,6.506532819047554e-05,9664057176155362.0
29,2003-01-01,all,Water,0.11335617183780562,8,7.296336026468259e-26,6.029586074873805e-08,8.017449204533733e-11,1.9546612955644855e-12,47273019.348404124
29,2008-01-01,3y,Arps,0.018995793009791876,8,0.00046196401399356546,6.578315389638156e-08,2.886579864025407e-15,2.9208729514814595e-07,22423.049194580155
29,2008-01-01,3y,Water,0.0013620172233082058,8,0.05723168867643835,421.2983520255657,0.0001774953965503253,0.010219486271426211,767480962.3593785
29,2008-01-01,5y,Arps,0.014396107046735523,8,0.016448417365609203,2.6782275214798368e-06,1.60449419444042e-05,9.454315075262433e-06,59735.455947975744
29,2008-01-01,5y,Water,0.01261820998333928,8,1.8840518350771163e-05,4.066532710567117e-08,2.0255100895150147e-10,9.852651356461882e-13,612792614.4980831
29,2008-01-01,all,Arps,0.07888654351676451,8,0.3592939043555816,3.0765546067956784e-06,4.4186648343956523e-07,1.82244605512422e-05,3.181573349611887e+16
29,2008-01-01,all,Water,0.07508931438260913,8,4.6150384420189675e-14,0.1921957024715084,3.200685888077315e-06,1.5624127449343605e-05,529257.8596160556
30,2003-01-01,3y,Arps,0.02695946171987451,8,0.8101761664256628,2.5021730489738214e-05,1.4726835401045166e-06,0.00030059588786365474,6371185820524314.0
30,2003-01-01,3y,Water,0.035467898258631766,8,1.527717071459393,188.13772092302315,0.0004407996578626866,0.0062273672970552885,24899625.814784404
30,2003-01-01,5y,Arps,0.028709277521828742,8,0.055599059582164045,1.2569350858887551e-06,6.844772002369662e-07,1.8971521647614483e-05,9664057162298092.0
30,2003-01-01,5y,Water,0.11327107943839182,8,1.273367115555424e-22,1.3070894055999815e-07,5.155871979356519e-10,4.326472000793287e-12,49194614.66729352
30,2003-01-01,all,Arps,0.028709277521828742,8,0.055599059582164045,1.2569350858887551e-06,6.844772002369662e-07,1.8971521647614483e-05,9664057162298092.0
30,2003-01-01,all,Water,0.11327107943839182,8,1.273367115555424e-22,1.3070894055999815e-07,5.155871979356519e-10,4.326472000793287e-12,49194614.66729352
30,2008-01-01,3y,Arps,0.013090315214958653,8,0.00026598012937029125,3.498324491202354e-08,5.062616992290714e-14,1.5486566579863143e-07,24210.740349988926
30,2008-01-01,3y,Water,0.0008147039342404062,8,1.800113659555791e-05,0.002322770249520545,5.206697165083263e-08,1.884522649542683e-07,1749749.4346070047
30,2008-01-01,5y,Arps,0.012413296473589032,8,0.00790140088975022,1.1380061096244454e-06,8.41133809781347e-06,4.5692134080195035e-06,67833.18054292923
30,2008-01-01,5y,Water,0.0104299276295579,8,7.136817021091701e-05,8.845418051350862e-06,8.1582412526926e-10,2.1239156635788617e-10,500800566.9709406
30,2008-01-01,all,Arps,0.0772939326680844,8,0.2929522836129763,2.52722122481841e-06,8.780139568142105e-07,1.602791289880966e-05,3.1815733473188544e+16
30,2008-01-01,all,Water,0.07184850410572795,8,1.7973235794657754e-15,0.17788711301363946,2.051029583435837e-06,1.2864626074800961e-05,954274.3306806458
31,2003-01-01,3y,Arps,0.013650795207749866,8,0.016385112206990016,5.015853153898797e-07,1.050916279480201e-06,1.680220566528819e-05,6371185827451954.0
31,2003-01-01,3y,Water,0.05589742782634242,8,6.6120264626530885e-18,8.115821401588619e-07,8.044922783501107e-10,4.8118766098998975e-11,12437502.20647452
31,2003-01-01,5y,Arps,0.016282407275796447,8,0.01819577049718646,4.2100241330264576e-07,3.992277593564534e-06,2.1430191456053346e-05,9664057140868892.0
31,2003-01-01,5y,Water,0.14952003438959321,8,6.636258789626301e-26,2.568165655247867e-06,4.806418249514444e-10,1.52266734756097e-10,25468581.563254695
31,2003-01-01,all,Arps,0.016282407275796447,8,0.01819577049718646,4.2100241330264576e-07,3.992277593564534e-06,2.1430191456053346e-05,9664057140868892.0
31,2003-01-01,all,Water,0.14952003438959321,8,6.636258789626301e-26,2.568165655247867e-06,4.806418249514444e-10,1.52266734756097e-10,25468581.563254695
31,2008-01-01,3y,Arps,0.019472526554085556,8,0.0003714670838235179,3.5850305030171725e-08,8.43769498715119e-15,2.619227189140675e-07,32372.89542340958
31,2008-01-01,3y,Water,0.0022974222418182784,8,0.00014630229452450294,0.014916406084012124,4.528961339705928e-07,1.5098635348322427e-06,1145013.050484173
31,2008-01-01,5y,Arps,0.013400310606441233,8,0.00032409894447482657,1.6718944173543804e-08,1.6653345369377348e-15,6.489840578418014e-08,67409.97697772222
31,2008-01-01,5y,Water,0.01062502700577597,8,0.0005701515624423337,0.0042344252033217344,4.234506998934684e-07,5.36850186667035e-07,85896.24489740041
31,2008-01-01,all,Arps,0.08810791096302768,8,1.453099541089614,1.2631430481468975e-05,4.7232485818215346e-07,0.00010659931844103214,3.1815733497575464e+16
31,2008-01-01,all,Water,0.0631247716965732,8,8.830740720083998e-24,2.5810470106080174e-05,3.736597802006525e-10,7.790277153658805e-10,67358179.8537292
32,2003-01-01,3y,Arps,0.012838886940407017,8,0.010769712804176379,3.3223971574597444e-07,1.261871766366086e-07,7.531007908358441e-06,6371185839215602.0
32,2003-01-01,3y,Water,0.02600633019980799,8,1.0088505150196319e-13,4.049121343996376e-06,7.156186754286864e-11,1.9294580789822967e-10,15494022.361299492
32,2003-01-01,5y,Arps,0.015743443766667257,8,0.004469220406463137,1.0292168749898023e-07,2.4542204850452475e-07,3.039368926662083e-06,9664057177809172.0
32,2003-01-01,5y,Water,0.12559249006429368,8,1.973693226917296e-27,3.0341834644787014e-07,3.754176552961397e-10,1.445827205774272e-11,31059296.821125794
32,2003-01-01,all,Arps,0.015743443766667257,8,0.004469220406463137,1.0292168749898023e-07,2.4542204850452475e-07,3.039368926662083e-06,9664057177809172.0
32,2003-01-01,all,Water,0.12559249006429368,8,1.973693226917296e-27,3.0341834644787014e-07,3.754176552961397e-10,1.445827205774272e-11,31059296.821125794
32,2008-01-01,3y,Arps,0.016142693633209217,8,0.0003290923959866632,3.550116123296476e-08,5.466738173254271e-13,2.2296519193356701e-07,29139.881497864215
32,2008-01-01,3y,Water,0.0017011399658811036,8,0.002598622203549894,14.521344364940887,7.794255072121614e-06,0.0003938056117415802,516509648.303748
32,2008-01-01,5y,Arps,0.01178763706344134,8,0.00011179583452758379,6.353256865043733e-09,3.3306690738754696e-16,2.3604139217949378e-08,61076.98512662951
32,2008-01-01,5y,Water,0.011670533418382024,8,0.002379217881752993,0.03257147501972213,2.0820413778877e-06,3.5834000874067387e-06,191252.62288740746
32,2008-01-01,all,Arps,0.08286925804033207,8,0.13187763013047515,1.1471373299043464e-06,7.342249565721115e-07,8.629470827374221e-06,3.181573352237151e+16
32,2008-01-01,all,Water,0.06618084315525012,8,1.4322083224474626e-21,0.6306338412068726,1.9465036523724777e-06,3.070552568783659e-05,8508542.463606358
33,2003-01-01,3y,Arps,0.03594054036100393,8,0.12551008232185268,3.8652471208988626e-06,4.378900161089681e-07,2.4103452899057588e-05,6371185825245264.0
33,2003-01-01,3y,Water,0.028747845491060457,8,0.00011752043201340712,2.7495843823999166e-08,1.7461426610188013e-09,8.081725621909429e-13,24185665.71661018
33,2003-01-01,5y,Arps,0.04258238756971981,8,1.246065332175931,2.7113505441184182e-05,4.2716989173157056e-07,0.0002105171219026405,9664057188323918.0
33,2003-01-01,5y,Water,0.10176273665598089,8,4.83036567929675e-23,5.566835170611739e-08,1.413505215652755e-10,1.6362339966454008e-12,39892463.11002763
33,2003-01-01,all,Arps,0.04258238756971981,8,1.246065332175931,2.7113505441184182e-05,4.2716989173157056e-07,0.0002105171219026405,9664057188323918.0
33,2003-01-01,all,Water,0.10176273665598089,8,4.83036567929675e-23,5.566835170611739e-08,1.413505215652755e-10,1.6362339966454008e-12,39892463.11002763
33,2008-01-01,3y,Arps,0.031962964613741096,8,0.001531328362034401,2.9003132051563796e-07,4.496403249731884e-14,1.1396769026092195e-06,16910.674773855328
33,2008-01-01,3y,Water,0.0012150757213912013,8,0.00014270188967202557,0.002460264191540773,4.2714802395149576e-07,2.46224739896446e-07,73683.4420765653
33,2008-01-01,5y,Arps,0.028308209305354846,8,0.01622147369926097,3.1040702429541156e-06,1.2252841137150305e-05,8.793356900834228e-06,51011.47004489722
33,2008-01-01,5y,Water,0.015148969798373208,8,7.143694347178098e-05,8.360810170415789e-06,7.597793661578978e-10,1.8673739108095456e-10,613867659.3562529
33,2008-01-01,all,Arps,0.07214404128580115,8,0.3719958725923789,3.1678681118030294e-06,8.877084819539494e-07,1.5382302000794905e-05,3.181573352327536e+16
33,2008-01-01,all,Water,0.06881231007655651,8,1.9391534763740778e-11,0.04829953406260756,1.3003304398795379e-06,4.1585509595434165e-06,231505.2742770721
34,2003-01-01,3y,Arps,0.021739804246546996,8,1.17255776692582,3.8332948112812515e-05,1.1230596308323958e-06,0.0005882468356451592,6371185820598704.0
34,2003-01-01,3y,Water,0.030597273001265496,8,1.0687695728689033e-13,3.576133167371154e-08,4.9492757114855124e-11,1.3258175212150601e-12,23129643.24000635
34,2003-01-01,5y,Arps,0.02356468466285092,8,0.12438785787890083,2.836774288070276e-06,1.9829135684771635e-07,5.531238908766114e-05,9664057163895160.0
34,2003-01-01,5y,Water,0.1134994960044283,8,1.072772267690573e-24,5.718902684748173e-08,1.6938740687866272e-10,2.120229036978704e-12,45827662.37544688
34,2003-01-01,all,Arps,0.02356468466285092,8,0.12438785787890083,2.836774288070276e-06,1.9829135684771635e-07,5.531238908766114e-05,9664057163895160.0
34,2003-01-01,all,Water,0.1134994960044283,8,1.072772267690573e-24,5.718902684748173e-08,1.6938740687866272e-10,2.120229036978704e-12,45827662.37544688
34,2008-01-01,3y,Arps,0.013456245812998825,8,0.00019917311328754295,2.3880203176007697e-08,1.9340085088970227e-13,1.1987935442513378e-07,26252.153314475057
34,2008-01-01,3y,Water,0.0015184177898580177,8,1.772482482920168e-05,0.002100917872667196,5.065921986069366e-08,1.7814893627769956e-07,1565432.2231332813
34,2008-01-01,5y,Arps,0.010724132529265651,8,0.0033906978169397917,5.117220990280558e-07,3.7372634651422487e-06,1.994435779521444e-06,63901.168801276515
34,2008-01-01,5y,Water,0.00652296078013546,8,0.00010729645782703301,0.2105842758755898,9.683543592854671e-08,5.317748353202022e-06,404230369.24566245
34,2008-01-01,all,Arps,0.07954199844512383,8,0.6545214200014016,5.665501285945229e-06,6.089348738719073e-07,3.854623584727023e-05,3.1815733521436336e+16
34,2008-01-01,all,Water,0.07010624318273712,8,3.076424251259228e-16,0.17859477420097392,1.3477516446480653e-06,1.1608389917078466e-05,1955104.7814726238
35,2003-01-01,3y,Arps,0.013658988821205064,8,0.08845764128273004,2.703189810812634e-06,1.4134079496623948e-06,8.674862205768628e-05,6371185860264134.0
35,2003-01-01,3y,Water,0.054685350596264067,8,6.353238091749125e-19,9.328359737992287e-07,6.251910794619064e-10,5.4336506680317405e-11,12646086.363191128
35,2003-01-01,5y,Arps,0.016387991611151374,8,0.026175176548349555,6.052782628267195e-07,1.3494919635891937e-06,2.912349440826596e-05,9664057180953408.0
35,2003-01-01,5y,Water,0.1485357044743498,8,5.2524423543255803e-23,4.695903044193983e-08,4.843633411022452e-10,2.73530367929281e-12,25872493.88490004
35,2003-01-01,all,Arps,0.016387991611151374,8,0.026175176548349555,6.052782628267195e-07,1.3494919635891937e-06,2.912349440826596e-05,9664057180953408.0
35,2003-01-01,all,Water,0.1485357044743498,8,5.2524423543255803e-23,4.695903044193983e-08,4.843633411022452e-10,2.73530367929281e-12,25872493.88490004
35,2008-01-01,3y,Arps,0.01939165423630336,8,0.00026421415350341704,2.5788361723844133e-08,4.651834473179406e-14,1.8688358391131448e-07,32089.049709352435
35,2008-01-01,3y,Water,0.0024611309086536464,8,0.00010774671409308212,0.013404947123490274,3.350678016295072e-07,1.2972234934142358e-06,1546008.8882301333
35,2008-01-01,5y,Arps,0.013233967028222373,8,0.0004364934138720855,2.2874048266618985e-08,4.773959005888173e-15,8.815544768051647e-08,66878.34037610554
35,2008-01-01,5y,Water,0.010016433520096148,8,0.00016800285720819375,0.0011961305108343367,1.2520240799673843e-07,1.5158016812868748e-07,80167.922695013
35,2008-01-01,all,Arps,0.08790036233245242,8,0.11674744834454032,1.0144018584290482e-06,2.3511312658323814e-07,8.47077854307773e-06,3.181573349476352e+16
35,2008-01-01,all,Water,0.06324304584001922,8,5.084042849318119e-31,2.6889531000051647e-05,5.615412718151802e-10,8.038341830137826e-10,67486530.4571575
36,2003-01-01,3y,Arps,0.03384007583902462,8,0.1085896278545988,3.4656446265407537e-06,2.0931786335474565e-06,2.9320537449678553e-05,6371185864995040.0
36,2003-01-01,3y,Water,0.031698658132763416,8,0.00041920718535948254,9.572249837219715e-08,6.6509445312279425e-09,2.864540803901593e-12,25004913.033924326
36,2003-01-01,5y,Arps,0.03619145756527441,8,0.49590625655037,1.1023724761957676e-05,7.65365976582438e-07,0.00011580566523547184,9664057136026152.0
36,2003-01-01,5y,Water,0.10929263682327528,8,2.0334648168009574e-23,6.346072041196749e-05,1.1211568062829969e-09,1.8990919183725802e-09,45676890.275663525
36,2003-01-01,all,Arps,0.03619145756527441,8,0.49590625655037,1.1023724761957676e-05,7.65365976582438e-07,0.00011580566523547184,9664057136026152.0
36,2003-01-01,all,Water,0.10929263682327528,8,2.0334648168009574e-23,6.346072041196749e-05,1.1211568062829969e-09,1.8990919183725802e-09,45676890.275663525
36,2008-01-01,3y,Arps,0.02346645737075697,8,0.0005792358533653896,9.084443147733268e-08,2.4569235534954714e-13,3.743417251831075e-07,20272.63642672537
36,2008-01-01,3y,Water,0.0025095330408102397,8,0.0004350171866462915,2.9327644294680795,1.1844463165440466e-06,6.72084790284788e-05,774476882.3176038
36,2008-01-01,5y,Arps,0.019286161840076036,8,0.028902687357913237,4.856488021398597e-06,2.5861575344010568e-05,1.6220990746353817e-05,58069.59491229274
36,2008-01-01,5y,Water,0.014754378753852798,8,9.829981081566075e-05,0.32250464533717604,1.0961778093912522e-07,7.390572072417843e-06,674856850.2706678
36,2008-01-01,all,Arps,0.07552231345845596,8,0.1050685970185441,8.995818517598675e-07,4.851820580480039e-07,4.94962412643687e-06,3.1815733535008064e+16
36,2008-01-01,all,Water,0.07387078282854866,8,2.4893625999542993e-14,0.15748854545563518,3.478388485522732e-06,1.3253853006221731e-05,324234.5083983303
37,2003-01-01,3y,Arps,0.014005416454945612,8,0.01899138754561136,5.80288014660757e-07,6.463844040980276e-07,1.7414613780394476e-05,6371185874222784.0
37,2003-01-01,3y,Water,0.05348854672058853,8,2.3628626671518654e-19,1.4661054592579603e-07,4.327384700575365e-10,8.293805413459997e-12,13115147.500650615
37,2003-01-01,5y,Arps,0.016875825756610934,8,0.02606540719352779,6.021414723535179e-07,7.187319521218807e-08,2.67132635537314e-05,9664057190116752.0
37,2003-01-01,5y,Water,0.14727948324492093,8,2.4818672114252623e-21,4.159519448876381e-07,2.0638576958553756e-09,2.3530534385939487e-11,26804583.52938115
37,2003-01-01,all,Arps,0.016875825756610934,8,0.02606540719352779,6.021414723535179e-07,7.187319521218807e-08,2.67132635537314e-05,9664057190116752.0
37,2003-01-01,all,Water,0.14727948324492093,8,2.4818672114252623e-21,4.159519448876381e-07,2.0638576958553756e-09,2.3530534385939487e-11,26804583.52938115
37,2008-01-01,3y,Arps,0.019000017021099685,8,0.0004663003473979188,4.6143541876375593e-08,7.482903185973555e-14,3.2852884326706115e-07,31616.708581367166
37,2008-01-01,3y,Water,0.002528482080956877,8,8.319911012222292e-05,0.019528979073584196,2.5817097003277834e-07,1.6191552895149221e-06,4117033.9472408965
37,2008-01-01,5y,Arps,0.012872183088034566,8,0.0007355665347859031,3.925502711776829e-08,1.2545520178264269e-14,1.492842173020879e-07,66012.85201630337
37,2008-01-01,5y,Water,0.008828910264072457,8,8.474191736240755e-05,0.0005947181407464086,6.490643866818857e-08,7.49168407493668e-08,75059.20560313002
37,2008-01-01,all,Arps,0.08780887970570042,8,0.14560672370862449,1.2634771539149492e-06,8.897669185501587e-07,1.0363802413644314e-05,3.1815733526581732e+16
37,2008-01-01,all,Water,0.06371222292279939,8,1.586878731687737e-26,6.120535545051098e-08,4.190200270093314e-12,1.7997009456204668e-12,67997651.65084583
38,2003-01-01,3y,Arps,0.015160462639772823,8,0.013681046355486615,4.224483988804484e-07,7.697012012029711e-07,8.275159612594012e-06,6371185855637849.0
38,2003-01-01,3y,Water,0.0240261683032146,8,6.3824700565027916e-15,2.02757291845046e-06,8.211716029382643e-11,8.810925452098425e-11,17940845.601879098
38,2003-01-01,5y,Arps,0.01786174788830218,8,0.024234055934357457,5.563097290189889e-07,1.0131590948709175e-06,1.4008152855035973e-05,9664057139275676.0
38,2003-01-01,5y,Water,0.12009159421012915,8,4.1980732259961624e-26,3.6426463339012116e-06,3.5583238716663246e-09,1.5829312477147214e-10,35797480.53949611
38,2003-01-01,all,Arps,0.01786174788830218,8,0.024234055934357457,5.563097290189889e-07,1.0131590948709175e-06,1.4008152855035973e-05,9664057139275676.0
38,2003-01-01,all,Water,0.12009159421012915,8,4.1980732259961624e-26,3.6426463339012116e-06,3.5583238716663246e-09,1.5829312477147214e-10,35797480.53949611
38,2008-01-01,3y,Arps,0.016882204053769705,8,0.00020073049836355494,2.2444245878494584e-08,4.973799150320701e-14,1.340441263886425e-07,28127.912425977334
38,2008-01-01,3y,Water,0.0012381262105328516,8,0.00013906441381550394,0.35487245247350074,4.1133948956717514e-07,1.2865795844795148e-05,160429546.93445146
38,2008-01-01,5y,Arps,0.011265609040967533,8,0.00016479144687764347,9.865540662179484e-09,5.773159728050814e-15,3.6029487847623605e-08,59186.02926180121
38,2008-01-01,5y,Water,0.010619132695345283,8,0.00217407491436461,0.08665482622745913,2.0162079722579884e-06,7.776446663979063e-06,963880.0249645992
38,2008-01-01,all,Arps,0.08118878819409664,8,0.08387583417425049,7.293873226232872e-07,7.893074262417634e-07,5.297501285681498e-06,3.181573352284775e+16
38,2008-01-01,all,Water,0.06806343414355921,8,1.2345059721269802e-16,0.41616575690568425,1.915163845359058e-06,2.3242314791773844e-05,4441144.194822488
39,2003-01-01,3y,Arps,0.028058520755676913,8,0.06286871304655506,1.9438693282386454e-06,7.586027984925793e-07,2.1674328442164616e-05,6371185843968222.0
39,2003-01-01,3y,Water,0.03529892663049443,8,0.0019216037058740199,5.6268618209287524e-08,3.096112449751942e-08,1.8103874328516013e-12,24925156.41441903
39,2003-01-01,5y,Arps,0.029858357598676034,8,0.05217556439129112,1.1761543243643535e-06,7.87551596272835e-07,1.636512258975877e-05,9664057177701020.0
39,2003-01-01,5y,Water,0.11283094786448956,8,2.7084983023952017e-25,7.491435098927468e-07,1.9557962888105962e-10,2.410295541055978e-11,48718452.565531075
39,2003-01-01,all,Arps,0.029858357598676034,8,0.05217556439129112,1.1761543243643535e-06,7.87551596272835e-07,1.636512258975877e-05,9664057177701020.0
39,2003-01-01,all,Water,0.11283094786448956,8,2.7084983023952017e-25,7.491435098927468e-07,1.9557962888105962e-10,2.410295541055978e-11,48718452.565531075
39,2008-01-01,3y,Arps,0.016307480732563828,8,0.00024501852840330685,3.366473810828552e-08,4.196643033083092e-14,1.4639221061632775e-07,23189.916245737644
39,2008-01-01,3y,Water,0.0009170741510372402,8,2.1207250938459765e-05,0.008732441365282284,6.598946177688303e-08,5.585479320062998e-07,9568518.654145699
39,2008-01-01,5y,Arps,0.013959104508070079,8,0.014834965104455478,2.245477102813531e-06,1.4517064025443283e-05,8.340403195471739e-06,64482.831968738086
39,2008-01-01,5y,Water,0.009967126911287361,8,4.775093748321524e-05,0.0012157134406152181,5.464190142023817e-10,2.8949408338123612e-08,559165663.087421
39,2008-01-01,all,Arps,0.07800424336658918,8,0.7720679278536409,6.633903782443662e-06,9.161316013531053e-07,4.0549705063399186e-05,3.181573349099261e+16
39,2008-01-01,all,Water,0.07330542923718686,8,2.4357568055530106e-13,0.12347405360378616,1.7452230110376332e-06,9.424819986066045e-06,681328.6433081522
40,2003-01-01,3y,Arps,0.01270619743024771,8,0.00614957308062003,1.8861192160879447e-07,1.1824752351285018e-07,5.121408435359657e-06,6371185869658085.0
40,2003-01-01,3y,Water,0.04305190980973517,8,2.1298639098240888e-17,8.372880984097719e-07,2.6700174016180966e-10,4.487930890942032e-11,13576971.482182076
40,2003-01-01,5y,Arps,0.015889406116418602,8,0.033585352770387544,7.756626934640742e-07,1.9315569758121942e-06,2.9490158885543818e-05,9664057123884592.0
40,2003-01-01,5y,Water,0.14009284531999283,8,2.3725431248235496e-24,7.477174222003669e-07,1.4186784871861313e-09,4.007824932853685e-11,27567977.139392987
40,2003-01-01,all,Arps,0.015889406116418602,8,0.033585352770387544,7.756626934640742e-07,1.9315569758121942e-06,2.9490158885543818e-05,9664057123884592.0
40,2003-01-01,all,Water,0.14009284531999283,8,2.3725431248235496e-24,7.477174222003669e-07,1.4186784871861313e-09,4.007824932853685e-11,27567977.139392987
40,2008-01-01,3y,Arps,0.01720282679862519,8,0.0001295745823881589,1.296214718893296e-08,1.84297022087776e-14,8.950901750767131e-08,30753.619492704333
40,2008-01-01,3y,Water,0.001873183009465224,8,0.004110898813451058,23.359546917541593,1.3200899631062024e-05,0.0006670170502810061,490674036.18465483
40,2008-01-01,5y,Arps,0.012515390407628375,8,0.0005282858764985576,2.8912884086906843e-08,5.995204332975845e-15,1.0880112738240227e-07,64268.821310344996
40,2008-01-01,5y,Water,0.007628685113848962,8,0.000445659644810803,0.0027667484200719628,3.5203198939237623e-07,3.4834524846384227e-07,60710.23223309289
40,2008-01-01,all,Arps,0.08623533474756917,8,0.15459694723176653,1.3425194963501141e-06,4.623022708344687e-07,1.0678237160698295e-05,3.181573348679652e+16
40,2008-01-01,all,Water,0.0641172800101888,8,5.4099484088588296e-130,5.915349903705646,4.968305289350383e-06,0.0001697053266806182,67032427.31917916
41,2003-01-01,3y,Arps,0.036609781210617615,8,0.13144422101322562,4.034427951826736e-06,1.6699770559957173e-07,2.407443012933225e-05,6371185862620946.0
41,2003-01-01,3y,Water,0.028904082587377377,8,0.00011115001262851365,4.113826435059309e-08,1.683552047770931e-09,1.2268330582160955e-12,23766227.15825121
41,2003-01-01,5y,Arps,0.04436075497923719,8,0.10031480727047892,2.173478791250849e-06,7.196308999336457e-07,1.6232702989872955e-05,9664057171350048.0
41,2003-01-01,5y,Water,0.10090872979793386,8,2.5731643919546736e-22,5.068432074040174e-07,1.4093948924598365e-10,1.511517347635894e-11,38770952.3523857
41,2003-01-01,all,Arps,0.04436075497923719,8,0.10031480727047892,2.173478791250849e-06,7.196308999336457e-07,1.6232702989872955e-05,9664057171350048.0
41,2003-01-01,all,Water,0.10090872979793386,8,2.5731643919546736e-22,5.068432074040174e-07,1.4093948924598365e-10,1.511517347635894e-11,38770952.3523857
41,2008-01-01,3y,Arps,0.033792836273077984,8,0.0008588126347603975,1.673496144161124e-07,7.216449660063518e-15,6.697845456644746e-07,16447.413318856576
41,2008-01-01,3y,Water,0.0010642764772127713,8,0.00021175502934056567,0.0034751835592032876,6.839876252051624e-07,3.5337987503347816e-07,63350.18952154774
41,2008-01-01,5y,Arps,0.030459261531867753,8,0.06267920906975633,1.2432242819160333e-05,4.611828810274776e-05,3.3914117771251804e-05,49192.2490346297
41,2008-01-01,5y,Water,0.014564955381838184,8,1.7251126337214373e-05,1.4772740541957319e-06,1.3356270082975907e-10,3.32130846032027e-11,582107293.5996611
41,2008-01-01,all,Arps,0.07220016962694464,8,0.13836808547057444,1.4699486295399744e-06,3.4752508320534037e-07,7.0058435185074545e-06,3.1815733491432e+16
41,2008-01-01,all,Water,0.06743038248919536,8,1.6190724561532606e-12,0.09739035124221118,2.5546817201682614e-06,8.342000459918927e-06,241525.35646986045
42,2003-01-01,3y,Arps,0.01361928390830934,8,0.013334803395991912,4.0732182771466285e-07,2.8096978542083053e-06,1.3835594430483474e-05,6371185829882756.0
42,2003-01-01,3y,Water,0.057096638282664675,8,1.0388627340482893e-17,6.004229362588376e-07,6.293493504117009e-10,3.587927237968003e-11,12347439.849761099
42,2003-01-01,5y,Arps,0.016300113059957985,8,0.02741856034117518,6.353893476675199e-07,1.213180162214442e-07,3.309968820666715e-05,9664057145479366.0
42,2003-01-01,5y,Water,0.15059687605535008,8,6.342902624537583e-27,1.7877027858048677e-07,1.5110232509663035e-10,1.0682715684624466e-11,25311320.364541322
42,2003-01-01,all,Arps,0.016300113059957985,8,0.02741856034117518,6.353893476675199e-07,1.213180162214442e-07,3.309968820666715e-05,9664057145479366.0
42,2003-01-01,all,Water,0.15059687605535008,8,6.342902624537583e-27,1.7877027858048677e-07,1.5110232509663035e-10,1.0682715684624466e-11,25311320.364541322
42,2008-01-01,3y,Arps,0.01957282711449364,8,0.00019509185949573293,1.8795329403964445e-08,6.328271240363392e-15,1.377806043150754e-07,32482.209314688644
42,2008-01-01,3y,Water,0.002195215516628102,8,0.00012110493844375014,0.010636469485689304,3.7402164454469755e-07,1.110052842268642e-06,913995.8168533468
42,2008-01-01,5y,Arps,0.013540802310721915,8,0.00012439109195838682,6.51163328813098e-09,0.0,2.531016713974718e-08,67632.62873677141
42,2008-01-01,5y,Water,0.011163602693868941,8,0.0004906239196316164,0.0037329744154703803,3.6319268831297435e-07,4.726420272871862e-07,89206.7730973592
42,2008-01-01,all,Arps,0.08827852445205939,8,0.3271452460940054,2.8436413826438134e-06,7.813058296813951e-07,2.4093584564275642e-05,3.1815733511136816e+16
42,2008-01-01,all,Water,0.06328368093444307,8,4.046890543383166e-30,3.0500668799504638e-06,2.4667750481155437e-11,9.242473059198383e-11,67334980.35602118
43,2003-01-01,3y,Arps,0.02436212856712487,8,0.032285455461533275,1.0186162357345152e-06,1.6651690177925784e-06,1.376142963200924e-05,6371185818186507.0
43,2003-01-01,3y,Water,0.033391968500765236,8,1.9989481743396428e-10,1.388307282468304e-06,1.5991843960172503e-10,4.850951979839762e-11,24315522.697159722
43,2003-01-01,5y,Arps,0.026285984807710022,8,0.3436280038076802,7.800903435377371e-06,1.4798779003227597e-06,0.00013362731489541878,9664057157742828.0
43,2003-01-01,5y,Water,0.1138949970085656,8,5.166523942624607e-29,8.520146366208792e-09,4.5749619370649697e-11,2.977065769584205e-13,48143888.72144543
43,2003-01-01,all,Arps,0.026285984807710022,8,0.3436280038076802,7.800903435377371e-06,1.4798779003227597e-06,0.00013362731489541878,9664057157742828.0
43,2003-01-01,all,Water,0.1138949970085656,8,5.166523942624607e-29,8.520146366208792e-09,4.5749619370649697e-11,2.977065769584205e-13,48143888.72144543
43,2008-01-01,3y,Arps,0.013704961616721434,8,0.0003541140677043586,4.561542130132601e-08,6.45039577307216e-14,2.1696440816609904e-07,24476.1264318358
43,2008-01-01,3y,Water,0.0008856211135282805,8,2.715929349506041e-05,0.00433550131492666,8.357861214225437e-08,3.550496791983277e-07,2295102.5051894467
43,2008-01-01,5y,Arps,0.009603023865794522,8,0.007000932104347157,1.1237369053063162e-06,6.788855230088764e-06,3.934880759698205e-06,60251.657853573095
43,2008-01-01,5y,Water,0.008058450108845976,8,6.310346361715347e-05,9.994299034588039e-06,7.643518613181799e-10,2.5153528870413735e-10,504897106.00601256
43,2008-01-01,all,Arps,0.08246152873761689,8,0.47882921804557554,4.1010239577310426e-06,8.223829005617535e-07,2.6095419828036288e-05,3.1815733534967824e+16
43,2008-01-01,all,Water,0.07413234389555967,8,1.1166914405283572e-16,0.22451457889474113,2.534683046381825e-06,1.6625427452781634e-05,1016043.7705756533
44,2003-01-01,3y,Arps,0.020094781086590723,8,0.0521407137530332,1.610077473485072e-06,8.952910790452723e-07,2.7411249852621017e-05,6371185876642561.0
44,2003-01-01,3y,Water,0.029584791157059902,8,3.800657470314943e-09,6.370464689098299e-08,1.4834128370111443e-10,2.487792762735869e-12,21902120.840593204
44,2003-01-01,5y,Arps,0.02178141123780109,8,0.07412111300072866,1.695624322423095e-06,4.251328384234549e-07,3.679567358288162e-05,9664057106852724.0
44,2003-01-01,5y,Water,0.11426726057251695,8,2.433952626571154e-21,4.531808372121304e-06,2.1352565826582293e-09,1.7697610175224119e-10,43447977.18618841
44,2003-01-01,all,Arps,0.02178141123780109,8,0.07412111300072866,1.695624322423095e-06,4.251328384234549e-07,3.679567358288162e-05,9664057106852724.0
44,2003-01-01,all,Water,0.11426726057251695,8,2.433952626571154e-21,4.531808372121304e-06,2.1352565826582293e-09,1.7697610175224119e-10,43447977.18618841
44,2008-01-01,3y,Arps,0.015393175437917456,8,0.00015279157923941966,1.8120083766781647e-08,4.463096558993129e-14,9.984314421287945e-08,26445.279762586615
44,2008-01-01,3y,Water,0.0008446605479285446,8,1.3591833521786612e-05,0.0030694438246428035,4.215490967407476e-08,2.3904462600297753e-07,3861402.462393936
44,2008-01-01,5y,Arps,0.010240399846504569,8,0.005264133147647954,8.928884960290873e-07,5.205332525126671e-06,2.9882433876307088e-06,56597.965960513626
44,2008-01-01,5y,Water,0.006028821151449709,8,0.00028882322021672735,0.15919080843013944,3.078721321388145e-07,7.174086237922526e-06,46348446.91199739
44,2008-01-01,all,Arps,0.0835011694302092,8,1.3661454522625718,1.1768916019505582e-05,2.019299930266631e-07,8.037332526368785e-05,3.181573349614344e+16
44,2008-01-01,all,Water,0.07125059319982399,8,3.168868022476905e-16,0.4736929942646384,3.4674897622793965e-06,3.113083189743411e-05,2093635.3433198286
45,2003-01-01,3y,Arps,0.017316811409256623,8,0.019049835749683552,5.844672028368358e-07,1.437897488036063e-07,1.2158549361393412e-05,6371185846225207.0
45,2003-01-01,3y,Water,0.028528098743306057,8,7.338971433569633e-17,5.989131022943184e-05,3.2307970188050206e-10,2.9144906632003266e-09,15035068.411874175
45,2003-01-01,5y,Arps,0.01992596450547113,8,0.01909265906215296,5.994768334655065e-07,1.7786794501173753e-06,1.6805505005400303e-05,9664057120801176.0
45,2003-01-01,5y,Water,0.1281983371001049,8,4.110913588706713e-23,1.7883758118841797e-06,1.957503992233711e-09,8.702772716213353e-11,30205152.71832578
45,2003-01-01,all,Arps,0.01992596450547113,8,0.01909265906215296,5.994768334655065e-07,1.7786794501173753e-06,1.6805505005400303e-05,9664057120801176.0
45,2003-01-01,all,Water,0.1281983371001049,8,4.110913588706713e-23,1.7883758118841797e-06,1.957503992233711e-09,8.702772716213353e-11,30205152.71832578
45,2008-01-01,3y,Arps,0.016715482958809324,8,0.00011960605297645088,1.319002637667488e-08,1.84297022087776e-14,8.287291021932433e-08,27923.533173040712
45,2008-01-01,3y,Water,0.0018517951753463772,8,0.00020916810080962023,1.1851998583733803,6.283746027367643e-07,3.331757315468484e-05,549896389.1760261
45,2008-01-01,5y,Arps,0.010657121393287679,8,0.0004375647258711979,2.6351202886409908e-08,1.6686652060116103e-13,9.081695988941635e-08,59176.772620407086
45,2008-01-01,5y,Water,0.011637522165410872,8,0.002515218104235828,0.024815289689286146,2.3351781524294513e-06,2.9799900757022267e-06,107490.59847614844
45,2008-01-01,all,Arps,0.08806159367316647,8,0.24069158318889095,2.067750405954083e-06,4.29189709036139e-07,1.4795526669574485e-05,3.1815733539206612e+16
45,2008-01-01,all,Water,0.06831126580319384,8,8.158591252581055e-15,0.5171630483855552,1.993859270202347e-06,2.804813042619347e-05,6107034.929849755
46,2003-01-01,3y,Arps,0.03451320681113263,8,0.347708363975471,1.0769507007124535e-05,1.5956391556675376e-06,9.923312496554304e-05,6371185843849228.0
46,2003-01-01,3y,Water,0.030375712118691844,8,0.0011838290877648205,7.97663233242929e-07,1.9329473410767406e-08,2.6136994534038773e-11,23218288.557073988
46,2003-01-01,5y,Arps,0.0374259616341375,8,0.2258582742051658,5.9717482524535015e-06,1.066907214771794e-06,7.06179164922446e-05,9664057149931164.0
46,2003-01-01,5y,Water,0.11253120933652658,8,4.2421523955099545e-23,1.887963298941031e-05,7.598527571039959e-10,6.186280671892268e-10,44612619.24874815
46,2003-01-01,all,Arps,0.0374259616341375,8,0.2258582742051658,5.9717482524535015e-06,1.066907214771794e-06,7.06179164922446e-05,9664057149931164.0
46,2003-01-01,all,Water,0.11253120933652658,8,4.2421523955099545e-23,1.887963298941031e-05,7.598527571039959e-10,6.186280671892268e-10,44612619.24874815
46,2008-01-01,3y,Arps,0.01683027750519981,8,0.00034050405156449415,4.9891038134131094e-08,4.107825191113079e-15,2.1305444659975362e-07,21725.810376351343
46,2008-01-01,3y,Water,0.002571019808055279,8,6.48682162136538e-05,0.46658934321749257,2.0127599352492975e-07,1.1320197195533301e-05,716516457.4648433
46,2008-01-01,5y,Arps,0.014050281371091837,8,0.015479522338864626,2.475527340006778e-06,1.5478251388922892e-05,9.03760943583802e-06,60994.93457770067
46,2008-01-01,5y,Water,0.013916523986041452,8,4.4742289901478216e-05,6.420668796636164e-07,4.999539983396861e-10,1.557756042119305e-11,603421655.1183586
46,2008-01-01,all,Arps,0.07717899714829446,8,0.942779318884277,8.069432982205083e-06,2.6508901174115495e-07,4.658887808705304e-05,3.1815733531714476e+16
46,2008-01-01,all,Water,0.07372015406444932,8,1.5061516071574658e-10,0.10433689200181107,1.8687359700508832e-06,8.696003767632939e-06,472351.4051804339
47,2003-01-01,3y,Arps,0.01220358839059802,8,0.10177024116819666,3.1350051398620904e-06,6.95214365782218e-07,7.591489044497511e-05,6371185860311975.0
47,2003-01-01,3y,Water,0.03000343592012566,8,3.1302335005001724e-14,3.319571987958625e-06,1.6923949741620703e-10,1.6519070707607575e-10,14598332.86921186
47,2003-01-01,5y,Arps,0.015291324395332439,8,0.10525258205416321,2.4264873981286184e-06,1.1175772496099845e-06,7.783066951659094e-05,9664057176294184.0
47,2003-01-01,5y,Water,0.129915246767264,8,8.683783348582555e-30,1.4465877029579133e-06,1.6911783778938982e-10,7.198604108171672e-11,29375761.838422082
47,2003-01-01,all,Arps,0.015291324395332439,8,0.10525258205416321,2.4264873981286184e-06,1.1175772496099845e-06,7.783066951659094e-05,9664057176294184.0
47,2003-01-01,all,Water,0.129915246767264,8,8.683783348582555e-30,1.4465877029579133e-06,1.6911783778938982e-10,7.198604108171672e-11,29375761.838422082
47,2008-01-01,3y,Arps,0.016201629105846813,8,0.00011053913294745144,1.1546230166414873e-08,3.219646771412954e-15,7.503516315263157e-08,29650.97285492953
47,2008-01-01,3y,Water,0.0019038636884647442,8,3.657435627246741e-06,1.41095370054245e-06,8.158930128732145e-11,3.891110718122424e-11,513054937.1331605
47,2008-01-01,5y,Arps,0.012386853353483105,8,0.00011537901082192548,6.350387604658891e-09,0.0,2.3693491568741235e-08,62061.9968098042
47,2008-01-01,5y,Water,0.010909629973081874,8,0.0027806535736090154,0.02335791859877645,2.351846693476878e-06,2.777062389294823e-06,91526.28661518867
47,2008-01-01,all,Arps,0.08405744645469958,8,0.13356448771446594,1.1612465944665917e-06,2.528891643708393e-07,8.888450461074134e-06,3.181573353409047e+16
47,2008-01-01,all,Water,0.0656041628765411,8,9.004795799729824e-28,0.720548090786906,1.641371626108501e-06,3.12666989027564e-05,13861986.079496143
48,2003-01-01,3y,Arps,0.016756309404213222,8,0.01322431540575053,4.63186395072146e-07,3.1684348685858816e-06,1.0525763936029356e-05,6371185820522945.0
48,2003-01-01,3y,Water,0.03484565011373808,8,8.403309623734941e-17,1.8993887351825833e-07,1.5267814790220768e-10,9.7845142770393e-12,14035981.48941632
48,2003-01-01,5y,Arps,0.019456497770191334,8,0.04565803393597889,1.0495194439005817e-06,6.457891952367877e-07,3.295848386293447e-05,9664057173189212.0
48,2003-01-01,5y,Water,0.1339999925059004,8,2.2251337373812096e-23,4.824109055334702e-06,3.8640852323412744e-09,2.485092337950633e-10,28342204.326859813
48,2003-01-01,all,Arps,0.019456497770191334,8,0.04565803393597889,1.0495194439005817e-06,6.457891952367877e-07,3.295848386293447e-05,9664057173189212.0
48,2003-01-01,all,Water,0.1339999925059004,8,2.2251337373812096e-23,4.824109055334702e-06,3.8640852323412744e-09,2.485092337950633e-10,28342204.326859813
48,2008-01-01,3y,Arps,0.01711992784901934,8,0.00023215900364448316,2.5285448124190424e-08,3.4083846855992306e-14,1.6499147218320393e-07,28630.137272954787
48,2008-01-01,3y,Water,0.0019460668268212033,8,0.0010792825478347368,6.538855857019371,3.5290227230842103e-06,0.0001879460747820532,542265216.2555618
48,2008-01-01,5y,Arps,0.01166409125190819,8,0.00030223320209188387,1.7616211600568477e-08,3.1086244689504383e-15,6.114956780753394e-08,60586.01994453634
48,2008-01-01,5y,Water,0.009614128776799069,8,0.0021320456539797306,0.01369304525996995,1.8813831484387755e-06,1.7549478393103657e-06,57352.68417378822
48,2008-01-01,all,Arps,0.08957413114408863,8,0.2100043535210716,1.80298982266347e-06,7.922084203968716e-07,1.3220361395539966e-05,3.181573350548587e+16
48,2008-01-01,all,Water,0.0670471492271035,8,9.800502024958364e-23,0.4579154879429552,1.1402107537097916e-06,2.1090368243050886e-05,12345716.645320928
49,2003-01-01,3y,Arps,0.0342829294570087,8,0.08229483150535088,2.5444384590816993e-06,8.65967858647117e-07,2.1650275883562378e-05,6371185834644758.0
49,2003-01-01,3y,Water,0.03270000436891446,8,0.00034640843955457967,4.016328603029251e-09,5.37502199693396e-09,1.2125791567570587e-13,24659113.521486886
49,2003-01-01,5y,Arps,0.03634233007265802,8,0.5907764773965027,1.3138791372629965e-05,7.143703573347011e-07,0.0001387260471250162,9664057171472022.0
49,2003-01-01,5y,Water,0.10930202033825591,8,1.1235104144020721e-26,3.8809957914054394e-08,3.5265144970875184e-11,1.1717205112576362e-12,44800922.59812495
49,2003-01-01,all,Arps,0.03634233007265802,8,0.5907764773965027,1.3138791372629965e-05,7.143703573347011e-07,0.0001387260471250162,9664057171472022.0
49,2003-01-01,all,Water,0.10930202033825591,8,1.1235104144020721e-26,3.8809957914054394e-08,3.5265144970875184e-11,1.1717205112576362e-12,44800922.59812495
49,2008-01-01,3y,Arps,0.02151941998359393,8,0.0006849131914350437,1.0741391065494099e-07,6.439293542825908e-14,4.376591571032851e-07,20384.388473967934
49,2008-01-01,3y,Water,0.0021419503287478207,8,7.168305182858603e-05,0.5298132240495761,2.072523025958145e-07,1.2225889603574437e-05,831884427.3995514
49,2008-01-01,5y,Arps,0.01801487794594171,8,0.011964471534156473,1.9787539412563504e-06,1.079963074102075e-05,6.717720059119435e-06,58933.31845259656
49,2008-01-01,5y,Water,0.013300079505732483,8,8.413750038016587e-06,1.2022792361676693e-07,8.338055593193339e-11,2.7743613304571773e-12,690371688.14327
49,2008-01-01,all,Arps,0.07535540952154227,8,0.028276591168832965,2.422935864165865e-07,3.161086025406441e-08,1.3386740317271006e-06,3.181573354013879e+16
49,2008-01-01,all,Water,0.07417550475428428,8,2.2123958178321564e-16,0.11911622663319577,2.7021855875941636e-06,1.0127578816926861e-05,311392.13187909883
50,2003-01-01,3y,Arps,0.012594583604609001,8,0.03181656101878616,9.754993279056934e-07,3.349794055042081e-07,2.6900292174776215e-05,6371185876624457.0
50,2003-01-01,3y,Water,0.04375569534934604,8,2.3853736795674696e-15,2.354478056076914e-06,1.7874957070063147e-10,1.2728331143553415e-10,13411108.760226957
50,2003-01-01,5y,Arps,0.015771490191228085,8,0.015939379776682472,3.683096020563881e-07,3.9073736148721825e-07,1.4269588603593346e-05,9664057191700736.0
50,2003-01-01,5y,Water,0.14073137964870988,8,1.4266534444664222e-20,4.828980308957398e-07,2.0322162216923623e-09,2.6105514255895427e-11,27245531.510437027
50,2003-01-01,all,Arps,0.015771490191228085,8,0.015939379776682472,3.683096020563881e-07,3.9073736148721825e-07,1.4269588603593346e-05,9664057191700736.0
50,2003-01-01,all,Water,0.14073137964870988,8,1.4266534444664222e-20,4.828980308957398e-07,2.0322162216923623e-09,2.6105514255895427e-11,27245531.510437027
50,2008-01-01,3y,Arps,0.017472876892118374,8,0.00034067058004438877,3.4624315942144435e-08,3.47499806707674e-14,2.402052820200234e-07,30820.482597290073
50,2008-01-01,3y,Water,0.0018736262981182315,8,0.0024578808952355757,13.902748900385632,7.864235880773035e-06,0.00039788532821823525,490579878.3576684
50,2008-01-01,5y,Arps,0.012658916550422882,8,0.0005301561814121669,2.8990290446007094e-08,1.609823385706477e-14,1.0896553279429044e-07,64414.56732770661
50,2008-01-01,5y,Water,0.007766188515712408,8,0.0005059000386609114,0.003008381423569517,3.972862565038149e-07,3.811548056242262e-07,57082.38667349806
50,2008-01-01,all,Arps,0.08656412439262305,8,0.4515184764168225,3.919890697090533e-06,6.689043807199457e-07,3.124891428635003e-05,3.1815733532681536e+16
50,2008-01-01,all,Water,0.06400094916246207,8,1.305060893599705e-54,4.099641228094697e-05,3.0801659833823436e-11,1.1732801135109127e-09,68145176.06525265
51,2003-01-01,3y,Arps,0.012953792520333634,8,0.04040217302281235,1.2377174163080706e-06,1.1393171494785377e-06,3.605363416590242e-05,6371185839121528.0
51,2003-01-01,3y,Water,0.046647245728629966,8,1.325302056650226e-18,0.0001468903719796799,6.520624179495726e-10,8.144610782279303e-09,13141837.259409811
51,2003-01-01,5y,Arps,0.01589178625726707,8,0.05810706888951245,1.3423000072773639e-06,3.211190369155124e-06,5.5899895860917175e-05,9664057143984468.0
51,2003-01-01,5y,Water,0.14272026368074894,8,7.769633263652257e-18,9.59502358455211e-07,2.3480747277093705e-09,5.320139876405396e-11,26745480.478425633
51,2003-01-01,all,Arps,0.01589178625726707,8,0.05810706888951245,1.3423000072773639e-06,3.211190369155124e-06,5.5899895860917175e-05,9664057143984468.0
51,2003-01-01,all,Water,0.14272026368074894,8,7.769633263652257e-18,9.59502358455211e-07,2.3480747277093705e-09,5.320139876405396e-11,26745480.478425633
51,2008-01-01,3y,Arps,0.016157126110937843,8,0.00012034776045766193,1.2118924197501713e-08,2.298161660974074e-14,8.133788987112342e-08,31124.79003015631
51,2008-01-01,3y,Water,0.001967967787465112,8,6.952376952540362e-05,0.061540183200122556,2.1965611966823229e-07,3.4898412499602004e-06,30185789.69855163
51,2008-01-01,5y,Arps,0.010888612199132125,8,0.0005948788493697066,3.227186184950881e-08,6.306066779870889e-14,1.2053220966286967e-07,65163.358010147436
51,2008-01-01,5y,Water,0.007415536111426389,8,0.00019186698273188085,0.0012338847955106758,1.4793303970694893e-07,1.562266878259943e-07,65864.26153666136
51,2008-01-01,all,Arps,0.08755342247490643,8,0.7332638978623436,6.355878382338642e-06,5.489415167645652e-07,5.122134015081198e-05,3.181573349474757e+16
51,2008-01-01,all,Water,0.06315390867153706,8,5.115540035924881e-36,1.7705606296658516e-06,3.079172333775304e-12,5.1479010890819834e-11,67846288.35821936
52,2003-01-01,3y,Arps,0.016861465626201635,8,0.0412645725227776,1.273058990468312e-06,1.40631318135223e-06,2.3307720271545527e-05,6371185811195068.0
52,2003-01-01,3y,Water,0.025742660850566167,8,5.7477687503725326e-15,1.9018661987502128e-06,3.188115049734819e-11,7.896465403976917e-11,19510526.85978625
52,2003-01-01,5y,Arps,0.019408192646770052,8,0.138164837469958,3.3725364886189046e-06,1.722534031354343e-06,7.936729409474659e-05,9664057168546932.0
52,2003-01-01,5y,Water,0.1182270573413916,8,1.6650204352776207e-27,1.215630618389696e-07,1.6192120561031587e-10,5.047245241772142e-12,38868158.7673091
52,2003-01-01,all,Arps,0.019408192646770052,8,0.138164837469958,3.3725364886189046e-06,1.722534031354343e-06,7.936729409474659e-05,9664057168546932.0
52,2003-01-01,all,Water,0.1182270573413916,8,1.6650204352776207e-27,1.215630618389696e-07,1.6192120561031587e-10,5.047245241772142e-12,38868158.7673091
52,2008-01-01,3y,Arps,0.013683497507538353,8,9.704492458695313e-05,1.1162207880222041e-08,2.042810365310288e-14,6.041688763041263e-08,27445.92322308184
52,2008-01-01,3y,Water,0.0015384407911772028,8,2.405619034107076e-05,0.00672291925366153,7.102273411052629e-08,4.863618712077654e-07,5619335.329748653
52,2008-01-01,5y,Arps,0.010109150736584888,8,0.0014576481789845275,2.3261682774444736e-07,1.502665765040767e-06,8.309885599760925e-07,59211.48569071236
52,2008-01-01,5y,Water,0.008480204974729049,8,0.0003756941241590539,0.02918819189289934,3.5651120715296525e-07,2.2472545303610263e-06,2641155.1617477713
52,2008-01-01,all,Arps,0.08180773349267077,8,0.12312883010235964,1.0658016457720798e-06,6.866850040365602e-07,7.54899317270078e-06,3.181573353829091e+16
52,2008-01-01,all,Water,0.06882780869953775,8,5.893721193017454e-12,0.6071230042543903,3.1606749406332124e-06,3.526472604813843e-05,3615985.680456105
53,2003-01-01,3y,Arps,0.036191609296650884,8,0.07903956140398805,2.455296820413899e-06,3.867575837548832e-07,1.6383634774946455e-05,6371185825273242.0
53,2003-01-01,3y,Water,0.03301353374858671,8,0.0001521148503798031,2.1653249859809875e-08,2.2409409050627715e-09,6.254779600727321e-13,24622173.5721668
53,2003-01-01,5y,Arps,0.039990973199237306,8,0.2218764926692529,4.8656245610623206e-06,7.481205389527535e-07,3.978814266808763e-05,9664057189913220.0
53,2003-01-01,5y,Water,0.10127087364146353,8,4.313198350847581e-23,2.1785745047964156e-06,1.0737698924456751e-10,6.293052294453609e-11,39943472.66128721
53,2003-01-01,all,Arps,0.039990973199237306,8,0.2218764926692529,4.8656245610623206e-06,7.481205389527535e-07,3.978814266808763e-05,9664057189913220.0
53,2003-01-01,all,Water,0.10127087364146353,8,4.313198350847581e-23,2.1785745047964156e-06,1.0737698924456751e-10,6.293052294453609e-11,39943472.66128721
53,2008-01-01,3y,Arps,0.02704583307076852,8,0.0002933305795522756,5.33970599958522e-08,2.220446049250313e-16,1.9244691524136393e-07,17446.4740415188
53,2008-01-01,3y,Water,0.001226124196942078,8,5.753369623562321e-05,0.002610808302051737,1.5681215631557777e-07,2.305780252683297e-07,370917.00106620905
53,2008-01-01,5y,Arps,0.02390105030421801,8,0.038251552870860905,6.713440048322639e-06,3.0215799172284008e-05,2.073084468945792e-05,55811.71105458517
53,2008-01-01,5y,Water,0.01432217833158794,8,1.5934604562062304e-05,3.9217411540448666e-09,1.4804297891746199e-10,8.658947107987492e-14,685447744.1202922
53,2008-01-01,all,Arps,0.07222314407770464,8,0.13219882932389737,1.1283306979303909e-06,6.668940189917456e-07,5.598919029411178e-06,3.1815733480195664e+16
53,2008-01-01,all,Water,0.07004717536380169,8,6.170000942125779e-12,0.06716579934982292,1.9855540147883932e-06,5.8750549665008084e-06,198782.2156035119
54,2003-01-01,3y,Arps,0.029266268568170568,8,0.29467186303554627,9.171363272580946e-06,1.3754551973609188e-06,8.399991181324793e-05,6371185851000812.0
54,2003-01-01,3y,Water,0.03339709676345944,8,0.00039374082402332533,3.761670086532831e-09,5.812481204681141e-09,1.1118423110713866e-13,25842840.220493216
54,2003-01-01,5y,Arps,0.031545550642658314,8,0.0634413449170097,1.4195247801662703e-06,9.860914016908318e-07,1.586281252234813e-05,9664057131412700.0
54,2003-01-01,5y,Water,0.10945638415617256,8,1.2961713944880435e-26,4.446919774636626e-07,1.240160411863922e-09,1.314382560310663e-11,47555670.59659784
54,2003-01-01,all,Arps,0.031545550642658314,8,0.0634413449170097,1.4195247801662703e-06,9.860914016908318e-07,1.586281252234813e-05,9664057131412700.0
54,2003-01-01,all,Water,0.10945638415617256,8,1.2961713944880435e-26,4.446919774636626e-07,1.240160411863922e-09,1.314382560310663e-11,47555670.59659784
54,2008-01-01,3y,Arps,0.02463256611235669,8,0.0003254683369959821,5.024302565659333e-08,4.39648317751562e-14,2.1156068690440304e-07,20789.770962453986
54,2008-01-01,3y,Water,0.0013161045123555608,8,0.001413380040503398,11.271203971737123,4.279451620275293e-06,0.00025631486885959836,870179931.3886937
54,2008-01-01,5y,Arps,0.018618266637050452,8,0.024802097488645813,4.20374645199173e-06,2.110998414273091e-05,1.3495501260481841e-05,57325.01221753571
54,2008-01-01,5y,Water,0.012867459454882539,8,1.748226350173354e-05,6.166374078020453e-08,1.859561411104993e-10,1.4021189675401782e-12,701066738.4183899
54,2008-01-01,all,Arps,0.07583511303840919,8,0.06990938110175193,5.995545005188507e-07,5.820122034938058e-07,3.3685474187954464e-06,3.181573352796452e+16
54,2008-01-01,all,Water,0.07449658367453751,8,2.676056658685065e-16,0.12351130584829662,2.611654414091946e-06,1.0193092810930191e-05,345668.2362382435
55,2003-01-01,3y,Arps,0.026784024672801287,8,0.07566274479904678,3.1661124317156064e-06,2.161578710681222e-06,3.832679417577806e-05,6371185893010794.0
55,2003-01-01,3y,Water,0.03525730498011257,8,1.3641447830203761,105.72005041533339,0.00023913663963924525,0.003509807923639515,24888997.45222567
55,2003-01-01,5y,Arps,0.028530986283917023,8,0.23046183965197997,5.2113156051580845e-06,9.339016760748985e-07,7.927599341293228e-05,9664057123866752.0
55,2003-01-01,5y,Water,0.11317623797979712,8,3.948610045367102e-24,1.3619501260109246e-07,6.225130133596934e-10,4.521548490581509e-12,49176985.0848041
55,2003-01-01,all,Arps,0.028530986283917023,8,0.23046183965197997,5.2113156051580845e-06,9.339016760748985e-07,7.927599341293228e-05,9664057123866752.0
55,2003-01-01,all,Water,0.11317623797979712,8,3.948610045367102e-24,1.3619501260109246e-07,6.225130133596934e-10,4.521548490581509e-12,49176985.0848041
55,2008-01-01,3y,Arps,0.013362768824826883,8,0.0002853664209396811,3.7561840166011606e-08,1.5765166949677223e-14,1.662383893328367e-07,24206.485428513864
55,2008-01-01,3y,Water,0.0008654879458172753,8,2.7528570171853062e-05,0.004126871172047686,8.10710685528182e-08,3.27759400440432e-07,2178843.3922467115
55,2008-01-01,5y,Arps,0.012570310451835704,8,0.007578315837236005,1.0954466766466275e-06,8.025133784062e-06,4.372274550353685e-06,67668.88926991165
55,2008-01-01,5y,Water,0.009994909394477634,8,7.658690356038278e-05,0.1674258841885603,6.761878026083357e-08,4.03212085463877e-06,502220952.07994163
55,2008-01-01,all,Arps,0.07774733956051282,8,0.31093666166998446,2.680204431587674e-06,2.878383345814656e-07,1.6989669001023727e-05,3.181573352795089e+16
55,2008-01-01,all,Water,0.07203099924648851,8,2.0788732235852116e-11,0.26839929417474195,3.0959134859342985e-06,1.9437034262944147e-05,955752.4108650279
56,2003-01-01,3y,Arps,0.019343032761244376,8,0.011983538708591368,3.697509158087642e-07,1.7393440795806724e-07,6.244106880289626e-06,6371185869646982.0
56,2003-01-01,3y,Water,0.028275343920287185,8,6.056908114667064e-11,1.7873717297334224e-06,1.3519936559180934e-10,7.006422477325828e-11,21519880.139213327
56,2003-01-01,5y,Arps,0.02142239214817538,8,0.05005668658304785,1.5655521189428256e-06,1.2763441201817264e-06,3.377482212064615e-05,9664057146972252.0
56,2003-01-01,5y,Water,0.11534389451079362,8,5.37207635917853e-21,9.818541002459824e-08,5.171209155330203e-10,3.848827036349449e-12,42745648.86520504
56,2003-01-01,all,Arps,0.02142239214817538,8,0.05005668658304785,1.5655521189428256e-06,1.2763441201817264e-06,3.377482212064615e-05,9664057146972252.0
56,2003-01-01,all,Water,0.11534389451079362,8,5.37207635917853e-21,9.818541002459824e-08,5.171209155330203e-10,3.848827036349449e-12,42745648.86520504
56,2008-01-01,3y,Arps,0.014313973662431399,8,0.0002822620053848368,3.35073638835226e-08,4.1300296516055823e-14,1.7557555969580143e-07,26708.22074523585
56,2008-01-01,3y,Water,0.0010918605953723042,8,1.758272082952317e-05,0.0036794548432226293,5.324305347997882e-08,2.8649827186599045e-07,3521669.2942877756
56,2008-01-01,5y,Arps,0.010788284126312971,8,0.002029388799201115,3.2389880116889813e-07,2.1746316208881566e-06,1.1846349519051302e-06,61016.47591202891
56,2008-01-01,5y,Water,0.006398952253968718,8,9.708992547530215e-05,0.025949336395569844,9.870613319751254e-08,1.4432769775554224e-06,16014755.041041046
56,2008-01-01,all,Arps,0.08182234802711708,8,1.564180910547293,1.3506257511924913e-05,5.218615411107557e-07,9.323216756351165e-05,3.1815733506915304e+16
56,2008-01-01,all,Water,0.07012449332066674,8,3.9398227298487785e-12,0.28235353791023954,1.8373160728807347e-06,1.7651644719312175e-05,2514337.3421557834
57,2003-01-01,3y,Arps,0.01498080047937077,8,0.03643187856687291,1.1104991209029413e-06,1.7337289865454095e-06,3.618194366190196e-05,6371185850874085.0
57,2003-01-01,3y,Water,0.06168434044340443,8,3.1904442678715496e-22,1.9190338207408786e-08,2.005956373229978e-10,1.128728900905682e-12,12930396.88859352
57,2003-01-01,5y,Arps,0.01764520721979234,8,0.023703511291387258,5.484333621443016e-07,1.8903991628263652e-06,2.779810348549711e-05,9664057131593000.0
57,2003-01-01,5y,Water,0.15259990233503287,8,9.439280215450687e-23,6.811023922637105e-07,3.729567252253041e-09,4.0060781957830366e-11,26563396.619337685
57,2003-01-01,all,Arps,0.01764520721979234,8,0.023703511291387258,5.484333621443016e-07,1.8903991628263652e-06,2.779810348549711e-05,9664057131593000.0
57,2003-01-01,all,Water,0.15259990233503287,8,9.439280215450687e-23,6.811023922637105e-07,3.729567252253041e-09,4.0060781957830366e-11,26563396.619337685
57,2008-01-01,3y,Arps,0.020330834428256693,8,0.00022373918363882694,2.168342672081991e-08,1.042499420123022e-13,1.5586692760686364e-07,32271.360303818594
57,2008-01-01,3y,Water,0.002351489044020418,8,0.0001468307054892648,0.007109805832442362,4.44394286425176e-07,8.133063816186941e-07,369307.3171368593
57,2008-01-01,5y,Arps,0.013558176017062168,8,0.0002604483161121607,1.3528616948921268e-08,5.551115123125783e-15,5.196173428179278e-08,67353.60782433274
57,2008-01-01,5y,Water,0.011719174147006784,8,0.0005845095579388726,0.005179507741559064,4.2781330250596383e-07,6.343977157415709e-07,115176.73891373788
57,2008-01-01,all,Arps,0.08869928524844838,8,0.10129683209015639,8.784930482091946e-07,7.304004191835827e-08,7.379463975853947e-06,3.181573347602716e+16
57,2008-01-01,all,Water,0.06419152388021176,8,1.3249307737029533e-28,1.0357878636568785e-05,1.5765919125776406e-10,3.1160474431648865e-10,68030649.8970389
58,2003-01-01,3y,Arps,0.029620466094356226,8,0.1097310953100532,4.217801740744043e-06,1.440745271050988e-06,4.748158350945728e-05,6371185773720100.0
58,2003-01-01,3y,Water,0.03138237338909525,8,1.381374495730356e-08,1.6101366782095283e-06,1.5639806116851673e-10,5.55929619995825e-11,23920265.4401836
58,2003-01-01,5y,Arps,0.03246828923758303,8,0.32075685492782213,8.230397515185395e-06,1.9739202716437165e-06,0.00012038040111807102,9664057183868892.0
58,2003-01-01,5y,Water,0.11433377688152553,8,1.5632198767131387e-27,3.3176183933392167e-06,2.0135235354046266e-09,1.1454694235934344e-10,47374076.11977109
58,2003-01-01,all,Arps,0.03246828923758303,8,0.32075685492782213,8.230397515185395e-06,1.9739202716437165e-06,0.00012038040111807102,9664057183868892.0
58,2003-01-01,all,Water,0.11433377688152553,8,1.5632198767131387e-27,3.3176183933392167e-06,2.0135235354046266e-09,1.1454694235934344e-10,47374076.11977109
58,2008-01-01,3y,Arps,0.014769654649053466,8,0.00011648665895336308,1.5710487272224682e-08,0.0,7.224423662079498e-08,23285.036080751084
58,2008-01-01,3y,Water,0.0015753189133335547,8,0.0002252958311146358,0.49285093461730867,6.952473631700873e-07,1.9275439768160314e-05,121921455.06151024
58,2008-01-01,5y,Arps,0.010995271071217177,8,0.005922490208831732,9.660608342176857e-07,5.887674543014754e-06,3.4198032469069563e-06,59415.55513029029
58,2008-01-01,5y,Water,0.010561285361317138,8,6.427673724829219e-05,2.1402032871264964e-05,7.68597465186649e-10,5.375467526692407e-10,546081758.3400167
58,2008-01-01,all,Arps,0.08129364155294067,8,0.26597263267831295,2.2714001545187656e-06,7.477881134432164e-07,1.3817346498352248e-05,3.181573351766548e+16
58,2008-01-01,all,Water,0.07460696237146135,8,2.1505537313951827e-11,0.2139426013090997,2.820319577045982e-06,1.6679831469533403e-05,791066.7828761411
59,2003-01-01,3y,Arps,0.015012443792423481,8,0.04170855805023166,1.2727802209747119e-06,2.5286367677176316e-06,3.875955743944934e-05,6371185850854727.0
59,2003-01-01,3y,Water,0.057449957415770456,8,1.3089118024913133e-15,1.3334210962057114e-06,6.564417481813578e-10,7.590701701386518e-11,13312476.957089162
59,2003-01-01,5y,Arps,0.017717844308538573,8,0.02284846228940296,5.277091940127099e-07,2.022031181760516e-07,2.4234743611517728e-05,9664057168620076.0
59,2003-01-01,5y,Water,0.14927077685960588,8,2.7363141373432376e-28,3.448287316132337e-06,9.87485593295645e-10,1.9629898215887555e-10,27262453.48822195
59,2003-01-01,all,Arps,0.017717844308538573,8,0.02284846228940296,5.277091940127099e-07,2.022031181760516e-07,2.4234743611517728e-05,9664057168620076.0
59,2003-01-01,all,Water,0.14927077685960588,8,2.7363141373432376e-28,3.448287316132337e-06,9.87485593295645e-10,1.9629898215887555e-10,27262453.48822195
59,2008-01-01,3y,Arps,0.01828362724148855,8,0.00023463231809728313,2.3188097414417186e-08,1.3589129821411916e-13,1.5775209598181185e-07,31477.22505011293
59,2008-01-01,3y,Water,0.0024880425316218344,8,0.00017042647505149944,0.01155058618314797,5.214661941699283e-07,1.2344217501414002e-06,617060.4444290458
59,2008-01-01,5y,Arps,0.011804284150022501,8,0.00041678092384245247,2.196744913751658e-08,1.7541523789077473e-14,8.150738362436807e-08,66022.32997303581
59,2008-01-01,5y,Water,0.009447122451606815,8,0.00023733484295007656,0.0017352294044030714,1.7421243309057033e-07,2.154322475618332e-07,85022.70848109262
59,2008-01-01,all,Arps,0.08961465350386187,8,0.3783027801546268,3.269093578270321e-06,7.225181285158989e-07,2.6644368969363164e-05,3.181573350505495e+16
59,2008-01-01,all,Water,0.06433353765655483,8,1.3740613092303167e-33,4.120316589251161e-06,1.2626757278644263e-11,1.2137424399770303e-10,68225256.3466474
60,2003-01-01,3y,Arps,0.027064397347013193,8,0.0523189174127765,1.6056199779040936e-06,6.284909037806075e-07,2.187889656848318e-05,6371185836877488.0
60,2003-01-01,3y,Water,0.030410298884022892,8,9.014254810277282e-11,1.3423414202407002e-07,7.813304170323221e-11,4.9845469721787726e-12,22872432.231669106
60,2003-01-01,5y,Arps,0.028785084439545267,8,0.0768294598783541,2.3139049842510473e-06,1.7708077393132644e-06,4.094052807105847e-05,9664057102232208.0
60,2003-01-01,5y,Water,0.11331221307694293,8,4.232910408021547e-24,2.0627849153243005e-06,1.5483867937815532e-09,7.6597862130277e-11,45297297.08103067
60,2003-01-01,all,Arps,0.028785084439545267,8,0.0768294598783541,2.3139049842510473e-06,1.7708077393132644e-06,4.094052807105847e-05,9664057102232208.0
60,2003-01-01,all,Water,0.11331221307694293,8,4.232910408021547e-24,2.0627849153243005e-06,1.5483867937815532e-09,7.6597862130277e-11,45297297.08103067
60,2008-01-01,3y,Arps,0.015451551792644168,8,0.00015385874849016545,1.935625418281184e-08,1.3211653993039363e-14,1.0258953926655774e-07,25086.33611096796
60,2008-01-01,3y,Water,0.0006845909711990056,8,1.3977087292005308e-05,0.0029125948494765908,4.391133261172353e-08,2.326995637527472e-07,3375623.1535794027
60,2008-01-01,5y,Arps,0.009681728604151913,8,0.0039003054189379327,6.782192090715178e-07,3.950847379141642e-06,2.2806935967937983e-06,55238.79558336132
60,2008-01-01,5y,Water,0.007394057460269353,8,4.651444760384038e-05,7.370064849965274e-06,5.75791752818744e-10,1.9318011764866716e-10,462600172.9699168
60,2008-01-01,all,Arps,0.08185284812550979,8,0.3131817250432505,2.693478761167656e-06,9.7972056057168e-07,1.749154791959438e-05,3.1815733531248704e+16
60,2008-01-01,all,Water,0.07333732381006947,8,2.374618451274788e-13,0.2744608147586405,2.9034014245726825e-06,2.0459416415045626e-05,1158067.7204371677
61,2003-01-01,3y,Arps,0.024887621528321614,8,0.01329230116425606,4.0891791686092915e-07,4.5580389054811446e-07,5.732900448626834e-06,6371185850901929.0
61,2003-01-01,3y,Water,0.030876725169659214,8,3.248136243797437e-11,5.8608202380128205e-06,1.3834085266228868e-10,2.137783929655552e-10,23365871.697297316
61,2003-01-01,5y,Arps,0.02681381548416302,8,0.22258878896172973,5.055553797025936e-06,7.674664816192028e-07,9.127505563985166e-05,9664057170072172.0
61,2003-01-01,5y,Water,0.11453154068017134,8,4.431020663637484e-25,1.4229954103939235e-07,1.3305428980814327e-10,5.190496546169496e-12,46336932.109372705
61,2003-01-01,all,Arps,0.02681381548416302,8,0.22258878896172973,5.055553797025936e-06,7.674664816192028e-07,9.127505563985166e-05,9664057170072172.0
61,2003-01-01,all,Water,0.11453154068017134,8,4.431020663637484e-25,1.4229954103939235e-07,1.3305428980814327e-10,5.190496546169496e-12,46336932.109372705
61,2008-01-01,3y,Arps,0.013279874756242656,8,0.00012172656715847552,1.5205739140045083e-08,5.551115123125783e-16,7.475411852220849e-08,24835.126229750804
61,2008-01-01,3y,Water,0.0005863810170623634,8,4.81905499327695e-06,0.0008632722692709649,1.5206258405231488e-08,7.030130935166342e-08,2629085.408178347
61,2008-01-01,5y,Arps,0.008984656202289606,8,0.0030161385948304087,4.930024221083684e-07,2.9489335580112908e-06,1.7074104196870659e-06,58768.25262508462
61,2008-01-01,5y,Water,0.00731438313309435,8,0.00017443375418224605,0.47846843728621025,2.0593267835433693e-07,1.2295934607856162e-05,469421720.1815481
61,2008-01-01,all,Arps,0.08361926454596418,8,0.32974905732044135,2.822216907949482e-06,7.626768239859665e-08,1.8146993895420736e-05,3.181573353452502e+16
61,2008-01-01,all,Water,0.0737648605582908,8,1.0123125672463606e-11,0.18899195347330533,1.911917640623484e-06,1.370549676505998e-05,1229099.105225013
62,2003-01-01,3y,Arps,0.01887495917481727,8,0.0733054453303339,2.263282666656319e-06,1.0112554323819391e-07,3.9074938267577835e-05,6371185848646312.0
62,2003-01-01,3y,Water,0.02753370830569253,8,9.486960040834927e-10,1.75605237018317e-08,1.3364027939832823e-10,6.966542968851075e-13,21121189.939914957
62,2003-01-01,5y,Arps,0.0209198726984449,8,0.03892951560374058,8.910836061734595e-07,6.742914945532543e-07,1.9634548971469512e-05,9664057168539692.0
62,2003-01-01,5y,Water,0.11529429590357236,8,2.371875426761713e-27,7.928974810056388e-08,4.814822637810856e-10,3.1455521857491144e-12,41951738.149900645
62,2003-01-01,all,Arps,0.0209198726984449,8,0.03892951560374058,8.910836061734595e-07,6.742914945532543e-07,1.9634548971469512e-05,9664057168539692.0
62,2003-01-01,all,Water,0.11529429590357236,8,2.371875426761713e-27,7.928974810056388e-08,4.814822637810856e-10,3.1455521857491144e-12,41951738.149900645
62,2008-01-01,3y,Arps,0.017097910536958433,8,0.0002379673487666878,2.724887307459234e-08,3.6637359812630166e-15,1.5485687976070407e-07,27336.86366765819
62,2008-01-01,3y,Water,0.0008254030340135407,8,4.942539453622885e-05,0.06072960020173923,1.4280754160461706e-07,2.7901005960239886e-06,54383840.77271926
62,2008-01-01,5y,Arps,0.011165503111215546,8,1.988936674024444e-05,1.1611886452378428e-09,6.251665851664256e-13,4.1829382942579565e-09,57737.078361290434
62,2008-01-01,5y,Water,0.0071257117606862985,8,0.0002833657536029932,0.3350842694599123,2.8255707562596655e-07,1.0758333708271673e-05,158775251.29399055
62,2008-01-01,all,Arps,0.07954599405660409,8,0.17121888096880866,1.4892857858883612e-06,2.549949298742996e-07,1.0532370017092182e-05,3.1815733495704696e+16
62,2008-01-01,all,Water,0.06882973534615784,8,2.252966658668107e-13,0.325653511841665,1.958478198477165e-06,1.980052537501685e-05,2856509.1649683313
63,2003-01-01,3y,Arps,0.02688254804717675,8,0.12048017097185948,4.7801716522577475e-06,2.1060240448800497e-06,5.7942186470892704e-05,6371185841606785.0
63,2003-01-01,3y,Water,0.0353944461037402,8,6.12039328006602e-06,1.4310353435575962e-07,9.869857708899588e-11,4.7537585842178e-12,24808744.589526586
63,2003-01-01,5y,Arps,0.028526389574922647,8,0.23139318563517008,6.046642972212801e-06,1.7855085063531459e-06,9.197303764993762e-05,9664057128376176.0
63,2003-01-01,5y,Water,0.11295778637191901,8,3.4237090468416095e-28,7.976777851581573e-07,9.1519154060693e-10,2.6498071034420543e-11,48996978.238200486
63,2003-01-01,all,Arps,0.028526389574922647,8,0.23139318563517008,6.046642972212801e-06,1.7855085063531459e-06,9.197303764993762e-05,9664057128376176.0
63,2003-01-01,all,Water,0.11295778637191901,8,3.4237090468416095e-28,7.976777851581573e-07,9.1519154060693e-10,2.6498071034420543e-11,48996978.238200486
63,2008-01-01,3y,Arps,0.013588907858631667,8,4.6630991164420266e-05,5.945879177904345e-09,1.6653345369377348e-15,2.6691960085878588e-08,24018.88155015002
63,2008-01-01,3y,Water,0.0008402588271499894,8,2.174616929551121e-05,0.004609601199263125,6.681612658987479e-08,3.470204716122175e-07,3527406.020788191
63,2008-01-01,5y,Arps,0.012427769451989886,8,0.006322390441710013,9.38505395953193e-07,6.47100620543295e-06,3.605408563601744e-06,65820.01682463448
63,2008-01-01,5y,Water,0.00917041414068169,8,3.3835533940873574e-05,3.552224370650947e-06,4.0387854345624863e-10,8.607073070999033e-11,518076204.00609577
63,2008-01-01,all,Arps,0.07871811279216097,8,0.14079539677186403,1.2112235034111851e-06,5.259187660530922e-07,7.6211988460073694e-06,3.1815733507824424e+16
63,2008-01-01,all,Water,0.07272213535846074,8,1.2377539524228748e-15,0.2284806231236871,2.7812572258728574e-06,1.6881354807618924e-05,877080.1199200632
64,2003-01-01,3y,Arps,0.01388436373894392,8,0.17707949963551073,5.470094021318983e-06,6.887074240846403e-07,0.00011777814297310648,6371185855616369.0
64,2003-01-01,3y,Water,0.023352470300976015,8,1.4026077963286648e-12,2.35010520555079e-06,1.0770900837897557e-10,1.0759491730151651e-10,16543032.407655954
64,2003-01-01,5y,Arps,0.016417805055249337,8,0.03969690993835684,9.136413659238674e-07,9.390722382009682e-07,2.531169563894757e-05,9664057162405268.0
64,2003-01-01,5y,Water,0.12143648431946025,8,2.1957835820968e-24,1.530315785203129e-07,7.723043940477403e-10,7.0062480592425495e-12,33038837.50769247
64,2003-01-01,all,Arps,0.016417805055249337,8,0.03969690993835684,9.136413659238674e-07,9.390722382009682e-07,2.531169563894757e-05,9664057162405268.0
64,2003-01-01,all,Water,0.12143648431946025,8,2.1957835820968e-24,1.530315785203129e-07,7.723043940477403e-10,7.0062480592425495e-12,33038837.50769247
64,2008-01-01,3y,Arps,0.015839345533199475,8,0.00026923648874799255,2.9534414663912045e-08,9.769962616701378e-15,1.7580433868348977e-07,28607.42693339837
64,2008-01-01,3y,Water,0.0015975185024301145,8,7.791095958964434e-05,0.10822111692687031,2.2637479010767514e-07,4.854952635678132e-06,65511405.62141821
64,2008-01-01,5y,Arps,0.010997681043573099,8,0.00023138422875490505,1.375841884865281e-08,4.773959005888173e-15,5.0191739733562974e-08,60192.64893528155
64,2008-01-01,5y,Water,0.011243394676510306,8,0.0020485219747570227,0.0515570737352391,1.824059988275728e-06,5.06380925587612e-06,490454.1973028459
64,2008-01-01,all,Arps,0.08260590768496333,8,0.4702019900942105,4.084481140254059e-06,3.2179483625319714e-07,3.0163112976840342e-05,3.181573354248997e+16
64,2008-01-01,all,Water,0.06607100037481253,8,5.477044628930689e-18,0.6201497620022565,2.2341334261280488e-06,3.18161620724031e-05,6618367.6324479515
65,2003-01-01,3y,Arps,0.012852335390428776,8,0.013352844402106712,4.105413312360806e-07,1.7633146990690126e-07,9.524032426384908e-06,6371185862553743.0
65,2003-01-01,3y,Water,0.03339738880924305,8,1.0145621012221159e-20,2.277010935358703e-08,5.7419277665893276e-11,1.1226455638190523e-12,14775595.340719976
65,2003-01-01,5y,Arps,0.016275725360992692,8,0.011410651699407026,2.6275455818070004e-07,9.652268942988815e-07,8.17725561486327e-06,9664057176321032.0
65,2003-01-01,5y,Water,0.13262658296557872,8,1.2454057290893676e-21,6.684058462269604e-08,3.380727711665976e-10,3.2954732295970007e-12,29805149.412080493
65,2003-01-01,all,Arps,0.016275725360992692,8,0.011410651699407026,2.6275455818070004e-07,9.652268942988815e-07,8.17725561486327e-06,9664057176321032.0
65,2003-01-01,all,Water,0.13262658296557872,8,1.2454057290893676e-21,6.684058462269604e-08,3.380727711665976e-10,3.2954732295970007e-12,29805149.412080493
65,2008-01-01,3y,Arps,0.01680744098319111,8,0.00021278006352076773,2.3196396109481654e-08,7.105427357601002e-15,1.4024720457524445e-07,28978.56541856379
65,2008-01-01,3y,Water,0.0020828791295938085,8,0.00041549721754563507,2.6034213563543744,1.360645892197962e-06,7.164164521475782e-05,552929323.6750968
65,2008-01-01,5y,Arps,0.010906832145655226,8,0.00019226190124754794,1.1017732948204184e-08,7.527312106958561e-14,3.8798631536821735e-08,61259.99342248244
65,2008-01-01,5y,Water,0.00973232091849479,8,0.0019673843580676476,0.014490024101178278,1.6673730161009814e-06,1.747822395609834e-06,74161.81793674981
65,2008-01-01,all,Arps,0.08657606608746918,8,0.17569849210849497,1.5161060687163275e-06,5.424925765489083e-08,1.1304185106298435e-05,3.181573349474701e+16
65,2008-01-01,all,Water,0.06691319449973976,8,1.4181348851399204e-26,0.6815434593627288,1.6012743112442385e-06,2.9880753382452237e-05,13161309.810910292
66,2003-01-01,3y,Arps,0.0371939180011305,8,0.1866967854075483,5.737837388913869e-06,9.631944726954503e-07,4.152080374075801e-05,6371185820545571.0
66,2003-01-01,3y,Water,0.028168788795405,8,0.00022834544040506444,3.7180143408477306e-08,3.4733989434654333e-09,1.1227055613165788e-12,24056364.183032542
66,2003-01-01,5y,Arps,0.04110815827679481,8,0.2570817311061546,5.650706855028775e-06,3.3843872865351164e-07,5.130037670131207e-05,9664057132865424.0
66,2003-01-01,5y,Water,0.10589126548169617,8,1.361167297548227e-22,1.1324882507324219e-06,1.912521196967276e-09,3.4197040158084664e-11,41994495.45454045
66,2003-01-01,all,Arps,0.04110815827679481,8,0.2570817311061546,5.650706855028775e-06,3.3843872865351164e-07,5.130037670131207e-05,9664057132865424.0
66,2003-01-01,all,Water,0.10589126548169617,8,1.361167297548227e-22,1.1324882507324219e-06,1.912521196967276e-09,3.4197040158084664e-11,41994495.45454045
66,2008-01-01,3y,Arps,0.024438287760221892,8,0.0005493583712450345,9.328123573570934e-08,9.992007221626409e-16,3.5664161561786806e-07,18922.41061469875
66,2008-01-01,3y,Water,0.0027772525616206797,8,0.00015111404627532465,0.023668811216339236,4.0213863120031057e-07,1.733470607671242e-06,2587172.570665225
66,2008-01-01,5y,Arps,0.02161644159364646,8,0.03514717353391461,5.929130214188394e-06,3.06291065490516e-05,1.9687596121588225e-05,57988.19807646582
66,2008-01-01,5y,Water,0.01579089917922683,8,0.00011246176745771663,0.2069535800255835,7.300465897780439e-08,4.731232471878739e-06,623164965.9032772
66,2008-01-01,all,Arps,0.07366071052121628,8,0.1323834914037434,1.130858749948116e-06,9.671547111538817e-07,5.916852581245576e-06,3.1815733519989704e+16
66,2008-01-01,all,Water,0.07093169299279427,8,8.207430992867369e-12,0.11777709689158655,2.8290830078603335e-06,1.0114212980489304e-05,283079.88558552484
67,2003-01-01,3y,Arps,0.0389480506003821,8,0.5763828245726472,1.763911505706095e-05,1.8372346153211384e-06,0.0001380037635235491,6371185820469174.0
67,2003-01-01,3y,Water,0.02893727455610019,8,0.00025997636467423035,3.132299752905965e-09,4.031080580446655e-09,9.982048346248641e-14,23025574.400876045
67,2003-01-01,5y,Arps,0.041760545097941526,8,0.31178556338636554,6.879204642373793e-06,9.78264130177576e-07,6.837458802073954e-05,9664057168378086.0
67,2003-01-01,5y,Water,0.10761098890591751,8,3.613129274119662e-24,8.977180186775513e-05,2.3862922748918436e-10,2.8608579544229163e-09,41092387.26081765
67,2003-01-01,all,Arps,0.041760545097941526,8,0.31178556338636554,6.879204642373793e-06,9.78264130177576e-07,6.837458802073954e-05,9664057168378086.0
67,2003-01-01,all,Water,0.10761098890591751,8,3.613129274119662e-24,8.977180186775513e-05,2.3862922748918436e-10,2.8608579544229163e-09,41092387.26081765
67,2008-01-01,3y,Arps,0.015593468697115141,8,0.0003057238645851612,4.774917417016411e-08,7.838174553853605e-14,1.872244810990898e-07,20260.634829992054
67,2008-01-01,3y,Water,0.0024861261527074703,8,0.00035588015362009173,2.367161248999764,9.953239752877319e-07,5.627319267954369e-05,740889054.4518981
67,2008-01-01,5y,Arps,0.01552254601466877,8,0.015181361899522017,2.395872143401423e-06,1.4911112087290235e-05,8.854593869095868e-06,62216.26294093215
67,2008-01-01,5y,Water,0.012866458382281669,8,7.99741883383831e-06,0.0,6.613801173394052e-11,0.0,619682518.4357231
67,2008-01-01,all,Arps,0.07373241143853158,8,0.8417547017343168,7.362589503651096e-06,9.982540668722617e-07,4.042530139282099e-05,3.1815733525630756e+16
67,2008-01-01,all,Water,0.07123349680089112,8,1.854424003145246e-14,0.10179857124967384,2.3008205303209905e-06,8.87505917435076e-06,319814.8169301709
68,2003-01-01,3y,Arps,0.03276626776467002,8,0.14732635756627133,5.929162025269941e-06,1.992248714169396e-06,4.2421586903361894e-05,6371185836984753.0
68,2003-01-01,3y,Water,0.032157533019132774,8,0.0001559809567766024,3.710738383233547e-10,2.5516663643143644e-09,1.0428141697868458e-14,25640397.111799434
68,2003-01-01,5y,Arps,0.03615929944288821,8,0.4232526264131593,9.340311470040774e-06,7.835476412537857e-07,8.102203126145578e-05,9664057156052270.0
68,2003-01-01,5y,Water,0.10308378799463887,8,1.4752146153708642e-27,5.711845005862415e-07,5.575063813378911e-10,1.6051772700152354e-11,42840884.00529288
68,2003-01-01,all,Arps,0.03615929944288821,8,0.4232526264131593,9.340311470040774e-06,7.835476412537857e-07,8.102203126145578e-05,9664057156052270.0
68,2003-01-01,all,Water,0.10308378799463887,8,1.4752146153708642e-27,5.711845005862415e-07,5.575063813378911e-10,1.6051772700152354e-11,42840884.00529288
68,2008-01-01,3y,Arps,0.02642440661301048,8,0.0004430197195688379,7.89573444959224e-08,6.061817714453355e-14,2.991292790384396e-07,17905.943688612384
68,2008-01-01,3y,Water,0.001860721617380339,8,5.7858174841385335e-05,0.0033340514964947943,1.557708845523198e-07,2.8149618165861443e-07,543875.0456053556
68,2008-01-01,5y,Arps,0.02272792956946331,8,0.03575227913643175,6.373000264459083e-06,2.811489401399747e-05,1.9310502209123354e-05,54846.13819495312
68,2008-01-01,5y,Water,0.015067743401241528,8,4.395615087560145e-05,0.002848058968083933,1.3632802976781822e-09,6.20197302314664e-08,721193956.1814616
68,2008-01-01,all,Arps,0.07287892912177656,8,0.33966420024080435,2.9019414143627298e-06,2.2998309520347119e-07,1.4661607038710943e-05,3.181573349566749e+16
68,2008-01-01,all,Water,0.07191387070720882,8,2.460398350418208e-16,0.06786160393494356,1.9274796077273226e-06,5.821267620567379e-06,210223.2485260066
69,2003-01-01,3y,Arps,0.01257396235029736,8,0.013968785489851143,5.636246937085199e-07,2.626444139236176e-06,1.3171749201488947e-05,6371185832262258.0
69,2003-01-01,3y,Water,0.030338542577561224,8,7.606914587936553e-17,1.6947051335591823e-06,1.7186740919328258e-10,8.315589360068512e-11,14845257.875072906
69,2003-01-01,5y,Arps,0.015784918080508883,8,0.11150332955912745,2.568565289233493e-06,2.5657949750520452e-06,7.962134930978883e-05,9664057148563168.0
69,2003-01-01,5y,Water,0.13000574432394948,8,5.359316371237406e-21,3.1544550438411534e-07,1.3565184808772557e-09,1.547829901492965e-11,29873458.104204502
69,2003-01-01,all,Arps,0.015784918080508883,8,0.11150332955912745,2.568565289233493e-06,2.5657949750520452e-06,7.962134930978883e-05,9664057148563168.0
69,2003-01-01,all,Water,0.13000574432394948,8,5.359316371237406e-21,3.1544550438411534e-07,1.3565184808772557e-09,1.547829901492965e-11,29873458.104204502
69,2008-01-01,3y,Arps,0.015887976761657648,8,0.00017162426229333505,1.8512342214727084e-08,3.608224830031759e-14,1.1251451510561143e-07,29156.904394030076
69,2008-01-01,3y,Water,0.0012635829003005948,8,0.0062024290700719575,36.211252230270475,1.9347243031472838e-05,0.0009934315727495246,528460622.7096044
69,2008-01-01,5y,Arps,0.010893326607753478,8,0.000366930562449852,2.088271422451271e-08,8.659739592076221e-15,7.513664842332028e-08,61424.36994654348
69,2008-01-01,5y,Water,0.009933369981318078,8,0.0029690172168557183,0.026038576870632824,2.5183696274466705e-06,3.0626255332820487e-06,97659.88732638599
69,2008-01-01,all,Arps,0.08518679470146151,8,0.21044160227029352,1.821708652316456e-06,4.75055245610941e-07,1.3687727557579468e-05,3.1815733506449236e+16
69,2008-01-01,all,Water,0.0659470739650459,8,1.760483569695165e-22,0.8163622639258392,1.9977949487423596e-06,3.634482005115758e-05,12347185.694743056
70,2003-01-01,3y,Arps,0.028285776162577506,8,0.07911222350048774,3.2871707877218936e-06,1.8302405138143576e-06,3.569520723864892e-05,6371185839252300.0
70,2003-01-01,3y,Water,0.03449625730770017,8,0.002679165506194181,3.882378223352134e-07,4.2956458071174985e-08,1.2375411952488309e-11,24996338.946037862
70,2003-01-01,5y,Arps,0.030311343146540718,8,0.24328850738857,6.127812214276607e-06,1.1780728054388727e-06,8.312507172997975e-05,9664057157650822.0
70,2003-01-01,5y,Water,0.11287452804823876,8,1.029458061469691e-24,6.642912921961397e-07,1.2913454194851681e-09,2.1174851919192573e-11,48858316.23422592
70,2003-01-01,all,Arps,0.030311343146540718,8,0.24328850738857,6.127812214276607e-06,1.1780728054388727e-06,8.312507172997975e-05,9664057157650822.0
70,2003-01-01,all,Water,0.11287452804823876,8,1.029458061469691e-24,6.642912921961397e-07,1.2913454194851681e-09,2.1174851919192573e-11,48858316.23422592
70,2008-01-01,3y,Arps,0.019711796289905426,8,0.00027684367432811996,3.903529249837945e-08,6.328271240363392e-14,1.7298376422788177e-07,22624.805071379425
70,2008-01-01,3y,Water,0.0010431545656807474,8,3.455286696407711e-05,0.022700027846440207,1.0912218499636861e-07,1.2967149963606232e-06,19198901.09379129
70,2008-01-01,5y,Arps,0.01429349612124705,8,0.014755071979379863,2.409021096605457e-06,1.3699909670816801e-05,8.236848945958959e-06,59460.407408459825
70,2008-01-01,5y,Water,0.011920981668597435,8,7.881145393184852e-06,3.068271325901151e-08,6.800381438520908e-11,7.373524901199157e-13,616038104.6923999
70,2008-01-01,all,Arps,0.0792156666297853,8,0.17113882830381044,1.4658028565928127e-06,8.736319713505162e-07,8.75986593886053e-06,3.181573351719537e+16
70,2008-01-01,all,Water,0.07549873859379468,8,1.9842155025363576e-15,0.14336522312441957,2.3258323878783127e-06,1.1457267188442026e-05,547393.9387904346
