evaluation,cutoff,horizon_years,mode,method,metric,lead_quarter,cases,increment_RMSE,increment_NRMSE,cumulative_RMSE,cumulative_NRMSE,anchor_RMSE,increment_bias
train_OOF,2003-01-01,3,History-conditioned,Constant,gas_cum,1,70,19390.80560079732,0.0513750844852226,19390.80560079732,0.0022678468430952464,0.0,18474.957938058036
train_OOF,2003-01-01,3,History-conditioned,Constant,gas_cum,2,70,66120.6925159603,0.09034470671858148,66120.6925159603,0.007426109884176474,0.0,64050.91183733259
train_OOF,2003-01-01,3,History-conditioned,Constant,gas_cum,3,70,135193.98299751358,0.12655542627610541,135193.98299751358,0.014632311762041621,0.0,131857.84741210938
train_OOF,2003-01-01,3,History-conditioned,Constant,gas_cum,4,70,220630.90900056707,0.15893538473528526,220630.90900056707,0.02308183380101815,0.0,216024.76155831473
train_OOF,2003-01-01,3,History-conditioned,Constant,gas_cum,5,70,319750.5928444462,0.18921335961407718,319750.5928444462,0.032429948731453315,0.0,313927.801171875
train_OOF,2003-01-01,3,History-conditioned,Constant,gas_cum,6,70,432889.5798645148,0.21890744959421607,432889.5798645148,0.04266284051184917,0.0,425891.55507114955
train_OOF,2003-01-01,3,History-conditioned,Constant,gas_cum,7,70,561317.5849501657,0.24901611001709362,561317.5849501657,0.05385468864966157,0.0,553232.1263602121
train_OOF,2003-01-01,3,History-conditioned,Constant,gas_cum,8,70,703152.5144819055,0.279324593680179,703152.5144819055,0.06580497533724436,0.0,694089.4119349888
train_OOF,2003-01-01,3,History-conditioned,Constant,gas_cum,9,70,855874.2440544938,0.310009309173516,855874.2440544938,0.07831777612694175,0.0,845998.7484444755
train_OOF,2003-01-01,3,History-conditioned,Constant,gas_cum,10,70,1026372.5296029733,0.3431653388897181,1026372.5296029733,0.09198867427075737,0.0,1015817.7309151785
train_OOF,2003-01-01,3,History-conditioned,Constant,gas_cum,11,70,1212852.4378073458,0.37790015353128853,1212852.4378073458,0.10662115616699705,0.0,1201728.2879185267
train_OOF,2003-01-01,3,History-conditioned,Constant,gas_cum,12,70,1409854.6039990883,0.41253364936847015,1409854.6039990883,0.12172194845790997,0.0,1398220.3734933035
train_OOF,2003-01-01,3,History-conditioned,Constant,oil_cum,1,70,54278.98247330902,0.052257032495396996,54278.98247330902,0.0023058316134104105,0.0,51796.45611049107
train_OOF,2003-01-01,3,History-conditioned,Constant,oil_cum,2,70,183765.2795199542,0.09123736838175898,183765.2795199542,0.007496722716769881,0.0,178134.2591936384
train_OOF,2003-01-01,3,History-conditioned,Constant,oil_cum,3,70,374543.27981594286,0.12738969776974338,374543.27981594286,0.01472459768132067,0.0,365472.92353515624
train_OOF,2003-01-01,3,History-conditioned,Constant,oil_cum,4,70,610336.645817925,0.1597392460104569,610336.645817925,0.02319319300560819,0.0,597834.9593052455
train_OOF,2003-01-01,3,History-conditioned,Constant,oil_cum,5,70,883673.6965698896,0.18997477334948393,883673.6965698896,0.032554660515804225,0.0,867886.5052455358
train_OOF,2003-01-01,3,History-conditioned,Constant,oil_cum,6,70,1195481.7293615844,0.21961525542156118,1195481.7293615844,0.04279559361835215,0.0,1176514.1369001116
train_OOF,2003-01-01,3,History-conditioned,Constant,oil_cum,7,70,1549462.8043832183,0.24970074180863155,1549462.8043832183,0.05399800829013704,0.0,1527547.6012416296
train_OOF,2003-01-01,3,History-conditioned,Constant,oil_cum,8,70,1940396.3944817549,0.2800010677306018,1940396.3944817549,0.06595994392992098,0.0,1915835.951297433
train_OOF,2003-01-01,3,History-conditioned,Constant,oil_cum,9,70,2361277.3103403724,0.31067902256674174,2361277.3103403724,0.07848319454050567,0.0,2334520.9788364954
train_OOF,2003-01-01,3,History-conditioned,Constant,oil_cum,10,70,2831145.423693978,0.343838544655296,2831145.423693978,0.09216583669952344,0.0,2802549.696205357
train_OOF,2003-01-01,3,History-conditioned,Constant,oil_cum,11,70,3345190.529744205,0.37860528799386806,3345190.529744205,0.1068159454251124,0.0,3315035.1891183034
train_OOF,2003-01-01,3,History-conditioned,Constant,oil_cum,12,70,3888305.109915341,0.41328417359911557,3888305.109915341,0.12193747187773638,0.0,3856732.396316964
train_OOF,2003-01-01,3,History-conditioned,Constant,water_cum,1,70,17510.323400131452,0.035858644432756825,17510.323400131452,0.005032549703982447,0.0,-15860.341866629464
train_OOF,2003-01-01,3,History-conditioned,Constant,water_cum,2,70,49224.68447398745,0.04975873050544351,49224.68447398745,0.012371685598242092,0.0,-41672.88862304688
train_OOF,2003-01-01,3,History-conditioned,Constant,water_cum,3,70,91911.32987255733,0.06128551080242092,91911.32987255733,0.020481773572387278,0.0,-73903.3063406808
train_OOF,2003-01-01,3,History-conditioned,Constant,water_cum,4,70,151612.31466741912,0.0748802345884684,151612.31466741912,0.030258934629799224,0.0,-122245.6026297433
train_OOF,2003-01-01,3,History-conditioned,Constant,water_cum,5,70,225848.8052118109,0.08828281690728494,225848.8052118109,0.04075242590165941,0.0,-185432.513671875
train_OOF,2003-01-01,3,History-conditioned,Constant,water_cum,6,70,313773.9136079916,0.10105950082445975,313773.9136079916,0.05155228638787729,0.0,-262546.31399972097
train_OOF,2003-01-01,3,History-conditioned,Constant,water_cum,7,70,415679.00746148237,0.11324179056164366,415679.00746148237,0.06250462116157669,0.0,-354258.0424316406
train_OOF,2003-01-01,3,History-conditioned,Constant,water_cum,8,70,530678.6312421422,0.12484676095083941,530678.6312421422,0.07341603919535004,0.0,-460227.08514927456
train_OOF,2003-01-01,3,History-conditioned,Constant,water_cum,9,70,655548.1180278792,0.13568480796903298,655548.1180278792,0.08396513228406596,0.0,-577425.3002301897
train_OOF,2003-01-01,3,History-conditioned,Constant,water_cum,10,70,793291.2600664129,0.14606867873097354,793291.2600664129,0.09438015718119416,0.0,-708299.4684151786
train_OOF,2003-01-01,3,History-conditioned,Constant,water_cum,11,70,943254.6005838441,0.15594140115838506,943254.6005838441,0.10455537657730277,0.0,-852247.2611328125
train_OOF,2003-01-01,3,History-conditioned,Constant,water_cum,12,70,1103410.145010149,0.16524029127893045,1103410.145010149,0.11435462811936595,0.0,-1007130.6109933036
train_OOF,2003-01-01,3,History-conditioned,Liquid-WC-time,gas_cum,1,70,8652.370887455765,0.022924075177270742,8652.370887455765,0.0010119358837571417,0.0,6111.3144377888575
train_OOF,2003-01-01,3,History-conditioned,Liquid-WC-time,gas_cum,2,70,21206.38031155296,0.028975561763021372,21206.38031155296,0.002381719011808835,0.0,12195.353157138772
train_OOF,2003-01-01,3,History-conditioned,Liquid-WC-time,gas_cum,3,70,33220.29061657977,0.031097597295248552,33220.29061657977,0.0035954976571432244,0.0,10809.650410703756
train_OOF,2003-01-01,3,History-conditioned,Liquid-WC-time,gas_cum,4,70,46339.50739961051,0.033381485261350055,46339.50739961051,0.004847919147249271,0.0,-4792.599672686042
train_OOF,2003-01-01,3,History-conditioned,Liquid-WC-time,gas_cum,5,70,69956.51359997616,0.041396973958321405,69956.51359997616,0.007095174177150392,0.0,-36139.51546105929
train_OOF,2003-01-01,3,History-conditioned,Liquid-WC-time,gas_cum,6,70,110415.24991780995,0.05583576477719947,110415.24991780995,0.010881823948716481,0.0,-83611.24543807592
train_OOF,2003-01-01,3,History-conditioned,Liquid-WC-time,gas_cum,7,70,168504.22008216204,0.0747531638618617,168504.22008216204,0.016166859104342065,0.0,-147229.00319470337
train_OOF,2003-01-01,3,History-conditioned,Liquid-WC-time,gas_cum,8,70,242634.39276001265,0.09638556611073817,242634.39276001265,0.02270709398416119,0.0,-225707.9054407625
train_OOF,2003-01-01,3,History-conditioned,Liquid-WC-time,gas_cum,9,70,327464.508154566,0.11861210529122848,327464.508154566,0.029965023737220303,0.0,-313835.4579317711
train_OOF,2003-01-01,3,History-conditioned,Liquid-WC-time,gas_cum,10,70,421170.74885239697,0.14081748935377048,421170.74885239697,0.03774744326364702,0.0,-409994.5860897783
train_OOF,2003-01-01,3,History-conditioned,Liquid-WC-time,gas_cum,11,70,523615.0184728344,0.163147790863907,523615.0184728344,0.04603069336027927,0.0,-514198.31038052205
train_OOF,2003-01-01,3,History-conditioned,Liquid-WC-time,gas_cum,12,70,634831.0812138354,0.1857561637368987,634831.0812138354,0.05480911005135087,0.0,-626499.4328216122
train_OOF,2003-01-01,3,History-conditioned,Liquid-WC-time,oil_cum,1,70,24092.977509188084,0.0231954884052519,24092.977509188084,0.0010234965113649656,0.0,17020.052098505785
train_OOF,2003-01-01,3,History-conditioned,Liquid-WC-time,oil_cum,2,70,58877.773340849315,0.0292321439056907,58877.773340849315,0.0024019245750351043,0.0,33900.530604105494
train_OOF,2003-01-01,3,History-conditioned,Liquid-WC-time,oil_cum,3,70,91947.44570730125,0.03127317442488634,91947.44570730125,0.0036147735624315865,0.0,30020.125971422665
train_OOF,2003-01-01,3,History-conditioned,Liquid-WC-time,oil_cum,4,70,127921.45331247612,0.03348000917315502,127921.45331247612,0.004861099159887641,0.0,-13001.047571478677
train_OOF,2003-01-01,3,History-conditioned,Liquid-WC-time,oil_cum,5,70,192800.4140732971,0.041448800736556074,192800.4140732971,0.007102793770852338,0.0,-99472.44803710979
train_OOF,2003-01-01,3,History-conditioned,Liquid-WC-time,oil_cum,6,70,304277.611522194,0.05589713646999424,304277.611522194,0.010892463422942112,0.0,-230455.58392020926
train_OOF,2003-01-01,3,History-conditioned,Liquid-WC-time,oil_cum,7,70,464333.97102932434,0.07482886112850125,464333.97102932434,0.016181808008624222,0.0,-405810.01924154913
train_OOF,2003-01-01,3,History-conditioned,Liquid-WC-time,oil_cum,8,70,668517.4067369603,0.09646770536946694,668517.4067369603,0.02272492918969949,0.0,-622021.6064773266
train_OOF,2003-01-01,3,History-conditioned,Liquid-WC-time,oil_cum,9,70,902176.6986851791,0.11870159159306815,902176.6986851791,0.029986189696039393,0.0,-864800.0692145801
train_OOF,2003-01-01,3,History-conditioned,Liquid-WC-time,oil_cum,10,70,1160255.5526323123,0.1409113701142193,1160255.5526323123,0.037771257844501256,0.0,-1129648.1277277567
train_OOF,2003-01-01,3,History-conditioned,Liquid-WC-time,oil_cum,11,70,1442284.8137471431,0.1632363395814332,1442284.8137471431,0.046053883802087525,0.0,-1416484.1661120788
train_OOF,2003-01-01,3,History-conditioned,Liquid-WC-time,oil_cum,12,70,1748411.8465116618,0.18583699701287296,1748411.8465116618,0.054830296064230094,0.0,-1725523.523564635
train_OOF,2003-01-01,3,History-conditioned,Liquid-WC-time,water_cum,1,70,20675.51030433387,0.04234049569086442,20675.51030433387,0.005942239379826665,0.0,18898.25757000442
train_OOF,2003-01-01,3,History-conditioned,Liquid-WC-time,water_cum,2,70,107002.86278780899,0.10816375299638847,107002.86278780899,0.026893128735485747,0.0,102488.86569706882
train_OOF,2003-01-01,3,History-conditioned,Liquid-WC-time,water_cum,3,70,269032.3744846623,0.17938796572242405,269032.3744846623,0.059951914366563795,0.0,261385.84103796058
train_OOF,2003-01-01,3,History-conditioned,Liquid-WC-time,water_cum,4,70,498780.276092203,0.24634400024704128,498780.276092203,0.09954705725596648,0.0,488298.02395422786
train_OOF,2003-01-01,3,History-conditioned,Liquid-WC-time,water_cum,5,70,793957.6091869056,0.31035282289077054,793957.6091869056,0.14326265134368737,0.0,781470.3336263062
train_OOF,2003-01-01,3,History-conditioned,Liquid-WC-time,water_cum,6,70,1157363.7223167764,0.37276075217584026,1157363.7223167764,0.19015202819682242,0.0,1143767.4359950433
train_OOF,2003-01-01,3,History-conditioned,Liquid-WC-time,water_cum,7,70,1592055.621476299,0.4337174262195866,1592055.621476299,0.239393454329674,0.0,1578204.8666759992
train_OOF,2003-01-01,3,History-conditioned,Liquid-WC-time,water_cum,8,70,2089951.4512958582,0.49167924592716006,2089951.4512958582,0.28913159232655156,0.0,2076460.1989436601
train_OOF,2003-01-01,3,History-conditioned,Liquid-WC-time,water_cum,9,70,2633283.784745945,0.5450349026034833,2633283.784745945,0.33728114725252867,0.0,2620420.328462485
train_OOF,2003-01-01,3,History-conditioned,Liquid-WC-time,water_cum,10,70,3234330.8540541832,0.5955371730566708,3234330.8540541832,0.3847977026194191,0.0,3222078.684392664
train_OOF,2003-01-01,3,History-conditioned,Liquid-WC-time,water_cum,11,70,3888970.6578924297,0.6429351450607483,3888970.6578924297,0.43107427345951316,0.0,3877067.9382221955
train_OOF,2003-01-01,3,History-conditioned,Liquid-WC-time,water_cum,12,70,4584521.960233302,0.6865513676028746,4584521.960233302,0.47512822520108666,0.0,4572500.076770885
train_OOF,2003-01-01,3,History-conditioned,Liquid-WC-volume,gas_cum,1,70,8477.940468651574,0.02246192947340738,8477.940468651574,0.000991535417537801,0.0,6017.555328598153
train_OOF,2003-01-01,3,History-conditioned,Liquid-WC-volume,gas_cum,2,70,20485.193689141106,0.027990160802869056,20485.193689141106,0.0023007215070755664,0.0,11784.954747761985
train_OOF,2003-01-01,3,History-conditioned,Liquid-WC-volume,gas_cum,3,70,31672.38564519401,0.02964859957253015,31672.38564519401,0.0034279648452743183,0.0,9811.809029599479
train_OOF,2003-01-01,3,History-conditioned,Liquid-WC-volume,gas_cum,4,70,44378.99970687769,0.03196919880596416,44378.99970687769,0.004642815914278589,0.0,-6671.603457312126
train_OOF,2003-01-01,3,History-conditioned,Liquid-WC-volume,gas_cum,5,70,68869.73179839352,0.040753867610916046,68869.73179839352,0.006984949899553048,0.0,-39181.64661554162
train_OOF,2003-01-01,3,History-conditioned,Liquid-WC-volume,gas_cum,6,70,111148.56583507684,0.056206594486812665,111148.56583507684,0.010954094896039697,0.0,-88084.47760847642
train_OOF,2003-01-01,3,History-conditioned,Liquid-WC-volume,gas_cum,7,70,171487.2916355577,0.07607653746362618,171487.2916355577,0.016453064977870947,0.0,-153375.64827529952
train_OOF,2003-01-01,3,History-conditioned,Liquid-WC-volume,gas_cum,8,70,248083.77972102538,0.09855031382526849,248083.77972102538,0.023217078329217204,0.0,-233691.60926341903
train_OOF,2003-01-01,3,History-conditioned,Liquid-WC-volume,gas_cum,9,70,335438.60373895854,0.12150043132811261,335438.60373895854,0.030694702702479044,0.0,-323703.75813495275
train_OOF,2003-01-01,3,History-conditioned,Liquid-WC-volume,gas_cum,10,70,431729.891472788,0.1443479148583512,431729.891472788,0.038693806794500046,0.0,-421785.2916807034
train_OOF,2003-01-01,3,History-conditioned,Liquid-WC-volume,gas_cum,11,70,536769.1147298897,0.16724633973939362,536769.1147298897,0.04718706235253254,0.0,-527884.84402142
train_OOF,2003-01-01,3,History-conditioned,Liquid-WC-volume,gas_cum,12,70,650488.5767843097,0.19033766013329068,650488.5767843097,0.05616092382236187,0.0,-641981.0958803766
train_OOF,2003-01-01,3,History-conditioned,Liquid-WC-volume,oil_cum,1,70,23612.49479081395,0.02273290418050339,23612.49479081395,0.0010030850704859982,0.0,16761.985246026994
train_OOF,2003-01-01,3,History-conditioned,Liquid-WC-volume,oil_cum,2,70,56896.32929961564,0.02824837950585342,56896.32929961564,0.0023210913697923703,0.0,32770.92857721262
train_OOF,2003-01-01,3,History-conditioned,Liquid-WC-volume,oil_cum,3,70,87707.23437706898,0.029830993323403027,87707.23437706898,0.0034480761224130936,0.0,27273.609368180485
train_OOF,2003-01-01,3,History-conditioned,Liquid-WC-volume,oil_cum,4,70,122563.25500299166,0.0320776444883596,122563.25500299166,0.004657484108414441,0.0,-18172.936256933477
train_OOF,2003-01-01,3,History-conditioned,Liquid-WC-volume,oil_cum,5,70,189873.82774793362,0.04081963459071883,189873.82774793362,0.006994977928124164,0.0,-107845.81477426898
train_OOF,2003-01-01,3,History-conditioned,Liquid-WC-volume,oil_cum,6,70,306393.68044412014,0.056285867644519684,306393.68044412014,0.010968213995641818,0.0,-242768.02510285942
train_OOF,2003-01-01,3,History-conditioned,Liquid-WC-volume,oil_cum,7,70,472656.9186408554,0.07617012997777894,472656.9186408554,0.0164718585944495,0.0,-422728.49814999057
train_OOF,2003-01-01,3,History-conditioned,Liquid-WC-volume,oil_cum,8,70,683633.2551139938,0.09864893684220098,683633.2551139938,0.023238762607571104,0.0,-643996.558960863
train_OOF,2003-01-01,3,History-conditioned,Liquid-WC-volume,oil_cum,9,70,924243.5940403171,0.121604986907966,924243.5940403171,0.030719640372704148,0.0,-891962.3439882768
train_OOF,2003-01-01,3,History-conditioned,Liquid-WC-volume,oil_cum,10,70,1189437.848839007,0.1444555180670001,1189437.848839007,0.03872126582508533,0.0,-1162101.7941776726
train_OOF,2003-01-01,3,History-conditioned,Liquid-WC-volume,oil_cum,11,70,1478604.1283678703,0.16734692295462353,1478604.1283678703,0.04721360307484947,0.0,-1454156.0698376328
train_OOF,2003-01-01,3,History-conditioned,Liquid-WC-volume,oil_cum,12,70,1791612.9210415708,0.1904287972654195,1791612.9210415708,0.05618508424614144,0.0,-1768136.4913087122
train_OOF,2003-01-01,3,History-conditioned,Liquid-WC-volume,water_cum,1,70,20883.722527110553,0.04276688462112523,20883.722527110553,0.006002080556723058,0.0,19156.324422483172
train_OOF,2003-01-01,3,History-conditioned,Liquid-WC-volume,water_cum,2,70,107899.90595380994,0.10907052831909021,107899.90595380994,0.027118583426285852,0.0,103618.46772396153
train_OOF,2003-01-01,3,History-conditioned,Liquid-WC-volume,water_cum,3,70,271299.91649171815,0.1808999389509809,271299.91649171815,0.06045721966482019,0.0,264132.35764120246
train_OOF,2003-01-01,3,History-conditioned,Liquid-WC-volume,water_cum,4,70,503228.5920956805,0.24854099161014204,503228.5920956805,0.1004348565317521,0.0,493469.9126396822
train_OOF,2003-01-01,3,History-conditioned,Liquid-WC-volume,water_cum,5,70,801429.6745903881,0.3132736042573855,801429.6745903881,0.14461091967480472,0.0,789843.7003634647
train_OOF,2003-01-01,3,History-conditioned,Liquid-WC-volume,water_cum,6,70,1168705.9147875388,0.37641381656277406,1168705.9147875388,0.19201552267217795,0.0,1156079.8771776925
train_OOF,2003-01-01,3,History-conditioned,Liquid-WC-volume,water_cum,7,70,1608085.0134919414,0.4380842501892432,1608085.0134919414,0.24180375424235595,0.0,1595123.3455844396
train_OOF,2003-01-01,3,History-conditioned,Liquid-WC-volume,water_cum,8,70,2111288.8836486605,0.49669906236487804,2111288.8836486605,0.2920834914189924,0.0,2098435.1514271945
train_OOF,2003-01-01,3,History-conditioned,Liquid-WC-volume,water_cum,9,70,2660212.7536900314,0.5506086383514777,2660212.7536900314,0.3407303134959859,0.0,2647582.6032361817
train_OOF,2003-01-01,3,History-conditioned,Liquid-WC-volume,water_cum,10,70,3267090.560119898,0.6015692160420346,3267090.560119898,0.3886952196643353,0.0,3254532.3508425793
train_OOF,2003-01-01,3,History-conditioned,Liquid-WC-volume,water_cum,11,70,3927600.376261622,0.6493215145575068,3927600.376261622,0.4353561977126958,0.0,3914739.8419477455
train_OOF,2003-01-01,3,History-conditioned,Liquid-WC-volume,water_cum,12,70,4628813.631180163,0.693184230860102,4628813.631180163,0.4797185016117381,0.0,4615113.044514959
train_OOF,2003-01-01,3,History-conditioned,Separate,gas_cum,1,70,16002.890940250083,0.042398953967613694,16002.890940250083,0.001871614127148559,0.0,14384.168543689406
train_OOF,2003-01-01,3,History-conditioned,Separate,gas_cum,2,70,51678.37580553183,0.0706112947125657,51678.37580553183,0.005804072564349074,0.0,47115.48175113388
train_OOF,2003-01-01,3,History-conditioned,Separate,gas_cum,3,70,101941.75778246323,0.09542793492320138,101941.75778246323,0.011033357760241209,0.0,93276.2167876256
train_OOF,2003-01-01,3,History-conditioned,Separate,gas_cum,4,70,161113.47070615174,0.1160609434494671,161113.47070615174,0.016855273682143252,0.0,147325.624662131
train_OOF,2003-01-01,3,History-conditioned,Separate,gas_cum,5,70,227070.05368472132,0.13436937627926981,227070.05368472132,0.023030043928726273,0.0,207330.15331118056
train_OOF,2003-01-01,3,History-conditioned,Separate,gas_cum,6,70,300019.64705475915,0.1517166012299708,300019.64705475915,0.02956802600035902,0.0,273547.64985630126
train_OOF,2003-01-01,3,History-conditioned,Separate,gas_cum,7,70,380680.30287409713,0.16888038202161923,380680.30287409713,0.036523742950550005,0.0,346874.7412516185
train_OOF,2003-01-01,3,History-conditioned,Separate,gas_cum,8,70,467656.9095300979,0.1857748831808868,467656.9095300979,0.04376596935103747,0.0,426119.9517438354
train_OOF,2003-01-01,3,History-conditioned,Separate,gas_cum,9,70,559793.5847298119,0.20276486141205302,559793.5847298119,0.05122456827124264,0.0,510598.683442644
train_OOF,2003-01-01,3,History-conditioned,Separate,gas_cum,10,70,662021.8810309115,0.2213455218294487,662021.8810309115,0.05933373450458936,0.0,605229.2114494253
train_OOF,2003-01-01,3,History-conditioned,Separate,gas_cum,11,70,772567.692132561,0.24071638096223466,772567.692132561,0.06791597888145283,0.0,708148.4799924188
train_OOF,2003-01-01,3,History-conditioned,Separate,gas_cum,12,70,887095.0390447173,0.25957042148583104,887095.0390447173,0.07658870376674569,0.0,814818.5297102648
train_OOF,2003-01-01,3,History-conditioned,Separate,oil_cum,1,70,44314.21971943066,0.04266346778009665,44314.21971943066,0.0018825173961749275,0.0,39791.65560276508
train_OOF,2003-01-01,3,History-conditioned,Separate,oil_cum,2,70,142704.67710070766,0.07085124691916271,142704.67710070766,0.005821651388144948,0.0,130020.59032350007
train_OOF,2003-01-01,3,History-conditioned,Separate,oil_cum,3,70,280992.7285041169,0.09557127490640221,280992.7285041169,0.011046800467579956,0.0,257015.00237547542
train_OOF,2003-01-01,3,History-conditioned,Separate,oil_cum,4,70,443734.9485556419,0.1161357205018827,443734.9485556419,0.016862219196084143,0.0,405714.735644404
train_OOF,2003-01-01,3,History-conditioned,Separate,oil_cum,5,70,625015.0608523883,0.134367578198086,625015.0608523883,0.023025640801909924,0.0,570694.3245854287
train_OOF,2003-01-01,3,History-conditioned,Separate,oil_cum,6,70,825415.3449309191,0.15163243180862693,825415.3449309191,0.029548038084094775,0.0,752648.3646595161
train_OOF,2003-01-01,3,History-conditioned,Separate,oil_cum,7,70,1047095.1510880472,0.16874263469330836,1047095.1510880472,0.03649074536611512,0.0,954243.688794553
train_OOF,2003-01-01,3,History-conditioned,Separate,oil_cum,8,70,1286185.12492241,0.18559775172828918,1286185.12492241,0.04372132362472202,0.0,1172178.0858754576
train_OOF,2003-01-01,3,History-conditioned,Separate,oil_cum,9,70,1539460.9571744646,0.2025506378942339,1539460.9571744646,0.05116798999437318,0.0,1404509.6898827455
train_OOF,2003-01-01,3,History-conditioned,Separate,oil_cum,10,70,1820557.4264924263,0.22110408414478167,1820557.4264924263,0.05926689497047276,0.0,1664822.5443584071
train_OOF,2003-01-01,3,History-conditioned,Separate,oil_cum,11,70,2124752.347628241,0.24047732627981291,2124752.347628241,0.06784589062659228,0.0,1948105.9163026698
train_OOF,2003-01-01,3,History-conditioned,Separate,oil_cum,12,70,2440042.915797233,0.25934979161745675,2440042.915797233,0.07651988617528348,0.0,2241798.777831492
train_OOF,2003-01-01,3,History-conditioned,Separate,water_cum,1,70,9326.216806793462,0.019098761612540916,9326.216806793462,0.0026803987886341502,0.0,1092.248364964633
train_OOF,2003-01-01,3,History-conditioned,Separate,water_cum,2,70,45205.963165412984,0.04569640948283723,45205.963165412984,0.01136165664492472,0.0,26447.102071522568
train_OOF,2003-01-01,3,History-conditioned,Separate,water_cum,3,70,114000.28446462523,0.07601419405772172,114000.28446462523,0.025404136974514067,0.0,80049.60016243852
train_OOF,2003-01-01,3,History-conditioned,Separate,water_cum,4,70,205643.4324979463,0.10156581608032919,205643.4324979463,0.04104251817969301,0.0,151157.5255749482
train_OOF,2003-01-01,3,History-conditioned,Separate,water_cum,5,70,317011.4389438207,0.12391769261539881,317011.4389438207,0.05720191950283062,0.0,238545.468686366
train_OOF,2003-01-01,3,History-conditioned,Separate,water_cum,6,70,448790.5850361536,0.1445453255720102,448790.5850361536,0.07373519519813111,0.0,343622.85826891084
train_OOF,2003-01-01,3,History-conditioned,Separate,water_cum,7,70,601565.3758842556,0.16388207987946965,601565.3758842556,0.09045589324606686,0.0,467616.6503139958
train_OOF,2003-01-01,3,History-conditioned,Separate,water_cum,8,70,772380.5986398396,0.18170924978785288,772380.5986398396,0.10685398085606453,0.0,608417.2612901544
train_OOF,2003-01-01,3,History-conditioned,Separate,water_cum,9,70,956247.1678496043,0.19792324891563073,956247.1678496043,0.12247982678418858,0.0,762096.4893441126
train_OOF,2003-01-01,3,History-conditioned,Separate,water_cum,10,70,1159444.7011812273,0.21348849292628275,1159444.7011812273,0.13794249180461887,0.0,934169.9715540529
train_OOF,2003-01-01,3,History-conditioned,Separate,water_cum,11,70,1382536.9394651854,0.22856474525539575,1382536.9394651854,0.15324777663246095,0.0,1125626.6480193431
train_OOF,2003-01-01,3,History-conditioned,Separate,water_cum,12,70,1623559.2998072738,0.24313480605736382,1623559.2998072738,0.16826156692395758,0.0,1334862.1118219597
train_OOF,2003-01-01,3,Input-only PolyRidge,Constant,gas_cum,1,70,19158.755596942978,0.050760278231256395,23523.221742064597,0.0027511525444294644,17230.848210020344,18384.698621378986
train_OOF,2003-01-01,3,Input-only PolyRidge,Constant,gas_cum,2,70,65395.60522264704,0.08935397603553633,65573.3158361693,0.007364633223580665,17230.848210020344,63869.39032267787
train_OOF,2003-01-01,3,Input-only PolyRidge,Constant,gas_cum,3,70,134013.90133043562,0.12545074887030389,133312.1210313632,0.014428634125128242,17230.848210020344,131584.06081818294
train_OOF,2003-01-01,3,Input-only PolyRidge,Constant,gas_cum,4,70,219043.8031401679,0.1577920849062594,218059.56173064822,0.022812826114842973,17230.848210020344,215658.7098851164
train_OOF,2003-01-01,3,Input-only PolyRidge,Constant,gas_cum,5,70,317820.04499791365,0.18807095221245634,316707.5556055649,0.03212131586617249,17230.848210020344,313470.48730070115
train_OOF,2003-01-01,3,Input-only PolyRidge,Constant,gas_cum,6,70,430652.1112223905,0.21777598656813038,429474.91985682613,0.04232631336477437,17230.848210020344,425342.9790020012
train_OOF,2003-01-01,3,Input-only PolyRidge,Constant,gas_cum,7,70,558802.7306469305,0.24790045062454674,557601.0514919081,0.0534981119850123,17230.848210020344,552591.2852117924
train_OOF,2003-01-01,3,Input-only PolyRidge,Constant,gas_cum,8,70,700384.6496060448,0.27822507015450243,699183.359533016,0.06543351944660614,17230.848210020344,693356.3057072988
train_OOF,2003-01-01,3,Input-only PolyRidge,Constant,gas_cum,9,70,852882.5228260736,0.3089256669939492,851698.6726601621,0.07793568557107439,17230.848210020344,845175.3829001078
train_OOF,2003-01-01,3,Input-only PolyRidge,Constant,gas_cum,10,70,1023180.0093911929,0.34209792696199276,1022023.7848444368,0.09159891786794871,17230.848210020344,1014903.1031728348
train_OOF,2003-01-01,3,Input-only PolyRidge,Constant,gas_cum,11,70,1209478.9298132951,0.3768490370482352,1208354.150564745,0.10622571433777962,17230.848210020344,1200721.395096908
train_OOF,2003-01-01,3,Input-only PolyRidge,Constant,gas_cum,12,70,1406312.3789135984,0.4114971687007071,1405215.9657915444,0.12132146455041201,17230.848210020344,1397121.21559241
train_OOF,2003-01-01,3,Input-only PolyRidge,Constant,oil_cum,1,70,53705.83788062931,0.05170523814997144,66935.29098699192,0.00284348569147416,49098.484265864005,51586.37359969983
train_OOF,2003-01-01,3,Input-only PolyRidge,Constant,oil_cum,2,70,181889.76525128307,0.09030619690756649,182949.26847902546,0.007463433465809929,49098.484265864005,177711.75992193585
train_OOF,2003-01-01,3,Input-only PolyRidge,Constant,oil_cum,3,70,371459.8082442959,0.12634094711057592,369849.801357127,0.014540080735599552,49098.484265864005,364835.6732524263
train_OOF,2003-01-01,3,Input-only PolyRidge,Constant,oil_cum,4,70,606168.7946577657,0.1586484227633693,603661.8057142567,0.022939544702058456,49098.484265864005,596982.9580114887
train_OOF,2003-01-01,3,Input-only PolyRidge,Constant,oil_cum,5,70,878596.7581005073,0.18888331816780998,875662.0870584648,0.032259511719543776,49098.484265864005,866822.0871908696
train_OOF,2003-01-01,3,Input-only PolyRidge,Constant,oil_cum,6,70,1189597.32562455,0.21853426455572628,1186432.9830424234,0.042471668575652266,49098.484265864005,1175237.302084537
train_OOF,2003-01-01,3,Input-only PolyRidge,Constant,oil_cum,7,70,1542850.6622616805,0.2486351745758968,1539583.7163499505,0.05365372698437718,49098.484265864005,1526056.0154150247
train_OOF,2003-01-01,3,Input-only PolyRidge,Constant,oil_cum,8,70,1933127.5882648593,0.2789521719958717,1929836.6224913208,0.06560098533239801,49098.484265864005,1914129.6144597926
train_OOF,2003-01-01,3,Input-only PolyRidge,Constant,oil_cum,9,70,2353433.471894056,0.30964698958569314,2350171.649281012,0.07811406900255814,49098.484265864005,2332604.559488061
train_OOF,2003-01-01,3,Input-only PolyRidge,Constant,oil_cum,10,70,2822790.6328848875,0.34282386731351927,2819589.9376269323,0.09178965643236875,49098.484265864005,2800420.8600960076
train_OOF,2003-01-01,3,Input-only PolyRidge,Constant,oil_cum,11,70,3336373.006185537,0.3776073295766602,3333248.3631896363,0.1064346177250582,49098.484265864005,3312691.6019979194
train_OOF,2003-01-01,3,Input-only PolyRidge,Constant,oil_cum,12,70,3879049.602621222,0.41230041471827666,3875996.28377416,0.12155146638202288,49098.484265864005,3854174.0581855467
train_OOF,2003-01-01,3,Input-only PolyRidge,Constant,water_cum,1,70,21607.89214365995,0.04424988069124097,40183.712383703045,0.011548988858766733,28457.404130341576,-16274.111808748467
train_OOF,2003-01-01,3,Input-only PolyRidge,Constant,water_cum,2,70,52218.95706335684,0.05278548841006759,61099.50832856824,0.015356196089944959,28457.404130341576,-42505.025951086136
train_OOF,2003-01-01,3,Input-only PolyRidge,Constant,water_cum,3,70,92124.3545301765,0.061427553409940626,94606.17971119747,0.021082301323243943,28457.404130341576,-75158.40849844126
train_OOF,2003-01-01,3,Input-only PolyRidge,Constant,water_cum,4,70,148888.12852869637,0.07353477859712834,148004.52469351358,0.029538888364309995,28457.404130341576,-123923.66961722502
train_OOF,2003-01-01,3,Input-only PolyRidge,Constant,water_cum,5,70,220814.61763568845,0.08631498599649957,218376.62876212367,0.039404137533233366,28457.404130341576,-187528.94804527875
train_OOF,2003-01-01,3,Input-only PolyRidge,Constant,water_cum,6,70,306949.79074351245,0.09886160475872549,303799.94753109687,0.04991358816179903,28457.404130341576,-265061.11575904756
train_OOF,2003-01-01,3,Input-only PolyRidge,Constant,water_cum,7,70,407517.93676642305,0.1110185022987782,404099.98659031425,0.060763512517687766,28457.404130341576,-357195.8090206925
train_OOF,2003-01-01,3,Input-only PolyRidge,Constant,water_cum,8,70,521584.55534102966,0.12270730054438311,518156.8801537526,0.07168373396469122,28457.404130341576,-463587.8165680514
train_OOF,2003-01-01,3,Input-only PolyRidge,Constant,water_cum,9,70,645844.6301743337,0.1336763880684481,642544.0803469283,0.08229952496390036,28457.404130341576,-581199.8015910866
train_OOF,2003-01-01,3,Input-only PolyRidge,Constant,water_cum,10,70,783176.9344562269,0.1442063284789223,780057.4985554459,0.09280569827262264,28457.404130341576,-712492.3371619963
train_OOF,2003-01-01,3,Input-only PolyRidge,Constant,water_cum,11,70,932853.989251682,0.15422194396937453,929938.9570403628,0.10307939954607909,28457.404130341576,-856863.0947093525
train_OOF,2003-01-01,3,Input-only PolyRidge,Constant,water_cum,12,70,1092794.2813264295,0.1636505212236088,1090085.4313470586,0.11297368859961399,28457.404130341576,-1012169.409399566
train_OOF,2003-01-01,3,Input-only PolyRidge,Liquid-WC-time,gas_cum,1,70,8747.64129034724,0.023176489909193455,15802.852488439737,0.0018482186798022611,17230.848210020344,6301.304436104585
train_OOF,2003-01-01,3,Input-only PolyRidge,Liquid-WC-time,gas_cum,2,70,19805.692524038386,0.027061717207676503,19864.372493272145,0.002230996187458929,17230.848210020344,12559.788593846866
train_OOF,2003-01-01,3,Input-only PolyRidge,Liquid-WC-time,gas_cum,3,70,28836.94784935243,0.026994339146319383,25240.898129309764,0.00273187225047424,17230.848210020344,11326.665918239485
train_OOF,2003-01-01,3,Input-only PolyRidge,Liquid-WC-time,gas_cum,4,70,37940.8035654556,0.027331330134827435,32497.63408646234,0.003399818240825442,17230.848210020344,-4151.117891879965
train_OOF,2003-01-01,3,Input-only PolyRidge,Liquid-WC-time,gas_cum,5,70,59387.64461271586,0.03514281445665816,54554.6247313185,0.005533073972941858,17230.848210020344,-35404.57029108184
train_OOF,2003-01-01,3,Input-only PolyRidge,Liquid-WC-time,gas_cum,6,70,99736.36570042055,0.050435571708860226,96268.14413430859,0.009487575286194556,17230.848210020344,-82812.15726052565
train_OOF,2003-01-01,3,Input-only PolyRidge,Liquid-WC-time,gas_cum,7,70,158385.83644220227,0.07026436714278675,156006.17455436633,0.014967754767198433,17230.848210020344,-146393.00571433283
train_OOF,2003-01-01,3,Input-only PolyRidge,Liquid-WC-time,gas_cum,8,70,233190.64643926852,0.0926340747208451,231601.21654232705,0.02167454716971763,17230.848210020344,-224860.21252521515
train_OOF,2003-01-01,3,Input-only PolyRidge,Liquid-WC-time,gas_cum,9,70,318619.03180678235,0.11540815327265075,317603.67651123006,0.029062696776883504,17230.848210020344,-312997.5910918437
train_OOF,2003-01-01,3,Input-only PolyRidge,Liquid-WC-time,gas_cum,10,70,412846.39945583435,0.13803426191995283,412274.6631507874,0.03695013126796582,17230.848210020344,-409184.88453187054
train_OOF,2003-01-01,3,Input-only PolyRidge,Liquid-WC-time,gas_cum,11,70,515816.75923232944,0.16071801187975351,515607.2102870927,0.04532673157522415,17230.848210020344,-513432.5693449784
train_OOF,2003-01-01,3,Input-only PolyRidge,Liquid-WC-time,gas_cum,12,70,627593.7562920263,0.1836384701441052,627679.7833894504,0.05419169184190016,17230.848210020344,-625790.0918025273
train_OOF,2003-01-01,3,Input-only PolyRidge,Liquid-WC-time,oil_cum,1,70,24297.49510224722,0.023392387499880787,45476.85407803381,0.0019319073982852755,49098.484265864005,17542.556173310695
train_OOF,2003-01-01,3,Input-only PolyRidge,Liquid-WC-time,oil_cum,2,70,54875.661396031835,0.027245140905079256,56668.4339672212,0.0023117943572126807,49098.484265864005,34902.79687676829
train_OOF,2003-01-01,3,Input-only PolyRidge,Liquid-WC-time,oil_cum,3,70,79647.21701435561,0.02708961941233056,71232.56574380549,0.0028003996571536248,49098.484265864005,31442.012663760248
train_OOF,2003-01-01,3,Input-only PolyRidge,Liquid-WC-time,oil_cum,4,70,104428.55795245098,0.02733137396154348,90668.35054029863,0.003445456811401453,49098.484265864005,-11236.880380047432
train_OOF,2003-01-01,3,Input-only PolyRidge,Liquid-WC-time,oil_cum,5,70,163341.6536350267,0.035115669673426664,150781.31704986372,0.0055548044575025254,49098.484265864005,-97451.29396503008
train_OOF,2003-01-01,3,Input-only PolyRidge,Liquid-WC-time,oil_cum,6,70,274644.67429280473,0.050453435475919864,265532.47918026417,0.00950547364495531,49098.484265864005,-228258.1133973228
train_OOF,2003-01-01,3,Input-only PolyRidge,Liquid-WC-time,oil_cum,7,70,436338.0850752116,0.07031723718337886,430067.10126198595,0.01498762463581952,49098.484265864005,-403511.16553457855
train_OOF,2003-01-01,3,Input-only PolyRidge,Liquid-WC-time,oil_cum,8,70,642476.3507126576,0.0927099559156062,638300.1138712037,0.021697751985697504,49098.484265864005,-619690.7447485498
train_OOF,2003-01-01,3,Input-only PolyRidge,Liquid-WC-time,oil_cum,9,70,877878.1251404943,0.11550456892844067,875237.6338403829,0.02909079979088307,49098.484265864005,-862496.4120856645
train_OOF,2003-01-01,3,Input-only PolyRidge,Liquid-WC-time,oil_cum,10,70,1137473.9096668968,0.13814457230280047,1136027.6479772432,0.03698253640146878,49098.484265864005,-1127422.1375553643
train_OOF,2003-01-01,3,Input-only PolyRidge,Liquid-WC-time,oil_cum,11,70,1420983.7626244412,0.16082550811363655,1420519.879034602,0.04535890333452842,49098.484265864005,-1414379.3053147725
train_OOF,2003-01-01,3,Input-only PolyRidge,Liquid-WC-time,oil_cum,12,70,1728639.9657846992,0.18373546301393198,1728983.4655473034,0.05422102091978986,49098.484265864005,-1723574.0186093908
train_OOF,2003-01-01,3,Input-only PolyRidge,Liquid-WC-time,water_cum,1,70,22887.44263704513,0.04687021757066796,37376.99098780887,0.01074232386422058,28457.404130341576,18766.935265154887
train_OOF,2003-01-01,3,Input-only PolyRidge,Liquid-WC-time,water_cum,2,70,106311.22053026789,0.10746460700760412,106051.62642842943,0.02665405361913677,28457.404130341576,102309.4382518228
train_OOF,2003-01-01,3,Input-only PolyRidge,Liquid-WC-time,water_cum,3,70,266340.49788174574,0.17759305063572497,262853.39354980347,0.05857497325830916,28457.404130341576,261260.06534577734
train_OOF,2003-01-01,3,Input-only PolyRidge,Liquid-WC-time,water_cum,4,70,494565.3884936803,0.2442622974985954,490309.93095015915,0.09785653745546627,28457.404130341576,488340.2545937142
train_OOF,2003-01-01,3,Input-only PolyRidge,Liquid-WC-time,water_cum,5,70,788752.5460690602,0.3083181978512772,784376.801436745,0.14153387904599782,28457.404130341576,781796.6735525652
train_OOF,2003-01-01,3,Input-only PolyRidge,Liquid-WC-time,water_cum,6,70,1151641.0907421268,0.3709176216119053,1147369.5607281823,0.18851001189757835,28457.404130341576,1144494.6561081298
train_OOF,2003-01-01,3,Input-only PolyRidge,Liquid-WC-time,water_cum,7,70,1586242.397677601,0.4321337526154749,1582168.3140983593,0.23790672444706515,28457.404130341576,1579450.883135727
train_OOF,2003-01-01,3,Input-only PolyRidge,Liquid-WC-time,water_cum,8,70,2084412.8844935987,0.49037624994265344,2080568.775648048,0.28783355837047425,28457.404130341576,2078331.1691347098
train_OOF,2003-01-01,3,Input-only PolyRidge,Liquid-WC-time,water_cum,9,70,2628291.2814034666,0.5440015583855992,2624675.338053814,0.3361785441858925,28457.404130341576,2622996.7188304137
train_OOF,2003-01-01,3,Input-only PolyRidge,Liquid-WC-time,water_cum,10,70,3230113.518625065,0.5947606353019941,3226714.2433641003,0.383891532401361,28457.404130341576,3225454.170138956
train_OOF,2003-01-01,3,Input-only PolyRidge,Liquid-WC-time,water_cum,11,70,3885700.013546304,0.6423944332935224,3882500.339228806,0.43035706878960583,28457.404130341576,3881330.3202280556
train_OOF,2003-01-01,3,Input-only PolyRidge,Liquid-WC-time,water_cum,12,70,4582308.161741483,0.6862198420053665,4579286.031270505,0.4745855868067346,28457.404130341576,4577720.133461382
train_OOF,2003-01-01,3,Input-only PolyRidge,Liquid-WC-volume,gas_cum,1,70,8586.072389305722,0.022748420229569046,15789.15066902204,0.0018466161869223465,17230.848210020344,6205.134756699271
train_OOF,2003-01-01,3,Input-only PolyRidge,Liquid-WC-volume,gas_cum,2,70,19067.12605007173,0.026052569103751422,19383.328610556026,0.0021769694585147556,17230.848210020344,12139.00804393221
train_OOF,2003-01-01,3,Input-only PolyRidge,Liquid-WC-volume,gas_cum,3,70,27126.95217240153,0.025393607907926923,23752.65481879133,0.0025707967379813568,17230.848210020344,10304.031836996613
train_OOF,2003-01-01,3,Input-only PolyRidge,Liquid-WC-volume,gas_cum,4,70,35707.5915001293,0.02572259625249908,30541.404330832986,0.00319516255454566,17230.848210020344,-6075.935462887345
train_OOF,2003-01-01,3,Input-only PolyRidge,Liquid-WC-volume,gas_cum,5,70,58377.77556500295,0.034545221458977655,54052.154900978596,0.005482112157071347,17230.848210020344,-38519.53145353065
train_OOF,2003-01-01,3,Input-only PolyRidge,Liquid-WC-volume,gas_cum,6,70,100877.26575106423,0.051012512185012335,97920.52627480053,0.009650423548207467,17230.848210020344,-87390.73964438829
train_OOF,2003-01-01,3,Input-only PolyRidge,Liquid-WC-volume,gas_cum,7,70,161935.94755831873,0.07183929528323019,159995.9926024741,0.015350551270480477,17230.848210020344,-152682.5209831774
train_OOF,2003-01-01,3,Input-only PolyRidge,Liquid-WC-volume,gas_cum,8,70,239285.01391565448,0.0950550384293138,238068.19309905721,0.022279763284369123,17230.848210020344,-233027.9152610963
train_OOF,2003-01-01,3,Input-only PolyRidge,Liquid-WC-volume,gas_cum,9,70,327284.4999704677,0.11854690387503264,326591.62111529766,0.02988514918532156,17230.848210020344,-323092.60551546793
train_OOF,2003-01-01,3,Input-only PolyRidge,Liquid-WC-volume,gas_cum,10,70,424132.8828643455,0.14180787217553237,423846.3423913861,0.03798724342922064,17230.848210020344,-421247.03374396294
train_OOF,2003-01-01,3,Input-only PolyRidge,Liquid-WC-volume,gas_cum,11,70,529722.939221112,0.16505089475072765,529768.5042303439,0.04657164273340245,17230.848210020344,-527436.4417782953
train_OOF,2003-01-01,3,Input-only PolyRidge,Liquid-WC-volume,gas_cum,12,70,644017.2688310252,0.18844410864324115,644332.855249359,0.05562946021095603,17230.848210020344,-641634.8451384325
train_OOF,2003-01-01,3,Input-only PolyRidge,Liquid-WC-volume,oil_cum,1,70,23851.598688536847,0.022963101203065956,45439.7600095822,0.0019303316009543696,49098.484265864005,17277.85239667073
train_OOF,2003-01-01,3,Input-only PolyRidge,Liquid-WC-volume,oil_cum,2,70,52842.42396086936,0.02623566167503048,55383.89513648244,0.0022593914688208796,49098.484265864005,33744.610520363705
train_OOF,2003-01-01,3,Input-only PolyRidge,Liquid-WC-volume,oil_cum,3,70,74948.87459859654,0.02549161872024382,67243.05703053586,0.0026435582080749326,49098.484265864005,28627.23702831343
train_OOF,2003-01-01,3,Input-only PolyRidge,Liquid-WC-volume,oil_cum,4,70,98293.51686368756,0.025725691516490696,85387.05694204284,0.0032447641894149783,49098.484265864005,-16534.90209779654
train_OOF,2003-01-01,3,Input-only PolyRidge,Liquid-WC-volume,oil_cum,5,70,160609.07608484375,0.03452821210535494,149467.0861038269,0.005506388008700591,49098.484265864005,-106025.17272422298
train_OOF,2003-01-01,3,Input-only PolyRidge,Liquid-WC-volume,oil_cum,6,70,277868.2892621833,0.051045627734064125,270165.8626951393,0.009671338495174694,49098.484265864005,-240860.59848272667
train_OOF,2003-01-01,3,Input-only PolyRidge,Liquid-WC-volume,oil_cum,7,70,446204.4896291987,0.07190723891116821,441142.65146682813,0.015373602053339368,49098.484265864005,-420822.9851212326
train_OOF,2003-01-01,3,Input-only PolyRidge,Liquid-WC-volume,oil_cum,8,70,659348.6973835328,0.09514465178311099,656196.8653243223,0.022306116712478348,49098.484265864005,-642172.2701081838
train_OOF,2003-01-01,3,Input-only PolyRidge,Liquid-WC-volume,oil_cum,9,70,901828.6862348437,0.11865580274504178,900074.9087491424,0.02991633123946977,49098.484265864005,-890282.8601924444
train_OOF,2003-01-01,3,Input-only PolyRidge,Liquid-WC-volume,oil_cum,10,70,1168638.4204281378,0.1419294573657013,1167976.5574683547,0.03802260942288342,49098.484265864005,-1160623.1230863715
train_OOF,2003-01-01,3,Input-only PolyRidge,Liquid-WC-volume,oil_cum,11,70,1459354.4332163667,0.1651682618852983,1459592.38654253,0.04660653535801985,49098.484265864005,-1452924.8836234566
train_OOF,2003-01-01,3,Input-only PolyRidge,Liquid-WC-volume,oil_cum,12,70,1773932.3547243888,0.1885495470438956,1774907.4789546404,0.05566120062150361,49098.484265864005,-1767186.6210542682
train_OOF,2003-01-01,3,Input-only PolyRidge,Liquid-WC-volume,water_cum,1,70,23099.627099168225,0.04730474108046052,37660.15449166228,0.010823706393539564,28457.404130341576,19031.639041794868
train_OOF,2003-01-01,3,Input-only PolyRidge,Liquid-WC-volume,water_cum,2,70,107264.58062609973,0.10842831025100853,107237.36815953678,0.02695206718803486,28457.404130341576,103467.6246082273
train_OOF,2003-01-01,3,Input-only PolyRidge,Liquid-WC-volume,water_cum,3,70,268722.9746187722,0.1791816611368026,265488.8547665369,0.05916226668529785,28457.404130341576,264074.8409812243
train_OOF,2003-01-01,3,Input-only PolyRidge,Liquid-WC-volume,water_cum,4,70,499205.17679499666,0.24655385565602828,495209.6776883789,0.0988344337205526,28457.404130341576,493638.2763114629
train_OOF,2003-01-01,3,Input-only PolyRidge,Liquid-WC-volume,water_cum,5,70,796507.4666691512,0.3113495454593652,792394.0386648489,0.14298051882683666,28457.404130341576,790370.5523117583
train_OOF,2003-01-01,3,Input-only PolyRidge,Liquid-WC-volume,water_cum,6,70,1163369.2888045684,0.3746950096940819,1159358.8449226245,0.19047982196008634,28457.404130341576,1157097.1411935342
train_OOF,2003-01-01,3,Input-only PolyRidge,Liquid-WC-volume,water_cum,7,70,1602768.7871850051,0.43663597164925905,1598951.6207306876,0.24043038863039407,28457.404130341576,1596762.7027223806
train_OOF,2003-01-01,3,Input-only PolyRidge,Liquid-WC-volume,water_cum,8,70,2106361.2214311794,0.49553978699425993,2102767.591923889,0.2909046244919475,28457.404130341576,2100812.694494343
train_OOF,2003-01-01,3,Input-only PolyRidge,Liquid-WC-volume,water_cum,9,70,2655940.2832865743,0.5497243259565456,2652566.793907323,0.33975098946630966,28457.404130341576,2650783.166937191
train_OOF,2003-01-01,3,Input-only PolyRidge,Liquid-WC-volume,water_cum,10,70,3263698.3928147536,0.6009446164513932,3260532.160595308,0.38791494789134734,28457.404130341576,3258655.1556699625
train_OOF,2003-01-01,3,Input-only PolyRidge,Liquid-WC-volume,water_cum,11,70,3925253.5757813402,0.6489335351562848,3922276.5569642093,0.4347660771544436,28457.404130341576,3919875.8985367385
train_OOF,2003-01-01,3,Input-only PolyRidge,Liquid-WC-volume,water_cum,12,70,4627614.359969788,0.6930046349727333,4624804.04284902,0.47930295804927125,28457.404130341576,4621332.735906255
train_OOF,2003-01-01,3,Input-only PolyRidge,Separate,gas_cum,1,70,15689.681192198437,0.04156911854978623,20337.753253912193,0.002378596870190805,17230.848210020344,14324.431917161375
train_OOF,2003-01-01,3,Input-only PolyRidge,Separate,gas_cum,2,70,50630.71977303126,0.06917981882511383,50065.38917309987,0.005622915720426785,17230.848210020344,47027.036588613424
train_OOF,2003-01-01,3,Input-only PolyRidge,Separate,gas_cum,3,70,100121.08497629299,0.09372359854679307,98256.01684943763,0.01063444274042749,17230.848210020344,93188.57055300292
train_OOF,2003-01-01,3,Input-only PolyRidge,Separate,gas_cum,4,70,158504.88568225026,0.11418180300506356,156114.33848631516,0.016332277427582715,17230.848210020344,147266.21053049617
train_OOF,2003-01-01,3,Input-only PolyRidge,Separate,gas_cum,5,70,223708.17236332063,0.13237997305788002,221010.47900372345,0.02241546587746751,17230.848210020344,207323.19613240616
train_OOF,2003-01-01,3,Input-only PolyRidge,Separate,gas_cum,6,70,295913.6002446059,0.14964021899086394,293011.11033171514,0.028877309248687043,17230.848210020344,273615.172830877
train_OOF,2003-01-01,3,Input-only PolyRidge,Separate,gas_cum,7,70,375835.5146943018,0.166731099086725,372799.75373048615,0.035767656678007506,17230.848210020344,347037.60018983006
train_OOF,2003-01-01,3,Input-only PolyRidge,Separate,gas_cum,8,70,462077.02017313795,0.1835582938986006,458957.14056642825,0.0429517959387219,17230.848210020344,426395.98896703194
train_OOF,2003-01-01,3,Input-only PolyRidge,Separate,gas_cum,9,70,553512.0804904349,0.20048961501534548,550351.0377890528,0.05036051694301103,17230.848210020344,511000.5484416368
train_OOF,2003-01-01,3,Input-only PolyRidge,Separate,gas_cum,10,70,655074.1982327081,0.2190225797658434,651906.4908528754,0.05842714230207892,17230.848210020344,605771.4063160615
train_OOF,2003-01-01,3,Input-only PolyRidge,Separate,gas_cum,11,70,764977.983133661,0.2383515819920258,761819.3863151307,0.0669711015349863,17230.848210020344,708843.877271639
train_OOF,2003-01-01,3,Input-only PolyRidge,Separate,gas_cum,12,70,878862.2079229157,0.25716143558212334,875709.534941766,0.07560571889748631,17230.848210020344,815676.505727021
train_OOF,2003-01-01,3,Input-only PolyRidge,Separate,oil_cum,1,70,43417.93415593827,0.04180056980960487,57579.67341302851,0.0024460486397455124,49098.484265864005,39626.78017621072
train_OOF,2003-01-01,3,Input-only PolyRidge,Separate,oil_cum,2,70,139758.30046501395,0.06938840447577828,138798.2166227357,0.005662286947354618,49098.484265864005,129776.28025431735
train_OOF,2003-01-01,3,Input-only PolyRidge,Separate,oil_cum,3,70,275914.8464591146,0.09384418515767909,271079.5306679624,0.010657078217204928,49098.484265864005,256772.51213603825
train_OOF,2003-01-01,3,Input-only PolyRidge,Separate,oil_cum,4,70,436486.05700743967,0.11423851757583256,430065.04852217383,0.01634275402548356,49098.484265864005,405549.6129126438
train_OOF,2003-01-01,3,Input-only PolyRidge,Separate,oil_cum,5,70,615703.0621584284,0.13236565729879646,608347.556159503,0.022411607636694465,49098.484265864005,570673.2872510131
train_OOF,2003-01-01,3,Input-only PolyRidge,Separate,oil_cum,6,70,814073.1452253563,0.1495488198016833,806090.7129626388,0.02885625913321078,49098.484265864005,752832.0647984545
train_OOF,2003-01-01,3,Input-only PolyRidge,Separate,oil_cum,7,70,1033736.4226720271,0.166589834131937,1025344.4838331424,0.03573274542741128,49098.484265864005,954689.5610104689
train_OOF,2003-01-01,3,Input-only PolyRidge,Separate,oil_cum,8,70,1270830.0595862805,0.183382001018065,1262176.4835991235,0.042905197270322916,49098.484265864005,1172935.2715135852
train_OOF,2003-01-01,3,Input-only PolyRidge,Separate,oil_cum,9,70,1522209.6123278753,0.20028083632055613,1513420.262069566,0.05030245974473336,49098.484265864005,1405613.0389732495
train_OOF,2003-01-01,3,Input-only PolyRidge,Separate,oil_cum,10,70,1801510.2048715032,0.21879082644100747,1792685.474364552,0.05835954426823901,49098.484265864005,1666311.9982758106
train_OOF,2003-01-01,3,Input-only PolyRidge,Separate,oil_cum,11,70,2103958.282933531,0.23812387502425592,2095148.0812655108,0.06690059089791174,49098.484265864005,1950016.930440022
train_OOF,2003-01-01,3,Input-only PolyRidge,Separate,oil_cum,12,70,2417478.4561551022,0.25695143711792734,2408678.985571254,0.07553631151954128,49098.484265864005,2244157.1845788686
train_OOF,2003-01-01,3,Input-only PolyRidge,Separate,water_cum,1,70,14882.409202580544,0.03047705103459811,33776.0139686777,0.009707386049677408,28457.404130341576,406.5566075795097
train_OOF,2003-01-01,3,Input-only PolyRidge,Separate,water_cum,2,70,45576.639819355914,0.04607110766374589,46539.32575104114,0.011696771900088377,28457.404130341576,24522.907247716936
train_OOF,2003-01-01,3,Input-only PolyRidge,Separate,water_cum,3,70,109014.65907161449,0.07268983133438989,101365.02097873947,0.022588460103075015,28457.404130341576,76327.64695166347
train_OOF,2003-01-01,3,Input-only PolyRidge,Separate,water_cum,4,70,195638.08396860296,0.09662424621735276,185291.5868789274,0.03698067684752583,28457.404130341576,145100.54855405347
train_OOF,2003-01-01,3,Input-only PolyRidge,Separate,water_cum,5,70,302097.0943059176,0.11808777310032631,290671.48271665926,0.05244910660486708,28457.404130341576,229661.0948377598
train_OOF,2003-01-01,3,Input-only PolyRidge,Separate,water_cum,6,70,428862.65790629433,0.13812698969108086,416955.125909085,0.06850470714596435,28457.404130341576,331406.47548363806
train_OOF,2003-01-01,3,Input-only PolyRidge,Separate,water_cum,7,70,576380.8789036792,0.15702116681606687,564269.1038184504,0.08484774533778389,28457.404130341576,451528.8021321882
train_OOF,2003-01-01,3,Input-only PolyRidge,Separate,water_cum,8,70,741669.5806202014,0.17448421584163923,729493.8470518572,0.10092086945835328,28457.404130341576,587962.2193952977
train_OOF,2003-01-01,3,Input-only PolyRidge,Separate,water_cum,9,70,919820.9150087774,0.19038377319170097,907657.4027199869,0.11625626219058767,28457.404130341576,736898.6952378391
train_OOF,2003-01-01,3,Input-only PolyRidge,Separate,water_cum,10,70,1116892.706633785,0.20565339636869287,1104781.843711881,0.13143909344435178,28457.404130341576,903712.5062977141
train_OOF,2003-01-01,3,Input-only PolyRidge,Separate,water_cum,11,70,1333361.3503354092,0.22043490388813414,1321328.0647816716,0.14646305812862698,28457.404130341576,1089385.9867846859
train_OOF,2003-01-01,3,Input-only PolyRidge,Separate,water_cum,12,70,1567298.95537102,0.23470958380964374,1555356.4876748133,0.16119320050248448,28457.404130341576,1292378.5839197102
train_OOF,2003-01-01,5,History-conditioned,Constant,gas_cum,1,70,19390.80560079732,0.0513750844852226,19390.80560079732,0.0022678468430952464,0.0,18474.957938058036
train_OOF,2003-01-01,5,History-conditioned,Constant,gas_cum,2,70,66120.6925159603,0.09034470671858148,66120.6925159603,0.007426109884176474,0.0,64050.91183733259
train_OOF,2003-01-01,5,History-conditioned,Constant,gas_cum,3,70,135193.98299751358,0.12655542627610541,135193.98299751358,0.014632311762041621,0.0,131857.84741210938
train_OOF,2003-01-01,5,History-conditioned,Constant,gas_cum,4,70,220630.90900056707,0.15893538473528526,220630.90900056707,0.02308183380101815,0.0,216024.76155831473
train_OOF,2003-01-01,5,History-conditioned,Constant,gas_cum,5,70,319750.5928444462,0.18921335961407718,319750.5928444462,0.032429948731453315,0.0,313927.801171875
train_OOF,2003-01-01,5,History-conditioned,Constant,gas_cum,6,70,432889.5798645148,0.21890744959421607,432889.5798645148,0.04266284051184917,0.0,425891.55507114955
train_OOF,2003-01-01,5,History-conditioned,Constant,gas_cum,7,70,561317.5849501657,0.24901611001709362,561317.5849501657,0.05385468864966157,0.0,553232.1263602121
train_OOF,2003-01-01,5,History-conditioned,Constant,gas_cum,8,70,703152.5144819055,0.279324593680179,703152.5144819055,0.06580497533724436,0.0,694089.4119349888
train_OOF,2003-01-01,5,History-conditioned,Constant,gas_cum,9,70,855874.2440544938,0.310009309173516,855874.2440544938,0.07831777612694175,0.0,845998.7484444755
train_OOF,2003-01-01,5,History-conditioned,Constant,gas_cum,10,70,1026372.5296029733,0.3431653388897181,1026372.5296029733,0.09198867427075737,0.0,1015817.7309151785
train_OOF,2003-01-01,5,History-conditioned,Constant,gas_cum,11,70,1212852.4378073458,0.37790015353128853,1212852.4378073458,0.10662115616699705,0.0,1201728.2879185267
train_OOF,2003-01-01,5,History-conditioned,Constant,gas_cum,12,70,1409854.6039990883,0.41253364936847015,1409854.6039990883,0.12172194845790997,0.0,1398220.3734933035
train_OOF,2003-01-01,5,History-conditioned,Constant,gas_cum,13,70,1610033.5472843554,0.4455311083013372,1610033.5472843554,0.13669963950324338,0.0,1597928.095717076
train_OOF,2003-01-01,5,History-conditioned,Constant,gas_cum,14,70,1817818.3786569322,0.47751872608784657,1817818.3786569322,0.1518640973132045,0.0,1805247.7210449218
train_OOF,2003-01-01,5,History-conditioned,Constant,gas_cum,15,70,2032442.3862131732,0.5084295233186394,2032442.3862131732,0.1671446092653725,0.0,2019391.5637625558
train_OOF,2003-01-01,5,History-conditioned,Constant,gas_cum,16,70,2251764.47891127,0.5382441035814792,2251764.47891127,0.18240464208817733,0.0,2238217.8350516185
train_OOF,2003-01-01,5,History-conditioned,Constant,gas_cum,17,70,2470802.8069704166,0.5665546802805541,2470802.8069704166,0.19732437141027753,0.0,2456743.8572753905
train_OOF,2003-01-01,5,History-conditioned,Constant,gas_cum,18,70,2696640.841682567,0.5944558757417832,2696640.841682567,0.21240391863928634,0.0,2682040.0826032367
train_OOF,2003-01-01,5,History-conditioned,Constant,gas_cum,19,70,2929300.743996381,0.622043081221743,2929300.743996381,0.22764710884144235,0.0,2914115.4110351563
train_OOF,2003-01-01,5,History-conditioned,Constant,gas_cum,20,70,3166261.1926196166,0.6491249918162969,3166261.1926196166,0.2428973717951066,0.0,3150446.510895647
train_OOF,2003-01-01,5,History-conditioned,Constant,oil_cum,1,70,54278.98247330902,0.052257032495396996,54278.98247330902,0.0023058316134104105,0.0,51796.45611049107
train_OOF,2003-01-01,5,History-conditioned,Constant,oil_cum,2,70,183765.2795199542,0.09123736838175898,183765.2795199542,0.007496722716769881,0.0,178134.2591936384
train_OOF,2003-01-01,5,History-conditioned,Constant,oil_cum,3,70,374543.27981594286,0.12738969776974338,374543.27981594286,0.01472459768132067,0.0,365472.92353515624
train_OOF,2003-01-01,5,History-conditioned,Constant,oil_cum,4,70,610336.645817925,0.1597392460104569,610336.645817925,0.02319319300560819,0.0,597834.9593052455
train_OOF,2003-01-01,5,History-conditioned,Constant,oil_cum,5,70,883673.6965698896,0.18997477334948393,883673.6965698896,0.032554660515804225,0.0,867886.5052455358
train_OOF,2003-01-01,5,History-conditioned,Constant,oil_cum,6,70,1195481.7293615844,0.21961525542156118,1195481.7293615844,0.04279559361835215,0.0,1176514.1369001116
train_OOF,2003-01-01,5,History-conditioned,Constant,oil_cum,7,70,1549462.8043832183,0.24970074180863155,1549462.8043832183,0.05399800829013704,0.0,1527547.6012416296
train_OOF,2003-01-01,5,History-conditioned,Constant,oil_cum,8,70,1940396.3944817549,0.2800010677306018,1940396.3944817549,0.06595994392992098,0.0,1915835.951297433
train_OOF,2003-01-01,5,History-conditioned,Constant,oil_cum,9,70,2361277.3103403724,0.31067902256674174,2361277.3103403724,0.07848319454050567,0.0,2334520.9788364954
train_OOF,2003-01-01,5,History-conditioned,Constant,oil_cum,10,70,2831145.423693978,0.343838544655296,2831145.423693978,0.09216583669952344,0.0,2802549.696205357
train_OOF,2003-01-01,5,History-conditioned,Constant,oil_cum,11,70,3345190.529744205,0.37860528799386806,3345190.529744205,0.1068159454251124,0.0,3315035.1891183034
train_OOF,2003-01-01,5,History-conditioned,Constant,oil_cum,12,70,3888305.109915341,0.41328417359911557,3888305.109915341,0.12193747187773638,0.0,3856732.396316964
train_OOF,2003-01-01,5,History-conditioned,Constant,oil_cum,13,70,4440120.23313382,0.4463192456075274,4440120.23313382,0.13693401388184082,0.0,4407232.1952845985
train_OOF,2003-01-01,5,History-conditioned,Constant,oil_cum,14,70,5012731.997764052,0.47832157260431274,5012731.997764052,0.15211189946151796,0.0,4978555.341224888
train_OOF,2003-01-01,5,History-conditioned,Constant,oil_cum,15,70,5604046.625076798,0.5092284601439556,5604046.625076798,0.16740106446366948,0.0,5568549.891280692
train_OOF,2003-01-01,5,History-conditioned,Constant,oil_cum,16,70,6208383.001500249,0.5390517145759615,6208383.001500249,0.18267251658491515,0.0,6171514.155622209
train_OOF,2003-01-01,5,History-conditioned,Constant,oil_cum,17,70,6812033.268562009,0.5673850317871824,6812033.268562009,0.1976068761654694,0.0,6773743.611732701
train_OOF,2003-01-01,5,History-conditioned,Constant,oil_cum,18,70,7434441.472790763,0.5953127861961619,7434441.472790763,0.21270206265297775,0.0,7394651.18624442
train_OOF,2003-01-01,5,History-conditioned,Constant,oil_cum,19,70,8075627.775862858,0.6229249211446439,8075627.775862858,0.22796049257567574,0.0,8034222.450585937
train_OOF,2003-01-01,5,History-conditioned,Constant,oil_cum,20,70,8728623.014085235,0.650027486415679,8728623.014085235,0.2432247347246261,0.0,8685482.514927456
train_OOF,2003-01-01,5,History-conditioned,Constant,water_cum,1,70,17510.323400131452,0.035858644432756825,17510.323400131452,0.005032549703982447,0.0,-15860.341866629464
train_OOF,2003-01-01,5,History-conditioned,Constant,water_cum,2,70,49224.68447398745,0.04975873050544351,49224.68447398745,0.012371685598242092,0.0,-41672.88862304688
train_OOF,2003-01-01,5,History-conditioned,Constant,water_cum,3,70,91911.32987255733,0.06128551080242092,91911.32987255733,0.020481773572387278,0.0,-73903.3063406808
train_OOF,2003-01-01,5,History-conditioned,Constant,water_cum,4,70,151612.31466741912,0.0748802345884684,151612.31466741912,0.030258934629799224,0.0,-122245.6026297433
train_OOF,2003-01-01,5,History-conditioned,Constant,water_cum,5,70,225848.8052118109,0.08828281690728494,225848.8052118109,0.04075242590165941,0.0,-185432.513671875
train_OOF,2003-01-01,5,History-conditioned,Constant,water_cum,6,70,313773.9136079916,0.10105950082445975,313773.9136079916,0.05155228638787729,0.0,-262546.31399972097
train_OOF,2003-01-01,5,History-conditioned,Constant,water_cum,7,70,415679.00746148237,0.11324179056164366,415679.00746148237,0.06250462116157669,0.0,-354258.0424316406
train_OOF,2003-01-01,5,History-conditioned,Constant,water_cum,8,70,530678.6312421422,0.12484676095083941,530678.6312421422,0.07341603919535004,0.0,-460227.08514927456
train_OOF,2003-01-01,5,History-conditioned,Constant,water_cum,9,70,655548.1180278792,0.13568480796903298,655548.1180278792,0.08396513228406596,0.0,-577425.3002301897
train_OOF,2003-01-01,5,History-conditioned,Constant,water_cum,10,70,793291.2600664129,0.14606867873097354,793291.2600664129,0.09438015718119416,0.0,-708299.4684151786
train_OOF,2003-01-01,5,History-conditioned,Constant,water_cum,11,70,943254.6005838441,0.15594140115838506,943254.6005838441,0.10455537657730277,0.0,-852247.2611328125
train_OOF,2003-01-01,5,History-conditioned,Constant,water_cum,12,70,1103410.145010149,0.16524029127893045,1103410.145010149,0.11435462811936595,0.0,-1007130.6109933036
train_OOF,2003-01-01,5,History-conditioned,Constant,water_cum,13,70,1269866.9518434145,0.1738799101376715,1269866.9518434145,0.12360872608436077,0.0,-1168960.8475027902
train_OOF,2003-01-01,5,History-conditioned,Constant,water_cum,14,70,1449246.6985924959,0.18236056892231084,1449246.6985924959,0.13276222380660527,0.0,-1344147.2299734931
train_OOF,2003-01-01,5,History-conditioned,Constant,water_cum,15,70,1641924.1681508466,0.19070058284453614,1641924.1681508466,0.14181690205716024,0.0,-1532989.2012625558
train_OOF,2003-01-01,5,History-conditioned,Constant,water_cum,16,70,1845292.8386109911,0.19876440904643877,1845292.8386109911,0.15062923474624212,0.0,-1732886.6439801897
train_OOF,2003-01-01,5,History-conditioned,Constant,water_cum,17,70,2053789.9244264837,0.206354054617274,2053789.9244264837,0.15898053362863684,0.0,-1938186.6804896763
train_OOF,2003-01-01,5,History-conditioned,Constant,water_cum,18,70,2275248.881106748,0.2138386080814928,2275248.881106748,0.16723835804412962,0.0,-2156714.0201032367
train_OOF,2003-01-01,5,History-conditioned,Constant,water_cum,19,70,2509566.4796052277,0.22119562053567937,2509566.4796052277,0.17537961551645126,0.0,-2388284.9628208703
train_OOF,2003-01-01,5,History-conditioned,Constant,water_cum,20,70,2753886.3703466235,0.22833053038938173,2753886.3703466235,0.18329969481198444,0.0,-2629989.019824219
train_OOF,2003-01-01,5,History-conditioned,Liquid-WC-time,gas_cum,1,70,8652.370887455765,0.022924075177270742,8652.370887455765,0.0010119358837571417,0.0,6111.3144377888575
train_OOF,2003-01-01,5,History-conditioned,Liquid-WC-time,gas_cum,2,70,21206.38031155296,0.028975561763021372,21206.38031155296,0.002381719011808835,0.0,12195.353157138772
train_OOF,2003-01-01,5,History-conditioned,Liquid-WC-time,gas_cum,3,70,33220.29061657977,0.031097597295248552,33220.29061657977,0.0035954976571432244,0.0,10809.650410703756
train_OOF,2003-01-01,5,History-conditioned,Liquid-WC-time,gas_cum,4,70,46339.50739961051,0.033381485261350055,46339.50739961051,0.004847919147249271,0.0,-4792.599672686042
train_OOF,2003-01-01,5,History-conditioned,Liquid-WC-time,gas_cum,5,70,69956.51359997616,0.041396973958321405,69956.51359997616,0.007095174177150392,0.0,-36139.51546105929
train_OOF,2003-01-01,5,History-conditioned,Liquid-WC-time,gas_cum,6,70,110415.24991780995,0.05583576477719947,110415.24991780995,0.010881823948716481,0.0,-83611.24543807592
train_OOF,2003-01-01,5,History-conditioned,Liquid-WC-time,gas_cum,7,70,168504.22008216204,0.0747531638618617,168504.22008216204,0.016166859104342065,0.0,-147229.00319470337
train_OOF,2003-01-01,5,History-conditioned,Liquid-WC-time,gas_cum,8,70,242634.39276001265,0.09638556611073817,242634.39276001265,0.02270709398416119,0.0,-225707.9054407625
train_OOF,2003-01-01,5,History-conditioned,Liquid-WC-time,gas_cum,9,70,327464.508154566,0.11861210529122848,327464.508154566,0.029965023737220303,0.0,-313835.4579317711
train_OOF,2003-01-01,5,History-conditioned,Liquid-WC-time,gas_cum,10,70,421170.74885239697,0.14081748935377048,421170.74885239697,0.03774744326364702,0.0,-409994.5860897783
train_OOF,2003-01-01,5,History-conditioned,Liquid-WC-time,gas_cum,11,70,523615.0184728344,0.163147790863907,523615.0184728344,0.04603069336027927,0.0,-514198.31038052205
train_OOF,2003-01-01,5,History-conditioned,Liquid-WC-time,gas_cum,12,70,634831.0812138354,0.1857561637368987,634831.0812138354,0.05480911005135087,0.0,-626499.4328216122
train_OOF,2003-01-01,5,History-conditioned,Liquid-WC-time,gas_cum,13,70,752367.2959474863,0.20819630484007673,752367.2959474863,0.06387962431188204,0.0,-744469.7457970897
train_OOF,2003-01-01,5,History-conditioned,Liquid-WC-time,gas_cum,14,70,879772.6455480221,0.2311055482118167,879772.6455480221,0.07349792488934614,0.0,-871725.6106310282
train_OOF,2003-01-01,5,History-conditioned,Liquid-WC-time,gas_cum,15,70,1016076.3215878066,0.25417852104667776,1016076.3215878066,0.0835603906450798,0.0,-1007352.3953537215
train_OOF,2003-01-01,5,History-conditioned,Liquid-WC-time,gas_cum,16,70,1157811.3619338803,0.27675413856864084,1157811.3619338803,0.09378874613977621,0.0,-1147956.6832148049
train_OOF,2003-01-01,5,History-conditioned,Liquid-WC-time,gas_cum,17,70,1300112.5905578223,0.298115604771947,1300112.5905578223,0.10383017979851335,0.0,-1288788.4017001665
train_OOF,2003-01-01,5,History-conditioned,Liquid-WC-time,gas_cum,18,70,1446365.2850049904,0.31884125199397473,1446365.2850049904,0.11392457221971113,0.0,-1433253.1331098191
train_OOF,2003-01-01,5,History-conditioned,Liquid-WC-time,gas_cum,19,70,1595537.2842728086,0.3388156475730087,1595537.2842728086,0.12399527448926226,0.0,-1580371.3375840706
train_OOF,2003-01-01,5,History-conditioned,Liquid-WC-time,gas_cum,20,70,1745037.4134613741,0.3577555128340704,1745037.4134613741,0.13386924692186006,0.0,-1727632.7432992377
train_OOF,2003-01-01,5,History-conditioned,Liquid-WC-time,oil_cum,1,70,24092.977509188084,0.0231954884052519,24092.977509188084,0.0010234965113649656,0.0,17020.052098505785
train_OOF,2003-01-01,5,History-conditioned,Liquid-WC-time,oil_cum,2,70,58877.773340849315,0.0292321439056907,58877.773340849315,0.0024019245750351043,0.0,33900.530604105494
train_OOF,2003-01-01,5,History-conditioned,Liquid-WC-time,oil_cum,3,70,91947.44570730125,0.03127317442488634,91947.44570730125,0.0036147735624315865,0.0,30020.125971422665
train_OOF,2003-01-01,5,History-conditioned,Liquid-WC-time,oil_cum,4,70,127921.45331247612,0.03348000917315502,127921.45331247612,0.004861099159887641,0.0,-13001.047571478677
train_OOF,2003-01-01,5,History-conditioned,Liquid-WC-time,oil_cum,5,70,192800.4140732971,0.041448800736556074,192800.4140732971,0.007102793770852338,0.0,-99472.44803710979
train_OOF,2003-01-01,5,History-conditioned,Liquid-WC-time,oil_cum,6,70,304277.611522194,0.05589713646999424,304277.611522194,0.010892463422942112,0.0,-230455.58392020926
train_OOF,2003-01-01,5,History-conditioned,Liquid-WC-time,oil_cum,7,70,464333.97102932434,0.07482886112850125,464333.97102932434,0.016181808008624222,0.0,-405810.01924154913
train_OOF,2003-01-01,5,History-conditioned,Liquid-WC-time,oil_cum,8,70,668517.4067369603,0.09646770536946694,668517.4067369603,0.02272492918969949,0.0,-622021.6064773266
train_OOF,2003-01-01,5,History-conditioned,Liquid-WC-time,oil_cum,9,70,902176.6986851791,0.11870159159306815,902176.6986851791,0.029986189696039393,0.0,-864800.0692145801
train_OOF,2003-01-01,5,History-conditioned,Liquid-WC-time,oil_cum,10,70,1160255.5526323123,0.1409113701142193,1160255.5526323123,0.037771257844501256,0.0,-1129648.1277277567
train_OOF,2003-01-01,5,History-conditioned,Liquid-WC-time,oil_cum,11,70,1442284.8137471431,0.1632363395814332,1442284.8137471431,0.046053883802087525,0.0,-1416484.1661120788
train_OOF,2003-01-01,5,History-conditioned,Liquid-WC-time,oil_cum,12,70,1748411.8465116618,0.18583699701287296,1748411.8465116618,0.054830296064230094,0.0,-1725523.523564635
train_OOF,2003-01-01,5,History-conditioned,Liquid-WC-time,oil_cum,13,70,2071977.5535367497,0.20827441827122725,2071977.5535367497,0.06390011715484839,0.0,-2050199.8262352229
train_OOF,2003-01-01,5,History-conditioned,Liquid-WC-time,oil_cum,14,70,2422840.078661809,0.2311906315979397,2422840.078661809,0.07352134656732721,0.0,-2400572.479472038
train_OOF,2003-01-01,5,History-conditioned,Liquid-WC-time,oil_cum,15,70,2798313.8138805926,0.25427715538009926,2798313.8138805926,0.08358972408452836,0.0,-2774107.6829144536
train_OOF,2003-01-01,5,History-conditioned,Liquid-WC-time,oil_cum,16,70,3188636.9344558925,0.27685795258819096,3188636.9344558925,0.09382094067842017,0.0,-3161262.812082692
train_OOF,2003-01-01,5,History-conditioned,Liquid-WC-time,oil_cum,17,70,3580385.6503733327,0.29821598720352066,3580385.6503733327,0.10386162191883994,0.0,-3548935.760256083
train_OOF,2003-01-01,5,History-conditioned,Liquid-WC-time,oil_cum,18,70,3982959.8347395733,0.3189354472967755,3982959.8347395733,0.11395392315800319,0.0,-3946574.457343591
train_OOF,2003-01-01,5,History-conditioned,Liquid-WC-time,oil_cum,19,70,4393566.333589058,0.3389039264631412,4393566.333589058,0.1240224999674225,0.0,-4351521.579973396
train_OOF,2003-01-01,5,History-conditioned,Liquid-WC-time,oil_cum,20,70,4805099.4127913965,0.35783956853606713,4805099.4127913965,0.13389500590364614,0.0,-4756888.394548664
train_OOF,2003-01-01,5,History-conditioned,Liquid-WC-time,water_cum,1,70,20675.51030433387,0.04234049569086442,20675.51030433387,0.005942239379826665,0.0,18898.25757000442
train_OOF,2003-01-01,5,History-conditioned,Liquid-WC-time,water_cum,2,70,107002.86278780899,0.10816375299638847,107002.86278780899,0.026893128735485747,0.0,102488.86569706882
train_OOF,2003-01-01,5,History-conditioned,Liquid-WC-time,water_cum,3,70,269032.3744846623,0.17938796572242405,269032.3744846623,0.059951914366563795,0.0,261385.84103796058
train_OOF,2003-01-01,5,History-conditioned,Liquid-WC-time,water_cum,4,70,498780.276092203,0.24634400024704128,498780.276092203,0.09954705725596648,0.0,488298.02395422786
train_OOF,2003-01-01,5,History-conditioned,Liquid-WC-time,water_cum,5,70,793957.6091869056,0.31035282289077054,793957.6091869056,0.14326265134368737,0.0,781470.3336263062
train_OOF,2003-01-01,5,History-conditioned,Liquid-WC-time,water_cum,6,70,1157363.7223167764,0.37276075217584026,1157363.7223167764,0.19015202819682242,0.0,1143767.4359950433
train_OOF,2003-01-01,5,History-conditioned,Liquid-WC-time,water_cum,7,70,1592055.621476299,0.4337174262195866,1592055.621476299,0.239393454329674,0.0,1578204.8666759992
train_OOF,2003-01-01,5,History-conditioned,Liquid-WC-time,water_cum,8,70,2089951.4512958582,0.49167924592716006,2089951.4512958582,0.28913159232655156,0.0,2076460.1989436601
train_OOF,2003-01-01,5,History-conditioned,Liquid-WC-time,water_cum,9,70,2633283.784745945,0.5450349026034833,2633283.784745945,0.33728114725252867,0.0,2620420.328462485
train_OOF,2003-01-01,5,History-conditioned,Liquid-WC-time,water_cum,10,70,3234330.8540541832,0.5955371730566708,3234330.8540541832,0.3847977026194191,0.0,3222078.684392664
train_OOF,2003-01-01,5,History-conditioned,Liquid-WC-time,water_cum,11,70,3888970.6578924297,0.6429351450607483,3888970.6578924297,0.43107427345951316,0.0,3877067.9382221955
train_OOF,2003-01-01,5,History-conditioned,Liquid-WC-time,water_cum,12,70,4584521.960233302,0.6865513676028746,4584521.960233302,0.47512822520108666,0.0,4572500.076770885
train_OOF,2003-01-01,5,History-conditioned,Liquid-WC-time,water_cum,13,70,5298092.66626581,0.7254554308811962,5298092.66626581,0.5157158269244925,0.0,5285398.66807398
train_OOF,2003-01-01,5,History-conditioned,Liquid-WC-time,water_cum,14,70,6045393.775433751,0.7606996443864135,6045393.775433751,0.5538048989124327,0.0,6031420.348968823
train_OOF,2003-01-01,5,History-conditioned,Liquid-WC-time,water_cum,15,70,6821433.349504645,0.7922724695932368,6821433.349504645,0.5891834495046365,0.0,6805578.813512426
train_OOF,2003-01-01,5,History-conditioned,Liquid-WC-time,water_cum,16,70,7613529.366022331,0.8200859145664071,7613529.366022331,0.6214840691546999,0.0,7595235.083887496
train_OOF,2003-01-01,5,History-conditioned,Liquid-WC-time,water_cum,17,70,8400409.399846433,0.8440291382710124,8400409.399846433,0.6502620122939491,0.0,8379248.938198363
train_OOF,2003-01-01,5,History-conditioned,Liquid-WC-time,water_cum,18,70,9203119.431076786,0.8649525181578884,9203119.431076786,0.6764598788808702,0.0,9178637.547233457
train_OOF,2003-01-01,5,History-conditioned,Liquid-WC-time,water_cum,19,70,10019111.928784506,0.8830942309416475,10019111.928784506,0.7001798964747604,0.0,9990911.746159805
train_OOF,2003-01-01,5,History-conditioned,Liquid-WC-time,water_cum,20,70,10837334.440555638,0.8985462680901118,10837334.440555638,0.7213369864927376,0.0,10805125.187221033
train_OOF,2003-01-01,5,History-conditioned,Liquid-WC-volume,gas_cum,1,70,8477.940468651574,0.02246192947340738,8477.940468651574,0.000991535417537801,0.0,6017.555328598153
train_OOF,2003-01-01,5,History-conditioned,Liquid-WC-volume,gas_cum,2,70,20485.193689141106,0.027990160802869056,20485.193689141106,0.0023007215070755664,0.0,11784.954747761985
train_OOF,2003-01-01,5,History-conditioned,Liquid-WC-volume,gas_cum,3,70,31672.38564519401,0.02964859957253015,31672.38564519401,0.0034279648452743183,0.0,9811.809029599479
train_OOF,2003-01-01,5,History-conditioned,Liquid-WC-volume,gas_cum,4,70,44378.99970687769,0.03196919880596416,44378.99970687769,0.004642815914278589,0.0,-6671.603457312126
train_OOF,2003-01-01,5,History-conditioned,Liquid-WC-volume,gas_cum,5,70,68869.73179839352,0.040753867610916046,68869.73179839352,0.006984949899553048,0.0,-39181.64661554162
train_OOF,2003-01-01,5,History-conditioned,Liquid-WC-volume,gas_cum,6,70,111148.56583507684,0.056206594486812665,111148.56583507684,0.010954094896039697,0.0,-88084.47760847642
train_OOF,2003-01-01,5,History-conditioned,Liquid-WC-volume,gas_cum,7,70,171487.2916355577,0.07607653746362618,171487.2916355577,0.016453064977870947,0.0,-153375.64827529952
train_OOF,2003-01-01,5,History-conditioned,Liquid-WC-volume,gas_cum,8,70,248083.77972102538,0.09855031382526849,248083.77972102538,0.023217078329217204,0.0,-233691.60926341903
train_OOF,2003-01-01,5,History-conditioned,Liquid-WC-volume,gas_cum,9,70,335438.60373895854,0.12150043132811261,335438.60373895854,0.030694702702479044,0.0,-323703.75813495275
train_OOF,2003-01-01,5,History-conditioned,Liquid-WC-volume,gas_cum,10,70,431729.891472788,0.1443479148583512,431729.891472788,0.038693806794500046,0.0,-421785.2916807034
train_OOF,2003-01-01,5,History-conditioned,Liquid-WC-volume,gas_cum,11,70,536769.1147298897,0.16724633973939362,536769.1147298897,0.04718706235253254,0.0,-527884.84402142
train_OOF,2003-01-01,5,History-conditioned,Liquid-WC-volume,gas_cum,12,70,650488.5767843097,0.19033766013329068,650488.5767843097,0.05616092382236187,0.0,-641981.0958803766
train_OOF,2003-01-01,5,History-conditioned,Liquid-WC-volume,gas_cum,13,70,770322.8934404481,0.21316500705422947,770322.8934404481,0.06540414143048076,0.0,-761573.9466114957
train_OOF,2003-01-01,5,History-conditioned,Liquid-WC-volume,gas_cum,14,70,899857.7348959424,0.23638165631556776,899857.7348959424,0.0751758724770092,0.0,-890314.3219973084
train_OOF,2003-01-01,5,History-conditioned,Liquid-WC-volume,gas_cum,15,70,1038088.6600938957,0.25968505980501955,1038088.6600938957,0.0853706479707364,0.0,-1027272.9920445079
train_OOF,2003-01-01,5,History-conditioned,Liquid-WC-volume,gas_cum,16,70,1181520.8159272512,0.28242146032035376,1181520.8159272512,0.09570933530896764,0.0,-1169039.9194698464
train_OOF,2003-01-01,5,History-conditioned,Liquid-WC-volume,gas_cum,17,70,1325266.8503639987,0.30388347243907843,1325266.8503639987,0.10583906067340221,0.0,-1310852.8121107474
train_OOF,2003-01-01,5,History-conditioned,Liquid-WC-volume,gas_cum,18,70,1472780.3192563355,0.3246642641192509,1472780.3192563355,0.1160051818059977,0.0,-1456164.6094130073
train_OOF,2003-01-01,5,History-conditioned,Liquid-WC-volume,gas_cum,19,70,1623040.153612009,0.3446559388511433,1623040.153612009,0.12613262713314657,0.0,-1604005.7300188744
train_OOF,2003-01-01,5,History-conditioned,Liquid-WC-volume,gas_cum,20,70,1773461.9541643145,0.3635829157641214,1773461.9541643145,0.13604981441494013,0.0,-1751871.7102476058
train_OOF,2003-01-01,5,History-conditioned,Liquid-WC-volume,oil_cum,1,70,23612.49479081395,0.02273290418050339,23612.49479081395,0.0010030850704859982,0.0,16761.985246026994
train_OOF,2003-01-01,5,History-conditioned,Liquid-WC-volume,oil_cum,2,70,56896.32929961564,0.02824837950585342,56896.32929961564,0.0023210913697923703,0.0,32770.92857721262
train_OOF,2003-01-01,5,History-conditioned,Liquid-WC-volume,oil_cum,3,70,87707.23437706898,0.029830993323403027,87707.23437706898,0.0034480761224130936,0.0,27273.609368180485
train_OOF,2003-01-01,5,History-conditioned,Liquid-WC-volume,oil_cum,4,70,122563.25500299166,0.0320776444883596,122563.25500299166,0.004657484108414441,0.0,-18172.936256933477
train_OOF,2003-01-01,5,History-conditioned,Liquid-WC-volume,oil_cum,5,70,189873.82774793362,0.04081963459071883,189873.82774793362,0.006994977928124164,0.0,-107845.81477426898
train_OOF,2003-01-01,5,History-conditioned,Liquid-WC-volume,oil_cum,6,70,306393.68044412014,0.056285867644519684,306393.68044412014,0.010968213995641818,0.0,-242768.02510285942
train_OOF,2003-01-01,5,History-conditioned,Liquid-WC-volume,oil_cum,7,70,472656.9186408554,0.07617012997777894,472656.9186408554,0.0164718585944495,0.0,-422728.49814999057
train_OOF,2003-01-01,5,History-conditioned,Liquid-WC-volume,oil_cum,8,70,683633.2551139938,0.09864893684220098,683633.2551139938,0.023238762607571104,0.0,-643996.558960863
train_OOF,2003-01-01,5,History-conditioned,Liquid-WC-volume,oil_cum,9,70,924243.5940403171,0.121604986907966,924243.5940403171,0.030719640372704148,0.0,-891962.3439882768
train_OOF,2003-01-01,5,History-conditioned,Liquid-WC-volume,oil_cum,10,70,1189437.848839007,0.1444555180670001,1189437.848839007,0.03872126582508533,0.0,-1162101.7941776726
train_OOF,2003-01-01,5,History-conditioned,Liquid-WC-volume,oil_cum,11,70,1478604.1283678703,0.16734692295462353,1478604.1283678703,0.04721360307484947,0.0,-1454156.0698376328
train_OOF,2003-01-01,5,History-conditioned,Liquid-WC-volume,oil_cum,12,70,1791612.9210415708,0.1904287972654195,1791612.9210415708,0.05618508424614144,0.0,-1768136.4913087122
train_OOF,2003-01-01,5,History-conditioned,Liquid-WC-volume,oil_cum,13,70,2121496.4340938292,0.21325203785202992,2121496.4340938292,0.06542728730375909,0.0,-2097278.7996902536
train_OOF,2003-01-01,5,History-conditioned,Liquid-WC-volume,oil_cum,14,70,2478215.9797018566,0.23647467392888244,2478215.9797018566,0.07520173432700634,0.0,-2451737.5380706913
train_OOF,2003-01-01,5,History-conditioned,Liquid-WC-volume,oil_cum,15,70,2858992.3421285255,0.25979089135888817,2858992.3421285255,0.08540228042075507,0.0,-2828938.72521982
train_OOF,2003-01-01,5,History-conditioned,Liquid-WC-volume,oil_cum,16,70,3253982.3316912143,0.28253165996269336,3253982.3316912143,0.09574363265108563,0.0,-3219293.989281416
train_OOF,2003-01-01,5,History-conditioned,Liquid-WC-volume,oil_cum,17,70,3649702.195806837,0.303989471974312,3649702.195806837,0.10587239101958863,0.0,-3609667.58995499
train_OOF,2003-01-01,5,History-conditioned,Liquid-WC-volume,oil_cum,18,70,4055740.9380459758,0.324763393020787,4055740.9380459758,0.11603621687866653,0.0,-4009637.8070487883
train_OOF,2003-01-01,5,History-conditioned,Liquid-WC-volume,oil_cum,19,70,4469336.492588235,0.3447485643822826,4469336.492588235,0.12616135570067155,0.0,-4416574.728307815
train_OOF,2003-01-01,5,History-conditioned,Liquid-WC-volume,oil_cum,20,70,4883401.942721179,0.36367082011241664,4883401.942721179,0.13607692074172606,0.0,-4823605.607630926
train_OOF,2003-01-01,5,History-conditioned,Liquid-WC-volume,water_cum,1,70,20883.722527110553,0.04276688462112523,20883.722527110553,0.006002080556723058,0.0,19156.324422483172
train_OOF,2003-01-01,5,History-conditioned,Liquid-WC-volume,water_cum,2,70,107899.90595380994,0.10907052831909021,107899.90595380994,0.027118583426285852,0.0,103618.46772396153
train_OOF,2003-01-01,5,History-conditioned,Liquid-WC-volume,water_cum,3,70,271299.91649171815,0.1808999389509809,271299.91649171815,0.06045721966482019,0.0,264132.35764120246
train_OOF,2003-01-01,5,History-conditioned,Liquid-WC-volume,water_cum,4,70,503228.5920956805,0.24854099161014204,503228.5920956805,0.1004348565317521,0.0,493469.9126396822
train_OOF,2003-01-01,5,History-conditioned,Liquid-WC-volume,water_cum,5,70,801429.6745903881,0.3132736042573855,801429.6745903881,0.14461091967480472,0.0,789843.7003634647
train_OOF,2003-01-01,5,History-conditioned,Liquid-WC-volume,water_cum,6,70,1168705.9147875388,0.37641381656277406,1168705.9147875388,0.19201552267217795,0.0,1156079.8771776925
train_OOF,2003-01-01,5,History-conditioned,Liquid-WC-volume,water_cum,7,70,1608085.0134919414,0.4380842501892432,1608085.0134919414,0.24180375424235595,0.0,1595123.3455844396
train_OOF,2003-01-01,5,History-conditioned,Liquid-WC-volume,water_cum,8,70,2111288.8836486605,0.49669906236487804,2111288.8836486605,0.2920834914189924,0.0,2098435.1514271945
train_OOF,2003-01-01,5,History-conditioned,Liquid-WC-volume,water_cum,9,70,2660212.7536900314,0.5506086383514777,2660212.7536900314,0.3407303134959859,0.0,2647582.6032361817
train_OOF,2003-01-01,5,History-conditioned,Liquid-WC-volume,water_cum,10,70,3267090.560119898,0.6015692160420346,3267090.560119898,0.3886952196643353,0.0,3254532.3508425793
train_OOF,2003-01-01,5,History-conditioned,Liquid-WC-volume,water_cum,11,70,3927600.376261622,0.6493215145575068,3927600.376261622,0.4353561977126958,0.0,3914739.8419477455
train_OOF,2003-01-01,5,History-conditioned,Liquid-WC-volume,water_cum,12,70,4628813.631180163,0.693184230860102,4628813.631180163,0.4797185016117381,0.0,4615113.044514959
train_OOF,2003-01-01,5,History-conditioned,Liquid-WC-volume,water_cum,13,70,5347585.047572736,0.7322323068378901,5347585.047572736,0.520533410526735,0.0,5332477.641529005
train_OOF,2003-01-01,5,History-conditioned,Liquid-WC-volume,water_cum,14,70,6099716.254523559,0.7675351115306261,6099716.254523559,0.5587812587921239,0.0,6082585.407567474
train_OOF,2003-01-01,5,History-conditioned,Liquid-WC-volume,water_cum,15,70,6880152.607717942,0.7990923928166618,6880152.607717942,0.5942551717269136,0.0,6860409.855817789
train_OOF,2003-01-01,5,History-conditioned,Liquid-WC-volume,water_cum,16,70,7676146.705748077,0.8268306968937565,7676146.705748077,0.6265954540619509,0.0,7653266.261086219
train_OOF,2003-01-01,5,History-conditioned,Liquid-WC-volume,water_cum,17,70,8466367.494257277,0.8506562621334042,8466367.494257277,0.6553677209751776,0.0,8439980.767897269
train_OOF,2003-01-01,5,History-conditioned,Liquid-WC-volume,water_cum,18,70,9272009.620779283,0.8714271427138124,9272009.620779283,0.6815235368863145,0.0,9241700.896938652
train_OOF,2003-01-01,5,History-conditioned,Liquid-WC-volume,water_cum,19,70,10090547.240100447,0.8893906084805978,10090547.240100447,0.7051721122756578,0.0,10055964.894494222
train_OOF,2003-01-01,5,History-conditioned,Liquid-WC-volume,water_cum,20,70,10910936.899142394,0.9046488032520696,10910936.899142394,0.726235993344159,0.0,10871842.400303291
train_OOF,2003-01-01,5,History-conditioned,Separate,gas_cum,1,70,16002.890940250083,0.042398953967613694,16002.890940250083,0.001871614127148559,0.0,14384.168543689406
train_OOF,2003-01-01,5,History-conditioned,Separate,gas_cum,2,70,51678.37580553183,0.0706112947125657,51678.37580553183,0.005804072564349074,0.0,47115.48175113388
train_OOF,2003-01-01,5,History-conditioned,Separate,gas_cum,3,70,101941.75778246323,0.09542793492320138,101941.75778246323,0.011033357760241209,0.0,93276.2167876256
train_OOF,2003-01-01,5,History-conditioned,Separate,gas_cum,4,70,161113.47070615174,0.1160609434494671,161113.47070615174,0.016855273682143252,0.0,147325.624662131
train_OOF,2003-01-01,5,History-conditioned,Separate,gas_cum,5,70,227070.05368472132,0.13436937627926981,227070.05368472132,0.023030043928726273,0.0,207330.15331118056
train_OOF,2003-01-01,5,History-conditioned,Separate,gas_cum,6,70,300019.64705475915,0.1517166012299708,300019.64705475915,0.02956802600035902,0.0,273547.64985630126
train_OOF,2003-01-01,5,History-conditioned,Separate,gas_cum,7,70,380680.30287409713,0.16888038202161923,380680.30287409713,0.036523742950550005,0.0,346874.7412516185
train_OOF,2003-01-01,5,History-conditioned,Separate,gas_cum,8,70,467656.9095300979,0.1857748831808868,467656.9095300979,0.04376596935103747,0.0,426119.9517438354
train_OOF,2003-01-01,5,History-conditioned,Separate,gas_cum,9,70,559793.5847298119,0.20276486141205302,559793.5847298119,0.05122456827124264,0.0,510598.683442644
train_OOF,2003-01-01,5,History-conditioned,Separate,gas_cum,10,70,662021.8810309115,0.2213455218294487,662021.8810309115,0.05933373450458936,0.0,605229.2114494253
train_OOF,2003-01-01,5,History-conditioned,Separate,gas_cum,11,70,772567.692132561,0.24071638096223466,772567.692132561,0.06791597888145283,0.0,708148.4799924188
train_OOF,2003-01-01,5,History-conditioned,Separate,gas_cum,12,70,887095.0390447173,0.25957042148583104,887095.0390447173,0.07658870376674569,0.0,814818.5297102648
train_OOF,2003-01-01,5,History-conditioned,Separate,gas_cum,13,70,1000572.3282555179,0.2768800060689654,1000572.3282555179,0.08495343267856345,0.0,920219.2186104269
train_OOF,2003-01-01,5,History-conditioned,Separate,gas_cum,14,70,1114903.176548152,0.29287147210488285,1114903.176548152,0.09314118862809842,0.0,1025877.6127138453
train_OOF,2003-01-01,5,History-conditioned,Separate,gas_cum,15,70,1229356.378087647,0.3075320026484991,1229356.378087647,0.10110018018577253,0.0,1130962.594687185
train_OOF,2003-01-01,5,History-conditioned,Separate,gas_cum,16,70,1342930.5896232186,0.3210035854786123,1342930.5896232186,0.10878436703465762,0.0,1234577.9073649237
train_OOF,2003-01-01,5,History-conditioned,Separate,gas_cum,17,70,1453287.236234885,0.3332385260199859,1453287.236234885,0.11606308263841217,0.0,1334596.7672501707
train_OOF,2003-01-01,5,History-conditioned,Separate,gas_cum,18,70,1564099.2972294283,0.34479490301774374,1564099.2972294283,0.1231980227909014,0.0,1434383.9466092952
train_OOF,2003-01-01,5,History-conditioned,Separate,gas_cum,19,70,1675388.38507193,0.3557721942443719,1675388.38507193,0.1302008074213049,0.0,1533906.5398911696
train_OOF,2003-01-01,5,History-conditioned,Separate,gas_cum,20,70,1786021.0049338476,0.3661576855736988,1786021.0049338476,0.13701327265119415,0.0,1632133.6054271169
train_OOF,2003-01-01,5,History-conditioned,Separate,oil_cum,1,70,44314.21971943066,0.04266346778009665,44314.21971943066,0.0018825173961749275,0.0,39791.65560276508
train_OOF,2003-01-01,5,History-conditioned,Separate,oil_cum,2,70,142704.67710070766,0.07085124691916271,142704.67710070766,0.005821651388144948,0.0,130020.59032350007
train_OOF,2003-01-01,5,History-conditioned,Separate,oil_cum,3,70,280992.7285041169,0.09557127490640221,280992.7285041169,0.011046800467579956,0.0,257015.00237547542
train_OOF,2003-01-01,5,History-conditioned,Separate,oil_cum,4,70,443734.9485556419,0.1161357205018827,443734.9485556419,0.016862219196084143,0.0,405714.735644404
train_OOF,2003-01-01,5,History-conditioned,Separate,oil_cum,5,70,625015.0608523883,0.134367578198086,625015.0608523883,0.023025640801909924,0.0,570694.3245854287
train_OOF,2003-01-01,5,History-conditioned,Separate,oil_cum,6,70,825415.3449309191,0.15163243180862693,825415.3449309191,0.029548038084094775,0.0,752648.3646595161
train_OOF,2003-01-01,5,History-conditioned,Separate,oil_cum,7,70,1047095.1510880472,0.16874263469330836,1047095.1510880472,0.03649074536611512,0.0,954243.688794553
train_OOF,2003-01-01,5,History-conditioned,Separate,oil_cum,8,70,1286185.12492241,0.18559775172828918,1286185.12492241,0.04372132362472202,0.0,1172178.0858754576
train_OOF,2003-01-01,5,History-conditioned,Separate,oil_cum,9,70,1539460.9571744646,0.2025506378942339,1539460.9571744646,0.05116798999437318,0.0,1404509.6898827455
train_OOF,2003-01-01,5,History-conditioned,Separate,oil_cum,10,70,1820557.4264924263,0.22110408414478167,1820557.4264924263,0.05926689497047276,0.0,1664822.5443584071
train_OOF,2003-01-01,5,History-conditioned,Separate,oil_cum,11,70,2124752.347628241,0.24047732627981291,2124752.347628241,0.06784589062659228,0.0,1948105.9163026698
train_OOF,2003-01-01,5,History-conditioned,Separate,oil_cum,12,70,2440042.915797233,0.25934979161745675,2440042.915797233,0.07651988617528348,0.0,2241798.777831492
train_OOF,2003-01-01,5,History-conditioned,Separate,oil_cum,13,70,2752426.0197706847,0.2766728467322468,2752426.0197706847,0.08488525603145744,0.0,2531965.4430025714
train_OOF,2003-01-01,5,History-conditioned,Separate,oil_cum,14,70,3066995.893648403,0.29265683856133523,3066995.893648403,0.09306832506338465,0.0,2822704.119713958
train_OOF,2003-01-01,5,History-conditioned,Separate,oil_cum,15,70,3381757.285962074,0.3072934917431152,3381757.285962074,0.10101803345008092,0.0,3111743.319900609
train_OOF,2003-01-01,5,History-conditioned,Separate,oil_cum,16,70,3694221.87352607,0.32075608648291104,3694221.87352607,0.10869703210916187,0.0,3396818.0672943806
train_OOF,2003-01-01,5,History-conditioned,Separate,oil_cum,17,70,3997963.1063514883,0.33299667437767344,3997963.1063514883,0.11597491810806802,0.0,3672101.4897796432
train_OOF,2003-01-01,5,History-conditioned,Separate,oil_cum,18,70,4302997.946500948,0.34456249415684087,4302997.946500948,0.12311032942582403,0.0,3946781.4850490503
train_OOF,2003-01-01,5,History-conditioned,Separate,oil_cum,19,70,4609335.404180563,0.35554757758403566,4609335.404180563,0.13011327395797825,0.0,4220728.5547813
train_OOF,2003-01-01,5,History-conditioned,Separate,oil_cum,20,70,4913839.24478587,0.36593751016449694,4913839.24478587,0.1369250619328935,0.0,4491084.020203773
train_OOF,2003-01-01,5,History-conditioned,Separate,water_cum,1,70,9326.216806793462,0.019098761612540916,9326.216806793462,0.0026803987886341502,0.0,1092.248364964633
train_OOF,2003-01-01,5,History-conditioned,Separate,water_cum,2,70,45205.963165412984,0.04569640948283723,45205.963165412984,0.01136165664492472,0.0,26447.102071522568
train_OOF,2003-01-01,5,History-conditioned,Separate,water_cum,3,70,114000.28446462523,0.07601419405772172,114000.28446462523,0.025404136974514067,0.0,80049.60016243852
train_OOF,2003-01-01,5,History-conditioned,Separate,water_cum,4,70,205643.4324979463,0.10156581608032919,205643.4324979463,0.04104251817969301,0.0,151157.5255749482
train_OOF,2003-01-01,5,History-conditioned,Separate,water_cum,5,70,317011.4389438207,0.12391769261539881,317011.4389438207,0.05720191950283062,0.0,238545.468686366
train_OOF,2003-01-01,5,History-conditioned,Separate,water_cum,6,70,448790.5850361536,0.1445453255720102,448790.5850361536,0.07373519519813111,0.0,343622.85826891084
train_OOF,2003-01-01,5,History-conditioned,Separate,water_cum,7,70,601565.3758842556,0.16388207987946965,601565.3758842556,0.09045589324606686,0.0,467616.6503139958
train_OOF,2003-01-01,5,History-conditioned,Separate,water_cum,8,70,772380.5986398396,0.18170924978785288,772380.5986398396,0.10685398085606453,0.0,608417.2612901544
train_OOF,2003-01-01,5,History-conditioned,Separate,water_cum,9,70,956247.1678496043,0.19792324891563073,956247.1678496043,0.12247982678418858,0.0,762096.4893441126
train_OOF,2003-01-01,5,History-conditioned,Separate,water_cum,10,70,1159444.7011812273,0.21348849292628275,1159444.7011812273,0.13794249180461887,0.0,934169.9715540529
train_OOF,2003-01-01,5,History-conditioned,Separate,water_cum,11,70,1382536.9394651854,0.22856474525539575,1382536.9394651854,0.15324777663246095,0.0,1125626.6480193431
train_OOF,2003-01-01,5,History-conditioned,Separate,water_cum,12,70,1623559.2998072738,0.24313480605736382,1623559.2998072738,0.16826156692395758,0.0,1334862.1118219597
train_OOF,2003-01-01,5,History-conditioned,Separate,water_cum,13,70,1876580.2151182983,0.2569557375260661,1876580.2151182983,0.18266613636110393,0.0,1556478.7867533315
train_OOF,2003-01-01,5,History-conditioned,Separate,water_cum,14,70,2148422.749092616,0.27033878717175447,2148422.749092616,0.19681216601924986,0.0,1795863.555082944
train_OOF,2003-01-01,5,History-conditioned,Separate,water_cum,15,70,2439235.1473599332,0.2833039267704365,2439235.1473599332,0.21068255081299572,0.0,2053075.0920816932
train_OOF,2003-01-01,5,History-conditioned,Separate,water_cum,16,70,2746179.7628153414,0.2958028049911869,2746179.7628153414,0.22416764834998354,0.0,2325776.365721015
train_OOF,2003-01-01,5,History-conditioned,Separate,water_cum,17,70,3062529.8844099226,0.3077069623910216,3062529.8844099226,0.23706545128421444,0.0,2607987.5145064457
train_OOF,2003-01-01,5,History-conditioned,Separate,water_cum,18,70,3397050.3328918135,0.3192707930989092,3397050.3328918135,0.24969449477972802,0.0,2907223.850517293
train_OOF,2003-01-01,5,History-conditioned,Separate,water_cum,19,70,3750289.904786958,0.33055418512305706,3750289.904786958,0.2620868611857734,0.0,3224000.8057069113
train_OOF,2003-01-01,5,History-conditioned,Separate,water_cum,20,70,4118753.5801577037,0.3414945509833085,4118753.5801577037,0.2741457608338611,0.0,3555187.159348102
train_OOF,2003-01-01,5,Input-only PolyRidge,Constant,gas_cum,1,70,19158.755596942978,0.050760278231256395,23523.221742064597,0.0027511525444294644,17230.848210020344,18384.698621378986
train_OOF,2003-01-01,5,Input-only PolyRidge,Constant,gas_cum,2,70,65395.60522264704,0.08935397603553633,65573.3158361693,0.007364633223580665,17230.848210020344,63869.39032267787
train_OOF,2003-01-01,5,Input-only PolyRidge,Constant,gas_cum,3,70,134013.90133043562,0.12545074887030389,133312.1210313632,0.014428634125128242,17230.848210020344,131584.06081818294
train_OOF,2003-01-01,5,Input-only PolyRidge,Constant,gas_cum,4,70,219043.8031401679,0.1577920849062594,218059.56173064822,0.022812826114842973,17230.848210020344,215658.7098851164
train_OOF,2003-01-01,5,Input-only PolyRidge,Constant,gas_cum,5,70,317820.04499791365,0.18807095221245634,316707.5556055649,0.03212131586617249,17230.848210020344,313470.48730070115
train_OOF,2003-01-01,5,Input-only PolyRidge,Constant,gas_cum,6,70,430652.1112223905,0.21777598656813038,429474.91985682613,0.04232631336477437,17230.848210020344,425342.9790020012
train_OOF,2003-01-01,5,Input-only PolyRidge,Constant,gas_cum,7,70,558802.7306469305,0.24790045062454674,557601.0514919081,0.0534981119850123,17230.848210020344,552591.2852117924
train_OOF,2003-01-01,5,Input-only PolyRidge,Constant,gas_cum,8,70,700384.6496060448,0.27822507015450243,699183.359533016,0.06543351944660614,17230.848210020344,693356.3057072988
train_OOF,2003-01-01,5,Input-only PolyRidge,Constant,gas_cum,9,70,852882.5228260736,0.3089256669939492,851698.6726601621,0.07793568557107439,17230.848210020344,845175.3829001078
train_OOF,2003-01-01,5,Input-only PolyRidge,Constant,gas_cum,10,70,1023180.0093911929,0.34209792696199276,1022023.7848444368,0.09159891786794871,17230.848210020344,1014903.1031728348
train_OOF,2003-01-01,5,Input-only PolyRidge,Constant,gas_cum,11,70,1209478.9298132951,0.3768490370482352,1208354.150564745,0.10622571433777962,17230.848210020344,1200721.395096908
train_OOF,2003-01-01,5,Input-only PolyRidge,Constant,gas_cum,12,70,1406312.3789135984,0.4114971687007071,1405215.9657915444,0.12132146455041201,17230.848210020344,1397121.21559241
train_OOF,2003-01-01,5,Input-only PolyRidge,Constant,gas_cum,13,70,1606332.4591703487,0.4445069371639497,1605259.2601186426,0.13629427941895275,17230.848210020344,1596738.6784994998
train_OOF,2003-01-01,5,Input-only PolyRidge,Constant,gas_cum,14,70,1813959.3011767427,0.4765049934818555,1812905.8513709875,0.151453695190217,17230.848210020344,1803967.0416293673
train_OOF,2003-01-01,5,Input-only PolyRidge,Constant,gas_cum,15,70,2028426.096206541,0.5074248205888434,2027388.2181972845,0.16672896307342744,17230.848210020344,2018018.6192677263
train_OOF,2003-01-01,5,Input-only PolyRidge,Constant,gas_cum,16,70,2247593.784304458,0.5372471734846687,2246568.1706662746,0.18198371407617384,17230.848210020344,2236752.6254775138
train_OOF,2003-01-01,5,Input-only PolyRidge,Constant,gas_cum,17,70,2466480.737170822,0.5655636303810836,2465464.5822685533,0.19689804769445113,17230.848210020344,2455188.3883846025
train_OOF,2003-01-01,5,Input-only PolyRidge,Constant,gas_cum,18,70,2692164.248608856,0.5934690416722109,2691155.878349996,0.2119718893948194,17230.848210020344,2680393.3515144694
train_OOF,2003-01-01,5,Input-only PolyRidge,Constant,gas_cum,19,70,2924662.6203884296,0.6210581660654245,2923660.5994939487,0.22720879174748806,17230.848210020344,2912376.414867111
train_OOF,2003-01-01,5,Input-only PolyRidge,Constant,gas_cum,20,70,3161455.336421836,0.6481397283856216,3160458.4694875097,0.24245222020706678,17230.848210020344,3148615.2496483293
train_OOF,2003-01-01,5,Input-only PolyRidge,Constant,oil_cum,1,70,53705.83788062931,0.05170523814997144,66935.29098699192,0.00284348569147416,49098.484265864005,51586.37359969983
train_OOF,2003-01-01,5,Input-only PolyRidge,Constant,oil_cum,2,70,181889.76525128307,0.09030619690756649,182949.26847902546,0.007463433465809929,49098.484265864005,177711.75992193585
train_OOF,2003-01-01,5,Input-only PolyRidge,Constant,oil_cum,3,70,371459.8082442959,0.12634094711057592,369849.801357127,0.014540080735599552,49098.484265864005,364835.6732524263
train_OOF,2003-01-01,5,Input-only PolyRidge,Constant,oil_cum,4,70,606168.7946577657,0.1586484227633693,603661.8057142567,0.022939544702058456,49098.484265864005,596982.9580114887
train_OOF,2003-01-01,5,Input-only PolyRidge,Constant,oil_cum,5,70,878596.7581005073,0.18888331816780998,875662.0870584648,0.032259511719543776,49098.484265864005,866822.0871908696
train_OOF,2003-01-01,5,Input-only PolyRidge,Constant,oil_cum,6,70,1189597.32562455,0.21853426455572628,1186432.9830424234,0.042471668575652266,49098.484265864005,1175237.302084537
train_OOF,2003-01-01,5,Input-only PolyRidge,Constant,oil_cum,7,70,1542850.6622616805,0.2486351745758968,1539583.7163499505,0.05365372698437718,49098.484265864005,1526056.0154150247
train_OOF,2003-01-01,5,Input-only PolyRidge,Constant,oil_cum,8,70,1933127.5882648593,0.2789521719958717,1929836.6224913208,0.06560098533239801,49098.484265864005,1914129.6144597926
train_OOF,2003-01-01,5,Input-only PolyRidge,Constant,oil_cum,9,70,2353433.471894056,0.30964698958569314,2350171.649281012,0.07811406900255814,49098.484265864005,2332604.559488061
train_OOF,2003-01-01,5,Input-only PolyRidge,Constant,oil_cum,10,70,2822790.6328848875,0.34282386731351927,2819589.9376269323,0.09178965643236875,49098.484265864005,2800420.8600960076
train_OOF,2003-01-01,5,Input-only PolyRidge,Constant,oil_cum,11,70,3336373.006185537,0.3776073295766602,3333248.3631896363,0.1064346177250582,49098.484265864005,3312691.6019979194
train_OOF,2003-01-01,5,Input-only PolyRidge,Constant,oil_cum,12,70,3879049.602621222,0.41230041471827666,3875996.28377416,0.12155146638202288,49098.484265864005,3854174.0581855467
train_OOF,2003-01-01,5,Input-only PolyRidge,Constant,oil_cum,13,70,4430448.617810585,0.4453470584080321,4427454.582919074,0.1365434032156282,49098.484265864005,4404463.774642385
train_OOF,2003-01-01,5,Input-only PolyRidge,Constant,oil_cum,14,70,5002647.54112727,0.4773593003025984,4999703.977541801,0.15171656276625603,49098.484265864005,4975574.503821759
train_OOF,2003-01-01,5,Input-only PolyRidge,Constant,oil_cum,15,70,5593554.051419922,0.5082750210518666,5590649.962117247,0.16700088655835824,49098.484265864005,5565354.302866533
train_OOF,2003-01-01,5,Input-only PolyRidge,Constant,oil_cum,16,70,6197493.41583127,0.5381062107588699,6194620.1662712535,0.18226756544932693,49098.484265864005,6168103.816197018
train_OOF,2003-01-01,5,Input-only PolyRidge,Constant,oil_cum,17,70,6800758.226807641,0.5664459157153734,6797908.606038197,0.1971971408737903,49098.484265864005,6770123.189796717
train_OOF,2003-01-01,5,Input-only PolyRidge,Constant,oil_cum,18,70,7422775.788484933,0.594378656705412,7419945.436394826,0.21228732580247014,49098.484265864005,7390818.347547523
train_OOF,2003-01-01,5,Input-only PolyRidge,Constant,oil_cum,19,70,8063553.8776666215,0.6219935840039849,8060739.006790875,0.22754020932021926,49098.484265864005,8030174.860878009
train_OOF,2003-01-01,5,Input-only PolyRidge,Constant,oil_cum,20,70,8716124.868664876,0.6490967396026542,8713322.389354963,0.24279837991641223,49098.484265864005,8681220.174208494
train_OOF,2003-01-01,5,Input-only PolyRidge,Constant,water_cum,1,70,21607.89214365995,0.04424988069124097,40183.712383703045,0.011548988858766733,28457.404130341576,-16274.111808748467
train_OOF,2003-01-01,5,Input-only PolyRidge,Constant,water_cum,2,70,52218.95706335684,0.05278548841006759,61099.50832856824,0.015356196089944959,28457.404130341576,-42505.025951086136
train_OOF,2003-01-01,5,Input-only PolyRidge,Constant,water_cum,3,70,92124.3545301765,0.061427553409940626,94606.17971119747,0.021082301323243943,28457.404130341576,-75158.40849844126
train_OOF,2003-01-01,5,Input-only PolyRidge,Constant,water_cum,4,70,148888.12852869637,0.07353477859712834,148004.52469351358,0.029538888364309995,28457.404130341576,-123923.66961722502
train_OOF,2003-01-01,5,Input-only PolyRidge,Constant,water_cum,5,70,220814.61763568845,0.08631498599649957,218376.62876212367,0.039404137533233366,28457.404130341576,-187528.94804527875
train_OOF,2003-01-01,5,Input-only PolyRidge,Constant,water_cum,6,70,306949.79074351245,0.09886160475872549,303799.94753109687,0.04991358816179903,28457.404130341576,-265061.11575904756
train_OOF,2003-01-01,5,Input-only PolyRidge,Constant,water_cum,7,70,407517.93676642305,0.1110185022987782,404099.98659031425,0.060763512517687766,28457.404130341576,-357195.8090206925
train_OOF,2003-01-01,5,Input-only PolyRidge,Constant,water_cum,8,70,521584.55534102966,0.12270730054438311,518156.8801537526,0.07168373396469122,28457.404130341576,-463587.8165680514
train_OOF,2003-01-01,5,Input-only PolyRidge,Constant,water_cum,9,70,645844.6301743337,0.1336763880684481,642544.0803469283,0.08229952496390036,28457.404130341576,-581199.8015910866
train_OOF,2003-01-01,5,Input-only PolyRidge,Constant,water_cum,10,70,783176.9344562269,0.1442063284789223,780057.4985554459,0.09280569827262264,28457.404130341576,-712492.3371619963
train_OOF,2003-01-01,5,Input-only PolyRidge,Constant,water_cum,11,70,932853.989251682,0.15422194396937453,929938.9570403628,0.10307939954607909,28457.404130341576,-856863.0947093525
train_OOF,2003-01-01,5,Input-only PolyRidge,Constant,water_cum,12,70,1092794.2813264295,0.1636505212236088,1090085.4313470586,0.11297368859961399,28457.404130341576,-1012169.409399566
train_OOF,2003-01-01,5,Input-only PolyRidge,Constant,water_cum,13,70,1259073.6788484522,0.17240201252349152,1256561.6890369314,0.1223135930916173,28457.404130341576,-1174413.4158511711
train_OOF,2003-01-01,5,Input-only PolyRidge,Constant,water_cum,14,70,1438286.438125933,0.18098142530503694,1435968.9684507162,0.1315458808731084,28457.404130341576,-1350018.1657077924
train_OOF,2003-01-01,5,Input-only PolyRidge,Constant,water_cum,15,70,1630814.506500712,0.1894102559262886,1628688.096037508,0.14067367097564637,28457.404130341576,-1539283.101826573
train_OOF,2003-01-01,5,Input-only PolyRidge,Constant,water_cum,16,70,1834041.3256527726,0.19755246031005172,1832101.1884818268,0.14955241478443493,28457.404130341576,-1739603.5093739284
train_OOF,2003-01-01,5,Input-only PolyRidge,Constant,water_cum,17,70,2042397.6305653811,0.20520941659871597,2040630.7125295396,0.15796190046434538,28457.404130341576,-1945317.315825536
train_OOF,2003-01-01,5,Input-only PolyRidge,Constant,water_cum,18,70,2263741.4875783073,0.2127570890286977,2262144.9129252494,0.1662751728116331,28457.404130341576,-2164263.0228250176
train_OOF,2003-01-01,5,Input-only PolyRidge,Constant,water_cum,19,70,2497982.3063476817,0.22017458028314188,2496549.1111487327,0.17446990418045383,28457.404130341576,-2396256.930372371
train_OOF,2003-01-01,5,Input-only PolyRidge,Constant,water_cum,20,70,2742282.7282267413,0.22736844793448807,2741003.232231387,0.1824421883766531,28457.404130341576,-2638383.952205437
train_OOF,2003-01-01,5,Input-only PolyRidge,Liquid-WC-time,gas_cum,1,70,8747.64129034724,0.023176489909193455,15802.852488439737,0.0018482186798022611,17230.848210020344,6301.304436104585
train_OOF,2003-01-01,5,Input-only PolyRidge,Liquid-WC-time,gas_cum,2,70,19805.692524038386,0.027061717207676503,19864.372493272145,0.002230996187458929,17230.848210020344,12559.788593846866
train_OOF,2003-01-01,5,Input-only PolyRidge,Liquid-WC-time,gas_cum,3,70,28836.94784935243,0.026994339146319383,25240.898129309764,0.00273187225047424,17230.848210020344,11326.665918239485
train_OOF,2003-01-01,5,Input-only PolyRidge,Liquid-WC-time,gas_cum,4,70,37940.8035654556,0.027331330134827435,32497.63408646234,0.003399818240825442,17230.848210020344,-4151.117891879965
train_OOF,2003-01-01,5,Input-only PolyRidge,Liquid-WC-time,gas_cum,5,70,59387.64461271586,0.03514281445665816,54554.6247313185,0.005533073972941858,17230.848210020344,-35404.57029108184
train_OOF,2003-01-01,5,Input-only PolyRidge,Liquid-WC-time,gas_cum,6,70,99736.36570042055,0.050435571708860226,96268.14413430859,0.009487575286194556,17230.848210020344,-82812.15726052565
train_OOF,2003-01-01,5,Input-only PolyRidge,Liquid-WC-time,gas_cum,7,70,158385.83644220227,0.07026436714278675,156006.17455436633,0.014967754767198433,17230.848210020344,-146393.00571433283
train_OOF,2003-01-01,5,Input-only PolyRidge,Liquid-WC-time,gas_cum,8,70,233190.64643926852,0.0926340747208451,231601.21654232705,0.02167454716971763,17230.848210020344,-224860.21252521515
train_OOF,2003-01-01,5,Input-only PolyRidge,Liquid-WC-time,gas_cum,9,70,318619.03180678235,0.11540815327265075,317603.67651123006,0.029062696776883504,17230.848210020344,-312997.5910918437
train_OOF,2003-01-01,5,Input-only PolyRidge,Liquid-WC-time,gas_cum,10,70,412846.39945583435,0.13803426191995283,412274.6631507874,0.03695013126796582,17230.848210020344,-409184.88453187054
train_OOF,2003-01-01,5,Input-only PolyRidge,Liquid-WC-time,gas_cum,11,70,515816.75923232944,0.16071801187975351,515607.2102870927,0.04532673157522415,17230.848210020344,-513432.5693449784
train_OOF,2003-01-01,5,Input-only PolyRidge,Liquid-WC-time,gas_cum,12,70,627593.7562920263,0.1836384701441052,627679.7833894504,0.05419169184190016,17230.848210020344,-625790.0918025273
train_OOF,2003-01-01,5,Input-only PolyRidge,Liquid-WC-time,gas_cum,13,70,745703.4136186185,0.20635226445683258,746026.4898688195,0.06334125919112059,17230.848210020344,-743824.6425675843
train_OOF,2003-01-01,5,Input-only PolyRidge,Liquid-WC-time,gas_cum,14,70,873691.9135326525,0.22950821404479932,874213.2783434554,0.07303348449636368,17230.848210020344,-871151.6911951376
train_OOF,2003-01-01,5,Input-only PolyRidge,Liquid-WC-time,gas_cum,15,70,1010581.1539993085,0.25280386685892403,1011265.7856138151,0.08316478033839458,17230.848210020344,-1006854.0669356874
train_OOF,2003-01-01,5,Input-only PolyRidge,Liquid-WC-time,gas_cum,16,70,1152878.7269831237,0.2755750802336198,1153696.927552216,0.09345545554130935,17230.848210020344,-1147535.1242415952
train_OOF,2003-01-01,5,Input-only PolyRidge,Liquid-WC-time,gas_cum,17,70,1295695.4837191803,0.29710276289493764,1296621.5673190663,0.10355137812149451,17230.848210020344,-1288441.0882798026
train_OOF,2003-01-01,5,Input-only PolyRidge,Liquid-WC-time,gas_cum,18,70,1442428.1182529791,0.3179733307367828,1443445.6134831207,0.11369460104119937,17230.848210020344,-1432978.4513578624
train_OOF,2003-01-01,5,Input-only PolyRidge,Liquid-WC-time,gas_cum,19,70,1592037.069717739,0.33807236976132105,1593132.475188247,0.12380838762333084,17230.848210020344,-1580166.4020828279
train_OOF,2003-01-01,5,Input-only PolyRidge,Liquid-WC-time,gas_cum,20,70,1741926.0509445996,0.35711764278944286,1743087.78129754,0.13371968234087528,17230.848210020344,-1727493.0345615207
train_OOF,2003-01-01,5,Input-only PolyRidge,Liquid-WC-time,oil_cum,1,70,24297.49510224722,0.023392387499880787,45476.85407803381,0.0019319073982852755,49098.484265864005,17542.556173310695
train_OOF,2003-01-01,5,Input-only PolyRidge,Liquid-WC-time,oil_cum,2,70,54875.661396031835,0.027245140905079256,56668.4339672212,0.0023117943572126807,49098.484265864005,34902.79687676829
train_OOF,2003-01-01,5,Input-only PolyRidge,Liquid-WC-time,oil_cum,3,70,79647.21701435561,0.02708961941233056,71232.56574380549,0.0028003996571536248,49098.484265864005,31442.012663760248
train_OOF,2003-01-01,5,Input-only PolyRidge,Liquid-WC-time,oil_cum,4,70,104428.55795245098,0.02733137396154348,90668.35054029863,0.003445456811401453,49098.484265864005,-11236.880380047432
train_OOF,2003-01-01,5,Input-only PolyRidge,Liquid-WC-time,oil_cum,5,70,163341.6536350267,0.035115669673426664,150781.31704986372,0.0055548044575025254,49098.484265864005,-97451.29396503008
train_OOF,2003-01-01,5,Input-only PolyRidge,Liquid-WC-time,oil_cum,6,70,274644.67429280473,0.050453435475919864,265532.47918026417,0.00950547364495531,49098.484265864005,-228258.1133973228
train_OOF,2003-01-01,5,Input-only PolyRidge,Liquid-WC-time,oil_cum,7,70,436338.0850752116,0.07031723718337886,430067.10126198595,0.01498762463581952,49098.484265864005,-403511.16553457855
train_OOF,2003-01-01,5,Input-only PolyRidge,Liquid-WC-time,oil_cum,8,70,642476.3507126576,0.0927099559156062,638300.1138712037,0.021697751985697504,49098.484265864005,-619690.7447485498
train_OOF,2003-01-01,5,Input-only PolyRidge,Liquid-WC-time,oil_cum,9,70,877878.1251404943,0.11550456892844067,875237.6338403829,0.02909079979088307,49098.484265864005,-862496.4120856645
train_OOF,2003-01-01,5,Input-only PolyRidge,Liquid-WC-time,oil_cum,10,70,1137473.9096668968,0.13814457230280047,1136027.6479772432,0.03698253640146878,49098.484265864005,-1127422.1375553643
train_OOF,2003-01-01,5,Input-only PolyRidge,Liquid-WC-time,oil_cum,11,70,1420983.7626244412,0.16082550811363655,1420519.879034602,0.04535890333452842,49098.484265864005,-1414379.3053147725
train_OOF,2003-01-01,5,Input-only PolyRidge,Liquid-WC-time,oil_cum,12,70,1728639.9657846992,0.18373546301393198,1728983.4655473034,0.05422102091978986,49098.484265864005,-1723574.0186093908
train_OOF,2003-01-01,5,Input-only PolyRidge,Liquid-WC-time,oil_cum,13,70,2053747.5634720156,0.20644194640427013,2054741.1700015133,0.06336854434637493,49098.484265864005,-2048427.2370622447
train_OOF,2003-01-01,5,Input-only PolyRidge,Liquid-WC-time,oil_cum,14,70,2406182.5769100892,0.22960115056502278,2407720.419884548,0.0730625388718739,49098.484265864005,-2398995.9163259044
train_OOF,2003-01-01,5,Input-only PolyRidge,Liquid-WC-time,oil_cum,15,70,2783245.197036173,0.2529079004353159,2785231.1783956797,0.08319892663891743,49098.484265864005,-2772739.268749186
train_OOF,2003-01-01,5,Input-only PolyRidge,Liquid-WC-time,oil_cum,16,70,3175102.2499215174,0.27568278428708315,3177454.868654605,0.09349192487832444,49098.484265864005,-3160105.782314936
train_OOF,2003-01-01,5,Input-only PolyRidge,Liquid-WC-time,oil_cum,17,70,3568262.195744962,0.29720620548072224,3570911.1468091677,0.10358678076954994,49098.484265864005,-3547983.1588883223
train_OOF,2003-01-01,5,Input-only PolyRidge,Liquid-WC-time,oil_cum,18,70,3972156.521558382,0.31807037216052175,3975056.5882292725,0.11372780841346611,49098.484265864005,-3945821.8360780315
train_OOF,2003-01-01,5,Input-only PolyRidge,Liquid-WC-time,oil_cum,19,70,4383968.643166868,0.33816359509629895,4387082.663993253,0.1238394775999014,49098.484265864005,-4350960.990888545
train_OOF,2003-01-01,5,Input-only PolyRidge,Liquid-WC-time,oil_cum,20,70,4796575.428809098,0.3572047806808327,4799871.584512732,0.13374933147777024,49098.484265864005,-4756507.391719517
train_OOF,2003-01-01,5,Input-only PolyRidge,Liquid-WC-time,water_cum,1,70,22887.44263704513,0.04687021757066796,37376.99098780887,0.01074232386422058,28457.404130341576,18766.935265154887
train_OOF,2003-01-01,5,Input-only PolyRidge,Liquid-WC-time,water_cum,2,70,106311.22053026789,0.10746460700760412,106051.62642842943,0.02665405361913677,28457.404130341576,102309.4382518228
train_OOF,2003-01-01,5,Input-only PolyRidge,Liquid-WC-time,water_cum,3,70,266340.49788174574,0.17759305063572497,262853.39354980347,0.05857497325830916,28457.404130341576,261260.06534577734
train_OOF,2003-01-01,5,Input-only PolyRidge,Liquid-WC-time,water_cum,4,70,494565.3884936803,0.2442622974985954,490309.93095015915,0.09785653745546627,28457.404130341576,488340.2545937142
train_OOF,2003-01-01,5,Input-only PolyRidge,Liquid-WC-time,water_cum,5,70,788752.5460690602,0.3083181978512772,784376.801436745,0.14153387904599782,28457.404130341576,781796.6735525652
train_OOF,2003-01-01,5,Input-only PolyRidge,Liquid-WC-time,water_cum,6,70,1151641.0907421268,0.3709176216119053,1147369.5607281823,0.18851001189757835,28457.404130341576,1144494.6561081298
train_OOF,2003-01-01,5,Input-only PolyRidge,Liquid-WC-time,water_cum,7,70,1586242.397677601,0.4321337526154749,1582168.3140983593,0.23790672444706515,28457.404130341576,1579450.883135727
train_OOF,2003-01-01,5,Input-only PolyRidge,Liquid-WC-time,water_cum,8,70,2084412.8844935987,0.49037624994265344,2080568.775648048,0.28783355837047425,28457.404130341576,2078331.1691347098
train_OOF,2003-01-01,5,Input-only PolyRidge,Liquid-WC-time,water_cum,9,70,2628291.2814034666,0.5440015583855992,2624675.338053814,0.3361785441858925,28457.404130341576,2622996.7188304137
train_OOF,2003-01-01,5,Input-only PolyRidge,Liquid-WC-time,water_cum,10,70,3230113.518625065,0.5947606353019941,3226714.2433641003,0.383891532401361,28457.404130341576,3225454.170138956
train_OOF,2003-01-01,5,Input-only PolyRidge,Liquid-WC-time,water_cum,11,70,3885700.013546304,0.6423944332935224,3882500.339228806,0.43035706878960583,28457.404130341576,3881330.3202280556
train_OOF,2003-01-01,5,Input-only PolyRidge,Liquid-WC-time,water_cum,12,70,4582308.161741483,0.6862198420053665,4579286.031270505,0.4745855868067346,28457.404130341576,4577720.133461382
train_OOF,2003-01-01,5,Input-only PolyRidge,Liquid-WC-time,water_cum,13,70,5296973.176526491,0.7253021417708763,5294103.754354932,0.5153275466254812,28457.404130341576,5291615.830836279
train_OOF,2003-01-01,5,Input-only PolyRidge,Liquid-WC-time,water_cum,14,70,6045404.655735203,0.7607010134686856,6042669.807885087,0.5535553623844635,28457.404130341576,6038698.2950831605
train_OOF,2003-01-01,5,Input-only PolyRidge,Liquid-WC-time,water_cum,15,70,6822601.751012664,0.7924081730885003,6819985.408960844,0.5890583874303533,28457.404130341576,6813975.351561435
train_OOF,2003-01-01,5,Input-only PolyRidge,Liquid-WC-time,water_cum,16,70,7615856.458316343,0.8203365756619999,7613344.278644219,0.6214689606746024,28457.404130341576,7604789.772505538
train_OOF,2003-01-01,5,Input-only PolyRidge,Liquid-WC-time,water_cum,17,70,8403869.097545689,0.8443767505752217,8401446.414149283,0.6503422858824436,28457.404130341576,8389969.331707519
train_OOF,2003-01-01,5,Input-only PolyRidge,Liquid-WC-time,water_cum,18,70,9207722.614749666,0.8653851470441286,9205380.170728924,0.6766260507623414,28457.404130341576,9190565.110167915
train_OOF,2003-01-01,5,Input-only PolyRidge,Liquid-WC-time,water_cum,19,70,10024876.349769577,0.8836023125912805,10022605.49125029,0.700424042085969,28457.404130341576,10004085.555044677
train_OOF,2003-01-01,5,Input-only PolyRidge,Liquid-WC-time,water_cum,20,70,10844269.320549827,0.8991212536248494,10842061.801528027,0.7216516413865762,28457.404130341576,10819568.892122464
train_OOF,2003-01-01,5,Input-only PolyRidge,Liquid-WC-volume,gas_cum,1,70,8586.072389305722,0.022748420229569046,15789.15066902204,0.0018466161869223465,17230.848210020344,6205.134756699271
train_OOF,2003-01-01,5,Input-only PolyRidge,Liquid-WC-volume,gas_cum,2,70,19067.12605007173,0.026052569103751422,19383.328610556026,0.0021769694585147556,17230.848210020344,12139.00804393221
train_OOF,2003-01-01,5,Input-only PolyRidge,Liquid-WC-volume,gas_cum,3,70,27126.95217240153,0.025393607907926923,23752.65481879133,0.0025707967379813568,17230.848210020344,10304.031836996613
train_OOF,2003-01-01,5,Input-only PolyRidge,Liquid-WC-volume,gas_cum,4,70,35707.5915001293,0.02572259625249908,30541.404330832986,0.00319516255454566,17230.848210020344,-6075.935462887345
train_OOF,2003-01-01,5,Input-only PolyRidge,Liquid-WC-volume,gas_cum,5,70,58377.77556500295,0.034545221458977655,54052.154900978596,0.005482112157071347,17230.848210020344,-38519.53145353065
train_OOF,2003-01-01,5,Input-only PolyRidge,Liquid-WC-volume,gas_cum,6,70,100877.26575106423,0.051012512185012335,97920.52627480053,0.009650423548207467,17230.848210020344,-87390.73964438829
train_OOF,2003-01-01,5,Input-only PolyRidge,Liquid-WC-volume,gas_cum,7,70,161935.94755831873,0.07183929528323019,159995.9926024741,0.015350551270480477,17230.848210020344,-152682.5209831774
train_OOF,2003-01-01,5,Input-only PolyRidge,Liquid-WC-volume,gas_cum,8,70,239285.01391565448,0.0950550384293138,238068.19309905721,0.022279763284369123,17230.848210020344,-233027.9152610963
train_OOF,2003-01-01,5,Input-only PolyRidge,Liquid-WC-volume,gas_cum,9,70,327284.4999704677,0.11854690387503264,326591.62111529766,0.02988514918532156,17230.848210020344,-323092.60551546793
train_OOF,2003-01-01,5,Input-only PolyRidge,Liquid-WC-volume,gas_cum,10,70,424132.8828643455,0.14180787217553237,423846.3423913861,0.03798724342922064,17230.848210020344,-421247.03374396294
train_OOF,2003-01-01,5,Input-only PolyRidge,Liquid-WC-volume,gas_cum,11,70,529722.939221112,0.16505089475072765,529768.5042303439,0.04657164273340245,17230.848210020344,-527436.4417782953
train_OOF,2003-01-01,5,Input-only PolyRidge,Liquid-WC-volume,gas_cum,12,70,644017.2688310252,0.18844410864324115,644332.855249359,0.05562946021095603,17230.848210020344,-641634.8451384325
train_OOF,2003-01-01,5,Input-only PolyRidge,Liquid-WC-volume,gas_cum,13,70,764430.5658510226,0.21153447255647367,764961.4709005934,0.06494893071163649,17230.848210020344,-761335.8607525871
train_OOF,2003-01-01,5,Input-only PolyRidge,Liquid-WC-volume,gas_cum,14,70,894548.263271253,0.2349869228503387,895258.1924065433,0.07479161771514328,17230.848210020344,-890190.4261548189
train_OOF,2003-01-01,5,Input-only PolyRidge,Liquid-WC-volume,gas_cum,15,70,1033361.3476332563,0.25850248988951047,1034217.6474272896,0.08505230246485139,17230.848210020344,-1027266.2681524334
train_OOF,2003-01-01,5,Input-only PolyRidge,Liquid-WC-volume,gas_cum,16,70,1177350.9308606584,0.28142472372968186,1178326.2667325488,0.0954505601981823,17230.848210020344,-1169149.3038684358
train_OOF,2003-01-01,5,Input-only PolyRidge,Liquid-WC-volume,gas_cum,17,70,1321607.0939411372,0.30304429088877033,1322678.054320564,0.10563231307276849,17230.848210020344,-1311072.5484509491
train_OOF,2003-01-01,5,Input-only PolyRidge,Liquid-WC-volume,gas_cum,18,70,1469595.1537258872,0.32396211634505795,1470746.770870905,0.11584500710303706,17230.848210020344,-1456490.9836463665
train_OOF,2003-01-01,5,Input-only PolyRidge,Liquid-WC-volume,gas_cum,19,70,1620287.477870674,0.34407140245512674,1621507.5375895537,0.1260135217093723,17230.848210020344,-1604433.6402047244
train_OOF,2003-01-01,5,Input-only PolyRidge,Liquid-WC-volume,gas_cum,20,70,1771094.414456113,0.3630975391321198,1772372.5164860697,0.13596623901396024,17230.848210020344,-1752394.0606355108
train_OOF,2003-01-01,5,Input-only PolyRidge,Liquid-WC-volume,oil_cum,1,70,23851.598688536847,0.022963101203065956,45439.7600095822,0.0019303316009543696,49098.484265864005,17277.85239667073
train_OOF,2003-01-01,5,Input-only PolyRidge,Liquid-WC-volume,oil_cum,2,70,52842.42396086936,0.02623566167503048,55383.89513648244,0.0022593914688208796,49098.484265864005,33744.610520363705
train_OOF,2003-01-01,5,Input-only PolyRidge,Liquid-WC-volume,oil_cum,3,70,74948.87459859654,0.02549161872024382,67243.05703053586,0.0026435582080749326,49098.484265864005,28627.23702831343
train_OOF,2003-01-01,5,Input-only PolyRidge,Liquid-WC-volume,oil_cum,4,70,98293.51686368756,0.025725691516490696,85387.05694204284,0.0032447641894149783,49098.484265864005,-16534.90209779654
train_OOF,2003-01-01,5,Input-only PolyRidge,Liquid-WC-volume,oil_cum,5,70,160609.07608484375,0.03452821210535494,149467.0861038269,0.005506388008700591,49098.484265864005,-106025.17272422298
train_OOF,2003-01-01,5,Input-only PolyRidge,Liquid-WC-volume,oil_cum,6,70,277868.2892621833,0.051045627734064125,270165.8626951393,0.009671338495174694,49098.484265864005,-240860.59848272667
train_OOF,2003-01-01,5,Input-only PolyRidge,Liquid-WC-volume,oil_cum,7,70,446204.4896291987,0.07190723891116821,441142.65146682813,0.015373602053339368,49098.484265864005,-420822.9851212326
train_OOF,2003-01-01,5,Input-only PolyRidge,Liquid-WC-volume,oil_cum,8,70,659348.6973835328,0.09514465178311099,656196.8653243223,0.022306116712478348,49098.484265864005,-642172.2701081838
train_OOF,2003-01-01,5,Input-only PolyRidge,Liquid-WC-volume,oil_cum,9,70,901828.6862348437,0.11865580274504178,900074.9087491424,0.02991633123946977,49098.484265864005,-890282.8601924444
train_OOF,2003-01-01,5,Input-only PolyRidge,Liquid-WC-volume,oil_cum,10,70,1168638.4204281378,0.1419294573657013,1167976.5574683547,0.03802260942288342,49098.484265864005,-1160623.1230863715
train_OOF,2003-01-01,5,Input-only PolyRidge,Liquid-WC-volume,oil_cum,11,70,1459354.4332163667,0.1651682618852983,1459592.38654253,0.04660653535801985,49098.484265864005,-1452924.8836234566
train_OOF,2003-01-01,5,Input-only PolyRidge,Liquid-WC-volume,oil_cum,12,70,1773932.3547243888,0.1885495470438956,1774907.4789546404,0.05566120062150361,49098.484265864005,-1767186.6210542682
train_OOF,2003-01-01,5,Input-only PolyRidge,Liquid-WC-volume,oil_cum,13,70,2105374.4702383475,0.2116314640008998,2106939.9417005572,0.0649783627641539,49098.484265864005,-2096626.7826884568
train_OOF,2003-01-01,5,Input-only PolyRidge,Liquid-WC-volume,oil_cum,14,70,2463666.790411495,0.23508637088284132,2465723.4967810903,0.07482264856959583,49098.484265864005,-2451399.949385273
train_OOF,2003-01-01,5,Input-only PolyRidge,Liquid-WC-volume,oil_cum,15,70,2846023.6101243882,0.2586124487315669,2848481.9655107213,0.08508832010753044,49098.484265864005,-2828923.76383671
train_OOF,2003-01-01,5,Input-only PolyRidge,Liquid-WC-volume,oil_cum,16,70,3242534.3835508707,0.28153767552714265,3245319.4200756773,0.09548873924882928,49098.484265864005,-3219598.7178427754
train_OOF,2003-01-01,5,Input-only PolyRidge,Liquid-WC-volume,oil_cum,17,70,3639651.4546785406,0.3031523298392491,3642699.1378925666,0.10566924280473311,49098.484265864005,-3610276.153014551
train_OOF,2003-01-01,5,Input-only PolyRidge,Liquid-WC-volume,oil_cum,18,70,4046996.3555048793,0.324063170708766,4050265.605796658,0.11587956564031827,49098.484265864005,-4010539.9741945635
train_OOF,2003-01-01,5,Input-only PolyRidge,Liquid-WC-volume,oil_cum,19,70,4461785.964097428,0.34416614373397153,4465243.156848272,0.1260458081720511,49098.484265864005,-4417756.449126603
train_OOF,2003-01-01,5,Input-only PolyRidge,Liquid-WC-volume,oil_cum,20,70,4876915.68864326,0.3631877836211259,4880532.257128847,0.13599695640877094,49098.484265864005,-4825047.343276832
train_OOF,2003-01-01,5,Input-only PolyRidge,Liquid-WC-volume,water_cum,1,70,23099.627099168225,0.04730474108046052,37660.15449166228,0.010823706393539564,28457.404130341576,19031.639041794868
train_OOF,2003-01-01,5,Input-only PolyRidge,Liquid-WC-volume,water_cum,2,70,107264.58062609973,0.10842831025100853,107237.36815953678,0.02695206718803486,28457.404130341576,103467.6246082273
train_OOF,2003-01-01,5,Input-only PolyRidge,Liquid-WC-volume,water_cum,3,70,268722.9746187722,0.1791816611368026,265488.8547665369,0.05916226668529785,28457.404130341576,264074.8409812243
train_OOF,2003-01-01,5,Input-only PolyRidge,Liquid-WC-volume,water_cum,4,70,499205.17679499666,0.24655385565602828,495209.6776883789,0.0988344337205526,28457.404130341576,493638.2763114629
train_OOF,2003-01-01,5,Input-only PolyRidge,Liquid-WC-volume,water_cum,5,70,796507.4666691512,0.3113495454593652,792394.0386648489,0.14298051882683666,28457.404130341576,790370.5523117583
train_OOF,2003-01-01,5,Input-only PolyRidge,Liquid-WC-volume,water_cum,6,70,1163369.2888045684,0.3746950096940819,1159358.8449226245,0.19047982196008634,28457.404130341576,1157097.1411935342
train_OOF,2003-01-01,5,Input-only PolyRidge,Liquid-WC-volume,water_cum,7,70,1602768.7871850051,0.43663597164925905,1598951.6207306876,0.24043038863039407,28457.404130341576,1596762.7027223806
train_OOF,2003-01-01,5,Input-only PolyRidge,Liquid-WC-volume,water_cum,8,70,2106361.2214311794,0.49553978699425993,2102767.591923889,0.2909046244919475,28457.404130341576,2100812.694494343
train_OOF,2003-01-01,5,Input-only PolyRidge,Liquid-WC-volume,water_cum,9,70,2655940.2832865743,0.5497243259565456,2652566.793907323,0.33975098946630966,28457.404130341576,2650783.166937191
train_OOF,2003-01-01,5,Input-only PolyRidge,Liquid-WC-volume,water_cum,10,70,3263698.3928147536,0.6009446164513932,3260532.160595308,0.38791494789134734,28457.404130341576,3258655.1556699625
train_OOF,2003-01-01,5,Input-only PolyRidge,Liquid-WC-volume,water_cum,11,70,3925253.5757813402,0.6489335351562848,3922276.5569642093,0.4347660771544436,28457.404130341576,3919875.8985367385
train_OOF,2003-01-01,5,Input-only PolyRidge,Liquid-WC-volume,water_cum,12,70,4627614.359969788,0.6930046349727333,4624804.04284902,0.47930295804927125,28457.404130341576,4621332.735906255
train_OOF,2003-01-01,5,Input-only PolyRidge,Liquid-WC-volume,water_cum,13,70,5347560.426436595,0.7322289355233335,5344892.113822795,0.520271280616372,28457.404130341576,5339815.376462489
train_OOF,2003-01-01,5,Input-only PolyRidge,Liquid-WC-volume,water_cum,14,70,6100894.3481990015,0.7676833525672324,6098349.993986398,0.5586560987435354,28457.404130341576,6091102.328142525
train_OOF,2003-01-01,5,Input-only PolyRidge,Liquid-WC-volume,water_cum,15,70,6882552.319826672,0.7993711063569522,6880116.112476206,0.59425201954594,28457.404130341576,6870159.846648956
train_OOF,2003-01-01,5,Input-only PolyRidge,Liquid-WC-volume,water_cum,16,70,7679759.89664336,0.8272198891878174,7677417.959776656,0.6266992251369187,28457.404130341576,7664282.708033376
train_OOF,2003-01-01,5,Input-only PolyRidge,Liquid-WC-volume,water_cum,17,70,8471158.50116114,0.8511376374135889,8468896.89620994,0.6555635178614185,28457.404130341576,8452262.325833742
train_OOF,2003-01-01,5,Input-only PolyRidge,Liquid-WC-volume,water_cum,18,70,9277982.238376068,0.8719884774513459,9275792.183024101,0.6818015677884615,28457.404130341576,9255283.248284444
train_OOF,2003-01-01,5,Input-only PolyRidge,Liquid-WC-volume,water_cum,19,70,10097713.378109686,0.8900222388265878,10095586.717924811,0.7055242932959349,28457.404130341576,10070881.013282731
train_OOF,2003-01-01,5,Input-only PolyRidge,Liquid-WC-volume,water_cum,20,70,10919300.235284276,0.9053422251004303,10917229.308661226,0.7266548184477848,28457.404130341576,10888108.843679775
train_OOF,2003-01-01,5,Input-only PolyRidge,Separate,gas_cum,1,70,15689.681192198437,0.04156911854978623,20337.753253912193,0.002378596870190805,17230.848210020344,14324.431917161375
train_OOF,2003-01-01,5,Input-only PolyRidge,Separate,gas_cum,2,70,50630.71977303126,0.06917981882511383,50065.38917309987,0.005622915720426785,17230.848210020344,47027.036588613424
train_OOF,2003-01-01,5,Input-only PolyRidge,Separate,gas_cum,3,70,100121.08497629299,0.09372359854679307,98256.01684943763,0.01063444274042749,17230.848210020344,93188.57055300292
train_OOF,2003-01-01,5,Input-only PolyRidge,Separate,gas_cum,4,70,158504.88568225026,0.11418180300506356,156114.33848631516,0.016332277427582715,17230.848210020344,147266.21053049617
train_OOF,2003-01-01,5,Input-only PolyRidge,Separate,gas_cum,5,70,223708.17236332063,0.13237997305788002,221010.47900372345,0.02241546587746751,17230.848210020344,207323.19613240616
train_OOF,2003-01-01,5,Input-only PolyRidge,Separate,gas_cum,6,70,295913.6002446059,0.14964021899086394,293011.11033171514,0.028877309248687043,17230.848210020344,273615.172830877
train_OOF,2003-01-01,5,Input-only PolyRidge,Separate,gas_cum,7,70,375835.5146943018,0.166731099086725,372799.75373048615,0.035767656678007506,17230.848210020344,347037.60018983006
train_OOF,2003-01-01,5,Input-only PolyRidge,Separate,gas_cum,8,70,462077.02017313795,0.1835582938986006,458957.14056642825,0.0429517959387219,17230.848210020344,426395.98896703194
train_OOF,2003-01-01,5,Input-only PolyRidge,Separate,gas_cum,9,70,553512.0804904349,0.20048961501534548,550351.0377890528,0.05036051694301103,17230.848210020344,511000.5484416368
train_OOF,2003-01-01,5,Input-only PolyRidge,Separate,gas_cum,10,70,655074.1982327081,0.2190225797658434,651906.4908528754,0.05842714230207892,17230.848210020344,605771.4063160615
train_OOF,2003-01-01,5,Input-only PolyRidge,Separate,gas_cum,11,70,764977.983133661,0.2383515819920258,761819.3863151307,0.0669711015349863,17230.848210020344,708843.877271639
train_OOF,2003-01-01,5,Input-only PolyRidge,Separate,gas_cum,12,70,878862.2079229157,0.25716143558212334,875709.534941766,0.07560571889748631,17230.848210020344,815676.505727021
train_OOF,2003-01-01,5,Input-only PolyRidge,Separate,gas_cum,13,70,991690.1152163364,0.27442210559466174,988533.8218708788,0.08393130522928552,17230.848210020344,921243.4406917292
train_OOF,2003-01-01,5,Input-only PolyRidge,Separate,gas_cum,14,70,1105328.1901645763,0.29035623991564086,1102158.4794130023,0.09207647174071075,17230.848210020344,1027075.3682522542
train_OOF,2003-01-01,5,Input-only PolyRidge,Separate,gas_cum,15,70,1219044.3725234338,0.30495238311830386,1215850.8268867228,0.09998950659733302,17230.848210020344,1132339.5851742914
train_OOF,2003-01-01,5,Input-only PolyRidge,Separate,gas_cum,16,70,1331848.7713309599,0.31835467463174894,1328624.6844359569,0.10762551425948126,17230.848210020344,1236136.2352623367
train_OOF,2003-01-01,5,Input-only PolyRidge,Separate,gas_cum,17,70,1441414.4602072134,0.3305161004150677,1438156.0155164872,0.11485466624496109,17230.848210020344,1336332.9466577333
train_OOF,2003-01-01,5,Input-only PolyRidge,Separate,gas_cum,18,70,1551384.6940876446,0.3419920564433952,1548088.7286122665,0.12193693252579718,17230.848210020344,1436298.9041076135
train_OOF,2003-01-01,5,Input-only PolyRidge,Separate,gas_cum,19,70,1661768.3854294259,0.3528799591055845,1658432.5330310287,0.12888310363040348,17230.848210020344,1535999.6993919204
train_OOF,2003-01-01,5,Input-only PolyRidge,Separate,gas_cum,20,70,1771439.169293919,0.3631682183868165,1768062.367788546,0.135635589163242,17230.848210020344,1634400.999637885
train_OOF,2003-01-01,5,Input-only PolyRidge,Separate,oil_cum,1,70,43417.93415593827,0.04180056980960487,57579.67341302851,0.0024460486397455124,49098.484265864005,39626.78017621072
train_OOF,2003-01-01,5,Input-only PolyRidge,Separate,oil_cum,2,70,139758.30046501395,0.06938840447577828,138798.2166227357,0.005662286947354618,49098.484265864005,129776.28025431735
train_OOF,2003-01-01,5,Input-only PolyRidge,Separate,oil_cum,3,70,275914.8464591146,0.09384418515767909,271079.5306679624,0.010657078217204928,49098.484265864005,256772.51213603825
train_OOF,2003-01-01,5,Input-only PolyRidge,Separate,oil_cum,4,70,436486.05700743967,0.11423851757583256,430065.04852217383,0.01634275402548356,49098.484265864005,405549.6129126438
train_OOF,2003-01-01,5,Input-only PolyRidge,Separate,oil_cum,5,70,615703.0621584284,0.13236565729879646,608347.556159503,0.022411607636694465,49098.484265864005,570673.2872510131
train_OOF,2003-01-01,5,Input-only PolyRidge,Separate,oil_cum,6,70,814073.1452253563,0.1495488198016833,806090.7129626388,0.02885625913321078,49098.484265864005,752832.0647984545
train_OOF,2003-01-01,5,Input-only PolyRidge,Separate,oil_cum,7,70,1033736.4226720271,0.166589834131937,1025344.4838331424,0.03573274542741128,49098.484265864005,954689.5610104689
train_OOF,2003-01-01,5,Input-only PolyRidge,Separate,oil_cum,8,70,1270830.0595862805,0.183382001018065,1262176.4835991235,0.042905197270322916,49098.484265864005,1172935.2715135852
train_OOF,2003-01-01,5,Input-only PolyRidge,Separate,oil_cum,9,70,1522209.6123278753,0.20028083632055613,1513420.262069566,0.05030245974473336,49098.484265864005,1405613.0389732495
train_OOF,2003-01-01,5,Input-only PolyRidge,Separate,oil_cum,10,70,1801510.2048715032,0.21879082644100747,1792685.474364552,0.05835954426823901,49098.484265864005,1666311.9982758106
train_OOF,2003-01-01,5,Input-only PolyRidge,Separate,oil_cum,11,70,2103958.282933531,0.23812387502425592,2095148.0812655108,0.06690059089791174,49098.484265864005,1950016.930440022
train_OOF,2003-01-01,5,Input-only PolyRidge,Separate,oil_cum,12,70,2417478.4561551022,0.25695143711792734,2408678.985571254,0.07553631151954128,49098.484265864005,2244157.1845788686
train_OOF,2003-01-01,5,Input-only PolyRidge,Separate,oil_cum,13,70,2728061.4242741107,0.27422372659346883,2719248.5262733432,0.08386205685742897,49098.484265864005,2534781.360881781
train_OOF,2003-01-01,5,Input-only PolyRidge,Separate,oil_cum,14,70,3040710.1159017766,0.29014861459195046,3031856.754419082,0.09200202404908765,49098.484265864005,2825997.6271015094
train_OOF,2003-01-01,5,Input-only PolyRidge,Separate,oil_cum,15,70,3353430.721753595,0.3047195137521925,3344508.0870113256,0.0999053454280235,49098.484265864005,3115530.129393546
train_OOF,2003-01-01,5,Input-only PolyRidge,Separate,oil_cum,16,70,3663769.0390813905,0.3181119756706213,3654759.200427877,0.10753590113443419,49098.484265864005,3401103.9847104233
train_OOF,2003-01-01,5,Input-only PolyRidge,Separate,oil_cum,17,70,3965330.8877396705,0.3302786852451481,3956224.004234677,0.11476412930858883,49098.484265864005,3676876.937735372
train_OOF,2003-01-01,5,Input-only PolyRidge,Separate,oil_cum,18,70,4268051.396042812,0.3417641496682443,4258838.947149841,0.12184692446379047,49098.484265864005,3952049.0299555873
train_OOF,2003-01-01,5,Input-only PolyRidge,Separate,oil_cum,19,70,4571902.417506147,0.3526601314412028,4562577.9008999,0.1287933934761999,49098.484265864005,4226486.626430466
train_OOF,2003-01-01,5,Input-only PolyRidge,Separate,oil_cum,20,70,4873764.414545283,0.3629531057369271,4864325.0042280685,0.13554533823474216,49098.484265864005,4497321.713050711
train_OOF,2003-01-01,5,Input-only PolyRidge,Separate,water_cum,1,70,14882.409202580544,0.03047705103459811,33776.0139686777,0.009707386049677408,28457.404130341576,406.5566075795097
train_OOF,2003-01-01,5,Input-only PolyRidge,Separate,water_cum,2,70,45576.639819355914,0.04607110766374589,46539.32575104114,0.011696771900088377,28457.404130341576,24522.907247716936
train_OOF,2003-01-01,5,Input-only PolyRidge,Separate,water_cum,3,70,109014.65907161449,0.07268983133438989,101365.02097873947,0.022588460103075015,28457.404130341576,76327.64695166347
train_OOF,2003-01-01,5,Input-only PolyRidge,Separate,water_cum,4,70,195638.08396860296,0.09662424621735276,185291.5868789274,0.03698067684752583,28457.404130341576,145100.54855405347
train_OOF,2003-01-01,5,Input-only PolyRidge,Separate,water_cum,5,70,302097.0943059176,0.11808777310032631,290671.48271665926,0.05244910660486708,28457.404130341576,229661.0948377598
train_OOF,2003-01-01,5,Input-only PolyRidge,Separate,water_cum,6,70,428862.65790629433,0.13812698969108086,416955.125909085,0.06850470714596435,28457.404130341576,331406.47548363806
train_OOF,2003-01-01,5,Input-only PolyRidge,Separate,water_cum,7,70,576380.8789036792,0.15702116681606687,564269.1038184504,0.08484774533778389,28457.404130341576,451528.8021321882
train_OOF,2003-01-01,5,Input-only PolyRidge,Separate,water_cum,8,70,741669.5806202014,0.17448421584163923,729493.8470518572,0.10092086945835328,28457.404130341576,587962.2193952977
train_OOF,2003-01-01,5,Input-only PolyRidge,Separate,water_cum,9,70,919820.9150087774,0.19038377319170097,907657.4027199869,0.11625626219058767,28457.404130341576,736898.6952378391
train_OOF,2003-01-01,5,Input-only PolyRidge,Separate,water_cum,10,70,1116892.706633785,0.20565339636869287,1104781.843711881,0.13143909344435178,28457.404130341576,903712.5062977141
train_OOF,2003-01-01,5,Input-only PolyRidge,Separate,water_cum,11,70,1333361.3503354092,0.22043490388813414,1321328.0647816716,0.14646305812862698,28457.404130341576,1089385.9867846859
train_OOF,2003-01-01,5,Input-only PolyRidge,Separate,water_cum,12,70,1567298.95537102,0.23470958380964374,1555356.4876748133,0.16119320050248448,28457.404130341576,1292378.5839197102
train_OOF,2003-01-01,5,Input-only PolyRidge,Separate,water_cum,13,70,1812933.2061174738,0.2482407015220741,1801085.6902376278,0.17531750662214018,28457.404130341576,1507451.336188265
train_OOF,2003-01-01,5,Input-only PolyRidge,Separate,water_cum,14,70,2076822.9824693832,0.26132929680079253,2065067.7573245503,0.18917620308536334,28457.404130341576,1739788.0480638845
train_OOF,2003-01-01,5,Input-only PolyRidge,Separate,water_cum,15,70,2359126.6238484653,0.27399975644346153,2347461.2404370545,0.20275581983360916,28457.404130341576,1989440.783522682
train_OOF,2003-01-01,5,Input-only PolyRidge,Separate,water_cum,16,70,2657098.6042709067,0.2862074911934134,2645523.1850536643,0.21595116207573464,28457.404130341576,2254155.134737974
train_OOF,2003-01-01,5,Input-only PolyRidge,Separate,water_cum,17,70,2964222.142849994,0.2978295154185308,2952734.923579999,0.22856640215807222,28457.404130341576,2528145.7694540834
train_OOF,2003-01-01,5,Input-only PolyRidge,Separate,water_cum,18,70,3288987.683890495,0.3091145562845874,3277586.6038652705,0.2409135134751643,28457.404130341576,2818667.6044740183
train_OOF,2003-01-01,5,Input-only PolyRidge,Separate,water_cum,19,70,3631954.650162017,0.32012400114876005,3620636.693941286,0.25302612083345394,28457.404130341576,3126229.495699413
train_OOF,2003-01-01,5,Input-only PolyRidge,Separate,water_cum,20,70,3989773.758106624,0.33080056175573397,3978535.6445434913,0.26481280320641315,28457.404130341576,3447800.4239957873
train_OOF,2004-01-01,3,History-conditioned,Constant,gas_cum,1,70,11656.09241018067,0.03863176566164435,11656.09241018067,0.0011821916447708847,0.0,11555.172767857142
train_OOF,2004-01-01,3,History-conditioned,Constant,gas_cum,2,70,37468.22083989274,0.0635768070065711,37468.22083989274,0.003692629262306068,0.0,37171.05982142857
train_OOF,2004-01-01,3,History-conditioned,Constant,gas_cum,3,70,77745.67581350128,0.0897766996241747,77745.67581350128,0.007459180465841558,0.0,77214.88660714286
train_OOF,2004-01-01,3,History-conditioned,Constant,gas_cum,4,70,131538.26239759306,0.11648872141033334,131538.26239759306,0.012310091956871374,0.0,130775.42767857143
train_OOF,2004-01-01,3,History-conditioned,Constant,gas_cum,5,70,198247.1300067145,0.14442295986509432,198247.1300067145,0.018140836055683455,0.0,197285.775
train_OOF,2004-01-01,3,History-conditioned,Constant,gas_cum,6,70,281891.35145949293,0.17587297533153395,281891.35145949293,0.02526452234568434,0.0,280756.890625
train_OOF,2004-01-01,3,History-conditioned,Constant,gas_cum,7,70,380653.7241090812,0.20898835128040374,380653.7241090812,0.03346304867652016,0.0,379370.703125
train_OOF,2004-01-01,3,History-conditioned,Constant,gas_cum,8,70,489980.3970575619,0.2414211953884669,489980.3970575619,0.04230320521481617,0.0,488566.04419642856
train_OOF,2004-01-01,3,History-conditioned,Constant,gas_cum,9,70,604397.1616457739,0.27153899361323924,604397.1616457739,0.05131624384666859,0.0,602874.7772321429
train_OOF,2004-01-01,3,History-conditioned,Constant,gas_cum,10,70,725456.7943751065,0.29990526138756646,725456.7943751065,0.06060607732379987,0.0,723846.5357142857
train_OOF,2004-01-01,3,History-conditioned,Constant,gas_cum,11,70,852377.8814431062,0.3266165789898037,852377.8814431062,0.07009810900750962,0.0,850693.6339285715
train_OOF,2004-01-01,3,History-conditioned,Constant,gas_cum,12,70,983965.2168593354,0.35193841053345043,983965.2168593354,0.07970630360739216,0.0,982223.1607142857
train_OOF,2004-01-01,3,History-conditioned,Constant,oil_cum,1,70,31996.05163486717,0.03851574702347297,31996.05163486717,0.0011787389427369494,0.0,31718.549455915178
train_OOF,2004-01-01,3,History-conditioned,Constant,oil_cum,2,70,102829.96591633819,0.06336776652855244,102829.96591633819,0.0036810846414981795,0.0,102013.18462611607
train_OOF,2004-01-01,3,History-conditioned,Constant,oil_cum,3,70,213550.6748595206,0.08955669576999777,213550.6748595206,0.007442134834607357,0.0,212094.6085658482
train_OOF,2004-01-01,3,History-conditioned,Constant,oil_cum,4,70,361513.2908316601,0.11627016640075252,361513.2908316601,0.012288930478839707,0.0,359430.91821986606
train_OOF,2004-01-01,3,History-conditioned,Constant,oil_cum,5,70,545009.6917161231,0.144192910666416,545009.6917161231,0.018114815008852873,0.0,542401.9931919643
train_OOF,2004-01-01,3,History-conditioned,Constant,oil_cum,6,70,775158.1140406509,0.17563828343501076,775158.1140406509,0.025234696726304073,0.0,772097.7140764509
train_OOF,2004-01-01,3,History-conditioned,Constant,oil_cum,7,70,1047082.587517612,0.20878486105591876,1047082.587517612,0.03343460276160088,0.0,1043631.1665876117
train_OOF,2004-01-01,3,History-conditioned,Constant,oil_cum,8,70,1348175.5749141753,0.24126125295916825,1348175.5749141753,0.042278863567866365,0.0,1344376.3333844866
train_OOF,2004-01-01,3,History-conditioned,Constant,oil_cum,9,70,1663243.7062360765,0.27140780213205,1663243.7062360765,0.051294700323434014,0.0,1659162.1797851562
train_OOF,2004-01-01,3,History-conditioned,Constant,oil_cum,10,70,1996460.222831407,0.2997714710363621,1996460.222831407,0.06058280331557935,0.0,1992152.3292410714
train_OOF,2004-01-01,3,History-conditioned,Constant,oil_cum,11,70,2345694.14145305,0.32645770981164557,2345694.14145305,0.07006931284766973,0.0,2341194.8388950895
train_OOF,2004-01-01,3,History-conditioned,Constant,oil_cum,12,70,2707868.062080664,0.3517732779077019,2707868.062080664,0.07967502542299014,0.0,2703207.0628348216
train_OOF,2004-01-01,3,History-conditioned,Constant,water_cum,1,70,9698.575614900692,0.018162088370798385,9698.575614900692,0.0017500224706843476,0.0,-8476.983600725447
train_OOF,2004-01-01,3,History-conditioned,Constant,water_cum,2,70,34276.194555752714,0.03170352186682677,34276.194555752714,0.005631494912073404,0.0,-30880.85648716518
train_OOF,2004-01-01,3,History-conditioned,Constant,water_cum,3,70,73205.39378258125,0.04443221792968869,73205.39378258125,0.011007713459737976,0.0,-67281.44948381696
train_OOF,2004-01-01,3,History-conditioned,Constant,water_cum,4,70,126211.57037724782,0.05664772117546554,126211.57037724782,0.017460574163376787,0.0,-117939.35676618303
train_OOF,2004-01-01,3,History-conditioned,Constant,water_cum,5,70,191300.8009309509,0.06809726059109811,191300.8009309509,0.024502544686631152,0.0,-181028.85239955358
train_OOF,2004-01-01,3,History-conditioned,Constant,water_cum,6,70,269281.2446166401,0.07898685269923998,269281.2446166401,0.032037169035164216,0.0,-257193.09314313615
train_OOF,2004-01-01,3,History-conditioned,Constant,water_cum,7,70,359438.83454345755,0.08924862951781123,359438.83454345755,0.039842119698050175,0.0,-345829.75042550225
train_OOF,2004-01-01,3,History-conditioned,Constant,water_cum,8,70,460260.8451744076,0.09884176496009453,460260.8451744076,0.04770026632965236,0.0,-445401.96485072543
train_OOF,2004-01-01,3,History-conditioned,Constant,water_cum,9,70,568972.5237294493,0.10771225266778381,568972.5237294493,0.05538373034521907,0.0,-553123.4819126674
train_OOF,2004-01-01,3,History-conditioned,Constant,water_cum,10,70,690242.163980765,0.11646471095577868,690242.163980765,0.06323152900342537,0.0,-673599.9369419643
train_OOF,2004-01-01,3,History-conditioned,Constant,water_cum,11,70,824415.3331576479,0.12510713222150016,824415.3331576479,0.0712067163786933,0.0,-807130.7727957589
train_OOF,2004-01-01,3,History-conditioned,Constant,water_cum,12,70,969498.4493157876,0.1334705729539457,969498.4493157876,0.07913909730340167,0.0,-951717.080078125
train_OOF,2004-01-01,3,History-conditioned,Liquid-WC-time,gas_cum,1,70,2909.5923261568846,0.009643256501367183,2909.5923261568846,0.00029509853016160465,0.0,2353.9934149557193
train_OOF,2004-01-01,3,History-conditioned,Liquid-WC-time,gas_cum,2,70,5359.836314796515,0.009094674669201741,5359.836314796515,0.0005282313377451788,0.0,377.1606497956972
train_OOF,2004-01-01,3,History-conditioned,Liquid-WC-time,gas_cum,3,70,12107.21113934217,0.013980783450266508,12107.21113934217,0.0011616063772220402,0.0,-6028.442214238857
train_OOF,2004-01-01,3,History-conditioned,Liquid-WC-time,gas_cum,4,70,24122.858850509052,0.021362917017741918,24122.858850509052,0.0022575530898743933,0.0,-17321.93888504992
train_OOF,2004-01-01,3,History-conditioned,Liquid-WC-time,gas_cum,5,70,39717.81619413465,0.0289344142028206,39717.81619413465,0.0036344253359085837,0.0,-31720.25171168066
train_OOF,2004-01-01,3,History-conditioned,Liquid-WC-time,gas_cum,6,70,57097.5313234609,0.035623344476339934,57097.5313234609,0.005117368264532511,0.0,-47172.77340377912
train_OOF,2004-01-01,3,History-conditioned,Liquid-WC-time,gas_cum,7,70,77615.40471473052,0.04261278542133626,77615.40471473052,0.006823125327607632,0.0,-65512.669085498
train_OOF,2004-01-01,3,History-conditioned,Liquid-WC-time,gas_cum,8,70,103711.5043340106,0.051100320547949545,103711.5043340106,0.00895409097450797,0.0,-89658.06874626412
train_OOF,2004-01-01,3,History-conditioned,Liquid-WC-time,gas_cum,9,70,136524.38880773017,0.061336646650635124,136524.38880773017,0.011591581284064524,0.0,-120947.68623121182
train_OOF,2004-01-01,3,History-conditioned,Liquid-WC-time,gas_cum,10,70,178458.7607556355,0.07377520164715212,178458.7607556355,0.014908793380013701,0.0,-161668.87046151358
train_OOF,2004-01-01,3,History-conditioned,Liquid-WC-time,gas_cum,11,70,230122.54849547168,0.08817901211931317,230122.54849547168,0.018924887471517764,0.0,-212259.58171419654
train_OOF,2004-01-01,3,History-conditioned,Liquid-WC-time,gas_cum,12,70,290279.8029920613,0.10382543074141386,290279.8029920613,0.023514174802061964,0.0,-271337.575402054
train_OOF,2004-01-01,3,History-conditioned,Liquid-WC-time,oil_cum,1,70,7889.155895969563,0.00949669466049933,7889.155895969563,0.0002906375882256804,0.0,6346.219178012014
train_OOF,2004-01-01,3,History-conditioned,Liquid-WC-time,oil_cum,2,70,14732.315492855414,0.009078617504704529,14732.315492855414,0.0005273842095656987,0.0,640.8995964880501
train_OOF,2004-01-01,3,History-conditioned,Liquid-WC-time,oil_cum,3,70,33669.54495488652,0.014119989066869506,33669.54495488652,0.0011733669000998158,0.0,-17186.190153794363
train_OOF,2004-01-01,3,History-conditioned,Liquid-WC-time,oil_cum,4,70,67008.0875809769,0.021551189654225766,67008.0875809769,0.002277807623360862,0.0,-48421.89570820002
train_OOF,2004-01-01,3,History-conditioned,Liquid-WC-time,oil_cum,5,70,110138.57036722136,0.02913930023497545,110138.57036722136,0.003660741924165524,0.0,-88216.3789716002
train_OOF,2004-01-01,3,History-conditioned,Liquid-WC-time,oil_cum,6,70,158123.47795816808,0.0358282210252268,158123.47795816808,0.005147592393483666,0.0,-130877.55104181873
train_OOF,2004-01-01,3,History-conditioned,Liquid-WC-time,oil_cum,7,70,214641.8295015438,0.042798882421979205,214641.8295015438,0.0068537710310139915,0.0,-181333.8341334723
train_OOF,2004-01-01,3,History-conditioned,Liquid-WC-time,oil_cum,8,70,286434.486247256,0.05125856329738645,286434.486247256,0.008982601962619416,0.0,-247687.83777850287
train_OOF,2004-01-01,3,History-conditioned,Liquid-WC-time,oil_cum,9,70,376711.89107637183,0.061471777112820924,376711.89107637183,0.011617854610594213,0.0,-333742.303620355
train_OOF,2004-01-01,3,History-conditioned,Liquid-WC-time,oil_cum,10,70,492226.335905144,0.0739085162377332,492226.335905144,0.014936661874784493,0.0,-445897.3127950362
train_OOF,2004-01-01,3,History-conditioned,Liquid-WC-time,oil_cum,11,70,634663.1983250029,0.0883280946844031,634663.1983250029,0.018958317459406668,0.0,-585342.074403088
train_OOF,2004-01-01,3,History-conditioned,Liquid-WC-time,oil_cum,12,70,800425.8727280073,0.10398159235103699,800425.8727280073,0.023551351209416236,0.0,-748069.9597691899
train_OOF,2004-01-01,3,History-conditioned,Liquid-WC-time,water_cum,1,70,9166.277624416169,0.017165277753791376,9166.277624416169,0.001653973990841921,0.0,7789.409823452635
train_OOF,2004-01-01,3,History-conditioned,Liquid-WC-time,water_cum,2,70,37518.9855789244,0.034702918312235806,37518.9855789244,0.006164277544001945,0.0,34230.50930874565
train_OOF,2004-01-01,3,History-conditioned,Liquid-WC-time,water_cum,3,70,85745.78833824319,0.052043645381009015,85745.78833824319,0.0128933814796487,0.0,80184.03880432916
train_OOF,2004-01-01,3,History-conditioned,Liquid-WC-time,water_cum,4,70,152626.93355656462,0.06850376673181137,152626.93355656462,0.02111497293574274,0.0,144589.33178149324
train_OOF,2004-01-01,3,History-conditioned,Liquid-WC-time,water_cum,5,70,235689.83911637185,0.08389840667094055,235689.83911637185,0.0301880639653896,0.0,224997.46060227606
train_OOF,2004-01-01,3,History-conditioned,Liquid-WC-time,water_cum,6,70,337739.9515653037,0.09906748553140265,337739.9515653037,0.04018189953641198,0.0,324037.15824226703
train_OOF,2004-01-01,3,History-conditioned,Liquid-WC-time,water_cum,7,70,459198.3777065602,0.11401891489873991,459198.3777065602,0.05090000014320444,0.0,442021.1800812364
train_OOF,2004-01-01,3,History-conditioned,Liquid-WC-time,water_cum,8,70,598398.5789262117,0.1285070679176861,598398.5789262117,0.062016510605523364,0.0,577169.2532970189
train_OOF,2004-01-01,3,History-conditioned,Liquid-WC-time,water_cum,9,70,750369.9976939688,0.1420526289321654,750369.9976939688,0.07304094288951413,0.0,724548.7642737175
train_OOF,2004-01-01,3,History-conditioned,Liquid-WC-time,water_cum,10,70,917004.7570873186,0.15472641277565413,917004.7570873186,0.08400473908989084,0.0,885748.8162156659
train_OOF,2004-01-01,3,History-conditioned,Liquid-WC-time,water_cum,11,70,1096865.354469914,0.16645211874608518,1096865.354469914,0.09473887379338526,0.0,1059193.3689492962
train_OOF,2004-01-01,3,History-conditioned,Liquid-WC-time,water_cum,12,70,1286858.4587103042,0.17716143426109845,1286858.4587103042,0.1050448475203372,0.0,1241719.5934113804
train_OOF,2004-01-01,3,History-conditioned,Liquid-WC-volume,gas_cum,1,70,3435.8253876846825,0.01138734977044555,3435.8253876846825,0.0003484704756342575,0.0,3003.1095787088784
train_OOF,2004-01-01,3,History-conditioned,Liquid-WC-volume,gas_cum,2,70,6050.838389717956,0.010267180450731836,6050.838389717956,0.0005963321022056145,0.0,3104.3593997900507
train_OOF,2004-01-01,3,History-conditioned,Liquid-WC-volume,gas_cum,3,70,10177.662220936701,0.011752639803108757,10177.662220936701,0.0009764789929726347,0.0,431.5472725403096
train_OOF,2004-01-01,3,History-conditioned,Liquid-WC-volume,gas_cum,4,70,17072.149004714254,0.015118892199401962,17072.149004714254,0.0015977079240579064,0.0,-5341.343868389167
train_OOF,2004-01-01,3,History-conditioned,Liquid-WC-volume,gas_cum,5,70,26207.640553243902,0.019092256314892263,26207.640553243902,0.002398160874594131,0.0,-12505.695902232454
train_OOF,2004-01-01,3,History-conditioned,Liquid-WC-volume,gas_cum,6,70,36164.21426665521,0.022562976588934906,36164.21426665521,0.003241218982858079,0.0,-18739.068684533024
train_OOF,2004-01-01,3,History-conditioned,Liquid-WC-volume,gas_cum,7,70,47529.366543006436,0.026094803024647267,47529.366543006436,0.004178279116841168,0.0,-25794.17186651472
train_OOF,2004-01-01,3,History-conditioned,Liquid-WC-volume,gas_cum,8,70,61919.08209886445,0.030508524233691638,61919.08209886445,0.00534587843201734,0.0,-36707.88870560599
train_OOF,2004-01-01,3,History-conditioned,Liquid-WC-volume,gas_cum,9,70,80507.55456632635,0.036169826287198045,80507.55456632635,0.006835480978062378,0.0,-53238.670744704694
train_OOF,2004-01-01,3,History-conditioned,Liquid-WC-volume,gas_cum,10,70,105522.14604485521,0.04362306209981675,105522.14604485521,0.008815526151459595,0.0,-77319.37418128936
train_OOF,2004-01-01,3,History-conditioned,Liquid-WC-volume,gas_cum,11,70,138077.1358469802,0.05290878931618693,138077.1358469802,0.011355229095878851,0.0,-109473.97783995915
train_OOF,2004-01-01,3,History-conditioned,Liquid-WC-volume,gas_cum,12,70,177640.88185730253,0.06353745898271623,177640.88185730253,0.014389835961475025,0.0,-148666.26099807414
train_OOF,2004-01-01,3,History-conditioned,Liquid-WC-volume,oil_cum,1,70,9333.775871204287,0.011235678524700967,9333.775871204287,0.00034385758679604235,0.0,8133.0965815056115
train_OOF,2004-01-01,3,History-conditioned,Liquid-WC-volume,oil_cum,2,70,16472.199339323335,0.010150800621632525,16472.199339323335,0.0005896681911672741,0.0,8148.287411970273
train_OOF,2004-01-01,3,History-conditioned,Liquid-WC-volume,oil_cum,3,70,28081.21252301747,0.011776411422866588,28081.21252301747,0.0009786162935473564,0.0,596.7512200606188
train_OOF,2004-01-01,3,History-conditioned,Liquid-WC-volume,oil_cum,4,70,47374.064552377546,0.01523648094904991,47374.064552377546,0.0016103877797824168,0.0,-15441.952971644327
train_OOF,2004-01-01,3,History-conditioned,Liquid-WC-volume,oil_cum,5,70,72754.03922870311,0.019248495648017793,72754.03922870311,0.0024181697716693894,0.0,-35322.965964945404
train_OOF,2004-01-01,3,History-conditioned,Liquid-WC-volume,oil_cum,6,70,100295.99495139578,0.022725449259434382,100295.99495139578,0.0032650616301601013,0.0,-52605.912415340914
train_OOF,2004-01-01,3,History-conditioned,Liquid-WC-volume,oil_cum,7,70,131661.9346825553,0.02625296138695305,131661.9346825553,0.004204123473556507,0.0,-71997.74780552764
train_OOF,2004-01-01,3,History-conditioned,Liquid-WC-volume,oil_cum,8,70,171307.52353885322,0.03065614637985634,171307.52353885322,0.00537221379070697,0.0,-101927.99022176217
train_OOF,2004-01-01,3,History-conditioned,Liquid-WC-volume,oil_cum,9,70,222481.7293000133,0.03630452767532293,222481.7293000133,0.006861371901841872,0.0,-147354.82761761558
train_OOF,2004-01-01,3,History-conditioned,Liquid-WC-volume,oil_cum,10,70,291443.97264722805,0.04376074584708547,291443.97264722805,0.008843899152349465,0.0,-213702.51011704834
train_OOF,2004-01-01,3,History-conditioned,Liquid-WC-volume,oil_cum,11,70,381298.91941359144,0.05306658263140303,381298.91941359144,0.011389956090489773,0.0,-302397.0404916275
train_OOF,2004-01-01,3,History-conditioned,Liquid-WC-volume,oil_cum,12,70,490413.70833505533,0.06370858319416713,490413.70833505533,0.014429700333832013,0.0,-410384.3147535741
train_OOF,2004-01-01,3,History-conditioned,Liquid-WC-volume,water_cum,1,70,7634.138334050801,0.014296109095124061,7634.138334050801,0.0013775129626638963,0.0,6002.532419959203
train_OOF,2004-01-01,3,History-conditioned,Liquid-WC-volume,water_cum,2,70,30607.173451605548,0.02830988694577466,30607.173451605548,0.005028683720571781,0.0,26723.121493263025
train_OOF,2004-01-01,3,History-conditioned,Liquid-WC-volume,water_cum,3,70,68993.77889099746,0.041875966524846174,68993.77889099746,0.010374423376400554,0.0,62401.097430474256
train_OOF,2004-01-01,3,History-conditioned,Liquid-WC-volume,water_cum,4,70,121203.36756450185,0.05439988228336854,121203.36756450185,0.016767720914060535,0.0,111609.3890449376
train_OOF,2004-01-01,3,History-conditioned,Liquid-WC-volume,water_cum,5,70,184966.97737652814,0.06584261225180943,184966.97737652814,0.023691284127740457,0.0,172104.04759562132
train_OOF,2004-01-01,3,History-conditioned,Liquid-WC-volume,water_cum,6,70,262365.46268627053,0.07695828272062213,262365.46268627053,0.031214378443012104,0.0,245765.51961578897
train_OOF,2004-01-01,3,History-conditioned,Liquid-WC-volume,water_cum,7,70,353606.6366131814,0.08780049530878817,353606.6366131814,0.039195647737567875,0.0,332685.0937532915
train_OOF,2004-01-01,3,History-conditioned,Liquid-WC-volume,water_cum,8,70,457364.5432354808,0.09821977940885263,457364.5432354808,0.047400100944509624,0.0,431409.4057402771
train_OOF,2004-01-01,3,History-conditioned,Liquid-WC-volume,water_cum,9,70,569807.0267941756,0.10787023253712912,569807.0267941756,0.055464960792703806,0.0,538161.2882709778
train_OOF,2004-01-01,3,History-conditioned,Liquid-WC-volume,water_cum,10,70,691936.1145701219,0.11675053160838128,691936.1145701219,0.06338670799916152,0.0,653554.0135376774
train_OOF,2004-01-01,3,History-conditioned,Liquid-WC-volume,water_cum,11,70,822588.1325131684,0.12482984985734454,822588.1325131684,0.07104889670598043,0.0,776248.3350378348
train_OOF,2004-01-01,3,History-conditioned,Liquid-WC-volume,water_cum,12,70,959637.7553892166,0.1321130540543211,959637.7553892166,0.07833417965068681,0.0,904033.9483957633
train_OOF,2004-01-01,3,History-conditioned,Separate,gas_cum,1,70,5123.711584723191,0.016981507892473085,5123.711584723191,0.0005196603469259606,0.0,4811.372165831711
train_OOF,2004-01-01,3,History-conditioned,Separate,gas_cum,2,70,11920.168740154199,0.020226374524612064,11920.168740154199,0.0011747759278352076,0.0,10561.13582376843
train_OOF,2004-01-01,3,History-conditioned,Separate,gas_cum,3,70,20796.23988344968,0.024014426034541184,20796.23988344968,0.001995260889797866,0.0,17768.204209510823
train_OOF,2004-01-01,3,History-conditioned,Separate,gas_cum,4,70,31318.16410795276,0.027734993813641605,31318.16410795276,0.00293093030926598,0.0,26235.878418672695
train_OOF,2004-01-01,3,History-conditioned,Separate,gas_cum,5,70,44302.822183570475,0.03227458934669824,44302.822183570475,0.004053981684420993,0.0,37295.510505673716
train_OOF,2004-01-01,3,History-conditioned,Separate,gas_cum,6,70,62286.327310440196,0.03886065198468861,62286.327310440196,0.005582414288404844,0.0,53797.56753478135
train_OOF,2004-01-01,3,History-conditioned,Separate,gas_cum,7,70,83846.46134963834,0.04603379031472602,83846.46134963834,0.0073708939116878,0.0,74049.78200484703
train_OOF,2004-01-01,3,History-conditioned,Separate,gas_cum,8,70,105885.11746833853,0.05217129457946753,105885.11746833853,0.009141753181060067,0.0,94640.13886167556
train_OOF,2004-01-01,3,History-conditioned,Separate,gas_cum,9,70,125680.24426083504,0.056464671261402276,125680.24426083504,0.010670860934614678,0.0,112792.59488595727
train_OOF,2004-01-01,3,History-conditioned,Separate,gas_cum,10,70,142283.4849246117,0.05882027168028104,142283.4849246117,0.011886640191534239,0.0,127425.2791149454
train_OOF,2004-01-01,3,History-conditioned,Separate,gas_cum,11,70,155095.99008963833,0.059430122250885,155095.99008963833,0.012754830758307014,0.0,137854.43049514864
train_OOF,2004-01-01,3,History-conditioned,Separate,gas_cum,12,70,164399.75089523557,0.05880145561124615,164399.75089523557,0.013317235440151285,0.0,144400.0011596832
train_OOF,2004-01-01,3,History-conditioned,Separate,oil_cum,1,70,13950.41458369252,0.016793029499694384,13950.41458369252,0.0005139351919036277,0.0,13110.785212187682
train_OOF,2004-01-01,3,History-conditioned,Separate,oil_cum,2,70,32378.26557236776,0.019952728322972985,32378.26557236776,0.0011590700731512653,0.0,28674.890423184206
train_OOF,2004-01-01,3,History-conditioned,Separate,oil_cum,3,70,56594.41452015558,0.02373398616884191,56594.41452015558,0.001972287205468791,0.0,48320.11519971602
train_OOF,2004-01-01,3,History-conditioned,Separate,oil_cum,4,70,85358.64637713169,0.0274531096634938,85358.64637713169,0.002901598634681703,0.0,71481.97749194493
train_OOF,2004-01-01,3,History-conditioned,Separate,oil_cum,5,70,120862.3100661707,0.031976474075960847,120862.3100661707,0.004017173312087964,0.0,101766.8026747701
train_OOF,2004-01-01,3,History-conditioned,Separate,oil_cum,6,70,170147.49866791145,0.03855266952056384,170147.49866791145,0.005539025457971024,0.0,147068.46722874092
train_OOF,2004-01-01,3,History-conditioned,Separate,oil_cum,7,70,229459.91453156396,0.045753560363326895,229459.91453156396,0.0073269302570125,0.0,202846.37750163616
train_OOF,2004-01-01,3,History-conditioned,Separate,oil_cum,8,70,290183.0411445092,0.051929381748725856,290183.0411445092,0.009100156859790518,0.0,259638.36024871803
train_OOF,2004-01-01,3,History-conditioned,Separate,oil_cum,9,70,344672.0640574406,0.0562435240316306,344672.0640574406,0.010629741251626558,0.0,309685.05921747396
train_OOF,2004-01-01,3,History-conditioned,Separate,oil_cum,10,70,390216.1285000698,0.058591531914762386,390216.1285000698,0.011841150999722622,0.0,349904.7438078131
train_OOF,2004-01-01,3,History-conditioned,Separate,oil_cum,11,70,425201.8574507441,0.05917669407020004,425201.8574507441,0.012701401025229438,0.0,378431.5609371064
train_OOF,2004-01-01,3,History-conditioned,Separate,oil_cum,12,70,450669.216226323,0.05854546226385014,450669.216226323,0.013260277250214747,0.0,396347.9137123726
train_OOF,2004-01-01,3,History-conditioned,Separate,water_cum,1,70,4745.021882336643,0.00888579005518767,4745.021882336643,0.0008561973683249046,0.0,-394.4269869658497
train_OOF,2004-01-01,3,History-conditioned,Separate,water_cum,2,70,15810.472553161531,0.014623783906311577,15810.472553161531,0.002597621961673163,0.0,621.360736656495
train_OOF,2004-01-01,3,History-conditioned,Separate,water_cum,3,70,33160.45454906457,0.02012683037465141,33160.45454906457,0.00498625528816733,0.0,2325.186377390647
train_OOF,2004-01-01,3,History-conditioned,Separate,water_cum,4,70,56341.758240768024,0.025287952616536585,56341.758240768024,0.007794526645358324,0.0,3228.0973864224075
train_OOF,2004-01-01,3,History-conditioned,Separate,water_cum,5,70,84795.27176570389,0.030184534984808224,84795.27176570389,0.010860905576679358,0.0,2690.351741904925
train_OOF,2004-01-01,3,History-conditioned,Separate,water_cum,6,70,119579.1314954068,0.03507551838145019,119579.1314954068,0.014226675364080458,0.0,1130.9937919547383
train_OOF,2004-01-01,3,History-conditioned,Separate,water_cum,7,70,161027.6582411995,0.03998315271287685,161027.6582411995,0.017849165470646734,0.0,-1230.4998602043438
train_OOF,2004-01-01,3,History-conditioned,Separate,water_cum,8,70,208750.40662207946,0.04482948928415829,208750.40662207946,0.021634362550486386,0.0,-4316.233880218584
train_OOF,2004-01-01,3,History-conditioned,Separate,water_cum,9,70,261189.05602730924,0.04944572966804818,261189.05602730924,0.025424117413123667,0.0,-8381.550990861575
train_OOF,2004-01-01,3,History-conditioned,Separate,water_cum,10,70,319910.4012305208,0.05397855181170599,319910.4012305208,0.029306270856077152,0.0,-15293.129185760992
train_OOF,2004-01-01,3,History-conditioned,Separate,water_cum,11,70,385125.3068304165,0.05844374885524504,385125.3068304165,0.033264190257954206,0.0,-25586.567463755357
train_OOF,2004-01-01,3,History-conditioned,Separate,water_cum,12,70,456302.0948905815,0.06281897829554357,456302.0948905815,0.03724744058412565,0.0,-38955.08450850427
train_OOF,2004-01-01,3,Input-only PolyRidge,Constant,gas_cum,1,70,11697.56677893095,0.0387692240858008,24570.233681604655,0.002491977924187628,21225.949860518213,11473.27156336986
train_OOF,2004-01-01,3,Input-only PolyRidge,Constant,gas_cum,2,70,37386.09152533598,0.06343744838574228,42836.21091337527,0.004221664182587242,21225.949860518213,37007.257412454645
train_OOF,2004-01-01,3,Input-only PolyRidge,Constant,gas_cum,3,70,77527.52307707588,0.08952478808716219,79940.27624240906,0.0076697377795229655,21225.949860518213,76968.28298044615
train_OOF,2004-01-01,3,Input-only PolyRidge,Constant,gas_cum,4,70,131189.95148533984,0.11618026140727351,132347.53261447966,0.012385828024888749,21225.949860518213,130446.02283415134
train_OOF,2004-01-01,3,Input-only PolyRidge,Constant,gas_cum,5,70,197786.56599074707,0.14408743915217848,198352.46252171462,0.018150474630960107,21225.949860518213,196875.36896432846
train_OOF,2004-01-01,3,Input-only PolyRidge,Constant,gas_cum,6,70,281322.53948232,0.17551809159951573,281557.773416874,0.025234625401815217,21225.949860518213,280264.5833848409
train_OOF,2004-01-01,3,Input-only PolyRidge,Constant,gas_cum,7,70,379978.6929508346,0.20861774240443637,380025.3421332336,0.03340780798054523,21225.949860518213,378795.59466711717
train_OOF,2004-01-01,3,Input-only PolyRidge,Constant,gas_cum,8,70,489199.5171315177,0.24103644333239985,489127.11322154483,0.04222953565285352,21225.949860518213,487908.1345208218
train_OOF,2004-01-01,3,Input-only PolyRidge,Constant,gas_cum,9,70,603512.5108336002,0.2711415443754191,603359.3373823563,0.051228127544423706,21225.949860518213,602135.8663652827
train_OOF,2004-01-01,3,Input-only PolyRidge,Constant,gas_cum,10,70,724467.1706126136,0.2994961489835377,724255.9074989188,0.06050575288898903,21225.949860518213,723025.723642936
train_OOF,2004-01-01,3,Input-only PolyRidge,Constant,gas_cum,11,70,851278.983648199,0.3261955002097861,851020.9004922144,0.0699865131992565,21225.949860518213,849790.020639496
train_OOF,2004-01-01,3,Input-only PolyRidge,Constant,gas_cum,12,70,982752.9448736641,0.3515048128122493,982455.2377933784,0.07958398744437155,21225.949860518213,981236.7462074842
train_OOF,2004-01-01,3,Input-only PolyRidge,Constant,oil_cum,1,70,32247.049496602558,0.03881788962082701,69785.3818324937,0.0025709030644921146,60909.156039991416,31546.553402218327
train_OOF,2004-01-01,3,Input-only PolyRidge,Constant,oil_cum,2,70,102806.35229683282,0.0633532149110898,118989.36196209649,0.004259555168740435,60909.156039991416,101669.19251872365
train_OOF,2004-01-01,3,Input-only PolyRidge,Constant,oil_cum,3,70,213187.03560287424,0.08940419646134923,220410.80139252605,0.007681206833207589,60909.156039991416,211576.7303382351
train_OOF,2004-01-01,3,Input-only PolyRidge,Constant,oil_cum,4,70,360824.2299279361,0.11604855013388739,364329.2624634438,0.012384653874053658,60909.156039991416,358739.15387203224
train_OOF,2004-01-01,3,Input-only PolyRidge,Constant,oil_cum,5,70,544052.2204368818,0.14393959302320386,545801.4555001056,0.01814113133807702,60909.156039991416,541540.1228569574
train_OOF,2004-01-01,3,Input-only PolyRidge,Constant,oil_cum,6,70,773947.2791954383,0.1753639278553112,774716.881560254,0.02522033273058897,60909.156039991416,771063.8476877477
train_OOF,2004-01-01,3,Input-only PolyRidge,Constant,oil_cum,7,70,1045623.148915485,0.20849385374723348,1045836.9441351665,0.03339482787452782,60909.156039991416,1042423.4140786886
train_OOF,2004-01-01,3,Input-only PolyRidge,Constant,oil_cum,8,70,1346470.73293422,0.24095616486839225,1346338.6563803055,0.04222125769699624,60909.156039991416,1342994.694755344
train_OOF,2004-01-01,3,Input-only PolyRidge,Constant,oil_cum,9,70,1661300.914139804,0.2710907776750376,1660936.029930373,0.051223531219290866,60909.156039991416,1657610.4351688433
train_OOF,2004-01-01,3,Input-only PolyRidge,Constant,oil_cum,10,70,1994277.4119321543,0.29944371873417236,1993744.1645429982,0.060500384230441275,60909.156039991416,1990428.5885710665
train_OOF,2004-01-01,3,Input-only PolyRidge,Constant,oil_cum,11,70,2343260.9355332605,0.32611907280947333,2342591.5131816166,0.06997663280590331,60909.156039991416,2339297.2121048695
train_OOF,2004-01-01,3,Input-only PolyRidge,Constant,oil_cum,12,70,2705172.12620429,0.35142305471420837,2704387.713593018,0.07957262129993954,60909.156039991416,2701135.5499243834
train_OOF,2004-01-01,3,Input-only PolyRidge,Constant,water_cum,1,70,11455.59267559787,0.02145237556269851,33222.61954271345,0.0059947288182627435,32612.04899848292,-8560.116432869148
train_OOF,2004-01-01,3,Input-only PolyRidge,Constant,water_cum,2,70,35911.569073416,0.0332161498715738,45608.831726138094,0.007493419474953097,32612.04899848292,-31047.122151451917
train_OOF,2004-01-01,3,Input-only PolyRidge,Constant,water_cum,3,70,74543.29335688718,0.0452442598077797,78544.13204555436,0.011810486288334256,32612.04899848292,-67531.76152785368
train_OOF,2004-01-01,3,Input-only PolyRidge,Constant,water_cum,4,70,127288.48793169463,0.05713107563473519,129260.212213286,0.017882334519551818,32612.04899848292,-118273.71518997004
train_OOF,2004-01-01,3,Input-only PolyRidge,Constant,water_cum,5,70,192179.86054608907,0.06841017904933697,193507.92295270204,0.024785241391002633,32612.04899848292,-181445.43010787806
train_OOF,2004-01-01,3,Input-only PolyRidge,Constant,water_cum,6,70,270018.4628204602,0.07920309704167548,271172.95158829784,0.0322622308886263,32612.04899848292,-257692.80368360472
train_OOF,2004-01-01,3,Input-only PolyRidge,Constant,water_cum,7,70,360118.78852862923,0.08941746202971504,361327.9676423075,0.040051521298034576,32612.04899848292,-346413.5073457198
train_OOF,2004-01-01,3,Input-only PolyRidge,Constant,water_cum,8,70,460965.6952312922,0.09899313265601119,462318.00042794604,0.04791346468120461,32612.04899848292,-446069.7681506913
train_OOF,2004-01-01,3,Input-only PolyRidge,Constant,water_cum,9,70,569751.1093588452,0.1078596468011372,571260.4846182474,0.055606440236506995,32612.04899848292,-553873.504497171
train_OOF,2004-01-01,3,Input-only PolyRidge,Constant,water_cum,10,70,691128.5079543922,0.11661426396787018,692792.1375329338,0.06346512633351606,32612.04899848292,-674433.0923586125
train_OOF,2004-01-01,3,Input-only PolyRidge,Constant,water_cum,11,70,825419.3349125278,0.12525949205185083,827228.4444207462,0.07144969150033002,32612.04899848292,-808047.9745921582
train_OOF,2004-01-01,3,Input-only PolyRidge,Constant,water_cum,12,70,970611.9459845182,0.13362386772039186,972554.3392801642,0.07938854625652786,32612.04899848292,-952718.3282542769
train_OOF,2004-01-01,3,Input-only PolyRidge,Liquid-WC-time,gas_cum,1,70,3576.717593963991,0.011854308550883869,22206.678210985185,0.002252259892535926,21225.949860518213,2375.5559514486895
train_OOF,2004-01-01,3,Input-only PolyRidge,Liquid-WC-time,gas_cum,2,70,6452.066036639525,0.010947991337991098,23051.01147469871,0.0022717609106915116,21225.949860518213,413.1204506393256
train_OOF,2004-01-01,3,Input-only PolyRidge,Liquid-WC-time,gas_cum,3,70,12967.309589578435,0.014973980813413874,25912.667851738464,0.0024861481212304533,21225.949860518213,-5984.72557502373
train_OOF,2004-01-01,3,Input-only PolyRidge,Liquid-WC-time,gas_cum,4,70,24700.079659027586,0.021874096903580165,33854.858562998226,0.003168328473411615,21225.949860518213,-17276.827936735775
train_OOF,2004-01-01,3,Input-only PolyRidge,Liquid-WC-time,gas_cum,5,70,40157.73070603102,0.02925489175976445,47042.72837854534,0.0043047000130510575,21225.949860518213,-31679.531665270933
train_OOF,2004-01-01,3,Input-only PolyRidge,Liquid-WC-time,gas_cum,6,70,57444.97253629158,0.035840114233684224,63240.1333477194,0.005667899188234245,21225.949860518213,-47141.95425116242
train_OOF,2004-01-01,3,Input-only PolyRidge,Liquid-WC-time,gas_cum,7,70,77860.82097587144,0.042747525045684555,83100.56297509707,0.007305322417087476,21225.949860518213,-65497.190459514146
train_OOF,2004-01-01,3,Input-only PolyRidge,Liquid-WC-time,gas_cum,8,70,103840.92339231577,0.05116408739239825,108681.92412747336,0.009383219751473998,21225.949860518213,-89663.10311628149
train_OOF,2004-01-01,3,Input-only PolyRidge,Liquid-WC-time,gas_cum,9,70,136546.3163478707,0.06134649809031754,141052.1561596528,0.0119760106431958,21225.949860518213,-120977.64841553412
train_OOF,2004-01-01,3,Input-only PolyRidge,Liquid-WC-time,gas_cum,10,70,178391.79303260148,0.07374751705912871,182605.23144541742,0.015255197638949973,21225.949860518213,-161728.78166630672
train_OOF,2004-01-01,3,Input-only PolyRidge,Liquid-WC-time,gas_cum,11,70,229979.24465547377,0.08812410054664663,233937.51849715086,0.01923862412384071,21225.949860518213,-212354.4380299495
train_OOF,2004-01-01,3,Input-only PolyRidge,Liquid-WC-time,gas_cum,12,70,290073.71864125377,0.10375171980365273,293826.95000946574,0.02380151217157968,21225.949860518213,-271471.8174470085
train_OOF,2004-01-01,3,Input-only PolyRidge,Liquid-WC-time,oil_cum,1,70,10077.612967647123,0.012131084050364224,63641.6242943429,0.002344566191818103,60909.156039991416,6409.894495878954
train_OOF,2004-01-01,3,Input-only PolyRidge,Liquid-WC-time,oil_cum,2,70,18484.367375545396,0.011390775693094417,66004.24681890798,0.002362805599259012,60909.156039991416,748.248859655591
train_OOF,2004-01-01,3,Input-only PolyRidge,Liquid-WC-time,oil_cum,3,70,36746.27629450426,0.01541027715764432,73836.71236281321,0.002573172711861733,60909.156039991416,-17053.682148550663
train_OOF,2004-01-01,3,Input-only PolyRidge,Liquid-WC-time,oil_cum,4,70,69162.36816173342,0.022244050934712146,95457.38792809733,0.0032448854127641595,60909.156039991416,-48282.02188233323
train_OOF,2004-01-01,3,Input-only PolyRidge,Liquid-WC-time,oil_cum,5,70,111828.71680602424,0.02958646133718646,131520.72079709754,0.0043714333217974395,60909.156039991416,-88085.40584486553
train_OOF,2004-01-01,3,Input-only PolyRidge,Liquid-WC-time,oil_cum,6,70,159521.50724317742,0.03614499183541797,175968.81178339417,0.00572853398320896,60909.156039991416,-130770.87024301253
train_OOF,2004-01-01,3,Input-only PolyRidge,Liquid-WC-time,oil_cum,7,70,215705.82354626746,0.043011039372577164,230477.05419679877,0.00735940874635575,60909.156039991416,-181266.6436000178
train_OOF,2004-01-01,3,Input-only PolyRidge,Liquid-WC-time,oil_cum,8,70,287124.8562954558,0.05138210769763622,300712.2549008597,0.00943035360876365,60909.156039991416,-247674.623537029
train_OOF,2004-01-01,3,Input-only PolyRidge,Liquid-WC-time,oil_cum,9,70,377061.7846696911,0.061528872685037324,389665.46130399965,0.012017344775777749,60909.156039991416,-333795.5006877515
train_OOF,2004-01-01,3,Input-only PolyRidge,Liquid-WC-time,oil_cum,10,70,492291.83525160135,0.07391835106199612,504034.96990662126,0.015294996162117587,60909.156039991416,-446030.93523608247
train_OOF,2004-01-01,3,Input-only PolyRidge,Liquid-WC-time,oil_cum,11,70,634488.5008305111,0.08830378147879211,645482.2193119491,0.019281497431101628,60909.156039991416,-585570.0603321822
train_OOF,2004-01-01,3,Input-only PolyRidge,Liquid-WC-time,oil_cum,12,70,800054.9002653247,0.10393340012149718,810450.7903065446,0.023846319629081267,60909.156039991416,-748404.7267228827
train_OOF,2004-01-01,3,Input-only PolyRidge,Liquid-WC-time,water_cum,1,70,10757.664551136557,0.020145396808678478,31681.887670775803,0.005716717334488994,32612.04899848292,7866.309606287476
train_OOF,2004-01-01,3,Input-only PolyRidge,Liquid-WC-time,water_cum,2,70,38929.40395087209,0.03600747473327272,44636.85800927986,0.007333726571114169,32612.04899848292,34412.34477084168
train_OOF,2004-01-01,3,Input-only PolyRidge,Liquid-WC-time,water_cum,3,70,87011.61382192458,0.052811941688777356,86752.31773527093,0.013044730808144772,32612.04899848292,80499.00985612332
train_OOF,2004-01-01,3,Input-only PolyRidge,Liquid-WC-time,water_cum,4,70,153869.1262224848,0.0690613018577505,151995.04271558,0.0210275548261416,32612.04899848292,145063.20580848618
train_OOF,2004-01-01,3,Input-only PolyRidge,Liquid-WC-time,water_cum,5,70,236993.70824043814,0.08436254438017197,234830.81545050794,0.030078036899860997,32612.04899848292,225650.4852314852
train_OOF,2004-01-01,3,Input-only PolyRidge,Liquid-WC-time,water_cum,6,70,339168.6129342172,0.09948654726466268,337134.6336778341,0.04010988311540769,32612.04899848292,324894.1301441084
train_OOF,2004-01-01,3,Input-only PolyRidge,Liquid-WC-time,water_cum,7,70,460840.6810904354,0.11442669867772277,459124.62022503227,0.05089182447011282,32612.04899848292,443106.8206891152
train_OOF,2004-01-01,3,Input-only PolyRidge,Liquid-WC-time,water_cum,8,70,600348.697387505,0.12892585902845818,599012.9887660295,0.062080186482587736,32612.04899848292,578505.5037145441
train_OOF,2004-01-01,3,Input-only PolyRidge,Liquid-WC-time,water_cum,9,70,752700.2288941108,0.14249376526359814,751739.9165123589,0.07317429065459642,32612.04899848292,726150.8652353219
train_OOF,2004-01-01,3,Input-only PolyRidge,Liquid-WC-time,water_cum,10,70,919793.9642598251,0.15519703631054269,919202.2576403737,0.08420604716292159,32612.04899848292,887639.9812757098
train_OOF,2004-01-01,3,Input-only PolyRidge,Liquid-WC-time,water_cum,11,70,1100177.6046208146,0.16695476116540098,1099945.9483055908,0.09500495202205528,32612.04899848292,1061396.8256056986
train_OOF,2004-01-01,3,Input-only PolyRidge,Liquid-WC-time,water_cum,12,70,1290735.21617128,0.1776951463468528,1290850.8898351938,0.1053707453033535,32612.04899848292,1244254.648472673
train_OOF,2004-01-01,3,Input-only PolyRidge,Liquid-WC-volume,gas_cum,1,70,4024.6222353507683,0.01333879808098606,22287.862947475045,0.002260493862702241,21225.949860518213,3024.8950224479395
train_OOF,2004-01-01,3,Input-only PolyRidge,Liquid-WC-volume,gas_cum,2,70,7071.309327556742,0.011998735416953095,23239.01040489387,0.002290288888144387,21225.949860518213,3141.1245167351726
train_OOF,2004-01-01,3,Input-only PolyRidge,Liquid-WC-volume,gas_cum,3,70,11261.8368781123,0.013004588821738208,25092.308070974752,0.00240744005692198,21225.949860518213,476.88400654563947
train_OOF,2004-01-01,3,Input-only PolyRidge,Liquid-WC-volume,gas_cum,4,70,17993.651241778367,0.01593496362543233,29265.846026774554,0.0027388628161764874,21225.949860518213,-5293.705378394734
train_OOF,2004-01-01,3,Input-only PolyRidge,Liquid-WC-volume,gas_cum,5,70,27023.08367948897,0.01968630632656189,36354.12679718291,0.0033266269940598237,21225.949860518213,-12461.57780628702
train_OOF,2004-01-01,3,Input-only PolyRidge,Liquid-WC-volume,gas_cum,6,70,36912.52885837445,0.02302985261421295,45203.04373660615,0.004051324393826037,21225.949860518213,-18704.062144344887
train_OOF,2004-01-01,3,Input-only PolyRidge,Liquid-WC-volume,gas_cum,7,70,48186.9492316361,0.026455832257315084,55965.94654064726,0.004919933983833906,21225.949860518213,-25773.839476298326
train_OOF,2004-01-01,3,Input-only PolyRidge,Liquid-WC-volume,gas_cum,8,70,62436.92216933375,0.030763672336724952,69812.43621760042,0.006027363203904806,21225.949860518213,-36707.54500378868
train_OOF,2004-01-01,3,Input-only PolyRidge,Liquid-WC-volume,gas_cum,9,70,80865.30385467102,0.03633055318647475,87811.26477249221,0.0074556013189727025,21225.949860518213,-53262.874622595096
train_OOF,2004-01-01,3,Input-only PolyRidge,Liquid-WC-volume,gas_cum,10,70,105724.81945244962,0.04370684768395105,112192.6200840841,0.00937279057925524,21225.949860518213,-77373.27555183716
train_OOF,2004-01-01,3,Input-only PolyRidge,Liquid-WC-volume,gas_cum,11,70,138129.8197585235,0.05292897688713484,144101.54680686697,0.01185066641935469,21225.949860518213,-109562.72890684051
train_OOF,2004-01-01,3,Input-only PolyRidge,Liquid-WC-volume,gas_cum,12,70,177559.68390404846,0.06350841661605817,183091.00264417427,0.01483132411033655,21225.949860518213,-148794.52467816207
train_OOF,2004-01-01,3,Input-only PolyRidge,Liquid-WC-volume,oil_cum,1,70,11264.014940262745,0.01355923395982421,63855.26260419177,0.0023524366565352227,60909.156039991416,8197.3940459195
train_OOF,2004-01-01,3,Input-only PolyRidge,Liquid-WC-volume,oil_cum,2,70,19977.794779550975,0.012311082903361921,66467.26084571141,0.002379380474176806,60909.156039991416,8257.889704049325
train_OOF,2004-01-01,3,Input-only PolyRidge,Liquid-WC-volume,oil_cum,3,70,31876.03500942479,0.013367845227231246,71532.83034028948,0.002492883568940839,60909.156039991416,733.8053714849054
train_OOF,2004-01-01,3,Input-only PolyRidge,Liquid-WC-volume,oil_cum,4,70,50645.1290623951,0.016288523085626398,82910.30870377555,0.0028183722299556643,60909.156039991416,-15294.96001795477
train_OOF,2004-01-01,3,Input-only PolyRidge,Liquid-WC-volume,oil_cum,5,70,75653.73044722666,0.02001566533910383,102256.37609674635,0.003398756691161876,60909.156039991416,-35182.37837682824
train_OOF,2004-01-01,3,Input-only PolyRidge,Liquid-WC-volume,oil_cum,6,70,102974.01357878724,0.023332244939183084,126465.38144123017,0.004116986572469069,60909.156039991416,-52487.31734278186
train_OOF,2004-01-01,3,Input-only PolyRidge,Liquid-WC-volume,oil_cum,7,70,134024.8937650931,0.02672412773964553,155946.5737567268,0.004979561123206199,60909.156039991416,-71916.65259244906
train_OOF,2004-01-01,3,Input-only PolyRidge,Liquid-WC-volume,oil_cum,8,70,173216.81781809966,0.03099782200330627,193930.519383732,0.0060816722415344355,60909.156039991416,-101899.24466084236
train_OOF,2004-01-01,3,Input-only PolyRidge,Liquid-WC-volume,oil_cum,9,70,223890.18794691082,0.036534359698324186,243347.98902552287,0.007504890669102448,60909.156039991416,-147391.2421026806
train_OOF,2004-01-01,3,Input-only PolyRidge,Liquid-WC-volume,oil_cum,10,70,292363.75840598455,0.04389885304641133,310426.571589317,0.00941992818862855,60909.156039991416,-213818.4272690534
train_OOF,2004-01-01,3,Input-only PolyRidge,Liquid-WC-volume,oil_cum,11,70,381753.23846853804,0.053129811658402165,398376.00145589875,0.011900073493693299,60909.156039991416,-302606.80411700095
train_OOF,2004-01-01,3,Input-only PolyRidge,Liquid-WC-volume,oil_cum,12,70,490457.3673047481,0.06371425483640626,505813.12837920204,0.014882805564732345,60909.156039991416,-410700.9356085709
train_OOF,2004-01-01,3,Input-only PolyRidge,Liquid-WC-volume,water_cum,1,70,9488.232955991893,0.017768189090023492,31565.96154829181,0.005695799487648206,32612.04899848292,6078.81005624695
train_OOF,2004-01-01,3,Input-only PolyRidge,Liquid-WC-volume,water_cum,2,70,32321.266790518286,0.029895325363204855,39941.71183492167,0.0065623255408938696,32612.04899848292,26902.703926448077
train_OOF,2004-01-01,3,Input-only PolyRidge,Liquid-WC-volume,water_cum,3,70,70557.04546889743,0.04282479553432795,71411.94966929691,0.010738037717487065,32612.04899848292,62711.52233608751
train_OOF,2004-01-01,3,Input-only PolyRidge,Liquid-WC-volume,water_cum,4,70,122754.09005059017,0.05509589529350609,121610.163437811,0.01682399855559561,32612.04899848292,112076.14394410746
train_OOF,2004-01-01,3,Input-only PolyRidge,Liquid-WC-volume,water_cum,5,70,186605.61841503848,0.06642591856977399,185065.61524222212,0.023703918046156895,32612.04899848292,172747.4577634474
train_OOF,2004-01-01,3,Input-only PolyRidge,Liquid-WC-volume,water_cum,6,70,264168.1625856908,0.07748705921086435,262753.3927354677,0.0312605316037257,32612.04899848292,246610.57724387583
train_OOF,2004-01-01,3,Input-only PolyRidge,Liquid-WC-volume,water_cum,7,70,355686.5072579198,0.0883169269983495,354640.3441808786,0.03931022940400713,32612.04899848292,333756.82968154433
train_OOF,2004-01-01,3,Input-only PolyRidge,Liquid-WC-volume,water_cum,8,70,459840.28790328116,0.0987514496022257,459248.0094702514,0.047595298606799195,32612.04899848292,432730.1248383549
train_OOF,2004-01-01,3,Input-only PolyRidge,Liquid-WC-volume,water_cum,9,70,572767.2176655225,0.10843062660499977,572628.816863626,0.05573963356472605,32612.04899848292,539746.6066502482
train_OOF,2004-01-01,3,Input-only PolyRidge,Liquid-WC-volume,water_cum,10,70,695477.4174476748,0.11734805641570754,695791.0651439916,0.06373985133310774,32612.04899848292,655427.4733086776
train_OOF,2004-01-01,3,Input-only PolyRidge,Liquid-WC-volume,water_cum,11,70,826781.8763966525,0.12546626120176313,827543.197147347,0.07147687744318075,32612.04899848292,778433.5693905134
train_OOF,2004-01-01,3,Input-only PolyRidge,Liquid-WC-volume,water_cum,12,70,964521.5132937472,0.13278539960180094,965719.9070420063,0.07883065903320038,32612.04899848292,906550.8573583562
train_OOF,2004-01-01,3,Input-only PolyRidge,Separate,gas_cum,1,70,5311.94482036791,0.01760536895956694,22283.864927117276,0.0022600883729294893,21225.949860518213,4746.908815966413
train_OOF,2004-01-01,3,Input-only PolyRidge,Separate,gas_cum,2,70,11967.499188928961,0.020306685752095904,24333.897059657233,0.0023981939450074814,21225.949860518213,10431.374050715485
train_OOF,2004-01-01,3,Input-only PolyRidge,Separate,gas_cum,3,70,20554.629624461177,0.0237354269594111,28887.31237099442,0.0027715454768863857,21225.949860518213,17571.428168170234
train_OOF,2004-01-01,3,Input-only PolyRidge,Separate,gas_cum,4,70,30738.507764705228,0.027221657047201774,36242.164239962745,0.0033917459937355876,21225.949860518213,25970.956765988627
train_OOF,2004-01-01,3,Input-only PolyRidge,Separate,gas_cum,5,70,43433.65771585383,0.03164140335791265,47082.77150367411,0.004308364206162421,21225.949860518213,36962.727373189
train_OOF,2004-01-01,3,Input-only PolyRidge,Separate,gas_cum,6,70,61160.26581295192,0.03815809837690968,63519.77699879448,0.00569296226035347,21225.949860518213,53394.88098736411
train_OOF,2004-01-01,3,Input-only PolyRidge,Separate,gas_cum,7,70,82474.85322451848,0.04528074337858344,84078.68389079705,0.007391308460939267,21225.949860518213,73575.03917077549
train_OOF,2004-01-01,3,Input-only PolyRidge,Separate,gas_cum,8,70,104251.0038155055,0.05136614058996778,105420.0231202469,0.009101598550855013,21225.949860518213,94091.8946305278
train_OOF,2004-01-01,3,Input-only PolyRidge,Separate,gas_cum,9,70,123757.68402302361,0.05560091791300037,124675.43949994748,0.010585548147923896,21225.949860518213,112171.01215317723
train_OOF,2004-01-01,3,Input-only PolyRidge,Separate,gas_cum,10,70,140022.2243303288,0.05788546211635936,140805.0467017486,0.011763128575200857,21225.949860518213,126728.07641827916
train_OOF,2004-01-01,3,Input-only PolyRidge,Separate,gas_cum,11,70,152416.75584322683,0.05840348565821122,153125.8221696435,0.012592807495355752,21225.949860518213,137079.26566976612
train_OOF,2004-01-01,3,Input-only PolyRidge,Separate,gas_cum,12,70,161208.0229881605,0.05765985870596465,161880.50832461382,0.01311316368054624,21225.949860518213,143545.3536103692
train_OOF,2004-01-01,3,Input-only PolyRidge,Separate,oil_cum,1,70,14684.525722305287,0.017676727251672974,63823.803189480255,0.0023512776873705473,60909.156039991416,12937.689395729027
train_OOF,2004-01-01,3,Input-only PolyRidge,Separate,oil_cum,2,70,32904.444940205736,0.020276980218188294,69205.51352118173,0.0024774038448780655,60909.156039991416,28326.20370448306
train_OOF,2004-01-01,3,Input-only PolyRidge,Separate,oil_cum,3,70,56382.36806855088,0.02364506029882084,81187.56337787246,0.002829346214657584,60909.156039991416,47790.96948819884
train_OOF,2004-01-01,3,Input-only PolyRidge,Separate,oil_cum,4,70,84224.73098882702,0.02708841897513969,100794.790302002,0.0034263198672474693,60909.156039991416,70769.07567107219
train_OOF,2004-01-01,3,Input-only PolyRidge,Separate,oil_cum,5,70,118930.41606870752,0.03146535395676434,129996.67123256845,0.004320777569532125,60909.156039991416,100870.67472285942
train_OOF,2004-01-01,3,Input-only PolyRidge,Separate,oil_cum,6,70,167493.56158513165,0.03795133032908694,174684.28680965188,0.0056867172266497285,60909.156039991416,145983.369845013
train_OOF,2004-01-01,3,Input-only PolyRidge,Separate,oil_cum,7,70,226096.4935712208,0.04508290516740521,230999.8613888615,0.007376102606989003,60909.156039991416,201566.26410352206
train_OOF,2004-01-01,3,Input-only PolyRidge,Separate,oil_cum,8,70,286075.1673633926,0.051194261788187034,289671.14009812113,0.009084103613534468,60909.156039991416,258159.1009061782
train_OOF,2004-01-01,3,Input-only PolyRidge,Separate,oil_cum,9,70,339767.58594168816,0.05544321219457971,342609.51544235175,0.010566131924432459,60909.156039991416,308006.89275380014
train_OOF,2004-01-01,3,Input-only PolyRidge,Separate,oil_cum,10,70,384390.00736313424,0.05771673116307083,386815.12691524974,0.01173794723551393,60909.156039991416,348021.2882040006
train_OOF,2004-01-01,3,Input-only PolyRidge,Separate,oil_cum,11,70,418251.1169842866,0.058209337425497325,420436.00814440474,0.012559038139919983,60909.156039991416,376336.2687919326
train_OOF,2004-01-01,3,Input-only PolyRidge,Separate,oil_cum,12,70,442342.47245730564,0.05746375300668859,444394.5342445312,0.013075653983881637,60909.156039991416,394036.4728781996
train_OOF,2004-01-01,3,Input-only PolyRidge,Separate,water_cum,1,70,13368.646118534913,0.025034865102224402,35556.786175464054,0.006415908610000337,32612.04899848292,-859.2612422012924
train_OOF,2004-01-01,3,Input-only PolyRidge,Separate,water_cum,2,70,39071.47148465916,0.03613887908612928,52340.80019351894,0.008599465425025784,32612.04899848292,-556.9404628357518
train_OOF,2004-01-01,3,Input-only PolyRidge,Separate,water_cum,3,70,75828.3295917248,0.04602421613454202,85235.61089774447,0.012816667363537098,32612.04899848292,749.1231905572715
train_OOF,2004-01-01,3,Input-only PolyRidge,Separate,water_cum,4,70,121709.19640067281,0.054626914169496534,129810.07133340983,0.017958404058324166,32612.04899848292,1946.998368832356
train_OOF,2004-01-01,3,Input-only PolyRidge,Separate,water_cum,5,70,174204.10751514608,0.06201135827852808,182041.71591748626,0.023316605353415176,32612.04899848292,2579.7758063533943
train_OOF,2004-01-01,3,Input-only PolyRidge,Separate,water_cum,6,70,234260.67533007127,0.06871445310594575,242212.28250604757,0.028816696268937562,32612.04899848292,3204.326422007335
train_OOF,2004-01-01,3,Input-only PolyRidge,Separate,water_cum,7,70,301710.78260990523,0.07491475953866278,309978.1991572061,0.0343596387694003,32612.04899848292,4120.245667005177
train_OOF,2004-01-01,3,Input-only PolyRidge,Separate,water_cum,8,70,375377.4832221201,0.08061292494670738,384042.339870905,0.039801173803440545,32612.04899848292,5387.325150894926
train_OOF,2004-01-01,3,Input-only PolyRidge,Separate,water_cum,9,70,452695.8226611643,0.08569989726835342,461769.2814958076,0.04494857713064231,32612.04899848292,6590.143426965743
train_OOF,2004-01-01,3,Input-only PolyRidge,Separate,water_cum,10,70,535674.6381359774,0.0903844985896667,545163.9991255086,0.04994124529212123,32612.04899848292,5970.019910770948
train_OOF,2004-01-01,3,Input-only PolyRidge,Separate,water_cum,11,70,624016.423594072,0.09469608591091377,633923.2493463247,0.054753461279245345,32612.04899848292,2958.5892701111466
train_OOF,2004-01-01,3,Input-only PolyRidge,Separate,water_cum,12,70,716606.5448784474,0.09865501713280178,726921.0328776502,0.05933776830008675,32612.04899848292,-2274.6106325730148
train_OOF,2005-01-01,3,History-conditioned,Constant,gas_cum,1,70,12108.27740605751,0.049722182861059734,12108.27740605751,0.001107982119754197,0.0,12094.53096749442
train_OOF,2005-01-01,3,History-conditioned,Constant,gas_cum,2,70,40580.6660091998,0.08566812595024637,40580.6660091998,0.003637043626503409,0.0,40545.210056849886
train_OOF,2005-01-01,3,History-conditioned,Constant,gas_cum,3,70,83601.92071956655,0.1207476675188617,83601.92071956655,0.007349396486366055,0.0,83533.96583949498
train_OOF,2005-01-01,3,History-conditioned,Constant,gas_cum,4,70,137208.54417566498,0.15234996835704362,137208.54417566498,0.011846109020576676,0.0,137104.25019356865
train_OOF,2005-01-01,3,History-conditioned,Constant,gas_cum,5,70,197136.24301299674,0.17971048793706954,197136.24301299674,0.01673782102140319,0.0,196997.16687534878
train_OOF,2005-01-01,3,History-conditioned,Constant,gas_cum,6,70,263119.4652208279,0.2039369347532899,263119.4652208279,0.021981513962256668,0.0,262948.4888218471
train_OOF,2005-01-01,3,History-conditioned,Constant,gas_cum,7,70,334371.67172709305,0.22576363812874192,334371.67172709305,0.027498158274668307,0.0,334170.5303187779
train_OOF,2005-01-01,3,History-conditioned,Constant,gas_cum,8,70,410302.23350460565,0.24608861551492095,410302.23350460565,0.03323661632968518,0.0,410075.0003871373
train_OOF,2005-01-01,3,History-conditioned,Constant,gas_cum,9,70,489035.8273554078,0.2650555961597025,489035.8273554078,0.0390556004541427,0.0,488786.2170689174
train_OOF,2005-01-01,3,History-conditioned,Constant,gas_cum,10,70,572986.8363085688,0.28359787964326727,572986.8363085688,0.04513194619003464,0.0,572714.1390154157
train_OOF,2005-01-01,3,History-conditioned,Constant,gas_cum,11,70,662163.0123266618,0.30188404764148896,662163.0123266618,0.05145920767843534,0.0,661867.6662266323
train_OOF,2005-01-01,3,History-conditioned,Constant,gas_cum,12,70,755592.4506033112,0.31987094417360323,755592.4506033112,0.057964712711500235,0.0,755276.9648664203
train_OOF,2005-01-01,3,History-conditioned,Constant,oil_cum,1,70,33522.497515039715,0.04999256728615884,33522.497515039715,0.0011142074175003337,0.0,33485.6251953125
train_OOF,2005-01-01,3,History-conditioned,Constant,oil_cum,2,70,112127.12014364148,0.08596475112196462,112127.12014364148,0.0036502151243304522,0.0,112034.9468610491
train_OOF,2005-01-01,3,History-conditioned,Constant,oil_cum,3,70,230941.20178241158,0.12114700551222977,230941.20178241158,0.007374229535405935,0.0,230761.05071149554
train_OOF,2005-01-01,3,History-conditioned,Constant,oil_cum,4,70,378975.1098169289,0.15284711446118462,378975.1098169289,0.01188468124011749,0.0,378698.86884765624
train_OOF,2005-01-01,3,History-conditioned,Constant,oil_cum,5,70,544363.8153909103,0.18026002361470655,544363.8153909103,0.01678826660982091,0.0,543999.2654715402
train_OOF,2005-01-01,3,History-conditioned,Constant,oil_cum,6,70,726288.3103286746,0.20447925188704535,726288.3103286746,0.022039298029511618,0.0,725843.0157087054
train_OOF,2005-01-01,3,History-conditioned,Constant,oil_cum,7,70,922602.2746562067,0.22626517799388748,922602.2746562067,0.02755947856731746,0.0,922078.1767020089
train_OOF,2005-01-01,3,History-conditioned,Constant,oil_cum,8,70,1131879.2714962685,0.2465820639268292,1131879.2714962685,0.033303878794938985,0.0,1131283.0519810268
train_OOF,2005-01-01,3,History-conditioned,Constant,oil_cum,9,70,1348976.1594553844,0.26557097535196317,1348976.1594553844,0.039131776722508844,0.0,1348313.105747768
train_OOF,2005-01-01,3,History-conditioned,Constant,oil_cum,10,70,1580479.1214475571,0.2841419841707322,1580479.1214475571,0.04521807997846388,0.0,1579741.2845563616
train_OOF,2005-01-01,3,History-conditioned,Constant,oil_cum,11,70,1826370.187751684,0.3024536882956495,1826370.187751684,0.05155515573288277,0.0,1825553.1598353796
train_OOF,2005-01-01,3,History-conditioned,Constant,oil_cum,12,70,2083949.2238667686,0.3204592575318662,2083949.2238667686,0.058069640118110354,0.0,2083053.8351143973
train_OOF,2005-01-01,3,History-conditioned,Constant,water_cum,1,70,9579.348675425303,0.016479630205844493,9579.348675425303,0.0012269599387257656,0.0,-9491.932993861607
train_OOF,2005-01-01,3,History-conditioned,Constant,water_cum,2,70,31683.870454883527,0.026820970452143655,31683.870454883527,0.0037695217685748315,0.0,-31463.082624162947
train_OOF,2005-01-01,3,History-conditioned,Constant,water_cum,3,70,65719.97380942214,0.03651995756245339,65719.97380942214,0.0072847528186360784,0.0,-65311.12031947545
train_OOF,2005-01-01,3,History-conditioned,Constant,water_cum,4,70,110722.58027545022,0.045587983339002124,110722.58027545022,0.011475007320781242,0.0,-110094.71515764509
train_OOF,2005-01-01,3,History-conditioned,Constant,water_cum,5,70,165059.50787455472,0.05403629308692607,165059.50787455472,0.016066876507706034,0.0,-164218.66958007813
train_OOF,2005-01-01,3,History-conditioned,Constant,water_cum,6,70,231533.21138405328,0.06259470197821941,231533.21138405328,0.021210235675047748,0.0,-230502.03349609376
train_OOF,2005-01-01,3,History-conditioned,Constant,water_cum,7,70,310430.5707717068,0.07116672137323851,310430.5707717068,0.02681262795483433,0.0,-309244.2497628348
train_OOF,2005-01-01,3,History-conditioned,Constant,water_cum,8,70,400341.50535888446,0.07949371485431284,400341.50535888446,0.03267943890941418,0.0,-399041.9374581473
train_OOF,2005-01-01,3,History-conditioned,Constant,water_cum,9,70,498015.7545893354,0.08728984893092599,498015.7545893354,0.038550588586702794,0.0,-496635.6918805803
train_OOF,2005-01-01,3,History-conditioned,Constant,water_cum,10,70,607703.7136690489,0.09506027034460886,607703.7136690489,0.04466824359095834,0.0,-606260.0129394531
train_OOF,2005-01-01,3,History-conditioned,Constant,water_cum,11,70,729232.791317589,0.10273072245737365,729232.791317589,0.05096201579142294,0.0,-727731.2006347657
train_OOF,2005-01-01,3,History-conditioned,Constant,water_cum,12,70,860878.8889741048,0.11016831914272868,860878.8889741048,0.05730041708263074,0.0,-859335.5026157924
train_OOF,2005-01-01,3,History-conditioned,Liquid-WC-time,gas_cum,1,70,4818.430532178535,0.019786702599366972,4818.430532178535,0.00044091613496240705,0.0,4700.647192645978
train_OOF,2005-01-01,3,History-conditioned,Liquid-WC-time,gas_cum,2,70,11363.334365089831,0.023988654089180984,11363.334365089831,0.001018439244417716,0.0,10689.635201860778
train_OOF,2005-01-01,3,History-conditioned,Liquid-WC-time,gas_cum,3,70,18346.25076783756,0.02649780015657033,18346.25076783756,0.0016128082916111615,0.0,16106.827077977705
train_OOF,2005-01-01,3,History-conditioned,Liquid-WC-time,gas_cum,4,70,23617.260315968815,0.026223504399342356,23617.260315968815,0.002039032205692083,0.0,17652.270245033316
train_OOF,2005-01-01,3,History-conditioned,Liquid-WC-time,gas_cum,5,70,27645.600385532638,0.025201882001321115,27645.600385532638,0.0023472452564279305,0.0,13166.241038312097
train_OOF,2005-01-01,3,History-conditioned,Liquid-WC-time,gas_cum,6,70,34873.78190029528,0.027029745511348083,34873.78190029528,0.002913423843859934,0.0,988.554174625501
train_OOF,2005-01-01,3,History-conditioned,Liquid-WC-time,gas_cum,7,70,51134.22254442734,0.03452519782817253,51134.22254442734,0.004205191598666293,0.0,-19542.731135749844
train_OOF,2005-01-01,3,History-conditioned,Liquid-WC-time,gas_cum,8,70,77594.91464653882,0.04653941304014582,77594.91464653882,0.006285591928694024,0.0,-47644.96870753204
train_OOF,2005-01-01,3,History-conditioned,Liquid-WC-time,gas_cum,9,70,112000.48430774157,0.06070384515363784,112000.48430774157,0.008944633339950861,0.0,-81962.5906161064
train_OOF,2005-01-01,3,History-conditioned,Liquid-WC-time,gas_cum,10,70,154251.77724279184,0.07634639085094659,154251.77724279184,0.012149812995860584,0.0,-123082.62711793874
train_OOF,2005-01-01,3,History-conditioned,Liquid-WC-time,gas_cum,11,70,203682.0953397861,0.09285987623685102,203682.0953397861,0.015828910780806674,0.0,-170753.92584283842
train_OOF,2005-01-01,3,History-conditioned,Liquid-WC-time,gas_cum,12,70,259086.90990753175,0.10968131620289681,259086.90990753175,0.01987565954121063,0.0,-224023.25053544584
train_OOF,2005-01-01,3,History-conditioned,Liquid-WC-time,oil_cum,1,70,13118.771605268601,0.019564206750821607,13118.771605268601,0.0004360365042767225,0.0,12819.448094077728
train_OOF,2005-01-01,3,History-conditioned,Liquid-WC-time,oil_cum,2,70,31089.42719767286,0.02383540099976378,31089.42719767286,0.0010120932136519461,0.0,29218.848800127795
train_OOF,2005-01-01,3,History-conditioned,Liquid-WC-time,oil_cum,3,70,50435.24201205726,0.02645729083804692,50435.24201205726,0.0016104577632755019,0.0,44195.479320014216
train_OOF,2005-01-01,3,History-conditioned,Liquid-WC-time,oil_cum,4,70,65128.45000759043,0.026267412806604946,65128.45000759043,0.0020424319380157973,0.0,48595.275459919176
train_OOF,2005-01-01,3,History-conditioned,Liquid-WC-time,oil_cum,5,70,76328.55770691835,0.025275353037279305,76328.55770691835,0.0023539848544243316,0.0,36354.85017193029
train_OOF,2005-01-01,3,History-conditioned,Liquid-WC-time,oil_cum,6,70,96298.43964965256,0.027111868134762844,96298.43964965256,0.0029221866592554443,0.0,2801.649524585051
train_OOF,2005-01-01,3,History-conditioned,Liquid-WC-time,oil_cum,7,70,141225.00831921227,0.03463496950128599,141225.00831921227,0.00421859743559909,0.0,-53870.105150003255
train_OOF,2005-01-01,3,History-conditioned,Liquid-WC-time,oil_cum,8,70,214131.38667338173,0.046648932096474444,214131.38667338173,0.006300500351539505,0.0,-131304.58365126964
train_OOF,2005-01-01,3,History-conditioned,Liquid-WC-time,oil_cum,9,70,308786.7006797602,0.06079038884448931,308786.7006797602,0.008957439418913754,0.0,-225744.06240920362
train_OOF,2005-01-01,3,History-conditioned,Liquid-WC-time,oil_cum,10,70,425002.4878486739,0.07640787438192473,425002.4878486739,0.012159475076764016,0.0,-338876.4108333858
train_OOF,2005-01-01,3,History-conditioned,Liquid-WC-time,oil_cum,11,70,560995.8168200334,0.09290299143818424,560995.8168200334,0.015835906047752955,0.0,-470049.1550726788
train_OOF,2005-01-01,3,History-conditioned,Liquid-WC-time,oil_cum,12,70,713464.717355818,0.10971302514501449,713464.717355818,0.019880829580361418,0.0,-616659.6905095734
train_OOF,2005-01-01,3,History-conditioned,Liquid-WC-time,water_cum,1,70,3372.162929492746,0.005801229285500502,3372.162929492746,0.00043191963895812795,0.0,-1390.4634608959645
train_OOF,2005-01-01,3,History-conditioned,Liquid-WC-time,water_cum,2,70,11488.67145690026,0.009725368563120545,11488.67145690026,0.0013668404941390249,0.0,875.2149187972503
train_OOF,2005-01-01,3,History-conditioned,Liquid-WC-time,water_cum,3,70,27129.89563384454,0.015075822155603864,27129.89563384454,0.0030072224961784325,0.0,7197.308976256435
train_OOF,2005-01-01,3,History-conditioned,Liquid-WC-time,water_cum,4,70,50361.68664131317,0.020735497003561816,50361.68664131317,0.0052193574378260185,0.0,17498.607924464544
train_OOF,2005-01-01,3,History-conditioned,Liquid-WC-time,water_cum,5,70,79948.76870361266,0.026173197492449694,79948.76870361266,0.007782205401220138,0.0,30802.01763381584
train_OOF,2005-01-01,3,History-conditioned,Liquid-WC-time,water_cum,6,70,115649.46401604438,0.03126568188965954,115649.46401604438,0.010594386752596137,0.0,45340.8311343515
train_OOF,2005-01-01,3,History-conditioned,Liquid-WC-time,water_cum,7,70,157072.31163588795,0.03600908702339872,157072.31163588795,0.013566709758737153,0.0,60176.23423438868
train_OOF,2005-01-01,3,History-conditioned,Liquid-WC-time,water_cum,8,70,203786.25163548847,0.040464768108963836,203786.25163548847,0.016634848677332274,0.0,74759.18333632124
train_OOF,2005-01-01,3,History-conditioned,Liquid-WC-time,water_cum,9,70,254322.10190970238,0.04457637665258085,254322.10190970238,0.019686659767041006,0.0,88598.46670989522
train_OOF,2005-01-01,3,History-conditioned,Liquid-WC-time,water_cum,10,70,309568.2393229103,0.04842432234364543,309568.2393229103,0.02275429491554894,0.0,99853.84096026536
train_OOF,2005-01-01,3,History-conditioned,Liquid-WC-time,water_cum,11,70,369376.80649086967,0.05203598445051066,369376.80649086967,0.025813686479130002,0.0,107771.63123293054
train_OOF,2005-01-01,3,History-conditioned,Liquid-WC-time,water_cum,12,70,432826.35652662674,0.0553896172736142,432826.35652662674,0.028809082289015412,0.0,111545.14058592125
train_OOF,2005-01-01,3,History-conditioned,Liquid-WC-volume,gas_cum,1,70,5259.457460081673,0.021597762985618173,5259.457460081673,0.00048127282105900565,0.0,5158.29088766966
train_OOF,2005-01-01,3,History-conditioned,Liquid-WC-volume,gas_cum,2,70,13174.544436239605,0.027812222989268463,13174.544436239605,0.0011807690111110638,0.0,12644.670731138758
train_OOF,2005-01-01,3,History-conditioned,Liquid-WC-volume,gas_cum,3,70,22401.683201206164,0.032355129783627486,22401.683201206164,0.0019693190107425043,0.0,20776.55335950609
train_OOF,2005-01-01,3,History-conditioned,Liquid-WC-volume,gas_cum,4,70,30268.124940872443,0.03360831429757869,30268.124940872443,0.002613244751281344,0.0,26364.0283298651
train_OOF,2005-01-01,3,History-conditioned,Liquid-WC-volume,gas_cum,5,70,35559.20267443583,0.032415965555632045,35559.20267443583,0.0030191483865768384,0.0,27206.304094559007
train_OOF,2005-01-01,3,History-conditioned,Liquid-WC-volume,gas_cum,6,70,39281.50822320934,0.03044605754577726,39281.50822320934,0.0032816539085859554,0.0,21861.125406443327
train_OOF,2005-01-01,3,History-conditioned,Liquid-WC-volume,gas_cum,7,70,45042.44794937527,0.030412106584122137,45042.44794937527,0.0037042144042672854,0.0,9751.746298193293
train_OOF,2005-01-01,3,History-conditioned,Liquid-WC-volume,gas_cum,8,70,57278.497970062665,0.03435415436038251,57278.497970062665,0.004639856441215923,0.0,-8395.144394852434
train_OOF,2005-01-01,3,History-conditioned,Liquid-WC-volume,gas_cum,9,70,76963.81941909085,0.04171410333915943,76963.81941909085,0.006146519360170069,0.0,-31504.14471417112
train_OOF,2005-01-01,3,History-conditioned,Liquid-WC-volume,gas_cum,10,70,104021.93388021499,0.051485301259057814,104021.93388021499,0.008193403451832487,0.0,-59849.939612989074
train_OOF,2005-01-01,3,History-conditioned,Liquid-WC-volume,gas_cum,11,70,137497.7518235067,0.06268604118529046,137497.7518235067,0.010685473568724882,0.0,-93191.88431015065
train_OOF,2005-01-01,3,History-conditioned,Liquid-WC-volume,gas_cum,12,70,176111.435601838,0.07455465064632262,176111.435601838,0.013510257760939146,0.0,-130786.52718060208
train_OOF,2005-01-01,3,History-conditioned,Liquid-WC-volume,oil_cum,1,70,14334.702684528535,0.021377541699029508,14334.702684528535,0.0004764511370788513,0.0,14079.304382331617
train_OOF,2005-01-01,3,History-conditioned,Liquid-WC-volume,oil_cum,2,70,36070.49515672773,0.02765424756313934,36070.49515672773,0.0011742481818359835,0.0,34600.90511186644
train_OOF,2005-01-01,3,History-conditioned,Liquid-WC-volume,oil_cum,3,70,61580.070009240786,0.03230363842949898,61580.070009240786,0.001966325486962514,0.0,57050.8635017031
train_OOF,2005-01-01,3,History-conditioned,Liquid-WC-volume,oil_cum,4,70,83409.68736206349,0.0336405470996751,83409.68736206349,0.0026157325928735683,0.0,72578.05339677173
train_OOF,2005-01-01,3,History-conditioned,Liquid-WC-volume,oil_cum,5,70,98101.3474684644,0.03248517023234019,98101.3474684644,0.003025461152116762,0.0,75006.0315246285
train_OOF,2005-01-01,3,History-conditioned,Liquid-WC-volume,oil_cum,6,70,108427.78138368072,0.03052676369123133,108427.78138368072,0.003290252857728425,0.0,60262.188214944144
train_OOF,2005-01-01,3,History-conditioned,Liquid-WC-volume,oil_cum,7,70,124441.57049038912,0.030518886491298733,124441.57049038912,0.003717251614289776,0.0,26775.279150926162
train_OOF,2005-01-01,3,History-conditioned,Liquid-WC-volume,oil_cum,8,70,158254.11762563683,0.03447596217347759,158254.11762563683,0.004656394091603966,0.0,-23252.91236215516
train_OOF,2005-01-01,3,History-conditioned,Liquid-WC-volume,oil_cum,9,70,212440.01912818986,0.041822757717557016,212440.01912818986,0.006162566578497624,0.0,-86835.93866191548
train_OOF,2005-01-01,3,History-conditioned,Liquid-WC-volume,oil_cum,10,70,286847.0089926882,0.05156998101561241,286847.0089926882,0.008206796798640855,0.0,-164801.8084732039
train_OOF,2005-01-01,3,History-conditioned,Liquid-WC-volume,oil_cum,11,70,378918.5537270459,0.06275032022915399,378918.5537270459,0.01069619137373512,0.0,-256526.97621862424
train_OOF,2005-01-01,3,History-conditioned,Liquid-WC-volume,oil_cum,12,70,485154.8468693038,0.07460467857621036,485154.8468693038,0.013518931765037358,0.0,-359986.35965982237
train_OOF,2005-01-01,3,History-conditioned,Liquid-WC-volume,water_cum,1,70,3996.2869255810297,0.006874927822491296,3996.2869255810297,0.0005118598484592465,0.0,-2650.319749150146
train_OOF,2005-01-01,3,History-conditioned,Liquid-WC-volume,water_cum,2,70,11947.382801130221,0.010113676027865863,11947.382801130221,0.0014214147103803537,0.0,-4506.84139294152
train_OOF,2005-01-01,3,History-conditioned,Liquid-WC-volume,water_cum,3,70,25756.635713935382,0.014312714821709729,25756.635713935382,0.002855003033929591,0.0,-5658.075205432411
train_OOF,2005-01-01,3,History-conditioned,Liquid-WC-volume,water_cum,4,70,45602.34203860945,0.01877592451245059,45602.34203860945,0.004726111037477679,0.0,-6484.1700123881255
train_OOF,2005-01-01,3,History-conditioned,Liquid-WC-volume,water_cum,5,70,70612.23944767573,0.023116654808026472,70612.23944767573,0.006873388547847899,0.0,-7849.163718882788
train_OOF,2005-01-01,3,History-conditioned,Liquid-WC-volume,water_cum,6,70,101420.52973514437,0.027418908049066795,101420.52973514437,0.009290906151698457,0.0,-12119.707556006779
train_OOF,2005-01-01,3,History-conditioned,Liquid-WC-volume,water_cum,7,70,138173.27902828547,0.03167645256518325,138173.27902828547,0.011934355288124839,0.0,-20469.150066541722
train_OOF,2005-01-01,3,History-conditioned,Liquid-WC-volume,water_cum,8,70,180818.79553117248,0.03590424070412047,180818.79553117248,0.014760040373374864,0.0,-33292.4879527939
train_OOF,2005-01-01,3,History-conditioned,Liquid-WC-volume,water_cum,9,70,228158.89564180464,0.039990613448047975,228158.89564180464,0.01766140857438653,0.0,-50309.65703739322
train_OOF,2005-01-01,3,History-conditioned,Liquid-WC-volume,water_cum,10,70,282399.9357090186,0.044174510752486656,282399.9357090186,0.020757334264360085,0.0,-74220.76139991659
train_OOF,2005-01-01,3,History-conditioned,Liquid-WC-volume,water_cum,11,70,344008.7807825501,0.048462261985803334,344008.7807825501,0.024040856537666806,0.0,-105750.54762112384
train_OOF,2005-01-01,3,History-conditioned,Liquid-WC-volume,water_cum,12,70,412599.68673869444,0.05280117162704133,412599.68673869444,0.027462787670939313,0.0,-145128.19026383068
train_OOF,2005-01-01,3,History-conditioned,Separate,gas_cum,1,70,6010.115714308493,0.02468031269365156,6010.115714308493,0.0005499626846818136,0.0,5945.112763918111
train_OOF,2005-01-01,3,History-conditioned,Separate,gas_cum,2,70,16115.124590995983,0.03401995725876898,16115.124590995983,0.0014443186114959981,0.0,15865.03407935423
train_OOF,2005-01-01,3,History-conditioned,Separate,gas_cum,3,70,28815.248462437943,0.04161835052195781,28815.248462437943,0.0025331318225807415,0.0,28159.208374302143
train_OOF,2005-01-01,3,History-conditioned,Separate,gas_cum,4,70,40979.368822315606,0.04550157995538797,40979.368822315606,0.0035380163354992375,0.0,39611.353854920664
train_OOF,2005-01-01,3,History-conditioned,Separate,gas_cum,5,70,50322.48645406958,0.045874256588481294,50322.48645406958,0.0042726226225416756,0.0,47799.325970209684
train_OOF,2005-01-01,3,History-conditioned,Separate,gas_cum,6,70,55902.305937552774,0.04332839803006224,55902.305937552774,0.004670187807874086,0.0,51435.16905538357
train_OOF,2005-01-01,3,History-conditioned,Separate,gas_cum,7,70,57660.049543990855,0.03893135591450319,57660.049543990855,0.004741864525473212,0.0,49908.035867060564
train_OOF,2005-01-01,3,History-conditioned,Separate,gas_cum,8,70,56968.451434495975,0.03416819650675082,56968.451434495975,0.00461474105819946,0.0,43751.401064732694
train_OOF,2005-01-01,3,History-conditioned,Separate,gas_cum,9,70,55714.37452968252,0.030196983389721464,55714.37452968252,0.004449486580463486,0.0,33623.99009942077
train_OOF,2005-01-01,3,History-conditioned,Separate,gas_cum,10,70,56468.9026636081,0.02794909070573671,56468.9026636081,0.004447835997146366,0.0,19544.54026494356
train_OOF,2005-01-01,3,History-conditioned,Separate,gas_cum,11,70,62047.456333359536,0.02828780363004113,62047.456333359536,0.004821943965365815,0.0,1665.7481534083506
train_OOF,2005-01-01,3,History-conditioned,Separate,gas_cum,12,70,73960.52135734928,0.031310294033850404,73960.52135734928,0.0056738263716748965,0.0,-19549.313898441167
train_OOF,2005-01-01,3,History-conditioned,Separate,oil_cum,1,70,16386.627628237162,0.02443760593703799,16386.627628237162,0.0005446522008990031,0.0,16245.374485794933
train_OOF,2005-01-01,3,History-conditioned,Separate,oil_cum,2,70,44109.94843341755,0.033817873269408716,44109.94843341755,0.0014359666127055854,0.0,43466.357924405806
train_OOF,2005-01-01,3,History-conditioned,Separate,oil_cum,3,70,79135.44999247765,0.041512829769909075,79135.44999247765,0.0025268898235923706,0.0,77374.83543788153
train_OOF,2005-01-01,3,History-conditioned,Separate,oil_cum,4,70,112759.34885513256,0.0454777653058924,112759.34885513256,0.003536139665303672,0.0,109047.08105294364
train_OOF,2005-01-01,3,History-conditioned,Separate,oil_cum,5,70,138568.86481167583,0.0458855385626222,138568.86481167583,0.004273485820522614,0.0,131697.28000202918
train_OOF,2005-01-01,3,History-conditioned,Separate,oil_cum,6,70,153900.3247859427,0.04332910612751249,153900.3247859427,0.004670122149234475,0.0,141677.5981674213
train_OOF,2005-01-01,3,History-conditioned,Separate,oil_cum,7,70,158642.21028575636,0.03890648108474063,158642.21028575636,0.004738874718113355,0.0,137322.91149392814
train_OOF,2005-01-01,3,History-conditioned,Separate,oil_cum,8,70,156719.99510859087,0.03414175064924874,156719.99510859087,0.004611254798349886,0.0,120303.096388608
train_OOF,2005-01-01,3,History-conditioned,Separate,oil_cum,9,70,153322.3189707184,0.030184342033677865,153322.3189707184,0.004447650694554672,0.0,92457.51707057118
train_OOF,2005-01-01,3,History-conditioned,Separate,oil_cum,10,70,155456.526056303,0.027948313373143636,155456.526056303,0.004447667503478193,0.0,53765.93594222138
train_OOF,2005-01-01,3,History-conditioned,Separate,oil_cum,11,70,170845.53926005142,0.028292656014973924,170845.53926005142,0.004822663248606329,0.0,4609.782340585973
train_OOF,2005-01-01,3,History-conditioned,Separate,oil_cum,12,70,203636.24048767504,0.03131415952264724,203636.24048767504,0.005674362438727185,0.0,-53757.72732678796
train_OOF,2005-01-01,3,History-conditioned,Separate,water_cum,1,70,6407.150471570486,0.011022406013423027,6407.150471570486,0.0008206525533590997,0.0,-5434.269952432772
train_OOF,2005-01-01,3,History-conditioned,Separate,water_cum,2,70,20186.232251242207,0.017088011375429254,20186.232251242207,0.002401614474624153,0.0,-15533.57199703882
train_OOF,2005-01-01,3,History-conditioned,Separate,water_cum,3,70,42170.46511818634,0.023433722006205214,42170.46511818634,0.004674399529186354,0.0,-30093.32476562476
train_OOF,2005-01-01,3,History-conditioned,Separate,water_cum,4,70,72305.23723370745,0.029770349843117834,72305.23723370745,0.007493531351270197,0.0,-48826.256527825404
train_OOF,2005-01-01,3,History-conditioned,Separate,water_cum,5,70,109756.52498865104,0.03593150027441443,109756.52498865104,0.010683689510620776,0.0,-71387.26433717679
train_OOF,2005-01-01,3,History-conditioned,Separate,water_cum,6,70,156493.04809779374,0.04230769162138104,156493.04809779374,0.014335975438767657,0.0,-100046.38041657663
train_OOF,2005-01-01,3,History-conditioned,Separate,water_cum,7,70,212807.41807640117,0.04878645228384783,212807.41807640117,0.018380683683075837,0.0,-135270.78880173748
train_OOF,2005-01-01,3,History-conditioned,Separate,water_cum,8,70,277971.53082077275,0.05519535025196697,277971.53082077275,0.02269051182157721,0.0,-176357.3798157264
train_OOF,2005-01-01,3,History-conditioned,Separate,water_cum,9,70,349584.02155782183,0.061273435928971116,349584.02155782183,0.02706072984111419,0.0,-221543.20884536844
train_OOF,2005-01-01,3,History-conditioned,Separate,water_cum,10,70,430808.54926333285,0.06738938110561515,430808.54926333285,0.03166586082447701,0.0,-273634.82305607916
train_OOF,2005-01-01,3,History-conditioned,Separate,water_cum,11,70,521566.9441631909,0.0734757811520768,521566.9441631909,0.03644940704970687,0.0,-332516.95850690024
train_OOF,2005-01-01,3,History-conditioned,Separate,water_cum,12,70,620619.6416353977,0.07942188340500825,620619.6416353977,0.041308672765526265,0.0,-397283.388920094
train_OOF,2005-01-01,3,Input-only PolyRidge,Constant,gas_cum,1,70,12345.041775022415,0.05069444678051428,30283.98432657665,0.0027711714906677705,26247.421898404347,12043.402608648128
train_OOF,2005-01-01,3,Input-only PolyRidge,Constant,gas_cum,2,70,40823.00756312446,0.0861797229447336,49868.85665481723,0.004469498041660939,26247.421898404347,40442.38524628111
train_OOF,2005-01-01,3,Input-only PolyRidge,Constant,gas_cum,3,70,83811.12332866312,0.1210498223840831,88801.28360753952,0.007806469469992701,26247.421898404347,83378.87648432801
train_OOF,2005-01-01,3,Input-only PolyRidge,Constant,gas_cum,4,70,137375.874046651,0.15253576364190044,140558.29218605536,0.012135314626254853,26247.421898404347,136896.89629380323
train_OOF,2005-01-01,3,Input-only PolyRidge,Constant,gas_cum,5,70,197255.09799343607,0.1798188367936879,199498.8383106435,0.016938416795339157,26247.421898404347,196738.68461673643
train_OOF,2005-01-01,3,Input-only PolyRidge,Constant,gas_cum,6,70,263186.17673664127,0.20398864108385845,264861.6048693963,0.02212705571066767,26247.421898404347,262638.3101115116
train_OOF,2005-01-01,3,Input-only PolyRidge,Constant,gas_cum,7,70,334375.9065315822,0.22576649741662147,335661.6475337095,0.02760424369368007,26247.421898404347,333808.0870638429
train_OOF,2005-01-01,3,Input-only PolyRidge,Constant,gas_cum,8,70,410231.506211544,0.24604619512281145,411227.1439045769,0.03331153888577416,26247.421898404347,409660.29258760257
train_OOF,2005-01-01,3,Input-only PolyRidge,Constant,gas_cum,9,70,488885.4914174765,0.2649741146415321,489657.75389607553,0.039105269032855015,26247.421898404347,488320.3809105353
train_OOF,2005-01-01,3,Input-only PolyRidge,Constant,gas_cum,10,70,572751.7835980307,0.2834815411061684,573341.236456769,0.045159860912336744,26247.421898404347,572196.6064053108
train_OOF,2005-01-01,3,Input-only PolyRidge,Constant,gas_cum,11,70,661843.2331009242,0.3017382583943998,662279.511699181,0.0514682612880349,26247.421898404347,661297.8690719288
train_OOF,2005-01-01,3,Input-only PolyRidge,Constant,gas_cum,12,70,755190.1390717198,0.3197006304424916,755496.4531852002,0.057957348340988854,26247.421898404347,754654.9031671188
train_OOF,2005-01-01,3,Input-only PolyRidge,Constant,oil_cum,1,70,34075.238949193445,0.050816878282867274,84178.54832366639,0.0027978930535995966,73503.30217644763,33237.702700042566
train_OOF,2005-01-01,3,Input-only PolyRidge,Constant,oil_cum,2,70,112581.62134686176,0.08631320458058742,137699.44607302872,0.004482703203505029,73503.30217644763,111536.34717611776
train_OOF,2005-01-01,3,Input-only PolyRidge,Constant,oil_cum,3,70,231177.82378792268,0.12127113255056128,244891.9366989301,0.007819693232087213,73503.30217644763,230009.0191425103
train_OOF,2005-01-01,3,Input-only PolyRidge,Constant,oil_cum,4,70,378976.41920836875,0.15284764256104683,387639.655662438,0.012156401896162695,73503.30217644763,377693.4053946163
train_OOF,2005-01-01,3,Input-only PolyRidge,Constant,oil_cum,5,70,544123.4496170781,0.18018042916180185,550180.5354395683,0.016967655180865876,73503.30217644763,542745.8795232287
train_OOF,2005-01-01,3,Input-only PolyRidge,Constant,oil_cum,6,70,725801.4291289424,0.20434217532658955,730285.2746173397,0.022160586346999946,73503.30217644763,724338.9525707333
train_OOF,2005-01-01,3,Input-only PolyRidge,Constant,oil_cum,7,70,921841.4551250491,0.22607858950243515,925247.5733501638,0.027638497506098453,73503.30217644763,920320.6816799856
train_OOF,2005-01-01,3,Input-only PolyRidge,Constant,oil_cum,8,70,1130803.4606104784,0.2463476964679549,1133405.1562118584,0.0333487757030305,73503.30217644763,1129272.125074954
train_OOF,2005-01-01,3,Input-only PolyRidge,Constant,oil_cum,9,70,1347567.7271747766,0.26529369933647806,1349549.0911018124,0.03914839661093914,73503.30217644763,1346054.2563464306
train_OOF,2005-01-01,3,Input-only PolyRidge,Constant,oil_cum,10,70,1578717.2542782165,0.28382523184762454,1580190.4436508282,0.04520982080216515,73503.30217644763,1577231.757965368
train_OOF,2005-01-01,3,Input-only PolyRidge,Constant,oil_cum,11,70,1824251.969015623,0.3021029034034983,1825299.3025135116,0.05152492656269795,73503.30217644763,1822790.2013603337
train_OOF,2005-01-01,3,Input-only PolyRidge,Constant,oil_cum,12,70,2081478.6861864564,0.32007935064082,2082165.1088151187,0.05801992541403211,73503.30217644763,2080037.4447552946
train_OOF,2005-01-01,3,Input-only PolyRidge,Constant,water_cum,1,70,10962.23693613447,0.0188586528225861,45910.36192828235,0.005880376293527294,40685.27375543863,-9660.025324096916
train_OOF,2005-01-01,3,Input-only PolyRidge,Constant,water_cum,2,70,33547.393541170524,0.02839847651174463,59571.7243859961,0.0070874204647538835,40685.27375543863,-31801.134977191527
train_OOF,2005-01-01,3,Input-only PolyRidge,Constant,water_cum,3,70,67938.9424605667,0.0377530171069871,87306.16437083679,0.009677481443146521,40685.27375543863,-65821.00038785605
train_OOF,2005-01-01,3,Input-only PolyRidge,Constant,water_cum,4,70,113280.1023851313,0.04664099596781928,128718.27159552982,0.013340035114811244,40685.27375543863,-110776.42294137803
train_OOF,2005-01-01,3,Input-only PolyRidge,Constant,water_cum,5,70,167917.80473281097,0.05497202692468571,181009.25009247471,0.017619422870196254,40685.27375543863,-165068.4696940462
train_OOF,2005-01-01,3,Input-only PolyRidge,Constant,water_cum,6,70,234682.683027822,0.06344615753291974,246173.40479877515,0.022551390798316254,40685.27375543863,-231521.79363285517
train_OOF,2005-01-01,3,Input-only PolyRidge,Constant,water_cum,7,70,313850.3003258398,0.07195070002503755,324197.1088993419,0.028001676649763843,40685.27375543863,-310435.8376149467
train_OOF,2005-01-01,3,Input-only PolyRidge,Constant,water_cum,8,70,404014.14799907914,0.08022297225803796,413526.72966356634,0.03375573433820193,40685.27375543863,-400405.35302561056
train_OOF,2005-01-01,3,Input-only PolyRidge,Constant,water_cum,9,70,501915.19681650575,0.08797332474426699,510806.0412644667,0.039540663850336895,40685.27375543863,-498167.1997782801
train_OOF,2005-01-01,3,Input-only PolyRidge,Constant,water_cum,10,70,611800.0497445397,0.09570104117749963,620191.1368208709,0.045586110713739705,40685.27375543863,-607961.4808599477
train_OOF,2005-01-01,3,Input-only PolyRidge,Constant,water_cum,11,70,733495.6392453344,0.10333125146890089,741476.3768630394,0.051817651752037806,40685.27375543863,-729604.4962706137
train_OOF,2005-01-01,3,Input-only PolyRidge,Constant,water_cum,12,70,865279.7262364418,0.11073150271038489,872914.7136417903,0.058101526021675176,40685.27375543863,-861380.6259669937
train_OOF,2005-01-01,3,Input-only PolyRidge,Liquid-WC-time,gas_cum,1,70,5404.454245099489,0.02219318679506235,28342.06341193607,0.00259347374067056,26247.421898404347,4669.60910039882
train_OOF,2005-01-01,3,Input-only PolyRidge,Liquid-WC-time,gas_cum,2,70,12516.768052164794,0.026423619113096406,32584.420396883215,0.002920379830654452,26247.421898404347,10625.180448844258
train_OOF,2005-01-01,3,Input-only PolyRidge,Liquid-WC-time,gas_cum,3,70,20098.820353390285,0.029029066038963647,38665.0378042566,0.003399021105472126,26247.421898404347,16007.452592470205
train_OOF,2005-01-01,3,Input-only PolyRidge,Liquid-WC-time,gas_cum,4,70,26186.548332855735,0.02907632198752195,44887.55851437448,0.0038754358558605252,26247.421898404347,17517.675528242813
train_OOF,2005-01-01,3,Input-only PolyRidge,Liquid-WC-time,gas_cum,5,70,31176.971771568536,0.028421099661006744,50844.79847926987,0.004316969441074444,26247.421898404347,12997.591088160552
train_OOF,2005-01-01,3,Input-only PolyRidge,Liquid-WC-time,gas_cum,6,70,39064.07641556668,0.03027753190541349,59018.15758206937,0.004930492139105451,26247.421898404347,786.4358343164038
train_OOF,2005-01-01,3,Input-only PolyRidge,Liquid-WC-time,gas_cum,7,70,55185.85295491876,0.03726080882386764,73493.86642310455,0.0060440107281854675,26247.421898404347,-19777.254215327597
train_OOF,2005-01-01,3,Input-only PolyRidge,Liquid-WC-time,gas_cum,8,70,81149.18773685604,0.048671173660815914,96886.24241655608,0.007848289879679142,26247.421898404347,-47910.13540032961
train_OOF,2005-01-01,3,Input-only PolyRidge,Liquid-WC-time,gas_cum,9,70,115117.38939098304,0.06239319609440514,128584.39278988962,0.010269064940697629,26247.421898404347,-82255.83591613964
train_OOF,2005-01-01,3,Input-only PolyRidge,Liquid-WC-time,gas_cum,10,70,157027.1403207105,0.07772004733703394,168728.41724337754,0.013290081665431008,26247.421898404347,-123402.2625150466
train_OOF,2005-01-01,3,Input-only PolyRidge,Liquid-WC-time,gas_cum,11,70,206216.96315774161,0.09401553752096856,216601.4203128953,0.016832920691478716,26247.421898404347,-171098.19513028406
train_OOF,2005-01-01,3,Input-only PolyRidge,Liquid-WC-time,gas_cum,12,70,261454.80418605843,0.11068373566589017,270866.714110661,0.02077933845685743,26247.421898404347,-224390.17163971133
train_OOF,2005-01-01,3,Input-only PolyRidge,Liquid-WC-time,oil_cum,1,70,14918.73599784759,0.02224851871082172,79134.2308539166,0.002630232039127147,73503.30217644763,12738.662254542645
train_OOF,2005-01-01,3,Input-only PolyRidge,Liquid-WC-time,oil_cum,2,70,34581.71896384458,0.026512844174435935,90640.72209964874,0.002950741393023583,73503.30217644763,29050.570213209678
train_OOF,2005-01-01,3,Input-only PolyRidge,Liquid-WC-time,oil_cum,3,70,55644.40278821302,0.029189909463014585,107277.57937245657,0.003425501764906261,73503.30217644763,43935.4063755739
train_OOF,2005-01-01,3,Input-only PolyRidge,Liquid-WC-time,oil_cum,4,70,72650.55592608564,0.02930120619970876,124445.58401974716,0.0039026206721845423,73503.30217644763,48242.36907292812
train_OOF,2005-01-01,3,Input-only PolyRidge,Liquid-WC-time,oil_cum,5,70,86597.64593545375,0.028675847401968126,140927.06475733567,0.004346213081754282,73503.30217644763,35912.025725829015
train_OOF,2005-01-01,3,Input-only PolyRidge,Liquid-WC-time,oil_cum,6,70,108484.26164634395,0.0305426651475697,163521.5136653674,0.0049620781756448485,73503.30217644763,2270.365258851807
train_OOF,2005-01-01,3,Input-only PolyRidge,Liquid-WC-time,oil_cum,7,70,153048.56732994562,0.037534658519592076,203515.41174753616,0.006079302839639144,73503.30217644763,-54487.08116610263
train_OOF,2005-01-01,3,Input-only PolyRidge,Liquid-WC-time,oil_cum,8,70,224507.3890219785,0.04890936405141643,267907.3556490641,0.007882778954874128,73503.30217644763,-132002.60040812675
train_OOF,2005-01-01,3,Input-only PolyRidge,Liquid-WC-time,oil_cum,9,70,317853.6548523005,0.06257538693077515,355012.2159808285,0.010298372341238055,73503.30217644763,-226516.31703652735
train_OOF,2005-01-01,3,Input-only PolyRidge,Liquid-WC-time,oil_cum,10,70,433032.73454253236,0.07785156965003025,465321.69219744287,0.013313022113336598,73503.30217644763,-339718.4032505474
train_OOF,2005-01-01,3,Input-only PolyRidge,Liquid-WC-time,oil_cum,11,70,568287.0723381116,0.09411045043994527,596934.600813834,0.016850393481941593,73503.30217644763,-470956.1993535297
train_OOF,2005-01-01,3,Input-only PolyRidge,Liquid-WC-time,oil_cum,12,70,720241.2502085529,0.11075508637268602,746195.3253990507,0.020792874177297797,73503.30217644763,-617626.5059606167
train_OOF,2005-01-01,3,Input-only PolyRidge,Liquid-WC-time,water_cum,1,70,7127.481090040856,0.012261611581625387,46161.0905635108,0.005912490584523497,40685.27375543863,-1398.8292733652117
train_OOF,2005-01-01,3,Input-only PolyRidge,Liquid-WC-time,water_cum,2,70,17971.09268768721,0.01521285559652644,55941.084673917896,0.006655472750284497,40685.27375543863,854.243742656109
train_OOF,2005-01-01,3,Input-only PolyRidge,Liquid-WC-time,water_cum,3,70,35313.72830432169,0.01962349928479341,71749.38374613594,0.007953084810954844,40685.27375543863,7156.989673652247
train_OOF,2005-01-01,3,Input-only PolyRidge,Liquid-WC-time,water_cum,4,70,59943.725510682256,0.024680725043260264,94692.99712488278,0.009813741989497983,40685.27375543863,17430.21368982374
train_OOF,2005-01-01,3,Input-only PolyRidge,Liquid-WC-time,water_cum,5,70,90808.6320616425,0.02972844109431756,124152.77698905476,0.012085019285819747,40685.27375543863,30696.034069617584
train_OOF,2005-01-01,3,Input-only PolyRidge,Liquid-WC-time,water_cum,6,70,127903.91626493269,0.03457865708591821,160318.37957542643,0.014686405434061871,40685.27375543863,45185.325007931824
train_OOF,2005-01-01,3,Input-only PolyRidge,Liquid-WC-time,water_cum,7,70,170758.01742114458,0.039146557691942314,202641.67914675496,0.01750264459327553,40685.27375543863,59957.88526412249
train_OOF,2005-01-01,3,Input-only PolyRidge,Liquid-WC-time,water_cum,8,70,218873.6891939093,0.04346060152392838,250465.20371709522,0.020445200445727767,40685.27375543863,74464.47876616876
train_OOF,2005-01-01,3,Input-only PolyRidge,Liquid-WC-time,water_cum,9,70,270707.42770889093,0.04744831915744112,302155.3997867055,0.023389357463265734,40685.27375543863,88215.66368605591
train_OOF,2005-01-01,3,Input-only PolyRidge,Liquid-WC-time,water_cum,10,70,327187.1748655663,0.051180370625392865,358659.0769461137,0.02636263470962105,40685.27375543863,99368.43887010991
train_OOF,2005-01-01,3,Input-only PolyRidge,Liquid-WC-time,water_cum,11,70,388133.95325922634,0.054678398864254525,419740.1568151075,0.029333300359761137,40685.27375543863,107168.88548541436
train_OOF,2005-01-01,3,Input-only PolyRidge,Liquid-WC-time,water_cum,12,70,452618.0747110775,0.057922401330992926,484420.749849743,0.032243224180986914,40685.27375543863,110811.77489196547
train_OOF,2005-01-01,3,Input-only PolyRidge,Liquid-WC-volume,gas_cum,1,70,5795.723994156765,0.023799921209727647,28393.71035926442,0.002598199755136587,26247.421898404347,5127.644707878333
train_OOF,2005-01-01,3,Input-only PolyRidge,Liquid-WC-volume,gas_cum,2,70,14164.093766373586,0.0299012186856102,33152.688762224694,0.0029713109029991048,26247.421898404347,12581.726686616375
train_OOF,2005-01-01,3,Input-only PolyRidge,Liquid-WC-volume,gas_cum,3,70,23826.51291166337,0.03441303542345588,40522.49470745242,0.003562309067284811,26247.421898404347,20680.431348487815
train_OOF,2005-01-01,3,Input-only PolyRidge,Liquid-WC-volume,gas_cum,4,70,32262.805318795232,0.03582311436185086,48346.72136519436,0.0041740879587374305,26247.421898404347,26234.907959720174
train_OOF,2005-01-01,3,Input-only PolyRidge,Liquid-WC-volume,gas_cum,5,70,38296.882636754446,0.034911649729806864,54999.31548642222,0.00466970803968671,26247.421898404347,27045.647798087448
train_OOF,2005-01-01,3,Input-only PolyRidge,Liquid-WC-volume,gas_cum,6,70,42949.678108757245,0.033289158955948986,60966.89140925178,0.005093293168649126,26247.421898404347,21669.798735090106
train_OOF,2005-01-01,3,Input-only PolyRidge,Liquid-WC-volume,gas_cum,7,70,49486.70543077131,0.03341281454660696,68421.76930317267,0.005626890077180644,26247.421898404347,9531.032055886702
train_OOF,2005-01-01,3,Input-only PolyRidge,Liquid-WC-volume,gas_cum,8,70,61911.03068608192,0.037132627079566376,80402.13129289671,0.006512991087193255,26247.421898404347,-8643.327809108581
train_OOF,2005-01-01,3,Input-only PolyRidge,Liquid-WC-volume,gas_cum,9,70,81359.68952345148,0.04409664855563729,98370.53852327136,0.00785611244435802,26247.421898404347,-31777.1436213694
train_OOF,2005-01-01,3,Input-only PolyRidge,Liquid-WC-volume,gas_cum,10,70,108051.0389519306,0.05347949306730232,123283.82650444945,0.009710587872744767,26247.421898404347,-60145.83047108097
train_OOF,2005-01-01,3,Input-only PolyRidge,Liquid-WC-volume,gas_cum,11,70,141209.44694606867,0.06437822502273109,154824.7402711132,0.012032019782223392,26247.421898404347,-93508.59724347756
train_OOF,2005-01-01,3,Input-only PolyRidge,Liquid-WC-volume,gas_cum,12,70,179585.2659893678,0.07602525481272328,191887.46825676513,0.014720504369199913,26247.421898404347,-131121.70560310435
train_OOF,2005-01-01,3,Input-only PolyRidge,Liquid-WC-volume,oil_cum,1,70,15982.41756574046,0.023834801842920514,79272.03050633898,0.0026348121690768656,73503.30217644763,13999.599171493202
train_OOF,2005-01-01,3,Input-only PolyRidge,Liquid-WC-volume,oil_cum,2,70,39068.64889463319,0.029952848825476733,92174.02511980185,0.00300065693412706,73503.30217644763,34436.79361296541
train_OOF,2005-01-01,3,Input-only PolyRidge,Liquid-WC-volume,oil_cum,3,70,65819.24972320975,0.034527424935379386,112328.62514498342,0.003586787714026543,73503.30217644763,56799.76601946513
train_OOF,2005-01-01,3,Input-only PolyRidge,Liquid-WC-volume,oil_cum,4,70,89257.32764621243,0.03599899999192682,133892.66943017565,0.004198881813992362,73503.30217644763,72240.2615000562
train_OOF,2005-01-01,3,Input-only PolyRidge,Liquid-WC-volume,oil_cum,5,70,106071.44978807289,0.03512438098023415,152298.3760011433,0.004696906128328671,73503.30217644763,74585.28958190589
train_OOF,2005-01-01,3,Input-only PolyRidge,Liquid-WC-volume,oil_cum,6,70,119092.7421544479,0.033529377348642773,168843.67968420195,0.005123579884241194,73503.30217644763,59760.73473947964
train_OOF,2005-01-01,3,Input-only PolyRidge,Liquid-WC-volume,oil_cum,7,70,137377.1220399876,0.033691288027930165,189551.09859580104,0.005662168393318858,73503.30217644763,26196.500818145807
train_OOF,2005-01-01,3,Input-only PolyRidge,Liquid-WC-volume,oil_cum,8,70,171718.07552673938,0.03740911115100859,222627.83619554358,0.0065504958521191165,73503.30217644763,-23903.91498658721
train_OOF,2005-01-01,3,Input-only PolyRidge,Liquid-WC-volume,oil_cum,9,70,225167.82785346935,0.04432846291744012,272020.5251985714,0.007890907768383096,73503.30217644763,-87552.10276996212
train_OOF,2005-01-01,3,Input-only PolyRidge,Liquid-WC-volume,oil_cum,10,70,298453.96584357944,0.05365670503812,340429.0637758133,0.00973979878880614,73503.30217644763,-165577.9671027677
train_OOF,2005-01-01,3,Input-only PolyRidge,Liquid-WC-volume,oil_cum,11,70,389551.43654914387,0.0645111651270429,427073.19463218504,0.012055510545595715,73503.30217644763,-257357.55849807034
train_OOF,2005-01-01,3,Input-only PolyRidge,Liquid-WC-volume,oil_cum,12,70,495057.9017100687,0.07612752067102897,528955.1290149491,0.014739434929001167,73503.30217644763,-360865.03291829274
train_OOF,2005-01-01,3,Input-only PolyRidge,Liquid-WC-volume,water_cum,1,70,7431.105322576872,0.012783945118409896,46272.32384054869,0.005926737771822232,40685.27375543863,-2659.7661903155167
train_OOF,2005-01-01,3,Input-only PolyRidge,Liquid-WC-volume,water_cum,2,70,18232.08003404696,0.015433786114313586,56226.30396889148,0.0066894061152990856,40685.27375543863,-4531.979657099928
train_OOF,2005-01-01,3,Input-only PolyRidge,Liquid-WC-volume,water_cum,3,70,34218.7356079497,0.01901502237153925,71554.01749659528,0.007931429372668537,40685.27375543863,-5707.3699702393
train_OOF,2005-01-01,3,Input-only PolyRidge,Liquid-WC-volume,water_cum,4,70,55948.49471724011,0.023035762341038157,92647.52122202875,0.009601754056220602,40685.27375543863,-6567.678737303974
train_OOF,2005-01-01,3,Input-only PolyRidge,Liquid-WC-volume,water_cum,5,70,82661.94599953986,0.027061422869148016,118805.06430740807,0.011564473451404617,40685.27375543863,-7977.229786458518
train_OOF,2005-01-01,3,Input-only PolyRidge,Liquid-WC-volume,water_cum,6,70,115185.5938961327,0.03114027520722766,150861.67293671618,0.013820097852018598,40685.27375543863,-12305.04447269602
train_OOF,2005-01-01,3,Input-only PolyRidge,Liquid-WC-volume,water_cum,7,70,153595.84744770196,0.03521210186298222,188890.13255222497,0.01631489075277553,40685.27375543863,-20725.6967201259
train_OOF,2005-01-01,3,Input-only PolyRidge,Liquid-WC-volume,water_cum,8,70,197792.7905407341,0.03927467794624209,232725.4883096909,0.018997126893106807,40685.27375543863,-33634.206655370894
train_OOF,2005-01-01,3,Input-only PolyRidge,Liquid-WC-volume,water_cum,9,70,246518.68083243762,0.043208629868062905,281109.67849450355,0.02176024244919332,40685.27375543863,-50748.55058050874
train_OOF,2005-01-01,3,Input-only PolyRidge,Liquid-WC-volume,water_cum,10,70,301963.8254743774,0.04723479919281686,336185.8098483523,0.024710774853529793,40685.27375543863,-74771.99727766916
train_OOF,2005-01-01,3,Input-only PolyRidge,Liquid-WC-volume,water_cum,11,70,364572.63012463955,0.051359195755883075,398387.75020045735,0.027841099657822627,40685.27375543863,-106429.75537004476
train_OOF,2005-01-01,3,Input-only PolyRidge,Liquid-WC-volume,water_cum,12,70,433971.2044287625,0.05553612565088743,467336.09075712366,0.031106062956266615,40685.27375543863,-145949.69815035773
train_OOF,2005-01-01,3,Input-only PolyRidge,Separate,gas_cum,1,70,6489.674392396356,0.026649602253582174,28659.3508133441,0.002622507496323325,26247.421898404347,5853.451040103287
train_OOF,2005-01-01,3,Input-only PolyRidge,Separate,gas_cum,2,70,16846.022146392777,0.03556292414399124,34268.24086543616,0.003071292299709004,26247.421898404347,15680.998261729255
train_OOF,2005-01-01,3,Input-only PolyRidge,Separate,gas_cum,3,70,29712.15384051771,0.042913766123132004,43718.60219409834,0.0038432770274731496,26247.421898404347,27882.058993851526
train_OOF,2005-01-01,3,Input-only PolyRidge,Separate,gas_cum,4,70,42081.85934244019,0.04672573401127446,54400.8112712285,0.004696777048386506,26247.421898404347,39241.345302017726
train_OOF,2005-01-01,3,Input-only PolyRidge,Separate,gas_cum,5,70,51698.58139648356,0.04712871233831846,63549.656190895286,0.005395673342647534,26247.421898404347,47338.71365514065
train_OOF,2005-01-01,3,Input-only PolyRidge,Separate,gas_cum,6,70,57686.585983593264,0.04471134627764082,69987.64883112379,0.005846904860025101,26247.421898404347,50883.185656630645
train_OOF,2005-01-01,3,Input-only PolyRidge,Separate,gas_cum,7,70,60007.063559412425,0.040516030896459165,73465.91376611195,0.006041711949158494,26247.421898404347,49263.93276790391
train_OOF,2005-01-01,3,Input-only PolyRidge,Separate,gas_cum,8,70,60016.58068463915,0.03599638520723921,75096.85113231598,0.006083235782883578,26247.421898404347,43015.45407677338
train_OOF,2005-01-01,3,Input-only PolyRidge,Separate,gas_cum,9,70,59570.27629222709,0.032286867776988935,76394.44116946193,0.006101047416846323,26247.421898404347,32798.487473389956
train_OOF,2005-01-01,3,Input-only PolyRidge,Separate,gas_cum,10,70,61085.23451129877,0.030233928403176815,79291.34253386274,0.006245470886606443,26247.421898404347,18628.810366741673
train_OOF,2005-01-01,3,Input-only PolyRidge,Separate,gas_cum,11,70,67152.4540978705,0.030615202412006094,85743.4012901123,0.00666344602749665,26247.421898404347,659.1653293246669
train_OOF,2005-01-01,3,Input-only PolyRidge,Separate,gas_cum,12,70,79166.80932046291,0.03351431320459664,97011.52271293082,0.007442166791463139,26247.421898404347,-20646.342545378662
train_OOF,2005-01-01,3,Input-only PolyRidge,Separate,oil_cum,1,70,17844.028318571487,0.02661104787828193,79997.36738377248,0.0026589206272447075,73503.30217644763,15997.818324842037
train_OOF,2005-01-01,3,Input-only PolyRidge,Separate,oil_cum,2,70,46335.25964760437,0.03552395761770396,95185.13443673632,0.0030986813617196545,73503.30217644763,42969.15557050508
train_OOF,2005-01-01,3,Input-only PolyRidge,Separate,oil_cum,3,70,81852.82839842058,0.042938310603050964,121005.77769548474,0.0038638596012743514,73503.30217644763,76625.82259753655
train_OOF,2005-01-01,3,Input-only PolyRidge,Separate,oil_cum,4,70,116079.68228168177,0.04681691231093509,150403.2343024675,0.004716654077971014,73503.30217644763,108046.78361734413
train_OOF,2005-01-01,3,Input-only PolyRidge,Separate,oil_cum,5,70,142713.17800789906,0.047257881788781486,175657.22065668207,0.005417296611103444,73503.30217644763,130451.6494849768
train_OOF,2005-01-01,3,Input-only PolyRidge,Separate,oil_cum,6,70,159302.35409872112,0.044849993765162806,193434.24969120763,0.005869783414427036,73503.30217644763,140184.409571828
train_OOF,2005-01-01,3,Input-only PolyRidge,Separate,oil_cum,7,70,165804.0982393272,0.04066291058540584,203078.19419516923,0.006066242512242703,73503.30217644763,135579.99174923153
train_OOF,2005-01-01,3,Input-only PolyRidge,Separate,oil_cum,8,70,166021.83684158366,0.036168174659832485,207683.6115139591,0.006110784073651879,73503.30217644763,118311.05359039093
train_OOF,2005-01-01,3,Input-only PolyRidge,Separate,oil_cum,9,70,165006.54725012244,0.03248459906835302,211370.35987305798,0.006131537366567085,73503.30217644763,90222.42872882092
train_OOF,2005-01-01,3,Input-only PolyRidge,Separate,oil_cum,10,70,169313.64822588474,0.03043957702524108,219389.61285786718,0.006276816267946151,73503.30217644763,51285.855123518464
train_OOF,2005-01-01,3,Input-only PolyRidge,Separate,oil_cum,11,70,186021.82456508628,0.030805905243371283,237107.00583297192,0.006693105643672724,73503.30217644763,1882.8891761070915
train_OOF,2005-01-01,3,Input-only PolyRidge,Separate,oil_cum,12,70,218990.97961323275,0.03367533427845132,268015.519417876,0.007468303248668543,73503.30217644763,-56730.44273876617
train_OOF,2005-01-01,3,Input-only PolyRidge,Separate,water_cum,1,70,10698.467908280134,0.01840488334554996,45504.86779293296,0.005828439040137793,40685.27375543863,-5874.305474603029
train_OOF,2005-01-01,3,Input-only PolyRidge,Separate,water_cum,2,70,36708.08076809284,0.03107405552102205,60778.04790413556,0.007230940265090321,40685.27375543863,-16605.42591100004
train_OOF,2005-01-01,3,Input-only PolyRidge,Separate,water_cum,3,70,77464.87800565764,0.04304648789956845,94523.15531611907,0.010477451255720893,40685.27375543863,-31575.200520427657
train_OOF,2005-01-01,3,Input-only PolyRidge,Separate,water_cum,4,70,130650.84273438437,0.05379307840355947,144351.87115497503,0.014960261711305874,40685.27375543863,-50213.36159140691
train_OOF,2005-01-01,3,Input-only PolyRidge,Separate,water_cum,5,70,193291.27331989343,0.06327865647216702,205421.8004028339,0.01999573815263851,40685.27375543863,-72031.09246203475
train_OOF,2005-01-01,3,Input-only PolyRidge,Separate,water_cum,6,70,266673.65002668276,0.07209487377245383,278049.44328493485,0.025471482843154127,40685.27375543863,-99194.43262160495
train_OOF,2005-01-01,3,Input-only PolyRidge,Separate,water_cum,7,70,350394.1883238012,0.08032844674173685,361447.16034848476,0.031219052336447773,40685.27375543863,-132105.15088852978
train_OOF,2005-01-01,3,Input-only PolyRidge,Separate,water_cum,8,70,443002.6903867617,0.08796472281266339,453975.40565067733,0.03705751548802931,40685.27375543863,-170066.42238482743
train_OOF,2005-01-01,3,Input-only PolyRidge,Separate,water_cum,9,70,541278.768056504,0.09487278556504876,552305.6610287052,0.042753081837705556,40685.27375543863,-211426.86005802
train_OOF,2005-01-01,3,Input-only PolyRidge,Separate,water_cum,10,70,648657.5014383566,0.10146648121582671,659822.0449176171,0.04849911423301786,40685.27375543863,-258910.53807453567
train_OOF,2005-01-01,3,Input-only PolyRidge,Separate,water_cum,11,70,764919.157775936,0.10775804192489323,776271.0428520931,0.054249257048321294,40685.27375543863,-312419.9675346188
train_OOF,2005-01-01,3,Input-only PolyRidge,Separate,water_cum,12,70,888647.9234753237,0.11372197563773392,900205.5871542075,0.05991801665100674,40685.27375543863,-371143.845944234
validation,2003-01-01,3,History-conditioned,Constant,gas_cum,1,15,18932.222928235522,0.048672024075235715,18932.222928235522,0.0021928220306177224,0.0,18021.876399739584
validation,2003-01-01,3,History-conditioned,Constant,gas_cum,2,15,65342.71149961001,0.08656972479549052,65342.71149961001,0.0072615329698883175,0.0,63514.97661132812
validation,2003-01-01,3,History-conditioned,Constant,gas_cum,3,15,134542.83707830316,0.12206311681461082,134542.83707830316,0.014397286771933809,0.0,131679.7673014323
validation,2003-01-01,3,History-conditioned,Constant,gas_cum,4,15,220691.59390416992,0.15404043392612268,220691.59390416992,0.022811259466128976,0.0,216696.42465820312
validation,2003-01-01,3,History-conditioned,Constant,gas_cum,5,15,321208.4797093182,0.18416403771759418,321208.4797093182,0.0321675780539934,0.0,316038.59153645835
validation,2003-01-01,3,History-conditioned,Constant,gas_cum,6,15,436622.7366485265,0.21396288891582932,436622.7366485265,0.04246731973463279,0.0,430239.3584147135
validation,2003-01-01,3,History-conditioned,Constant,gas_cum,7,15,568047.1804696397,0.24425651138895088,568047.1804696397,0.05376294956584588,0.0,560461.482438151
validation,2003-01-01,3,History-conditioned,Constant,gas_cum,8,15,713492.7551781557,0.2747866754071659,713492.7551781557,0.06584398942593428,0.0,704753.9397949219
validation,2003-01-01,3,History-conditioned,Constant,gas_cum,9,15,869896.1737091385,0.30550426854936347,869896.1737091385,0.07846526560955047,0.0,860136.4161946614
validation,2003-01-01,3,History-conditioned,Constant,gas_cum,10,15,1044144.6477237698,0.3384637300557667,1044144.6477237698,0.09221233065227494,0.0,1033471.6497395834
validation,2003-01-01,3,History-conditioned,Constant,gas_cum,11,15,1234386.6630234723,0.37280989856208097,1234386.6630234723,0.10688604440028054,0.0,1222894.2404296875
validation,2003-01-01,3,History-conditioned,Constant,gas_cum,12,15,1435050.635937881,0.4069060614520365,1435050.635937881,0.12199129976447255,0.0,1422817.8977864583
validation,2003-01-01,3,History-conditioned,Constant,oil_cum,1,15,53694.70205669095,0.050177800777095535,53694.70205669095,0.0022590101087724894,0.0,51122.316145833334
validation,2003-01-01,3,History-conditioned,Constant,oil_cum,2,15,183435.4281769687,0.08835521719371238,183435.4281769687,0.007404880413749135,0.0,178196.98098958333
validation,2003-01-01,3,History-conditioned,Constant,oil_cum,3,15,375372.76588570885,0.12379718089449464,375372.76588570885,0.014591300615137354,0.0,367139.8611979167
validation,2003-01-01,3,History-conditioned,Constant,oil_cum,4,15,613352.7272359016,0.1555948217919598,613352.7272359016,0.02302941930197648,0.0,601944.74140625
validation,2003-01-01,3,History-conditioned,Constant,oil_cum,5,15,890587.9071194206,0.18554752750470652,890587.9071194206,0.0323975233949326,0.0,875954.0729166666
validation,2003-01-01,3,History-conditioned,Constant,oil_cum,6,15,1208415.9113159585,0.21514189534614783,1208415.9113159585,0.04269300965845204,0.0,1190436.2044270833
validation,2003-01-01,3,History-conditioned,Constant,oil_cum,7,15,1569894.364630123,0.2451976262739231,1569894.364630123,0.05396886225518495,0.0,1548604.41796875
validation,2003-01-01,3,History-conditioned,Constant,oil_cum,8,15,1970523.1622079308,0.27563296688980915,1970523.1622079308,0.06605005701536236,0.0,1946038.0981770833
validation,2003-01-01,3,History-conditioned,Constant,oil_cum,9,15,2401715.395077829,0.30634009961277175,2401715.395077829,0.0786853294101584,0.0,2374392.94765625
validation,2003-01-01,3,History-conditioned,Constant,oil_cum,10,15,2882239.253467058,0.33932392188878635,2882239.253467058,0.09245290302237477,0.0,2852383.4791666665
validation,2003-01-01,3,History-conditioned,Constant,oil_cum,11,15,3407049.6846890366,0.37373148586548505,3407049.6846890366,0.10715528709510048,0.0,3374893.159375
validation,2003-01-01,3,History-conditioned,Constant,oil_cum,12,15,3960551.33335584,0.4078854981039619,3960551.33335584,0.12228849715769503,0.0,3926300.30625
validation,2003-01-01,3,History-conditioned,Constant,water_cum,1,15,16870.536642392053,0.0365441759359173,16870.536642392053,0.005148619538534101,0.0,-15562.500553385416
validation,2003-01-01,3,History-conditioned,Constant,water_cum,2,15,47193.09883515006,0.050406876171103704,47193.09883515006,0.012585039985659793,0.0,-41705.36759440104
validation,2003-01-01,3,History-conditioned,Constant,water_cum,3,15,89086.1982305603,0.0626710723117575,89086.1982305603,0.02104321354015035,0.0,-76000.01778971354
validation,2003-01-01,3,History-conditioned,Constant,water_cum,4,15,150736.6197898579,0.07837934406340381,150736.6197898579,0.03184683584802302,0.0,-128701.7346516927
validation,2003-01-01,3,History-conditioned,Constant,water_cum,5,15,229873.18980247033,0.09437837870308151,229873.18980247033,0.043839799579761585,0.0,-198760.23502604166
validation,2003-01-01,3,History-conditioned,Constant,water_cum,6,15,325546.366238709,0.10985297602646274,325546.366238709,0.056430284659800274,0.0,-285290.7520670573
validation,2003-01-01,3,History-conditioned,Constant,water_cum,7,15,437349.91144173534,0.12453889018522622,437349.91144173534,0.06925635288070282,0.0,-388121.8689290365
validation,2003-01-01,3,History-conditioned,Constant,water_cum,8,15,563561.9076388894,0.13831080262687404,563561.9076388894,0.08196644428528373,0.0,-505913.2524576823
validation,2003-01-01,3,History-conditioned,Constant,water_cum,9,15,700080.3582784098,0.15092326701286887,700080.3582784098,0.09412923006187807,0.0,-634783.1696777344
validation,2003-01-01,3,History-conditioned,Constant,water_cum,10,15,849931.6945254736,0.1627868255954524,849931.6945254736,0.10600462302398019,0.0,-777398.1033854167
validation,2003-01-01,3,History-conditioned,Constant,water_cum,11,15,1012259.7900337469,0.17388789357161952,1012259.7900337469,0.11748422555389801,0.0,-932944.7202473958
validation,2003-01-01,3,History-conditioned,Constant,water_cum,12,15,1184386.3721867737,0.18414265031248886,1184386.3721867737,0.1283902776827066,0.0,-1098818.8704427083
validation,2003-01-01,3,History-conditioned,Liquid-WC-time,gas_cum,1,15,8508.19559845111,0.021873348025446156,8508.19559845111,0.0009854605462765462,0.0,5958.21034005098
validation,2003-01-01,3,History-conditioned,Liquid-WC-time,gas_cum,2,15,20459.288157571,0.02710562363674074,20459.288157571,0.002273639891689131,0.0,12524.558236464796
validation,2003-01-01,3,History-conditioned,Liquid-WC-time,gas_cum,3,15,31264.088281322027,0.02836414143522419,31264.088281322027,0.0033455370380459743,0.0,12038.275942550972
validation,2003-01-01,3,History-conditioned,Liquid-WC-time,gas_cum,4,15,42445.35308257975,0.029626414360970972,42445.35308257975,0.004387262537596315,0.0,-2526.7009228950988
validation,2003-01-01,3,History-conditioned,Liquid-WC-time,gas_cum,5,15,64317.222438441866,0.036876110461851186,64317.222438441866,0.006441079248209571,0.0,-32906.34577446791
validation,2003-01-01,3,History-conditioned,Liquid-WC-time,gas_cum,6,15,103738.59198716376,0.050836126867808105,103738.59198716376,0.01008994627388323,0.0,-79529.92895344607
validation,2003-01-01,3,History-conditioned,Liquid-WC-time,gas_cum,7,15,161553.274543586,0.06946683409440275,161553.274543586,0.015290244983353605,0.0,-142798.40898639522
validation,2003-01-01,3,History-conditioned,Liquid-WC-time,gas_cum,8,15,236214.34916435997,0.09097297095067851,236214.34916435997,0.021798812946248462,0.0,-221618.33136779926
validation,2003-01-01,3,History-conditioned,Liquid-WC-time,gas_cum,9,15,322679.44370760897,0.11332380852472873,322679.44370760897,0.029105919789601604,0.0,-311190.4639719235
validation,2003-01-01,3,History-conditioned,Liquid-WC-time,gas_cum,10,15,419191.709269176,0.13588269579027976,419191.709269176,0.03702039232407933,0.0,-409981.9199517559
validation,2003-01-01,3,History-conditioned,Liquid-WC-time,gas_cum,11,15,525607.4294015509,0.15874414258390462,525607.4294015509,0.04551256159761603,0.0,-517980.93856108055
validation,2003-01-01,3,History-conditioned,Liquid-WC-time,gas_cum,12,15,641841.1981833186,0.18199293285546156,641841.1981833186,0.05456186705049395,0.0,-635109.0362388844
validation,2003-01-01,3,History-conditioned,Liquid-WC-time,oil_cum,1,15,24035.535303196328,0.0224612532674319,24035.535303196328,0.001011208092045137,0.0,16932.62026205485
validation,2003-01-01,3,History-conditioned,Liquid-WC-time,oil_cum,2,15,57971.74447923467,0.02792321050227899,57971.74447923467,0.0023401904392809764,0.0,35863.52169195438
validation,2003-01-01,3,History-conditioned,Liquid-WC-time,oil_cum,3,15,88002.75107057107,0.029023129762199517,88002.75107057107,0.00342079850358875,0.0,34832.83283177068
validation,2003-01-01,3,History-conditioned,Liquid-WC-time,oil_cum,4,15,118010.33959184599,0.029936767121180177,118010.33959184599,0.004430908141024697,0.0,-5474.94777076443
validation,2003-01-01,3,History-conditioned,Liquid-WC-time,oil_cum,5,15,177206.4189043113,0.03691967140224067,177206.4189043113,0.006446358698889028,0.0,-89530.77418008869
validation,2003-01-01,3,History-conditioned,Liquid-WC-time,oil_cum,6,15,285838.6958244281,0.05088966324183022,285838.6958244281,0.01009860436900595,0.0,-218726.15454428643
validation,2003-01-01,3,History-conditioned,Liquid-WC-time,oil_cum,7,15,445892.91169660614,0.06964282819509013,445892.91169660614,0.015328632087667372,0.0,-394162.9546810381
validation,2003-01-01,3,History-conditioned,Liquid-WC-time,oil_cum,8,15,652042.9435011043,0.09120650520818842,652042.9435011043,0.021855857581727894,0.0,-611870.6421711018
validation,2003-01-01,3,History-conditioned,Liquid-WC-time,oil_cum,9,15,890336.6401568041,0.11356292073303607,890336.6401568041,0.02916933120395874,0.0,-858757.7798181981
validation,2003-01-01,3,History-conditioned,Liquid-WC-time,oil_cum,10,15,1156086.6603726246,0.13610523802597707,1156086.6603726246,0.03708351684140055,0.0,-1130813.5099754415
validation,2003-01-01,3,History-conditioned,Liquid-WC-time,oil_cum,11,15,1448953.883739695,0.1589409424682418,1448953.883739695,0.04557111981589984,0.0,-1427987.3251989144
validation,2003-01-01,3,History-conditioned,Liquid-WC-time,oil_cum,12,15,1768872.6663011038,0.18217097768693033,1768872.6663011038,0.05461683533893288,0.0,-1750297.2213398067
validation,2003-01-01,3,History-conditioned,Liquid-WC-time,water_cum,1,15,19841.322240207533,0.04297935425037932,19841.322240207533,0.006055256066934408,0.0,18627.195330393068
validation,2003-01-01,3,History-conditioned,Liquid-WC-time,water_cum,2,15,103685.80910768581,0.11074665299365899,103685.80910768581,0.027650018451295565,0.0,100628.09170322785
validation,2003-01-01,3,History-conditioned,Liquid-WC-time,water_cum,3,15,261611.38053014138,0.1840404694827225,261611.38053014138,0.06179570185250987,0.0,256307.01057643277
validation,2003-01-01,3,History-conditioned,Liquid-WC-time,water_cum,4,15,486221.52505018323,0.2528232638894917,486221.52505018323,0.10272631239599056,0.0,478717.95452532254
validation,2003-01-01,3,History-conditioned,Liquid-WC-time,water_cum,5,15,775740.2126373684,0.3184934425211154,775740.2126373684,0.1479437226986198,0.0,766724.6120707149
validation,2003-01-01,3,History-conditioned,Liquid-WC-time,water_cum,6,15,1133559.44138706,0.38251042264116236,1133559.44138706,0.1964914635519897,0.0,1123871.6069043141
validation,2003-01-01,3,History-conditioned,Liquid-WC-time,water_cum,7,15,1564222.567316062,0.44542490449819194,1564222.567316062,0.24770177670524665,0.0,1554645.5037207527
validation,2003-01-01,3,History-conditioned,Liquid-WC-time,water_cum,8,15,2060972.1507394698,0.5058090486539127,2060972.1507394698,0.2997551052995457,0.0,2051995.4878905045
validation,2003-01-01,3,History-conditioned,Liquid-WC-time,water_cum,9,15,2606613.8849929506,0.5619336104953179,2606613.8849929506,0.3504719924814865,0.0,2598367.5577967158
validation,2003-01-01,3,History-conditioned,Liquid-WC-time,water_cum,10,15,3213418.617282279,0.6154638300772675,3213418.617282279,0.4007818879297461,0.0,3205798.8857566924
validation,2003-01-01,3,History-conditioned,Liquid-WC-time,water_cum,11,15,3877246.067164673,0.6660406331616059,3877246.067164673,0.44999836600004867,0.0,3869935.76432652
validation,2003-01-01,3,History-conditioned,Liquid-WC-time,water_cum,12,15,4585271.861907844,0.7128958360910967,4585271.861907844,0.4970542902432287,0.0,4577778.657147097
validation,2003-01-01,3,History-conditioned,Liquid-WC-volume,gas_cum,1,15,8313.847198360161,0.021373706221941798,8313.847198360161,0.0009629501704506232,0.0,5862.903156270335
validation,2003-01-01,3,History-conditioned,Liquid-WC-volume,gas_cum,2,15,19632.30424455985,0.026009988513608445,19632.30424455985,0.0021817372018239642,0.0,12100.159006718297
validation,2003-01-01,3,History-conditioned,Liquid-WC-volume,gas_cum,3,15,29377.301897776677,0.026652366719154573,29377.301897776677,0.0031436340216447916,0.0,10989.976992698883
validation,2003-01-01,3,History-conditioned,Liquid-WC-volume,gas_cum,4,15,39857.43689622892,0.027820075817405875,39857.43689622892,0.004119768762418464,0.0,-4528.620528170591
validation,2003-01-01,3,History-conditioned,Liquid-WC-volume,gas_cum,5,15,62668.780991533415,0.03593098089030804,62668.780991533415,0.00627599528480097,0.0,-36186.7861351495
validation,2003-01-01,3,History-conditioned,Liquid-WC-volume,gas_cum,6,15,104212.98386024628,0.05106859816882658,104212.98386024628,0.01013608714027133,0.0,-84403.01658861538
validation,2003-01-01,3,History-conditioned,Liquid-WC-volume,gas_cum,7,15,164617.3887038799,0.0707843828139864,164617.3887038799,0.015580248737843992,0.0,-149551.35012032837
validation,2003-01-01,3,History-conditioned,Liquid-WC-volume,gas_cum,8,15,242092.9188316027,0.09323697798268782,242092.9188316027,0.02234131106721803,0.0,-230448.47022023934
validation,2003-01-01,3,History-conditioned,Liquid-WC-volume,gas_cum,9,15,331435.22839852516,0.11639880721815725,331435.22839852516,0.029895697917333076,0.0,-322159.7907683729
validation,2003-01-01,3,History-conditioned,Liquid-WC-volume,gas_cum,10,15,430881.1308716499,0.1396718692983687,430881.1308716499,0.038052728995335565,0.0,-423136.79772741685
validation,2003-01-01,3,History-conditioned,Liquid-WC-volume,gas_cum,11,15,540230.3685360728,0.1631605678570582,540230.3685360728,0.046778767858923785,0.0,-533290.4047281508
validation,2003-01-01,3,History-conditioned,Liquid-WC-volume,gas_cum,12,15,659287.6511700392,0.18693984364268615,659287.6511700392,0.05604496139074268,0.0,-652454.6375966765
validation,2003-01-01,3,History-conditioned,Liquid-WC-volume,oil_cum,1,15,23499.36154579177,0.021960197875550827,23499.36154579177,0.0009886505232042369,0.0,16670.296549349776
validation,2003-01-01,3,History-conditioned,Liquid-WC-volume,oil_cum,2,15,55701.134981713556,0.026829527579032363,55701.134981713556,0.002248530981985486,0.0,34695.399435153355
validation,2003-01-01,3,History-conditioned,Liquid-WC-volume,oil_cum,3,15,82821.47368489938,0.027314354933356846,82821.47368489938,0.003219394505282258,0.0,31947.47001094098
validation,2003-01-01,3,History-conditioned,Liquid-WC-volume,oil_cum,4,15,110847.5178549262,0.028119708319296083,110847.5178549262,0.004161967256212436,0.0,-10985.09552806144
validation,2003-01-01,3,History-conditioned,Liquid-WC-volume,oil_cum,5,15,172634.62782471708,0.035967171908023954,172634.62782471708,0.006280047538279438,0.0,-98559.9863492325
validation,2003-01-01,3,History-conditioned,Liquid-WC-volume,oil_cum,6,15,287222.93693326577,0.05113610840444569,287222.93693326577,0.010147509235679605,0.0,-232139.059131443
validation,2003-01-01,3,History-conditioned,Liquid-WC-volume,oil_cum,7,15,454490.1229894896,0.07098560376590826,454490.1229894896,0.015624181726227713,0.0,-412750.0835157705
validation,2003-01-01,3,History-conditioned,Liquid-WC-volume,oil_cum,8,15,668400.0583211523,0.09349450677755611,668400.0583211523,0.022404132469935986,0.0,-636175.1846418795
validation,2003-01-01,3,History-conditioned,Liquid-WC-volume,oil_cum,9,15,914604.1872156862,0.11665825950573636,914604.1872156862,0.029964387911434593,0.0,-888950.366218486
validation,2003-01-01,3,History-conditioned,Liquid-WC-volume,oil_cum,10,15,1188417.9314807549,0.13991157495614814,1188417.9314807549,0.03812059933507433,0.0,-1167021.7550087902
validation,2003-01-01,3,History-conditioned,Liquid-WC-volume,oil_cum,11,15,1489343.12676913,0.1633713832329325,1489343.12676913,0.046841403883614546,0.0,-1470126.0051610772
validation,2003-01-01,3,History-conditioned,Liquid-WC-volume,oil_cum,12,15,1817017.0789269102,0.18712922871612747,1817017.0789269102,0.05610337278561742,0.0,-1798040.2956237856
validation,2003-01-01,3,History-conditioned,Liquid-WC-volume,water_cum,1,15,20071.965749888906,0.04347896355000847,20071.965749888906,0.006125644798813729,0.0,18889.519043098328
validation,2003-01-01,3,History-conditioned,Liquid-WC-volume,water_cum,2,15,104611.55800176722,0.11173544396143374,104611.55800176722,0.027896889013650273,0.0,101796.21396002853
validation,2003-01-01,3,History-conditioned,Liquid-WC-volume,water_cum,3,15,263956.4188030692,0.18569017579072034,263956.4188030692,0.0623496276245956,0.0,259192.3733972624
validation,2003-01-01,3,History-conditioned,Liquid-WC-volume,water_cum,4,15,490884.0228825364,0.2552476483708895,490884.0228825364,0.10371138028006358,0.0,484228.10228261835
validation,2003-01-01,3,History-conditioned,Liquid-WC-volume,water_cum,5,15,783689.2722782834,0.3217570652244342,783689.2722782834,0.1494597115001183,0.0,775753.8242398571
validation,2003-01-01,3,History-conditioned,Liquid-WC-volume,water_cum,6,15,1145793.5183318625,0.38663871249692383,1145793.5183318625,0.19861212136341458,0.0,1137284.511491469
validation,2003-01-01,3,History-conditioned,Liquid-WC-volume,water_cum,7,15,1581713.3447049325,0.45040554344997774,1581713.3447049325,0.2504715210662508,0.0,1573232.632555485
validation,2003-01-01,3,History-conditioned,Liquid-WC-volume,water_cum,8,15,2084466.6921933796,0.511575139019131,2084466.6921933796,0.3031722348056161,0.0,2076300.0303612808
validation,2003-01-01,3,History-conditioned,Liquid-WC-volume,water_cum,9,15,2636459.7747617858,0.5683677849976502,2636459.7747617858,0.35448491841381913,0.0,2628560.1441970025
validation,2003-01-01,3,History-conditioned,Liquid-WC-volume,water_cum,10,15,3249890.2089821375,0.6224492086382449,3249890.2089821375,0.4053306738546981,0.0,3242007.1307900427
validation,2003-01-01,3,History-conditioned,Liquid-WC-volume,water_cum,11,15,3920370.999208928,0.6734487152245561,3920370.999208928,0.4550035033108124,0.0,3912074.444288684
validation,2003-01-01,3,History-conditioned,Liquid-WC-volume,water_cum,12,15,4634787.875921345,0.7205943458574,4634787.875921345,0.5024219430111311,0.0,4625521.73143108
validation,2003-01-01,3,History-conditioned,Separate,gas_cum,1,15,15998.092012283225,0.0411287952044127,15998.092012283225,0.0018529767341828782,0.0,14349.842848421136
validation,2003-01-01,3,History-conditioned,Separate,gas_cum,2,15,52310.31089789123,0.06930366240501085,52310.31089789123,0.005813242801416534,0.0,48076.27551917539
validation,2003-01-01,3,History-conditioned,Separate,gas_cum,3,15,104294.30815263286,0.09462033502180998,104294.30815263286,0.011160423666999032,0.0,96322.90255342014
validation,2003-01-01,3,History-conditioned,Separate,gas_cum,4,15,166413.5795359299,0.11615494523114961,166413.5795359299,0.017200942157904554,0.0,153561.64365897092
validation,2003-01-01,3,History-conditioned,Separate,gas_cum,5,15,236631.57725392052,0.13567209295969468,236631.57725392052,0.023697583383363707,0.0,217892.45839133684
validation,2003-01-01,3,History-conditioned,Separate,gas_cum,6,15,315318.35185733705,0.1545188095549936,315318.35185733705,0.030668868436190187,0.0,289776.6335346725
validation,2003-01-01,3,History-conditioned,Separate,gas_cum,7,15,403083.2613451557,0.1733231227977385,403083.2613451557,0.0381499033805952,0.0,369977.27962545917
validation,2003-01-01,3,History-conditioned,Separate,gas_cum,8,15,498375.48763679777,0.19193880016055073,498375.48763679777,0.04599210027004184,0.0,457151.0535880908
validation,2003-01-01,3,History-conditioned,Separate,gas_cum,9,15,599364.9028740926,0.21049470244932325,599364.9028740926,0.05406314882445153,0.0,549959.4919972974
validation,2003-01-01,3,History-conditioned,Separate,gas_cum,10,15,711128.3896082101,0.23051515689904734,711128.3896082101,0.06280241568227622,0.0,653456.7284485921
validation,2003-01-01,3,History-conditioned,Separate,gas_cum,11,15,831821.1242409336,0.2512269115015233,831821.1242409336,0.07202773027451047,0.0,765723.7988383216
validation,2003-01-01,3,History-conditioned,Separate,gas_cum,12,15,956828.5145629263,0.2713070274982661,956828.5145629263,0.08133842194840406,0.0,882067.401808606
validation,2003-01-01,3,History-conditioned,Separate,oil_cum,1,15,44670.25797162583,0.04174444068606942,44670.25797162583,0.00187933931010244,0.0,40031.27584347104
validation,2003-01-01,3,History-conditioned,Separate,oil_cum,2,15,145651.2855773643,0.07015575507756373,145651.2855773643,0.005879618580379675,0.0,133722.51557057077
validation,2003-01-01,3,History-conditioned,Separate,oil_cum,3,15,289120.8747150273,0.09535148119501184,289120.8747150273,0.011238560653499555,0.0,266833.0743723405
validation,2003-01-01,3,History-conditioned,Separate,oil_cum,4,15,459819.31039332156,0.1166465892791793,459819.31039332156,0.017264734029821465,0.0,424170.73011007754
validation,2003-01-01,3,History-conditioned,Separate,oil_cum,5,15,652484.9365626099,0.1359405014883314,652484.9365626099,0.023735889324504055,0.0,600812.8792963907
validation,2003-01-01,3,History-conditioned,Separate,oil_cum,6,15,868104.7244752418,0.15455415145863327,868104.7244752418,0.030669906808996766,0.0,797819.3035744645
validation,2003-01-01,3,History-conditioned,Separate,oil_cum,7,15,1108290.5841522492,0.1731009592609737,1108290.5841522492,0.03810013159001534,0.0,1017292.2915891893
validation,2003-01-01,3,History-conditioned,Separate,oil_cum,8,15,1369722.3151877094,0.19159410698189414,1369722.3151877094,0.045911785635644235,0.0,1256494.8742077874
validation,2003-01-01,3,History-conditioned,Separate,oil_cum,9,15,1647237.5579014805,0.21010604279242093,1647237.5579014805,0.05396702295613285,0.0,1511623.9995585936
validation,2003-01-01,3,History-conditioned,Separate,oil_cum,10,15,1954592.2624154354,0.2301127192610632,1954592.2624154354,0.06269699112174823,0.0,1796383.0118232034
validation,2003-01-01,3,History-conditioned,Separate,oil_cum,11,15,2286830.1391460346,0.2508505906637598,2286830.1391460346,0.07192320710764376,0.0,2105507.9430111707
validation,2003-01-01,3,History-conditioned,Separate,oil_cum,12,15,2630996.264584212,0.2709585437894832,2630996.264584212,0.0812363108423333,0.0,2425846.099856236
validation,2003-01-01,3,History-conditioned,Separate,water_cum,1,15,7540.135481206373,0.01633309262453838,7540.135481206373,0.0023011294592836934,0.0,511.6721130169307
validation,2003-01-01,3,History-conditioned,Separate,water_cum,2,15,39013.24287133444,0.041669984616137294,39013.24287133444,0.0104037080341143,0.0,22900.243480211062
validation,2003-01-01,3,History-conditioned,Separate,water_cum,3,15,100951.66217476543,0.07101828392960313,100951.66217476543,0.02384597644271195,0.0,70044.95177885955
validation,2003-01-01,3,History-conditioned,Separate,water_cum,4,15,183573.74224175248,0.09545384210042518,183573.74224175248,0.03878448941823582,0.0,130718.63347629107
validation,2003-01-01,3,History-conditioned,Separate,water_cum,5,15,283796.4859831571,0.1165175123368577,283796.4859831571,0.0541236717410728,0.0,203626.38639281952
validation,2003-01-01,3,History-conditioned,Separate,water_cum,6,15,401931.16602831014,0.13562840604284443,401931.16602831014,0.06967084404803932,0.0,290139.37260487524
validation,2003-01-01,3,History-conditioned,Separate,water_cum,7,15,538960.4698857055,0.15347331053985105,538960.4698857055,0.08534684817496878,0.0,392252.2095458301
validation,2003-01-01,3,History-conditioned,Separate,water_cum,8,15,692757.3873074251,0.17001828719335946,692757.3873074251,0.10075709344489131,0.0,508997.334991445
validation,2003-01-01,3,History-conditioned,Separate,water_cum,9,15,859148.8894659322,0.1852152481002915,859148.8894659322,0.11551677249282971,0.0,637660.4631822797
validation,2003-01-01,3,History-conditioned,Separate,water_cum,10,15,1043826.8352947766,0.19992342688650144,1043826.8352947766,0.13018748552436846,0.0,783161.0461750582
validation,2003-01-01,3,History-conditioned,Separate,water_cum,11,15,1247511.4687781716,0.2142998701005811,1247511.4687781716,0.14478785013689338,0.0,946699.5630369306
validation,2003-01-01,3,History-conditioned,Separate,water_cum,12,15,1468481.9843254988,0.22831245856921878,1468481.9843254988,0.15918691245281477,0.0,1127337.5365202904
validation,2003-01-01,3,Input-only PolyRidge,Constant,gas_cum,1,15,18257.333676544727,0.04693698080900508,32816.94161069396,0.0038010175991590213,31552.648261007933,17455.186404854183
validation,2003-01-01,3,Input-only PolyRidge,Constant,gas_cum,2,15,63774.35771706547,0.08449188088266701,63986.388568967326,0.0071108048557246405,31552.648261007933,62375.30006605803
validation,2003-01-01,3,Input-only PolyRidge,Constant,gas_cum,3,15,132025.5140217868,0.11977929178921139,127924.90808769458,0.013689109186391789,31552.648261007933,129960.8076502795
validation,2003-01-01,3,Input-only PolyRidge,Constant,gas_cum,4,15,217217.8422920633,0.15161579148182175,211549.5488676885,0.02186631381736644,31552.648261007933,214398.1819011666
validation,2003-01-01,3,Input-only PolyRidge,Constant,gas_cum,5,15,316791.76764151535,0.1816317274604718,310251.08885496075,0.031070244864363314,31552.648261007933,313167.3622290364
validation,2003-01-01,3,Input-only PolyRidge,Constant,gas_cum,6,15,431279.413846228,0.21134444354588533,424163.47947963525,0.04125549265043482,31552.648261007933,426795.1425569017
validation,2003-01-01,3,Input-only PolyRidge,Constant,gas_cum,7,15,561810.5066859536,0.24157478312156533,554305.4367731526,0.052462359229863205,31552.648261007933,556437.9834744516
validation,2003-01-01,3,Input-only PolyRidge,Constant,gas_cum,8,15,706393.9707930709,0.27205272843089606,698624.1700381011,0.06447185641458239,31552.648261007933,700151.1577253357
validation,2003-01-01,3,Input-only PolyRidge,Constant,gas_cum,9,15,861988.984643984,0.302727293452058,854038.2350022896,0.07703486803997923,31552.648261007933,854966.944130186
validation,2003-01-01,3,Input-only PolyRidge,Constant,gas_cum,10,15,1035456.506984301,0.3356474339340171,1027374.9740549397,0.09073133786391752,31552.648261007933,1027729.1911247246
validation,2003-01-01,3,Input-only PolyRidge,Constant,gas_cum,11,15,1224937.615385851,0.369956093837181,1216757.065496326,0.10535949036296606,31552.648261007933,1216572.4987089527
validation,2003-01-01,3,Input-only PolyRidge,Constant,gas_cum,12,15,1424857.8119480254,0.4040159042959614,1416604.8153564578,0.12042325082487579,31552.648261007933,1415916.8729598483
validation,2003-01-01,3,Input-only PolyRidge,Constant,oil_cum,1,15,51330.06505835339,0.04796804302320284,94337.06109311557,0.003968890160080148,89464.00728259669,49006.236956375586
validation,2003-01-01,3,Input-only PolyRidge,Constant,oil_cum,2,15,177919.70292206772,0.08569846158373579,180628.80660108424,0.00729158334053587,89464.00728259669,173941.31061967238
validation,2003-01-01,3,Input-only PolyRidge,Constant,oil_cum,3,15,366578.66890641314,0.12089690545234634,356544.8065592596,0.01385942968717172,89464.00728259669,360721.0876565581
validation,2003-01-01,3,Input-only PolyRidge,Constant,oil_cum,4,15,601280.3243273936,0.15253230442513377,586463.9333435161,0.022019831699973354,89464.00728259669,593362.8646934477
validation,2003-01-01,3,Input-only PolyRidge,Constant,oil_cum,5,15,875271.1377473866,0.1823563897589302,857770.7689130125,0.03120371198754923,89464.00728259669,865232.6050234163
validation,2003-01-01,3,Input-only PolyRidge,Constant,oil_cum,6,15,1189864.9079973444,0.21183914339033072,1170580.7541015248,0.04135630371370341,89464.00728259669,1177575.145353388
validation,2003-01-01,3,Input-only PolyRidge,Constant,oil_cum,7,15,1548201.767396392,0.24180951719520793,1527701.2298957524,0.05251837263760472,89464.00728259669,1533580.2557236122
validation,2003-01-01,3,Input-only PolyRidge,Constant,oil_cum,8,15,1945797.9621963773,0.2721744537564277,1924473.0929052122,0.06450650261248089,89464.00728259669,1928850.8327605005
validation,2003-01-01,3,Input-only PolyRidge,Constant,oil_cum,9,15,2374135.1987855714,0.30282223063594566,2352244.497052127,0.07706455705913529,89464.00728259669,2355089.603050209
validation,2003-01-01,3,Input-only PolyRidge,Constant,oil_cum,10,15,2851887.264286792,0.3357506043741543,2829583.3263400365,0.0907638713715943,89464.00728259669,2830940.5433801753
validation,2003-01-01,3,Input-only PolyRidge,Constant,oil_cum,11,15,3373972.2634739606,0.37010310503063465,3351356.595029328,0.10540368099480849,89464.00728259669,3351287.1204170636
validation,2003-01-01,3,Input-only PolyRidge,Constant,oil_cum,12,15,3924797.4853727254,0.4042033147748623,3901952.161419229,0.12047915192576703,89464.00728259669,3900531.1641206187
validation,2003-01-01,3,Input-only PolyRidge,Constant,water_cum,1,15,21670.03852292804,0.046940634853907245,34774.48169210152,0.010612618891592315,23160.164796425735,-17933.35240842391
validation,2003-01-01,3,Input-only PolyRidge,Constant,water_cum,2,15,53577.07086782069,0.05722558686553557,58942.62184407029,0.01571829930809184,23160.164796425735,-46473.41410286785
validation,2003-01-01,3,Input-only PolyRidge,Constant,water_cum,3,15,95791.14066828448,0.06738791892444229,96680.0491208189,0.022836970924006862,23160.164796425735,-83191.60174999527
validation,2003-01-01,3,Input-only PolyRidge,Constant,water_cum,4,15,157389.8295477754,0.08183884990524104,156381.64994473313,0.03303948796500745,23160.164796425735,-138316.85606378957
validation,2003-01-01,3,Input-only PolyRidge,Constant,water_cum,5,15,237349.16936409584,0.09744777027001407,235629.18947087164,0.04493754339260346,23160.164796425735,-210772.55109156613
validation,2003-01-01,3,Input-only PolyRidge,Constant,water_cum,6,15,334565.54129627824,0.11289642336339639,332633.5133213961,0.057658772423072234,23160.164796425735,-299700.26278601156
validation,2003-01-01,3,Input-only PolyRidge,Constant,water_cum,7,15,448376.9152044346,0.1276789178261323,446491.9128672196,0.07070403049580067,23160.164796425735,-404954.917099811
validation,2003-01-01,3,Input-only PolyRidge,Constant,water_cum,8,15,576804.0225387905,0.14156071628401956,575109.0528708493,0.08364590207595468,23160.164796425735,-525169.838080276
validation,2003-01-01,3,Input-only PolyRidge,Constant,water_cum,9,15,715592.5307503742,0.15426737989969966,714144.785551614,0.0960202611340018,23160.164796425735,-656410.6071553688
validation,2003-01-01,3,Input-only PolyRidge,Constant,water_cum,10,15,867882.6245706714,0.16622495472672952,866696.7577549799,0.10809558423776244,23160.164796425735,-801422.7355164809
validation,2003-01-01,3,Input-only PolyRidge,Constant,water_cum,11,15,1032805.9356977103,0.17741734917748048,1031878.3351119527,0.1197611801437177,23160.164796425735,-959392.8898302794
validation,2003-01-01,3,Input-only PolyRidge,Constant,water_cum,12,15,1207582.1932730472,0.18774902410342872,1206901.0771715583,0.1308309248336896,23160.164796425735,-1127690.577477414
validation,2003-01-01,3,Input-only PolyRidge,Liquid-WC-time,gas_cum,1,15,7881.39191318341,0.0202619258392909,31190.103587255984,0.0036125893162487765,31552.648261007933,5381.954035531419
validation,2003-01-01,3,Input-only PolyRidge,Liquid-WC-time,gas_cum,2,15,18102.697666878194,0.02398347909218562,32497.8127144616,0.0036114806542230362,31552.648261007933,11599.297955353682
validation,2003-01-01,3,Input-only PolyRidge,Liquid-WC-time,gas_cum,3,15,25917.12717991019,0.0235131456356859,35730.56917566664,0.003823490437079901,31552.648261007933,11024.806638133277
validation,2003-01-01,3,Input-only PolyRidge,Liquid-WC-time,gas_cum,4,15,33209.08607816971,0.02317959619246995,42400.93897711684,0.004382671779671434,31552.648261007933,-3347.742126570394
validation,2003-01-01,3,Input-only PolyRidge,Liquid-WC-time,gas_cum,5,15,53264.32194021558,0.030538959007797867,61811.243316632695,0.006190116760932072,31552.648261007933,-33262.66689744145
validation,2003-01-01,3,Input-only PolyRidge,Liquid-WC-time,gas_cum,6,15,92756.43100999117,0.045454421583169986,100547.8606141318,0.009779605565458444,31552.648261007933,-79168.95816658747
validation,2003-01-01,3,Input-only PolyRidge,Liquid-WC-time,gas_cum,7,15,150830.3157315237,0.06485603308833786,158356.65379544933,0.014987700113892019,31552.648261007933,-141494.77763598735
validation,2003-01-01,3,Input-only PolyRidge,Liquid-WC-time,gas_cum,8,15,225398.5761196219,0.08680750424432084,232974.63320510194,0.02149983888965674,31552.648261007933,-219207.8132639993
validation,2003-01-01,3,Input-only PolyRidge,Liquid-WC-time,gas_cum,9,15,311433.22912537487,0.10937418020846094,319187.98266446014,0.028790987471934378,31552.648261007933,-307598.4454545269
validation,2003-01-01,3,Input-only PolyRidge,Liquid-WC-time,gas_cum,10,15,407272.0649216912,0.13201889464397043,415251.7381938438,0.03667243869873541,31552.648261007933,-405156.5818216104
validation,2003-01-01,3,Input-only PolyRidge,Liquid-WC-time,gas_cum,11,15,512932.17347898625,0.15491595728646684,521141.1211272528,0.04512582214326818,31552.648261007933,-511924.38048773335
validation,2003-01-01,3,Input-only PolyRidge,Liquid-WC-time,gas_cum,12,15,628418.9667039317,0.1781870829360227,636851.2050382491,0.05413767592138791,31552.648261007933,-627881.5070552541
validation,2003-01-01,3,Input-only PolyRidge,Liquid-WC-time,oil_cum,1,15,22286.81446807026,0.020827070334689883,88821.84106000196,0.003736857253113758,89464.00728259669,15350.615917774787
validation,2003-01-01,3,Input-only PolyRidge,Liquid-WC-time,oil_cum,2,15,51145.846636653165,0.02463538495834132,93133.75631491192,0.003759602683347756,89464.00728259669,33324.98631119132
validation,2003-01-01,3,Input-only PolyRidge,Liquid-WC-time,oil_cum,3,15,72794.320123687,0.02400741991811858,102205.2497649749,0.003972870861441261,89464.00728259669,32055.508806499092
validation,2003-01-01,3,Input-only PolyRidge,Liquid-WC-time,oil_cum,4,15,91921.37523560764,0.023318539827989312,119627.00994414733,0.0044916089054673775,89464.00728259669,-7718.804743245989
validation,2003-01-01,3,Input-only PolyRidge,Liquid-WC-time,oil_cum,5,15,146088.40351441625,0.03043645871734824,171543.74688337793,0.00624036381864256,89464.00728259669,-90491.96909922238
validation,2003-01-01,3,Input-only PolyRidge,Liquid-WC-time,oil_cum,6,15,254963.22763872254,0.04539270918572331,277658.7678465442,0.009809609710052035,89464.00728259669,-217709.7737508908
validation,2003-01-01,3,Input-only PolyRidge,Liquid-WC-time,oil_cum,7,15,415887.0098292848,0.06495628617172991,437432.17330164346,0.015037774030397718,89464.00728259669,-390548.963768821
validation,2003-01-01,3,Input-only PolyRidge,Liquid-WC-time,oil_cum,8,15,621942.3167330554,0.08699608778177065,643429.3700267131,0.021567138814041816,89464.00728259669,-605207.3574109259
validation,2003-01-01,3,Input-only PolyRidge,Liquid-WC-time,oil_cum,9,15,859182.7747174748,0.10958922832070186,881067.8014016731,0.02886566423651046,89464.00728259669,-848840.2240799775
validation,2003-01-01,3,Input-only PolyRidge,Liquid-WC-time,oil_cum,10,15,1123191.3762250782,0.13223250025267652,1145646.4830209923,0.0367486297555815,89464.00728259669,-1117499.3584492418
validation,2003-01-01,3,Input-only PolyRidge,Liquid-WC-time,oil_cum,11,15,1414011.3603352536,0.15510797189240375,1437078.244613827,0.0451976185060455,89464.00728259669,-1411282.6532795327
validation,2003-01-01,3,Input-only PolyRidge,Liquid-WC-time,oil_cum,12,15,1731876.35245668,0.17836083646407763,1755550.579472898,0.05420549412906016,89464.00728259669,-1730368.1515144403
validation,2003-01-01,3,Input-only PolyRidge,Liquid-WC-time,water_cum,1,15,19719.982393147664,0.042716513487634944,25442.12056482063,0.00776453066185348,23160.164796425735,16044.943781001384
validation,2003-01-01,3,Input-only PolyRidge,Liquid-WC-time,water_cum,2,15,98475.04227510332,0.105181040966274,91454.82864857707,0.024388368296060156,23160.164796425735,94791.81771868565
validation,2003-01-01,3,Input-only PolyRidge,Liquid-WC-time,water_cum,3,15,251219.4933677153,0.1767299014626741,242746.39386019472,0.057339568906973566,23160.164796425735,246452.67325637056
validation,2003-01-01,3,Input-only PolyRidge,Liquid-WC-time,water_cum,4,15,469952.3394890312,0.24436368655183738,461385.2109739624,0.09747902730655426,23160.164796425735,464073.2693256454
validation,2003-01-01,3,Input-only PolyRidge,Liquid-WC-time,water_cum,5,15,753315.2620173768,0.30928649462157953,744947.7257764749,0.1420711959646235,23160.164796425735,746586.626056464
validation,2003-01-01,3,Input-only PolyRidge,Liquid-WC-time,water_cum,6,15,1104592.7522776532,0.372735848773032,1096519.8959796594,0.1900710199292936,23160.164796425735,1097545.3781932099
validation,2003-01-01,3,Input-only PolyRidge,Liquid-WC-time,water_cum,7,15,1528184.3318367926,0.4351627283015015,1520446.185171553,0.2407695869635219,23160.164796425735,1521464.69815073
validation,2003-01-01,3,Input-only PolyRidge,Liquid-WC-time,water_cum,8,15,2017397.4790335826,0.49511484144055795,2009996.0624186588,0.29234096206773097,23160.164796425735,2011508.392885635
validation,2003-01-01,3,Input-only PolyRidge,Liquid-WC-time,water_cum,9,15,2555315.845913839,0.5508747833797963,2548226.2071412103,0.3426214834702058,23160.164796425735,2550461.711696291
validation,2003-01-01,3,Input-only PolyRidge,Liquid-WC-time,water_cum,10,15,3154151.456765438,0.6041124320946576,3147349.1387422136,0.3925416137863742,23160.164796425735,3150285.6636814573
validation,2003-01-01,3,Input-only PolyRidge,Liquid-WC-time,water_cum,11,15,3809920.818980473,0.6544753752049042,3803377.9128104704,0.4414251291760215,23160.164796425735,3806774.940671518
validation,2003-01-01,3,Input-only PolyRidge,Liquid-WC-time,water_cum,12,15,4509985.653322854,0.7011907014269563,4503672.083564563,0.4882086817100962,23160.164796425735,4507136.325552749
validation,2003-01-01,3,Input-only PolyRidge,Liquid-WC-volume,gas_cum,1,15,7740.721681179963,0.019900282890932756,31174.238063307344,0.003610751694191729,31552.648261007933,5301.7748160417505
validation,2003-01-01,3,Input-only PolyRidge,Liquid-WC-volume,gas_cum,2,15,17438.906308712852,0.02310405070791446,32215.60858302669,0.0035801193201488364,31552.648261007933,11244.580815810275
validation,2003-01-01,3,Input-only PolyRidge,Liquid-WC-volume,gas_cum,3,15,24272.14419365488,0.022020745484405684,34745.155878672165,0.003718042401838535,31552.648261007933,10153.597443371887
validation,2003-01-01,3,Input-only PolyRidge,Liquid-WC-volume,gas_cum,4,15,30842.954667051617,0.021528061112012255,40882.15531151676,0.004225686333800913,31552.648261007933,-5003.579303218548
validation,2003-01-01,3,Input-only PolyRidge,Liquid-WC-volume,gas_cum,5,15,51991.89510225861,0.029809416424144874,61057.25303002881,0.006114608040184002,31552.648261007933,-35965.76896355028
validation,2003-01-01,3,Input-only PolyRidge,Liquid-WC-volume,gas_cum,6,15,93461.99619389925,0.04580017720328769,101504.28997291207,0.009872630934899082,31552.648261007933,-83172.92330691988
validation,2003-01-01,3,Input-only PolyRidge,Liquid-WC-volume,gas_cum,7,15,153692.4633477215,0.06608673753657521,161353.93740935568,0.015271378676710967,31552.648261007933,-147032.18304165354
validation,2003-01-01,3,Input-only PolyRidge,Liquid-WC-volume,gas_cum,8,15,230523.95483471252,0.08878143567824372,238177.9253908567,0.021980019680803438,31552.648261007933,-226439.8944830384
validation,2003-01-01,3,Input-only PolyRidge,Liquid-WC-volume,gas_cum,9,15,318850.81587784056,0.11197920881268053,326650.56468387094,0.02946411778102562,31552.648261007933,-316578.3194855448
validation,2003-01-01,3,Input-only PolyRidge,Liquid-WC-volume,gas_cum,10,15,417025.9738163069,0.13518066384356617,425028.995361446,0.037535904955806894,31552.648261007933,-415926.72021082154
validation,2003-01-01,3,Input-only PolyRidge,Liquid-WC-volume,gas_cum,11,15,525024.115566573,0.15856796993220462,533240.9248493029,0.046173549080548874,31552.648261007933,-524465.6740258577
validation,2003-01-01,3,Input-only PolyRidge,Liquid-WC-volume,gas_cum,12,15,642763.663327295,0.18225449621020473,651192.343977776,0.055356792610042165,31552.648261007933,-642103.8318259155
validation,2003-01-01,3,Input-only PolyRidge,Liquid-WC-volume,oil_cum,1,15,21895.25308233214,0.02046115547804673,88773.20200843642,0.003734810941188018,89464.00728259669,15129.922303320467
validation,2003-01-01,3,Input-only PolyRidge,Liquid-WC-volume,oil_cum,2,15,49300.867667874016,0.023746715200681168,92341.38681112752,0.0037276164881108976,89464.00728259669,32348.62440925315
validation,2003-01-01,3,Input-only PolyRidge,Liquid-WC-volume,oil_cum,3,15,68230.85940739329,0.022502399780424464,99484.01256659334,0.0038670923031247292,89464.00728259669,29657.49466053024
validation,2003-01-01,3,Input-only PolyRidge,Liquid-WC-volume,oil_cum,4,15,85293.60879184508,0.021637213418398995,115402.70151468951,0.004332999730415251,89464.00728259669,-12276.52307671532
validation,2003-01-01,3,Input-only PolyRidge,Liquid-WC-volume,oil_cum,5,15,142508.51348072407,0.02969061460787814,169394.13152292743,0.006162165795321586,89464.00728259669,-97932.30908860663
validation,2003-01-01,3,Input-only PolyRidge,Liquid-WC-volume,oil_cum,6,15,256956.73815030084,0.04574762641731319,280296.3964329218,0.009902796419742904,89464.00728259669,-228730.77466764947
validation,2003-01-01,3,Input-only PolyRidge,Liquid-WC-volume,oil_cum,7,15,423894.6353240929,0.0662069759045261,445763.78718513733,0.015324193124683472,89464.00728259669,-405790.8046465859
validation,2003-01-01,3,Input-only PolyRidge,Liquid-WC-volume,oil_cum,8,15,636188.981873659,0.08898888373378079,657850.0194853095,0.022050505230233344,89464.00728259669,-625113.8473464112
validation,2003-01-01,3,Input-only PolyRidge,Liquid-WC-volume,oil_cum,9,15,879729.8325132229,0.11221001667256023,901704.238981629,0.029541758036866178,89464.00728259669,-873557.571909983
validation,2003-01-01,3,Input-only PolyRidge,Liquid-WC-volume,oil_cum,10,15,1150158.7616616476,0.13540735084095293,1172647.8182033908,0.03761474516223626,89464.00728259669,-1147144.4703398556
validation,2003-01-01,3,Input-only PolyRidge,Liquid-WC-volume,oil_cum,11,15,1447400.5603778241,0.15877055286380767,1470461.740213022,0.04624756446698803,89464.00728259669,-1445802.9315440939
validation,2003-01-01,3,Input-only PolyRidge,Liquid-WC-volume,oil_cum,12,15,1771453.2807263571,0.18243674755371472,1795092.7369509405,0.055426422885023405,89464.00728259669,-1769515.5272955291
validation,2003-01-01,3,Input-only PolyRidge,Liquid-WC-volume,water_cum,1,15,19874.13193193641,0.043050425086616405,25797.06365510367,0.007872853649345585,23160.164796425735,16265.637395456139
validation,2003-01-01,3,Input-only PolyRidge,Liquid-WC-volume,water_cum,2,15,99199.39247416124,0.1059547182981222,92507.71606540648,0.02466914304000062,23160.164796425735,95768.17962062267
validation,2003-01-01,3,Input-only PolyRidge,Liquid-WC-volume,water_cum,3,15,253097.86796555875,0.1780513154705471,244930.04950336766,0.057855374193427914,23160.164796425735,248850.68740233922
validation,2003-01-01,3,Input-only PolyRidge,Liquid-WC-volume,water_cum,4,15,473706.1421920593,0.24631557186024453,465437.0518184804,0.09833507881173977,23160.164796425735,468630.98765911453
validation,2003-01-01,3,Input-only PolyRidge,Liquid-WC-volume,water_cum,5,15,759730.9491983711,0.31192056497545023,751656.64332378,0.14335067357975442,23160.164796425735,754026.966045846
validation,2003-01-01,3,Input-only PolyRidge,Liquid-WC-volume,water_cum,6,15,1114477.921651555,0.3760715188552854,1106692.281291221,0.19183430362197557,23160.164796425735,1108566.3791099677
validation,2003-01-01,3,Input-only PolyRidge,Liquid-WC-volume,water_cum,7,15,1542319.593821676,0.4391878573663997,1534860.601731773,0.24305217555848277,23160.164796425735,1536706.5390284914
validation,2003-01-01,3,Input-only PolyRidge,Liquid-WC-volume,water_cum,8,15,2036384.2090640967,0.4997746132139598,2029252.2036704447,0.29514164360363676,23160.164796425735,2031414.8828211164
validation,2003-01-01,3,Input-only PolyRidge,Liquid-WC-volume,water_cum,9,15,2579434.802013727,0.5560743459849901,2572603.7848464753,0.34589916808603055,23160.164796425735,2575179.0595262945
validation,2003-01-01,3,Input-only PolyRidge,Liquid-WC-volume,water_cum,10,15,3183632.20799958,0.6097588598493663,3177076.729707444,0.3962492788775551,23160.164796425735,3179930.775572068
validation,2003-01-01,3,Input-only PolyRidge,Liquid-WC-volume,water_cum,11,15,3844797.3154344806,0.6604665254642098,3838488.872262082,0.44550015410562915,23160.164796425735,3841295.218936076
validation,2003-01-01,3,Input-only PolyRidge,Liquid-WC-volume,water_cum,12,15,4550059.911465179,0.7074212527714553,4543968.321828654,0.49257688902975905,23160.164796425735,4546283.7013338385
validation,2003-01-01,3,Input-only PolyRidge,Separate,gas_cum,1,15,14902.20723958056,0.038311432962120556,31803.32227194329,0.003683615283271555,31552.648261007933,13603.331568327174
validation,2003-01-01,3,Input-only PolyRidge,Separate,gas_cum,2,15,49667.02889805528,0.06580169271273634,51346.26842420327,0.005706108799071076,31552.648261007933,46619.53305732471
validation,2003-01-01,3,Input-only PolyRidge,Separate,gas_cum,3,15,99894.26729673818,0.09062842647695335,95944.17074103699,0.010266884289426431,31552.648261007933,94188.10604449685
validation,2003-01-01,3,Input-only PolyRidge,Separate,gas_cum,4,15,160112.22574765488,0.11175666591884655,153949.18154448562,0.015912589431631728,31552.648261007933,150783.68126644343
validation,2003-01-01,3,Input-only PolyRidge,Separate,gas_cum,5,15,228350.9940476752,0.13092444233945358,220884.45996045225,0.02212058073037822,31552.648261007933,214507.7360094761
validation,2003-01-01,3,Input-only PolyRidge,Separate,gas_cum,6,15,305013.43546193704,0.14946898164424335,296643.21783879993,0.02885246534747346,31552.648261007933,285809.84492893855
validation,2003-01-01,3,Input-only PolyRidge,Separate,gas_cum,7,15,390742.15204812586,0.16801652784013293,381726.0734235003,0.03612854766124995,31552.648261007933,365442.786513542
validation,2003-01-01,3,Input-only PolyRidge,Separate,gas_cum,8,15,483993.83518622053,0.1864000102638423,474509.59175447037,0.04378965913141523,31552.648261007933,452065.62361014273
validation,2003-01-01,3,Input-only PolyRidge,Separate,gas_cum,9,15,583011.4039499378,0.20475141505705427,573185.5695828877,0.051701753979574126,31552.648261007933,544347.6265809113
validation,2003-01-01,3,Input-only PolyRidge,Separate,gas_cum,10,15,692845.4015379086,0.22458865202989015,682760.2142527937,0.06029711570149482,31552.648261007933,647321.7094086838
validation,2003-01-01,3,Input-only PolyRidge,Separate,gas_cum,11,15,811623.5929517178,0.24512684592507453,801330.0241166597,0.06938749348378408,31552.648261007933,759065.908333274
validation,2003-01-01,3,Input-only PolyRidge,Separate,gas_cum,12,15,934702.3473631461,0.26503319204965997,924238.5942172745,0.07856800629712052,31552.648261007933,874889.5877883998
validation,2003-01-01,3,Input-only PolyRidge,Separate,oil_cum,1,15,41668.862251997816,0.038939630701022576,90518.94448099022,0.00380825673270482,89464.00728259669,37980.72088473986
validation,2003-01-01,3,Input-only PolyRidge,Separate,oil_cum,2,15,138290.89709610105,0.06661048179336092,144487.69313511255,0.0058326469404361425,89464.00728259669,129721.42807685137
validation,2003-01-01,3,Input-only PolyRidge,Separate,oil_cum,3,15,276920.64745577937,0.09132787085822221,266851.31042941514,0.010372909395362118,89464.00728259669,260970.17907648932
validation,2003-01-01,3,Input-only PolyRidge,Separate,oil_cum,4,15,442410.2969773314,0.11223028489223719,425813.69505473005,0.0159879327057557,89464.00728259669,416542.15852317883
validation,2003-01-01,3,Input-only PolyRidge,Separate,oil_cum,5,15,629656.9998320801,0.13118446653150856,609199.9468765521,0.022161281748100673,89464.00728259669,591518.8810980397
validation,2003-01-01,3,Input-only PolyRidge,Separate,oil_cum,6,15,839675.6126277548,0.14949273762867518,816530.3993049051,0.02884779974965863,89464.00728259669,786927.9337997355
validation,2003-01-01,3,Input-only PolyRidge,Separate,oil_cum,7,15,1074234.9671062855,0.16778190299254037,1049164.0351960454,0.03606751548020872,89464.00728259669,1004843.213398881
validation,2003-01-01,3,Input-only PolyRidge,Separate,oil_cum,8,15,1330071.4368181243,0.18604781884156602,1303621.9102341025,0.043696163104705636,89464.00728259669,1242534.3146936232
validation,2003-01-01,3,Input-only PolyRidge,Separate,oil_cum,9,15,1602199.5307994438,0.20436141803918137,1574750.6787178302,0.0515921978714583,89464.00728259669,1496219.3566526219
validation,2003-01-01,3,Input-only PolyRidge,Separate,oil_cum,10,15,1904293.9128716798,0.22419113131128082,1876088.0222586521,0.06017882928166861,89464.00728259669,1779543.434072172
validation,2003-01-01,3,Input-only PolyRidge,Separate,oil_cum,11,15,2231293.050454898,0.24475852844040655,2202486.756302416,0.06927051922821682,89464.00728259669,2087234.318923481
validation,2003-01-01,3,Input-only PolyRidge,Separate,oil_cum,12,15,2570168.1799511984,0.2646940387973906,2540874.1120873815,0.07845364205159305,89464.00728259669,2406146.5950999437
validation,2003-01-01,3,Input-only PolyRidge,Separate,water_cum,1,15,12999.383936979495,0.028158664049714482,23954.47377107335,0.007310524514267244,23160.164796425735,-2259.9634225241066
validation,2003-01-01,3,Input-only PolyRidge,Separate,water_cum,2,15,38790.07693621939,0.041431621424598476,27629.922595386925,0.007368104431503026,23160.164796425735,16495.957695993642
validation,2003-01-01,3,Input-only PolyRidge,Separate,water_cum,3,15,94320.38889799861,0.06635326268835867,77645.62586708792,0.018340815053652742,23160.164796425735,59096.960940931756
validation,2003-01-01,3,Input-only PolyRidge,Separate,water_cum,4,15,170769.14072284428,0.08879576346336651,153139.06595053404,0.03235441196734577,23160.164796425735,114329.52647184864
validation,2003-01-01,3,Input-only PolyRidge,Separate,water_cum,5,15,265197.0691232191,0.10888120290219894,247293.39925540585,0.047162059525388156,23160.164796425735,180952.53958943122
validation,2003-01-01,3,Input-only PolyRidge,Separate,water_cum,6,15,377496.861279103,0.12738324844870394,359532.97280022013,0.062321531135825795,23160.164796425735,260264.37923157605
validation,2003-01-01,3,Input-only PolyRidge,Separate,water_cum,7,15,508197.9111496394,0.14471342555069425,490286.2927501102,0.07763907026147145,23160.164796425735,354147.6447019763
validation,2003-01-01,3,Input-only PolyRidge,Separate,water_cum,8,15,654950.3166014334,0.1607395793470028,637145.3354990517,0.09266867922747375,23160.164796425735,461691.9617188033
validation,2003-01-01,3,Input-only PolyRidge,Separate,water_cum,9,15,813621.4106798277,0.1754004379059946,795945.6959081099,0.10701879382980924,23160.164796425735,580399.3931526717
validation,2003-01-01,3,Input-only PolyRidge,Separate,water_cum,10,15,989678.0389275887,0.18955234562525913,972147.5123064645,0.12124754404326815,23160.164796425735,714859.3228165726
validation,2003-01-01,3,Input-only PolyRidge,Separate,water_cum,11,15,1183755.9024343407,0.20334781881478933,1166378.661776684,0.13537146800709854,23160.164796425735,866226.4894997622
validation,2003-01-01,3,Input-only PolyRidge,Separate,water_cum,12,15,1394087.1071511453,0.21674590379092956,1376866.6515441572,0.1492555941836992,23160.164796425735,1033665.5870395526
validation,2003-01-01,5,History-conditioned,Constant,gas_cum,1,15,18932.222928235522,0.048672024075235715,18932.222928235522,0.0021928220306177224,0.0,18021.876399739584
validation,2003-01-01,5,History-conditioned,Constant,gas_cum,2,15,65342.71149961001,0.08656972479549052,65342.71149961001,0.0072615329698883175,0.0,63514.97661132812
validation,2003-01-01,5,History-conditioned,Constant,gas_cum,3,15,134542.83707830316,0.12206311681461082,134542.83707830316,0.014397286771933809,0.0,131679.7673014323
validation,2003-01-01,5,History-conditioned,Constant,gas_cum,4,15,220691.59390416992,0.15404043392612268,220691.59390416992,0.022811259466128976,0.0,216696.42465820312
validation,2003-01-01,5,History-conditioned,Constant,gas_cum,5,15,321208.4797093182,0.18416403771759418,321208.4797093182,0.0321675780539934,0.0,316038.59153645835
validation,2003-01-01,5,History-conditioned,Constant,gas_cum,6,15,436622.7366485265,0.21396288891582932,436622.7366485265,0.04246731973463279,0.0,430239.3584147135
validation,2003-01-01,5,History-conditioned,Constant,gas_cum,7,15,568047.1804696397,0.24425651138895088,568047.1804696397,0.05376294956584588,0.0,560461.482438151
validation,2003-01-01,5,History-conditioned,Constant,gas_cum,8,15,713492.7551781557,0.2747866754071659,713492.7551781557,0.06584398942593428,0.0,704753.9397949219
validation,2003-01-01,5,History-conditioned,Constant,gas_cum,9,15,869896.1737091385,0.30550426854936347,869896.1737091385,0.07846526560955047,0.0,860136.4161946614
validation,2003-01-01,5,History-conditioned,Constant,gas_cum,10,15,1044144.6477237698,0.3384637300557667,1044144.6477237698,0.09221233065227494,0.0,1033471.6497395834
validation,2003-01-01,5,History-conditioned,Constant,gas_cum,11,15,1234386.6630234723,0.37280989856208097,1234386.6630234723,0.10688604440028054,0.0,1222894.2404296875
validation,2003-01-01,5,History-conditioned,Constant,gas_cum,12,15,1435050.635937881,0.4069060614520365,1435050.635937881,0.12199129976447255,0.0,1422817.8977864583
validation,2003-01-01,5,History-conditioned,Constant,gas_cum,13,15,1638779.857069757,0.4393061679720284,1638779.857069757,0.13694852432085763,0.0,1625869.574186198
validation,2003-01-01,5,History-conditioned,Constant,gas_cum,14,15,1850109.5187635473,0.4706444685543661,1850109.5187635473,0.15206997369942377,0.0,1836568.8077311197
validation,2003-01-01,5,History-conditioned,Constant,gas_cum,15,15,2068426.269752735,0.5009213988360313,2068426.269752735,0.16730087905986077,0.0,2054284.7317545572
validation,2003-01-01,5,History-conditioned,Constant,gas_cum,16,15,2291438.718271574,0.5300776700392104,2291438.718271574,0.18249466508816142,0.0,2276704.189111328
validation,2003-01-01,5,History-conditioned,Constant,gas_cum,17,15,2514008.0794792227,0.5576939288784627,2514008.0794792227,0.19732676194956184,0.0,2498682.998844401
validation,2003-01-01,5,History-conditioned,Constant,gas_cum,18,15,2743349.0245562196,0.5848489277961215,2743349.0245562196,0.2122963985103546,0.0,2727407.232389323
validation,2003-01-01,5,History-conditioned,Constant,gas_cum,19,15,2979582.699578398,0.6116720251253276,2979582.699578398,0.22741676640128178,0.0,2962993.023079427
validation,2003-01-01,5,History-conditioned,Constant,gas_cum,20,15,3220284.0496724728,0.6380217771635195,3220284.0496724728,0.24254530907113744,0.0,3203013.413769531
validation,2003-01-01,5,History-conditioned,Constant,oil_cum,1,15,53694.70205669095,0.050177800777095535,53694.70205669095,0.0022590101087724894,0.0,51122.316145833334
validation,2003-01-01,5,History-conditioned,Constant,oil_cum,2,15,183435.4281769687,0.08835521719371238,183435.4281769687,0.007404880413749135,0.0,178196.98098958333
validation,2003-01-01,5,History-conditioned,Constant,oil_cum,3,15,375372.76588570885,0.12379718089449464,375372.76588570885,0.014591300615137354,0.0,367139.8611979167
validation,2003-01-01,5,History-conditioned,Constant,oil_cum,4,15,613352.7272359016,0.1555948217919598,613352.7272359016,0.02302941930197648,0.0,601944.74140625
validation,2003-01-01,5,History-conditioned,Constant,oil_cum,5,15,890587.9071194206,0.18554752750470652,890587.9071194206,0.0323975233949326,0.0,875954.0729166666
validation,2003-01-01,5,History-conditioned,Constant,oil_cum,6,15,1208415.9113159585,0.21514189534614783,1208415.9113159585,0.04269300965845204,0.0,1190436.2044270833
validation,2003-01-01,5,History-conditioned,Constant,oil_cum,7,15,1569894.364630123,0.2451976262739231,1569894.364630123,0.05396886225518495,0.0,1548604.41796875
validation,2003-01-01,5,History-conditioned,Constant,oil_cum,8,15,1970523.1622079308,0.27563296688980915,1970523.1622079308,0.06605005701536236,0.0,1946038.0981770833
validation,2003-01-01,5,History-conditioned,Constant,oil_cum,9,15,2401715.395077829,0.30634009961277175,2401715.395077829,0.0786853294101584,0.0,2374392.94765625
validation,2003-01-01,5,History-conditioned,Constant,oil_cum,10,15,2882239.253467058,0.33932392188878635,2882239.253467058,0.09245290302237477,0.0,2852383.4791666665
validation,2003-01-01,5,History-conditioned,Constant,oil_cum,11,15,3407049.6846890366,0.37373148586548505,3407049.6846890366,0.10715528709510048,0.0,3374893.159375
validation,2003-01-01,5,History-conditioned,Constant,oil_cum,12,15,3960551.33335584,0.4078854981039619,3960551.33335584,0.12228849715769503,0.0,3926300.30625
validation,2003-01-01,5,History-conditioned,Constant,oil_cum,13,15,4522428.122368325,0.44033327249643234,4522428.122368325,0.13727105950025198,0.0,4486255.022395833
validation,2003-01-01,5,History-conditioned,Constant,oil_cum,14,15,5105129.429027682,0.4717018623621357,5105129.429027682,0.15241374961079482,0.0,5067172.620572916
validation,2003-01-01,5,History-conditioned,Constant,oil_cum,15,15,5706881.267992114,0.5019818827081918,5706881.267992114,0.1676589505861575,0.0,5667243.767447917
validation,2003-01-01,5,History-conditioned,Constant,oil_cum,16,15,6321689.335644601,0.5311582784837094,6321689.335644601,0.18287102269659614,0.0,6280393.180989583
validation,2003-01-01,5,History-conditioned,Constant,oil_cum,17,15,6935443.846904479,0.5588173896796378,6935443.846904479,0.19772690170151982,0.0,6892479.363802084
validation,2003-01-01,5,History-conditioned,Constant,oil_cum,18,15,7567850.740647173,0.5860141879321241,7567850.740647173,0.21272013799063422,0.0,7523139.8953125
validation,2003-01-01,5,History-conditioned,Constant,oil_cum,19,15,8219132.796069898,0.6128647456425831,8219132.796069898,0.22786018879197914,0.0,8172591.975520833
validation,2003-01-01,5,History-conditioned,Constant,oil_cum,20,15,8882668.014768207,0.6392359390219373,8882668.014768207,0.24300651485071575,0.0,8834206.722395834
validation,2003-01-01,5,History-conditioned,Constant,water_cum,1,15,16870.536642392053,0.0365441759359173,16870.536642392053,0.005148619538534101,0.0,-15562.500553385416
validation,2003-01-01,5,History-conditioned,Constant,water_cum,2,15,47193.09883515006,0.050406876171103704,47193.09883515006,0.012585039985659793,0.0,-41705.36759440104
validation,2003-01-01,5,History-conditioned,Constant,water_cum,3,15,89086.1982305603,0.0626710723117575,89086.1982305603,0.02104321354015035,0.0,-76000.01778971354
validation,2003-01-01,5,History-conditioned,Constant,water_cum,4,15,150736.6197898579,0.07837934406340381,150736.6197898579,0.03184683584802302,0.0,-128701.7346516927
validation,2003-01-01,5,History-conditioned,Constant,water_cum,5,15,229873.18980247033,0.09437837870308151,229873.18980247033,0.043839799579761585,0.0,-198760.23502604166
validation,2003-01-01,5,History-conditioned,Constant,water_cum,6,15,325546.366238709,0.10985297602646274,325546.366238709,0.056430284659800274,0.0,-285290.7520670573
validation,2003-01-01,5,History-conditioned,Constant,water_cum,7,15,437349.91144173534,0.12453889018522622,437349.91144173534,0.06925635288070282,0.0,-388121.8689290365
validation,2003-01-01,5,History-conditioned,Constant,water_cum,8,15,563561.9076388894,0.13831080262687404,563561.9076388894,0.08196644428528373,0.0,-505913.2524576823
validation,2003-01-01,5,History-conditioned,Constant,water_cum,9,15,700080.3582784098,0.15092326701286887,700080.3582784098,0.09412923006187807,0.0,-634783.1696777344
validation,2003-01-01,5,History-conditioned,Constant,water_cum,10,15,849931.6945254736,0.1627868255954524,849931.6945254736,0.10600462302398019,0.0,-777398.1033854167
validation,2003-01-01,5,History-conditioned,Constant,water_cum,11,15,1012259.7900337469,0.17388789357161952,1012259.7900337469,0.11748422555389801,0.0,-932944.7202473958
validation,2003-01-01,5,History-conditioned,Constant,water_cum,12,15,1184386.3721867737,0.18414265031248886,1184386.3721867737,0.1283902776827066,0.0,-1098818.8704427083
validation,2003-01-01,5,History-conditioned,Constant,water_cum,13,15,1362309.769145731,0.19353096540152717,1362309.769145731,0.1385786065980752,0.0,-1271088.3209960938
validation,2003-01-01,5,History-conditioned,Constant,water_cum,14,15,1552931.443033626,0.2026031562980452,1552931.443033626,0.14853864614746498,0.0,-1456739.8880371093
validation,2003-01-01,5,History-conditioned,Constant,water_cum,15,15,1757049.6813739785,0.21144742834287633,1757049.6813739785,0.15832053218874004,0.0,-1656551.1048990886
validation,2003-01-01,5,History-conditioned,Constant,water_cum,16,15,1972078.0249232498,0.21994857207579815,1972078.0249232498,0.16779037678494596,0.0,-1867970.4217610678
validation,2003-01-01,5,History-conditioned,Constant,water_cum,17,15,2191961.680481436,0.2278953875375606,2191961.680481436,0.1767104531545536,0.0,-2084747.4389811198
validation,2003-01-01,5,History-conditioned,Constant,water_cum,18,15,2424823.532415305,0.23568108098626864,2424823.532415305,0.1854769604711769,0.0,-2314791.572688802
validation,2003-01-01,5,History-conditioned,Constant,water_cum,19,15,2670510.109055589,0.2432893627395821,2670510.109055589,0.19407083783841814,0.0,-2557832.0228841146
validation,2003-01-01,5,History-conditioned,Constant,water_cum,20,15,2926153.378866649,0.25063852465619896,2926153.378866649,0.2023956253420177,0.0,-2810936.939746094
validation,2003-01-01,5,History-conditioned,Liquid-WC-time,gas_cum,1,15,8508.19559845111,0.021873348025446156,8508.19559845111,0.0009854605462765462,0.0,5958.21034005098
validation,2003-01-01,5,History-conditioned,Liquid-WC-time,gas_cum,2,15,20459.288157571,0.02710562363674074,20459.288157571,0.002273639891689131,0.0,12524.558236464796
validation,2003-01-01,5,History-conditioned,Liquid-WC-time,gas_cum,3,15,31264.088281322027,0.02836414143522419,31264.088281322027,0.0033455370380459743,0.0,12038.275942550972
validation,2003-01-01,5,History-conditioned,Liquid-WC-time,gas_cum,4,15,42445.35308257975,0.029626414360970972,42445.35308257975,0.004387262537596315,0.0,-2526.7009228950988
validation,2003-01-01,5,History-conditioned,Liquid-WC-time,gas_cum,5,15,64317.222438441866,0.036876110461851186,64317.222438441866,0.006441079248209571,0.0,-32906.34577446791
validation,2003-01-01,5,History-conditioned,Liquid-WC-time,gas_cum,6,15,103738.59198716376,0.050836126867808105,103738.59198716376,0.01008994627388323,0.0,-79529.92895344607
validation,2003-01-01,5,History-conditioned,Liquid-WC-time,gas_cum,7,15,161553.274543586,0.06946683409440275,161553.274543586,0.015290244983353605,0.0,-142798.40898639522
validation,2003-01-01,5,History-conditioned,Liquid-WC-time,gas_cum,8,15,236214.34916435997,0.09097297095067851,236214.34916435997,0.021798812946248462,0.0,-221618.33136779926
validation,2003-01-01,5,History-conditioned,Liquid-WC-time,gas_cum,9,15,322679.44370760897,0.11332380852472873,322679.44370760897,0.029105919789601604,0.0,-311190.4639719235
validation,2003-01-01,5,History-conditioned,Liquid-WC-time,gas_cum,10,15,419191.709269176,0.13588269579027976,419191.709269176,0.03702039232407933,0.0,-409981.9199517559
validation,2003-01-01,5,History-conditioned,Liquid-WC-time,gas_cum,11,15,525607.4294015509,0.15874414258390462,525607.4294015509,0.04551256159761603,0.0,-517980.93856108055
validation,2003-01-01,5,History-conditioned,Liquid-WC-time,gas_cum,12,15,641841.1981833186,0.18199293285546156,641841.1981833186,0.05456186705049395,0.0,-635109.0362388844
validation,2003-01-01,5,History-conditioned,Liquid-WC-time,gas_cum,13,15,765108.5939514594,0.2051019379090251,765108.5939514594,0.0639381137343321,0.0,-758582.0173045018
validation,2003-01-01,5,History-conditioned,Liquid-WC-time,gas_cum,14,15,898955.336031574,0.2286828709813067,898955.336031574,0.07388974161845256,0.0,-892025.327626065
validation,2003-01-01,5,History-conditioned,Liquid-WC-time,gas_cum,15,15,1042143.5226140196,0.2523812420919064,1042143.5226140196,0.08429187445037999,0.0,-1034248.8912554886
validation,2003-01-01,5,History-conditioned,Liquid-WC-time,gas_cum,16,15,1191147.2815441694,0.275547659485625,1191147.2815441694,0.09486530121130395,0.0,-1181806.653416112
validation,2003-01-01,5,History-conditioned,Liquid-WC-time,gas_cum,17,15,1340885.5507692276,0.2974547842900169,1340885.5507692276,0.10524731644182182,0.0,-1329771.653385981
validation,2003-01-01,5,History-conditioned,Liquid-WC-time,gas_cum,18,15,1494898.032147034,0.31869423228316895,1494898.032147034,0.11568395618795531,0.0,-1481704.7462155833
validation,2003-01-01,5,History-conditioned,Liquid-WC-time,gas_cum,19,15,1651980.8428695838,0.3391315393827674,1651980.8428695838,0.12608750262089502,0.0,-1636464.1351850922
validation,2003-01-01,5,History-conditioned,Liquid-WC-time,gas_cum,20,15,1809287.4123095933,0.358466753986736,1809287.4123095933,0.1362718840475521,0.0,-1791277.205481047
validation,2003-01-01,5,History-conditioned,Liquid-WC-time,oil_cum,1,15,24035.535303196328,0.0224612532674319,24035.535303196328,0.001011208092045137,0.0,16932.62026205485
validation,2003-01-01,5,History-conditioned,Liquid-WC-time,oil_cum,2,15,57971.74447923467,0.02792321050227899,57971.74447923467,0.0023401904392809764,0.0,35863.52169195438
validation,2003-01-01,5,History-conditioned,Liquid-WC-time,oil_cum,3,15,88002.75107057107,0.029023129762199517,88002.75107057107,0.00342079850358875,0.0,34832.83283177068
validation,2003-01-01,5,History-conditioned,Liquid-WC-time,oil_cum,4,15,118010.33959184599,0.029936767121180177,118010.33959184599,0.004430908141024697,0.0,-5474.94777076443
validation,2003-01-01,5,History-conditioned,Liquid-WC-time,oil_cum,5,15,177206.4189043113,0.03691967140224067,177206.4189043113,0.006446358698889028,0.0,-89530.77418008869
validation,2003-01-01,5,History-conditioned,Liquid-WC-time,oil_cum,6,15,285838.6958244281,0.05088966324183022,285838.6958244281,0.01009860436900595,0.0,-218726.15454428643
validation,2003-01-01,5,History-conditioned,Liquid-WC-time,oil_cum,7,15,445892.91169660614,0.06964282819509013,445892.91169660614,0.015328632087667372,0.0,-394162.9546810381
validation,2003-01-01,5,History-conditioned,Liquid-WC-time,oil_cum,8,15,652042.9435011043,0.09120650520818842,652042.9435011043,0.021855857581727894,0.0,-611870.6421711018
validation,2003-01-01,5,History-conditioned,Liquid-WC-time,oil_cum,9,15,890336.6401568041,0.11356292073303607,890336.6401568041,0.02916933120395874,0.0,-858757.7798181981
validation,2003-01-01,5,History-conditioned,Liquid-WC-time,oil_cum,10,15,1156086.6603726246,0.13610523802597707,1156086.6603726246,0.03708351684140055,0.0,-1130813.5099754415
validation,2003-01-01,5,History-conditioned,Liquid-WC-time,oil_cum,11,15,1448953.883739695,0.1589409424682418,1448953.883739695,0.04557111981589984,0.0,-1427987.3251989144
validation,2003-01-01,5,History-conditioned,Liquid-WC-time,oil_cum,12,15,1768872.6663011038,0.18217097768693033,1768872.6663011038,0.05461683533893288,0.0,-1750297.2213398067
validation,2003-01-01,5,History-conditioned,Liquid-WC-time,oil_cum,13,15,2108196.0639028903,0.20526780012068313,2108196.0639028903,0.06399091361891218,0.0,-2090112.5893272662
validation,2003-01-01,5,History-conditioned,Liquid-WC-time,oil_cum,14,15,2476745.8393812706,0.2288454467757396,2476745.8393812706,0.07394330064711625,0.0,-2457470.66950714
validation,2003-01-01,5,History-conditioned,Liquid-WC-time,oil_cum,15,15,2871186.6958741136,0.25255189928083005,2871186.6958741136,0.0843508259173154,0.0,-2849168.5106324796
validation,2003-01-01,5,History-conditioned,Liquid-WC-time,oil_cum,16,15,3281486.3595386352,0.2757156438821728,3281486.3595386352,0.09492538064947023,0.0,-3255417.765052942
validation,2003-01-01,5,History-conditioned,Liquid-WC-time,oil_cum,17,15,3693597.8306077644,0.2976084507046881,3693597.8306077644,0.10530308820876638,0.0,-3662616.4232385913
validation,2003-01-01,5,History-conditioned,Liquid-WC-time,oil_cum,18,15,4117462.310972392,0.31883442409162427,4117462.310972392,0.11573525707331567,0.0,-4080741.512603176
validation,2003-01-01,5,History-conditioned,Liquid-WC-time,oil_cum,19,15,4549878.62593158,0.33926452777591415,4549878.62593158,0.1261369329841089,0.0,-4506752.614302406
validation,2003-01-01,5,History-conditioned,Liquid-WC-time,oil_cum,20,15,4982948.21934287,0.35859491526572035,4982948.21934287,0.13632040265952558,0.0,-4932955.428895416
validation,2003-01-01,5,History-conditioned,Liquid-WC-time,water_cum,1,15,19841.322240207533,0.04297935425037932,19841.322240207533,0.006055256066934408,0.0,18627.195330393068
validation,2003-01-01,5,History-conditioned,Liquid-WC-time,water_cum,2,15,103685.80910768581,0.11074665299365899,103685.80910768581,0.027650018451295565,0.0,100628.09170322785
validation,2003-01-01,5,History-conditioned,Liquid-WC-time,water_cum,3,15,261611.38053014138,0.1840404694827225,261611.38053014138,0.06179570185250987,0.0,256307.01057643277
validation,2003-01-01,5,History-conditioned,Liquid-WC-time,water_cum,4,15,486221.52505018323,0.2528232638894917,486221.52505018323,0.10272631239599056,0.0,478717.95452532254
validation,2003-01-01,5,History-conditioned,Liquid-WC-time,water_cum,5,15,775740.2126373684,0.3184934425211154,775740.2126373684,0.1479437226986198,0.0,766724.6120707149
validation,2003-01-01,5,History-conditioned,Liquid-WC-time,water_cum,6,15,1133559.44138706,0.38251042264116236,1133559.44138706,0.1964914635519897,0.0,1123871.6069043141
validation,2003-01-01,5,History-conditioned,Liquid-WC-time,water_cum,7,15,1564222.567316062,0.44542490449819194,1564222.567316062,0.24770177670524665,0.0,1554645.5037207527
validation,2003-01-01,5,History-conditioned,Liquid-WC-time,water_cum,8,15,2060972.1507394698,0.5058090486539127,2060972.1507394698,0.2997551052995457,0.0,2051995.4878905045
validation,2003-01-01,5,History-conditioned,Liquid-WC-time,water_cum,9,15,2606613.8849929506,0.5619336104953179,2606613.8849929506,0.3504719924814865,0.0,2598367.5577967158
validation,2003-01-01,5,History-conditioned,Liquid-WC-time,water_cum,10,15,3213418.617282279,0.6154638300772675,3213418.617282279,0.4007818879297461,0.0,3205798.8857566924
validation,2003-01-01,5,History-conditioned,Liquid-WC-time,water_cum,11,15,3877246.067164673,0.6660406331616059,3877246.067164673,0.44999836600004867,0.0,3869935.76432652
validation,2003-01-01,5,History-conditioned,Liquid-WC-time,water_cum,12,15,4585271.861907844,0.7128958360910967,4585271.861907844,0.4970542902432287,0.0,4577778.657147097
validation,2003-01-01,5,History-conditioned,Liquid-WC-time,water_cum,13,15,5313539.355799904,0.7548462357954063,5313539.355799904,0.5405106068442321,0.0,5305279.290727005
validation,2003-01-01,5,History-conditioned,Liquid-WC-time,water_cum,14,15,6077562.713513629,0.7929090455865739,6077562.713513629,0.5813218229248517,0.0,6067903.402042946
validation,2003-01-01,5,History-conditioned,Liquid-WC-time,water_cum,15,15,6871570.154044849,0.8269406682992863,6871570.154044849,0.6191689713121361,0.0,6859861.1731813075
validation,2003-01-01,5,History-conditioned,Liquid-WC-time,water_cum,16,15,7682219.117042015,0.8568084547428342,7682219.117042015,0.6536264913976517,0.0,7667840.52428146
validation,2003-01-01,5,History-conditioned,Liquid-WC-time,water_cum,17,15,8487854.663168434,0.882471142196431,8487854.663168434,0.6842695550722643,0.0,8470348.348059556
validation,2003-01-01,5,History-conditioned,Liquid-WC-time,water_cum,18,15,9310199.535741923,0.9049062174829228,9310199.535741923,0.7121456420168957,0.0,9289089.835226873
validation,2003-01-01,5,History-conditioned,Liquid-WC-time,water_cum,19,15,10146635.85992941,0.9243809128233608,10146635.85992941,0.7373745247772995,0.0,10121512.566939123
validation,2003-01-01,5,History-conditioned,Liquid-WC-time,water_cum,20,15,10985662.770169618,0.9409726533720856,10985662.770169618,0.7598542517365182,0.0,10956225.211545149
validation,2003-01-01,5,History-conditioned,Liquid-WC-volume,gas_cum,1,15,8313.847198360161,0.021373706221941798,8313.847198360161,0.0009629501704506232,0.0,5862.903156270335
validation,2003-01-01,5,History-conditioned,Liquid-WC-volume,gas_cum,2,15,19632.30424455985,0.026009988513608445,19632.30424455985,0.0021817372018239642,0.0,12100.159006718297
validation,2003-01-01,5,History-conditioned,Liquid-WC-volume,gas_cum,3,15,29377.301897776677,0.026652366719154573,29377.301897776677,0.0031436340216447916,0.0,10989.976992698883
validation,2003-01-01,5,History-conditioned,Liquid-WC-volume,gas_cum,4,15,39857.43689622892,0.027820075817405875,39857.43689622892,0.004119768762418464,0.0,-4528.620528170591
validation,2003-01-01,5,History-conditioned,Liquid-WC-volume,gas_cum,5,15,62668.780991533415,0.03593098089030804,62668.780991533415,0.00627599528480097,0.0,-36186.7861351495
validation,2003-01-01,5,History-conditioned,Liquid-WC-volume,gas_cum,6,15,104212.98386024628,0.05106859816882658,104212.98386024628,0.01013608714027133,0.0,-84403.01658861538
validation,2003-01-01,5,History-conditioned,Liquid-WC-volume,gas_cum,7,15,164617.3887038799,0.0707843828139864,164617.3887038799,0.015580248737843992,0.0,-149551.35012032837
validation,2003-01-01,5,History-conditioned,Liquid-WC-volume,gas_cum,8,15,242092.9188316027,0.09323697798268782,242092.9188316027,0.02234131106721803,0.0,-230448.47022023934
validation,2003-01-01,5,History-conditioned,Liquid-WC-volume,gas_cum,9,15,331435.22839852516,0.11639880721815725,331435.22839852516,0.029895697917333076,0.0,-322159.7907683729
validation,2003-01-01,5,History-conditioned,Liquid-WC-volume,gas_cum,10,15,430881.1308716499,0.1396718692983687,430881.1308716499,0.038052728995335565,0.0,-423136.79772741685
validation,2003-01-01,5,History-conditioned,Liquid-WC-volume,gas_cum,11,15,540230.3685360728,0.1631605678570582,540230.3685360728,0.046778767858923785,0.0,-533290.4047281508
validation,2003-01-01,5,History-conditioned,Liquid-WC-volume,gas_cum,12,15,659287.6511700392,0.18693984364268615,659287.6511700392,0.05604496139074268,0.0,-652454.6375966765
validation,2003-01-01,5,History-conditioned,Liquid-WC-volume,gas_cum,13,15,785138.8541329696,0.21047143083137274,785138.8541329696,0.06561198991836424,0.0,-777762.0735543887
validation,2003-01-01,5,History-conditioned,Liquid-WC-volume,gas_cum,14,15,921374.0000546402,0.23438589564434742,921374.0000546402,0.07573244639554182,0.0,-912876.7885109652
validation,2003-01-01,5,History-conditioned,Liquid-WC-volume,gas_cum,15,15,1066721.124976615,0.2583333261161432,1066721.124976615,0.08627978890523627,0.0,-1056592.4962850371
validation,2003-01-01,5,History-conditioned,Liquid-WC-volume,gas_cum,16,15,1217617.9520097633,0.28167110988073824,1217617.9520097633,0.09697347722437293,0.0,-1205445.6117520567
validation,2003-01-01,5,History-conditioned,Liquid-WC-volume,gas_cum,17,15,1368959.3902590398,0.30368253270959245,1368959.3902590398,0.10745085742772188,0.0,-1354497.4239971528
validation,2003-01-01,5,History-conditioned,Liquid-WC-volume,gas_cum,18,15,1524359.8492135385,0.32497513637814024,1524359.8492135385,0.11796388396994854,0.0,-1507363.1417214524
validation,2003-01-01,5,History-conditioned,Liquid-WC-volume,gas_cum,19,15,1682631.1744077902,0.3454236790053361,1682631.1744077902,0.12842689037762095,0.0,-1662913.5273070936
validation,2003-01-01,5,History-conditioned,Liquid-WC-volume,gas_cum,20,15,1840937.025237592,0.36473736303096393,1840937.025237592,0.13865566915196986,0.0,-1818383.9489995793
validation,2003-01-01,5,History-conditioned,Liquid-WC-volume,oil_cum,1,15,23499.36154579177,0.021960197875550827,23499.36154579177,0.0009886505232042369,0.0,16670.296549349776
validation,2003-01-01,5,History-conditioned,Liquid-WC-volume,oil_cum,2,15,55701.134981713556,0.026829527579032363,55701.134981713556,0.002248530981985486,0.0,34695.399435153355
validation,2003-01-01,5,History-conditioned,Liquid-WC-volume,oil_cum,3,15,82821.47368489938,0.027314354933356846,82821.47368489938,0.003219394505282258,0.0,31947.47001094098
validation,2003-01-01,5,History-conditioned,Liquid-WC-volume,oil_cum,4,15,110847.5178549262,0.028119708319296083,110847.5178549262,0.004161967256212436,0.0,-10985.09552806144
validation,2003-01-01,5,History-conditioned,Liquid-WC-volume,oil_cum,5,15,172634.62782471708,0.035967171908023954,172634.62782471708,0.006280047538279438,0.0,-98559.9863492325
validation,2003-01-01,5,History-conditioned,Liquid-WC-volume,oil_cum,6,15,287222.93693326577,0.05113610840444569,287222.93693326577,0.010147509235679605,0.0,-232139.059131443
validation,2003-01-01,5,History-conditioned,Liquid-WC-volume,oil_cum,7,15,454490.1229894896,0.07098560376590826,454490.1229894896,0.015624181726227713,0.0,-412750.0835157705
validation,2003-01-01,5,History-conditioned,Liquid-WC-volume,oil_cum,8,15,668400.0583211523,0.09349450677755611,668400.0583211523,0.022404132469935986,0.0,-636175.1846418795
validation,2003-01-01,5,History-conditioned,Liquid-WC-volume,oil_cum,9,15,914604.1872156862,0.11665825950573636,914604.1872156862,0.029964387911434593,0.0,-888950.366218486
validation,2003-01-01,5,History-conditioned,Liquid-WC-volume,oil_cum,10,15,1188417.9314807549,0.13991157495614814,1188417.9314807549,0.03812059933507433,0.0,-1167021.7550087902
validation,2003-01-01,5,History-conditioned,Liquid-WC-volume,oil_cum,11,15,1489343.12676913,0.1633713832329325,1489343.12676913,0.046841403883614546,0.0,-1470126.0051610772
validation,2003-01-01,5,History-conditioned,Liquid-WC-volume,oil_cum,12,15,1817017.0789269102,0.18712922871612747,1817017.0789269102,0.05610337278561742,0.0,-1798040.2956237856
validation,2003-01-01,5,History-conditioned,Liquid-WC-volume,oil_cum,13,15,2163439.158813342,0.21064663027708402,2163439.158813342,0.06566772925052458,0.0,-2142904.936388829
validation,2003-01-01,5,History-conditioned,Liquid-WC-volume,oil_cum,14,15,2538554.015720929,0.2345563758117106,2538554.015720929,0.0757885850896552,0.0,-2514863.49510849
validation,2003-01-01,5,History-conditioned,Liquid-WC-volume,oil_cum,15,15,2938934.1357199918,0.2585110187728077,2938934.1357199918,0.08634113623499527,0.0,-2910668.4022924304
validation,2003-01-01,5,History-conditioned,Liquid-WC-volume,oil_cum,16,15,3354441.274621842,0.28184543056498673,3354441.274621842,0.09703578804592117,0.0,-3320483.0590701094
validation,2003-01-01,5,History-conditioned,Liquid-WC-volume,oil_cum,17,15,3770958.9063601946,0.30384175247586126,3770958.9063601946,0.10750862345041524,0.0,-3730673.1149686147
validation,2003-01-01,5,History-conditioned,Liquid-WC-volume,oil_cum,18,15,4198636.906396195,0.32512015385139625,4198636.906396195,0.11801694466621984,0.0,-4151365.2042441764
validation,2003-01-01,5,History-conditioned,Liquid-WC-volume,oil_cum,19,15,4634318.928091686,0.3455608713913965,4634318.928091686,0.12847788350398054,0.0,-4579553.47725921
validation,2003-01-01,5,History-conditioned,Liquid-WC-volume,oil_cum,20,15,5070133.999460986,0.36486918825785564,5070133.999460986,0.1387055770841263,0.0,-5007565.608583133
validation,2003-01-01,5,History-conditioned,Liquid-WC-volume,water_cum,1,15,20071.965749888906,0.04347896355000847,20071.965749888906,0.006125644798813729,0.0,18889.519043098328
validation,2003-01-01,5,History-conditioned,Liquid-WC-volume,water_cum,2,15,104611.55800176722,0.11173544396143374,104611.55800176722,0.027896889013650273,0.0,101796.21396002853
validation,2003-01-01,5,History-conditioned,Liquid-WC-volume,water_cum,3,15,263956.4188030692,0.18569017579072034,263956.4188030692,0.0623496276245956,0.0,259192.3733972624
validation,2003-01-01,5,History-conditioned,Liquid-WC-volume,water_cum,4,15,490884.0228825364,0.2552476483708895,490884.0228825364,0.10371138028006358,0.0,484228.10228261835
validation,2003-01-01,5,History-conditioned,Liquid-WC-volume,water_cum,5,15,783689.2722782834,0.3217570652244342,783689.2722782834,0.1494597115001183,0.0,775753.8242398571
validation,2003-01-01,5,History-conditioned,Liquid-WC-volume,water_cum,6,15,1145793.5183318625,0.38663871249692383,1145793.5183318625,0.19861212136341458,0.0,1137284.511491469
validation,2003-01-01,5,History-conditioned,Liquid-WC-volume,water_cum,7,15,1581713.3447049325,0.45040554344997774,1581713.3447049325,0.2504715210662508,0.0,1573232.632555485
validation,2003-01-01,5,History-conditioned,Liquid-WC-volume,water_cum,8,15,2084466.6921933796,0.511575139019131,2084466.6921933796,0.3031722348056161,0.0,2076300.0303612808
validation,2003-01-01,5,History-conditioned,Liquid-WC-volume,water_cum,9,15,2636459.7747617858,0.5683677849976502,2636459.7747617858,0.35448491841381913,0.0,2628560.1441970025
validation,2003-01-01,5,History-conditioned,Liquid-WC-volume,water_cum,10,15,3249890.2089821375,0.6224492086382449,3249890.2089821375,0.4053306738546981,0.0,3242007.1307900427
validation,2003-01-01,5,History-conditioned,Liquid-WC-volume,water_cum,11,15,3920370.999208928,0.6734487152245561,3920370.999208928,0.4550035033108124,0.0,3912074.444288684
validation,2003-01-01,5,History-conditioned,Liquid-WC-volume,water_cum,12,15,4634787.875921345,0.7205943458574,4634787.875921345,0.5024219430111311,0.0,4625521.73143108
validation,2003-01-01,5,History-conditioned,Liquid-WC-volume,water_cum,13,15,5368897.439906392,0.7627104555951555,5368897.439906392,0.5461418122669361,0.0,5358071.637788574
validation,2003-01-01,5,History-conditioned,Liquid-WC-volume,water_cum,14,15,6138323.8341638725,0.800836243454303,6138323.8341638725,0.5871336536017804,0.0,6125296.2276443
validation,2003-01-01,5,History-conditioned,Liquid-WC-volume,water_cum,15,15,6937232.035136349,0.83484257115618,6937232.035136349,0.6250854938038569,0.0,6921361.06484126
validation,2003-01-01,5,History-conditioned,Liquid-WC-volume,water_cum,16,15,7752209.754827492,0.8646146067535737,7752209.754827492,0.6595815070395409,0.0,7732905.818298629
validation,2003-01-01,5,History-conditioned,Liquid-WC-volume,water_cum,17,15,8561538.4198395,0.8901319459555951,8561538.4198395,0.690209754733334,0.0,8538405.039789584
validation,2003-01-01,5,History-conditioned,Liquid-WC-volume,water_cum,18,15,9387104.471504372,0.9123810040607401,9387104.471504372,0.7180281705967144,0.0,9359713.526867885
validation,2003-01-01,5,History-conditioned,Liquid-WC-volume,water_cum,19,15,10226318.674333928,0.9316401930155737,10226318.674333928,0.7431652201580695,0.0,10194313.42989594
validation,2003-01-01,5,History-conditioned,Liquid-WC-volume,water_cum,20,15,11067695.431178689,0.9479991289073151,11067695.431178689,0.7655282713703869,0.0,11030835.391232876
validation,2003-01-01,5,History-conditioned,Separate,gas_cum,1,15,15998.092012283225,0.0411287952044127,15998.092012283225,0.0018529767341828782,0.0,14349.842848421136
validation,2003-01-01,5,History-conditioned,Separate,gas_cum,2,15,52310.31089789123,0.06930366240501085,52310.31089789123,0.005813242801416534,0.0,48076.27551917539
validation,2003-01-01,5,History-conditioned,Separate,gas_cum,3,15,104294.30815263286,0.09462033502180998,104294.30815263286,0.011160423666999032,0.0,96322.90255342014
validation,2003-01-01,5,History-conditioned,Separate,gas_cum,4,15,166413.5795359299,0.11615494523114961,166413.5795359299,0.017200942157904554,0.0,153561.64365897092
validation,2003-01-01,5,History-conditioned,Separate,gas_cum,5,15,236631.57725392052,0.13567209295969468,236631.57725392052,0.023697583383363707,0.0,217892.45839133684
validation,2003-01-01,5,History-conditioned,Separate,gas_cum,6,15,315318.35185733705,0.1545188095549936,315318.35185733705,0.030668868436190187,0.0,289776.6335346725
validation,2003-01-01,5,History-conditioned,Separate,gas_cum,7,15,403083.2613451557,0.1733231227977385,403083.2613451557,0.0381499033805952,0.0,369977.27962545917
validation,2003-01-01,5,History-conditioned,Separate,gas_cum,8,15,498375.48763679777,0.19193880016055073,498375.48763679777,0.04599210027004184,0.0,457151.0535880908
validation,2003-01-01,5,History-conditioned,Separate,gas_cum,9,15,599364.9028740926,0.21049470244932325,599364.9028740926,0.05406314882445153,0.0,549959.4919972974
validation,2003-01-01,5,History-conditioned,Separate,gas_cum,10,15,711128.3896082101,0.23051515689904734,711128.3896082101,0.06280241568227622,0.0,653456.7284485921
validation,2003-01-01,5,History-conditioned,Separate,gas_cum,11,15,831821.1242409336,0.2512269115015233,831821.1242409336,0.07202773027451047,0.0,765723.7988383216
validation,2003-01-01,5,History-conditioned,Separate,gas_cum,12,15,956828.5145629263,0.2713070274982661,956828.5145629263,0.08133842194840406,0.0,882067.401808606
validation,2003-01-01,5,History-conditioned,Separate,gas_cum,13,15,1080903.5877469184,0.28975680353392536,1080903.5877469184,0.09032827114420659,0.0,997290.3461895168
validation,2003-01-01,5,History-conditioned,Separate,gas_cum,14,15,1206205.6324793722,0.3068434614859636,1206205.6324793722,0.09914421657039096,0.0,1113232.3717299036
validation,2003-01-01,5,History-conditioned,Separate,gas_cum,15,15,1332119.2018348791,0.3226061396325402,1332119.2018348791,0.10774602737284766,0.0,1229210.8519932632
validation,2003-01-01,5,History-conditioned,Separate,gas_cum,16,15,1457437.9057298258,0.3371485709549452,1457437.9057298258,0.11607320779391381,0.0,1344064.5693120996
validation,2003-01-01,5,History-conditioned,Separate,gas_cum,17,15,1579468.5880986415,0.35038075240367567,1579468.5880986415,0.12397391425850707,0.0,1455310.339613235
validation,2003-01-01,5,History-conditioned,Separate,gas_cum,18,15,1702284.1492306415,0.3629064514103977,1702284.1492306415,0.1317327073179792,0.0,1566665.1754024737
validation,2003-01-01,5,History-conditioned,Separate,gas_cum,19,15,1825966.4479572175,0.3748486642746749,1825966.4479572175,0.13936696075273297,0.0,1678195.31284377
validation,2003-01-01,5,History-conditioned,Separate,gas_cum,20,15,1949356.6102115263,0.386218094301063,1949356.6102115263,0.14682161393859264,0.0,1788861.2641894266
validation,2003-01-01,5,History-conditioned,Separate,oil_cum,1,15,44670.25797162583,0.04174444068606942,44670.25797162583,0.00187933931010244,0.0,40031.27584347104
validation,2003-01-01,5,History-conditioned,Separate,oil_cum,2,15,145651.2855773643,0.07015575507756373,145651.2855773643,0.005879618580379675,0.0,133722.51557057077
validation,2003-01-01,5,History-conditioned,Separate,oil_cum,3,15,289120.8747150273,0.09535148119501184,289120.8747150273,0.011238560653499555,0.0,266833.0743723405
validation,2003-01-01,5,History-conditioned,Separate,oil_cum,4,15,459819.31039332156,0.1166465892791793,459819.31039332156,0.017264734029821465,0.0,424170.73011007754
validation,2003-01-01,5,History-conditioned,Separate,oil_cum,5,15,652484.9365626099,0.1359405014883314,652484.9365626099,0.023735889324504055,0.0,600812.8792963907
validation,2003-01-01,5,History-conditioned,Separate,oil_cum,6,15,868104.7244752418,0.15455415145863327,868104.7244752418,0.030669906808996766,0.0,797819.3035744645
validation,2003-01-01,5,History-conditioned,Separate,oil_cum,7,15,1108290.5841522492,0.1731009592609737,1108290.5841522492,0.03810013159001534,0.0,1017292.2915891893
validation,2003-01-01,5,History-conditioned,Separate,oil_cum,8,15,1369722.3151877094,0.19159410698189414,1369722.3151877094,0.045911785635644235,0.0,1256494.8742077874
validation,2003-01-01,5,History-conditioned,Separate,oil_cum,9,15,1647237.5579014805,0.21010604279242093,1647237.5579014805,0.05396702295613285,0.0,1511623.9995585936
validation,2003-01-01,5,History-conditioned,Separate,oil_cum,10,15,1954592.2624154354,0.2301127192610632,1954592.2624154354,0.06269699112174823,0.0,1796383.0118232034
validation,2003-01-01,5,History-conditioned,Separate,oil_cum,11,15,2286830.1391460346,0.2508505906637598,2286830.1391460346,0.07192320710764376,0.0,2105507.9430111707
validation,2003-01-01,5,History-conditioned,Separate,oil_cum,12,15,2630996.264584212,0.2709585437894832,2630996.264584212,0.0812363108423333,0.0,2425846.099856236
validation,2003-01-01,5,History-conditioned,Separate,oil_cum,13,15,2972568.058769013,0.2894287284660404,2972568.058769013,0.09022754056512049,0.0,2743058.7384318286
validation,2003-01-01,5,History-conditioned,Separate,oil_cum,14,15,3317396.532620824,0.3065195788638347,3317396.532620824,0.0990409452907619,0.0,3062151.9431424695
validation,2003-01-01,5,History-conditioned,Separate,oil_cum,15,15,3663671.4192244867,0.32225949520999253,3663671.4192244867,0.1076327466079893,0.0,3381173.9120641896
validation,2003-01-01,5,History-conditioned,Separate,oil_cum,16,15,4008443.872510359,0.33679575722208077,4008443.872510359,0.11595448486446847,0.0,3697231.140105764
validation,2003-01-01,5,History-conditioned,Separate,oil_cum,17,15,4344404.711380699,0.3500466522570519,4344404.711380699,0.12385734817854435,0.0,4003528.6828064113
validation,2003-01-01,5,History-conditioned,Separate,oil_cum,18,15,4682549.034688425,0.3625917402515565,4682549.034688425,0.13161893791811924,0.0,4310122.365232935
validation,2003-01-01,5,History-conditioned,Separate,oil_cum,19,15,5022972.710752139,0.37454108226803806,5022972.710752139,0.1392525876593962,0.0,4617092.045308779
validation,2003-01-01,5,History-conditioned,Separate,oil_cum,20,15,5362554.050264928,0.38591302389977317,5362554.050264928,0.14670542322271798,0.0,4921638.938007521
validation,2003-01-01,5,History-conditioned,Separate,water_cum,1,15,7540.135481206373,0.01633309262453838,7540.135481206373,0.0023011294592836934,0.0,511.6721130169307
validation,2003-01-01,5,History-conditioned,Separate,water_cum,2,15,39013.24287133444,0.041669984616137294,39013.24287133444,0.0104037080341143,0.0,22900.243480211062
validation,2003-01-01,5,History-conditioned,Separate,water_cum,3,15,100951.66217476543,0.07101828392960313,100951.66217476543,0.02384597644271195,0.0,70044.95177885955
validation,2003-01-01,5,History-conditioned,Separate,water_cum,4,15,183573.74224175248,0.09545384210042518,183573.74224175248,0.03878448941823582,0.0,130718.63347629107
validation,2003-01-01,5,History-conditioned,Separate,water_cum,5,15,283796.4859831571,0.1165175123368577,283796.4859831571,0.0541236717410728,0.0,203626.38639281952
validation,2003-01-01,5,History-conditioned,Separate,water_cum,6,15,401931.16602831014,0.13562840604284443,401931.16602831014,0.06967084404803932,0.0,290139.37260487524
validation,2003-01-01,5,History-conditioned,Separate,water_cum,7,15,538960.4698857055,0.15347331053985105,538960.4698857055,0.08534684817496878,0.0,392252.2095458301
validation,2003-01-01,5,History-conditioned,Separate,water_cum,8,15,692757.3873074251,0.17001828719335946,692757.3873074251,0.10075709344489131,0.0,508997.334991445
validation,2003-01-01,5,History-conditioned,Separate,water_cum,9,15,859148.8894659322,0.1852152481002915,859148.8894659322,0.11551677249282971,0.0,637660.4631822797
validation,2003-01-01,5,History-conditioned,Separate,water_cum,10,15,1043826.8352947766,0.19992342688650144,1043826.8352947766,0.13018748552436846,0.0,783161.0461750582
validation,2003-01-01,5,History-conditioned,Separate,water_cum,11,15,1247511.4687781716,0.2142998701005811,1247511.4687781716,0.14478785013689338,0.0,946699.5630369306
validation,2003-01-01,5,History-conditioned,Separate,water_cum,12,15,1468481.9843254988,0.22831245856921878,1468481.9843254988,0.15918691245281477,0.0,1127337.5365202904
validation,2003-01-01,5,History-conditioned,Separate,water_cum,13,15,1700993.2564411997,0.2416446497825398,1700993.2564411997,0.17303059894972236,0.0,1320086.5648107082
validation,2003-01-01,5,History-conditioned,Separate,water_cum,14,15,1950677.579054637,0.2544950945575911,1950677.579054637,0.1865832570798918,0.0,1529201.7387199465
validation,2003-01-01,5,History-conditioned,Separate,water_cum,15,15,2217319.913403222,0.2668374141452458,2217319.913403222,0.1997935928870133,0.0,1754264.398064923
validation,2003-01-01,5,History-conditioned,Separate,water_cum,16,15,2498150.290447702,0.27862213475863706,2498150.290447702,0.2125501999424974,0.0,1993139.082077933
validation,2003-01-01,5,History-conditioned,Separate,water_cum,17,15,2787475.1979404883,0.2898101486639406,2787475.1979404883,0.22471925936084555,0.0,2241001.025621762
validation,2003-01-01,5,History-conditioned,Separate,water_cum,18,15,3093820.328050092,0.3007043232403165,3093820.328050092,0.23664913467706683,0.0,2504571.1638310235
validation,2003-01-01,5,History-conditioned,Separate,water_cum,19,15,3417895.9597084695,0.3113778626517668,3417895.9597084695,0.24838473005434314,0.0,2784452.964989941
validation,2003-01-01,5,History-conditioned,Separate,water_cum,20,15,3756509.707632601,0.32176237164382476,3756509.707632601,0.2598295553714749,0.0,3077830.612588733
validation,2003-01-01,5,Input-only PolyRidge,Constant,gas_cum,1,15,18257.333676544727,0.04693698080900508,32816.94161069396,0.0038010175991590213,31552.648261007933,17455.186404854183
validation,2003-01-01,5,Input-only PolyRidge,Constant,gas_cum,2,15,63774.35771706547,0.08449188088266701,63986.388568967326,0.0071108048557246405,31552.648261007933,62375.30006605803
validation,2003-01-01,5,Input-only PolyRidge,Constant,gas_cum,3,15,132025.5140217868,0.11977929178921139,127924.90808769458,0.013689109186391789,31552.648261007933,129960.8076502795
validation,2003-01-01,5,Input-only PolyRidge,Constant,gas_cum,4,15,217217.8422920633,0.15161579148182175,211549.5488676885,0.02186631381736644,31552.648261007933,214398.1819011666
validation,2003-01-01,5,Input-only PolyRidge,Constant,gas_cum,5,15,316791.76764151535,0.1816317274604718,310251.08885496075,0.031070244864363314,31552.648261007933,313167.3622290364
validation,2003-01-01,5,Input-only PolyRidge,Constant,gas_cum,6,15,431279.413846228,0.21134444354588533,424163.47947963525,0.04125549265043482,31552.648261007933,426795.1425569017
validation,2003-01-01,5,Input-only PolyRidge,Constant,gas_cum,7,15,561810.5066859536,0.24157478312156533,554305.4367731526,0.052462359229863205,31552.648261007933,556437.9834744516
validation,2003-01-01,5,Input-only PolyRidge,Constant,gas_cum,8,15,706393.9707930709,0.27205272843089606,698624.1700381011,0.06447185641458239,31552.648261007933,700151.1577253357
validation,2003-01-01,5,Input-only PolyRidge,Constant,gas_cum,9,15,861988.984643984,0.302727293452058,854038.2350022896,0.07703486803997923,31552.648261007933,854966.944130186
validation,2003-01-01,5,Input-only PolyRidge,Constant,gas_cum,10,15,1035456.506984301,0.3356474339340171,1027374.9740549397,0.09073133786391752,31552.648261007933,1027729.1911247246
validation,2003-01-01,5,Input-only PolyRidge,Constant,gas_cum,11,15,1224937.615385851,0.369956093837181,1216757.065496326,0.10535949036296606,31552.648261007933,1216572.4987089527
validation,2003-01-01,5,Input-only PolyRidge,Constant,gas_cum,12,15,1424857.8119480254,0.4040159042959614,1416604.8153564578,0.12042325082487579,31552.648261007933,1415916.8729598483
validation,2003-01-01,5,Input-only PolyRidge,Constant,gas_cum,13,15,1627870.3595760148,0.4363816692861306,1619567.5226416246,0.13534300004171734,31552.648261007933,1618401.85936471
validation,2003-01-01,5,Input-only PolyRidge,Constant,gas_cum,14,15,1838488.1984537088,0.467688151608989,1830150.7960438202,0.1504294640926782,31552.648261007933,1828528.1063592583
validation,2003-01-01,5,Input-only PolyRidge,Constant,gas_cum,15,15,2056096.2575844713,0.4979353765478255,2047734.1953273339,0.16562723843192795,31552.648261007933,2045664.7472768235
validation,2003-01-01,5,Input-only PolyRidge,Constant,gas_cum,16,15,2278400.8306073956,0.5270616203145755,2270020.5109929056,0.18078887713365843,31552.648261007933,2267504.9215277215
validation,2003-01-01,5,Input-only PolyRidge,Constant,gas_cum,17,15,2500281.444321081,0.5546488865199628,2491886.9425823824,0.19559045395989114,31552.648261007933,2488917.0412659193
validation,2003-01-01,5,Input-only PolyRidge,Constant,gas_cum,18,15,2728927.8099211943,0.5817744987528916,2720522.431267187,0.21052994316612214,31552.648261007933,2717068.288260467
validation,2003-01-01,5,Input-only PolyRidge,Constant,gas_cum,19,15,2964460.0268558133,0.6085675246693276,2956046.538202861,0.22562036796123153,31552.648261007933,2952074.795844687
validation,2003-01-01,5,Input-only PolyRidge,Constant,gas_cum,20,15,3204456.490079665,0.6348859271751958,3196036.416583604,0.24071902618084975,31552.648261007933,3191515.903428902
validation,2003-01-01,5,Input-only PolyRidge,Constant,oil_cum,1,15,51330.06505835339,0.04796804302320284,94337.06109311557,0.003968890160080148,89464.00728259669,49006.236956375586
validation,2003-01-01,5,Input-only PolyRidge,Constant,oil_cum,2,15,177919.70292206772,0.08569846158373579,180628.80660108424,0.00729158334053587,89464.00728259669,173941.31061967238
validation,2003-01-01,5,Input-only PolyRidge,Constant,oil_cum,3,15,366578.66890641314,0.12089690545234634,356544.8065592596,0.01385942968717172,89464.00728259669,360721.0876565581
validation,2003-01-01,5,Input-only PolyRidge,Constant,oil_cum,4,15,601280.3243273936,0.15253230442513377,586463.9333435161,0.022019831699973354,89464.00728259669,593362.8646934477
validation,2003-01-01,5,Input-only PolyRidge,Constant,oil_cum,5,15,875271.1377473866,0.1823563897589302,857770.7689130125,0.03120371198754923,89464.00728259669,865232.6050234163
validation,2003-01-01,5,Input-only PolyRidge,Constant,oil_cum,6,15,1189864.9079973444,0.21183914339033072,1170580.7541015248,0.04135630371370341,89464.00728259669,1177575.145353388
validation,2003-01-01,5,Input-only PolyRidge,Constant,oil_cum,7,15,1548201.767396392,0.24180951719520793,1527701.2298957524,0.05251837263760472,89464.00728259669,1533580.2557236122
validation,2003-01-01,5,Input-only PolyRidge,Constant,oil_cum,8,15,1945797.9621963773,0.2721744537564277,1924473.0929052122,0.06450650261248089,89464.00728259669,1928850.8327605005
validation,2003-01-01,5,Input-only PolyRidge,Constant,oil_cum,9,15,2374135.1987855714,0.30282223063594566,2352244.497052127,0.07706455705913529,89464.00728259669,2355089.603050209
validation,2003-01-01,5,Input-only PolyRidge,Constant,oil_cum,10,15,2851887.264286792,0.3357506043741543,2829583.3263400365,0.0907638713715943,89464.00728259669,2830940.5433801753
validation,2003-01-01,5,Input-only PolyRidge,Constant,oil_cum,11,15,3373972.2634739606,0.37010310503063465,3351356.595029328,0.10540368099480849,89464.00728259669,3351287.1204170636
validation,2003-01-01,5,Input-only PolyRidge,Constant,oil_cum,12,15,3924797.4853727254,0.4042033147748623,3901952.161419229,0.12047915192576703,89464.00728259669,3900531.1641206187
validation,2003-01-01,5,Input-only PolyRidge,Constant,oil_cum,13,15,4484085.340938766,0.4365999677391969,4461079.795969228,0.13540892934903553,89464.00728259669,4458369.801076995
validation,2003-01-01,5,Input-only PolyRidge,Constant,oil_cum,14,15,5064203.518208005,0.46792040517855454,5041085.401734725,0.15050171378964722,89464.00728259669,5037147.808073629
validation,2003-01-01,5,Input-only PolyRidge,Constant,oil_cum,15,15,5663374.160737805,0.49815496243683505,5640174.1145130815,0.16569920220106116,89464.00728259669,5635055.8517771745
validation,2003-01-01,5,Input-only PolyRidge,Constant,oil_cum,16,15,6275611.366683495,0.5272867350765688,6252349.104576743,0.18086517927466458,89464.00728259669,6246042.162147393
validation,2003-01-01,5,Input-only PolyRidge,Constant,oil_cum,17,15,6886869.477546566,0.5549035518793305,6863557.618309774,0.195677452298021,89464.00728259669,6856012.265770437
validation,2003-01-01,5,Input-only PolyRidge,Constant,oil_cum,18,15,7516759.07871863,0.5820579208490081,7493407.987032366,0.2106276716664384,89464.00728259669,7484533.206100404
validation,2003-01-01,5,Input-only PolyRidge,Constant,oil_cum,19,15,8165498.21878634,0.6088654500501998,8142116.504930006,0.22572505518669356,89464.00728259669,8131822.183137295
validation,2003-01-01,5,Input-only PolyRidge,Constant,oil_cum,20,15,8826481.028701037,0.6351924758710298,8803073.89050639,0.24082902823213434,89464.00728259669,8791273.826840851
validation,2003-01-01,5,Input-only PolyRidge,Constant,water_cum,1,15,21670.03852292804,0.046940634853907245,34774.48169210152,0.010612618891592315,23160.164796425735,-17933.35240842391
validation,2003-01-01,5,Input-only PolyRidge,Constant,water_cum,2,15,53577.07086782069,0.05722558686553557,58942.62184407029,0.01571829930809184,23160.164796425735,-46473.41410286785
validation,2003-01-01,5,Input-only PolyRidge,Constant,water_cum,3,15,95791.14066828448,0.06738791892444229,96680.0491208189,0.022836970924006862,23160.164796425735,-83191.60174999527
validation,2003-01-01,5,Input-only PolyRidge,Constant,water_cum,4,15,157389.8295477754,0.08183884990524104,156381.64994473313,0.03303948796500745,23160.164796425735,-138316.85606378957
validation,2003-01-01,5,Input-only PolyRidge,Constant,water_cum,5,15,237349.16936409584,0.09744777027001407,235629.18947087164,0.04493754339260346,23160.164796425735,-210772.55109156613
validation,2003-01-01,5,Input-only PolyRidge,Constant,water_cum,6,15,334565.54129627824,0.11289642336339639,332633.5133213961,0.057658772423072234,23160.164796425735,-299700.26278601156
validation,2003-01-01,5,Input-only PolyRidge,Constant,water_cum,7,15,448376.9152044346,0.1276789178261323,446491.9128672196,0.07070403049580067,23160.164796425735,-404954.917099811
validation,2003-01-01,5,Input-only PolyRidge,Constant,water_cum,8,15,576804.0225387905,0.14156071628401956,575109.0528708493,0.08364590207595468,23160.164796425735,-525169.838080276
validation,2003-01-01,5,Input-only PolyRidge,Constant,water_cum,9,15,715592.5307503742,0.15426737989969966,714144.785551614,0.0960202611340018,23160.164796425735,-656410.6071553688
validation,2003-01-01,5,Input-only PolyRidge,Constant,water_cum,10,15,867882.6245706714,0.16622495472672952,866696.7577549799,0.10809558423776244,23160.164796425735,-801422.7355164809
validation,2003-01-01,5,Input-only PolyRidge,Constant,water_cum,11,15,1032805.9356977103,0.17741734917748048,1031878.3351119527,0.1197611801437177,23160.164796425735,-959392.8898302794
validation,2003-01-01,5,Input-only PolyRidge,Constant,water_cum,12,15,1207582.1932730472,0.18774902410342872,1206901.0771715583,0.1308309248336896,23160.164796425735,-1127690.577477414
validation,2003-01-01,5,Input-only PolyRidge,Constant,water_cum,13,15,1388052.1131362864,0.1971879462123705,1387598.978691275,0.14115110772825928,23160.164796425735,-1302330.8798858398
validation,2003-01-01,5,Input-only PolyRidge,Constant,water_cum,14,15,1581209.3783017362,0.20629243631398655,1580987.1556162005,0.15122218867113052,23160.164796425735,-1490379.641580291
validation,2003-01-01,5,Input-only PolyRidge,Constant,water_cum,15,15,1787852.0339917676,0.21515425480144798,1787864.3866343193,0.16109711875187088,23160.164796425735,-1692614.3958940953
validation,2003-01-01,5,Input-only PolyRidge,Constant,water_cum,16,15,2005353.1682073944,0.22365979453174029,2005599.1331097048,0.1706424542898779,23160.164796425735,-1906457.2502078966
validation,2003-01-01,5,Input-only PolyRidge,Constant,water_cum,17,15,2227640.25539259,0.23160484228239878,2228105.6623573406,0.17962429032286498,23160.164796425735,-2125605.1192829926
validation,2003-01-01,5,Input-only PolyRidge,Constant,water_cum,18,15,2462915.7330510416,0.2393834580470991,2463592.110914323,0.18844240435014803,23160.164796425735,-2358046.4476441047
validation,2003-01-01,5,Input-only PolyRidge,Constant,water_cum,19,15,2711022.8519916763,0.24698016300217268,2711898.6144512985,0.1970786159748079,23160.164796425735,-2603510.4352912363
validation,2003-01-01,5,Input-only PolyRidge,Constant,water_cum,20,15,2969068.833308679,0.2543144311428462,2970128.223824734,0.20543726912900778,23160.164796425735,-2859038.8896050313
validation,2003-01-01,5,Input-only PolyRidge,Liquid-WC-time,gas_cum,1,15,7881.39191318341,0.0202619258392909,31190.103587255984,0.0036125893162487765,31552.648261007933,5381.954035531419
validation,2003-01-01,5,Input-only PolyRidge,Liquid-WC-time,gas_cum,2,15,18102.697666878194,0.02398347909218562,32497.8127144616,0.0036114806542230362,31552.648261007933,11599.297955353682
validation,2003-01-01,5,Input-only PolyRidge,Liquid-WC-time,gas_cum,3,15,25917.12717991019,0.0235131456356859,35730.56917566664,0.003823490437079901,31552.648261007933,11024.806638133277
validation,2003-01-01,5,Input-only PolyRidge,Liquid-WC-time,gas_cum,4,15,33209.08607816971,0.02317959619246995,42400.93897711684,0.004382671779671434,31552.648261007933,-3347.742126570394
validation,2003-01-01,5,Input-only PolyRidge,Liquid-WC-time,gas_cum,5,15,53264.32194021558,0.030538959007797867,61811.243316632695,0.006190116760932072,31552.648261007933,-33262.66689744145
validation,2003-01-01,5,Input-only PolyRidge,Liquid-WC-time,gas_cum,6,15,92756.43100999117,0.045454421583169986,100547.8606141318,0.009779605565458444,31552.648261007933,-79168.95816658747
validation,2003-01-01,5,Input-only PolyRidge,Liquid-WC-time,gas_cum,7,15,150830.3157315237,0.06485603308833786,158356.65379544933,0.014987700113892019,31552.648261007933,-141494.77763598735
validation,2003-01-01,5,Input-only PolyRidge,Liquid-WC-time,gas_cum,8,15,225398.5761196219,0.08680750424432084,232974.63320510194,0.02149983888965674,31552.648261007933,-219207.8132639993
validation,2003-01-01,5,Input-only PolyRidge,Liquid-WC-time,gas_cum,9,15,311433.22912537487,0.10937418020846094,319187.98266446014,0.028790987471934378,31552.648261007933,-307598.4454545269
validation,2003-01-01,5,Input-only PolyRidge,Liquid-WC-time,gas_cum,10,15,407272.0649216912,0.13201889464397043,415251.7381938438,0.03667243869873541,31552.648261007933,-405156.5818216104
validation,2003-01-01,5,Input-only PolyRidge,Liquid-WC-time,gas_cum,11,15,512932.17347898625,0.15491595728646684,521141.1211272528,0.04512582214326818,31552.648261007933,-511924.38048773335
validation,2003-01-01,5,Input-only PolyRidge,Liquid-WC-time,gas_cum,12,15,628418.9667039317,0.1781870829360227,636851.2050382491,0.05413767592138791,31552.648261007933,-627881.5070552541
validation,2003-01-01,5,Input-only PolyRidge,Liquid-WC-time,gas_cum,13,15,750990.4987288433,0.20131731346141835,759630.5693341716,0.06348032961873264,31552.648261007933,-750297.3747915104
validation,2003-01-01,5,Input-only PolyRidge,Liquid-WC-time,gas_cum,14,15,884218.2265073805,0.2249339366562312,893052.1470253423,0.0734045282903679,31552.648261007933,-882778.4761163652
validation,2003-01-01,5,Input-only PolyRidge,Liquid-WC-time,gas_cum,15,15,1026876.4315168058,0.24868393233501196,1035884.1131905413,0.08378559355738559,31552.648261007933,-1024145.6853422117
validation,2003-01-01,5,Input-only PolyRidge,Liquid-WC-time,gas_cum,16,15,1175431.258684964,0.2719120777382002,1184589.803219669,0.09434305080106595,31552.648261007933,-1170963.4214692516
validation,2003-01-01,5,Input-only PolyRidge,Liquid-WC-time,gas_cum,17,15,1324818.7179727305,0.29389060516901433,1334104.072931819,0.10471503212904992,31552.648261007933,-1318310.914809971
validation,2003-01-01,5,Input-only PolyRidge,Liquid-WC-time,gas_cum,18,15,1478553.285638752,0.3152097294419694,1487950.7719774882,0.11514633654849014,31552.648261007933,-1469717.2754507274
validation,2003-01-01,5,Input-only PolyRidge,Liquid-WC-time,gas_cum,19,15,1635425.0473799927,0.3357328362838027,1644922.6212018323,0.1255487835752882,31552.648261007933,-1624032.7605927435
validation,2003-01-01,5,Input-only PolyRidge,Liquid-WC-time,gas_cum,20,15,1792575.6525798105,0.35515572102260656,1802161.098340541,0.13573514443157397,31552.648261007933,-1778479.3320928111
validation,2003-01-01,5,Input-only PolyRidge,Liquid-WC-time,oil_cum,1,15,22286.81446807026,0.020827070334689883,88821.84106000196,0.003736857253113758,89464.00728259669,15350.615917774787
validation,2003-01-01,5,Input-only PolyRidge,Liquid-WC-time,oil_cum,2,15,51145.846636653165,0.02463538495834132,93133.75631491192,0.003759602683347756,89464.00728259669,33324.98631119132
validation,2003-01-01,5,Input-only PolyRidge,Liquid-WC-time,oil_cum,3,15,72794.320123687,0.02400741991811858,102205.2497649749,0.003972870861441261,89464.00728259669,32055.508806499092
validation,2003-01-01,5,Input-only PolyRidge,Liquid-WC-time,oil_cum,4,15,91921.37523560764,0.023318539827989312,119627.00994414733,0.0044916089054673775,89464.00728259669,-7718.804743245989
validation,2003-01-01,5,Input-only PolyRidge,Liquid-WC-time,oil_cum,5,15,146088.40351441625,0.03043645871734824,171543.74688337793,0.00624036381864256,89464.00728259669,-90491.96909922238
validation,2003-01-01,5,Input-only PolyRidge,Liquid-WC-time,oil_cum,6,15,254963.22763872254,0.04539270918572331,277658.7678465442,0.009809609710052035,89464.00728259669,-217709.7737508908
validation,2003-01-01,5,Input-only PolyRidge,Liquid-WC-time,oil_cum,7,15,415887.0098292848,0.06495628617172991,437432.17330164346,0.015037774030397718,89464.00728259669,-390548.963768821
validation,2003-01-01,5,Input-only PolyRidge,Liquid-WC-time,oil_cum,8,15,621942.3167330554,0.08699608778177065,643429.3700267131,0.021567138814041816,89464.00728259669,-605207.3574109259
validation,2003-01-01,5,Input-only PolyRidge,Liquid-WC-time,oil_cum,9,15,859182.7747174748,0.10958922832070186,881067.8014016731,0.02886566423651046,89464.00728259669,-848840.2240799775
validation,2003-01-01,5,Input-only PolyRidge,Liquid-WC-time,oil_cum,10,15,1123191.3762250782,0.13223250025267652,1145646.4830209923,0.0367486297555815,89464.00728259669,-1117499.3584492418
validation,2003-01-01,5,Input-only PolyRidge,Liquid-WC-time,oil_cum,11,15,1414011.3603352536,0.15510797189240375,1437078.244613827,0.0451976185060455,89464.00728259669,-1411282.6532795327
validation,2003-01-01,5,Input-only PolyRidge,Liquid-WC-time,oil_cum,12,15,1731876.35245668,0.17836083646407763,1755550.579472898,0.05420549412906016,89464.00728259669,-1730368.1515144403
validation,2003-01-01,5,Input-only PolyRidge,Liquid-WC-time,oil_cum,13,15,2069265.6592407667,0.20147728051027833,2093511.492861133,0.06354518699359811,89464.00728259669,-2067272.7875389033
validation,2003-01-01,5,Input-only PolyRidge,Liquid-WC-time,oil_cum,14,15,2436071.2145022745,0.22508720781764174,2460855.6679036217,0.0734688992336876,89464.00728259669,-2431981.558616617
validation,2003-01-01,5,Input-only PolyRidge,Liquid-WC-time,oil_cum,15,15,2829012.2723237225,0.24884220294376105,2854281.404231808,0.08385417576410499,89464.00728259669,-2821321.6261036736
validation,2003-01-01,5,Input-only PolyRidge,Liquid-WC-time,oil_cum,16,15,3238057.5354053467,0.2720666857890973,3263747.7380746054,0.09441224568251379,89464.00728259669,-3225533.4490118036
validation,2003-01-01,5,Input-only PolyRidge,Liquid-WC-time,oil_cum,17,15,3649210.562783327,0.2940319849891255,3675254.181813195,0.1047801176646865,89464.00728259669,-3631032.037256372
validation,2003-01-01,5,Input-only PolyRidge,Liquid-WC-time,oil_cum,18,15,4072321.2797271875,0.3153389422601056,4098677.7263766946,0.11520725254941146,89464.00728259669,-4047707.001822069
validation,2003-01-01,5,Input-only PolyRidge,Liquid-WC-time,oil_cum,19,15,4504169.105158018,0.3358561689481156,4530804.864293298,0.12560814837438095,89464.00728259669,-4472496.035110801
validation,2003-01-01,5,Input-only PolyRidge,Liquid-WC-time,oil_cum,20,15,4936819.750593449,0.3552753073520107,4963701.05215198,0.1357938506132225,89464.00728259669,-4897689.896825491
validation,2003-01-01,5,Input-only PolyRidge,Liquid-WC-time,water_cum,1,15,19719.982393147664,0.042716513487634944,25442.12056482063,0.00776453066185348,23160.164796425735,16044.943781001384
validation,2003-01-01,5,Input-only PolyRidge,Liquid-WC-time,water_cum,2,15,98475.04227510332,0.105181040966274,91454.82864857707,0.024388368296060156,23160.164796425735,94791.81771868565
validation,2003-01-01,5,Input-only PolyRidge,Liquid-WC-time,water_cum,3,15,251219.4933677153,0.1767299014626741,242746.39386019472,0.057339568906973566,23160.164796425735,246452.67325637056
validation,2003-01-01,5,Input-only PolyRidge,Liquid-WC-time,water_cum,4,15,469952.3394890312,0.24436368655183738,461385.2109739624,0.09747902730655426,23160.164796425735,464073.2693256454
validation,2003-01-01,5,Input-only PolyRidge,Liquid-WC-time,water_cum,5,15,753315.2620173768,0.30928649462157953,744947.7257764749,0.1420711959646235,23160.164796425735,746586.626056464
validation,2003-01-01,5,Input-only PolyRidge,Liquid-WC-time,water_cum,6,15,1104592.7522776532,0.372735848773032,1096519.8959796594,0.1900710199292936,23160.164796425735,1097545.3781932099
validation,2003-01-01,5,Input-only PolyRidge,Liquid-WC-time,water_cum,7,15,1528184.3318367926,0.4351627283015015,1520446.185171553,0.2407695869635219,23160.164796425735,1521464.69815073
validation,2003-01-01,5,Input-only PolyRidge,Liquid-WC-time,water_cum,8,15,2017397.4790335826,0.49511484144055795,2009996.0624186588,0.29234096206773097,23160.164796425735,2011508.392885635
validation,2003-01-01,5,Input-only PolyRidge,Liquid-WC-time,water_cum,9,15,2555315.845913839,0.5508747833797963,2548226.2071412103,0.3426214834702058,23160.164796425735,2550461.711696291
validation,2003-01-01,5,Input-only PolyRidge,Liquid-WC-time,water_cum,10,15,3154151.456765438,0.6041124320946576,3147349.1387422136,0.3925416137863742,23160.164796425735,3150285.6636814573
validation,2003-01-01,5,Input-only PolyRidge,Liquid-WC-time,water_cum,11,15,3809920.818980473,0.6544753752049042,3803377.9128104704,0.4414251291760215,23160.164796425735,3806774.940671518
validation,2003-01-01,5,Input-only PolyRidge,Liquid-WC-time,water_cum,12,15,4509985.653322854,0.7011907014269563,4503672.083564563,0.4882086817100962,23160.164796425735,4507136.325552749
validation,2003-01-01,5,Input-only PolyRidge,Liquid-WC-time,water_cum,13,15,5230607.053508663,0.743064797469922,5224489.712456068,0.5314521857918875,23160.164796425735,5227561.635093651
validation,2003-01-01,5,Input-only PolyRidge,Liquid-WC-time,water_cum,14,15,5987114.313817992,0.7811086977073106,5981171.795309388,0.5721019848211171,23160.164796425735,5983325.543918126
validation,2003-01-01,5,Input-only PolyRidge,Liquid-WC-time,water_cum,15,15,6773785.485950546,0.8151730348515323,6767999.062382335,0.6098366055143999,23160.164796425735,6768668.345785171
validation,2003-01-01,5,Input-only PolyRidge,Liquid-WC-time,water_cum,16,15,7577367.147230289,0.845114170466064,7571719.441337848,0.6442248440050552,23160.164796425735,7570353.0408931775
validation,2003-01-01,5,Input-only PolyRidge,Liquid-WC-time,water_cum,17,15,8376358.433566105,0.8708790251076785,8370831.0168501595,0.6748354022059794,23160.164796425735,8366996.0906957155
validation,2003-01-01,5,Input-only PolyRidge,Liquid-WC-time,water_cum,18,15,9192238.806724675,0.8934410070224232,9186818.707315793,0.702708130077996,23160.164796425735,9180076.4464724
validation,2003-01-01,5,Input-only PolyRidge,Liquid-WC-time,water_cum,19,15,10022378.925567633,0.913060831961528,10017054.333700184,0.7279575990452413,23160.164796425735,10007019.799694713
validation,2003-01-01,5,Input-only PolyRidge,Liquid-WC-time,water_cum,20,15,10855330.826685062,0.9298091216630279,10850090.040008126,0.7504769826915895,23160.164796425735,10836466.15249621
validation,2003-01-01,5,Input-only PolyRidge,Liquid-WC-volume,gas_cum,1,15,7740.721681179963,0.019900282890932756,31174.238063307344,0.003610751694191729,31552.648261007933,5301.7748160417505
validation,2003-01-01,5,Input-only PolyRidge,Liquid-WC-volume,gas_cum,2,15,17438.906308712852,0.02310405070791446,32215.60858302669,0.0035801193201488364,31552.648261007933,11244.580815810275
validation,2003-01-01,5,Input-only PolyRidge,Liquid-WC-volume,gas_cum,3,15,24272.14419365488,0.022020745484405684,34745.155878672165,0.003718042401838535,31552.648261007933,10153.597443371887
validation,2003-01-01,5,Input-only PolyRidge,Liquid-WC-volume,gas_cum,4,15,30842.954667051617,0.021528061112012255,40882.15531151676,0.004225686333800913,31552.648261007933,-5003.579303218548
validation,2003-01-01,5,Input-only PolyRidge,Liquid-WC-volume,gas_cum,5,15,51991.89510225861,0.029809416424144874,61057.25303002881,0.006114608040184002,31552.648261007933,-35965.76896355028
validation,2003-01-01,5,Input-only PolyRidge,Liquid-WC-volume,gas_cum,6,15,93461.99619389925,0.04580017720328769,101504.28997291207,0.009872630934899082,31552.648261007933,-83172.92330691988
validation,2003-01-01,5,Input-only PolyRidge,Liquid-WC-volume,gas_cum,7,15,153692.4633477215,0.06608673753657521,161353.93740935568,0.015271378676710967,31552.648261007933,-147032.18304165354
validation,2003-01-01,5,Input-only PolyRidge,Liquid-WC-volume,gas_cum,8,15,230523.95483471252,0.08878143567824372,238177.9253908567,0.021980019680803438,31552.648261007933,-226439.8944830384
validation,2003-01-01,5,Input-only PolyRidge,Liquid-WC-volume,gas_cum,9,15,318850.81587784056,0.11197920881268053,326650.56468387094,0.02946411778102562,31552.648261007933,-316578.3194855448
validation,2003-01-01,5,Input-only PolyRidge,Liquid-WC-volume,gas_cum,10,15,417025.9738163069,0.13518066384356617,425028.995361446,0.037535904955806894,31552.648261007933,-415926.72021082154
validation,2003-01-01,5,Input-only PolyRidge,Liquid-WC-volume,gas_cum,11,15,525024.115566573,0.15856796993220462,533240.9248493029,0.046173549080548874,31552.648261007933,-524465.6740258577
validation,2003-01-01,5,Input-only PolyRidge,Liquid-WC-volume,gas_cum,12,15,642763.663327295,0.18225449621020473,651192.343977776,0.055356792610042165,31552.648261007933,-642103.8318259155
validation,2003-01-01,5,Input-only PolyRidge,Liquid-WC-volume,gas_cum,13,15,767398.4474518093,0.20571577677341943,776026.7411566003,0.0648505145925752,31552.648261007933,-766041.6137381534
validation,2003-01-01,5,Input-only PolyRidge,Liquid-WC-volume,gas_cum,14,15,902536.7411976444,0.22959393517181448,911352.8948772727,0.07490876045408473,31552.648261007933,-899916.7174380578
validation,2003-01-01,5,Input-only PolyRidge,Liquid-WC-volume,gas_cum,15,15,1046925.5764923487,0.2535393366070801,1055911.3583763936,0.08540546068716295,31552.648261007933,-1042535.5489041643
validation,2003-01-01,5,Input-only PolyRidge,Liquid-WC-volume,gas_cum,16,15,1197003.2279924457,0.2769023134086931,1206137.2114038186,0.09605912856859637,31552.648261007933,-1190446.4212033937
validation,2003-01-01,5,Input-only PolyRidge,Liquid-WC-volume,gas_cum,17,15,1347683.5075861032,0.29896280619197313,1356942.7592823787,0.10650766122261719,31552.648261007933,-1338716.7971151688
validation,2003-01-01,5,Input-only PolyRidge,Liquid-WC-volume,gas_cum,18,15,1502539.7572094612,0.3203233559088062,1511910.3123203248,0.11700046596447672,31552.648261007933,-1490920.211432181
validation,2003-01-01,5,Input-only PolyRidge,Liquid-WC-volume,gas_cum,19,15,1660374.54355957,0.34085466386595975,1669844.8529868228,0.12745097389370014,31552.648261007933,-1645916.2688976715
validation,2003-01-01,5,Input-only PolyRidge,Liquid-WC-volume,gas_cum,20,15,1818336.7374594917,0.3602596599618645,1827894.937919663,0.1376733654015347,31552.648261007933,-1800932.399220843
validation,2003-01-01,5,Input-only PolyRidge,Liquid-WC-volume,oil_cum,1,15,21895.25308233214,0.02046115547804673,88773.20200843642,0.003734810941188018,89464.00728259669,15129.922303320467
validation,2003-01-01,5,Input-only PolyRidge,Liquid-WC-volume,oil_cum,2,15,49300.867667874016,0.023746715200681168,92341.38681112752,0.0037276164881108976,89464.00728259669,32348.62440925315
validation,2003-01-01,5,Input-only PolyRidge,Liquid-WC-volume,oil_cum,3,15,68230.85940739329,0.022502399780424464,99484.01256659334,0.0038670923031247292,89464.00728259669,29657.49466053024
validation,2003-01-01,5,Input-only PolyRidge,Liquid-WC-volume,oil_cum,4,15,85293.60879184508,0.021637213418398995,115402.70151468951,0.004332999730415251,89464.00728259669,-12276.52307671532
validation,2003-01-01,5,Input-only PolyRidge,Liquid-WC-volume,oil_cum,5,15,142508.51348072407,0.02969061460787814,169394.13152292743,0.006162165795321586,89464.00728259669,-97932.30908860663
validation,2003-01-01,5,Input-only PolyRidge,Liquid-WC-volume,oil_cum,6,15,256956.73815030084,0.04574762641731319,280296.3964329218,0.009902796419742904,89464.00728259669,-228730.77466764947
validation,2003-01-01,5,Input-only PolyRidge,Liquid-WC-volume,oil_cum,7,15,423894.6353240929,0.0662069759045261,445763.78718513733,0.015324193124683472,89464.00728259669,-405790.8046465859
validation,2003-01-01,5,Input-only PolyRidge,Liquid-WC-volume,oil_cum,8,15,636188.981873659,0.08898888373378079,657850.0194853095,0.022050505230233344,89464.00728259669,-625113.8473464112
validation,2003-01-01,5,Input-only PolyRidge,Liquid-WC-volume,oil_cum,9,15,879729.8325132229,0.11221001667256023,901704.238981629,0.029541758036866178,89464.00728259669,-873557.571909983
validation,2003-01-01,5,Input-only PolyRidge,Liquid-WC-volume,oil_cum,10,15,1150158.7616616476,0.13540735084095293,1172647.8182033908,0.03761474516223626,89464.00728259669,-1147144.4703398556
validation,2003-01-01,5,Input-only PolyRidge,Liquid-WC-volume,oil_cum,11,15,1447400.5603778241,0.15877055286380767,1470461.740213022,0.04624756446698803,89464.00728259669,-1445802.9315440939
validation,2003-01-01,5,Input-only PolyRidge,Liquid-WC-volume,oil_cum,12,15,1771453.2807263571,0.18243674755371472,1795092.7369509405,0.055426422885023405,89464.00728259669,-1769515.5272955291
validation,2003-01-01,5,Input-only PolyRidge,Liquid-WC-volume,oil_cum,13,15,2114511.6602658266,0.2058827280176028,2138702.032774736,0.06491687342519585,89464.00728259669,-2110609.285360261
validation,2003-01-01,5,Input-only PolyRidge,Liquid-WC-volume,oil_cum,14,15,2486570.390036114,0.22975321197644352,2511284.5371475546,0.07497445421656375,89464.00728259669,-2479155.096177052
validation,2003-01-01,5,Input-only PolyRidge,Liquid-WC-volume,oil_cum,15,15,2884275.0917029604,0.2537031651423864,2909463.9862297615,0.0854753508602651,89464.00728259669,-2871940.2962814034
validation,2003-01-01,5,Input-only PolyRidge,Liquid-WC-volume,oil_cum,16,15,3297510.8929238357,0.2770620503748797,3323114.8539427286,0.09612959125533985,89464.00728259669,-3279161.0124946474
validation,2003-01-01,5,Input-only PolyRidge,Liquid-WC-volume,oil_cum,17,15,3712217.0899114646,0.2991086814197715,3738171.431433917,0.10657386484305045,89464.00728259669,-3687199.864328715
validation,2003-01-01,5,Input-only PolyRidge,Liquid-WC-volume,oil_cum,18,15,4138409.5253949463,0.32045646517963644,4164675.515470731,0.11706234447501669,89464.00728259669,-4106068.7433745465
validation,2003-01-01,5,Input-only PolyRidge,Liquid-WC-volume,oil_cum,19,15,4572903.505289598,0.3409813922166433,4599448.885351979,0.12751117634411407,89464.00728259669,-4532731.071618314
validation,2003-01-01,5,Input-only PolyRidge,Liquid-WC-volume,oil_cum,20,15,5007784.099394798,0.360382214653701,5034575.961698929,0.13773280237081706,89464.00728259669,-4959492.659431244
validation,2003-01-01,5,Input-only PolyRidge,Liquid-WC-volume,water_cum,1,15,19874.13193193641,0.043050425086616405,25797.06365510367,0.007872853649345585,23160.164796425735,16265.637395456139
validation,2003-01-01,5,Input-only PolyRidge,Liquid-WC-volume,water_cum,2,15,99199.39247416124,0.1059547182981222,92507.71606540648,0.02466914304000062,23160.164796425735,95768.17962062267
validation,2003-01-01,5,Input-only PolyRidge,Liquid-WC-volume,water_cum,3,15,253097.86796555875,0.1780513154705471,244930.04950336766,0.057855374193427914,23160.164796425735,248850.68740233922
validation,2003-01-01,5,Input-only PolyRidge,Liquid-WC-volume,water_cum,4,15,473706.1421920593,0.24631557186024453,465437.0518184804,0.09833507881173977,23160.164796425735,468630.98765911453
validation,2003-01-01,5,Input-only PolyRidge,Liquid-WC-volume,water_cum,5,15,759730.9491983711,0.31192056497545023,751656.64332378,0.14335067357975442,23160.164796425735,754026.966045846
validation,2003-01-01,5,Input-only PolyRidge,Liquid-WC-volume,water_cum,6,15,1114477.921651555,0.3760715188552854,1106692.281291221,0.19183430362197557,23160.164796425735,1108566.3791099677
validation,2003-01-01,5,Input-only PolyRidge,Liquid-WC-volume,water_cum,7,15,1542319.593821676,0.4391878573663997,1534860.601731773,0.24305217555848277,23160.164796425735,1536706.5390284914
validation,2003-01-01,5,Input-only PolyRidge,Liquid-WC-volume,water_cum,8,15,2036384.2090640967,0.4997746132139598,2029252.2036704447,0.29514164360363676,23160.164796425735,2031414.8828211164
validation,2003-01-01,5,Input-only PolyRidge,Liquid-WC-volume,water_cum,9,15,2579434.802013727,0.5560743459849901,2572603.7848464753,0.34589916808603055,23160.164796425735,2575179.0595262945
validation,2003-01-01,5,Input-only PolyRidge,Liquid-WC-volume,water_cum,10,15,3183632.20799958,0.6097588598493663,3177076.729707444,0.3962492788775551,23160.164796425735,3179930.775572068
validation,2003-01-01,5,Input-only PolyRidge,Liquid-WC-volume,water_cum,11,15,3844797.3154344806,0.6604665254642098,3838488.872262082,0.44550015410562915,23160.164796425735,3841295.218936076
validation,2003-01-01,5,Input-only PolyRidge,Liquid-WC-volume,water_cum,12,15,4550059.911465179,0.7074212527714553,4543968.321828654,0.49257688902975905,23160.164796425735,4546283.7013338385
validation,2003-01-01,5,Input-only PolyRidge,Liquid-WC-volume,water_cum,13,15,5275446.952231355,0.7494347942833127,5269539.599513007,0.536034807686808,23160.164796425735,5270898.132915005
validation,2003-01-01,5,Input-only PolyRidge,Liquid-WC-volume,water_cum,14,15,6036377.214765803,0.7875357806704368,6030633.027967097,0.5768329757278431,23160.164796425735,6030499.081478558
validation,2003-01-01,5,Input-only PolyRidge,Liquid-WC-volume,water_cum,15,15,6827075.329680101,0.8215860580761213,6821476.0534399925,0.6146551975973967,23160.164796425735,6819287.015962897
validation,2003-01-01,5,Input-only PolyRidge,Liquid-WC-volume,water_cum,16,15,7634228.340525877,0.8514559774908531,7628757.246320692,0.6490777933651243,23160.164796425735,7623980.604376026
validation,2003-01-01,5,Input-only PolyRidge,Liquid-WC-volume,water_cum,17,15,8436277.836272327,0.8771087669970323,8430917.362116575,0.6796794126624474,23160.164796425735,8423163.917768067
validation,2003-01-01,5,Input-only PolyRidge,Liquid-WC-volume,water_cum,18,15,9254835.054823384,0.8995250585916909,9249572.796724698,0.707508247531948,23160.164796425735,9238438.188024882
validation,2003-01-01,5,Input-only PolyRidge,Liquid-WC-volume,water_cum,19,15,10087292.699365163,0.9189746199702945,10082117.41626452,0.7326858518621071,23160.164796425735,10067254.836202225
validation,2003-01-01,5,Input-only PolyRidge,Liquid-WC-volume,water_cum,20,15,10922212.922506826,0.9355378814552348,10917113.556341289,0.7551128526356747,23160.164796425735,10898268.915101966
validation,2003-01-01,5,Input-only PolyRidge,Separate,gas_cum,1,15,14902.20723958056,0.038311432962120556,31803.32227194329,0.003683615283271555,31552.648261007933,13603.331568327174
validation,2003-01-01,5,Input-only PolyRidge,Separate,gas_cum,2,15,49667.02889805528,0.06580169271273634,51346.26842420327,0.005706108799071076,31552.648261007933,46619.53305732471
validation,2003-01-01,5,Input-only PolyRidge,Separate,gas_cum,3,15,99894.26729673818,0.09062842647695335,95944.17074103699,0.010266884289426431,31552.648261007933,94188.10604449685
validation,2003-01-01,5,Input-only PolyRidge,Separate,gas_cum,4,15,160112.22574765488,0.11175666591884655,153949.18154448562,0.015912589431631728,31552.648261007933,150783.68126644343
validation,2003-01-01,5,Input-only PolyRidge,Separate,gas_cum,5,15,228350.9940476752,0.13092444233945358,220884.45996045225,0.02212058073037822,31552.648261007933,214507.7360094761
validation,2003-01-01,5,Input-only PolyRidge,Separate,gas_cum,6,15,305013.43546193704,0.14946898164424335,296643.21783879993,0.02885246534747346,31552.648261007933,285809.84492893855
validation,2003-01-01,5,Input-only PolyRidge,Separate,gas_cum,7,15,390742.15204812586,0.16801652784013293,381726.0734235003,0.03612854766124995,31552.648261007933,365442.786513542
validation,2003-01-01,5,Input-only PolyRidge,Separate,gas_cum,8,15,483993.83518622053,0.1864000102638423,474509.59175447037,0.04378965913141523,31552.648261007933,452065.62361014273
validation,2003-01-01,5,Input-only PolyRidge,Separate,gas_cum,9,15,583011.4039499378,0.20475141505705427,573185.5695828877,0.051701753979574126,31552.648261007933,544347.6265809113
validation,2003-01-01,5,Input-only PolyRidge,Separate,gas_cum,10,15,692845.4015379086,0.22458865202989015,682760.2142527937,0.06029711570149482,31552.648261007933,647321.7094086838
validation,2003-01-01,5,Input-only PolyRidge,Separate,gas_cum,11,15,811623.5929517178,0.24512684592507453,801330.0241166597,0.06938749348378408,31552.648261007933,759065.908333274
validation,2003-01-01,5,Input-only PolyRidge,Separate,gas_cum,12,15,934702.3473631461,0.26503319204965997,924238.5942172745,0.07856800629712052,31552.648261007933,874889.5877883998
validation,2003-01-01,5,Input-only PolyRidge,Separate,gas_cum,13,15,1056845.5389024648,0.2833075851101411,1046243.269117706,0.08743179943796489,31552.648261007933,989603.9691132675
validation,2003-01-01,5,Input-only PolyRidge,Separate,gas_cum,14,15,1180141.5670072625,0.3002130927872038,1169418.2184731623,0.09612047066580641,31552.648261007933,1105029.2384465064
validation,2003-01-01,5,Input-only PolyRidge,Separate,gas_cum,15,15,1303969.1039652994,0.31578888604782007,1293135.25340366,0.10459288194187857,31552.648261007933,1220480.2205529436
validation,2003-01-01,5,Input-only PolyRidge,Separate,gas_cum,16,15,1427127.4885996743,0.33013687338601067,1416191.227623349,0.11278824160781457,31552.648261007933,1334799.0388304298
validation,2003-01-01,5,Input-only PolyRidge,Separate,gas_cum,17,15,1546986.1171865214,0.3431750170798603,1535954.840281525,0.1205584809402418,31552.648261007933,1445512.3204893146
validation,2003-01-01,5,Input-only PolyRidge,Separate,gas_cum,18,15,1667544.5339447628,0.3555003843842443,1656422.7500075211,0.1281836839168139,31552.648261007933,1556317.583683808
validation,2003-01-01,5,Input-only PolyRidge,Separate,gas_cum,19,15,1788882.7398576706,0.3672358308280262,1777674.8087245245,0.13568109949435264,31552.648261007933,1667278.9110683454
validation,2003-01-01,5,Input-only PolyRidge,Separate,gas_cum,20,15,1909861.3117228546,0.37839305149655983,1898571.015566937,0.14299654523054303,31552.648261007933,1777361.126695868
validation,2003-01-01,5,Input-only PolyRidge,Separate,oil_cum,1,15,41668.862251997816,0.038939630701022576,90518.94448099022,0.00380825673270482,89464.00728259669,37980.72088473986
validation,2003-01-01,5,Input-only PolyRidge,Separate,oil_cum,2,15,138290.89709610105,0.06661048179336092,144487.69313511255,0.0058326469404361425,89464.00728259669,129721.42807685137
validation,2003-01-01,5,Input-only PolyRidge,Separate,oil_cum,3,15,276920.64745577937,0.09132787085822221,266851.31042941514,0.010372909395362118,89464.00728259669,260970.17907648932
validation,2003-01-01,5,Input-only PolyRidge,Separate,oil_cum,4,15,442410.2969773314,0.11223028489223719,425813.69505473005,0.0159879327057557,89464.00728259669,416542.15852317883
validation,2003-01-01,5,Input-only PolyRidge,Separate,oil_cum,5,15,629656.9998320801,0.13118446653150856,609199.9468765521,0.022161281748100673,89464.00728259669,591518.8810980397
validation,2003-01-01,5,Input-only PolyRidge,Separate,oil_cum,6,15,839675.6126277548,0.14949273762867518,816530.3993049051,0.02884779974965863,89464.00728259669,786927.9337997355
validation,2003-01-01,5,Input-only PolyRidge,Separate,oil_cum,7,15,1074234.9671062855,0.16778190299254037,1049164.0351960454,0.03606751548020872,89464.00728259669,1004843.213398881
validation,2003-01-01,5,Input-only PolyRidge,Separate,oil_cum,8,15,1330071.4368181243,0.18604781884156602,1303621.9102341025,0.043696163104705636,89464.00728259669,1242534.3146936232
validation,2003-01-01,5,Input-only PolyRidge,Separate,oil_cum,9,15,1602199.5307994438,0.20436141803918137,1574750.6787178302,0.0515921978714583,89464.00728259669,1496219.3566526219
validation,2003-01-01,5,Input-only PolyRidge,Separate,oil_cum,10,15,1904293.9128716798,0.22419113131128082,1876088.0222586521,0.06017882928166861,89464.00728259669,1779543.434072172
validation,2003-01-01,5,Input-only PolyRidge,Separate,oil_cum,11,15,2231293.050454898,0.24475852844040655,2202486.756302416,0.06927051922821682,89464.00728259669,2087234.318923481
validation,2003-01-01,5,Input-only PolyRidge,Separate,oil_cum,12,15,2570168.1799511984,0.2646940387973906,2540874.1120873815,0.07845364205159305,89464.00728259669,2406146.5950999437
validation,2003-01-01,5,Input-only PolyRidge,Separate,oil_cum,13,15,2906426.963136732,0.2829887974603465,2876737.2007717215,0.08731874841759214,89464.00728259669,2721964.554347962
validation,2003-01-01,5,Input-only PolyRidge,Separate,oil_cum,14,15,3245722.1963082524,0.2998970400247657,3215688.6011197674,0.09600445279419727,89464.00728259669,3039640.625729524
validation,2003-01-01,5,Input-only PolyRidge,Separate,oil_cum,15,15,3586235.11014215,0.3154481349594925,3555887.909996638,0.1044662412613672,89464.00728259669,3357215.988592886
validation,2003-01-01,5,Input-only PolyRidge,Separate,oil_cum,16,15,3925055.176287551,0.3297893078413803,3894417.7511136555,0.11265598784463425,89464.00728259669,3671806.272432071
validation,2003-01-01,5,Input-only PolyRidge,Separate,oil_cum,17,15,4255050.746109897,0.34284703378527365,4224144.269715724,0.1204287681117783,89464.00728259669,3976643.4166683643
validation,2003-01-01,5,Input-only PolyRidge,Separate,oil_cum,18,15,4586998.424641322,0.35519280823345706,4555835.943587683,0.12805723630059174,89464.00728259669,4281729.759802578
validation,2003-01-01,5,Input-only PolyRidge,Separate,oil_cum,19,15,4920985.258853827,0.3669363245256785,4889578.925541969,0.13555449275865436,89464.00728259669,4587139.229347463
validation,2003-01-01,5,Input-only PolyRidge,Separate,oil_cum,20,15,5253942.325006695,0.3780968454645544,5222303.047354833,0.14286852338982595,89464.00728259669,4890084.846193979
validation,2003-01-01,5,Input-only PolyRidge,Separate,water_cum,1,15,12999.383936979495,0.028158664049714482,23954.47377107335,0.007310524514267244,23160.164796425735,-2259.9634225241066
validation,2003-01-01,5,Input-only PolyRidge,Separate,water_cum,2,15,38790.07693621939,0.041431621424598476,27629.922595386925,0.007368104431503026,23160.164796425735,16495.957695993642
validation,2003-01-01,5,Input-only PolyRidge,Separate,water_cum,3,15,94320.38889799861,0.06635326268835867,77645.62586708792,0.018340815053652742,23160.164796425735,59096.960940931756
validation,2003-01-01,5,Input-only PolyRidge,Separate,water_cum,4,15,170769.14072284428,0.08879576346336651,153139.06595053404,0.03235441196734577,23160.164796425735,114329.52647184864
validation,2003-01-01,5,Input-only PolyRidge,Separate,water_cum,5,15,265197.0691232191,0.10888120290219894,247293.39925540585,0.047162059525388156,23160.164796425735,180952.53958943122
validation,2003-01-01,5,Input-only PolyRidge,Separate,water_cum,6,15,377496.861279103,0.12738324844870394,359532.97280022013,0.062321531135825795,23160.164796425735,260264.37923157605
validation,2003-01-01,5,Input-only PolyRidge,Separate,water_cum,7,15,508197.9111496394,0.14471342555069425,490286.2927501102,0.07763907026147145,23160.164796425735,354147.6447019763
validation,2003-01-01,5,Input-only PolyRidge,Separate,water_cum,8,15,654950.3166014334,0.1607395793470028,637145.3354990517,0.09266867922747375,23160.164796425735,461691.9617188033
validation,2003-01-01,5,Input-only PolyRidge,Separate,water_cum,9,15,813621.4106798277,0.1754004379059946,795945.6959081099,0.10701879382980924,23160.164796425735,580399.3931526717
validation,2003-01-01,5,Input-only PolyRidge,Separate,water_cum,10,15,989678.0389275887,0.18955234562525913,972147.5123064645,0.12124754404326815,23160.164796425735,714859.3228165726
validation,2003-01-01,5,Input-only PolyRidge,Separate,water_cum,11,15,1183755.9024343407,0.20334781881478933,1166378.661776684,0.13537146800709854,23160.164796425735,866226.4894997622
validation,2003-01-01,5,Input-only PolyRidge,Separate,water_cum,12,15,1394087.1071511453,0.21674590379092956,1376866.6515441572,0.1492555941836992,23160.164796425735,1033665.5870395526
validation,2003-01-01,5,Input-only PolyRidge,Separate,water_cum,13,15,1615066.74185937,0.22943785093455252,1597994.3887172285,0.16255321715768112,23160.164796425735,1212497.1306534307
validation,2003-01-01,5,Input-only PolyRidge,Separate,water_cum,14,15,1851959.781882976,0.24161587997314166,1835027.255848759,0.1755212475413639,23160.164796425735,1406518.6304615973
validation,2003-01-01,5,Input-only PolyRidge,Separate,water_cum,15,15,2104521.5159052312,0.25326299372618477,2087722.3397907708,0.18811608766778237,23160.164796425735,1615267.7716557747
validation,2003-01-01,5,Input-only PolyRidge,Separate,water_cum,16,15,2370071.685079215,0.2643373519010446,2353401.290566153,0.20023451622084826,23160.164796425735,1836760.1247928953
validation,2003-01-01,5,Input-only PolyRidge,Separate,water_cum,17,15,2643324.5996338464,0.27482299959222506,2626778.3984962823,0.21176428642352893,23160.164796425735,2066575.4366215908
validation,2003-01-01,5,Input-only PolyRidge,Separate,water_cum,18,15,2932307.188729388,0.2850060298347452,2915879.2308896915,0.22303825809037228,23160.164796425735,2310843.233567109
validation,2003-01-01,5,Input-only PolyRidge,Separate,water_cum,19,15,3237675.578106494,0.2949593882771707,3221360.2364593917,0.23410212077052484,23160.164796425735,2570125.3653787603
validation,2003-01-01,5,Input-only PolyRidge,Separate,water_cum,20,15,3556424.1583010633,0.3046241220730161,3540214.075515503,0.2448688598600035,23160.164796425735,2841806.199798947
validation,2004-01-01,3,History-conditioned,Constant,gas_cum,1,15,12343.684659905706,0.039630725820863424,12343.684659905706,0.001236164251114193,0.0,12176.424625651041
validation,2004-01-01,3,History-conditioned,Constant,gas_cum,2,15,39664.42182253144,0.06523965999898369,39664.42182253144,0.0038578881543283768,0.0,39211.44925130208
validation,2004-01-01,3,History-conditioned,Constant,gas_cum,3,15,82085.0080978164,0.09192476667987645,82085.0080978164,0.007768953534504555,0.0,81309.96572265626
validation,2004-01-01,3,History-conditioned,Constant,gas_cum,4,15,138579.11181989397,0.11906608287713841,138579.11181989397,0.012788639417993939,0.0,137478.81552734374
validation,2004-01-01,3,History-conditioned,Constant,gas_cum,5,15,208034.78294565508,0.1470445879374862,208034.78294565508,0.018764888262761792,0.0,206653.41497395834
validation,2004-01-01,3,History-conditioned,Constant,gas_cum,6,15,294445.9433657074,0.17820023175358,294445.9433657074,0.026003625788869264,0.0,292822.906266276
validation,2004-01-01,3,History-conditioned,Constant,gas_cum,7,15,395958.26288214285,0.2107912667748627,395958.26288214285,0.03428618741182389,0.0,394121.8894042969
validation,2004-01-01,3,History-conditioned,Constant,gas_cum,8,15,507939.82672952506,0.24254933364540684,507939.82672952506,0.04317913118402185,0.0,505921.9392089844
validation,2004-01-01,3,History-conditioned,Constant,gas_cum,9,15,624925.7257794453,0.27196048022125463,624925.7257794453,0.05222339998043619,0.0,622765.738655599
validation,2004-01-01,3,History-conditioned,Constant,gas_cum,10,15,748568.6724128495,0.2996033812302994,748568.6724128495,0.061528691772858884,0.0,746299.2299479167
validation,2004-01-01,3,History-conditioned,Constant,gas_cum,11,15,878248.5046392397,0.32566129871433214,878248.5046392397,0.07103552541745548,0.0,875891.5464192708
validation,2004-01-01,3,History-conditioned,Constant,gas_cum,12,15,1012622.4416800695,0.35033180568897604,1012622.4416800695,0.08064723349640933,0.0,1010187.3962239583
validation,2004-01-01,3,History-conditioned,Constant,oil_cum,1,15,33998.219521016144,0.03963321679590799,33998.219521016144,0.0012367764074866089,0.0,33533.55797526042
validation,2004-01-01,3,History-conditioned,Constant,oil_cum,2,15,108872.42690155083,0.06500244470067892,108872.42690155083,0.003846433607602267,0.0,107539.91595052084
validation,2004-01-01,3,History-conditioned,Constant,oil_cum,3,15,224867.1552716684,0.09138499990343706,224867.1552716684,0.007730344666490497,0.0,222589.7650390625
validation,2004-01-01,3,History-conditioned,Constant,oil_cum,4,15,380070.31521419913,0.11850537733834175,380070.31521419913,0.01273959447480762,0.0,376905.08079427085
validation,2004-01-01,3,History-conditioned,Constant,oil_cum,5,15,571327.5495753585,0.14656277692716005,571327.5495753585,0.01871791159417492,0.0,567426.74765625
validation,2004-01-01,3,History-conditioned,Constant,oil_cum,6,15,809456.3023134848,0.17781431021731933,809456.3023134848,0.02596473728841818,0.0,804941.5056315104
validation,2004-01-01,3,History-conditioned,Constant,oil_cum,7,15,1089399.84249859,0.21052990572648766,1089399.84249859,0.034262767992169194,0.0,1084332.8213867187
validation,2004-01-01,3,History-conditioned,Constant,oil_cum,8,15,1398173.4676414423,0.24238893563074224,1398173.4676414423,0.043170891558363046,0.0,1392621.6038085937
validation,2004-01-01,3,History-conditioned,Constant,oil_cum,9,15,1720676.9847623832,0.27187518280404466,1720676.9847623832,0.05222839288208244,0.0,1714743.1373372397
validation,2004-01-01,3,History-conditioned,Constant,oil_cum,10,15,2061400.5720211824,0.2995622899995486,2061400.5720211824,0.06154315869939173,0.0,2055184.9619791666
validation,2004-01-01,3,History-conditioned,Constant,oil_cum,11,15,2418559.7197908796,0.32562502723223635,2418559.7197908796,0.07105337670583028,0.0,2412137.744401042
validation,2004-01-01,3,History-conditioned,Constant,oil_cum,12,15,2788783.2361483853,0.3503228536478569,2788783.2361483853,0.08067268342308954,0.0,2782168.7934895833
validation,2004-01-01,3,History-conditioned,Constant,water_cum,1,15,12011.601928233049,0.023408742831857756,12011.601928233049,0.0022907683215172216,0.0,-10453.4751953125
validation,2004-01-01,3,History-conditioned,Constant,water_cum,2,15,41444.505507348775,0.03978660642699467,41444.505507348775,0.007184000455558659,0.0,-37378.967057291666
validation,2004-01-01,3,History-conditioned,Constant,water_cum,3,15,86977.52736908336,0.0546788051362264,86977.52736908336,0.01377328809398129,0.0,-79950.05846354166
validation,2004-01-01,3,History-conditioned,Constant,water_cum,4,15,147473.8128593729,0.06845649163999883,147473.8128593729,0.021449114820268605,0.0,-137481.41653645833
validation,2004-01-01,3,History-conditioned,Constant,water_cum,5,15,220128.77880502495,0.08096026744932212,220128.77880502495,0.029597391525642915,0.0,-207401.30885416668
validation,2004-01-01,3,History-conditioned,Constant,water_cum,6,15,305758.13042467483,0.09259594550908701,305758.13042467483,0.038134564884394005,0.0,-290411.2173828125
validation,2004-01-01,3,History-conditioned,Constant,water_cum,7,15,403471.9545516781,0.10337937249196122,403471.9545516781,0.04682749485845047,0.0,-385697.8087890625
validation,2004-01-01,3,History-conditioned,Constant,water_cum,8,15,511218.1653508882,0.11325464954657355,511218.1653508882,0.05541725550646059,0.0,-491311.93352864584
validation,2004-01-01,3,History-conditioned,Constant,water_cum,9,15,626259.7161055852,0.12227697597618768,626259.7161055852,0.06370518716961085,0.0,-604631.3591796875
validation,2004-01-01,3,History-conditioned,Constant,water_cum,10,15,753634.7811666875,0.1311196270790507,753634.7811666875,0.07208553254962773,0.0,-730677.9010416666
validation,2004-01-01,3,History-conditioned,Constant,water_cum,11,15,894196.9402845862,0.13987631115745922,894196.9402845862,0.08057241463809602,0.0,-870229.0924479166
validation,2004-01-01,3,History-conditioned,Constant,water_cum,12,15,1046044.7453577177,0.14838504225201993,1046044.7453577177,0.08900065805678004,0.0,-1021388.3838541667
validation,2004-01-01,3,History-conditioned,Liquid-WC-time,gas_cum,1,15,3896.990029849857,0.01251170518810044,3896.990029849857,0.0003902659452648092,0.0,3199.294846709321
validation,2004-01-01,3,History-conditioned,Liquid-WC-time,gas_cum,2,15,7252.639931505111,0.011929072490794928,7252.639931505111,0.0007054148880463076,0.0,2987.6387031435966
validation,2004-01-01,3,History-conditioned,Liquid-WC-time,gas_cum,3,15,12386.346344093185,0.013871132184577266,12386.346344093185,0.0011723084572869788,0.0,-969.0973394385229
validation,2004-01-01,3,History-conditioned,Liquid-WC-time,gas_cum,4,15,21057.1924900571,0.01809217416142416,21057.1924900571,0.0019432426602691748,0.0,-9297.920979532475
validation,2004-01-01,3,History-conditioned,Liquid-WC-time,gas_cum,5,15,33046.376258796314,0.02335806883347591,33046.376258796314,0.0029808070996833673,0.0,-20799.18944022879
validation,2004-01-01,3,History-conditioned,Liquid-WC-time,gas_cum,6,15,46948.90457512323,0.028413723688061013,46948.90457512323,0.0041462338784967676,0.0,-33511.41161661421
validation,2004-01-01,3,History-conditioned,Liquid-WC-time,gas_cum,7,15,63853.88305413182,0.033993079976413355,63853.88305413182,0.005529133766349251,0.0,-49395.52984815029
validation,2004-01-01,3,History-conditioned,Liquid-WC-time,gas_cum,8,15,86279.05605865373,0.041199619429969664,86279.05605865373,0.007334440978919275,0.0,-71507.10752562694
validation,2004-01-01,3,History-conditioned,Liquid-WC-time,gas_cum,9,15,115679.96790628678,0.05034259004865543,115679.96790628678,0.009667070796547996,0.0,-101208.19369763657
validation,2004-01-01,3,History-conditioned,Liquid-WC-time,gas_cum,10,15,154740.00206045512,0.06193236444087672,154740.00206045512,0.012718873020721753,0.0,-140763.2118474989
validation,2004-01-01,3,History-conditioned,Liquid-WC-time,gas_cum,11,15,204131.09353597523,0.07569337912645768,204131.09353597523,0.016510770478708844,0.0,-190506.7633013406
validation,2004-01-01,3,History-conditioned,Liquid-WC-time,gas_cum,12,15,262825.6144356767,0.0909284332409216,262825.6144356767,0.020931946423253415,0.0,-249234.83452960788
validation,2004-01-01,3,History-conditioned,Liquid-WC-time,oil_cum,1,15,10375.252946181896,0.01209488776534966,10375.252946181896,0.0003774276490453162,0.0,8399.15049996227
validation,2004-01-01,3,History-conditioned,Liquid-WC-time,oil_cum,2,15,19859.97714590298,0.011857428946179915,19859.97714590298,0.0007016476596897284,0.0,6980.845382513851
validation,2004-01-01,3,History-conditioned,Liquid-WC-time,oil_cum,3,15,35329.2098939552,0.014357631904255154,35329.2098939552,0.0012145258339089655,0.0,-5172.584391301125
validation,2004-01-01,3,History-conditioned,Liquid-WC-time,oil_cum,4,15,60486.029967918614,0.01885945710073875,60486.029967918614,0.002027434036115316,0.0,-28826.573997232317
validation,2004-01-01,3,History-conditioned,Liquid-WC-time,oil_cum,5,15,94144.15505080154,0.024150819973519626,94144.15505080154,0.0030843637291059186,0.0,-60798.211191773415
validation,2004-01-01,3,History-conditioned,Liquid-WC-time,oil_cum,6,15,132604.3511099937,0.029129368882604784,132604.3511099937,0.0042535182319684214,0.0,-95896.14651380504
validation,2004-01-01,3,History-conditioned,Liquid-WC-time,oil_cum,7,15,179183.80092933128,0.034627826483658294,179183.80092933128,0.00563551853019903,0.0,-139499.8760200585
validation,2004-01-01,3,History-conditioned,Liquid-WC-time,oil_cum,8,15,241045.81262693703,0.0417879750353509,241045.81262693703,0.00744268352843871,0.0,-200254.23067984654
validation,2004-01-01,3,History-conditioned,Liquid-WC-time,oil_cum,9,15,322091.90303581156,0.050892059226128786,322091.90303581156,0.009776583638221354,0.0,-281941.6612882649
validation,2004-01-01,3,History-conditioned,Liquid-WC-time,oil_cum,10,15,429696.04577123374,0.06244333741926357,429696.04577123374,0.012828584747830558,0.0,-390852.5281672833
validation,2004-01-01,3,History-conditioned,Liquid-WC-time,oil_cum,11,15,565846.1151946551,0.07618321563936664,565846.1151946551,0.016623644581301805,0.0,-527980.6239715201
validation,2004-01-01,3,History-conditioned,Liquid-WC-time,oil_cum,12,15,727534.0311758774,0.09139175631285998,727534.0311758774,0.021045781477672665,0.0,-689709.0452159654
validation,2004-01-01,3,History-conditioned,Liquid-WC-time,water_cum,1,15,8363.079497139495,0.016298340421252965,8363.079497139495,0.0015949477594114315,0.0,5764.650987604974
validation,2004-01-01,3,History-conditioned,Liquid-WC-time,water_cum,2,15,33184.248045868466,0.031856782953837565,33184.248045868466,0.005752165459824807,0.0,27670.723619094024
validation,2004-01-01,3,History-conditioned,Liquid-WC-time,water_cum,3,15,76227.00711887392,0.047920443296623184,76227.00711887392,0.012070894187817585,0.0,67684.28806191335
validation,2004-01-01,3,History-conditioned,Liquid-WC-time,water_cum,4,15,137404.91714701834,0.0637825684410774,137404.91714701834,0.01998465888697321,0.0,125908.3511153642
validation,2004-01-01,3,History-conditioned,Liquid-WC-time,water_cum,5,15,215081.281470405,0.07910386895213824,215081.281470405,0.02891873080872817,0.0,200818.17214793662
validation,2004-01-01,3,History-conditioned,Liquid-WC-time,water_cum,6,15,312177.02399884845,0.09453984645719027,312177.02399884845,0.038935137916255365,0.0,295219.8204450825
validation,2004-01-01,3,History-conditioned,Liquid-WC-time,water_cum,7,15,429535.4589930876,0.11005747912043382,429535.4589930876,0.049852460054803364,0.0,409859.6349675085
validation,2004-01-01,3,History-conditioned,Liquid-WC-time,water_cum,8,15,566019.9569142273,0.12539537168576104,566019.9569142273,0.06135789903424458,0.0,543529.3922030418
validation,2004-01-01,3,History-conditioned,Liquid-WC-time,water_cum,9,15,716591.1561535229,0.13991415595212897,716591.1561535229,0.07289399677617375,0.0,691142.0151511239
validation,2004-01-01,3,History-conditioned,Liquid-WC-time,water_cum,10,15,883235.2018009394,0.15366789481762883,883235.2018009394,0.08448187567701516,0.0,854166.0233281344
validation,2004-01-01,3,History-conditioned,Liquid-WC-time,water_cum,11,15,1064372.9687935098,0.16649639230835103,1064372.9687935098,0.09590627780935852,0.0,1030695.1418185045
validation,2004-01-01,3,History-conditioned,Liquid-WC-time,water_cum,12,15,1256900.6404697027,0.17829567565860505,1256900.6404697027,0.10694091683003214,0.0,1217461.4723665386
validation,2004-01-01,3,History-conditioned,Liquid-WC-volume,gas_cum,1,15,4406.785493771295,0.014148458298054296,4406.785493771295,0.000441319657769862,0.0,3826.3750324461607
validation,2004-01-01,3,History-conditioned,Liquid-WC-volume,gas_cum,2,15,8572.329702649306,0.014099685549490185,8572.329702649306,0.0008337721236128536,0.0,5630.3958698542165
validation,2004-01-01,3,History-conditioned,Liquid-WC-volume,gas_cum,3,15,13170.917334330963,0.014749751884967185,13170.917334330963,0.001246564350158599,0.0,5310.8839614311855
validation,2004-01-01,3,History-conditioned,Liquid-WC-volume,gas_cum,4,15,18588.21878046922,0.015970851369939327,18588.21878046922,0.0017153958073793764,0.0,2386.6475004476806
validation,2004-01-01,3,History-conditioned,Liquid-WC-volume,gas_cum,5,15,25156.487446791773,0.01778128290947559,25156.487446791773,0.0022691334080701935,0.0,-1999.4020716848472
validation,2004-01-01,3,History-conditioned,Liquid-WC-volume,gas_cum,6,15,32643.737971680643,0.019756161709559215,32643.737971680643,0.0028828909539812915,0.0,-5601.328036346038
validation,2004-01-01,3,History-conditioned,Liquid-WC-volume,gas_cum,7,15,40966.269030212614,0.021808691858234194,40966.269030212614,0.0035472859369300234,0.0,-10281.495319581652
validation,2004-01-01,3,History-conditioned,Liquid-WC-volume,gas_cum,8,15,51135.78383755632,0.02441814884864177,51135.78383755632,0.00434696907453838,0.0,-19195.10026246744
validation,2004-01-01,3,History-conditioned,Liquid-WC-volume,gas_cum,9,15,64767.971153806175,0.02818627528251591,64767.971153806175,0.005412489075030211,0.0,-34108.84277344694
validation,2004-01-01,3,History-conditioned,Liquid-WC-volume,gas_cum,10,15,85004.70722444664,0.03402185884007976,85004.70722444664,0.006986972101299105,0.0,-56918.98285992171
validation,2004-01-01,3,History-conditioned,Liquid-WC-volume,gas_cum,11,15,113653.4812222447,0.04214358476299929,113653.4812222447,0.00919265414230498,0.0,-88032.52848048136
validation,2004-01-01,3,History-conditioned,Liquid-WC-volume,gas_cum,12,15,150535.82098301203,0.05208010786167532,150535.82098301203,0.011988967461799827,0.0,-126584.37060021757
validation,2004-01-01,3,History-conditioned,Liquid-WC-volume,oil_cum,1,15,11761.73991617003,0.013711176484006623,11761.73991617003,0.0004278648306956354,0.0,10125.310267643383
validation,2004-01-01,3,History-conditioned,Liquid-WC-volume,oil_cum,2,15,23123.077466526014,0.013805667854603155,23123.077466526014,0.00081693211779749,0.0,14255.542998391142
validation,2004-01-01,3,History-conditioned,Liquid-WC-volume,oil_cum,3,15,36238.58631435418,0.014727198388920063,36238.58631435418,0.0012457878168018008,0.0,12114.263428123295
validation,2004-01-01,3,History-conditioned,Liquid-WC-volume,oil_cum,4,15,52034.1387570929,0.016224169584014275,52034.1387570929,0.001744134703699871,0.0,3337.415374135971
validation,2004-01-01,3,History-conditioned,Liquid-WC-volume,oil_cum,5,15,70803.11459745708,0.018163137937612272,70803.11459745708,0.002319661358204172,0.0,-9048.259139774987
validation,2004-01-01,3,History-conditioned,Liquid-WC-volume,oil_cum,6,15,91584.83020880367,0.02011855780652366,91584.83020880367,0.0029377448160938947,0.0,-19068.427715644488
validation,2004-01-01,3,History-conditioned,Liquid-WC-volume,oil_cum,7,15,114687.22728487932,0.022163663153227563,114687.22728487932,0.003607033622397538,0.0,-31831.24073946948
validation,2004-01-01,3,History-conditioned,Liquid-WC-volume,oil_cum,8,15,143181.49939656418,0.024822106872970005,143181.49939656418,0.004420962868105337,0.0,-56255.79299800247
validation,2004-01-01,3,History-conditioned,Liquid-WC-volume,oil_cum,9,15,181260.56016667697,0.028640034339323828,181260.56016667697,0.005501873875368238,0.0,-97238.41379925732
validation,2004-01-01,3,History-conditioned,Liquid-WC-volume,oil_cum,10,15,237365.1969004096,0.034493859618929895,237365.1969004096,0.007086543091540465,0.0,-160056.03084577248
validation,2004-01-01,3,History-conditioned,Liquid-WC-volume,oil_cum,11,15,316569.8077874303,0.04262166918524504,316569.8077874303,0.009300309445473382,0.0,-245901.7521471324
validation,2004-01-01,3,History-conditioned,Liquid-WC-volume,oil_cum,12,15,418350.21848749457,0.05255253992675159,418350.21848749457,0.012101849401043321,0.0,-352091.5703966178
validation,2004-01-01,3,History-conditioned,Liquid-WC-volume,water_cum,1,15,7193.02182918598,0.014018080118654326,7193.02182918598,0.0013718025822643135,0.0,4038.4912199239557
validation,2004-01-01,3,History-conditioned,Liquid-WC-volume,water_cum,2,15,27152.66585264508,0.026066481346516023,27152.66585264508,0.004706649565898336,0.0,20396.026003216237
validation,2004-01-01,3,History-conditioned,Liquid-WC-volume,water_cum,3,15,60943.77247685092,0.03831257061824392,60943.77247685092,0.009650724287617348,0.0,50397.440242489676
validation,2004-01-01,3,History-conditioned,Liquid-WC-volume,water_cum,4,15,108079.73221350453,0.050169987072771656,108079.73221350453,0.01571949989658116,0.0,93744.36174399387
validation,2004-01-01,3,History-conditioned,Liquid-WC-volume,water_cum,5,15,167044.45785481378,0.06143660114442077,167044.45785481378,0.022459944802114263,0.0,149068.22009593647
validation,2004-01-01,3,History-conditioned,Liquid-WC-volume,water_cum,6,15,239975.16307131216,0.0726741986956245,239975.16307131216,0.029930024801222643,0.0,218392.10164692084
validation,2004-01-01,3,History-conditioned,Liquid-WC-volume,water_cum,7,15,327444.9660987051,0.08389940053838335,327444.9660987051,0.0380037008605728,0.0,302190.9996869182
validation,2004-01-01,3,History-conditioned,Liquid-WC-volume,water_cum,8,15,428577.83860704687,0.09494661223854087,428577.83860704687,0.0464588490712013,0.0,399530.95452119823
validation,2004-01-01,3,History-conditioned,Liquid-WC-volume,water_cum,9,15,539440.9767334865,0.10532564949697469,539440.9767334865,0.05487370096781157,0.0,506438.767662116
validation,2004-01-01,3,History-conditioned,Liquid-WC-volume,water_cum,10,15,661155.43950517,0.11502979538046257,661155.43950517,0.06323983864045157,0.0,623369.5260066239
validation,2004-01-01,3,History-conditioned,Liquid-WC-volume,water_cum,11,15,792428.5321385099,0.12395701096469691,792428.5321385099,0.07140248125004951,0.0,748616.269994117
validation,2004-01-01,3,History-conditioned,Liquid-WC-volume,water_cum,12,15,931113.8848563908,0.132081704687126,931113.8848563908,0.0792219920283473,0.0,879843.997547188
validation,2004-01-01,3,History-conditioned,Separate,gas_cum,1,15,6125.033634084366,0.019665078563163692,6125.033634084366,0.0006133944461430355,0.0,5669.673667621861
validation,2004-01-01,3,History-conditioned,Separate,gas_cum,2,15,14988.765820253362,0.024653378039718232,14988.765820253362,0.0014578551621067604,0.0,13251.700705997646
validation,2004-01-01,3,History-conditioned,Separate,gas_cum,3,15,26655.063800162945,0.02985028054998,26655.063800162945,0.002522774339937344,0.0,23077.96395637803
validation,2004-01-01,3,History-conditioned,Separate,gas_cum,4,15,40575.706541945954,0.03486232791129951,40575.706541945954,0.003744489867778124,0.0,34836.02873677562
validation,2004-01-01,3,History-conditioned,Separate,gas_cum,5,15,57076.336643286486,0.04034309207266435,57076.336643286486,0.005148326949916029,0.0,49314.10079747488
validation,2004-01-01,3,History-conditioned,Separate,gas_cum,6,15,78716.2146181619,0.047639466611020295,78716.2146181619,0.006951724194429487,0.0,69339.65511880802
validation,2004-01-01,3,History-conditioned,Separate,gas_cum,7,15,103966.72006262088,0.05534744107853226,103966.72006262088,0.009002520676581163,0.0,93151.69907372234
validation,2004-01-01,3,History-conditioned,Separate,gas_cum,8,15,129528.55935086169,0.061851944079451826,129528.55935086169,0.011011010285016337,0.0,117240.19205732395
validation,2004-01-01,3,History-conditioned,Separate,gas_cum,9,15,152620.32358613375,0.06641860749489635,152620.32358613375,0.012754079204918561,0.0,138800.41843030925
validation,2004-01-01,3,History-conditioned,Separate,gas_cum,10,15,172390.4136680173,0.06899667689825893,172390.4136680173,0.0141696507188657,0.0,156858.0026326012
validation,2004-01-01,3,History-conditioned,Separate,gas_cum,11,15,188349.1336427629,0.06984130704443095,188349.1336427629,0.01523427549214231,0.0,170868.55146146318
validation,2004-01-01,3,History-conditioned,Separate,gas_cum,12,15,200664.9920364826,0.06942304071601398,200664.9920364826,0.015981352773963363,0.0,180964.355039849
validation,2004-01-01,3,History-conditioned,Separate,oil_cum,1,15,16433.0110186792,0.019156682246558764,16433.0110186792,0.0005977948439125343,0.0,15199.28919778193
validation,2004-01-01,3,History-conditioned,Separate,oil_cum,2,15,40207.66804854154,0.024006048117508685,40207.66804854154,0.0014205261154422108,0.0,35234.41144588888
validation,2004-01-01,3,History-conditioned,Separate,oil_cum,3,15,71370.19744370157,0.02900452704451808,71370.19744370157,0.0024535207219958297,0.0,61020.985958194484
validation,2004-01-01,3,History-conditioned,Separate,oil_cum,4,15,109017.91561200896,0.03399162920408463,109017.91561200896,0.0036541765557330393,0.0,92659.47025705849
validation,2004-01-01,3,History-conditioned,Separate,oil_cum,5,15,153993.19867843328,0.03950390777231389,153993.19867843328,0.005045146310745047,0.0,132200.20845709965
validation,2004-01-01,3,History-conditioned,Separate,oil_cum,6,15,213195.26320695088,0.04683287851412937,213195.26320695088,0.006838613751579445,0.0,187218.2926668505
validation,2004-01-01,3,History-conditioned,Separate,oil_cum,7,15,282635.7733367135,0.05462024170945136,282635.7733367135,0.008889191599213645,0.0,252884.60021782294
validation,2004-01-01,3,History-conditioned,Separate,oil_cum,8,15,353045.47662447946,0.06120436361348616,353045.47662447946,0.010900856252290566,0.0,319303.2603812866
validation,2004-01-01,3,History-conditioned,Separate,oil_cum,9,15,416640.9513798021,0.06583126049987668,416640.9513798021,0.012646468507529858,0.0,378720.6407832317
validation,2004-01-01,3,History-conditioned,Separate,oil_cum,10,15,470940.4479464401,0.06843696511732565,470940.4479464401,0.01405993726756013,0.0,428397.4284700816
validation,2004-01-01,3,History-conditioned,Separate,oil_cum,11,15,514496.4736289185,0.0692697091022387,514496.4736289185,0.015115075081849828,0.0,466762.3323310914
validation,2004-01-01,3,History-conditioned,Separate,oil_cum,12,15,548199.3987333954,0.06886400321222529,548199.3987333954,0.015858068842893078,0.0,494482.1612287993
validation,2004-01-01,3,History-conditioned,Separate,water_cum,1,15,6356.920555876251,0.012388648856676484,6356.920555876251,0.0012123472221947935,0.0,-2332.591159763746
validation,2004-01-01,3,History-conditioned,Separate,water_cum,2,15,19368.26315443227,0.018593477081376195,19368.26315443227,0.003357299348164484,0.0,-5689.369307737487
validation,2004-01-01,3,History-conditioned,Separate,water_cum,3,15,38413.97757842623,0.02414911596193234,38413.97757842623,0.00608302852503794,0.0,-9850.761797261983
validation,2004-01-01,3,History-conditioned,Separate,water_cum,4,15,63125.07804658385,0.02930229641306513,63125.07804658385,0.009181135421993262,0.0,-15329.819766368159
validation,2004-01-01,3,History-conditioned,Separate,water_cum,5,15,92602.35704492789,0.034057843928873156,92602.35704492789,0.0124508400606888,0.0,-22016.50115658914
validation,2004-01-01,3,History-conditioned,Separate,water_cum,6,15,127479.76452537147,0.038606035800609874,127479.76452537147,0.015899447530595353,0.0,-29517.699602578206
validation,2004-01-01,3,History-conditioned,Separate,water_cum,7,15,167886.3893010283,0.04301659478455374,167886.3893010283,0.019485118960829193,0.0,-37388.76062625417
validation,2004-01-01,3,History-conditioned,Separate,water_cum,8,15,213227.3519428936,0.04723812777947946,213227.3519428936,0.023114348128601376,0.0,-45146.17912909668
validation,2004-01-01,3,History-conditioned,Separate,water_cum,9,15,262085.6648478735,0.051172128304199566,262085.6648478735,0.026660211257769545,0.0,-53248.59009345807
validation,2004-01-01,3,History-conditioned,Separate,water_cum,10,15,317083.4382049272,0.05516712233744106,317083.4382049272,0.030329184741559392,0.0,-63935.724508113104
validation,2004-01-01,3,History-conditioned,Separate,water_cum,11,15,378962.96121472697,0.05927994012499421,378962.96121472697,0.03414679637995179,0.0,-78222.00189833312
validation,2004-01-01,3,History-conditioned,Separate,water_cum,12,15,447227.27919463546,0.06344072661715636,447227.27919463546,0.03805145269923819,0.0,-95931.56510573774
validation,2004-01-01,3,Input-only PolyRidge,Constant,gas_cum,1,15,10557.405056925134,0.033895683235478334,40683.78387225234,0.004074297149399041,40568.70498609232,10146.910875097663
validation,2004-01-01,3,Input-only PolyRidge,Constant,gas_cum,2,15,35619.2415668977,0.05858618637234343,46986.64178483838,0.004570070618057729,40568.70498609232,35152.42175019545
validation,2004-01-01,3,Input-only PolyRidge,Constant,gas_cum,3,15,75780.46071735464,0.08486447564255863,74955.54346380403,0.00709418379577794,40568.70498609232,75199.12212208907
validation,2004-01-01,3,Input-only PolyRidge,Constant,gas_cum,4,15,130058.09092625236,0.11174488874768873,123758.02259032911,0.011420889520843793,40568.70498609232,129316.15582731676
validation,2004-01-01,3,Input-only PolyRidge,Constant,gas_cum,5,15,197387.51120082726,0.1395188094873237,188485.67076431672,0.01700154416940968,40568.70498609232,196483.54387228316
validation,2004-01-01,3,Input-only PolyRidge,Constant,gas_cum,6,15,281674.48120033037,0.17047087575808717,271309.34812823957,0.02396034627308933,40568.70498609232,280623.5214140461
validation,2004-01-01,3,Input-only PolyRidge,Constant,gas_cum,7,15,381048.13185772655,0.20285374986704813,369802.7217577358,0.03202136844246698,40568.70498609232,379870.6884526065
validation,2004-01-01,3,Input-only PolyRidge,Constant,gas_cum,8,15,490903.88660115923,0.23441440169340128,479118.0962449207,0.0407290431695454,40568.70498609232,489618.9221578339
validation,2004-01-01,3,Input-only PolyRidge,Constant,gas_cum,9,15,605826.5114115166,0.2636487220441176,593705.0503023395,0.04961437020963151,40568.70498609232,604455.5102028062
validation,2004-01-01,3,Input-only PolyRidge,Constant,gas_cum,10,15,727396.2513208044,0.29112943731335444,715055.5130033299,0.05877407361739088,40568.70498609232,725959.4877445743
validation,2004-01-01,3,Input-only PolyRidge,Constant,gas_cum,11,15,854986.288036071,0.3170354899256524,842494.2336219987,0.0681436065423176,40568.70498609232,853499.9881164721
validation,2004-01-01,3,Input-only PolyRidge,Constant,gas_cum,12,15,987270.3446317065,0.34156087037154476,974666.9716743683,0.07762438556610161,40568.70498609232,985744.0218217031
validation,2004-01-01,3,Input-only PolyRidge,Constant,oil_cum,1,15,28712.427660939647,0.03347133721280339,115001.03485303237,0.004183471038971769,114269.861833703,27546.3616144451
validation,2004-01-01,3,Input-only PolyRidge,Constant,oil_cum,2,15,96898.35085153334,0.05785330475373154,131646.57664067214,0.004651038202485921,114269.861833703,95565.52322889095
validation,2004-01-01,3,Input-only PolyRidge,Constant,oil_cum,3,15,206194.50038242506,0.08379651699143124,206335.23927156426,0.0070932658639495895,114269.861833703,204562.38259001746
validation,2004-01-01,3,Input-only PolyRidge,Constant,oil_cum,4,15,354853.03110410913,0.11064266444209729,339150.81225037493,0.011368011762340278,114269.861833703,352824.7086178107
validation,2004-01-01,3,Input-only PolyRidge,Constant,oil_cum,5,15,539843.0432098707,0.1384860498613351,516590.4003166059,0.016924605597459026,114269.861833703,537424.9724855758
validation,2004-01-01,3,Input-only PolyRidge,Constant,oil_cum,6,15,771711.3414606563,0.16952282597160626,744214.572420731,0.023871993835725594,114269.861833703,768952.5341000237
validation,2004-01-01,3,Input-only PolyRidge,Constant,oil_cum,7,15,1045364.280503875,0.202019896495995,1015320.1790355203,0.03193288485545815,114269.861833703,1042290.8601278196
validation,2004-01-01,3,Input-only PolyRidge,Constant,oil_cum,8,15,1347886.4079255785,0.23367111401373694,1316276.538666174,0.04064218999051084,114269.861833703,1344526.6528222822
validation,2004-01-01,3,Input-only PolyRidge,Constant,oil_cum,9,15,1664320.7004057062,0.262970620676863,1631737.0551054785,0.049528763823193704,114269.861833703,1660726.7833567185
validation,2004-01-01,3,Input-only PolyRidge,Constant,oil_cum,10,15,1998945.6528418744,0.2904863545093658,1965725.0779827654,0.058686764753854155,114269.861833703,1995181.4116378347
validation,2004-01-01,3,Input-only PolyRidge,Constant,oil_cum,11,15,2349957.7933057626,0.316388743340999,2316296.733334294,0.06804905539827487,114269.861833703,2346081.2043322967
validation,2004-01-01,3,Input-only PolyRidge,Constant,oil_cum,12,15,2714031.1149563575,0.3409326019880007,2680045.5635971967,0.07752716830374276,114269.861833703,2710059.263693428
validation,2004-01-01,3,Input-only PolyRidge,Constant,water_cum,1,15,11816.765452561764,0.023029036862537013,24152.927994291138,0.004606276719107664,23471.633492240304,-9347.691224965421
validation,2004-01-01,3,Input-only PolyRidge,Constant,water_cum,2,15,39469.56523848768,0.03789066943288416,43262.202088026694,0.007499080413777539,23471.633492240304,-35167.39911659714
validation,2004-01-01,3,Input-only PolyRidge,Constant,water_cum,3,15,83178.02294422874,0.052290229968076675,84462.01514849009,0.013374945262606698,23471.633492240304,-76620.55508029877
validation,2004-01-01,3,Input-only PolyRidge,Constant,water_cum,4,15,141888.6178262916,0.06586387638392971,142522.43785228874,0.020728969263671185,23471.633492240304,-133033.9777106692
validation,2004-01-01,3,Input-only PolyRidge,Constant,water_cum,5,15,212858.07860345964,0.0782862062199908,213398.48565716128,0.02869247067676059,23471.633492240304,-201860.23753023607
validation,2004-01-01,3,Input-only PolyRidge,Constant,water_cum,6,15,296818.969725849,0.08988880560142275,297431.4791067514,0.03709605374321177,23471.633492240304,-283764.36208853626
validation,2004-01-01,3,Input-only PolyRidge,Constant,water_cum,7,15,392836.4429359327,0.10065429456631349,393603.7192169585,0.045682174262593855,23471.633492240304,-377933.01805223775
validation,2004-01-01,3,Input-only PolyRidge,Constant,water_cum,8,15,498933.004201963,0.11053300991236824,499883.0253291963,0.05418849957922852,23471.633492240304,-482429.207349267
validation,2004-01-01,3,Input-only PolyRidge,Constant,water_cum,9,15,612459.6375954072,0.11958251579447284,613586.7176992103,0.062416048311217186,23471.633492240304,-594655.0005021561
validation,2004-01-01,3,Input-only PolyRidge,Constant,water_cum,10,15,738397.4171858781,0.128468585045483,739719.9569718468,0.07075457286267335,23471.633492240304,-719595.7583937773
validation,2004-01-01,3,Input-only PolyRidge,Constant,water_cum,11,15,877562.4319793361,0.13727422927277283,879085.1811270036,0.0792107560706128,23471.633492240304,-858029.0143574676
validation,2004-01-01,3,Input-only PolyRidge,Constant,water_cum,12,15,1028062.061518431,0.1458341367452151,1029780.2178637214,0.08761682275109889,23471.633492240304,-1008070.3703211558
validation,2004-01-01,3,Input-only PolyRidge,Liquid-WC-time,gas_cum,1,15,3200.181419041568,0.010274526277150281,42107.95005986669,0.004216920958843303,40568.70498609232,1135.3068133289614
validation,2004-01-01,3,Input-only PolyRidge,Liquid-WC-time,gas_cum,2,15,6344.924217765922,0.010436070404314494,43462.20077395315,0.004227272246071892,40568.70498609232,-1253.6427891284227
validation,2004-01-01,3,Input-only PolyRidge,Liquid-WC-time,gas_cum,3,15,12900.332533637391,0.014446731330455731,46241.09276296264,0.00437649833246137,40568.70498609232,-7515.2501009232055
validation,2004-01-01,3,Input-only PolyRidge,Liquid-WC-time,gas_cum,4,15,24097.22935481566,0.02070414992411581,52552.174204147406,0.004849726612491996,40568.70498609232,-18239.225428329282
validation,2004-01-01,3,Input-only PolyRidge,Liquid-WC-time,gas_cum,5,15,38781.50776435906,0.027411814255572316,63096.56396115949,0.005691355819111541,40568.70498609232,-32155.49185444688
validation,2004-01-01,3,Input-only PolyRidge,Liquid-WC-time,gas_cum,6,15,55201.801163830896,0.03340842005893082,76621.78860644398,0.006766757576690953,40568.70498609232,-47364.69528898435
validation,2004-01-01,3,Input-only PolyRidge,Liquid-WC-time,gas_cum,7,15,74881.10407610914,0.0398635014478826,94267.19799539691,0.008162635106366533,40568.70498609232,-65810.75448052834
validation,2004-01-01,3,Input-only PolyRidge,Liquid-WC-time,gas_cum,8,15,100546.47157484696,0.048012536913869835,118566.70022835249,0.010079160628494654,40568.70498609232,-90502.08625699542
validation,2004-01-01,3,Input-only PolyRidge,Liquid-WC-time,gas_cum,9,15,133445.1075431535,0.05807377426388979,150638.97484148436,0.012588503099272562,40568.70498609232,-122724.62612443119
validation,2004-01-01,3,Input-only PolyRidge,Liquid-WC-time,gas_cum,10,15,176117.16953131516,0.07048825502437116,192831.05756665024,0.015849771894687652,40568.70498609232,-164807.68163397783
validation,2004-01-01,3,Input-only PolyRidge,Liquid-WC-time,gas_cum,11,15,229047.22734540183,0.08493247313283012,245491.00654951125,0.019856091463164884,40568.70498609232,-217066.35785727165
validation,2004-01-01,3,Input-only PolyRidge,Liquid-WC-time,gas_cum,12,15,291087.83701389463,0.10070616980005173,307384.2823760145,0.024480685963047994,40568.70498609232,-278250.9636862344
validation,2004-01-01,3,Input-only PolyRidge,Liquid-WC-time,oil_cum,1,15,8799.816370914705,0.010258332198162677,118686.35597373628,0.0043175344775962885,114269.861833703,2738.086553830157
validation,2004-01-01,3,Input-only PolyRidge,Liquid-WC-time,oil_cum,2,15,18295.998559034215,0.010923653200573433,122487.16523622177,0.004327438657085951,114269.861833703,-4654.635435472181
validation,2004-01-01,3,Input-only PolyRidge,Liquid-WC-time,oil_cum,3,15,37827.3086798077,0.015372848008306031,130493.12782226065,0.004486012434567278,114269.861833703,-23134.907652175178
validation,2004-01-01,3,Input-only PolyRidge,Liquid-WC-time,oil_cum,4,15,69537.57528757452,0.02168171590565594,148316.79918971093,0.004971437652039505,114269.861833703,-53365.673680241904
validation,2004-01-01,3,Input-only PolyRidge,Liquid-WC-time,oil_cum,5,15,110249.39267902524,0.02828229998287442,177516.5943584207,0.005815823028610416,114269.861833703,-91970.39962223668
validation,2004-01-01,3,Input-only PolyRidge,Liquid-WC-time,oil_cum,6,15,155408.30132537385,0.034138742046034114,214630.74751621837,0.006884659440352576,114269.861833703,-133928.214086468
validation,2004-01-01,3,Input-only PolyRidge,Liquid-WC-time,oil_cum,7,15,209457.19928874503,0.04047825481492183,262954.9991556114,0.008270210603102249,114269.861833703,-184571.731398198
validation,2004-01-01,3,Input-only PolyRidge,Liquid-WC-time,oil_cum,8,15,280111.22945668496,0.04856039993432073,329674.44176249736,0.010179237343776066,114269.861833703,-252416.0883709083
validation,2004-01-01,3,Input-only PolyRidge,Liquid-WC-time,oil_cum,9,15,370722.8063723012,0.058575974250051635,417861.89871830115,0.012683528407701806,114269.861833703,-341034.3541561616
validation,2004-01-01,3,Input-only PolyRidge,Liquid-WC-time,oil_cum,10,15,488274.6771844203,0.07095597160077448,533984.4651710762,0.01594211776647148,114269.861833703,-456895.07161491516
validation,2004-01-01,3,Input-only PolyRidge,Liquid-WC-time,oil_cum,11,15,634203.0047565952,0.08538650875757102,679091.7564170959,0.019950618540318675,114269.861833703,-600938.323018115
validation,2004-01-01,3,Input-only PolyRidge,Liquid-WC-time,oil_cum,12,15,805118.0052873124,0.10113774117670947,849547.0833221823,0.024575320884571206,114269.861833703,-769421.4962029929
validation,2004-01-01,3,Input-only PolyRidge,Liquid-WC-time,water_cum,1,15,9815.418827034578,0.019128723752405177,20900.358880475378,0.003985969591549489,23471.633492240304,7173.793016776846
validation,2004-01-01,3,Input-only PolyRidge,Liquid-WC-time,water_cum,2,15,34734.958361519646,0.03334546040952959,33562.79699020173,0.005817783223995239,23471.633492240304,30626.948608067974
validation,2004-01-01,3,Input-only PolyRidge,Liquid-WC-time,water_cum,3,15,78066.29299444346,0.04907671845208165,73878.79913574793,0.01169904474538704,23471.633492240304,72317.11811436346
validation,2004-01-01,3,Input-only PolyRidge,Liquid-WC-time,water_cum,4,15,139683.17241773568,0.0648401213711177,135075.65133620726,0.019645882199408656,23471.633492240304,132296.55914714685
validation,2004-01-01,3,Input-only PolyRidge,Liquid-WC-time,water_cum,5,15,217883.88431022028,0.08013462684166729,213471.99443129278,0.02870235429116281,23471.633492240304,208961.1064124912
validation,2004-01-01,3,Input-only PolyRidge,Liquid-WC-time,water_cum,6,15,315534.39468618087,0.09555659427935366,311477.87084842584,0.038847938595858264,23471.633492240304,305131.1877839233
validation,2004-01-01,3,Input-only PolyRidge,Liquid-WC-time,water_cum,7,15,433368.55408899917,0.11103961173522155,429729.34608178993,0.04987496284972357,23471.633492240304,421504.8194935899
validation,2004-01-01,3,Input-only PolyRidge,Liquid-WC-time,water_cum,8,15,570251.4129765899,0.12633280330673183,567031.6471046176,0.06146756863828878,23471.633492240304,556802.9871996621
validation,2004-01-01,3,Input-only PolyRidge,Liquid-WC-time,water_cum,9,15,721124.525683392,0.14079929466189955,718288.6040962279,0.07306666673421151,23471.633492240304,705856.6306831872
validation,2004-01-01,3,Input-only PolyRidge,Liquid-WC-time,water_cum,10,15,887860.4828892242,0.15447261501710374,885403.3671489119,0.08468926174473658,23471.633492240304,870135.4925009734
validation,2004-01-01,3,Input-only PolyRidge,Liquid-WC-time,water_cum,11,15,1068761.9377229672,0.16718294440440476,1066672.9323123344,0.09611351807818819,23471.633492240304,1047678.4195817913
validation,2004-01-01,3,Input-only PolyRidge,Liquid-WC-time,water_cum,12,15,1260674.4056443719,0.17883099721858384,1258938.3890497028,0.10711429465672563,23471.633492240304,1235157.207017586
validation,2004-01-01,3,Input-only PolyRidge,Liquid-WC-volume,gas_cum,1,15,3486.8636077949036,0.01119495024561994,41967.05830201377,0.0042028112858296905,40568.70498609232,1773.240871163085
validation,2004-01-01,3,Input-only PolyRidge,Liquid-WC-volume,gas_cum,2,15,6365.02720954571,0.010469135612085421,42778.30372367529,0.00416075423804818,40568.70498609232,1434.4180691936365
validation,2004-01-01,3,Input-only PolyRidge,Liquid-WC-volume,gas_cum,3,15,10432.226199647484,0.0116827662148918,44010.4582877463,0.004165379444956739,40568.70498609232,-1129.0485586555053
validation,2004-01-01,3,Input-only PolyRidge,Liquid-WC-volume,gas_cum,4,15,16745.88220768718,0.014387930277563276,46781.95228333416,0.004317227258599532,40568.70498609232,-6360.401957127452
validation,2004-01-01,3,Input-only PolyRidge,Liquid-WC-volume,gas_cum,5,15,24937.86335482742,0.01762675351270398,51491.51261355853,0.004644571773011748,40568.70498609232,-13049.557078460108
validation,2004-01-01,3,Input-only PolyRidge,Liquid-WC-volume,gas_cum,6,15,33603.706000263184,0.02033713940350886,57232.67057792862,0.00505443183082893,40568.70498609232,-19011.256893706694
validation,2004-01-01,3,Input-only PolyRidge,Liquid-WC-volume,gas_cum,7,15,43495.65432639609,0.023155228553448773,64840.60641122629,0.005614574544118889,40568.70498609232,-26093.278240273274
validation,2004-01-01,3,Input-only PolyRidge,Liquid-WC-volume,gas_cum,8,15,56621.66985369213,0.027037746540430823,76412.32190713548,0.006495686099174164,40568.70498609232,-37409.55070184693
validation,2004-01-01,3,Input-only PolyRidge,Liquid-WC-volume,gas_cum,9,15,74486.27144860983,0.03241556767052355,93367.92382669724,0.007802511930938476,40568.70498609232,-54660.330622462556
validation,2004-01-01,3,Input-only PolyRidge,Liquid-WC-volume,gas_cum,10,15,99601.10809733828,0.039863849316672084,117941.81156613668,0.009694241341405166,40568.70498609232,-79806.73589473045
validation,2004-01-01,3,Input-only PolyRidge,Liquid-WC-volume,gas_cum,11,15,132955.52383365502,0.04930093058421802,150932.1070611317,0.012207867671639528,40568.70498609232,-113242.50647138158
validation,2004-01-01,3,Input-only PolyRidge,Liquid-WC-volume,gas_cum,12,15,173988.9056821237,0.06019405159176321,191699.4994950034,0.015267323397719863,40568.70498609232,-154065.45496608329
validation,2004-01-01,3,Input-only PolyRidge,Liquid-WC-volume,oil_cum,1,15,9516.480655804642,0.011093779211950249,118311.93696468131,0.004303913982069238,114269.861833703,4494.179562395066
validation,2004-01-01,3,Input-only PolyRidge,Liquid-WC-volume,oil_cum,2,15,17839.331452847026,0.010650999424393771,120614.68369549284,0.004261284387057715,114269.861833703,2745.0013664901257
validation,2004-01-01,3,Input-only PolyRidge,Liquid-WC-volume,oil_cum,3,15,30092.038472333294,0.012229269008033195,124249.50360820164,0.00427137296405674,114269.861833703,-5555.124959642192
validation,2004-01-01,3,Input-only PolyRidge,Liquid-WC-volume,oil_cum,4,15,48441.52923347104,0.015103999104543419,132231.56576246847,0.004432275968812019,114269.861833703,-20665.964692431688
validation,2004-01-01,3,Input-only PolyRidge,Liquid-WC-volume,oil_cum,5,15,71374.09137613041,0.01830961073120587,145361.23095440108,0.004762344599428491,114269.861833703,-39376.140554085374
validation,2004-01-01,3,Input-only PolyRidge,Liquid-WC-volume,oil_cum,6,15,95094.27808075419,0.020889482748130756,161026.9152456628,0.005165222061732488,114269.861833703,-55877.77012474413
validation,2004-01-01,3,Input-only PolyRidge,Liquid-WC-volume,oil_cum,7,15,122230.06013800627,0.023621339047357796,181749.85136279865,0.005716223508507499,114269.861833703,-75238.82589577188
validation,2004-01-01,3,Input-only PolyRidge,Liquid-WC-volume,oil_cum,8,15,158555.48017452421,0.027487357590009698,213507.78785402942,0.006592401994196648,114269.861833703,-106264.90880581936
validation,2004-01-01,3,Input-only PolyRidge,Liquid-WC-volume,oil_cum,9,15,208010.49980927762,0.03286665258012835,260171.28775871068,0.007897082575074803,114269.861833703,-153669.62145107042
validation,2004-01-01,3,Input-only PolyRidge,Liquid-WC-volume,oil_cum,10,15,277391.20017207746,0.04031042984905936,327843.4086208805,0.00978777206097382,114269.861833703,-222907.97978189812
validation,2004-01-01,3,Input-only PolyRidge,Liquid-WC-volume,oil_cum,11,15,369513.9405804076,0.04974985152510102,418807.249363531,0.012303880285715071,114269.861833703,-315136.53686425835
validation,2004-01-01,3,Input-only PolyRidge,Liquid-WC-volume,oil_cum,12,15,482685.9783423218,0.06063430357614664,531136.7207808526,0.015364487269763466,114269.861833703,-427569.2762841888
validation,2004-01-01,3,Input-only PolyRidge,Liquid-WC-volume,water_cum,1,15,8586.201707313017,0.016733170885102344,20770.63919050787,0.003961230363740404,23471.633492240304,5417.7000082123095
validation,2004-01-01,3,Input-only PolyRidge,Liquid-WC-volume,water_cum,2,15,28266.029346288073,0.027135307107361523,28081.935559794558,0.004867729398261518,23471.633492240304,23227.311806104983
validation,2004-01-01,3,Input-only PolyRidge,Liquid-WC-volume,water_cum,3,15,61803.515976794035,0.03885305215091665,57811.6277693017,0.009154734889964633,23471.633492240304,54737.335421829484
validation,2004-01-01,3,Input-only PolyRidge,Liquid-WC-volume,water_cum,4,15,108708.37428410062,0.05046179908885718,104089.27082046225,0.015139113026901248,23471.633492240304,99596.85015933681
validation,2004-01-01,3,Input-only PolyRidge,Liquid-WC-volume,water_cum,5,15,167427.52494018024,0.061577487828345774,162988.70021020426,0.02191462833966775,23471.633492240304,156366.84734433916
validation,2004-01-01,3,Input-only PolyRidge,Liquid-WC-volume,water_cum,6,15,240031.64082530228,0.07269130244695789,235992.18330597348,0.029433262212821238,23471.633492240304,227080.74382219897
validation,2004-01-01,3,Input-only PolyRidge,Liquid-WC-volume,water_cum,7,15,326972.2789241878,0.08377828653545126,323423.50208122,0.03753696436630649,23471.633492240304,312171.91399116296
validation,2004-01-01,3,Input-only PolyRidge,Liquid-WC-volume,water_cum,8,15,427418.41287527315,0.09468975447442526,424372.5890475175,0.046002990095319815,23471.633492240304,410651.80763457366
validation,2004-01-01,3,Input-only PolyRidge,Liquid-WC-volume,water_cum,9,15,537466.9328070885,0.1049402181566593,534886.0057162275,0.0544103544140669,23471.633492240304,518491.8979780964
validation,2004-01-01,3,Input-only PolyRidge,Liquid-WC-volume,water_cum,10,15,658070.9663022605,0.1144931495326227,655956.1242866033,0.06274252161662268,23471.633492240304,636148.4006679563
validation,2004-01-01,3,Input-only PolyRidge,Liquid-WC-volume,water_cum,11,15,787809.3433080819,0.12323444632034196,786154.103716684,0.07083711826831139,23471.633492240304,761876.6334279366
validation,2004-01-01,3,Input-only PolyRidge,Liquid-WC-volume,water_cum,12,15,924519.6221024247,0.13114628585183175,923311.1202157348,0.07855810915836255,23471.633492240304,893304.98709878
validation,2004-01-01,3,Input-only PolyRidge,Separate,gas_cum,1,15,4503.706413849384,0.01445963332526452,41592.522953646956,0.004165303262805292,40568.70498609232,3449.042461718122
validation,2004-01-01,3,Input-only PolyRidge,Separate,gas_cum,2,15,10561.6495040951,0.017371699649588478,41257.503161641616,0.00401283632562741,40568.70498609232,8740.349755878995
validation,2004-01-01,3,Input-only PolyRidge,Separate,gas_cum,3,15,19102.840635359928,0.021392751356444556,41202.509866064735,0.0038996205527929723,40568.70498609232,16187.75512714448
validation,2004-01-01,3,Input-only PolyRidge,Separate,gas_cum,4,15,29872.2623090666,0.02566601281469855,43146.70956277326,0.003981752397059348,40568.70498609232,25511.490087846418
validation,2004-01-01,3,Input-only PolyRidge,Separate,gas_cum,5,15,43339.23566254712,0.030633339094980165,48836.76931787257,0.004405112002849772,40568.70498609232,37561.557819921894
validation,2004-01-01,3,Input-only PolyRidge,Separate,gas_cum,6,15,61948.783158507045,0.03749172900639091,60948.701193537156,0.005382608434125682,40568.70498609232,55091.92035434482
validation,2004-01-01,3,Input-only PolyRidge,Separate,gas_cum,7,15,84153.93022116643,0.04479995802154296,78790.39176329346,0.0068224921449647445,40568.70498609232,76346.60667377475
validation,2004-01-01,3,Input-only PolyRidge,Separate,gas_cum,8,15,106689.25212525416,0.050945812177643574,98734.0169731583,0.008393216768724844,40568.70498609232,97848.82313121669
validation,2004-01-01,3,Input-only PolyRidge,Separate,gas_cum,9,15,126835.09106774181,0.05519717120409222,117371.8650493516,0.009808458192814692,40568.70498609232,116856.43228715037
validation,2004-01-01,3,Input-only PolyRidge,Separate,gas_cum,10,15,143624.64766854446,0.05748361059621565,133258.4496583628,0.010953194245666237,40568.70498609232,132315.41336934877
validation,2004-01-01,3,Input-only PolyRidge,Separate,gas_cum,11,15,156557.15838436314,0.058052598157761925,145630.20846539972,0.011779033292225925,40568.70498609232,143685.6161572701
validation,2004-01-01,3,Input-only PolyRidge,Separate,gas_cum,12,15,165828.1207408978,0.057370706575277444,154536.98589343656,0.012307628067675078,40568.70498609232,151132.36754003665
validation,2004-01-01,3,Input-only PolyRidge,Separate,oil_cum,1,15,12133.563200412402,0.014144627207066841,117320.91917712455,0.004267863052452405,114269.861833703,9107.270720239978
validation,2004-01-01,3,Input-only PolyRidge,Separate,oil_cum,2,15,28229.54673539003,0.016854492940179724,116407.3159337501,0.004112639213813403,114269.861833703,22856.38842463692
validation,2004-01-01,3,Input-only PolyRidge,Separate,oil_cum,3,15,50708.764968419986,0.020607813871901307,115837.6467408177,0.0039821953258574105,114269.861833703,42113.53845505267
validation,2004-01-01,3,Input-only PolyRidge,Separate,oil_cum,4,15,79593.87299407793,0.024817255058889355,120336.28436833785,0.00403355748157751,114269.861833703,67068.92752562364
validation,2004-01-01,3,Input-only PolyRidge,Separate,oil_cum,5,15,116123.12566661248,0.029789089946406368,134795.0008422494,0.004416172318273901,114269.861833703,99942.69865759314
validation,2004-01-01,3,Input-only PolyRidge,Separate,oil_cum,6,15,166889.05215055018,0.03666073339123837,166775.36208300517,0.005349613623724712,114269.861833703,148108.19739144843
validation,2004-01-01,3,Input-only PolyRidge,Separate,oil_cum,7,15,227934.4370766788,0.04404903844993472,215107.69677149417,0.006765362744047878,114269.861833703,206750.1387335365
validation,2004-01-01,3,Input-only PolyRidge,Separate,oil_cum,8,15,290031.1702677167,0.05028013210658261,269652.3291700441,0.008325956492864392,114269.861833703,266064.0327834981
validation,2004-01-01,3,Input-only PolyRidge,Separate,oil_cum,9,15,345543.3989576985,0.05459750760328122,320777.84370588453,0.00973669747274023,114269.861833703,318468.25528417033
validation,2004-01-01,3,Input-only PolyRidge,Separate,oil_cum,10,15,391664.21499100345,0.05691655990884963,364272.5284927661,0.010875364223304694,114269.861833703,361004.7501366213
validation,2004-01-01,3,Input-only PolyRidge,Separate,oil_cum,11,15,426908.50984901184,0.05747722250053746,397878.50901361863,0.011689027710485127,114269.861833703,392113.91806533263
validation,2004-01-01,3,Input-only PolyRidge,Separate,oil_cum,12,15,452243.3186118321,0.05681014137839008,422142.7425963212,0.012211557854837803,114269.861833703,412553.39703567576
validation,2004-01-01,3,Input-only PolyRidge,Separate,water_cum,1,15,9551.705706524788,0.018614787921340845,24153.759251737847,0.004606435250687159,23471.633492240304,-979.1794894362489
validation,2004-01-01,3,Input-only PolyRidge,Separate,water_cum,2,15,26400.06583222321,0.02534398748531737,34637.17610615766,0.00600401635584191,23471.633492240304,-2282.1691466853954
validation,2004-01-01,3,Input-only PolyRidge,Separate,water_cum,3,15,50657.441348684646,0.03184602331186892,56577.640777629655,0.008959327422603521,23471.633492240304,-3414.1456795698655
validation,2004-01-01,3,Input-only PolyRidge,Separate,water_cum,4,15,81508.507193828,0.03783577798062227,86948.22124107937,0.012646057931630258,23471.633492240304,-4740.8878639634695
validation,2004-01-01,3,Input-only PolyRidge,Separate,water_cum,5,15,117525.20028675949,0.04322411498806715,123164.8606740133,0.016560118233331235,23471.633492240304,-6177.170132192473
validation,2004-01-01,3,Input-only PolyRidge,Separate,water_cum,6,15,159082.2600874272,0.048176551400476074,165149.405697562,0.020597655795597265,23471.633492240304,-7115.429862115408
validation,2004-01-01,3,Input-only PolyRidge,Separate,water_cum,7,15,205728.92547235213,0.052712777130716586,212354.17454278868,0.024646109610325508,23471.633492240304,-7041.424175523408
validation,2004-01-01,3,Input-only PolyRidge,Separate,water_cum,8,15,257042.4345791229,0.056944867807808316,264256.35220530495,0.028646012176259575,23471.633492240304,-5532.616504274433
validation,2004-01-01,3,Input-only PolyRidge,Separate,water_cum,9,15,311735.29646676866,0.060866200358590916,319503.40450817737,0.032500931581698145,23471.633492240304,-3305.2299672139807
validation,2004-01-01,3,Input-only PolyRidge,Separate,water_cum,10,15,372209.62149625714,0.06475814013025159,380543.0649717826,0.03639912883809864,23471.633492240304,-2301.6245501153794
validation,2004-01-01,3,Input-only PolyRidge,Separate,water_cum,11,15,438518.07890888845,0.06859595296099925,447410.3465702742,0.04031430922338146,23471.633492240304,-3530.371122403815
validation,2004-01-01,3,Input-only PolyRidge,Separate,water_cum,12,15,510058.93692292203,0.07235361321034693,519483.1047181521,0.044199197380876735,23471.633492240304,-6979.501852305731
validation,2005-01-01,3,History-conditioned,Constant,gas_cum,1,15,12169.75022803965,0.04850346536119184,12169.75022803965,0.001097720294565065,0.0,12153.775227864584
validation,2005-01-01,3,History-conditioned,Constant,gas_cum,2,15,40703.75952205036,0.08332526183173411,40703.75952205036,0.003594701691973771,0.0,40668.87758789062
validation,2005-01-01,3,History-conditioned,Constant,gas_cum,3,15,83741.37450038317,0.11717930550103846,83741.37450038317,0.007251199758643434,0.0,83679.90708007812
validation,2005-01-01,3,History-conditioned,Constant,gas_cum,4,15,137282.8784097528,0.1475468804853462,137282.8784097528,0.011670192224031551,0.0,137192.0032389323
validation,2005-01-01,3,History-conditioned,Constant,gas_cum,5,15,197125.97268456014,0.17380377464902055,197125.97268456014,0.016473299295205503,0.0,197014.97846679686
validation,2005-01-01,3,History-conditioned,Constant,gas_cum,6,15,263023.43441502145,0.197029941796234,263023.43441502145,0.021619242724914788,0.0,262894.0808268229
validation,2005-01-01,3,History-conditioned,Constant,gas_cum,7,15,334344.5066388773,0.2180541684562662,334344.5066388773,0.027042844450146333,0.0,334198.44365234376
validation,2005-01-01,3,History-conditioned,Constant,gas_cum,8,15,410368.57422165107,0.23761272199747704,410368.57422165107,0.03268255656069908,0.0,410206.3398111979
validation,2005-01-01,3,History-conditioned,Constant,gas_cum,9,15,489131.536914421,0.25579232525983875,489131.536914421,0.038392375559401205,0.0,488956.4483723958
validation,2005-01-01,3,History-conditioned,Constant,gas_cum,10,15,573042.76695745,0.27350228249005526,573042.76695745,0.044345402108342626,0.0,572860.5507324219
validation,2005-01-01,3,History-conditioned,Constant,gas_cum,11,15,662222.1397268049,0.2909759414756485,662222.1397268049,0.05054413078627329,0.0,662034.7802246094
validation,2005-01-01,3,History-conditioned,Constant,gas_cum,12,15,755833.6532321145,0.3082392854442557,755833.6532321145,0.0569278685363782,0.0,755643.6097167969
validation,2005-01-01,3,History-conditioned,Constant,oil_cum,1,15,33929.48128068208,0.04910056584816153,33929.48128068208,0.0011116023225556907,0.0,33888.99498697917
validation,2005-01-01,3,History-conditioned,Constant,oil_cum,2,15,113113.52618112936,0.08408802139163309,113113.52618112936,0.003628315676418334,0.0,113030.71806640625
validation,2005-01-01,3,History-conditioned,Constant,oil_cum,3,15,232455.7163852526,0.118141466803964,232455.7163852526,0.007310976161603127,0.0,232308.6359049479
validation,2005-01-01,3,History-conditioned,Constant,oil_cum,4,15,380708.6923989026,0.14862682115574413,380708.6923989026,0.01175500326336765,0.0,380484.0204101562
validation,2005-01-01,3,History-conditioned,Constant,oil_cum,5,15,546249.8335896868,0.1749507630570064,546249.8335896868,0.01658053845849175,0.0,545972.8820638021
validation,2005-01-01,3,History-conditioned,Constant,oil_cum,6,15,728363.3537741404,0.19819579515158162,728363.3537741404,0.021745303693300085,0.0,728041.6718098958
validation,2005-01-01,3,History-conditioned,Constant,oil_cum,7,15,925241.7669670322,0.21918596676154695,925241.7669670322,0.02718210812588945,0.0,924881.0563151041
validation,2005-01-01,3,History-conditioned,Constant,oil_cum,8,15,1135208.0537299654,0.23875614232336628,1135208.0537299654,0.032838794622267416,0.0,1134798.7074869792
validation,2005-01-01,3,History-conditioned,Constant,oil_cum,9,15,1352880.512744163,0.25699136460185423,1352880.512744163,0.03857011577949138,0.0,1352419.0358072917
validation,2005-01-01,3,History-conditioned,Constant,oil_cum,10,15,1584736.8587229627,0.27475158830284496,1584736.8587229627,0.04454440961101261,0.0,1584230.7588867187
validation,2005-01-01,3,History-conditioned,Constant,oil_cum,11,15,1831001.230024688,0.29224938689548574,1831001.230024688,0.05076110780826753,0.0,1830451.0767252604
validation,2005-01-01,3,History-conditioned,Constant,oil_cum,12,15,2089422.4768597567,0.3095272793235865,2089422.4768597567,0.05716112245873339,0.0,2088834.0612304688
validation,2005-01-01,3,History-conditioned,Constant,water_cum,1,15,9613.21711591175,0.017020577981183192,9613.21711591175,0.0012925440841729545,0.0,-9538.452864583332
validation,2005-01-01,3,History-conditioned,Constant,water_cum,2,15,31713.2400270378,0.0276248493834659,31713.2400270378,0.003955317910355189,0.0,-31496.017057291665
validation,2005-01-01,3,History-conditioned,Constant,water_cum,3,15,65464.22020244881,0.03743260602848207,65464.22020244881,0.007597864982583313,0.0,-65059.35924479167
validation,2005-01-01,3,History-conditioned,Constant,water_cum,4,15,109535.83200144228,0.04641354328857237,109535.83200144228,0.011873942673712001,0.0,-108950.234765625
validation,2005-01-01,3,History-conditioned,Constant,water_cum,5,15,162585.4277312967,0.0547824602147882,162585.4277312967,0.016538721617098632,0.0,-161888.22096354168
validation,2005-01-01,3,History-conditioned,Constant,water_cum,6,15,227655.11646421993,0.06334415227778262,227655.11646421993,0.02177532236843663,0.0,-226882.41848958333
validation,2005-01-01,3,History-conditioned,Constant,water_cum,7,15,305540.89190391544,0.07207720957350006,305540.89190391544,0.027531035191801258,0.0,-304710.3606770833
validation,2005-01-01,3,History-conditioned,Constant,water_cum,8,15,395005.1987025021,0.08068104560631162,395005.1987025021,0.033608239777878315,0.0,-394146.40286458336
validation,2005-01-01,3,History-conditioned,Constant,water_cum,9,15,492474.4535940517,0.08875992833741614,492474.4535940517,0.039702055303508794,0.0,-491591.9557291667
validation,2005-01-01,3,History-conditioned,Constant,water_cum,10,15,601887.5712307674,0.09678237440281483,601887.5712307674,0.04603892850959907,0.0,-600978.719921875
validation,2005-01-01,3,History-conditioned,Constant,water_cum,11,15,722986.2661672187,0.10466885197363703,722986.2661672187,0.05254072993206596,0.0,-722035.8954427083
validation,2005-01-01,3,History-conditioned,Constant,water_cum,12,15,854158.2331827572,0.11230411789674181,854158.2331827572,0.05908025566760132,0.0,-853157.5376302083
validation,2005-01-01,3,History-conditioned,Liquid-WC-time,gas_cum,1,15,4792.331447834229,0.019100201567310307,4792.331447834229,0.00043227177139998043,0.0,4671.113800757378
validation,2005-01-01,3,History-conditioned,Liquid-WC-time,gas_cum,2,15,10896.11889124115,0.022305604450874535,10896.11889124115,0.0009622771329776892,0.0,10265.665496521318
validation,2005-01-01,3,History-conditioned,Liquid-WC-time,gas_cum,3,15,16934.859278341566,0.023696948621076217,16934.859278341566,0.0014663963691115317,0.0,14839.200358340517
validation,2005-01-01,3,History-conditioned,Liquid-WC-time,gas_cum,4,15,21088.94932062822,0.022665671939693256,21088.94932062822,0.001792736976566094,0.0,15036.739745695144
validation,2005-01-01,3,History-conditioned,Liquid-WC-time,gas_cum,5,15,24837.20289945481,0.021898685175071077,24837.20289945481,0.0020755797495705225,0.0,8795.690238031993
validation,2005-01-01,3,History-conditioned,Liquid-WC-time,gas_cum,6,15,34456.282229555276,0.025811081424371246,34456.282229555276,0.0028321382487292955,0.0,-5591.542691853022
validation,2005-01-01,3,History-conditioned,Liquid-WC-time,gas_cum,7,15,55062.46792766277,0.03591086564519082,55062.46792766277,0.004453627099120433,0.0,-28646.786223257208
validation,2005-01-01,3,History-conditioned,Liquid-WC-time,gas_cum,8,15,86050.37149336337,0.04982511889028906,86050.37149336337,0.006853220032102148,0.0,-59696.71689503454
validation,2005-01-01,3,History-conditioned,Liquid-WC-time,gas_cum,9,15,124905.20282303558,0.06531942812091876,124905.20282303558,0.009803922041821178,0.0,-97382.87278728014
validation,2005-01-01,3,History-conditioned,Liquid-WC-time,gas_cum,10,15,171785.55369171733,0.08198993817330794,171785.55369171733,0.013293771240339444,0.0,-142384.80637742666
validation,2005-01-01,3,History-conditioned,Liquid-WC-time,gas_cum,11,15,226118.20085457346,0.09935481227731609,226118.20085457346,0.017258480548332778,0.0,-194341.4702641096
validation,2005-01-01,3,History-conditioned,Liquid-WC-time,gas_cum,12,15,286584.59219165245,0.11687311029184941,286584.59219165245,0.021584974311573506,0.0,-252105.30627035262
validation,2005-01-01,3,History-conditioned,Liquid-WC-time,oil_cum,1,15,13034.331084080248,0.01886244668423517,13034.331084080248,0.0004270325439449856,0.0,12743.989141752323
validation,2005-01-01,3,History-conditioned,Liquid-WC-time,oil_cum,2,15,29891.842203772212,0.022221443814254033,29891.842203772212,0.0009588335129018698,0.0,28226.97781982223
validation,2005-01-01,3,History-conditioned,Liquid-WC-time,oil_cum,3,15,46712.94163418575,0.023741018415070397,46712.94163418575,0.0014691710233526297,0.0,41114.716571319106
validation,2005-01-01,3,History-conditioned,Liquid-WC-time,oil_cum,4,15,58161.4144021404,0.022705933195385476,58161.4144021404,0.0017958287524017914,0.0,41936.35801772475
validation,2005-01-01,3,History-conditioned,Liquid-WC-time,oil_cum,5,15,68173.17738755984,0.021834238970099396,68173.17738755984,0.0020692875677122352,0.0,24978.194923752548
validation,2005-01-01,3,History-conditioned,Liquid-WC-time,oil_cum,6,15,94149.53159285655,0.02561913800372429,94149.53159285655,0.0028108363036939265,0.0,-14511.74967406243
validation,2005-01-01,3,History-conditioned,Liquid-WC-time,oil_cum,7,15,150783.82270959875,0.03572006704900808,150783.82270959875,0.004429785077648033,0.0,-78042.57837509364
validation,2005-01-01,3,History-conditioned,Liquid-WC-time,oil_cum,8,15,236078.2325968872,0.04965180428041508,236078.2325968872,0.00682916630970376,0.0,-163459.36648768635
validation,2005-01-01,3,History-conditioned,Liquid-WC-time,oil_cum,9,15,342830.4412079868,0.06512361001814307,342830.4412079868,0.009773967239209326,0.0,-266984.7273578177
validation,2005-01-01,3,History-conditioned,Liquid-WC-time,oil_cum,10,15,471660.98088586325,0.08177357832346793,471660.98088586325,0.013257633161282293,0.0,-390659.88650577515
validation,2005-01-01,3,History-conditioned,Liquid-WC-time,oil_cum,11,15,621116.5146930971,0.09913751975320688,621116.5146930971,0.017219301574912964,0.0,-533593.2612486089
validation,2005-01-01,3,History-conditioned,Liquid-WC-time,oil_cum,12,15,787498.7919075867,0.11666015907711867,787498.7919075867,0.02154390286256864,0.0,-692564.3685627227
validation,2005-01-01,3,History-conditioned,Liquid-WC-time,water_cum,1,15,2894.2836787499537,0.00512444278120906,2894.2836787499537,0.00038915060398402127,0.0,-868.7270858107134
validation,2005-01-01,3,History-conditioned,Liquid-WC-time,water_cum,2,15,10722.261833918908,0.00933997497447635,10722.261833918908,0.0013372949038023179,0.0,3185.2161342603463
validation,2005-01-01,3,History-conditioned,Liquid-WC-time,water_cum,3,15,26551.008542847307,0.015181933571799996,26551.008542847307,0.003081545574607239,0.0,12871.212355996297
validation,2005-01-01,3,History-conditioned,Liquid-WC-time,water_cum,4,15,50820.34987077964,0.02153407214396076,50820.34987077964,0.005509045852828132,0.0,28480.68271892431
validation,2005-01-01,3,History-conditioned,Liquid-WC-time,water_cum,5,15,82238.62498593148,0.027709950788802756,82238.62498593148,0.008365581982311184,0.0,48610.20571107442
validation,2005-01-01,3,History-conditioned,Liquid-WC-time,water_cum,6,15,120877.90276644976,0.03363380713237962,120877.90276644976,0.011562030060385977,0.0,71481.65702049385
validation,2005-01-01,3,History-conditioned,Liquid-WC-time,water_cum,7,15,166134.30407234794,0.039191143867367745,166134.30407234794,0.014969679977957178,0.0,95720.32886903075
validation,2005-01-01,3,History-conditioned,Liquid-WC-time,water_cum,8,15,217535.6500140672,0.044432335972879496,217535.6500140672,0.01850859257023515,0.0,120512.584072533
validation,2005-01-01,3,History-conditioned,Liquid-WC-time,water_cum,9,15,273482.02465421805,0.049290363657907024,273482.02465421805,0.02204743492397971,0.0,145418.9084451478
validation,2005-01-01,3,History-conditioned,Liquid-WC-time,water_cum,10,15,334339.05846379144,0.05376108343217633,334339.05846379144,0.02557389909066512,0.0,169203.1353521553
validation,2005-01-01,3,History-conditioned,Liquid-WC-time,water_cum,11,15,399743.9225374516,0.05787210547891134,399743.9225374516,0.02905011956501981,0.0,191187.55480479982
validation,2005-01-01,3,History-conditioned,Liquid-WC-time,water_cum,12,15,468482.40381148277,0.06159573374847598,468482.40381148277,0.03240390259989779,0.0,210267.23744421863
validation,2005-01-01,3,History-conditioned,Liquid-WC-volume,gas_cum,1,15,5242.280581588712,0.020893508070271655,5242.280581588712,0.0004728575095120295,0.0,5139.952613613755
validation,2005-01-01,3,History-conditioned,Liquid-WC-volume,gas_cum,2,15,12748.895387883918,0.026098450333201646,12748.895387883918,0.0011259027755604828,0.0,12271.810838728397
validation,2005-01-01,3,History-conditioned,Liquid-WC-volume,gas_cum,3,15,21076.255134803734,0.029492003851067632,21076.255134803734,0.0018250015247349084,0.0,19638.73154610172
validation,2005-01-01,3,History-conditioned,Liquid-WC-volume,gas_cum,4,15,27677.09724302418,0.029746385029232335,27677.09724302418,0.0023527846208559657,0.0,24004.466406448682
validation,2005-01-01,3,History-conditioned,Liquid-WC-volume,gas_cum,5,15,31691.574968585694,0.027942108688674236,31691.574968585694,0.0026483816033179967,0.0,23268.83876103287
validation,2005-01-01,3,History-conditioned,Liquid-WC-volume,gas_cum,6,15,35167.432018457395,0.02634380126291878,35167.432018457395,0.002890591290885941,0.0,15953.682726957897
validation,2005-01-01,3,History-conditioned,Liquid-WC-volume,gas_cum,7,15,43179.13259976527,0.028160743385187884,43179.13259976527,0.003492465236310591,0.0,1629.3267109192907
validation,2005-01-01,3,History-conditioned,Liquid-WC-volume,gas_cum,8,15,59743.03857372676,0.034592575815115906,59743.03857372676,0.004758052540931714,0.0,-19086.054801069076
validation,2005-01-01,3,History-conditioned,Liquid-WC-volume,gas_cum,9,15,84236.96831046519,0.044051892734005324,84236.96831046519,0.00661183562965925,0.0,-45123.7053734839
validation,2005-01-01,3,History-conditioned,Liquid-WC-volume,gas_cum,10,15,116087.45305197261,0.05540630683944953,116087.45305197261,0.008983526330252626,0.0,-76838.33177080416
validation,2005-01-01,3,History-conditioned,Liquid-WC-volume,gas_cum,11,15,154366.82207607588,0.06782774040855882,154366.82207607588,0.01178205374905369,0.0,-113880.09812065127
validation,2005-01-01,3,History-conditioned,Liquid-WC-volume,gas_cum,12,15,197744.06482602016,0.08064273002686305,197744.06482602016,0.014893684712405474,0.0,-155321.27092062085
validation,2005-01-01,3,History-conditioned,Liquid-WC-volume,oil_cum,1,15,14276.909195687906,0.020660625910311727,14276.909195687906,0.0004677420585819323,0.0,14034.938216506689
validation,2005-01-01,3,History-conditioned,Liquid-WC-volume,oil_cum,2,15,35002.734118294546,0.02602085492933583,35002.734118294546,0.0011227743772707038,0.0,33750.90809797595
validation,2005-01-01,3,History-conditioned,Liquid-WC-volume,oil_cum,3,15,58157.220584145536,0.029557368826609486,58157.220584145536,0.001829105603112444,0.0,54330.254080815364
validation,2005-01-01,3,History-conditioned,Liquid-WC-volume,oil_cum,4,15,76455.1758717782,0.02984772866393974,76455.1758717782,0.0023606785445613615,0.0,66629.05704602772
validation,2005-01-01,3,History-conditioned,Liquid-WC-volume,oil_cum,5,15,87453.1280914601,0.028009146274295415,87453.1280914601,0.0026544995796283126,0.0,64830.12570311129
validation,2005-01-01,3,History-conditioned,Liquid-WC-volume,oil_cum,6,15,96691.50236962907,0.026310836613688597,96691.50236962907,0.0028867268962587374,0.0,44813.21694266076
validation,2005-01-01,3,History-conditioned,Liquid-WC-volume,oil_cum,7,15,118441.16198765593,0.028058223830215792,118441.16198765593,0.0034796099642777647,0.0,5322.977445103228
validation,2005-01-01,3,History-conditioned,Liquid-WC-volume,oil_cum,8,15,163890.12703243204,0.03446925377826628,163890.12703243204,0.004740940838599416,0.0,-51637.52577544153
validation,2005-01-01,3,History-conditioned,Liquid-WC-volume,oil_cum,9,15,231046.11674531183,0.04388920992578855,231046.11674531183,0.00658703809340313,0.0,-123088.61922597612
validation,2005-01-01,3,History-conditioned,Liquid-WC-volume,oil_cum,10,15,318446.04654442036,0.05521014835696231,318446.04654442036,0.008951007265466784,0.0,-210177.0707216556
validation,2005-01-01,3,History-conditioned,Liquid-WC-volume,oil_cum,11,15,423657.86655291973,0.06762079114052309,423657.86655291973,0.011745127357245639,0.0,-312042.1788959933
validation,2005-01-01,3,History-conditioned,Liquid-WC-volume,oil_cum,12,15,542951.4150440311,0.08043288332766918,542951.4150440311,0.014853727605686888,0.0,-426068.76084416953
validation,2005-01-01,3,History-conditioned,Liquid-WC-volume,water_cum,1,15,3417.383822769882,0.0060506121047461696,3417.383822769882,0.0004594839781740052,0.0,-2159.676160565205
validation,2005-01-01,3,History-conditioned,Liquid-WC-volume,water_cum,2,15,9985.328653673076,0.008698045354777658,9985.328653673076,0.0012453836073193262,0.0,-2338.7141438929984
validation,2005-01-01,3,History-conditioned,Liquid-WC-volume,water_cum,3,15,21860.996414090023,0.012500172821551164,21860.996414090023,0.0025372164920828126,0.0,-344.3251534991587
validation,2005-01-01,3,History-conditioned,Liquid-WC-volume,water_cum,4,15,39569.48384040299,0.016766750364472754,39569.48384040299,0.004289425425126016,0.0,3787.9836906230075
validation,2005-01-01,3,History-conditioned,Liquid-WC-volume,water_cum,5,15,62375.165573328166,0.02101704361881082,62375.165573328166,0.006345005906326568,0.0,8758.274931717167
validation,2005-01-01,3,History-conditioned,Liquid-WC-volume,water_cum,6,15,91188.53567100634,0.025372856008004895,91188.53567100634,0.008722227689769177,0.0,12156.690403770905
validation,2005-01-01,3,History-conditioned,Liquid-WC-volume,water_cum,7,15,126047.3510613783,0.02973461680373878,126047.3510613783,0.01135760924267847,0.0,12354.773048834379
validation,2005-01-01,3,History-conditioned,Liquid-WC-volume,water_cum,8,15,167006.93756089755,0.03411168863139284,167006.93756089755,0.014209456535135582,0.0,8690.743360288938
validation,2005-01-01,3,History-conditioned,Liquid-WC-volume,water_cum,9,15,212691.04126069925,0.038333849487087596,212691.04126069925,0.0171466183089647,0.0,1522.8003133044888
validation,2005-01-01,3,History-conditioned,Liquid-WC-volume,water_cum,10,15,264307.38584942033,0.04250012393909393,264307.38584942033,0.02021711266906196,0.0,-11279.680431965739
validation,2005-01-01,3,History-conditioned,Liquid-WC-volume,water_cum,11,15,322076.80685496656,0.046628008301677897,322076.80685496656,0.0234059086849031,0.0,-30363.527547815815
validation,2005-01-01,3,History-conditioned,Liquid-WC-volume,water_cum,12,15,385581.2911657426,0.050695954332141226,385581.2911657426,0.02666981406692336,0.0,-56228.370274334775
validation,2005-01-01,3,History-conditioned,Separate,gas_cum,1,15,6055.282916862319,0.024133790727565236,6055.282916862319,0.0005461909096423286,0.0,5988.793661150957
validation,2005-01-01,3,History-conditioned,Separate,gas_cum,2,15,15971.718793734353,0.032695939294496525,15971.718793734353,0.0014105224000368721,0.0,15756.231296602016
validation,2005-01-01,3,History-conditioned,Separate,gas_cum,3,15,28173.99084409374,0.03942386544286319,28173.99084409374,0.002439597353489583,0.0,27648.85009815904
validation,2005-01-01,3,History-conditioned,Separate,gas_cum,4,15,39544.873326519046,0.042501459512678405,39544.873326519046,0.0033616447916979997,0.0,38414.85407449553
validation,2005-01-01,3,History-conditioned,Separate,gas_cum,5,15,47877.53175941811,0.04221308652199231,47877.53175941811,0.004000999459623091,0.0,45722.911522867405
validation,2005-01-01,3,History-conditioned,Separate,gas_cum,6,15,52357.43074764531,0.03922076964644697,52357.43074764531,0.004303525297294253,0.0,48272.97927644749
validation,2005-01-01,3,History-conditioned,Separate,gas_cum,7,15,53253.39305941919,0.034731015795000056,53253.39305941919,0.0043073033842420515,0.0,45607.09704315588
validation,2005-01-01,3,History-conditioned,Separate,gas_cum,8,15,52194.08955155592,0.0302215629304661,52194.08955155592,0.004156839463495446,0.0,38138.180505191165
validation,2005-01-01,3,History-conditioned,Separate,gas_cum,9,15,51572.70123172125,0.0269700482843759,51572.70123172125,0.0040479878414534905,0.0,26479.32478007786
validation,2005-01-01,3,History-conditioned,Separate,gas_cum,10,15,54541.99220877662,0.026031843033039927,54541.99220877662,0.004220778475453445,0.0,10604.963267979274
validation,2005-01-01,3,History-conditioned,Separate,gas_cum,11,15,64020.071076264365,0.028129987412439772,64020.071076264365,0.004886334435692742,0.0,-9227.686345348631
validation,2005-01-01,3,History-conditioned,Separate,gas_cum,12,15,80396.46201557117,0.03278677510316628,80396.46201557117,0.006055299603081892,0.0,-32399.237198637922
validation,2005-01-01,3,History-conditioned,Separate,oil_cum,1,15,16506.40651519126,0.023887011219270195,16506.40651519126,0.0005407851557631042,0.0,16372.298091598104
validation,2005-01-01,3,History-conditioned,Separate,oil_cum,2,15,43845.363109878504,0.03259442045156985,43845.363109878504,0.0014064172843049985,0.0,43345.57984832277
validation,2005-01-01,3,History-conditioned,Separate,oil_cum,3,15,77679.02231508183,0.03947897594822852,77679.02231508183,0.0024430867488799248,0.0,76386.86694893589
validation,2005-01-01,3,History-conditioned,Separate,oil_cum,4,15,109180.13395037843,0.04262339307293908,109180.13395037843,0.003371115124255868,0.0,106309.43584865058
validation,2005-01-01,3,History-conditioned,Separate,oil_cum,5,15,132226.6679416716,0.042349040732627886,132226.6679416716,0.00401352864244881,0.0,126659.59199246863
validation,2005-01-01,3,History-conditioned,Separate,oil_cum,6,15,144489.2448536317,0.03931713563872855,144489.2448536317,0.004313729532763005,0.0,133807.574036553
validation,2005-01-01,3,History-conditioned,Separate,oil_cum,7,15,146695.61641190917,0.03475158780210043,146695.61641190917,0.0043096801822659165,0.0,126420.13528137455
validation,2005-01-01,3,History-conditioned,Separate,oil_cum,8,15,143574.88608218307,0.030196566896144417,143574.88608218307,0.0041532705669913945,0.0,105935.142746037
validation,2005-01-01,3,History-conditioned,Separate,oil_cum,9,15,141591.02835929533,0.02689644151916043,141591.02835929533,0.004036707089584642,0.0,74077.55910275652
validation,2005-01-01,3,History-conditioned,Separate,oil_cum,10,15,149286.6836010255,0.02588237485994917,149286.6836010255,0.00419620907230771,0.0,30606.937680408606
validation,2005-01-01,3,History-conditioned,Separate,oil_cum,11,15,174874.13653093387,0.027911974250478137,174874.13653093387,0.004848060586613992,0.0,-23871.054485794903
validation,2005-01-01,3,History-conditioned,Separate,oil_cum,12,15,219585.63042219277,0.03252943984085318,219585.63042219277,0.006007287300558515,0.0,-87590.30024093638
validation,2005-01-01,3,History-conditioned,Separate,water_cum,1,15,5517.544029035802,0.00976902812850999,5517.544029035802,0.0007418607951847598,0.0,-4402.715693399993
validation,2005-01-01,3,History-conditioned,Separate,water_cum,2,15,17177.000020643973,0.014962584649992403,17177.000020643973,0.002142338523906748,0.0,-11156.688366750132
validation,2005-01-01,3,History-conditioned,Separate,water_cum,3,15,36101.17224836515,0.020642741237279303,36101.17224836515,0.004189950351624316,0.0,-19712.160020534633
validation,2005-01-01,3,History-conditioned,Separate,water_cum,4,15,62617.22230059737,0.026532752842199324,62617.22230059737,0.006787854662706026,0.0,-29426.525364425033
validation,2005-01-01,3,History-conditioned,Separate,water_cum,5,15,96450.37616371602,0.032498539190256304,96450.37616371602,0.009811247806737389,0.0,-40497.41587984618
validation,2005-01-01,3,History-conditioned,Separate,water_cum,6,15,139772.26289609002,0.038891089480484906,139772.26289609002,0.013369284776020346,0.0,-55065.269315573016
validation,2005-01-01,3,History-conditioned,Separate,water_cum,7,15,192974.3326409918,0.04552271654834702,192974.3326409918,0.017388124744769803,0.0,-73989.72371046891
validation,2005-01-01,3,History-conditioned,Separate,water_cum,8,15,255608.1327899738,0.052208759496616214,255608.1327899738,0.021747914822891127,0.0,-96873.43100419019
validation,2005-01-01,3,History-conditioned,Separate,water_cum,9,15,325290.7563079168,0.05862798366088349,325290.7563079168,0.026224124931570062,0.0,-122088.00754013757
validation,2005-01-01,3,History-conditioned,Separate,water_cum,10,15,404300.2624112135,0.06501071169790942,404300.2624112135,0.030925295299752006,0.0,-151526.9605442524
validation,2005-01-01,3,History-conditioned,Separate,water_cum,11,15,492375.9210837602,0.07128271284115857,492375.9210837602,0.03578185576312271,0.0,-184924.38446321574
validation,2005-01-01,3,History-conditioned,Separate,water_cum,12,15,588337.3971077338,0.07735418314900457,588337.3971077338,0.04069401018405787,0.0,-221733.3939919848
validation,2005-01-01,3,Input-only PolyRidge,Constant,gas_cum,1,15,11534.210078998249,0.04597047174776073,49914.65759900526,0.004502338307359048,50700.99484871212,11206.92488889657
validation,2005-01-01,3,Input-only PolyRidge,Constant,gas_cum,2,15,39143.19342622158,0.08013060413751752,55352.2989448134,0.004888369158228945,50700.99484871212,38764.656350632264
validation,2005-01-01,3,Input-only PolyRidge,Constant,gas_cum,3,15,81193.89649148985,0.11361461951824603,82127.22235750241,0.007111429666515114,50700.99484871212,80807.79438520782
validation,2005-01-01,3,Input-only PolyRidge,Constant,gas_cum,4,15,133751.44164780685,0.14375141462760688,127574.13110094445,0.010844867546542175,50700.99484871212,133351.99908644918
validation,2005-01-01,3,Input-only PolyRidge,Constant,gas_cum,5,15,192647.24365704137,0.1698549291467664,183060.62910322717,0.01529789550974916,50700.99484871212,192228.1239753439
validation,2005-01-01,3,Input-only PolyRidge,Constant,gas_cum,6,15,257594.2332943661,0.1929629460808831,246111.83446794527,0.02022919173977863,50700.99484871212,257149.85543707796
validation,2005-01-01,3,Input-only PolyRidge,Constant,gas_cum,7,15,327955.0048033599,0.21388703700374206,315291.26112161,0.025501757503709883,50700.99484871212,327486.32680498547
validation,2005-01-01,3,Input-only PolyRidge,Constant,gas_cum,8,15,403019.5630684366,0.23335747767859327,389549.31869073375,0.031024470295854308,50700.99484871212,402526.33150622697
validation,2005-01-01,3,Input-only PolyRidge,Constant,gas_cum,9,15,480838.8279327042,0.25145563634683654,466786.60482868727,0.03663850168347711,50700.99484871212,480329.58972845634
validation,2005-01-01,3,Input-only PolyRidge,Constant,gas_cum,10,15,563800.4687971438,0.26909111147795334,549299.154626158,0.04250798246525701,50700.99484871212,563276.3211901933
validation,2005-01-01,3,Input-only PolyRidge,Constant,gas_cum,11,15,652024.5570627764,0.2864951924362618,637165.0665300449,0.04863164869181969,50700.99484871212,651482.6592247713
validation,2005-01-01,3,Input-only PolyRidge,Constant,gas_cum,12,15,744686.0056905324,0.3036931225446442,729530.7480171353,0.0549467866888049,50700.99484871212,744123.5972593497
validation,2005-01-01,3,Input-only PolyRidge,Constant,oil_cum,1,15,31867.079007954428,0.04611598975754155,140676.1564786395,0.004608851546424815,143031.47376461825,30924.508862257997
validation,2005-01-01,3,Input-only PolyRidge,Constant,oil_cum,2,15,108141.58490741467,0.08039190547785113,154642.36709630306,0.004960426429244866,143031.47376461825,107068.80708224674
validation,2005-01-01,3,Input-only PolyRidge,Constant,oil_cum,3,15,224395.03626232958,0.11404477007407408,227264.40988788859,0.007147704125793507,143031.47376461825,223316.36132663116
validation,2005-01-01,3,Input-only PolyRidge,Constant,oil_cum,4,15,369570.7695447689,0.14427863026559942,351988.5617856272,0.010868222278788349,143031.47376461825,368461.3822376845
validation,2005-01-01,3,Input-only PolyRidge,Constant,oil_cum,5,15,532156.0662947182,0.17043686631785473,504764.36565655743,0.01532131355033287,143031.47376461825,530985.7577666116
validation,2005-01-01,3,Input-only PolyRidge,Constant,oil_cum,6,15,711312.0927120284,0.19355595677004983,678473.6886700337,0.02025584666169022,143031.47376461825,710057.122653265
validation,2005-01-01,3,Input-only PolyRidge,Constant,oil_cum,7,15,905209.0424664171,0.21444029677203866,868980.6068480804,0.0255292461472799,143031.47376461825,903866.1435643112
validation,2005-01-01,3,Input-only PolyRidge,Constant,oil_cum,8,15,1112178.088477661,0.23391249657630278,1073627.2459965714,0.031057412353893116,143031.47376461825,1110753.4311420189
validation,2005-01-01,3,Input-only PolyRidge,Constant,oil_cum,9,15,1326885.8674880695,0.2520534567128906,1286650.3074372509,0.036681917477628376,143031.47376461825,1325409.2733376015
validation,2005-01-01,3,Input-only PolyRidge,Constant,oil_cum,10,15,1555752.5714876452,0.26972647709280684,1514213.5468663818,0.042562112503973536,143031.47376461825,1554223.571557581
validation,2005-01-01,3,Input-only PolyRidge,Constant,oil_cum,11,15,1799006.6335754036,0.28714267203208516,1756426.0153693652,0.0486936485139379,143031.47376461825,1797413.525801954
validation,2005-01-01,3,Input-only PolyRidge,Constant,oil_cum,12,15,2054432.420003446,0.3043438483889348,2010990.741452441,0.055015435752516606,143031.47376461825,2052766.1467129923
validation,2005-01-01,3,Input-only PolyRidge,Constant,water_cum,1,15,10622.929349631417,0.018808313096843304,32104.587091953217,0.004316618840516415,27544.60703034417,-10013.469975935419
validation,2005-01-01,3,Input-only PolyRidge,Constant,water_cum,2,15,33228.60835965425,0.02894486026577604,47584.65729940503,0.005934822399539938,27544.60703034417,-32451.329247899168
validation,2005-01-01,3,Input-only PolyRidge,Constant,water_cum,3,15,67341.03958076632,0.03850577607706614,77663.38776617708,0.009013716691539438,27544.60703034417,-66500.24448256126
validation,2005-01-01,3,Input-only PolyRidge,Constant,water_cum,4,15,111790.75167866665,0.047369018863448444,120176.63721917525,0.013027431069690343,27544.60703034417,-110876.6930505557
validation,2005-01-01,3,Input-only PolyRidge,Constant,water_cum,5,15,165263.32449560496,0.05568476600563976,172678.60953916464,0.017565433091062788,27544.60703034417,-164289.69635982488
validation,2005-01-01,3,Input-only PolyRidge,Constant,water_cum,6,15,230776.671787176,0.06421271292685517,237696.8465261105,0.022735818722002463,27544.60703034417,-229764.1889651231
validation,2005-01-01,3,Input-only PolyRidge,Constant,water_cum,7,15,309101.0745754888,0.07291705798442775,315747.1771223258,0.02845068164493127,27544.60703034417,-308077.70419978735
validation,2005-01-01,3,Input-only PolyRidge,Constant,water_cum,8,15,399013.37033081136,0.08149972718063969,405518.2239013098,0.03450271983240163,27544.60703034417,-397999.31943445577
validation,2005-01-01,3,Input-only PolyRidge,Constant,water_cum,9,15,496904.12893362076,0.08955830003533626,503314.53671201103,0.040575955617125084,27544.60703034417,-495919.889410398
validation,2005-01-01,3,Input-only PolyRidge,Constant,water_cum,10,15,606743.1384569233,0.09756314035925237,613080.0824016591,0.04689505388295723,27544.60703034417,-605786.9486823658
validation,2005-01-01,3,Input-only PolyRidge,Constant,water_cum,11,15,728286.5761600148,0.1054361934682292,734560.95832491,0.05338188391128056,27544.60703034417,-727329.6972503625
validation,2005-01-01,3,Input-only PolyRidge,Constant,water_cum,12,15,859900.3863891924,0.11305909212238824,866118.4199182019,0.059907515609274375,27544.60703034417,-858936.9124850257
validation,2005-01-01,3,Input-only PolyRidge,Liquid-WC-time,gas_cum,1,15,4557.715596463567,0.01816512224300962,51159.555968252316,0.004614629042911274,50700.99484871212,3872.581048667555
validation,2005-01-01,3,Input-only PolyRidge,Liquid-WC-time,gas_cum,2,15,10351.255241761564,0.021190206099749604,52407.48874103813,0.0046283019225153,50700.99484871212,8687.00279975459
validation,2005-01-01,3,Input-only PolyRidge,Liquid-WC-time,gas_cum,3,15,16088.631313795162,0.022512821828642792,55058.981134069705,0.004767579623483406,50700.99484871212,12500.494835423679
validation,2005-01-01,3,Input-only PolyRidge,Liquid-WC-time,gas_cum,4,15,20366.22526813507,0.021888913172450532,59648.28587231254,0.005070602904217809,50700.99484871212,11967.447640629609
validation,2005-01-01,3,Input-only PolyRidge,Liquid-WC-time,gas_cum,5,15,25134.69452820571,0.022160980230863294,66847.66879801638,0.005586283939654318,50700.99484871212,5040.642072486256
validation,2005-01-01,3,Input-only PolyRidge,Liquid-WC-time,gas_cum,6,15,36402.43687703883,0.027268939115922458,79173.21966274854,0.00650765228204397,50700.99484871212,-10010.599596127744
validation,2005-01-01,3,Input-only PolyRidge,Liquid-WC-time,gas_cum,7,15,58285.740833573,0.03801303295839572,99368.908997987,0.008037272621068514,50700.99484871212,-33707.06866229772
validation,2005-01-01,3,Input-only PolyRidge,Liquid-WC-time,gas_cum,8,15,90089.16889964,0.05216367429044842,128498.92958972554,0.010233906293314598,50700.99484871212,-65368.12091130055
validation,2005-01-01,3,Input-only PolyRidge,Liquid-WC-time,gas_cum,9,15,129505.60265049154,0.06772521650335096,165509.03700702937,0.01299095361410004,50700.99484871212,-103623.30805638545
validation,2005-01-01,3,Input-only PolyRidge,Liquid-WC-time,gas_cum,10,15,176865.70760230173,0.0844145978497973,210927.36370153172,0.016322793512707563,50700.99484871212,-149172.1311922991
validation,2005-01-01,3,Input-only PolyRidge,Liquid-WC-time,gas_cum,11,15,231628.75313452634,0.10177611178018617,264188.981692165,0.02016423438885616,50700.99484871212,-201653.27231934914
validation,2005-01-01,3,Input-only PolyRidge,Liquid-WC-time,gas_cum,12,15,292495.88425840024,0.11928381592120972,323909.46622926777,0.02439620865297126,50700.99484871212,-259913.83034731782
validation,2005-01-01,3,Input-only PolyRidge,Liquid-WC-time,oil_cum,1,15,12504.130865525542,0.018095174985369642,144411.97340260315,0.004731244893230422,143031.47376461825,10368.375770147144
validation,2005-01-01,3,Input-only PolyRidge,Liquid-WC-time,oil_cum,2,15,28595.67702942084,0.021257881200765893,147860.8451884585,0.00474289716392247,143031.47376461825,23535.311124223717
validation,2005-01-01,3,Input-only PolyRidge,Liquid-WC-time,oil_cum,3,15,44690.28449093397,0.02271303904135928,155194.29323654284,0.004881023344630438,143031.47376461825,34171.3320137014
validation,2005-01-01,3,Input-only PolyRidge,Liquid-WC-time,oil_cum,4,15,56812.77319471628,0.022179430229886946,167988.36561532566,0.005186915417068746,143031.47376461825,32833.02886804367
validation,2005-01-01,3,Input-only PolyRidge,Liquid-WC-time,oil_cum,5,15,70293.28506586183,0.022513258776191567,188113.07148791125,0.005709870876945943,143031.47376461825,13851.612399843583
validation,2005-01-01,3,Input-only PolyRidge,Liquid-WC-time,oil_cum,6,15,101534.49055414328,0.027628667733507885,222418.03611048585,0.0066402952826065354,143031.47376461825,-27593.45086582775
validation,2005-01-01,3,Input-only PolyRidge,Liquid-WC-time,oil_cum,7,15,162055.00112310686,0.038390162828627894,278419.5340847897,0.008179516046557998,143031.47376461825,-93008.45696158335
validation,2005-01-01,3,Input-only PolyRidge,Liquid-WC-time,oil_cum,8,15,249671.581011893,0.052510747553553845,358734.791720996,0.010377320800782394,143031.47376461825,-180217.28088603367
validation,2005-01-01,3,Input-only PolyRidge,Liquid-WC-time,oil_cum,9,15,357949.976202474,0.06799569657255523,460385.7432685444,0.01312542479089794,143031.47376461825,-285407.8666911282
validation,2005-01-01,3,Input-only PolyRidge,Liquid-WC-time,oil_cum,10,15,488089.35246336035,0.08462182480634708,585114.6244322967,0.016446632989346253,143031.47376461825,-410680.22220143455
validation,2005-01-01,3,Input-only PolyRidge,Liquid-WC-time,oil_cum,11,15,638740.8666561024,0.10195057414724958,731538.6410247921,0.020280549905732345,143031.47376461825,-555142.2042642693
validation,2005-01-01,3,Input-only PolyRidge,Liquid-WC-time,oil_cum,12,15,806253.261283556,0.11943844826726167,895803.4528174384,0.024506834511712167,143031.47376461825,-715558.0407266207
validation,2005-01-01,3,Input-only PolyRidge,Liquid-WC-time,water_cum,1,15,5532.585280060116,0.009795659253440076,31183.74089176344,0.004192806562676734,27544.60703034417,-920.1664127980049
validation,2005-01-01,3,Input-only PolyRidge,Liquid-WC-time,water_cum,2,15,13900.87466889442,0.01210880908728497,37896.753998379194,0.004726534081863561,27544.60703034417,3120.6248543171832
validation,2005-01-01,3,Input-only PolyRidge,Liquid-WC-time,water_cum,3,15,28936.942334186435,0.016546216524305084,50271.643374146435,0.005834594189438704,27544.60703034417,12827.550586230122
validation,2005-01-01,3,Input-only PolyRidge,Liquid-WC-time,water_cum,4,15,52423.400643190165,0.022213331752981447,71152.29045343568,0.007713076191691103,27544.60703034417,28487.339686069638
validation,2005-01-01,3,Input-only PolyRidge,Liquid-WC-time,water_cum,5,15,83313.47203596153,0.028072115876885365,100324.26873385847,0.010205312832651145,27544.60703034417,48690.271758252755
validation,2005-01-01,3,Input-only PolyRidge,Liquid-WC-time,water_cum,6,15,121482.27700393354,0.03380197191745687,137686.7343643314,0.01316980295987257,27544.60703034417,71656.6386539217
validation,2005-01-01,3,Input-only PolyRidge,Liquid-WC-time,water_cum,7,15,166199.10623234994,0.03920643072091515,182145.82543161063,0.016412412422931396,27544.60703034417,96009.37629782085
validation,2005-01-01,3,Input-only PolyRidge,Liquid-WC-time,water_cum,8,15,217056.4980138238,0.044334467680231755,233031.72886609117,0.019827045935877984,27544.60703034417,120931.49060018125
validation,2005-01-01,3,Input-only PolyRidge,Liquid-WC-time,water_cum,9,15,272430.62601911015,0.049100867397085426,288520.37173199205,0.023259788748625602,27544.60703034417,145978.42488557484
validation,2005-01-01,3,Input-only PolyRidge,Liquid-WC-time,water_cum,10,15,332722.86856614973,0.053501203176699784,349046.1066974765,0.02669885460492054,27544.60703034417,169917.33740257856
validation,2005-01-01,3,Input-only PolyRidge,Liquid-WC-time,water_cum,11,15,397642.96833648754,0.057567944148946,414269.3941329129,0.030105712065108207,27544.60703034417,192070.3017029283
validation,2005-01-01,3,Input-only PolyRidge,Liquid-WC-time,water_cum,12,15,465906.83325857593,0.06125709956128652,482884.30128084554,0.03340005032936243,27544.60703034417,211330.58309244874
validation,2005-01-01,3,Input-only PolyRidge,Liquid-WC-volume,gas_cum,1,15,4955.547186692157,0.019750710311348195,51029.326110781025,0.004602882215340797,50700.99484871212,4337.270622223119
validation,2005-01-01,3,Input-only PolyRidge,Liquid-WC-volume,gas_cum,2,15,12036.069307652868,0.02463921363189487,52059.7430084326,0.004597591192399656,50700.99484871212,10675.718101596709
validation,2005-01-01,3,Input-only PolyRidge,Liquid-WC-volume,gas_cum,3,15,19881.02815638659,0.027819522737847015,54668.77925506264,0.004733791883698154,50700.99484871212,17258.94041696638
validation,2005-01-01,3,Input-only PolyRidge,Liquid-WC-volume,gas_cum,4,15,26204.021505751658,0.028163174272939136,59086.89967969983,0.00502288038517102,50700.99484871212,20859.30917711345
validation,2005-01-01,3,Input-only PolyRidge,Liquid-WC-volume,gas_cum,5,15,30442.835139528786,0.026841108689085333,64899.20498206829,0.005423455941045765,50700.99484871212,19392.478346256168
validation,2005-01-01,3,Input-only PolyRidge,Liquid-WC-volume,gas_cum,6,15,34981.316773102044,0.026204382978607676,73062.75004090657,0.006005401498908902,50700.99484871212,11355.392132384453
validation,2005-01-01,3,Input-only PolyRidge,Liquid-WC-volume,gas_cum,7,15,44795.244470948746,0.02921474583836364,85493.6679161755,0.00691499910129154,50700.99484871212,-3681.272721645981
validation,2005-01-01,3,Input-only PolyRidge,Liquid-WC-volume,gas_cum,8,15,63052.15462814999,0.036508629144950955,103847.5768544052,0.0082706243056576,50700.99484871212,-25091.53436187804
validation,2005-01-01,3,Input-only PolyRidge,Liquid-WC-volume,gas_cum,9,15,88753.00429401452,0.04641356287385422,128229.10933045851,0.010064818461958664,50700.99484871212,-51792.293984843294
validation,2005-01-01,3,Input-only PolyRidge,Liquid-WC-volume,gas_cum,10,15,121553.27736970333,0.05801503957771652,159342.74789728606,0.012330874126674206,50700.99484871212,-84160.82274056971
validation,2005-01-01,3,Input-only PolyRidge,Liquid-WC-volume,gas_cum,11,15,160637.85943465246,0.07058319192546758,196843.90112489244,0.015024118473358994,50700.99484871212,-121846.90515814176
validation,2005-01-01,3,Input-only PolyRidge,Liquid-WC-volume,gas_cum,12,15,204743.62032581854,0.08349724434553508,239615.68295752752,0.01804737066195642,50700.99484871212,-163915.6870709931
validation,2005-01-01,3,Input-only PolyRidge,Liquid-WC-volume,oil_cum,1,15,13572.164384652782,0.019640764489085645,144040.69755114187,0.004719081102827054,143031.47376461825,11647.570387049516
validation,2005-01-01,3,Input-only PolyRidge,Liquid-WC-volume,oil_cum,2,15,33145.14032541274,0.02463992912968669,146830.75935589062,0.004709855345666555,143031.47376461825,29009.830278851092
validation,2005-01-01,3,Input-only PolyRidge,Liquid-WC-volume,oil_cum,3,15,54974.109218784986,0.027939609317177514,153934.74556315935,0.004841409248846069,143031.47376461825,47270.33230874911
validation,2005-01-01,3,Input-only PolyRidge,Liquid-WC-volume,oil_cum,4,15,72645.83206460178,0.028360579376166914,166129.74885536934,0.005129527586123862,143031.47376461825,57310.43721252059
validation,2005-01-01,3,Input-only PolyRidge,Liquid-WC-volume,oil_cum,5,15,84652.93692337394,0.027112311984492876,182372.41761884402,0.0055356225268321105,143031.47376461825,53359.147367452584
validation,2005-01-01,3,Input-only PolyRidge,Liquid-WC-volume,oil_cum,6,15,97574.19309787567,0.02655102660931544,205292.9668338963,0.0061290259686595325,143031.47376461825,31222.51759544884
validation,2005-01-01,3,Input-only PolyRidge,Liquid-WC-volume,oil_cum,7,15,125128.30230219715,0.029642379849801382,240109.6843123016,0.007054034560550399,143031.47376461825,-10353.962143129358
validation,2005-01-01,3,Input-only PolyRidge,Liquid-WC-volume,oil_cum,8,15,175639.95715256184,0.0369404696080162,291017.80313087656,0.00841843381663638,143031.47376461825,-69344.64466987402
validation,2005-01-01,3,Input-only PolyRidge,Liquid-WC-volume,oil_cum,9,15,246204.74459105317,0.046768722505703596,358102.6085574995,0.010209370999796914,143031.47376461825,-142728.4856072915
validation,2005-01-01,3,Input-only PolyRidge,Liquid-WC-volume,oil_cum,10,15,336238.18837164954,0.05829483664412687,443553.0272546601,0.012467563697709261,143031.47376461825,-231718.46775491312
validation,2005-01-01,3,Input-only PolyRidge,Liquid-WC-volume,oil_cum,11,15,443688.0841030454,0.07081785005147123,546618.7187809559,0.015153988571423872,143031.47376461825,-335453.01211575366
validation,2005-01-01,3,Input-only PolyRidge,Liquid-WC-volume,oil_cum,12,15,565021.0900166995,0.08370228744555376,664221.3815363635,0.018171356032683075,143031.47376461825,-451296.580300877
validation,2005-01-01,3,Input-only PolyRidge,Liquid-WC-volume,water_cum,1,15,5883.085075897605,0.010416232890289112,31428.221353362664,0.00422567815712069,27544.60703034417,-2199.3610297001896
validation,2005-01-01,3,Input-only PolyRidge,Liquid-WC-volume,water_cum,2,15,13612.714012101478,0.011857797373081097,38403.79020780182,0.0047897723192249315,27544.60703034417,-2353.8943003107483
validation,2005-01-01,3,Input-only PolyRidge,Liquid-WC-volume,water_cum,3,15,25330.469383310578,0.014484026205608473,49386.27737775409,0.005731837427348567,27544.60703034417,-271.44970881585033
validation,2005-01-01,3,Input-only PolyRidge,Liquid-WC-volume,water_cum,4,15,42680.96471917949,0.018085176032310444,65801.38892221982,0.007133025838547319,27544.60703034417,4009.9313415930915
validation,2005-01-01,3,Input-only PolyRidge,Liquid-WC-volume,water_cum,5,15,65364.743164949025,0.022024368923158906,87741.48440460343,0.008925350845323041,27544.60703034417,9182.73679064475
validation,2005-01-01,3,Input-only PolyRidge,Liquid-WC-volume,water_cum,6,15,94143.40618969394,0.026195037257448924,116180.70270551622,0.011112740595055891,27544.60703034417,12840.670192646421
validation,2005-01-01,3,Input-only PolyRidge,Liquid-WC-volume,water_cum,7,15,128932.1786343073,0.030415148696742497,150901.08257599224,0.013597076937862114,27544.60703034417,13354.881479365875
validation,2005-01-01,3,Input-only PolyRidge,Liquid-WC-volume,water_cum,8,15,169871.67336094554,0.03469681986635611,191881.33374485356,0.016325845570080808,27544.60703034417,10058.854384021584
validation,2005-01-01,3,Input-only PolyRidge,Liquid-WC-volume,water_cum,9,15,215547.3734241489,0.038848653526739635,237598.5758284401,0.019154601276742438,27544.60703034417,3299.043801735466
validation,2005-01-01,3,Input-only PolyRidge,Liquid-WC-volume,water_cum,10,15,267217.47591709846,0.042968060876053794,289338.3930477691,0.02213175720736262,27544.60703034417,-9044.41704394482
validation,2005-01-01,3,Input-only PolyRidge,Liquid-WC-volume,water_cum,11,15,325177.7019445682,0.047076934020336324,347360.1163987931,0.025243292879727864,27544.60703034417,-27618.890445592253
validation,2005-01-01,3,Input-only PolyRidge,Liquid-WC-volume,water_cum,12,15,388884.9362892325,0.051130315246810325,411111.36312615604,0.02843567327197157,27544.60703034417,-52930.87733329857
validation,2005-01-01,3,Input-only PolyRidge,Separate,gas_cum,1,15,5709.659238505845,0.022756281263768184,51294.947854570135,0.004626841489226572,50700.99484871212,4998.1834695835905
validation,2005-01-01,3,Input-only PolyRidge,Separate,gas_cum,2,15,14928.45655604417,0.030560261899203273,52164.69200481999,0.004606859631956949,50700.99484871212,13804.010619600986
validation,2005-01-01,3,Input-only PolyRidge,Separate,gas_cum,3,15,26292.445624968685,0.036791019214086944,54928.77197755829,0.004756304759535902,50700.99484871212,24764.02281021749
validation,2005-01-01,3,Input-only PolyRidge,Separate,gas_cum,4,15,36883.35304432977,0.03964094974238204,59833.45344704279,0.005086343695901312,50700.99484871212,34635.88725863869
validation,2005-01-01,3,Input-only PolyRidge,Separate,gas_cum,5,15,44597.58222479436,0.0393211915473604,65306.1955874593,0.005457467075964406,50700.99484871212,41105.21215320304
validation,2005-01-01,3,Input-only PolyRidge,Separate,gas_cum,6,15,48639.345207544706,0.03643556467340445,70207.91949609856,0.005770748360020452,50700.99484871212,42842.16399411845
validation,2005-01-01,3,Input-only PolyRidge,Separate,gas_cum,7,15,49394.20620491553,0.03221411552068193,74371.00073594181,0.006015362491587387,50700.99484871212,39388.70409309802
validation,2005-01-01,3,Input-only PolyRidge,Separate,gas_cum,8,15,48733.19807357865,0.028217628184293565,78765.15651757008,0.006273011250387268,50700.99484871212,31165.645032097153
validation,2005-01-01,3,Input-only PolyRidge,Separate,gas_cum,9,15,49280.06492722271,0.025771109497884588,84638.35826542143,0.006643341089302404,50700.99484871212,18800.23682581273
validation,2005-01-01,3,Input-only PolyRidge,Separate,gas_cum,10,15,54352.7777422454,0.02594153461024769,93730.82495106895,0.0072534396419848025,50700.99484871212,2241.7084447546554
validation,2005-01-01,3,Input-only PolyRidge,Separate,gas_cum,11,15,66267.59427879266,0.029117533947978176,107235.7155118527,0.008184770192109126,50700.99484871212,-18252.850134389475
validation,2005-01-01,3,Input-only PolyRidge,Separate,gas_cum,12,15,84729.48382238392,0.03455384056768347,125334.35535722827,0.009439931226080053,50700.99484871212,-42057.486796591926
validation,2005-01-01,3,Input-only PolyRidge,Separate,oil_cum,1,15,15590.317577264199,0.022561306153302395,144744.55476098487,0.004742140969340679,143031.47376461825,13467.438656268518
validation,2005-01-01,3,Input-only PolyRidge,Separate,oil_cum,2,15,40945.70574496084,0.03043882988020739,146970.40473415895,0.004714334717252045,143031.47376461825,37622.174786027026
validation,2005-01-01,3,Input-only PolyRidge,Separate,oil_cum,3,15,72386.32491319785,0.03678905700740195,154271.17770056153,0.004851990392535683,143031.47376461825,67931.11235815832
validation,2005-01-01,3,Input-only PolyRidge,Separate,oil_cum,4,15,101713.35317334012,0.039708398187570874,167512.8271420956,0.005172232389293749,143031.47376461825,95235.111796997
validation,2005-01-01,3,Input-only PolyRidge,Separate,oil_cum,5,15,123146.6851256291,0.039440939302606455,182545.52781061523,0.005540877009333931,143031.47376461825,113129.90948936294
validation,2005-01-01,3,Input-only PolyRidge,Separate,oil_cum,6,15,134506.72665346944,0.036600781058223654,196291.60083377632,0.005860289991879664,143031.47376461825,117898.38668425157
validation,2005-01-01,3,Input-only PolyRidge,Separate,oil_cum,7,15,136929.54030810352,0.03243804456539984,208286.51243323772,0.006119121190003973,143031.47376461825,108206.97464526768
validation,2005-01-01,3,Input-only PolyRidge,Separate,oil_cum,8,15,135701.54785513738,0.02854065205646369,221070.97713945425,0.006395043086043324,143031.47376461825,85516.54207241809
validation,2005-01-01,3,Input-only PolyRidge,Separate,oil_cum,9,15,137738.09693075754,0.02616454384142032,237785.42636057126,0.006779173281755533,143031.47376461825,51593.322301329674
validation,2005-01-01,3,Input-only PolyRidge,Separate,oil_cum,10,15,151945.28423968962,0.026343306114318146,263159.6859025724,0.00739699640191107,143031.47376461825,6123.079971277217
validation,2005-01-01,3,Input-only PolyRidge,Separate,oil_cum,11,15,184705.75223402373,0.029481216047973435,300496.7745315327,0.008330714866765067,143031.47376461825,-50288.956793287645
validation,2005-01-01,3,Input-only PolyRidge,Separate,oil_cum,12,15,235355.1972608071,0.03486554523539439,350320.2723889483,0.0095838444410233,143031.47376461825,-115857.55765421788
validation,2005-01-01,3,Input-only PolyRidge,Separate,water_cum,1,15,7875.657684991923,0.01394416085314808,30931.001262750542,0.004158824482757206,27544.60703034417,-5152.273703138965
validation,2005-01-01,3,Input-only PolyRidge,Separate,water_cum,2,15,26569.768611953765,0.02314446128597984,42457.857395175786,0.005295401026425219,27544.60703034417,-13046.06616416679
validation,2005-01-01,3,Input-only PolyRidge,Separate,water_cum,3,15,57074.48793504347,0.032635335982661225,68346.75685989145,0.007932416043649446,27544.60703034417,-22933.322864290203
validation,2005-01-01,3,Input-only PolyRidge,Separate,water_cum,4,15,98246.98221467316,0.04163012667792846,107453.5463193938,0.011648217991960285,27544.60703034417,-34012.037533321105
validation,2005-01-01,3,Input-only PolyRidge,Separate,water_cum,5,15,148019.05407532683,0.0498743832953688,156417.3808690608,0.015911287711125634,27544.60703034417,-46354.158659616485
validation,2005-01-01,3,Input-only PolyRidge,Separate,water_cum,6,15,207873.54927526583,0.05784000801003348,216092.7965752346,0.02066938085998293,27544.60703034417,-62084.08071578474
validation,2005-01-01,3,Input-only PolyRidge,Separate,water_cum,7,15,277955.022802415,0.06556969283455809,286272.61217800964,0.0257948496229439,27544.60703034417,-82023.76272169911
validation,2005-01-01,3,Input-only PolyRidge,Separate,water_cum,8,15,357371.86544993595,0.07299431974437023,365922.64408650476,0.031133807866353478,27544.60703034417,-105748.66245457568
validation,2005-01-01,3,Input-only PolyRidge,Separate,water_cum,9,15,443631.28650964925,0.07995679960952963,452428.01606448303,0.03647361194791085,27544.60703034417,-131619.27325770742
validation,2005-01-01,3,Input-only PolyRidge,Separate,water_cum,10,15,539194.68264562,0.08670147739569695,548250.941052316,0.0419362138161688,27544.60703034417,-161565.99360669043
validation,2005-01-01,3,Input-only PolyRidge,Separate,water_cum,11,15,643615.8888349143,0.09317816858883643,652933.3091673258,0.0474498538436636,27544.60703034417,-195338.18197340792
validation,2005-01-01,3,Input-only PolyRidge,Separate,water_cum,12,15,755420.1467791505,0.09932210441775124,764990.2346489426,0.05291270035280182,27544.60703034417,-232408.97169023516
