method,mode,horizon_years,split,cutoff,metric,lead_quarter,cases,increment_NRMSE,cumulative_RMSE,bias
Constant,History-conditioned,3,train,2003-01-01,gas_cum,1,70,0.0513750844852226,19390.80560079732,0.04894858648315456
Constant,History-conditioned,3,train,2003-01-01,gas_cum,2,70,0.09034470671858148,66120.6925159603,0.0875166400231628
Constant,History-conditioned,3,train,2003-01-01,gas_cum,3,70,0.12655542627610541,135193.98299751358,0.12343246139435117
Constant,History-conditioned,3,train,2003-01-01,gas_cum,4,70,0.15893538473528526,220630.90900056707,0.15561726480731114
Constant,History-conditioned,3,train,2003-01-01,gas_cum,5,70,0.18921335961407718,319750.5928444462,0.185767705409345
Constant,History-conditioned,3,train,2003-01-01,gas_cum,6,70,0.21890744959421607,432889.5798645148,0.2153686262291627
Constant,History-conditioned,3,train,2003-01-01,gas_cum,7,70,0.24901611001709362,561317.5849501657,0.24542917545498955
Constant,History-conditioned,3,train,2003-01-01,gas_cum,8,70,0.279324593680179,703152.5144819055,0.27572431154470994
Constant,History-conditioned,3,train,2003-01-01,gas_cum,9,70,0.310009309173516,855874.2440544938,0.3064322701481274
Constant,History-conditioned,3,train,2003-01-01,gas_cum,10,70,0.3431653388897181,1026372.5296029733,0.3396363657691973
Constant,History-conditioned,3,train,2003-01-01,gas_cum,11,70,0.37790015353128853,1212852.4378073458,0.37443409466060706
Constant,History-conditioned,3,train,2003-01-01,gas_cum,12,70,0.41253364936847015,1409854.6039990883,0.4091293894153293
Constant,History-conditioned,3,train,2003-01-01,oil_cum,1,70,0.052257032495396996,54278.98247330902,0.04986698288685376
Constant,History-conditioned,3,train,2003-01-01,oil_cum,2,70,0.09123736838175898,183765.2795199542,0.08844163092134574
Constant,History-conditioned,3,train,2003-01-01,oil_cum,3,70,0.12738969776974338,374543.27981594286,0.12430468728486398
Constant,History-conditioned,3,train,2003-01-01,oil_cum,4,70,0.1597392460104569,610336.645817925,0.15646726489793777
Constant,History-conditioned,3,train,2003-01-01,oil_cum,5,70,0.18997477334948393,883673.6965698896,0.18658079647169434
Constant,History-conditioned,3,train,2003-01-01,oil_cum,6,70,0.21961525542156118,1195481.7293615844,0.21613082520330687
Constant,History-conditioned,3,train,2003-01-01,oil_cum,7,70,0.24970074180863155,1549462.8043832183,0.24616903877848373
Constant,History-conditioned,3,train,2003-01-01,oil_cum,8,70,0.2800010677306018,1940396.3944817549,0.2764569721349266
Constant,History-conditioned,3,train,2003-01-01,oil_cum,9,70,0.31067902256674174,2361277.3103403724,0.3071586266849476
Constant,History-conditioned,3,train,2003-01-01,oil_cum,10,70,0.343838544655296,2831145.423693978,0.3403656346306961
Constant,History-conditioned,3,train,2003-01-01,oil_cum,11,70,0.37860528799386806,3345190.529744205,0.3751923369763678
Constant,History-conditioned,3,train,2003-01-01,oil_cum,12,70,0.41328417359911557,3888305.109915341,0.4099283405358839
Constant,History-conditioned,3,train,2003-01-01,water_cum,1,70,0.035858644432756825,17510.323400131452,-0.03247971762606983
Constant,History-conditioned,3,train,2003-01-01,water_cum,2,70,0.04975873050544351,49224.68447398745,-0.04212500408150572
Constant,History-conditioned,3,train,2003-01-01,water_cum,3,70,0.06128551080242092,91911.32987255733,-0.049277949577669365
Constant,History-conditioned,3,train,2003-01-01,water_cum,4,70,0.0748802345884684,151612.31466741912,-0.06037622618191567
Constant,History-conditioned,3,train,2003-01-01,water_cum,5,70,0.08828281690728494,225848.8052118109,-0.07248435358247203
Constant,History-conditioned,3,train,2003-01-01,water_cum,6,70,0.10105950082445975,313773.9136079916,-0.08456024636025669
Constant,History-conditioned,3,train,2003-01-01,water_cum,7,70,0.11324179056164366,415679.00746148237,-0.09650911959882655
Constant,History-conditioned,3,train,2003-01-01,water_cum,8,70,0.12484676095083941,530678.6312421422,-0.10827242232882706
Constant,History-conditioned,3,train,2003-01-01,water_cum,9,70,0.13568480796903298,655548.1180278792,-0.11951501167281595
Constant,History-conditioned,3,train,2003-01-01,water_cum,10,70,0.14606867873097354,793291.2600664129,-0.1304191445252965
Constant,History-conditioned,3,train,2003-01-01,water_cum,11,70,0.15594140115838506,943254.6005838441,-0.14089582171365575
Constant,History-conditioned,3,train,2003-01-01,water_cum,12,70,0.16524029127893045,1103410.145010149,-0.15082202775553596
Constant,History-conditioned,3,train,2004-01-01,gas_cum,1,70,0.03863176566164435,11656.09241018067,0.03829728787649104
Constant,History-conditioned,3,train,2004-01-01,gas_cum,2,70,0.0635768070065711,37468.22083989274,0.06307257840170878
Constant,History-conditioned,3,train,2004-01-01,gas_cum,3,70,0.0897766996241747,77745.67581350128,0.08916377160413531
Constant,History-conditioned,3,train,2004-01-01,gas_cum,4,70,0.11648872141033334,131538.26239759306,0.11581316405199114
Constant,History-conditioned,3,train,2004-01-01,gas_cum,5,70,0.14442295986509432,198247.1300067145,0.14372261310322124
Constant,History-conditioned,3,train,2004-01-01,gas_cum,6,70,0.17587297533153395,281891.35145949293,0.17516518134875889
Constant,History-conditioned,3,train,2004-01-01,gas_cum,7,70,0.20898835128040374,380653.7241090812,0.20828394088549992
Constant,History-conditioned,3,train,2004-01-01,gas_cum,8,70,0.2414211953884669,489980.3970575619,0.24072432106352162
Constant,History-conditioned,3,train,2004-01-01,gas_cum,9,70,0.27153899361323924,604397.1616457739,0.2708550282378159
Constant,History-conditioned,3,train,2004-01-01,gas_cum,10,70,0.29990526138756646,725456.7943751065,0.29923957729952777
Constant,History-conditioned,3,train,2004-01-01,gas_cum,11,70,0.3266165789898037,852377.8814431062,0.3259712042407099
Constant,History-conditioned,3,train,2004-01-01,gas_cum,12,70,0.35193841053345043,983965.2168593354,0.3513153229890495
Constant,History-conditioned,3,train,2004-01-01,oil_cum,1,70,0.03851574702347297,31996.05163486717,0.03818169944019772
Constant,History-conditioned,3,train,2004-01-01,oil_cum,2,70,0.06336776652855244,102829.96591633819,0.06286443458982756
Constant,History-conditioned,3,train,2004-01-01,oil_cum,3,70,0.08955669576999777,213550.6748595206,0.088946065594424
Constant,History-conditioned,3,train,2004-01-01,oil_cum,4,70,0.11627016640075252,361513.2908316601,0.11560043221331871
Constant,History-conditioned,3,train,2004-01-01,oil_cum,5,70,0.144192910666416,545009.6917161231,0.14350299331989141
Constant,History-conditioned,3,train,2004-01-01,oil_cum,6,70,0.17563828343501076,775158.1140406509,0.17494484633282434
Constant,History-conditioned,3,train,2004-01-01,oil_cum,7,70,0.20878486105591876,1047082.587517612,0.20809665895237314
Constant,History-conditioned,3,train,2004-01-01,oil_cum,8,70,0.24126125295916825,1348175.5749141753,0.24058136393818108
Constant,History-conditioned,3,train,2004-01-01,oil_cum,9,70,0.27140780213205,1663243.7062360765,0.270741779396335
Constant,History-conditioned,3,train,2004-01-01,oil_cum,10,70,0.2997714710363621,1996460.222831407,0.2991246344082766
Constant,History-conditioned,3,train,2004-01-01,oil_cum,11,70,0.32645770981164557,2345694.14145305,0.3258315275729366
Constant,History-conditioned,3,train,2004-01-01,oil_cum,12,70,0.3517732779077019,2707868.062080664,0.35116777758588213
Constant,History-conditioned,3,train,2004-01-01,water_cum,1,70,0.018162088370798385,9698.575614900692,-0.01587446769375533
Constant,History-conditioned,3,train,2004-01-01,water_cum,2,70,0.03170352186682677,34276.194555752714,-0.02856302811896794
Constant,History-conditioned,3,train,2004-01-01,water_cum,3,70,0.04443221792968869,73205.39378258125,-0.040836663415389204
Constant,History-conditioned,3,train,2004-01-01,water_cum,4,70,0.05664772117546554,126211.57037724782,-0.05293489160886692
Constant,History-conditioned,3,train,2004-01-01,water_cum,5,70,0.06809726059109811,191300.8009309509,-0.06444075966419718
Constant,History-conditioned,3,train,2004-01-01,water_cum,6,70,0.07898685269923998,269281.2446166401,-0.07544109873778954
Constant,History-conditioned,3,train,2004-01-01,water_cum,7,70,0.08924862951781123,359438.83454345755,-0.08586949518453076
Constant,History-conditioned,3,train,2004-01-01,water_cum,8,70,0.09884176496009453,460260.8451744076,-0.09565079624763098
Constant,History-conditioned,3,train,2004-01-01,water_cum,9,70,0.10771225266778381,568972.5237294493,-0.10471186877310697
Constant,History-conditioned,3,train,2004-01-01,water_cum,10,70,0.11646471095577868,690242.163980765,-0.11365666435579093
Constant,History-conditioned,3,train,2004-01-01,water_cum,11,70,0.12510713222150016,824415.3331576479,-0.12248415604479211
Constant,History-conditioned,3,train,2004-01-01,water_cum,12,70,0.1334705729539457,969498.4493157876,-0.13102261696006928
Constant,History-conditioned,3,train,2005-01-01,gas_cum,1,70,0.049722182861059734,12108.27740605751,0.04966573363141289
Constant,History-conditioned,3,train,2005-01-01,gas_cum,2,70,0.08566812595024637,40580.6660091998,0.08559327639033748
Constant,History-conditioned,3,train,2005-01-01,gas_cum,3,70,0.1207476675188617,83601.92071956655,0.12064951913668888
Constant,History-conditioned,3,train,2005-01-01,gas_cum,4,70,0.15234996835704362,137208.54417566498,0.15223416518335886
Constant,History-conditioned,3,train,2005-01-01,gas_cum,5,70,0.17971048793706954,197136.24301299674,0.17958370536185594
Constant,History-conditioned,3,train,2005-01-01,gas_cum,6,70,0.2039369347532899,263119.4652208279,0.20380441547086417
Constant,History-conditioned,3,train,2005-01-01,gas_cum,7,70,0.22576363812874192,334371.67172709305,0.2256278299249996
Constant,History-conditioned,3,train,2005-01-01,gas_cum,8,70,0.24608861551492095,410302.23350460565,0.24595232699706598
Constant,History-conditioned,3,train,2005-01-01,gas_cum,9,70,0.2650555961597025,489035.8273554078,0.26492030831453356
Constant,History-conditioned,3,train,2005-01-01,gas_cum,10,70,0.28359787964326727,572986.8363085688,0.2834629090484436
Constant,History-conditioned,3,train,2005-01-01,gas_cum,11,70,0.30188404764148896,662163.0123266618,0.301749397601435
Constant,History-conditioned,3,train,2005-01-01,gas_cum,12,70,0.31987094417360323,755592.4506033112,0.319737387094715
Constant,History-conditioned,3,train,2005-01-01,oil_cum,1,70,0.04999256728615884,33522.497515039715,0.04993757908236727
Constant,History-conditioned,3,train,2005-01-01,oil_cum,2,70,0.08596475112196462,112127.12014364148,0.08589408442430933
Constant,History-conditioned,3,train,2005-01-01,oil_cum,3,70,0.12114700551222977,230941.20178241158,0.12105250196495083
Constant,History-conditioned,3,train,2005-01-01,oil_cum,4,70,0.15284711446118462,378975.1098169289,0.15273570177482196
Constant,History-conditioned,3,train,2005-01-01,oil_cum,5,70,0.18026002361470655,544363.8153909103,0.18013930696305477
Constant,History-conditioned,3,train,2005-01-01,oil_cum,6,70,0.20447925188704535,726288.3103286746,0.2043538836146035
Constant,History-conditioned,3,train,2005-01-01,oil_cum,7,70,0.22626517799388748,922602.2746562067,0.22613664469178069
Constant,History-conditioned,3,train,2005-01-01,oil_cum,8,70,0.2465820639268292,1131879.2714962685,0.2464521763652102
Constant,History-conditioned,3,train,2005-01-01,oil_cum,9,70,0.26557097535196317,1348976.1594553844,0.2654404409325013
Constant,History-conditioned,3,train,2005-01-01,oil_cum,10,70,0.2841419841707322,1580479.1214475571,0.28400933424488783
Constant,History-conditioned,3,train,2005-01-01,oil_cum,11,70,0.3024536882956495,1826370.187751684,0.30231838543734396
Constant,History-conditioned,3,train,2005-01-01,oil_cum,12,70,0.3204592575318662,2083949.2238667686,0.32032156914123694
Constant,History-conditioned,3,train,2005-01-01,water_cum,1,70,0.016479630205844493,9579.348675425303,-0.016329246484030793
Constant,History-conditioned,3,train,2005-01-01,water_cum,2,70,0.026820970452143655,31683.870454883527,-0.02663406955276074
Constant,History-conditioned,3,train,2005-01-01,water_cum,3,70,0.03651995756245339,65719.97380942214,-0.03629276160912856
Constant,History-conditioned,3,train,2005-01-01,water_cum,4,70,0.045587983339002124,110722.58027545022,-0.045329471439636754
Constant,History-conditioned,3,train,2005-01-01,water_cum,5,70,0.05403629308692607,165059.50787455472,-0.053761023972749504
Constant,History-conditioned,3,train,2005-01-01,water_cum,6,70,0.06259470197821941,231533.21138405328,-0.06231592437997546
Constant,History-conditioned,3,train,2005-01-01,water_cum,7,70,0.07116672137323851,310430.5707717068,-0.07089475532141656
Constant,History-conditioned,3,train,2005-01-01,water_cum,8,70,0.07949371485431284,400341.50535888446,-0.07923566646624373
Constant,History-conditioned,3,train,2005-01-01,water_cum,9,70,0.08728984893092599,498015.7545893354,-0.08704795805849412
Constant,History-conditioned,3,train,2005-01-01,water_cum,10,70,0.09506027034460886,607703.7136690489,-0.0948344389426194
Constant,History-conditioned,3,train,2005-01-01,water_cum,11,70,0.10273072245737365,729232.791317589,-0.10251918576083675
Constant,History-conditioned,3,train,2005-01-01,water_cum,12,70,0.11016831914272868,860878.8889741048,-0.10997080903641661
Constant,History-conditioned,3,validation,2003-01-01,gas_cum,1,15,0.048672024075235715,18932.222928235522,0.04633165399192764
Constant,History-conditioned,3,validation,2003-01-01,gas_cum,2,15,0.08656972479549052,65342.71149961001,0.08414823810406934
Constant,History-conditioned,3,validation,2003-01-01,gas_cum,3,15,0.12206311681461082,134542.83707830316,0.11946561531834628
Constant,History-conditioned,3,validation,2003-01-01,gas_cum,4,15,0.15404043392612268,220691.59390416992,0.15125184740422618
Constant,History-conditioned,3,validation,2003-01-01,gas_cum,5,15,0.18416403771759418,321208.4797093182,0.1811998959199557
Constant,History-conditioned,3,validation,2003-01-01,gas_cum,6,15,0.21396288891582932,436622.7366485265,0.21083477410799123
Constant,History-conditioned,3,validation,2003-01-01,gas_cum,7,15,0.24425651138895088,568047.1804696397,0.24099471166293238
Constant,History-conditioned,3,validation,2003-01-01,gas_cum,8,15,0.2747866754071659,713492.7551781557,0.27142110510707756
Constant,History-conditioned,3,validation,2003-01-01,gas_cum,9,15,0.30550426854936347,869896.1737091385,0.30207667837159996
Constant,History-conditioned,3,validation,2003-01-01,gas_cum,10,15,0.3384637300557667,1044144.6477237698,0.3350040343934076
Constant,History-conditioned,3,validation,2003-01-01,gas_cum,11,15,0.37280989856208097,1234386.6630234723,0.36933895300687936
Constant,History-conditioned,3,validation,2003-01-01,gas_cum,12,15,0.4069060614520365,1435050.635937881,0.40343749025509307
Constant,History-conditioned,3,validation,2003-01-01,oil_cum,1,15,0.050177800777095535,53694.70205669095,0.04777390127094795
Constant,History-conditioned,3,validation,2003-01-01,oil_cum,2,15,0.08835521719371238,183435.4281769687,0.08583201792081784
Constant,History-conditioned,3,validation,2003-01-01,oil_cum,3,15,0.12379718089449464,375372.76588570885,0.12108198553790858
Constant,History-conditioned,3,validation,2003-01-01,oil_cum,4,15,0.1555948217919598,613352.7272359016,0.15270085321017968
Constant,History-conditioned,3,validation,2003-01-01,oil_cum,5,15,0.18554752750470652,890587.9071194206,0.18249867434542968
Constant,History-conditioned,3,validation,2003-01-01,oil_cum,6,15,0.21514189534614783,1208415.9113159585,0.21194085489176623
Constant,History-conditioned,3,validation,2003-01-01,oil_cum,7,15,0.2451976262739231,1569894.364630123,0.2418724061174083
Constant,History-conditioned,3,validation,2003-01-01,oil_cum,8,15,0.27563296688980915,1970523.1622079308,0.27220804351273625
Constant,History-conditioned,3,validation,2003-01-01,oil_cum,9,15,0.30634009961277175,2401715.395077829,0.30285510664401916
Constant,History-conditioned,3,validation,2003-01-01,oil_cum,10,15,0.33932392188878635,2882239.253467058,0.33580902338948626
Constant,History-conditioned,3,validation,2003-01-01,oil_cum,11,15,0.37373148586548505,3407049.6846890366,0.3702041214011823
Constant,History-conditioned,3,validation,2003-01-01,oil_cum,12,15,0.4078854981039619,3960551.33335584,0.40435808586365635
Constant,History-conditioned,3,validation,2003-01-01,water_cum,1,15,0.0365441759359173,16870.536642392053,-0.0337107686780193
Constant,History-conditioned,3,validation,2003-01-01,water_cum,2,15,0.050406876171103704,47193.09883515006,-0.044545438885983044
Constant,History-conditioned,3,validation,2003-01-01,water_cum,3,15,0.0626710723117575,89086.1982305603,-0.053465101274914266
Constant,History-conditioned,3,validation,2003-01-01,water_cum,4,15,0.07837934406340381,150736.6197898579,-0.06692174440348336
Constant,History-conditioned,3,validation,2003-01-01,water_cum,5,15,0.09437837870308151,229873.18980247033,-0.08160442176193118
Constant,History-conditioned,3,validation,2003-01-01,water_cum,6,15,0.10985297602646274,325546.366238709,-0.09626904612541023
Constant,History-conditioned,3,validation,2003-01-01,water_cum,7,15,0.12453889018522622,437349.91144173534,-0.11052081079357323
Constant,History-conditioned,3,validation,2003-01-01,water_cum,8,15,0.13831080262687404,563561.9076388894,-0.12416252244612458
Constant,History-conditioned,3,validation,2003-01-01,water_cum,9,15,0.15092326701286887,700080.3582784098,-0.13684650437578558
Constant,History-conditioned,3,validation,2003-01-01,water_cum,10,15,0.1627868255954524,849931.6945254736,-0.14889451739376736
Constant,History-conditioned,3,validation,2003-01-01,water_cum,11,15,0.17388789357161952,1012259.7900337469,-0.16026300147433015
Constant,History-conditioned,3,validation,2003-01-01,water_cum,12,15,0.18414265031248886,1184386.3721867737,-0.1708390300397575
Constant,History-conditioned,3,validation,2004-01-01,gas_cum,1,15,0.039630725820863424,12343.684659905706,0.03909371951027079
Constant,History-conditioned,3,validation,2004-01-01,gas_cum,2,15,0.06523965999898369,39664.42182253144,0.06449461506506052
Constant,History-conditioned,3,validation,2004-01-01,gas_cum,3,15,0.09192476667987645,82085.0080978164,0.09105681781619705
Constant,History-conditioned,3,validation,2004-01-01,gas_cum,4,15,0.11906608287713841,138579.11181989397,0.11812071695699557
Constant,History-conditioned,3,validation,2004-01-01,gas_cum,5,15,0.1470445879374862,208034.78294565508,0.14606819984837877
Constant,History-conditioned,3,validation,2004-01-01,gas_cum,6,15,0.17820023175358,294445.9433657074,0.17721796117461633
Constant,History-conditioned,3,validation,2004-01-01,gas_cum,7,15,0.2107912667748627,395958.26288214285,0.2098136599714352
Constant,History-conditioned,3,validation,2004-01-01,gas_cum,8,15,0.24254933364540684,507939.82672952506,0.24158576030911252
Constant,History-conditioned,3,validation,2004-01-01,gas_cum,9,15,0.27196048022125463,624925.7257794453,0.27102047869588886
Constant,History-conditioned,3,validation,2004-01-01,gas_cum,10,15,0.2996033812302994,748568.6724128495,0.29869507092950914
Constant,History-conditioned,3,validation,2004-01-01,gas_cum,11,15,0.32566129871433214,878248.5046392397,0.32478732048279985
Constant,History-conditioned,3,validation,2004-01-01,gas_cum,12,15,0.35033180568897604,1012622.4416800695,0.34948936546993564
Constant,History-conditioned,3,validation,2004-01-01,oil_cum,1,15,0.03963321679590799,33998.219521016144,0.03909154043640703
Constant,History-conditioned,3,validation,2004-01-01,oil_cum,2,15,0.06500244470067892,108872.42690155083,0.06420686705193504
Constant,History-conditioned,3,validation,2004-01-01,oil_cum,3,15,0.09138499990343706,224867.1552716684,0.09045947876214214
Constant,History-conditioned,3,validation,2004-01-01,oil_cum,4,15,0.11850537733834175,380070.31521419913,0.1175184618011825
Constant,History-conditioned,3,validation,2004-01-01,oil_cum,5,15,0.14656277692716005,571327.5495753585,0.14556210338720513
Constant,History-conditioned,3,validation,2004-01-01,oil_cum,6,15,0.17781431021731933,809456.3023134848,0.17682253900560319
Constant,History-conditioned,3,validation,2004-01-01,oil_cum,7,15,0.21052990572648766,1089399.84249859,0.20955068814688005
Constant,History-conditioned,3,validation,2004-01-01,oil_cum,8,15,0.24238893563074224,1398173.4676414423,0.24142645822979353
Constant,History-conditioned,3,validation,2004-01-01,oil_cum,9,15,0.27187518280404466,1720676.9847623832,0.27093760656647736
Constant,History-conditioned,3,validation,2004-01-01,oil_cum,10,15,0.2995622899995486,2061400.5720211824,0.2986590388783438
Constant,History-conditioned,3,validation,2004-01-01,oil_cum,11,15,0.32562502723223635,2418559.7197908796,0.324760398629482
Constant,History-conditioned,3,validation,2004-01-01,oil_cum,12,15,0.3503228536478569,2788783.2361483853,0.34949195707709224
Constant,History-conditioned,3,validation,2004-01-01,water_cum,1,15,0.023408742831857756,12011.601928233049,-0.020372196315555972
Constant,History-conditioned,3,validation,2004-01-01,water_cum,2,15,0.03978660642699467,41444.505507348775,-0.03588370117463125
Constant,History-conditioned,3,validation,2004-01-01,water_cum,3,15,0.0546788051362264,86977.52736908336,-0.050260955899647734
Constant,History-conditioned,3,validation,2004-01-01,water_cum,4,15,0.06845649163999883,147473.8128593729,-0.06381807901554568
Constant,History-conditioned,3,validation,2004-01-01,water_cum,5,15,0.08096026744932212,220128.77880502495,-0.07627928308749377
Constant,History-conditioned,3,validation,2004-01-01,water_cum,6,15,0.09259594550908701,305758.13042467483,-0.08794827866934268
Constant,History-conditioned,3,validation,2004-01-01,water_cum,7,15,0.10337937249196122,403471.9545516781,-0.09882520208484684
Constant,History-conditioned,3,validation,2004-01-01,water_cum,8,15,0.11325464954657355,511218.1653508882,-0.10884464719997561
Constant,History-conditioned,3,validation,2004-01-01,water_cum,9,15,0.12227697597618768,626259.7161055852,-0.11805404735373333
Constant,History-conditioned,3,validation,2004-01-01,water_cum,10,15,0.1311196270790507,753634.7811666875,-0.12712552060186377
Constant,History-conditioned,3,validation,2004-01-01,water_cum,11,15,0.13987631115745922,894196.9402845862,-0.13612709888582064
Constant,History-conditioned,3,validation,2004-01-01,water_cum,12,15,0.14838504225201993,1046044.7453577177,-0.14488745263195607
Constant,History-conditioned,3,validation,2005-01-01,gas_cum,1,15,0.04850346536119184,12169.75022803965,0.048439795782678145
Constant,History-conditioned,3,validation,2005-01-01,gas_cum,2,15,0.08332526183173411,40703.75952205036,0.08325385451380607
Constant,History-conditioned,3,validation,2005-01-01,gas_cum,3,15,0.11717930550103846,83741.37450038317,0.11709329413968622
Constant,History-conditioned,3,validation,2005-01-01,gas_cum,4,15,0.1475468804853462,137282.8784097528,0.14744921100082303
Constant,History-conditioned,3,validation,2005-01-01,gas_cum,5,15,0.17380377464902055,197125.97268456014,0.17370591228340349
Constant,History-conditioned,3,validation,2005-01-01,gas_cum,6,15,0.197029941796234,263023.43441502145,0.1969330434722859
Constant,History-conditioned,3,validation,2005-01-01,gas_cum,7,15,0.2180541684562662,334344.5066388773,0.21795890850002828
Constant,History-conditioned,3,validation,2005-01-01,gas_cum,8,15,0.23761272199747704,410368.57422165107,0.23751878459025097
Constant,History-conditioned,3,validation,2005-01-01,gas_cum,9,15,0.25579232525983875,489131.536914421,0.2557007623531133
Constant,History-conditioned,3,validation,2005-01-01,gas_cum,10,15,0.27350228249005526,573042.76695745,0.2734153141932273
Constant,History-conditioned,3,validation,2005-01-01,gas_cum,11,15,0.2909759414756485,662222.1397268049,0.29089361697413263
Constant,History-conditioned,3,validation,2005-01-01,gas_cum,12,15,0.3082392854442557,755833.6532321145,0.30816178310347697
Constant,History-conditioned,3,validation,2005-01-01,oil_cum,1,15,0.04910056584816153,33929.48128068208,0.049041976684552964
Constant,History-conditioned,3,validation,2005-01-01,oil_cum,2,15,0.08408802139163309,113113.52618112936,0.08402646225934074
Constant,History-conditioned,3,validation,2005-01-01,oil_cum,3,15,0.118141466803964,232455.7163852526,0.11806671577632039
Constant,History-conditioned,3,validation,2005-01-01,oil_cum,4,15,0.14862682115574413,380708.6923989026,0.1485391103044901
Constant,History-conditioned,3,validation,2005-01-01,oil_cum,5,15,0.1749507630570064,546249.8335896868,0.1748620621040653
Constant,History-conditioned,3,validation,2005-01-01,oil_cum,6,15,0.19819579515158162,728363.3537741404,0.19810826189999914
Constant,History-conditioned,3,validation,2005-01-01,oil_cum,7,15,0.21918596676154695,925241.7669670322,0.21910051589261004
Constant,History-conditioned,3,validation,2005-01-01,oil_cum,8,15,0.23875614232336628,1135208.0537299654,0.2386700489156171
Constant,History-conditioned,3,validation,2005-01-01,oil_cum,9,15,0.25699136460185423,1352880.512744163,0.2569037030629219
Constant,History-conditioned,3,validation,2005-01-01,oil_cum,10,15,0.27475158830284496,1584736.8587229627,0.2746638439350135
Constant,History-conditioned,3,validation,2005-01-01,oil_cum,11,15,0.29224938689548574,1831001.230024688,0.29216157594166453
Constant,History-conditioned,3,validation,2005-01-01,oil_cum,12,15,0.3095272793235865,2089422.4768597567,0.30944011136647775
Constant,History-conditioned,3,validation,2005-01-01,water_cum,1,15,0.017020577981183192,9613.21711591175,-0.01688820494158609
Constant,History-conditioned,3,validation,2005-01-01,water_cum,2,15,0.0276248493834659,31713.2400270378,-0.02743563024922575
Constant,History-conditioned,3,validation,2005-01-01,water_cum,3,15,0.03743260602848207,65464.22020244881,-0.037201105512972586
Constant,History-conditioned,3,validation,2005-01-01,water_cum,4,15,0.04641354328857237,109535.83200144228,-0.046165408571761934
Constant,History-conditioned,3,validation,2005-01-01,water_cum,5,15,0.0547824602147882,162585.4277312967,-0.0545475393947062
Constant,History-conditioned,3,validation,2005-01-01,water_cum,6,15,0.06334415227778262,227655.11646421993,-0.06312915206636498
Constant,History-conditioned,3,validation,2005-01-01,water_cum,7,15,0.07207720957350006,305540.89190391544,-0.07188128694945882
Constant,History-conditioned,3,validation,2005-01-01,water_cum,8,15,0.08068104560631162,395005.1987025021,-0.08050563387402751
Constant,History-conditioned,3,validation,2005-01-01,water_cum,9,15,0.08875992833741614,492474.4535940517,-0.08860087349371111
Constant,History-conditioned,3,validation,2005-01-01,water_cum,10,15,0.09678237440281483,601887.5712307674,-0.09663623284439414
Constant,History-conditioned,3,validation,2005-01-01,water_cum,11,15,0.10466885197363703,722986.2661672187,-0.10453126400365911
Constant,History-conditioned,3,validation,2005-01-01,water_cum,12,15,0.11230411789674181,854158.2331827572,-0.11217254715616201
Constant,History-conditioned,5,train,2003-01-01,gas_cum,1,70,0.0513750844852226,19390.80560079732,0.04894858648315456
Constant,History-conditioned,5,train,2003-01-01,gas_cum,2,70,0.09034470671858148,66120.6925159603,0.0875166400231628
Constant,History-conditioned,5,train,2003-01-01,gas_cum,3,70,0.12655542627610541,135193.98299751358,0.12343246139435117
Constant,History-conditioned,5,train,2003-01-01,gas_cum,4,70,0.15893538473528526,220630.90900056707,0.15561726480731114
Constant,History-conditioned,5,train,2003-01-01,gas_cum,5,70,0.18921335961407718,319750.5928444462,0.185767705409345
Constant,History-conditioned,5,train,2003-01-01,gas_cum,6,70,0.21890744959421607,432889.5798645148,0.2153686262291627
Constant,History-conditioned,5,train,2003-01-01,gas_cum,7,70,0.24901611001709362,561317.5849501657,0.24542917545498955
Constant,History-conditioned,5,train,2003-01-01,gas_cum,8,70,0.279324593680179,703152.5144819055,0.27572431154470994
Constant,History-conditioned,5,train,2003-01-01,gas_cum,9,70,0.310009309173516,855874.2440544938,0.3064322701481274
Constant,History-conditioned,5,train,2003-01-01,gas_cum,10,70,0.3431653388897181,1026372.5296029733,0.3396363657691973
Constant,History-conditioned,5,train,2003-01-01,gas_cum,11,70,0.37790015353128853,1212852.4378073458,0.37443409466060706
Constant,History-conditioned,5,train,2003-01-01,gas_cum,12,70,0.41253364936847015,1409854.6039990883,0.4091293894153293
Constant,History-conditioned,5,train,2003-01-01,gas_cum,13,70,0.4455311083013372,1610033.5472843554,0.4421812680061737
Constant,History-conditioned,5,train,2003-01-01,gas_cum,14,70,0.47751872608784657,1817818.3786569322,0.4742165675887072
Constant,History-conditioned,5,train,2003-01-01,gas_cum,15,70,0.5084295233186394,2032442.3862131732,0.505164769797214
Constant,History-conditioned,5,train,2003-01-01,gas_cum,16,70,0.5382441035814792,2251764.47891127,0.535006020181078
Constant,History-conditioned,5,train,2003-01-01,gas_cum,17,70,0.5665546802805541,2470802.8069704166,0.5633309654106037
Constant,History-conditioned,5,train,2003-01-01,gas_cum,18,70,0.5944558757417832,2696640.841682567,0.5912372390991733
Constant,History-conditioned,5,train,2003-01-01,gas_cum,19,70,0.622043081221743,2929300.743996381,0.6188184443100372
Constant,History-conditioned,5,train,2003-01-01,gas_cum,20,70,0.6491249918162969,3166261.1926196166,0.6458827750438532
Constant,History-conditioned,5,train,2003-01-01,oil_cum,1,70,0.052257032495396996,54278.98247330902,0.04986698288685376
Constant,History-conditioned,5,train,2003-01-01,oil_cum,2,70,0.09123736838175898,183765.2795199542,0.08844163092134574
Constant,History-conditioned,5,train,2003-01-01,oil_cum,3,70,0.12738969776974338,374543.27981594286,0.12430468728486398
Constant,History-conditioned,5,train,2003-01-01,oil_cum,4,70,0.1597392460104569,610336.645817925,0.15646726489793777
Constant,History-conditioned,5,train,2003-01-01,oil_cum,5,70,0.18997477334948393,883673.6965698896,0.18658079647169434
Constant,History-conditioned,5,train,2003-01-01,oil_cum,6,70,0.21961525542156118,1195481.7293615844,0.21613082520330687
Constant,History-conditioned,5,train,2003-01-01,oil_cum,7,70,0.24970074180863155,1549462.8043832183,0.24616903877848373
Constant,History-conditioned,5,train,2003-01-01,oil_cum,8,70,0.2800010677306018,1940396.3944817549,0.2764569721349266
Constant,History-conditioned,5,train,2003-01-01,oil_cum,9,70,0.31067902256674174,2361277.3103403724,0.3071586266849476
Constant,History-conditioned,5,train,2003-01-01,oil_cum,10,70,0.343838544655296,2831145.423693978,0.3403656346306961
Constant,History-conditioned,5,train,2003-01-01,oil_cum,11,70,0.37860528799386806,3345190.529744205,0.3751923369763678
Constant,History-conditioned,5,train,2003-01-01,oil_cum,12,70,0.41328417359911557,3888305.109915341,0.4099283405358839
Constant,History-conditioned,5,train,2003-01-01,oil_cum,13,70,0.4463192456075274,4440120.23313382,0.4430133521921105
Constant,History-conditioned,5,train,2003-01-01,oil_cum,14,70,0.47832157260431274,5012731.997764052,0.47506039045664117
Constant,History-conditioned,5,train,2003-01-01,oil_cum,15,70,0.5092284601439556,5604046.625076798,0.5060029432451052
Constant,History-conditioned,5,train,2003-01-01,oil_cum,16,70,0.5390517145759615,6208383.001500249,0.5358505244141768
Constant,History-conditioned,5,train,2003-01-01,oil_cum,17,70,0.5673850317871824,6812033.268562009,0.5641958256719569
Constant,History-conditioned,5,train,2003-01-01,oil_cum,18,70,0.5953127861961619,7434441.472790763,0.5921265796150568
Constant,History-conditioned,5,train,2003-01-01,oil_cum,19,70,0.6229249211446439,8075627.775862858,0.6197310630695869
Constant,History-conditioned,5,train,2003-01-01,oil_cum,20,70,0.650027486415679,8728623.014085235,0.6468147791896942
Constant,History-conditioned,5,train,2003-01-01,water_cum,1,70,0.035858644432756825,17510.323400131452,-0.03247971762606983
Constant,History-conditioned,5,train,2003-01-01,water_cum,2,70,0.04975873050544351,49224.68447398745,-0.04212500408150572
Constant,History-conditioned,5,train,2003-01-01,water_cum,3,70,0.06128551080242092,91911.32987255733,-0.049277949577669365
Constant,History-conditioned,5,train,2003-01-01,water_cum,4,70,0.0748802345884684,151612.31466741912,-0.06037622618191567
Constant,History-conditioned,5,train,2003-01-01,water_cum,5,70,0.08828281690728494,225848.8052118109,-0.07248435358247203
Constant,History-conditioned,5,train,2003-01-01,water_cum,6,70,0.10105950082445975,313773.9136079916,-0.08456024636025669
Constant,History-conditioned,5,train,2003-01-01,water_cum,7,70,0.11324179056164366,415679.00746148237,-0.09650911959882655
Constant,History-conditioned,5,train,2003-01-01,water_cum,8,70,0.12484676095083941,530678.6312421422,-0.10827242232882706
Constant,History-conditioned,5,train,2003-01-01,water_cum,9,70,0.13568480796903298,655548.1180278792,-0.11951501167281595
Constant,History-conditioned,5,train,2003-01-01,water_cum,10,70,0.14606867873097354,793291.2600664129,-0.1304191445252965
Constant,History-conditioned,5,train,2003-01-01,water_cum,11,70,0.15594140115838506,943254.6005838441,-0.14089582171365575
Constant,History-conditioned,5,train,2003-01-01,water_cum,12,70,0.16524029127893045,1103410.145010149,-0.15082202775553596
Constant,History-conditioned,5,train,2003-01-01,water_cum,13,70,0.1738799101376715,1269866.9518434145,-0.1600630733977122
Constant,History-conditioned,5,train,2003-01-01,water_cum,14,70,0.18236056892231084,1449246.6985924959,-0.1691357681279341
Constant,History-conditioned,5,train,2003-01-01,water_cum,15,70,0.19070058284453614,1641924.1681508466,-0.17804837753523545
Constant,History-conditioned,5,train,2003-01-01,water_cum,16,70,0.19876440904643877,1845292.8386109911,-0.18665665553357735
Constant,History-conditioned,5,train,2003-01-01,water_cum,17,70,0.206354054617274,2053789.9244264837,-0.1947388461533745
Constant,History-conditioned,5,train,2003-01-01,water_cum,18,70,0.2138386080814928,2275248.881106748,-0.20269814345074244
Constant,History-conditioned,5,train,2003-01-01,water_cum,19,70,0.22119562053567937,2509566.4796052277,-0.2105057501605999
Constant,History-conditioned,5,train,2003-01-01,water_cum,20,70,0.22833053038938173,2753886.3703466235,-0.21805793960160022
Constant,History-conditioned,5,validation,2003-01-01,gas_cum,1,15,0.048672024075235715,18932.222928235522,0.04633165399192764
Constant,History-conditioned,5,validation,2003-01-01,gas_cum,2,15,0.08656972479549052,65342.71149961001,0.08414823810406934
Constant,History-conditioned,5,validation,2003-01-01,gas_cum,3,15,0.12206311681461082,134542.83707830316,0.11946561531834628
Constant,History-conditioned,5,validation,2003-01-01,gas_cum,4,15,0.15404043392612268,220691.59390416992,0.15125184740422618
Constant,History-conditioned,5,validation,2003-01-01,gas_cum,5,15,0.18416403771759418,321208.4797093182,0.1811998959199557
Constant,History-conditioned,5,validation,2003-01-01,gas_cum,6,15,0.21396288891582932,436622.7366485265,0.21083477410799123
Constant,History-conditioned,5,validation,2003-01-01,gas_cum,7,15,0.24425651138895088,568047.1804696397,0.24099471166293238
Constant,History-conditioned,5,validation,2003-01-01,gas_cum,8,15,0.2747866754071659,713492.7551781557,0.27142110510707756
Constant,History-conditioned,5,validation,2003-01-01,gas_cum,9,15,0.30550426854936347,869896.1737091385,0.30207667837159996
Constant,History-conditioned,5,validation,2003-01-01,gas_cum,10,15,0.3384637300557667,1044144.6477237698,0.3350040343934076
Constant,History-conditioned,5,validation,2003-01-01,gas_cum,11,15,0.37280989856208097,1234386.6630234723,0.36933895300687936
Constant,History-conditioned,5,validation,2003-01-01,gas_cum,12,15,0.4069060614520365,1435050.635937881,0.40343749025509307
Constant,History-conditioned,5,validation,2003-01-01,gas_cum,13,15,0.4393061679720284,1638779.857069757,0.4358453206370164
Constant,History-conditioned,5,validation,2003-01-01,gas_cum,14,15,0.4706444685543661,1850109.5187635473,0.46719988287818176
Constant,History-conditioned,5,validation,2003-01-01,gas_cum,15,15,0.5009213988360313,2068426.269752735,0.4974966700461639
Constant,History-conditioned,5,validation,2003-01-01,gas_cum,16,15,0.5300776700392104,2291438.718271574,0.5266691368656594
Constant,History-conditioned,5,validation,2003-01-01,gas_cum,17,15,0.5576939288784627,2514008.0794792227,0.5542942960374325
Constant,History-conditioned,5,validation,2003-01-01,gas_cum,18,15,0.5848489277961215,2743349.0245562196,0.5814503299609568
Constant,History-conditioned,5,validation,2003-01-01,gas_cum,19,15,0.6116720251253276,2979582.699578398,0.6082663666679419
Constant,History-conditioned,5,validation,2003-01-01,gas_cum,20,15,0.6380217771635195,3220284.0496724728,0.6346000163369677
Constant,History-conditioned,5,validation,2003-01-01,oil_cum,1,15,0.050177800777095535,53694.70205669095,0.04777390127094795
Constant,History-conditioned,5,validation,2003-01-01,oil_cum,2,15,0.08835521719371238,183435.4281769687,0.08583201792081784
Constant,History-conditioned,5,validation,2003-01-01,oil_cum,3,15,0.12379718089449464,375372.76588570885,0.12108198553790858
Constant,History-conditioned,5,validation,2003-01-01,oil_cum,4,15,0.1555948217919598,613352.7272359016,0.15270085321017968
Constant,History-conditioned,5,validation,2003-01-01,oil_cum,5,15,0.18554752750470652,890587.9071194206,0.18249867434542968
Constant,History-conditioned,5,validation,2003-01-01,oil_cum,6,15,0.21514189534614783,1208415.9113159585,0.21194085489176623
Constant,History-conditioned,5,validation,2003-01-01,oil_cum,7,15,0.2451976262739231,1569894.364630123,0.2418724061174083
Constant,History-conditioned,5,validation,2003-01-01,oil_cum,8,15,0.27563296688980915,1970523.1622079308,0.27220804351273625
Constant,History-conditioned,5,validation,2003-01-01,oil_cum,9,15,0.30634009961277175,2401715.395077829,0.30285510664401916
Constant,History-conditioned,5,validation,2003-01-01,oil_cum,10,15,0.33932392188878635,2882239.253467058,0.33580902338948626
Constant,History-conditioned,5,validation,2003-01-01,oil_cum,11,15,0.37373148586548505,3407049.6846890366,0.3702041214011823
Constant,History-conditioned,5,validation,2003-01-01,oil_cum,12,15,0.4078854981039619,3960551.33335584,0.40435808586365635
Constant,History-conditioned,5,validation,2003-01-01,oil_cum,13,15,0.44033327249643234,4522428.122368325,0.43681122216058615
Constant,History-conditioned,5,validation,2003-01-01,oil_cum,14,15,0.4717018623621357,5105129.429027682,0.46819474320162385
Constant,History-conditioned,5,validation,2003-01-01,oil_cum,15,15,0.5019818827081918,5706881.267992114,0.49849533616645453
Constant,History-conditioned,5,validation,2003-01-01,oil_cum,16,15,0.5311582784837094,6321689.335644601,0.5276885106337017
Constant,History-conditioned,5,validation,2003-01-01,oil_cum,17,15,0.5588173896796378,6935443.846904479,0.5553555636125244
Constant,History-conditioned,5,validation,2003-01-01,oil_cum,18,15,0.5860141879321241,7567850.740647173,0.5825520174139043
Constant,History-conditioned,5,validation,2003-01-01,oil_cum,19,15,0.6128647456425831,8219132.796069898,0.6093944004303194
Constant,History-conditioned,5,validation,2003-01-01,oil_cum,20,15,0.6392359390219373,8882668.014768207,0.635748450838841
Constant,History-conditioned,5,validation,2003-01-01,water_cum,1,15,0.0365441759359173,16870.536642392053,-0.0337107686780193
Constant,History-conditioned,5,validation,2003-01-01,water_cum,2,15,0.050406876171103704,47193.09883515006,-0.044545438885983044
Constant,History-conditioned,5,validation,2003-01-01,water_cum,3,15,0.0626710723117575,89086.1982305603,-0.053465101274914266
Constant,History-conditioned,5,validation,2003-01-01,water_cum,4,15,0.07837934406340381,150736.6197898579,-0.06692174440348336
Constant,History-conditioned,5,validation,2003-01-01,water_cum,5,15,0.09437837870308151,229873.18980247033,-0.08160442176193118
Constant,History-conditioned,5,validation,2003-01-01,water_cum,6,15,0.10985297602646274,325546.366238709,-0.09626904612541023
Constant,History-conditioned,5,validation,2003-01-01,water_cum,7,15,0.12453889018522622,437349.91144173534,-0.11052081079357323
Constant,History-conditioned,5,validation,2003-01-01,water_cum,8,15,0.13831080262687404,563561.9076388894,-0.12416252244612458
Constant,History-conditioned,5,validation,2003-01-01,water_cum,9,15,0.15092326701286887,700080.3582784098,-0.13684650437578558
Constant,History-conditioned,5,validation,2003-01-01,water_cum,10,15,0.1627868255954524,849931.6945254736,-0.14889451739376736
Constant,History-conditioned,5,validation,2003-01-01,water_cum,11,15,0.17388789357161952,1012259.7900337469,-0.16026300147433015
Constant,History-conditioned,5,validation,2003-01-01,water_cum,12,15,0.18414265031248886,1184386.3721867737,-0.1708390300397575
Constant,History-conditioned,5,validation,2003-01-01,water_cum,13,15,0.19353096540152717,1362309.769145731,-0.1805719634729165
Constant,History-conditioned,5,validation,2003-01-01,water_cum,14,15,0.2026031562980452,1552931.443033626,-0.19005352782671975
Constant,History-conditioned,5,validation,2003-01-01,water_cum,15,15,0.21144742834287633,1757049.6813739785,-0.19935319687463568
Constant,History-conditioned,5,validation,2003-01-01,water_cum,16,15,0.21994857207579815,1972078.0249232498,-0.20833730803433256
Constant,History-conditioned,5,validation,2003-01-01,water_cum,17,15,0.2278953875375606,2191961.680481436,-0.21674846314840174
Constant,History-conditioned,5,validation,2003-01-01,water_cum,18,15,0.23568108098626864,2424823.532415305,-0.22498650842677642
Constant,History-conditioned,5,validation,2003-01-01,water_cum,19,15,0.2432893627395821,2670510.109055589,-0.2330241404936838
Constant,History-conditioned,5,validation,2003-01-01,water_cum,20,15,0.25063852465619896,2926153.378866649,-0.240769705569039
Constant,Input-only PolyRidge,3,train,2003-01-01,gas_cum,1,70,0.06232373885041175,23523.221742064597,0.04783998339237313
Constant,Input-only PolyRidge,3,train,2003-01-01,gas_cum,2,70,0.08959679280965847,65573.3158361693,0.08682022121416315
Constant,Input-only PolyRidge,3,train,2003-01-01,gas_cum,3,70,0.12479381057370147,133312.1210313632,0.12286897076852873
Constant,Input-only PolyRidge,3,train,2003-01-01,gas_cum,4,70,0.15708306916679196,218059.56173064822,0.15511717180941878
Constant,Input-only PolyRidge,3,train,2003-01-01,gas_cum,5,70,0.18741263332213381,316707.5556055649,0.1853028945528535
Constant,Input-only PolyRidge,3,train,2003-01-01,gas_cum,6,70,0.21718069397734852,429474.91985682613,0.21492526680939716
Constant,Input-only PolyRidge,3,train,2003-01-01,gas_cum,7,70,0.2473673522918108,557601.0514919081,0.24499929628958403
Constant,Input-only PolyRidge,3,train,2003-01-01,gas_cum,8,70,0.27774786235871146,699183.359533016,0.27530272474263273
Constant,Input-only PolyRidge,3,train,2003-01-01,gas_cum,9,70,0.3084968603384754,851698.6726601621,0.3060151692368286
Constant,Input-only PolyRidge,3,train,2003-01-01,gas_cum,10,70,0.3417113458942262,1022023.7848444368,0.3392208400240215
Constant,Input-only PolyRidge,3,train,2003-01-01,gas_cum,11,70,0.37649857870930953,1208354.150564745,0.3740181170524601
Constant,Input-only PolyRidge,3,train,2003-01-01,gas_cum,12,70,0.41117635029491306,1405215.9657915444,0.40871174371886604
Constant,Input-only PolyRidge,3,train,2003-01-01,oil_cum,1,70,0.06444188002080009,66935.29098699192,0.04871534204488811
Constant,Input-only PolyRidge,3,train,2003-01-01,oil_cum,2,70,0.09083222819347486,182949.26847902546,0.0877422684495867
Constant,Input-only PolyRidge,3,train,2003-01-01,oil_cum,3,70,0.12579335140717834,369849.801357127,0.12375254707550158
Constant,Input-only PolyRidge,3,train,2003-01-01,oil_cum,4,70,0.15799228565225742,603661.8057142567,0.1559861864559877
Constant,Input-only PolyRidge,3,train,2003-01-01,oil_cum,5,70,0.18825241394577485,875662.0870584648,0.18613996617574322
Constant,Input-only PolyRidge,3,train,2003-01-01,oil_cum,6,70,0.21795296089599894,1186432.9830424234,0.21571511079657082
Constant,Input-only PolyRidge,3,train,2003-01-01,oil_cum,7,70,0.24810869609877556,1539583.7163499505,0.245769749101191
Constant,Input-only PolyRidge,3,train,2003-01-01,oil_cum,8,70,0.2784772824665589,1929836.6224913208,0.2760684482984885
Constant,Input-only PolyRidge,3,train,2003-01-01,oil_cum,9,70,0.30921782361828687,2350171.649281012,0.3067767327469167
Constant,Input-only PolyRidge,3,train,2003-01-01,oil_cum,10,70,0.34243514747236586,2819589.9376269323,0.3399873279193111
Constant,Input-only PolyRidge,3,train,2003-01-01,oil_cum,11,70,0.37725368563595724,3333248.3631896363,0.3748154843024683
Constant,Input-only PolyRidge,3,train,2003-01-01,oil_cum,12,70,0.4119758804235721,3875996.28377416,0.4095516037278783
Constant,Input-only PolyRidge,3,train,2003-01-01,water_cum,1,70,0.08229051065639127,40183.712383703045,-0.04003346795369652
Constant,Input-only PolyRidge,3,train,2003-01-01,water_cum,2,70,0.06176238611631783,61099.50832856824,-0.04627654028274665
Constant,Input-only PolyRidge,3,train,2003-01-01,water_cum,3,70,0.06308240841151748,94606.17971119747,-0.0522984685914416
Constant,Input-only PolyRidge,3,train,2003-01-01,water_cum,4,70,0.07309837300166666,148004.52469351358,-0.0628224322214688
Constant,Input-only PolyRidge,3,train,2003-01-01,water_cum,5,70,0.08536199213343679,218376.62876212367,-0.07458395015228436
Constant,Input-only PolyRidge,3,train,2003-01-01,water_cum,6,70,0.09784711130048435,303799.94753109687,-0.08642495992108104
Constant,Input-only PolyRidge,3,train,2003-01-01,water_cum,7,70,0.11008736362916687,404099.98659031425,-0.09820159592579897
Constant,Input-only PolyRidge,3,train,2003-01-01,water_cum,8,70,0.12190091016133442,518156.8801537526,-0.10983349857061347
Constant,Input-only PolyRidge,3,train,2003-01-01,water_cum,9,70,0.13299324299151466,642544.0803469283,-0.12097407886388784
Constant,Input-only PolyRidge,3,train,2003-01-01,water_cum,10,70,0.14363194690767583,780057.4985554459,-0.13179417365273216
Constant,Input-only PolyRidge,3,train,2003-01-01,water_cum,11,70,0.1537400229618612,929938.9570403628,-0.14220032947684097
Constant,Input-only PolyRidge,3,train,2003-01-01,water_cum,12,70,0.1632448595921236,1090085.4313470586,-0.15206703017716494
Constant,Input-only PolyRidge,3,train,2004-01-01,gas_cum,1,70,0.08143308035294476,24570.233681604655,0.03652421924061528
Constant,Input-only PolyRidge,3,train,2004-01-01,gas_cum,2,70,0.07268531713234747,42836.21091337527,0.062025849829370094
Constant,Input-only PolyRidge,3,train,2004-01-01,gas_cum,3,70,0.09231091109561095,79940.27624240906,0.08835581948795171
Constant,Input-only PolyRidge,3,train,2004-01-01,gas_cum,4,70,0.11720540149354468,132347.53261447966,0.1151202097427837
Constant,Input-only PolyRidge,3,train,2004-01-01,gas_cum,5,70,0.1444996945627711,198352.46252171462,0.1430935679356435
Constant,Input-only PolyRidge,3,train,2004-01-01,gas_cum,6,70,0.1756648548533536,281557.773416874,0.17457535452515996
Constant,Input-only PolyRidge,3,train,2004-01-01,gas_cum,7,70,0.20864335396449918,380025.3421332336,0.20771944295745012
Constant,Input-only PolyRidge,3,train,2004-01-01,gas_cum,8,70,0.2410007687654143,489127.11322154483,0.24017692140587288
Constant,Input-only PolyRidge,3,train,2004-01-01,gas_cum,9,70,0.2710727277636968,603359.3373823563,0.27031950210025224
Constant,Input-only PolyRidge,3,train,2004-01-01,gas_cum,10,70,0.29940881239805744,724255.9074989188,0.2987129501376312
Constant,Input-only PolyRidge,3,train,2004-01-01,gas_cum,11,70,0.3260966071726277,851020.9004922144,0.32545134479958326
Constant,Input-only PolyRidge,3,train,2004-01-01,gas_cum,12,70,0.3513983308402801,982455.2377933784,0.3508004557698999
Constant,Input-only PolyRidge,3,train,2004-01-01,oil_cum,1,70,0.08400524362411545,69785.3818324937,0.03652416291566146
Constant,Input-only PolyRidge,3,train,2004-01-01,oil_cum,2,70,0.07332580577076257,118989.36196209649,0.061909908797901016
Constant,Input-only PolyRidge,3,train,2004-01-01,oil_cum,3,70,0.09243362540397906,220410.80139252605,0.08822355788599867
Constant,Input-only PolyRidge,3,train,2004-01-01,oil_cum,4,70,0.11717584123625878,364329.2624634438,0.11499040524272215
Constant,Input-only PolyRidge,3,train,2004-01-01,oil_cum,5,70,0.14440238716987636,545801.4555001056,0.1429561722540447
Constant,Input-only PolyRidge,3,train,2004-01-01,oil_cum,6,70,0.17553830729588643,774716.881560254,0.17443756372285277
Constant,Input-only PolyRidge,3,train,2004-01-01,oil_cum,7,70,0.20853648381841194,1045836.9441351665,0.207615571238768
Constant,Input-only PolyRidge,3,train,2004-01-01,oil_cum,8,70,0.24093252925632744,1346338.6563803055,0.2401184814530392
Constant,Input-only PolyRidge,3,train,2004-01-01,oil_cum,9,70,0.27103123593684064,1660936.029930373,0.27029194027964637
Constant,Input-only PolyRidge,3,train,2004-01-01,oil_cum,10,70,0.2993636508457939,1993744.1645429982,0.29868488512866026
Constant,Input-only PolyRidge,3,train,2004-01-01,oil_cum,11,70,0.3260259071729343,2342591.5131816166,0.3253997302259946
Constant,Input-only PolyRidge,3,train,2004-01-01,oil_cum,12,70,0.3513211533699873,2704387.713593018,0.3507421376337889
Constant,Input-only PolyRidge,3,train,2004-01-01,water_cum,1,70,0.06221451231633807,33222.61954271345,-0.02406806015314015
Constant,Input-only PolyRidge,3,train,2004-01-01,water_cum,2,70,0.042185563849513164,45608.831726138094,-0.032686904805323255
Constant,Input-only PolyRidge,3,train,2004-01-01,water_cum,3,70,0.04767258000839705,78544.13204555436,-0.04359378700386279
Constant,Input-only PolyRidge,3,train,2004-01-01,water_cum,4,70,0.05801604748798628,129260.212213286,-0.05501146107543045
Constant,Input-only PolyRidge,3,train,2004-01-01,water_cum,5,70,0.06888292883054153,193507.92295270204,-0.06611696065141184
Constant,Input-only PolyRidge,3,train,2004-01-01,water_cum,6,70,0.07954173716634491,271172.95158829784,-0.07684670074144549
Constant,Input-only PolyRidge,3,train,2004-01-01,water_cum,7,70,0.08971770109229274,361327.9676423075,-0.08708020843462226
Constant,Input-only PolyRidge,3,train,2004-01-01,water_cum,8,70,0.09928354239606049,462318.00042794604,-0.09671597678092296
Constant,Input-only PolyRidge,3,train,2004-01-01,water_cum,9,70,0.10814538680180645,571260.4846182474,-0.10566642286531149
Constant,Input-only PolyRidge,3,train,2004-01-01,water_cum,10,70,0.11689496854970118,692792.1375329338,-0.11452147593264045
Constant,Input-only PolyRidge,3,train,2004-01-01,water_cum,11,70,0.1255340290398772,827228.4444207462,-0.12327470438061255
Constant,Input-only PolyRidge,3,train,2004-01-01,water_cum,12,70,0.13389127644730087,972554.3392801642,-0.1317513719877152
Constant,Input-only PolyRidge,3,train,2005-01-01,gas_cum,1,70,0.12436003536673178,30283.98432657665,0.04636487129544879
Constant,Input-only PolyRidge,3,train,2005-01-01,gas_cum,2,70,0.10527603198851261,49868.85665481723,0.08378722877998378
Constant,Input-only PolyRidge,3,train,2005-01-01,gas_cum,3,70,0.1282571952414698,88801.28360753952,0.1193383936101366
Constant,Input-only PolyRidge,3,train,2005-01-01,gas_cum,4,70,0.1560693723231237,140558.29218605536,0.15116817378534447
Constant,Input-only PolyRidge,3,train,2005-01-01,gas_cum,5,70,0.1818642428592932,199498.8383106435,0.1786619123333307
Constant,Input-only PolyRidge,3,train,2005-01-01,gas_cum,6,70,0.20528722109391861,264861.6048693963,0.20298061166792247
Constant,Input-only PolyRidge,3,train,2005-01-01,gas_cum,7,70,0.22663461391953044,335661.6475337095,0.22487490359028905
Constant,Input-only PolyRidge,3,train,2005-01-01,gas_cum,8,70,0.24664335273353208,411227.1439045769,0.24525215028807407
Constant,Input-only PolyRidge,3,train,2005-01-01,gas_cum,9,70,0.26539267802729416,489657.75389607553,0.264259870004891
Constant,Input-only PolyRidge,3,train,2005-01-01,gas_cum,10,70,0.2837732887874325,573341.236456769,0.28283421517432134
Constant,Input-only PolyRidge,3,train,2005-01-01,gas_cum,11,70,0.3019371603969118,662279.511699181,0.30114646645118237
Constant,Input-only PolyRidge,3,train,2005-01-01,gas_cum,12,70,0.31983030482530794,755496.4531852002,0.31915540124947767
Constant,Input-only PolyRidge,3,train,2005-01-01,oil_cum,1,70,0.12553664115372162,84178.54832366639,0.04640879227901152
Constant,Input-only PolyRidge,3,train,2005-01-01,oil_cum,2,70,0.10557034369683287,137699.44607302872,0.08388777684993369
Constant,Input-only PolyRidge,3,train,2005-01-01,oil_cum,3,70,0.1284652741744995,244891.9366989301,0.11954678284900715
Constant,Input-only PolyRidge,3,train,2005-01-01,oil_cum,4,70,0.15634167332876422,387639.655662438,0.15147583309656684
Constant,Input-only PolyRidge,3,train,2005-01-01,oil_cum,5,70,0.18218616577126834,550180.5354395683,0.17902280926975084
Constant,Input-only PolyRidge,3,train,2005-01-01,oil_cum,6,70,0.20560455743849448,730285.2746173397,0.2033340421122246
Constant,Input-only PolyRidge,3,train,2005-01-01,oil_cum,7,70,0.22691392881130576,925247.5733501638,0.22518611766298505
Constant,Input-only PolyRidge,3,train,2005-01-01,oil_cum,8,70,0.2469144808302567,1133405.1562118584,0.24555261547379595
Constant,Input-only PolyRidge,3,train,2005-01-01,oil_cum,9,70,0.2656837675722596,1349549.0911018124,0.2645787170682692
Constant,Input-only PolyRidge,3,train,2005-01-01,oil_cum,10,70,0.28409008504670363,1580190.4436508282,0.28317733273150797
Constant,Input-only PolyRidge,3,train,2005-01-01,oil_cum,11,70,0.3022763457217295,1825299.3025135116,0.3015100302052552
Constant,Input-only PolyRidge,3,train,2005-01-01,oil_cum,12,70,0.32018490526922216,2082165.1088151187,0.31953198157141754
Constant,Input-only PolyRidge,3,train,2005-01-01,water_cum,1,70,0.07898092165028997,45910.36192828235,-0.02405962584120332
Constant,Input-only PolyRidge,3,train,2005-01-01,water_cum,2,70,0.05042854413305361,59571.7243859961,-0.030581813078237655
Constant,Input-only PolyRidge,3,train,2005-01-01,water_cum,3,70,0.048515196110842373,87306.16437083679,-0.038979710847646745
Constant,Input-only PolyRidge,3,train,2005-01-01,water_cum,4,70,0.05299737782775676,128718.27159552982,-0.04739107852642546
Constant,Input-only PolyRidge,3,train,2005-01-01,water_cum,5,70,0.059257833828483715,181009.25009247471,-0.055455271149566526
Constant,Input-only PolyRidge,3,train,2005-01-01,water_cum,6,70,0.06655265918971397,246173.40479877515,-0.06376099634208805
Constant,Input-only PolyRidge,3,train,2005-01-01,water_cum,7,70,0.07432272298985752,324197.1088993419,-0.07215954652592897
Constant,Input-only PolyRidge,3,train,2005-01-01,water_cum,8,70,0.08211183575143774,413526.72966356634,-0.08036527569541028
Constant,Input-only PolyRidge,3,train,2005-01-01,water_cum,9,70,0.08953166996041548,510806.0412644667,-0.08807453885801073
Constant,Input-only PolyRidge,3,train,2005-01-01,water_cum,10,70,0.0970136199688078,620191.1368208709,-0.09577720252083896
Constant,Input-only PolyRidge,3,train,2005-01-01,water_cum,11,70,0.10445553846061478,741476.3768630394,-0.10339243521505936
Constant,Input-only PolyRidge,3,train,2005-01-01,water_cum,12,70,0.1117085666620001,872914.7136417903,-0.11078606414860256
Constant,Input-only PolyRidge,3,validation,2003-01-01,gas_cum,1,15,0.08436764019766198,32816.94161069396,0.024177277824080527
Constant,Input-only PolyRidge,3,validation,2003-01-01,gas_cum,2,15,0.08477279136336242,63986.388568967326,0.07197214957164193
Constant,Input-only PolyRidge,3,validation,2003-01-01,gas_cum,3,15,0.11605904363618279,127924.90808769458,0.11060204727966105
Constant,Input-only PolyRidge,3,validation,2003-01-01,gas_cum,4,15,0.1476593817098645,211549.5488676885,0.1440283103299724
Constant,Input-only PolyRidge,3,validation,2003-01-01,gas_cum,5,15,0.17788164646685733,310251.08885496075,0.1749377684237849
Constant,Input-only PolyRidge,3,validation,2003-01-01,gas_cum,6,15,0.20785734645584708,424163.47947963525,0.205201739943772
Constant,Input-only PolyRidge,3,validation,2003-01-01,gas_cum,7,15,0.23834765295059013,554305.4367731526,0.23580283535372104
Constant,Input-only PolyRidge,3,validation,2003-01-01,gas_cum,8,15,0.269060353662492,698624.1700381011,0.2665478378599552
Constant,Input-only PolyRidge,3,validation,2003-01-01,gas_cum,9,15,0.2999350200439017,854038.2350022896,0.2974337619315228
Constant,Input-only PolyRidge,3,validation,2003-01-01,gas_cum,10,15,0.33302777219864055,1027374.9740549397,0.33053288752269594
Constant,Input-only PolyRidge,3,validation,2003-01-01,gas_cum,11,15,0.367485401252877,1216757.065496326,0.3649981472156047
Constant,Input-only PolyRidge,3,validation,2003-01-01,gas_cum,12,15,0.40167578175662183,1416604.8153564578,0.39919792156675804
Constant,Input-only PolyRidge,3,validation,2003-01-01,oil_cum,1,15,0.0881581622788273,94337.06109311557,0.024658099609980857
Constant,Input-only PolyRidge,3,validation,2003-01-01,oil_cum,2,15,0.08700335369939005,180628.80660108424,0.07288688947375045
Constant,Input-only PolyRidge,3,validation,2003-01-01,oil_cum,3,15,0.11758775789303931,356544.8065592596,0.11150509585036217
Constant,Input-only PolyRidge,3,validation,2003-01-01,oil_cum,4,15,0.1487736943915148,586463.9333435161,0.14478561664709036
Constant,Input-only PolyRidge,3,validation,2003-01-01,oil_cum,5,15,0.1787103149114271,857770.7689130125,0.17555224625734417
Constant,Input-only PolyRidge,3,validation,2003-01-01,oil_cum,6,15,0.20840586401984032,1170580.7541015248,0.2056239596679597
Constant,Input-only PolyRidge,3,validation,2003-01-01,oil_cum,7,15,0.2386075927563743,1527701.2298957524,0.23599288310120667
Constant,Input-only PolyRidge,3,validation,2003-01-01,oil_cum,8,15,0.26919157230444046,1924473.0929052122,0.2666398968987888
Constant,Input-only PolyRidge,3,validation,2003-01-01,oil_cum,9,15,0.30003005977200387,2352244.497052127,0.29750777650738175
Constant,Input-only PolyRidge,3,validation,2003-01-01,oil_cum,10,15,0.33312477805229246,2829583.3263400365,0.3306215401549381
Constant,Input-only PolyRidge,3,validation,2003-01-01,oil_cum,11,15,0.3676223113370067,3351356.595029328,0.36513343463272574
Constant,Input-only PolyRidge,3,validation,2003-01-01,oil_cum,12,15,0.4018505422551276,3901952.161419229,0.3993746431191319
Constant,Input-only PolyRidge,3,validation,2003-01-01,water_cum,1,15,0.0753268733516889,34774.48169210152,-0.052513304608154454
Constant,Input-only PolyRidge,3,validation,2003-01-01,water_cum,2,15,0.06295652359834693,58942.62184407029,-0.056377131970313125
Constant,Input-only PolyRidge,3,validation,2003-01-01,water_cum,3,15,0.06801325536278867,96680.0491208189,-0.06296280885597791
Constant,Input-only PolyRidge,3,validation,2003-01-01,water_cum,4,15,0.08131462124670591,156381.64994473313,-0.07520205106131161
Constant,Input-only PolyRidge,3,validation,2003-01-01,water_cum,5,15,0.09674160303988215,235629.18947087164,-0.08912667391203927
Constant,Input-only PolyRidge,3,validation,2003-01-01,water_cum,6,15,0.11224447622216625,332633.5133213961,-0.1032604392939547
Constant,Input-only PolyRidge,3,validation,2003-01-01,water_cum,7,15,0.1271421483129079,446491.9128672196,-0.11711077881581111
Constant,Input-only PolyRidge,3,validation,2003-01-01,water_cum,8,15,0.14114473249941045,575109.0528708493,-0.13043696654657072
Constant,Input-only PolyRidge,3,validation,2003-01-01,water_cum,9,15,0.1539552751068493,714144.785551614,-0.14286910324325
Constant,Input-only PolyRidge,3,validation,2003-01-01,water_cum,10,15,0.16599782648130837,866696.7577549799,-0.15470435363556664
Constant,Input-only PolyRidge,3,validation,2003-01-01,water_cum,11,15,0.17725800420149582,1031878.3351119527,-0.16589014071766386
Constant,Input-only PolyRidge,3,validation,2003-01-01,water_cum,12,15,0.1876431274745549,1206901.0771715583,-0.17630880189587358
Constant,Input-only PolyRidge,3,validation,2004-01-01,gas_cum,1,15,0.13061965923624091,40683.78387225234,-0.009787918342517122
Constant,Input-only PolyRidge,3,validation,2004-01-01,gas_cum,2,15,0.07728317705605871,46986.64178483838,0.036114485097537695
Constant,Input-only PolyRidge,3,validation,2004-01-01,gas_cum,3,15,0.08394067325988139,74955.54346380403,0.0694361357467912
Constant,Input-only PolyRidge,3,validation,2004-01-01,gas_cum,4,15,0.10633191958685602,123758.02259032911,0.09976992860252704
Constant,Input-only PolyRidge,3,validation,2004-01-01,gas_cum,5,15,0.13322674889852357,188485.67076431672,0.1295529052092768
Constant,Input-only PolyRidge,3,validation,2004-01-01,gas_cum,6,15,0.16419784277114877,271309.34812823957,0.16184882546822377
Constant,Input-only PolyRidge,3,validation,2004-01-01,gas_cum,7,15,0.19686717384985453,369802.7217577358,0.19520219288248383
Constant,Input-only PolyRidge,3,validation,2004-01-01,gas_cum,8,15,0.22878649963304104,479118.0962449207,0.227499735772618
Constant,Input-only PolyRidge,3,validation,2004-01-01,gas_cum,9,15,0.25837360174062335,593705.0503023395,0.257309535509501
Constant,Input-only PolyRidge,3,validation,2004-01-01,gas_cum,10,15,0.28619024193549264,715055.5130033299,0.2852730814335579
Constant,Input-only PolyRidge,3,validation,2004-01-01,gas_cum,11,15,0.3124033400926527,842494.2336219987,0.31159135460172166
Constant,Input-only PolyRidge,3,validation,2004-01-01,gas_cum,12,15,0.33720054590689014,974666.9716743683,0.33646762636770955
Constant,Input-only PolyRidge,3,validation,2004-01-01,oil_cum,1,15,0.13406175412411056,115001.03485303237,-0.009628005780663236
Constant,Input-only PolyRidge,3,validation,2004-01-01,oil_cum,2,15,0.07859978473573537,131646.57664067214,0.03567982850757397
Constant,Input-only PolyRidge,3,validation,2004-01-01,oil_cum,3,15,0.08385371264259184,206335.23927156426,0.0685820495835974
Constant,Input-only PolyRidge,3,validation,2004-01-01,oil_cum,4,15,0.10574673519999825,339150.81225037493,0.09884614222572884
Constant,Input-only PolyRidge,3,validation,2004-01-01,oil_cum,5,15,0.13252104447017993,516590.4003166059,0.12868055675326753
Constant,Input-only PolyRidge,3,validation,2004-01-01,oil_cum,6,15,0.163482575242734,744214.572420731,0.16105136129580222
Constant,Input-only PolyRidge,3,validation,2004-01-01,oil_cum,7,15,0.1962137805016484,1015320.1790355203,0.19450642998232115
Constant,Input-only PolyRidge,3,validation,2004-01-01,oil_cum,8,15,0.22819119128416415,1316276.538666174,0.22688138614804507
Constant,Input-only PolyRidge,3,validation,2004-01-01,oil_cum,9,15,0.25782224907610907,1631737.0551054785,0.2567453292395365
Constant,Input-only PolyRidge,3,validation,2004-01-01,oil_cum,10,15,0.2856587476798311,1965725.0779827654,0.2847360924682465
Constant,Input-only PolyRidge,3,validation,2004-01-01,oil_cum,11,15,0.31185675536477353,2316296.733334294,0.3110461125182811
Constant,Input-only PolyRidge,3,validation,2004-01-01,oil_cum,12,15,0.3366633869480464,2680045.5635971967,0.3359358332541078
Constant,Input-only PolyRidge,3,validation,2004-01-01,water_cum,1,15,0.04707029781979381,24152.927994291138,-0.026777155266408594
Constant,Input-only PolyRidge,3,validation,2004-01-01,water_cum,2,15,0.041531589931413676,43262.202088026694,-0.037977222661647034
Constant,Input-only PolyRidge,3,validation,2004-01-01,water_cum,3,15,0.05309741731470381,84462.01514849009,-0.05092910401516283
Constant,Input-only PolyRidge,3,validation,2004-01-01,water_cum,4,15,0.06615809197698766,142522.43785228874,-0.06379249596242915
Constant,Input-only PolyRidge,3,validation,2004-01-01,water_cum,5,15,0.07848496033036516,213398.48565716128,-0.07585679072282173
Constant,Input-only PolyRidge,3,validation,2004-01-01,water_cum,6,15,0.09007429824941568,297431.4791067514,-0.08726551588893228
Constant,Input-only PolyRidge,3,validation,2004-01-01,water_cum,7,15,0.10085088949581374,393603.7192169585,-0.09796109422346364
Constant,Input-only PolyRidge,3,validation,2004-01-01,water_cum,8,15,0.11074347643550674,499883.0253291963,-0.10784984941579055
Constant,Input-only PolyRidge,3,validation,2004-01-01,water_cum,9,15,0.11980257776434211,613586.7176992103,-0.11696376705716141
Constant,Input-only PolyRidge,3,validation,2004-01-01,water_cum,10,15,0.1286986844621593,739719.9569718468,-0.12596160634866757
Constant,Input-only PolyRidge,3,validation,2004-01-01,water_cum,11,15,0.13751242795585725,879085.1811270036,-0.13490575769015237
Constant,Input-only PolyRidge,3,validation,2004-01-01,water_cum,12,15,0.14607786312787982,1029780.2178637214,-0.1436213131795861
Constant,Input-only PolyRidge,3,validation,2005-01-01,gas_cum,1,15,0.19893866517415718,49914.65759900526,-0.028652652560237114
Constant,Input-only PolyRidge,3,validation,2005-01-01,gas_cum,2,15,0.11331250127070977,55352.2989448134,0.04169695048621668
Constant,Input-only PolyRidge,3,validation,2005-01-01,gas_cum,3,15,0.11492062240437022,82127.22235750241,0.08733280757759196
Constant,Input-only PolyRidge,3,validation,2005-01-01,gas_cum,4,15,0.13711225531264581,127574.13110094445,0.12355071165942656
Constant,Input-only PolyRidge,3,validation,2005-01-01,gas_cum,5,15,0.161402517864442,183060.62910322717,0.15326583732411822
Constant,Input-only PolyRidge,3,validation,2005-01-01,gas_cum,6,15,0.1843615209740956,246111.83446794527,0.17884967562687518
Constant,Input-only PolyRidge,3,validation,2005-01-01,gas_cum,7,15,0.20562794483014216,315291.26112161,0.20158378645748773
Constant,Input-only PolyRidge,3,validation,2005-01-01,gas_cum,8,15,0.22555790033856918,389549.31869073375,0.22242017692191157
Constant,Input-only PolyRidge,3,validation,2005-01-01,gas_cum,9,15,0.24410699788953868,466786.60482868727,0.24156909770082438
Constant,Input-only PolyRidge,3,validation,2005-01-01,gas_cum,10,15,0.26216991335180284,549299.154626158,0.2600608836055036
Constant,Input-only PolyRidge,3,validation,2005-01-01,gas_cum,11,15,0.27996603252416075,637165.0665300449,0.27817400270509274
Constant,Input-only PolyRidge,3,validation,2005-01-01,gas_cum,12,15,0.2975126015053979,729530.7480171353,0.2959616199031257
Constant,Input-only PolyRidge,3,validation,2005-01-01,oil_cum,1,15,0.20357749731878183,140676.1564786395,-0.03165467180020014
Constant,Input-only PolyRidge,3,validation,2005-01-01,oil_cum,2,15,0.11496035099837675,154642.36709630306,0.04034425194472733
Constant,Input-only PolyRidge,3,validation,2005-01-01,oil_cum,3,15,0.1155030779797843,227264.40988788859,0.08666264505792914
Constant,Input-only PolyRidge,3,validation,2005-01-01,oil_cum,4,15,0.13741462190352344,351988.5617856272,0.12323324339725743
Constant,Input-only PolyRidge,3,validation,2005-01-01,oil_cum,5,15,0.16166395942910874,504764.36565655743,0.15315193895689364
Constant,Input-only PolyRidge,3,validation,2005-01-01,oil_cum,6,15,0.18462026064134224,678473.6886700337,0.1788473975358396
Constant,Input-only PolyRidge,3,validation,2005-01-01,oil_cum,7,15,0.20585792947219916,868980.6068480804,0.20161441615021033
Constant,Input-only PolyRidge,3,validation,2005-01-01,oil_cum,8,15,0.22580451108072938,1073627.2459965714,0.22250831571639487
Constant,Input-only PolyRidge,3,validation,2005-01-01,oil_cum,9,15,0.24441036378223274,1286650.3074372509,0.24174342790285133
Constant,Input-only PolyRidge,3,validation,2005-01-01,oil_cum,10,15,0.2625247054368866,1514213.5468663818,0.260307516576842
Constant,Input-only PolyRidge,3,validation,2005-01-01,oil_cum,11,15,0.2803463032693085,1756426.0153693652,0.2784611259928016
Constant,Input-only PolyRidge,3,validation,2005-01-01,oil_cum,12,15,0.29790839327152296,2010990.741452441,0.29627542700682685
Constant,Input-only PolyRidge,3,validation,2005-01-01,water_cum,1,15,0.056842430745459235,32104.587091953217,-0.027293249793876557
Constant,Input-only PolyRidge,3,validation,2005-01-01,water_cum,2,15,0.041450163708885754,47584.65729940503,-0.03297315516856323
Constant,Input-only PolyRidge,3,validation,2005-01-01,water_cum,3,15,0.04440812077342662,77663.38776617708,-0.04111374098753736
Constant,Input-only PolyRidge,3,validation,2005-01-01,water_cum,4,15,0.05092236441654822,120176.63721917525,-0.049270584824771355
Constant,Input-only PolyRidge,3,validation,2005-01-01,water_cum,5,15,0.058183314390624734,172678.60953916464,-0.05717680226309168
Constant,Input-only PolyRidge,3,validation,2005-01-01,water_cum,6,15,0.06613822468016042,237696.8465261105,-0.06543400918943529
Constant,Input-only PolyRidge,3,validation,2005-01-01,water_cum,7,15,0.07448487603696519,315747.1771223258,-0.07394991911521731
Constant,Input-only PolyRidge,3,validation,2005-01-01,water_cum,8,15,0.0828283638398727,405518.2239013098,-0.08239592821566448
Constant,Input-only PolyRidge,3,validation,2005-01-01,water_cum,9,15,0.0907136641986367,503314.53671201103,-0.09035447904228423
Constant,Input-only PolyRidge,3,validation,2005-01-01,water_cum,10,15,0.09858210886889439,613080.0824016591,-0.09827797780479175
Constant,Input-only PolyRidge,3,validation,2005-01-01,water_cum,11,15,0.1063445542612011,734560.95832491,-0.10607969040247447
Constant,Input-only PolyRidge,3,validation,2005-01-01,water_cum,12,15,0.11387663475488823,866118.4199182019,-0.11364263337532603
Constant,Input-only PolyRidge,5,train,2003-01-01,gas_cum,1,70,0.06232373885041175,23523.221742064597,0.04783998339237313
Constant,Input-only PolyRidge,5,train,2003-01-01,gas_cum,2,70,0.08959679280965847,65573.3158361693,0.08682022121416315
Constant,Input-only PolyRidge,5,train,2003-01-01,gas_cum,3,70,0.12479381057370147,133312.1210313632,0.12286897076852873
Constant,Input-only PolyRidge,5,train,2003-01-01,gas_cum,4,70,0.15708306916679196,218059.56173064822,0.15511717180941878
Constant,Input-only PolyRidge,5,train,2003-01-01,gas_cum,5,70,0.18741263332213381,316707.5556055649,0.1853028945528535
Constant,Input-only PolyRidge,5,train,2003-01-01,gas_cum,6,70,0.21718069397734852,429474.91985682613,0.21492526680939716
Constant,Input-only PolyRidge,5,train,2003-01-01,gas_cum,7,70,0.2473673522918108,557601.0514919081,0.24499929628958403
Constant,Input-only PolyRidge,5,train,2003-01-01,gas_cum,8,70,0.27774786235871146,699183.359533016,0.27530272474263273
Constant,Input-only PolyRidge,5,train,2003-01-01,gas_cum,9,70,0.3084968603384754,851698.6726601621,0.3060151692368286
Constant,Input-only PolyRidge,5,train,2003-01-01,gas_cum,10,70,0.3417113458942262,1022023.7848444368,0.3392208400240215
Constant,Input-only PolyRidge,5,train,2003-01-01,gas_cum,11,70,0.37649857870930953,1208354.150564745,0.3740181170524601
Constant,Input-only PolyRidge,5,train,2003-01-01,gas_cum,12,70,0.41117635029491306,1405215.9657915444,0.40871174371886604
Constant,Input-only PolyRidge,5,train,2003-01-01,gas_cum,13,70,0.4442099597725524,1605259.2601186426,0.441761319521275
Constant,Input-only PolyRidge,5,train,2003-01-01,gas_cum,14,70,0.4762282650610474,1812905.8513709875,0.47379394314915757
Constant,Input-only PolyRidge,5,train,2003-01-01,gas_cum,15,70,0.5071651882248027,2027388.2181972845,0.5047392248928293
Constant,Input-only PolyRidge,5,train,2003-01-01,gas_cum,16,70,0.5370020188521683,2246568.1706662746,0.5345773454322585
Constant,Input-only PolyRidge,5,train,2003-01-01,gas_cum,17,70,0.5653306262278803,2465464.5822685533,0.5628990479206393
Constant,Input-only PolyRidge,5,train,2003-01-01,gas_cum,18,70,0.5932467534030291,2691155.878349996,0.5908018863513773
Constant,Input-only PolyRidge,5,train,2003-01-01,gas_cum,19,70,0.620845384852731,2923660.5994939487,0.6183794778478147
Constant,Input-only PolyRidge,5,train,2003-01-01,gas_cum,20,70,0.647935357614791,3160458.4694875097,0.6454400639071557
Constant,Input-only PolyRidge,5,train,2003-01-01,oil_cum,1,70,0.06444188002080009,66935.29098699192,0.04871534204488811
Constant,Input-only PolyRidge,5,train,2003-01-01,oil_cum,2,70,0.09083222819347486,182949.26847902546,0.0877422684495867
Constant,Input-only PolyRidge,5,train,2003-01-01,oil_cum,3,70,0.12579335140717834,369849.801357127,0.12375254707550158
Constant,Input-only PolyRidge,5,train,2003-01-01,oil_cum,4,70,0.15799228565225742,603661.8057142567,0.1559861864559877
Constant,Input-only PolyRidge,5,train,2003-01-01,oil_cum,5,70,0.18825241394577485,875662.0870584648,0.18613996617574322
Constant,Input-only PolyRidge,5,train,2003-01-01,oil_cum,6,70,0.21795296089599894,1186432.9830424234,0.21571511079657082
Constant,Input-only PolyRidge,5,train,2003-01-01,oil_cum,7,70,0.24810869609877556,1539583.7163499505,0.245769749101191
Constant,Input-only PolyRidge,5,train,2003-01-01,oil_cum,8,70,0.2784772824665589,1929836.6224913208,0.2760684482984885
Constant,Input-only PolyRidge,5,train,2003-01-01,oil_cum,9,70,0.30921782361828687,2350171.649281012,0.3067767327469167
Constant,Input-only PolyRidge,5,train,2003-01-01,oil_cum,10,70,0.34243514747236586,2819589.9376269323,0.3399873279193111
Constant,Input-only PolyRidge,5,train,2003-01-01,oil_cum,11,70,0.37725368563595724,3333248.3631896363,0.3748154843024683
Constant,Input-only PolyRidge,5,train,2003-01-01,oil_cum,12,70,0.4119758804235721,3875996.28377416,0.4095516037278783
Constant,Input-only PolyRidge,5,train,2003-01-01,oil_cum,13,70,0.44504609912676546,4427454.582919074,0.44263594734684936
Constant,Input-only PolyRidge,5,train,2003-01-01,oil_cum,14,70,0.47707842153950264,4999703.977541801,0.47468185827391685
Constant,Input-only PolyRidge,5,train,2003-01-01,oil_cum,15,70,0.5080111322902878,5590649.962117247,0.5056229599757639
Constant,Input-only PolyRidge,5,train,2003-01-01,oil_cum,16,70,0.5378567367651815,6194620.1662712535,0.535468795716871
Constant,Input-only PolyRidge,5,train,2003-01-01,oil_cum,17,70,0.5662085662916244,6797908.606038197,0.5638121396637384
Constant,Input-only PolyRidge,5,train,2003-01-01,oil_cum,18,70,0.5941520163054781,7419945.436394826,0.5917407017256219
Constant,Input-only PolyRidge,5,train,2003-01-01,oil_cum,19,70,0.6217764549748898,8060739.006790875,0.6193427809306516
Constant,Input-only PolyRidge,5,train,2003-01-01,oil_cum,20,70,0.6488880367432669,8713322.389354963,0.6464239222957371
Constant,Input-only PolyRidge,5,train,2003-01-01,water_cum,1,70,0.08229051065639127,40183.712383703045,-0.04003346795369652
Constant,Input-only PolyRidge,5,train,2003-01-01,water_cum,2,70,0.06176238611631783,61099.50832856824,-0.04627654028274665
Constant,Input-only PolyRidge,5,train,2003-01-01,water_cum,3,70,0.06308240841151748,94606.17971119747,-0.0522984685914416
Constant,Input-only PolyRidge,5,train,2003-01-01,water_cum,4,70,0.07309837300166666,148004.52469351358,-0.0628224322214688
Constant,Input-only PolyRidge,5,train,2003-01-01,water_cum,5,70,0.08536199213343679,218376.62876212367,-0.07458395015228436
Constant,Input-only PolyRidge,5,train,2003-01-01,water_cum,6,70,0.09784711130048435,303799.94753109687,-0.08642495992108104
Constant,Input-only PolyRidge,5,train,2003-01-01,water_cum,7,70,0.11008736362916687,404099.98659031425,-0.09820159592579897
Constant,Input-only PolyRidge,5,train,2003-01-01,water_cum,8,70,0.12190091016133442,518156.8801537526,-0.10983349857061347
Constant,Input-only PolyRidge,5,train,2003-01-01,water_cum,9,70,0.13299324299151466,642544.0803469283,-0.12097407886388784
Constant,Input-only PolyRidge,5,train,2003-01-01,water_cum,10,70,0.14363194690767583,780057.4985554459,-0.13179417365273216
Constant,Input-only PolyRidge,5,train,2003-01-01,water_cum,11,70,0.1537400229618612,929938.9570403628,-0.14220032947684097
Constant,Input-only PolyRidge,5,train,2003-01-01,water_cum,12,70,0.1632448595921236,1090085.4313470586,-0.15206703017716494
Constant,Input-only PolyRidge,5,train,2003-01-01,water_cum,13,70,0.17205805163683335,1256561.6890369314,-0.16125809722446313
Constant,Input-only PolyRidge,5,train,2003-01-01,water_cum,14,70,0.18068981512656065,1435968.9684507162,-0.17028659301272664
Constant,Input-only PolyRidge,5,train,2003-01-01,water_cum,15,70,0.18916328488915696,1628688.096037508,-0.17915973502086624
Constant,Input-only PolyRidge,5,train,2003-01-01,water_cum,16,70,0.19734347981103112,1832101.1884818268,-0.1877329051683651
Constant,Input-only PolyRidge,5,train,2003-01-01,water_cum,17,70,0.20503188592893526,2040630.7125295396,-0.19578433397973485
Constant,Input-only PolyRidge,5,train,2003-01-01,water_cum,18,70,0.2126070354216646,2262144.9129252494,-0.20371541933265427
Constant,Input-only PolyRidge,5,train,2003-01-01,water_cum,19,70,0.22004825706996678,2496549.1111487327,-0.21149705481742007
Constant,Input-only PolyRidge,5,train,2003-01-01,water_cum,20,70,0.22726236222144044,2741003.232231387,-0.21902550519186645
Constant,Input-only PolyRidge,5,validation,2003-01-01,gas_cum,1,15,0.08436764019766198,32816.94161069396,0.024177277824080527
Constant,Input-only PolyRidge,5,validation,2003-01-01,gas_cum,2,15,0.08477279136336242,63986.388568967326,0.07197214957164193
Constant,Input-only PolyRidge,5,validation,2003-01-01,gas_cum,3,15,0.11605904363618279,127924.90808769458,0.11060204727966105
Constant,Input-only PolyRidge,5,validation,2003-01-01,gas_cum,4,15,0.1476593817098645,211549.5488676885,0.1440283103299724
Constant,Input-only PolyRidge,5,validation,2003-01-01,gas_cum,5,15,0.17788164646685733,310251.08885496075,0.1749377684237849
Constant,Input-only PolyRidge,5,validation,2003-01-01,gas_cum,6,15,0.20785734645584708,424163.47947963525,0.205201739943772
Constant,Input-only PolyRidge,5,validation,2003-01-01,gas_cum,7,15,0.23834765295059013,554305.4367731526,0.23580283535372104
Constant,Input-only PolyRidge,5,validation,2003-01-01,gas_cum,8,15,0.269060353662492,698624.1700381011,0.2665478378599552
Constant,Input-only PolyRidge,5,validation,2003-01-01,gas_cum,9,15,0.2999350200439017,854038.2350022896,0.2974337619315228
Constant,Input-only PolyRidge,5,validation,2003-01-01,gas_cum,10,15,0.33302777219864055,1027374.9740549397,0.33053288752269594
Constant,Input-only PolyRidge,5,validation,2003-01-01,gas_cum,11,15,0.367485401252877,1216757.065496326,0.3649981472156047
Constant,Input-only PolyRidge,5,validation,2003-01-01,gas_cum,12,15,0.40167578175662183,1416604.8153564578,0.39919792156675804
Constant,Input-only PolyRidge,5,validation,2003-01-01,gas_cum,13,15,0.43415593563361576,1619567.5226416246,0.4316852820299887
Constant,Input-only PolyRidge,5,validation,2003-01-01,gas_cum,14,15,0.4655672218550854,1830150.7960438202,0.46310640364672295
Constant,Input-only PolyRidge,5,validation,2003-01-01,gas_cum,15,15,0.4959102930414649,2047734.1953273339,0.49345941614604905
Constant,Input-only PolyRidge,5,validation,2003-01-01,gas_cum,16,15,0.5251230040818955,2270020.5109929056,0.5226786808049774
Constant,Input-only PolyRidge,5,validation,2003-01-01,gas_cum,17,15,0.5527866957442666,2491886.9425823824,0.550341918947494
Constant,Input-only PolyRidge,5,validation,2003-01-01,gas_cum,18,15,0.5799825733910386,2720522.431267187,0.5775298543124231
Constant,Input-only PolyRidge,5,validation,2003-01-01,gas_cum,19,15,0.606840337958434,2956046.538202861,0.604372252664885
Constant,Input-only PolyRidge,5,validation,2003-01-01,gas_cum,20,15,0.6332176922701567,3196036.416583604,0.6307269854447884
Constant,Input-only PolyRidge,5,validation,2003-01-01,oil_cum,1,15,0.0881581622788273,94337.06109311557,0.024658099609980857
Constant,Input-only PolyRidge,5,validation,2003-01-01,oil_cum,2,15,0.08700335369939005,180628.80660108424,0.07288688947375045
Constant,Input-only PolyRidge,5,validation,2003-01-01,oil_cum,3,15,0.11758775789303931,356544.8065592596,0.11150509585036217
Constant,Input-only PolyRidge,5,validation,2003-01-01,oil_cum,4,15,0.1487736943915148,586463.9333435161,0.14478561664709036
Constant,Input-only PolyRidge,5,validation,2003-01-01,oil_cum,5,15,0.1787103149114271,857770.7689130125,0.17555224625734417
Constant,Input-only PolyRidge,5,validation,2003-01-01,oil_cum,6,15,0.20840586401984032,1170580.7541015248,0.2056239596679597
Constant,Input-only PolyRidge,5,validation,2003-01-01,oil_cum,7,15,0.2386075927563743,1527701.2298957524,0.23599288310120667
Constant,Input-only PolyRidge,5,validation,2003-01-01,oil_cum,8,15,0.26919157230444046,1924473.0929052122,0.2666398968987888
Constant,Input-only PolyRidge,5,validation,2003-01-01,oil_cum,9,15,0.30003005977200387,2352244.497052127,0.29750777650738175
Constant,Input-only PolyRidge,5,validation,2003-01-01,oil_cum,10,15,0.33312477805229246,2829583.3263400365,0.3306215401549381
Constant,Input-only PolyRidge,5,validation,2003-01-01,oil_cum,11,15,0.3676223113370067,3351356.595029328,0.36513343463272574
Constant,Input-only PolyRidge,5,validation,2003-01-01,oil_cum,12,15,0.4018505422551276,3901952.161419229,0.3993746431191319
Constant,Input-only PolyRidge,5,validation,2003-01-01,oil_cum,13,15,0.4343599969474234,4461079.795969228,0.43189371404656435
Constant,Input-only PolyRidge,5,validation,2003-01-01,oil_cum,14,15,0.4657843459960495,5041085.401734725,0.46333049826568506
Constant,Input-only PolyRidge,5,validation,2003-01-01,oil_cum,15,15,0.49611426764472116,5640174.1145130815,0.4936743981315455
Constant,Input-only PolyRidge,5,validation,2003-01-01,oil_cum,16,15,0.5253322032357535,6252349.104576743,0.5229017260444527
Constant,Input-only PolyRidge,5,validation,2003-01-01,oil_cum,17,15,0.5530252189831457,6863557.618309774,0.5505946813789222
Constant,Input-only PolyRidge,5,validation,2003-01-01,oil_cum,18,15,0.580249736266514,7493407.987032366,0.5778109568329045
Constant,Input-only PolyRidge,5,validation,2003-01-01,oil_cum,19,15,0.6071219780233088,8142116.504930006,0.604667710032993
Constant,Input-only PolyRidge,5,validation,2003-01-01,oil_cum,20,15,0.6335079950440086,8803073.89050639,0.6310309841256623
Constant,Input-only PolyRidge,5,validation,2003-01-01,water_cum,1,15,0.0753268733516889,34774.48169210152,-0.052513304608154454
Constant,Input-only PolyRidge,5,validation,2003-01-01,water_cum,2,15,0.06295652359834693,58942.62184407029,-0.056377131970313125
Constant,Input-only PolyRidge,5,validation,2003-01-01,water_cum,3,15,0.06801325536278867,96680.0491208189,-0.06296280885597791
Constant,Input-only PolyRidge,5,validation,2003-01-01,water_cum,4,15,0.08131462124670591,156381.64994473313,-0.07520205106131161
Constant,Input-only PolyRidge,5,validation,2003-01-01,water_cum,5,15,0.09674160303988215,235629.18947087164,-0.08912667391203927
Constant,Input-only PolyRidge,5,validation,2003-01-01,water_cum,6,15,0.11224447622216625,332633.5133213961,-0.1032604392939547
Constant,Input-only PolyRidge,5,validation,2003-01-01,water_cum,7,15,0.1271421483129079,446491.9128672196,-0.11711077881581111
Constant,Input-only PolyRidge,5,validation,2003-01-01,water_cum,8,15,0.14114473249941045,575109.0528708493,-0.13043696654657072
Constant,Input-only PolyRidge,5,validation,2003-01-01,water_cum,9,15,0.1539552751068493,714144.785551614,-0.14286910324325
Constant,Input-only PolyRidge,5,validation,2003-01-01,water_cum,10,15,0.16599782648130837,866696.7577549799,-0.15470435363556664
Constant,Input-only PolyRidge,5,validation,2003-01-01,water_cum,11,15,0.17725800420149582,1031878.3351119527,-0.16589014071766386
Constant,Input-only PolyRidge,5,validation,2003-01-01,water_cum,12,15,0.1876431274745549,1206901.0771715583,-0.17630880189587358
Constant,Input-only PolyRidge,5,validation,2003-01-01,water_cum,13,15,0.19712357352079482,1387598.978691275,-0.18590661422953478
Constant,Input-only PolyRidge,5,validation,2003-01-01,water_cum,14,15,0.20626344403767422,1580987.1556162005,-0.19526547950776277
Constant,Input-only PolyRidge,5,validation,2003-01-01,water_cum,15,15,0.2151557413470639,1787864.3866343193,-0.20445241220639387
Constant,Input-only PolyRidge,5,validation,2003-01-01,water_cum,16,15,0.22368722733529076,2005599.1331097048,-0.21333348141518846
Constant,Input-only PolyRidge,5,validation,2003-01-01,water_cum,17,15,0.23165323003549637,2228105.6623573406,-0.221652352011998
Constant,Input-only PolyRidge,5,validation,2003-01-01,water_cum,18,15,0.23944919869331205,2463592.110914323,-0.22980390539125908
Constant,Input-only PolyRidge,5,validation,2003-01-01,water_cum,19,15,0.24705994689439248,2711898.6144512985,-0.23776033547968134
Constant,Input-only PolyRidge,5,validation,2003-01-01,water_cum,20,15,0.25440517282368097,2970128.223824734,-0.24543027962828498
Liquid-WC-time,History-conditioned,3,train,2003-01-01,gas_cum,1,70,0.022924075177270742,8652.370887455765,0.016191658150822432
Liquid-WC-time,History-conditioned,3,train,2003-01-01,gas_cum,2,70,0.028975561763021372,21206.38031155296,0.016663249618041713
Liquid-WC-time,History-conditioned,3,train,2003-01-01,gas_cum,3,70,0.031097597295248552,33220.29061657977,0.010118940838124812
Liquid-WC-time,History-conditioned,3,train,2003-01-01,gas_cum,4,70,0.033381485261350055,46339.50739961051,-0.0034524340959797275
Liquid-WC-time,History-conditioned,3,train,2003-01-01,gas_cum,5,70,0.041396973958321405,69956.51359997616,-0.021385665228581874
Liquid-WC-time,History-conditioned,3,train,2003-01-01,gas_cum,6,70,0.05583576477719947,110415.24991780995,-0.04228127759964497
Liquid-WC-time,History-conditioned,3,train,2003-01-01,gas_cum,7,70,0.0747531638618617,168504.22008216204,-0.0653148852632048
Liquid-WC-time,History-conditioned,3,train,2003-01-01,gas_cum,8,70,0.09638556611073817,242634.39276001265,-0.08966158504616656
Liquid-WC-time,History-conditioned,3,train,2003-01-01,gas_cum,9,70,0.11861210529122848,327464.508154566,-0.11367547765742533
Liquid-WC-time,History-conditioned,3,train,2003-01-01,gas_cum,10,70,0.14081748935377048,421170.74885239697,-0.1370807645571664
Liquid-WC-time,History-conditioned,3,train,2003-01-01,gas_cum,11,70,0.163147790863907,523615.0184728344,-0.16021373613233755
Liquid-WC-time,History-conditioned,3,train,2003-01-01,gas_cum,12,70,0.1857561637368987,634831.0812138354,-0.1833182631854877
Liquid-WC-time,History-conditioned,3,train,2003-01-01,oil_cum,1,70,0.0231954884052519,24092.977509188084,0.01638603700838213
Liquid-WC-time,History-conditioned,3,train,2003-01-01,oil_cum,2,70,0.0292321439056907,58877.773340849315,0.01683122735232481
Liquid-WC-time,History-conditioned,3,train,2003-01-01,oil_cum,3,70,0.03127317442488634,91947.44570730125,0.01021044824616387
Liquid-WC-time,History-conditioned,3,train,2003-01-01,oil_cum,4,70,0.03348000917315502,127921.45331247612,-0.003402675475320595
Liquid-WC-time,History-conditioned,3,train,2003-01-01,oil_cum,5,70,0.041448800736556074,192800.4140732971,-0.02138487978506178
Liquid-WC-time,History-conditioned,3,train,2003-01-01,oil_cum,6,70,0.05589713646999424,304277.611522194,-0.042335705082661164
Liquid-WC-time,History-conditioned,3,train,2003-01-01,oil_cum,7,70,0.07482886112850125,464333.97102932434,-0.06539754458857493
Liquid-WC-time,History-conditioned,3,train,2003-01-01,oil_cum,8,70,0.09646770536946694,668517.4067369603,-0.08975831663079979
Liquid-WC-time,History-conditioned,3,train,2003-01-01,oil_cum,9,70,0.11870159159306815,902176.6986851791,-0.11378385717029885
Liquid-WC-time,History-conditioned,3,train,2003-01-01,oil_cum,10,70,0.1409113701142193,1160255.5526323123,-0.13719414232833707
Liquid-WC-time,History-conditioned,3,train,2003-01-01,oil_cum,11,70,0.1632363395814332,1442284.8137471431,-0.16031624832162422
Liquid-WC-time,History-conditioned,3,train,2003-01-01,oil_cum,12,70,0.18583699701287296,1748411.8465116618,-0.18340421939721985
Liquid-WC-time,History-conditioned,3,train,2003-01-01,water_cum,1,70,0.04234049569086442,20675.51030433387,0.038700935620432704
Liquid-WC-time,History-conditioned,3,train,2003-01-01,water_cum,2,70,0.10816375299638847,107002.86278780899,0.10360078286990264
Liquid-WC-time,History-conditioned,3,train,2003-01-01,water_cum,3,70,0.17938796572242405,269032.3744846623,0.1742893374162218
Liquid-WC-time,History-conditioned,3,train,2003-01-01,water_cum,4,70,0.24634400024704128,498780.276092203,0.2411668911129392
Liquid-WC-time,History-conditioned,3,train,2003-01-01,water_cum,5,70,0.31035282289077054,793957.6091869056,0.30547162876201117
Liquid-WC-time,History-conditioned,3,train,2003-01-01,water_cum,6,70,0.37276075217584026,1157363.7223167764,0.3683816949975644
Liquid-WC-time,History-conditioned,3,train,2003-01-01,water_cum,7,70,0.4337174262195866,1592055.621476299,0.4299441197834622
Liquid-WC-time,History-conditioned,3,train,2003-01-01,water_cum,8,70,0.49167924592716006,2089951.4512958582,0.48850531153790483
Liquid-WC-time,History-conditioned,3,train,2003-01-01,water_cum,9,70,0.5450349026034833,2633283.784745945,0.5423724350474937
Liquid-WC-time,History-conditioned,3,train,2003-01-01,water_cum,10,70,0.5955371730566708,3234330.8540541832,0.5932811816898984
Liquid-WC-time,History-conditioned,3,train,2003-01-01,water_cum,11,70,0.6429351450607483,3888970.6578924297,0.6409673552595399
Liquid-WC-time,History-conditioned,3,train,2003-01-01,water_cum,12,70,0.6865513676028746,4584521.960233302,0.6847510401960308
Liquid-WC-time,History-conditioned,3,train,2004-01-01,gas_cum,1,70,0.009643256501367183,2909.5923261568846,0.007801836050664402
Liquid-WC-time,History-conditioned,3,train,2004-01-01,gas_cum,2,70,0.009094674669201741,5359.836314796515,0.0006399735377080861
Liquid-WC-time,History-conditioned,3,train,2004-01-01,gas_cum,3,70,0.013980783450266508,12107.21113934217,-0.006961334379132498
Liquid-WC-time,History-conditioned,3,train,2004-01-01,gas_cum,4,70,0.021362917017741918,24122.858850509052,-0.01534010314784516
Liquid-WC-time,History-conditioned,3,train,2004-01-01,gas_cum,5,70,0.0289344142028206,39717.81619413465,-0.023108191476525212
Liquid-WC-time,History-conditioned,3,train,2004-01-01,gas_cum,6,70,0.035623344476339934,57097.5313234609,-0.029431254170119728
Liquid-WC-time,History-conditioned,3,train,2004-01-01,gas_cum,7,70,0.04261278542133626,77615.40471473052,-0.03596808288741045
Liquid-WC-time,History-conditioned,3,train,2004-01-01,gas_cum,8,70,0.051100320547949545,103711.5043340106,-0.04417596757529379
Liquid-WC-time,History-conditioned,3,train,2004-01-01,gas_cum,9,70,0.061336646650635124,136524.38880773017,-0.05433846332045019
Liquid-WC-time,History-conditioned,3,train,2004-01-01,gas_cum,10,70,0.07377520164715212,178458.7607556355,-0.06683422807523241
Liquid-WC-time,History-conditioned,3,train,2004-01-01,gas_cum,11,70,0.08817901211931317,230122.54849547168,-0.08133422974317873
Liquid-WC-time,History-conditioned,3,train,2004-01-01,gas_cum,12,70,0.10382543074141386,290279.8029920613,-0.09705029544621666
Liquid-WC-time,History-conditioned,3,train,2004-01-01,oil_cum,1,70,0.00949669466049933,7889.155895969563,0.007639360481262019
Liquid-WC-time,History-conditioned,3,train,2004-01-01,oil_cum,2,70,0.009078617504704529,14732.315492855414,0.0003949468974009016
Liquid-WC-time,History-conditioned,3,train,2004-01-01,oil_cum,3,70,0.014119989066869506,33669.54495488652,-0.0072073684808590735
Liquid-WC-time,History-conditioned,3,train,2004-01-01,oil_cum,4,70,0.021551189654225766,67008.0875809769,-0.015573485164211956
Liquid-WC-time,History-conditioned,3,train,2004-01-01,oil_cum,5,70,0.02913930023497545,110138.57036722136,-0.02333935826409515
Liquid-WC-time,History-conditioned,3,train,2004-01-01,oil_cum,6,70,0.0358282210252268,158123.47795816808,-0.02965473493573926
Liquid-WC-time,History-conditioned,3,train,2004-01-01,oil_cum,7,70,0.042798882421979205,214641.8295015438,-0.0361573765198891
Liquid-WC-time,History-conditioned,3,train,2004-01-01,oil_cum,8,70,0.05125856329738645,286434.486247256,-0.04432470013335835
Liquid-WC-time,History-conditioned,3,train,2004-01-01,oil_cum,9,70,0.061471777112820924,376711.89107637183,-0.05446000773336528
Liquid-WC-time,History-conditioned,3,train,2004-01-01,oil_cum,10,70,0.0739085162377332,492226.335905144,-0.06695214453016253
Liquid-WC-time,History-conditioned,3,train,2004-01-01,oil_cum,11,70,0.0883280946844031,634663.1983250029,-0.08146391709349574
Liquid-WC-time,History-conditioned,3,train,2004-01-01,oil_cum,12,70,0.10398159235103699,800425.8727280073,-0.09718014903949619
Liquid-WC-time,History-conditioned,3,train,2004-01-01,water_cum,1,70,0.017165277753791376,9166.277624416169,0.014586879062174575
Liquid-WC-time,History-conditioned,3,train,2004-01-01,water_cum,2,70,0.034702918312235806,37518.9855789244,0.03166126562320778
Liquid-WC-time,History-conditioned,3,train,2004-01-01,water_cum,3,70,0.052043645381009015,85745.78833824319,0.04866792598941394
Liquid-WC-time,History-conditioned,3,train,2004-01-01,water_cum,4,70,0.06850376673181137,152626.93355656462,0.06489623833395737
Liquid-WC-time,History-conditioned,3,train,2004-01-01,water_cum,5,70,0.08389840667094055,235689.83911637185,0.08009224547104128
Liquid-WC-time,History-conditioned,3,train,2004-01-01,water_cum,6,70,0.09906748553140265,337739.9515653037,0.09504811715944013
Liquid-WC-time,History-conditioned,3,train,2004-01-01,water_cum,7,70,0.11401891489873991,459198.3777065602,0.10975381831015357
Liquid-WC-time,History-conditioned,3,train,2004-01-01,water_cum,8,70,0.1285070679176861,598398.5789262117,0.12394803571648537
Liquid-WC-time,History-conditioned,3,train,2004-01-01,water_cum,9,70,0.1420526289321654,750369.9976939688,0.1371644083198139
Liquid-WC-time,History-conditioned,3,train,2004-01-01,water_cum,10,70,0.15472641277565413,917004.7570873186,0.14945259105158834
Liquid-WC-time,History-conditioned,3,train,2004-01-01,water_cum,11,70,0.16645211874608518,1096865.354469914,0.16073529873556613
Liquid-WC-time,History-conditioned,3,train,2004-01-01,water_cum,12,70,0.17716143426109845,1286858.4587103042,0.1709471796450233
Liquid-WC-time,History-conditioned,3,train,2005-01-01,gas_cum,1,70,0.019786702599366972,4818.430532178535,0.019303029773759736
Liquid-WC-time,History-conditioned,3,train,2005-01-01,gas_cum,2,70,0.023988654089180984,11363.334365089831,0.022566436308058366
Liquid-WC-time,History-conditioned,3,train,2005-01-01,gas_cum,3,70,0.02649780015657033,18346.25076783756,0.02326336266028236
Liquid-WC-time,History-conditioned,3,train,2005-01-01,gas_cum,4,70,0.026223504399342356,23617.260315968815,0.01960025761819708
Liquid-WC-time,History-conditioned,3,train,2005-01-01,gas_cum,5,70,0.025201882001321115,27645.600385532638,0.01200241804920744
Liquid-WC-time,History-conditioned,3,train,2005-01-01,gas_cum,6,70,0.027029745511348083,34873.78190029528,0.0007662021813608291
Liquid-WC-time,History-conditioned,3,train,2005-01-01,gas_cum,7,70,0.03452519782817253,51134.22254442734,-0.01319501157914997
Liquid-WC-time,History-conditioned,3,train,2005-01-01,gas_cum,8,70,0.04653941304014582,77594.91464653882,-0.028576213893207286
Liquid-WC-time,History-conditioned,3,train,2005-01-01,gas_cum,9,70,0.06070384515363784,112000.48430774157,-0.044423418701299545
Liquid-WC-time,History-conditioned,3,train,2005-01-01,gas_cum,10,70,0.07634639085094659,154251.77724279184,-0.06091932634342847
Liquid-WC-time,History-conditioned,3,train,2005-01-01,gas_cum,11,70,0.09285987623685102,203682.0953397861,-0.07784772831539678
Liquid-WC-time,History-conditioned,3,train,2005-01-01,gas_cum,12,70,0.10968131620289681,259086.90990753175,-0.09483753921627483
Liquid-WC-time,History-conditioned,3,train,2005-01-01,oil_cum,1,70,0.019564206750821607,13118.771605268601,0.019117821431027773
Liquid-WC-time,History-conditioned,3,train,2005-01-01,oil_cum,2,70,0.02383540099976378,31089.42719767286,0.02240128045699869
Liquid-WC-time,History-conditioned,3,train,2005-01-01,oil_cum,3,70,0.02645729083804692,50435.24201205726,0.023184039640713302
Liquid-WC-time,History-conditioned,3,train,2005-01-01,oil_cum,4,70,0.026267412806604946,65128.45000759043,0.019599302007150623
Liquid-WC-time,History-conditioned,3,train,2005-01-01,oil_cum,5,70,0.025275353037279305,76328.55770691835,0.012038504333347907
Liquid-WC-time,History-conditioned,3,train,2005-01-01,oil_cum,6,70,0.027111868134762844,96298.43964965256,0.0007887765652975974
Liquid-WC-time,History-conditioned,3,train,2005-01-01,oil_cum,7,70,0.03463496950128599,141225.00831921227,-0.01321146637629626
Liquid-WC-time,History-conditioned,3,train,2005-01-01,oil_cum,8,70,0.046648932096474444,214131.38667338173,-0.028604954658267016
Liquid-WC-time,History-conditioned,3,train,2005-01-01,oil_cum,9,70,0.06079038884448931,308786.7006797602,-0.044441905376689836
Liquid-WC-time,History-conditioned,3,train,2005-01-01,oil_cum,10,70,0.07640787438192473,425002.4878486739,-0.06092394037743666
Liquid-WC-time,History-conditioned,3,train,2005-01-01,oil_cum,11,70,0.09290299143818424,560995.8168200334,-0.07784188637408639
Liquid-WC-time,History-conditioned,3,train,2005-01-01,oil_cum,12,70,0.10971302514501449,713464.717355818,-0.09482683373823038
Liquid-WC-time,History-conditioned,3,train,2005-01-01,water_cum,1,70,0.005801229285500502,3372.162929492746,-0.0023920544524168143
Liquid-WC-time,History-conditioned,3,train,2005-01-01,water_cum,2,70,0.009725368563120545,11488.67145690026,0.0007408852876659275
Liquid-WC-time,History-conditioned,3,train,2005-01-01,water_cum,3,70,0.015075822155603864,27129.89563384454,0.003999475397524675
Liquid-WC-time,History-conditioned,3,train,2005-01-01,water_cum,4,70,0.020735497003561816,50361.68664131317,0.00720472955499841
Liquid-WC-time,History-conditioned,3,train,2005-01-01,water_cum,5,70,0.026173197492449694,79948.76870361266,0.010083798709702338
Liquid-WC-time,History-conditioned,3,train,2005-01-01,water_cum,6,70,0.03126568188965954,115649.46401604438,0.012257834611864138
Liquid-WC-time,History-conditioned,3,train,2005-01-01,water_cum,7,70,0.03600908702339872,157072.31163588795,0.013795501146692457
Liquid-WC-time,History-conditioned,3,train,2005-01-01,water_cum,8,70,0.040464768108963836,203786.25163548847,0.014844539282908829
Liquid-WC-time,History-conditioned,3,train,2005-01-01,water_cum,9,70,0.04457637665258085,254322.10190970238,0.015529120722286566
Liquid-WC-time,History-conditioned,3,train,2005-01-01,water_cum,10,70,0.04842432234364543,309568.2393229103,0.01561967271735277
Liquid-WC-time,History-conditioned,3,train,2005-01-01,water_cum,11,70,0.05203598445051066,369376.80649086967,0.015182336379806136
Liquid-WC-time,History-conditioned,3,train,2005-01-01,water_cum,12,70,0.0553896172736142,432826.35652662674,0.014274645137987528
Liquid-WC-time,History-conditioned,3,validation,2003-01-01,gas_cum,1,15,0.021873348025446156,8508.19559845111,0.015317702428053304
Liquid-WC-time,History-conditioned,3,validation,2003-01-01,gas_cum,2,15,0.02710562363674074,20459.288157571,0.01659324406398903
Liquid-WC-time,History-conditioned,3,validation,2003-01-01,gas_cum,3,15,0.02836414143522419,31264.088281322027,0.010921647815163278
Liquid-WC-time,History-conditioned,3,validation,2003-01-01,gas_cum,4,15,0.029626414360970972,42445.35308257975,-0.001763610927262153
Liquid-WC-time,History-conditioned,3,validation,2003-01-01,gas_cum,5,15,0.036876110461851186,64317.222438441866,-0.0188667668731583
Liquid-WC-time,History-conditioned,3,validation,2003-01-01,gas_cum,6,15,0.050836126867808105,103738.59198716376,-0.038972897941061464
Liquid-WC-time,History-conditioned,3,validation,2003-01-01,gas_cum,7,15,0.06946683409440275,161553.274543586,-0.061402366581720415
Liquid-WC-time,History-conditioned,3,validation,2003-01-01,gas_cum,8,15,0.09097297095067851,236214.34916435997,-0.08535162276544113
Liquid-WC-time,History-conditioned,3,validation,2003-01-01,gas_cum,9,15,0.11332380852472873,322679.44370760897,-0.10928892199848607
Liquid-WC-time,History-conditioned,3,validation,2003-01-01,gas_cum,10,15,0.13588269579027976,419191.709269176,-0.1328973051624609
Liquid-WC-time,History-conditioned,3,validation,2003-01-01,gas_cum,11,15,0.15874414258390462,525607.4294015509,-0.15644078711046144
Liquid-WC-time,History-conditioned,3,validation,2003-01-01,gas_cum,12,15,0.18199293285546156,641841.1981833186,-0.1800840402817325
Liquid-WC-time,History-conditioned,3,validation,2003-01-01,oil_cum,1,15,0.0224612532674319,24035.535303196328,0.015823565707591532
Liquid-WC-time,History-conditioned,3,validation,2003-01-01,oil_cum,2,15,0.02792321050227899,57971.74447923467,0.017274357957542553
Liquid-WC-time,History-conditioned,3,validation,2003-01-01,oil_cum,3,15,0.029023129762199517,88002.75107057107,0.011487797994528351
Liquid-WC-time,History-conditioned,3,validation,2003-01-01,oil_cum,4,15,0.029936767121180177,118010.33959184599,-0.0013888803047332663
Liquid-WC-time,History-conditioned,3,validation,2003-01-01,oil_cum,5,15,0.03691967140224067,177206.4189043113,-0.018653087080902967
Liquid-WC-time,History-conditioned,3,validation,2003-01-01,oil_cum,6,15,0.05088966324183022,285838.6958244281,-0.038941194840100404
Liquid-WC-time,History-conditioned,3,validation,2003-01-01,oil_cum,7,15,0.06964282819509013,445892.91169660614,-0.06156326376499689
Liquid-WC-time,History-conditioned,3,validation,2003-01-01,oil_cum,8,15,0.09120650520818842,652042.9435011043,-0.08558728143313106
Liquid-WC-time,History-conditioned,3,validation,2003-01-01,oil_cum,9,15,0.11356292073303607,890336.6401568041,-0.10953501999108622
Liquid-WC-time,History-conditioned,3,validation,2003-01-01,oil_cum,10,15,0.13610523802597707,1156086.6603726246,-0.13312984849128057
Liquid-WC-time,History-conditioned,3,validation,2003-01-01,oil_cum,11,15,0.1589409424682418,1448953.883739695,-0.15664104554799868
Liquid-WC-time,History-conditioned,3,validation,2003-01-01,oil_cum,12,15,0.18217097768693033,1768872.6663011038,-0.18025794740836013
Liquid-WC-time,History-conditioned,3,validation,2003-01-01,water_cum,1,15,0.04297935425037932,19841.322240207533,0.040349368711608664
Liquid-WC-time,History-conditioned,3,validation,2003-01-01,water_cum,2,15,0.11074665299365899,103685.80910768581,0.10748070974396624
Liquid-WC-time,History-conditioned,3,validation,2003-01-01,water_cum,3,15,0.1840404694827225,261611.38053014138,0.1803089088196798
Liquid-WC-time,History-conditioned,3,validation,2003-01-01,water_cum,4,15,0.2528232638894917,486221.52505018323,0.24892159131190586
Liquid-WC-time,History-conditioned,3,validation,2003-01-01,water_cum,5,15,0.3184934425211154,775740.2126373684,0.3147919331574245
Liquid-WC-time,History-conditioned,3,validation,2003-01-01,water_cum,6,15,0.38251042264116236,1133559.44138706,0.3792413416144644
Liquid-WC-time,History-conditioned,3,validation,2003-01-01,water_cum,7,15,0.44542490449819194,1564222.567316062,0.4426977589330738
Liquid-WC-time,History-conditioned,3,validation,2003-01-01,water_cum,8,15,0.5058090486539127,2060972.1507394698,0.5036059731324445
Liquid-WC-time,History-conditioned,3,validation,2003-01-01,water_cum,9,15,0.5619336104953179,2606613.8849929506,0.5601558679453436
Liquid-WC-time,History-conditioned,3,validation,2003-01-01,water_cum,10,15,0.6154638300772675,3213418.617282279,0.6140044282042354
Liquid-WC-time,History-conditioned,3,validation,2003-01-01,water_cum,11,15,0.6660406331616059,3877246.067164673,0.6647848555693193
Liquid-WC-time,History-conditioned,3,validation,2003-01-01,water_cum,12,15,0.7128958360910967,4585271.861907844,0.7117308289478361
Liquid-WC-time,History-conditioned,3,validation,2004-01-01,gas_cum,1,15,0.01251170518810044,3896.990029849857,0.010271679841423211
Liquid-WC-time,History-conditioned,3,validation,2004-01-01,gas_cum,2,15,0.011929072490794928,7252.639931505111,0.004914039439802761
Liquid-WC-time,History-conditioned,3,validation,2004-01-01,gas_cum,3,15,0.013871132184577266,12386.346344093185,-0.0010852657370980395
Liquid-WC-time,History-conditioned,3,validation,2004-01-01,gas_cum,4,15,0.01809217416142416,21057.1924900571,-0.00798870057251421
Liquid-WC-time,History-conditioned,3,validation,2004-01-01,gas_cum,5,15,0.02335806883347591,33046.376258796314,-0.014701427315984486
Liquid-WC-time,History-conditioned,3,validation,2004-01-01,gas_cum,6,15,0.028413723688061013,46948.90457512323,-0.020281282357669468
Liquid-WC-time,History-conditioned,3,validation,2004-01-01,gas_cum,7,15,0.033993079976413355,63853.88305413182,-0.026296070282554807
Liquid-WC-time,History-conditioned,3,validation,2004-01-01,gas_cum,8,15,0.041199619429969664,86279.05605865373,-0.03414577941825154
Liquid-WC-time,History-conditioned,3,validation,2004-01-01,gas_cum,9,15,0.05034259004865543,115679.96790628678,-0.044044640546689946
Liquid-WC-time,History-conditioned,3,validation,2004-01-01,gas_cum,10,15,0.06193236444087672,154740.00206045512,-0.056338363835627285
Liquid-WC-time,History-conditioned,3,validation,2004-01-01,gas_cum,11,15,0.07569337912645768,204131.09353597523,-0.07064137271268461
Liquid-WC-time,History-conditioned,3,validation,2004-01-01,gas_cum,12,15,0.0909284332409216,262825.6144356767,-0.08622650064567418
Liquid-WC-time,History-conditioned,3,validation,2004-01-01,oil_cum,1,15,0.01209488776534966,10375.252946181896,0.00979125840577296
Liquid-WC-time,History-conditioned,3,validation,2004-01-01,oil_cum,2,15,0.011857428946179915,19859.97714590298,0.0041679241370377006
Liquid-WC-time,History-conditioned,3,validation,2004-01-01,oil_cum,3,15,0.014357631904255154,35329.2098939552,-0.0021021150177690253
Liquid-WC-time,History-conditioned,3,validation,2004-01-01,oil_cum,4,15,0.01885945710073875,60486.029967918614,-0.008988084289056899
Liquid-WC-time,History-conditioned,3,validation,2004-01-01,oil_cum,5,15,0.024150819973519626,94144.15505080154,-0.01559657795443823
Liquid-WC-time,History-conditioned,3,validation,2004-01-01,oil_cum,6,15,0.029129368882604784,132604.3511099937,-0.021065630221317962
Liquid-WC-time,History-conditioned,3,validation,2004-01-01,oil_cum,7,15,0.034627826483658294,179183.80092933128,-0.026958784646049408
Liquid-WC-time,History-conditioned,3,validation,2004-01-01,oil_cum,8,15,0.0417879750353509,241045.81262693703,-0.03471630019694304
Liquid-WC-time,History-conditioned,3,validation,2004-01-01,oil_cum,9,15,0.050892059226128786,322091.90303581156,-0.04454812924310047
Liquid-WC-time,History-conditioned,3,validation,2004-01-01,oil_cum,10,15,0.06244333741926357,429696.04577123374,-0.05679860575332241
Liquid-WC-time,History-conditioned,3,validation,2004-01-01,oil_cum,11,15,0.07618321563936664,565846.1151946551,-0.07108516016866631
Liquid-WC-time,History-conditioned,3,validation,2004-01-01,oil_cum,12,15,0.09139175631285998,727534.0311758774,-0.08664023713815082
Liquid-WC-time,History-conditioned,3,validation,2004-01-01,water_cum,1,15,0.016298340421252965,8363.079497139495,0.011234407641088911
Liquid-WC-time,History-conditioned,3,validation,2004-01-01,water_cum,2,15,0.031856782953837565,33184.248045868466,0.026563815316552105
Liquid-WC-time,History-conditioned,3,validation,2004-01-01,water_cum,3,15,0.047920443296623184,76227.00711887392,0.042550025387788605
Liquid-WC-time,History-conditioned,3,validation,2004-01-01,water_cum,4,15,0.0637825684410774,137404.91714701834,0.05844592893081328
Liquid-WC-time,History-conditioned,3,validation,2004-01-01,water_cum,5,15,0.07910386895213824,215081.281470405,0.073858098037156
Liquid-WC-time,History-conditioned,3,validation,2004-01-01,water_cum,6,15,0.09453984645719027,312177.02399884845,0.08940451843150486
Liquid-WC-time,History-conditioned,3,validation,2004-01-01,water_cum,7,15,0.11005747912043382,429535.4589930876,0.10501605228003098
Liquid-WC-time,History-conditioned,3,validation,2004-01-01,water_cum,8,15,0.12539537168576104,566019.9569142273,0.1204128393793796
Liquid-WC-time,History-conditioned,3,validation,2004-01-01,water_cum,9,15,0.13991415595212897,716591.1561535229,0.1349452206638814
Liquid-WC-time,History-conditioned,3,validation,2004-01-01,water_cum,10,15,0.15366789481762883,883235.2018009394,0.14861035244286214
Liquid-WC-time,History-conditioned,3,validation,2004-01-01,water_cum,11,15,0.16649639230835103,1064372.9687935098,0.16122827966689682
Liquid-WC-time,History-conditioned,3,validation,2004-01-01,water_cum,12,15,0.17829567565860505,1256900.6404697027,0.17270109411575602
Liquid-WC-time,History-conditioned,3,validation,2005-01-01,gas_cum,1,15,0.019100201567310307,4792.331447834229,0.018617079413117642
Liquid-WC-time,History-conditioned,3,validation,2005-01-01,gas_cum,2,15,0.022305604450874535,10896.11889124115,0.021014994079631623
Liquid-WC-time,History-conditioned,3,validation,2005-01-01,gas_cum,3,15,0.023696948621076217,16934.859278341566,0.020764493090248314
Liquid-WC-time,History-conditioned,3,validation,2005-01-01,gas_cum,4,15,0.022665671939693256,21088.94932062822,0.016160966814268967
Liquid-WC-time,History-conditioned,3,validation,2005-01-01,gas_cum,5,15,0.021898685175071077,24837.20289945481,0.007755062121924229
Liquid-WC-time,History-conditioned,3,validation,2005-01-01,gas_cum,6,15,0.025811081424371246,34456.282229555276,-0.004188605222866178
Liquid-WC-time,History-conditioned,3,validation,2005-01-01,gas_cum,7,15,0.03591086564519082,55062.46792766277,-0.018682978259916858
Liquid-WC-time,History-conditioned,3,validation,2005-01-01,gas_cum,8,15,0.04982511889028906,86050.37149336337,-0.03456575451140758
Liquid-WC-time,History-conditioned,3,validation,2005-01-01,gas_cum,9,15,0.06531942812091876,124905.20282303558,-0.050926570034472554
Liquid-WC-time,History-conditioned,3,validation,2005-01-01,gas_cum,10,15,0.08198993817330794,171785.55369171733,-0.0679575273986878
Liquid-WC-time,History-conditioned,3,validation,2005-01-01,gas_cum,11,15,0.09935481227731609,226118.20085457346,-0.08539233119144854
Liquid-WC-time,History-conditioned,3,validation,2005-01-01,gas_cum,12,15,0.11687311029184941,286584.59219165245,-0.10281198664438745
Liquid-WC-time,History-conditioned,3,validation,2005-01-01,oil_cum,1,15,0.01886244668423517,13034.331084080248,0.01844228247542152
Liquid-WC-time,History-conditioned,3,validation,2005-01-01,oil_cum,2,15,0.022221443814254033,29891.842203772212,0.0209837920792389
Liquid-WC-time,History-conditioned,3,validation,2005-01-01,oil_cum,3,15,0.023741018415070397,46712.94163418575,0.020895820496471318
Liquid-WC-time,History-conditioned,3,validation,2005-01-01,oil_cum,4,15,0.022705933195385476,58161.4144021404,0.01637175012671604
Liquid-WC-time,History-conditioned,3,validation,2005-01-01,oil_cum,5,15,0.021834238970099396,68173.17738755984,0.00799991870565882
Liquid-WC-time,History-conditioned,3,validation,2005-01-01,oil_cum,6,15,0.02561913800372429,94149.53159285655,-0.003948808998679229
Liquid-WC-time,History-conditioned,3,validation,2005-01-01,oil_cum,7,15,0.03572006704900808,150783.82270959875,-0.018487965632790336
Liquid-WC-time,History-conditioned,3,validation,2005-01-01,oil_cum,8,15,0.04965180428041508,236078.2325968872,-0.034378656529955136
Liquid-WC-time,History-conditioned,3,validation,2005-01-01,oil_cum,9,15,0.06512361001814307,342830.4412079868,-0.05071606011410901
Liquid-WC-time,History-conditioned,3,validation,2005-01-01,oil_cum,10,15,0.08177357832346793,471660.98088586325,-0.06773012422400825
Liquid-WC-time,History-conditioned,3,validation,2005-01-01,oil_cum,11,15,0.09913751975320688,621116.5146930971,-0.08516777645712782
Liquid-WC-time,History-conditioned,3,validation,2005-01-01,oil_cum,12,15,0.11666015907711867,787498.7919075867,-0.10259656298895345
Liquid-WC-time,History-conditioned,3,validation,2005-01-01,water_cum,1,15,0.00512444278120906,2894.2836787499537,-0.0015381153811592544
Liquid-WC-time,History-conditioned,3,validation,2005-01-01,water_cum,2,15,0.00933997497447635,10722.261833918908,0.002774586131461461
Liquid-WC-time,History-conditioned,3,validation,2005-01-01,water_cum,3,15,0.015181933571799996,26551.008542847307,0.007359791650171023
Liquid-WC-time,History-conditioned,3,validation,2005-01-01,water_cum,4,15,0.02153407214396076,50820.34987077964,0.012068100238152963
Liquid-WC-time,History-conditioned,3,validation,2005-01-01,water_cum,5,15,0.027709950788802756,82238.62498593148,0.016378999628433467
Liquid-WC-time,History-conditioned,3,validation,2005-01-01,water_cum,6,15,0.03363380713237962,120877.90276644976,0.019889493536096467
Liquid-WC-time,History-conditioned,3,validation,2005-01-01,water_cum,7,15,0.039191143867367745,166134.30407234794,0.02258046103533373
Liquid-WC-time,History-conditioned,3,validation,2005-01-01,water_cum,8,15,0.044432335972879496,217535.6500140672,0.02461507170950788
Liquid-WC-time,History-conditioned,3,validation,2005-01-01,water_cum,9,15,0.049290363657907024,273482.02465421805,0.02620922120589058
Liquid-WC-time,History-conditioned,3,validation,2005-01-01,water_cum,10,15,0.05376108343217633,334339.05846379144,0.02720754170466802
Liquid-WC-time,History-conditioned,3,validation,2005-01-01,water_cum,11,15,0.05787210547891134,399743.9225374516,0.027678785627771246
Liquid-WC-time,History-conditioned,3,validation,2005-01-01,water_cum,12,15,0.06159573374847598,468482.40381148277,0.027645787052555718
Liquid-WC-time,History-conditioned,5,train,2003-01-01,gas_cum,1,70,0.022924075177270742,8652.370887455765,0.016191658150822432
Liquid-WC-time,History-conditioned,5,train,2003-01-01,gas_cum,2,70,0.028975561763021372,21206.38031155296,0.016663249618041713
Liquid-WC-time,History-conditioned,5,train,2003-01-01,gas_cum,3,70,0.031097597295248552,33220.29061657977,0.010118940838124812
Liquid-WC-time,History-conditioned,5,train,2003-01-01,gas_cum,4,70,0.033381485261350055,46339.50739961051,-0.0034524340959797275
Liquid-WC-time,History-conditioned,5,train,2003-01-01,gas_cum,5,70,0.041396973958321405,69956.51359997616,-0.021385665228581874
Liquid-WC-time,History-conditioned,5,train,2003-01-01,gas_cum,6,70,0.05583576477719947,110415.24991780995,-0.04228127759964497
Liquid-WC-time,History-conditioned,5,train,2003-01-01,gas_cum,7,70,0.0747531638618617,168504.22008216204,-0.0653148852632048
Liquid-WC-time,History-conditioned,5,train,2003-01-01,gas_cum,8,70,0.09638556611073817,242634.39276001265,-0.08966158504616656
Liquid-WC-time,History-conditioned,5,train,2003-01-01,gas_cum,9,70,0.11861210529122848,327464.508154566,-0.11367547765742533
Liquid-WC-time,History-conditioned,5,train,2003-01-01,gas_cum,10,70,0.14081748935377048,421170.74885239697,-0.1370807645571664
Liquid-WC-time,History-conditioned,5,train,2003-01-01,gas_cum,11,70,0.163147790863907,523615.0184728344,-0.16021373613233755
Liquid-WC-time,History-conditioned,5,train,2003-01-01,gas_cum,12,70,0.1857561637368987,634831.0812138354,-0.1833182631854877
Liquid-WC-time,History-conditioned,5,train,2003-01-01,gas_cum,13,70,0.20819630484007673,752367.2959474863,-0.20601088188581193
Liquid-WC-time,History-conditioned,5,train,2003-01-01,gas_cum,14,70,0.2311055482118167,879772.6455480221,-0.22899169024478128
Liquid-WC-time,History-conditioned,5,train,2003-01-01,gas_cum,15,70,0.25417852104667776,1016076.3215878066,-0.25199617054722423
Liquid-WC-time,History-conditioned,5,train,2003-01-01,gas_cum,16,70,0.27675413856864084,1157811.3619338803,-0.2743985535317027
Liquid-WC-time,History-conditioned,5,train,2003-01-01,gas_cum,17,70,0.298115604771947,1300112.5905578223,-0.2955189701155567
Liquid-WC-time,History-conditioned,5,train,2003-01-01,gas_cum,18,70,0.31884125199397473,1446365.2850049904,-0.31595076853869936
Liquid-WC-time,History-conditioned,5,train,2003-01-01,gas_cum,19,70,0.3388156475730087,1595537.2842728086,-0.3355951273764253
Liquid-WC-time,History-conditioned,5,train,2003-01-01,gas_cum,20,70,0.3577555128340704,1745037.4134613741,-0.3541873276183666
Liquid-WC-time,History-conditioned,5,train,2003-01-01,oil_cum,1,70,0.0231954884052519,24092.977509188084,0.01638603700838213
Liquid-WC-time,History-conditioned,5,train,2003-01-01,oil_cum,2,70,0.0292321439056907,58877.773340849315,0.01683122735232481
Liquid-WC-time,History-conditioned,5,train,2003-01-01,oil_cum,3,70,0.03127317442488634,91947.44570730125,0.01021044824616387
Liquid-WC-time,History-conditioned,5,train,2003-01-01,oil_cum,4,70,0.03348000917315502,127921.45331247612,-0.003402675475320595
Liquid-WC-time,History-conditioned,5,train,2003-01-01,oil_cum,5,70,0.041448800736556074,192800.4140732971,-0.02138487978506178
Liquid-WC-time,History-conditioned,5,train,2003-01-01,oil_cum,6,70,0.05589713646999424,304277.611522194,-0.042335705082661164
Liquid-WC-time,History-conditioned,5,train,2003-01-01,oil_cum,7,70,0.07482886112850125,464333.97102932434,-0.06539754458857493
Liquid-WC-time,History-conditioned,5,train,2003-01-01,oil_cum,8,70,0.09646770536946694,668517.4067369603,-0.08975831663079979
Liquid-WC-time,History-conditioned,5,train,2003-01-01,oil_cum,9,70,0.11870159159306815,902176.6986851791,-0.11378385717029885
Liquid-WC-time,History-conditioned,5,train,2003-01-01,oil_cum,10,70,0.1409113701142193,1160255.5526323123,-0.13719414232833707
Liquid-WC-time,History-conditioned,5,train,2003-01-01,oil_cum,11,70,0.1632363395814332,1442284.8137471431,-0.16031624832162422
Liquid-WC-time,History-conditioned,5,train,2003-01-01,oil_cum,12,70,0.18583699701287296,1748411.8465116618,-0.18340421939721985
Liquid-WC-time,History-conditioned,5,train,2003-01-01,oil_cum,13,70,0.20827441827122725,2071977.5535367497,-0.20608532916779915
Liquid-WC-time,History-conditioned,5,train,2003-01-01,oil_cum,14,70,0.2311906315979397,2422840.078661809,-0.22906582758541225
Liquid-WC-time,History-conditioned,5,train,2003-01-01,oil_cum,15,70,0.25427715538009926,2798313.8138805926,-0.2520775928813199
Liquid-WC-time,History-conditioned,5,train,2003-01-01,oil_cum,16,70,0.27685795258819096,3188636.9344558925,-0.2744811553453791
Liquid-WC-time,History-conditioned,5,train,2003-01-01,oil_cum,17,70,0.29821598720352066,3580385.6503733327,-0.2955964760824827
Liquid-WC-time,History-conditioned,5,train,2003-01-01,oil_cum,18,70,0.3189354472967755,3982959.8347395733,-0.31602188876333664
Liquid-WC-time,History-conditioned,5,train,2003-01-01,oil_cum,19,70,0.3389039264631412,4393566.333589058,-0.33566074518268846
Liquid-WC-time,History-conditioned,5,train,2003-01-01,oil_cum,20,70,0.35783956853606713,4805099.4127913965,-0.35424925572781624
Liquid-WC-time,History-conditioned,5,train,2003-01-01,water_cum,1,70,0.04234049569086442,20675.51030433387,0.038700935620432704
Liquid-WC-time,History-conditioned,5,train,2003-01-01,water_cum,2,70,0.10816375299638847,107002.86278780899,0.10360078286990264
Liquid-WC-time,History-conditioned,5,train,2003-01-01,water_cum,3,70,0.17938796572242405,269032.3744846623,0.1742893374162218
Liquid-WC-time,History-conditioned,5,train,2003-01-01,water_cum,4,70,0.24634400024704128,498780.276092203,0.2411668911129392
Liquid-WC-time,History-conditioned,5,train,2003-01-01,water_cum,5,70,0.31035282289077054,793957.6091869056,0.30547162876201117
Liquid-WC-time,History-conditioned,5,train,2003-01-01,water_cum,6,70,0.37276075217584026,1157363.7223167764,0.3683816949975644
Liquid-WC-time,History-conditioned,5,train,2003-01-01,water_cum,7,70,0.4337174262195866,1592055.621476299,0.4299441197834622
Liquid-WC-time,History-conditioned,5,train,2003-01-01,water_cum,8,70,0.49167924592716006,2089951.4512958582,0.48850531153790483
Liquid-WC-time,History-conditioned,5,train,2003-01-01,water_cum,9,70,0.5450349026034833,2633283.784745945,0.5423724350474937
Liquid-WC-time,History-conditioned,5,train,2003-01-01,water_cum,10,70,0.5955371730566708,3234330.8540541832,0.5932811816898984
Liquid-WC-time,History-conditioned,5,train,2003-01-01,water_cum,11,70,0.6429351450607483,3888970.6578924297,0.6409673552595399
Liquid-WC-time,History-conditioned,5,train,2003-01-01,water_cum,12,70,0.6865513676028746,4584521.960233302,0.6847510401960308
Liquid-WC-time,History-conditioned,5,train,2003-01-01,water_cum,13,70,0.7254554308811962,5298092.66626581,0.7237172714136403
Liquid-WC-time,History-conditioned,5,train,2003-01-01,water_cum,14,70,0.7606996443864135,6045393.775433751,0.758941350230965
Liquid-WC-time,History-conditioned,5,train,2003-01-01,water_cum,15,70,0.7922724695932368,6821433.349504645,0.7904310512664386
Liquid-WC-time,History-conditioned,5,train,2003-01-01,water_cum,16,70,0.8200859145664071,7613529.366022331,0.8181153589443539
Liquid-WC-time,History-conditioned,5,train,2003-01-01,water_cum,17,70,0.8440291382710124,8400409.399846433,0.8419030459152561
Liquid-WC-time,History-conditioned,5,train,2003-01-01,water_cum,18,70,0.8649525181578884,9203119.431076786,0.8626515953851132
Liquid-WC-time,History-conditioned,5,train,2003-01-01,water_cum,19,70,0.8830942309416475,10019111.928784506,0.8806086395275194
Liquid-WC-time,History-conditioned,5,train,2003-01-01,water_cum,20,70,0.8985462680901118,10837334.440555638,0.8958757309261509
Liquid-WC-time,History-conditioned,5,validation,2003-01-01,gas_cum,1,15,0.021873348025446156,8508.19559845111,0.015317702428053304
Liquid-WC-time,History-conditioned,5,validation,2003-01-01,gas_cum,2,15,0.02710562363674074,20459.288157571,0.01659324406398903
Liquid-WC-time,History-conditioned,5,validation,2003-01-01,gas_cum,3,15,0.02836414143522419,31264.088281322027,0.010921647815163278
Liquid-WC-time,History-conditioned,5,validation,2003-01-01,gas_cum,4,15,0.029626414360970972,42445.35308257975,-0.001763610927262153
Liquid-WC-time,History-conditioned,5,validation,2003-01-01,gas_cum,5,15,0.036876110461851186,64317.222438441866,-0.0188667668731583
Liquid-WC-time,History-conditioned,5,validation,2003-01-01,gas_cum,6,15,0.050836126867808105,103738.59198716376,-0.038972897941061464
Liquid-WC-time,History-conditioned,5,validation,2003-01-01,gas_cum,7,15,0.06946683409440275,161553.274543586,-0.061402366581720415
Liquid-WC-time,History-conditioned,5,validation,2003-01-01,gas_cum,8,15,0.09097297095067851,236214.34916435997,-0.08535162276544113
Liquid-WC-time,History-conditioned,5,validation,2003-01-01,gas_cum,9,15,0.11332380852472873,322679.44370760897,-0.10928892199848607
Liquid-WC-time,History-conditioned,5,validation,2003-01-01,gas_cum,10,15,0.13588269579027976,419191.709269176,-0.1328973051624609
Liquid-WC-time,History-conditioned,5,validation,2003-01-01,gas_cum,11,15,0.15874414258390462,525607.4294015509,-0.15644078711046144
Liquid-WC-time,History-conditioned,5,validation,2003-01-01,gas_cum,12,15,0.18199293285546156,641841.1981833186,-0.1800840402817325
Liquid-WC-time,History-conditioned,5,validation,2003-01-01,gas_cum,13,15,0.2051019379090251,765108.5939514594,-0.20335236467355872
Liquid-WC-time,History-conditioned,5,validation,2003-01-01,gas_cum,14,15,0.2286828709813067,898955.336031574,-0.2269199644668492
Liquid-WC-time,History-conditioned,5,validation,2003-01-01,gas_cum,15,15,0.2523812420919064,1042143.5226140196,-0.2504693587237441
Liquid-WC-time,History-conditioned,5,validation,2003-01-01,gas_cum,16,15,0.275547659485625,1191147.2815441694,-0.27338689544016187
Liquid-WC-time,History-conditioned,5,validation,2003-01-01,gas_cum,17,15,0.2974547842900169,1340885.5507692276,-0.2949893375210078
Liquid-WC-time,History-conditioned,5,validation,2003-01-01,gas_cum,18,15,0.31869423228316895,1494898.032147034,-0.31588158283096707
Liquid-WC-time,History-conditioned,5,validation,2003-01-01,gas_cum,19,15,0.3391315393827674,1651980.8428695838,-0.3359461483499917
Liquid-WC-time,History-conditioned,5,validation,2003-01-01,gas_cum,20,15,0.358466753986736,1809287.4123095933,-0.35489846498160915
Liquid-WC-time,History-conditioned,5,validation,2003-01-01,oil_cum,1,15,0.0224612532674319,24035.535303196328,0.015823565707591532
Liquid-WC-time,History-conditioned,5,validation,2003-01-01,oil_cum,2,15,0.02792321050227899,57971.74447923467,0.017274357957542553
Liquid-WC-time,History-conditioned,5,validation,2003-01-01,oil_cum,3,15,0.029023129762199517,88002.75107057107,0.011487797994528351
Liquid-WC-time,History-conditioned,5,validation,2003-01-01,oil_cum,4,15,0.029936767121180177,118010.33959184599,-0.0013888803047332663
Liquid-WC-time,History-conditioned,5,validation,2003-01-01,oil_cum,5,15,0.03691967140224067,177206.4189043113,-0.018653087080902967
Liquid-WC-time,History-conditioned,5,validation,2003-01-01,oil_cum,6,15,0.05088966324183022,285838.6958244281,-0.038941194840100404
Liquid-WC-time,History-conditioned,5,validation,2003-01-01,oil_cum,7,15,0.06964282819509013,445892.91169660614,-0.06156326376499689
Liquid-WC-time,History-conditioned,5,validation,2003-01-01,oil_cum,8,15,0.09120650520818842,652042.9435011043,-0.08558728143313106
Liquid-WC-time,History-conditioned,5,validation,2003-01-01,oil_cum,9,15,0.11356292073303607,890336.6401568041,-0.10953501999108622
Liquid-WC-time,History-conditioned,5,validation,2003-01-01,oil_cum,10,15,0.13610523802597707,1156086.6603726246,-0.13312984849128057
Liquid-WC-time,History-conditioned,5,validation,2003-01-01,oil_cum,11,15,0.1589409424682418,1448953.883739695,-0.15664104554799868
Liquid-WC-time,History-conditioned,5,validation,2003-01-01,oil_cum,12,15,0.18217097768693033,1768872.6663011038,-0.18025794740836013
Liquid-WC-time,History-conditioned,5,validation,2003-01-01,oil_cum,13,15,0.20526780012068313,2108196.0639028903,-0.2035070743949151
Liquid-WC-time,History-conditioned,5,validation,2003-01-01,oil_cum,14,15,0.2288454467757396,2476745.8393812706,-0.2270644667529264
Liquid-WC-time,History-conditioned,5,validation,2003-01-01,oil_cum,15,15,0.25255189928083005,2871186.6958741136,-0.25061516193474154
Liquid-WC-time,History-conditioned,5,validation,2003-01-01,oil_cum,16,15,0.2757156438821728,3281486.3595386352,-0.27352531958207826
Liquid-WC-time,History-conditioned,5,validation,2003-01-01,oil_cum,17,15,0.2976084507046881,3693597.8306077644,-0.29511215060092905
Liquid-WC-time,History-conditioned,5,validation,2003-01-01,oil_cum,18,15,0.31883442409162427,4117462.310972392,-0.31599096039578567
Liquid-WC-time,History-conditioned,5,validation,2003-01-01,oil_cum,19,15,0.33926452777591415,4549878.62593158,-0.33604880991327896
Liquid-WC-time,History-conditioned,5,validation,2003-01-01,oil_cum,20,15,0.35859491526572035,4982948.21934287,-0.35499721373135323
Liquid-WC-time,History-conditioned,5,validation,2003-01-01,water_cum,1,15,0.04297935425037932,19841.322240207533,0.040349368711608664
Liquid-WC-time,History-conditioned,5,validation,2003-01-01,water_cum,2,15,0.11074665299365899,103685.80910768581,0.10748070974396624
Liquid-WC-time,History-conditioned,5,validation,2003-01-01,water_cum,3,15,0.1840404694827225,261611.38053014138,0.1803089088196798
Liquid-WC-time,History-conditioned,5,validation,2003-01-01,water_cum,4,15,0.2528232638894917,486221.52505018323,0.24892159131190586
Liquid-WC-time,History-conditioned,5,validation,2003-01-01,water_cum,5,15,0.3184934425211154,775740.2126373684,0.3147919331574245
Liquid-WC-time,History-conditioned,5,validation,2003-01-01,water_cum,6,15,0.38251042264116236,1133559.44138706,0.3792413416144644
Liquid-WC-time,History-conditioned,5,validation,2003-01-01,water_cum,7,15,0.44542490449819194,1564222.567316062,0.4426977589330738
Liquid-WC-time,History-conditioned,5,validation,2003-01-01,water_cum,8,15,0.5058090486539127,2060972.1507394698,0.5036059731324445
Liquid-WC-time,History-conditioned,5,validation,2003-01-01,water_cum,9,15,0.5619336104953179,2606613.8849929506,0.5601558679453436
Liquid-WC-time,History-conditioned,5,validation,2003-01-01,water_cum,10,15,0.6154638300772675,3213418.617282279,0.6140044282042354
Liquid-WC-time,History-conditioned,5,validation,2003-01-01,water_cum,11,15,0.6660406331616059,3877246.067164673,0.6647848555693193
Liquid-WC-time,History-conditioned,5,validation,2003-01-01,water_cum,12,15,0.7128958360910967,4585271.861907844,0.7117308289478361
Liquid-WC-time,History-conditioned,5,validation,2003-01-01,water_cum,13,15,0.7548462357954063,5313539.355799904,0.753672803435129
Liquid-WC-time,History-conditioned,5,validation,2003-01-01,water_cum,14,15,0.7929090455865739,6077562.713513629,0.7916488437918293
Liquid-WC-time,History-conditioned,5,validation,2003-01-01,water_cum,15,15,0.8269406682992863,6871570.154044849,0.8255315824217738
Liquid-WC-time,History-conditioned,5,validation,2003-01-01,water_cum,16,15,0.8568084547428342,7682219.117042015,0.8552047905337232
Liquid-WC-time,History-conditioned,5,validation,2003-01-01,water_cum,17,15,0.882471142196431,8487854.663168434,0.8806510335231734
Liquid-WC-time,History-conditioned,5,validation,2003-01-01,water_cum,18,15,0.9049062174829228,9310199.535741923,0.9028544570268834
Liquid-WC-time,History-conditioned,5,validation,2003-01-01,water_cum,19,15,0.9243809128233608,10146635.85992941,0.9220921254037585
Liquid-WC-time,History-conditioned,5,validation,2003-01-01,water_cum,20,15,0.9409726533720856,10985662.770169618,0.9384511907869716
Liquid-WC-time,Input-only PolyRidge,3,train,2003-01-01,gas_cum,1,70,0.04186896090937649,15802.852488439737,0.015825563263732675
Liquid-WC-time,Input-only PolyRidge,3,train,2003-01-01,gas_cum,2,70,0.0271418952035346,19864.372493272145,0.016712804857029216
Liquid-WC-time,Input-only PolyRidge,3,train,2003-01-01,gas_cum,3,70,0.02362806799179293,25240.898129309764,0.010295722041207852
Liquid-WC-time,Input-only PolyRidge,3,train,2003-01-01,gas_cum,4,70,0.023410246551198943,32497.63408646234,-0.0032267325174401146
Liquid-WC-time,Input-only PolyRidge,3,train,2003-01-01,gas_cum,5,70,0.03228286063857188,54554.6247313185,-0.021144953268994477
Liquid-WC-time,Input-only PolyRidge,3,train,2003-01-01,gas_cum,6,70,0.04868173060715746,96268.14413430859,-0.04204313818719922
Liquid-WC-time,Input-only PolyRidge,3,train,2003-01-01,gas_cum,7,70,0.06920868287001014,156006.17455436633,-0.0650895976917675
Liquid-WC-time,Input-only PolyRidge,3,train,2003-01-01,gas_cum,8,70,0.09200267989397254,231601.21654232705,-0.08945520555461536
Liquid-WC-time,Input-only PolyRidge,3,train,2003-01-01,gas_cum,9,70,0.11504037775431211,317603.67651123006,-0.11349085757126517
Liquid-WC-time,Input-only PolyRidge,3,train,2003-01-01,gas_cum,10,70,0.13784310317669135,412274.6631507874,-0.1369197646923797
Liquid-WC-time,Input-only PolyRidge,3,train,2003-01-01,gas_cum,11,70,0.1606527206900681,515607.2102870927,-0.16007739708109972
Liquid-WC-time,Input-only PolyRidge,3,train,2003-01-01,gas_cum,12,70,0.18366364229472576,627679.7833894504,-0.18320672902381405
Liquid-WC-time,Input-only PolyRidge,3,train,2003-01-01,oil_cum,1,70,0.04378279276905837,45476.85407803381,0.015939693120500226
Liquid-WC-time,Input-only PolyRidge,3,train,2003-01-01,oil_cum,2,70,0.028135232068815963,56668.4339672212,0.01683924474671064
Liquid-WC-time,Input-only PolyRidge,3,train,2003-01-01,oil_cum,3,70,0.024227627381076023,71232.56574380549,0.010358661910589475
Liquid-WC-time,Input-only PolyRidge,3,train,2003-01-01,oil_cum,4,70,0.023730008760836797,90668.35054029863,-0.0031990419896422524
Liquid-WC-time,Input-only PolyRidge,3,train,2003-01-01,oil_cum,5,70,0.032415411529247706,150781.31704986372,-0.02116236469944574
Liquid-WC-time,Input-only PolyRidge,3,train,2003-01-01,oil_cum,6,70,0.04877948512775321,265532.47918026417,-0.042113174307075556
Liquid-WC-time,Input-only PolyRidge,3,train,2003-01-01,oil_cum,7,70,0.06930664867128117,430067.10126198595,-0.0651859931662059
Liquid-WC-time,Input-only PolyRidge,3,train,2003-01-01,oil_cum,8,70,0.09210732091894859,638300.1138712037,-0.08956426882751932
Liquid-WC-time,Input-only PolyRidge,3,train,2003-01-01,oil_cum,9,70,0.11515715303932754,875237.6338403829,-0.11361050533969481
Liquid-WC-time,Input-only PolyRidge,3,train,2003-01-01,oil_cum,10,70,0.13796892589820411,1136027.6479772432,-0.13704356164368459
Liquid-WC-time,Input-only PolyRidge,3,train,2003-01-01,oil_cum,11,70,0.1607730062371171,1420519.879034602,-0.16018963014983428
Liquid-WC-time,Input-only PolyRidge,3,train,2003-01-01,oil_cum,12,70,0.1837719732700735,1728983.4655473034,-0.18330182194180694
Liquid-WC-time,Input-only PolyRidge,3,train,2003-01-01,water_cum,1,70,0.0765427456233123,37376.99098780887,0.03172559776208355
Liquid-WC-time,Input-only PolyRidge,3,train,2003-01-01,water_cum,2,70,0.10720219653017365,106051.62642842943,0.10010903789948841
Liquid-WC-time,Input-only PolyRidge,3,train,2003-01-01,water_cum,3,70,0.17526788603957844,262853.39354980347,0.17202184144543636
Liquid-WC-time,Input-only PolyRidge,3,train,2003-01-01,water_cum,4,70,0.24216055754535262,490309.93095015915,0.23957032773039544
Liquid-WC-time,Input-only PolyRidge,3,train,2003-01-01,water_cum,5,70,0.306607747969351,784376.801436745,0.30431907877809605
Liquid-WC-time,Input-only PolyRidge,3,train,2003-01-01,water_cum,6,70,0.3695418581330291,1147369.5607281823,0.3675611635624006
Liquid-WC-time,Input-only PolyRidge,3,train,2003-01-01,water_cum,7,70,0.43102386611379995,1582168.3140983593,0.4293914149514675
Liquid-WC-time,Input-only PolyRidge,3,train,2003-01-01,water_cum,8,70,0.48947188992162505,2080568.775648048,0.4881750385766638
Liquid-WC-time,Input-only PolyRidge,3,train,2003-01-01,water_cum,9,70,0.5432531334179546,2624675.338053814,0.5422278701804467
Liquid-WC-time,Input-only PolyRidge,3,train,2003-01-01,water_cum,10,70,0.5941347269238147,3226714.2433641003,0.5932997132842631
Liquid-WC-time,Input-only PolyRidge,3,train,2003-01-01,water_cum,11,70,0.6418654544833345,3882500.339228806,0.6411306181034089
Liquid-WC-time,Input-only PolyRidge,3,train,2003-01-01,water_cum,12,70,0.6857672653079655,4579286.031270505,0.6850423442983566
Liquid-WC-time,Input-only PolyRidge,3,train,2004-01-01,gas_cum,1,70,0.07359955279876045,22206.678210985185,0.006371677101446167
Liquid-WC-time,Input-only PolyRidge,3,train,2004-01-01,gas_cum,2,70,0.039113405306740234,23051.01147469871,-6.779462562034032e-05
Liquid-WC-time,Input-only PolyRidge,3,train,2004-01-01,gas_cum,3,70,0.02992261336523798,25912.667851738464,-0.007434039614575092
Liquid-WC-time,Input-only PolyRidge,3,train,2004-01-01,gas_cum,4,70,0.029981460265994072,33854.858562998226,-0.015701390723370814
Liquid-WC-time,Input-only PolyRidge,3,train,2004-01-01,gas_cum,5,70,0.03427060998224326,47042.72837854534,-0.02340859146248384
Liquid-WC-time,Input-only PolyRidge,3,train,2004-01-01,gas_cum,6,70,0.03945573482350915,63240.1333477194,-0.029694700653578522
Liquid-WC-time,Input-only PolyRidge,3,train,2004-01-01,gas_cum,7,70,0.045624273576428086,83100.56297509707,-0.03620833383420797
Liquid-WC-time,Input-only PolyRidge,3,train,2004-01-01,gas_cum,8,70,0.0535493260496519,108681.92412747336,-0.04440168510512379
Liquid-WC-time,Input-only PolyRidge,3,train,2004-01-01,gas_cum,9,70,0.06337084778207015,141052.1561596528,-0.05455547834645344
Liquid-WC-time,Input-only PolyRidge,3,train,2004-01-01,gas_cum,10,70,0.07548936076137765,182605.23144541742,-0.0670462973267972
Liquid-WC-time,Input-only PolyRidge,3,train,2004-01-01,gas_cum,11,70,0.08964084316634552,233937.51849715086,-0.08154418738885584
Liquid-WC-time,Input-only PolyRidge,3,train,2004-01-01,gas_cum,12,70,0.105094151689923,293826.95000946574,-0.09726036304787561
Liquid-WC-time,Input-only PolyRidge,3,train,2004-01-01,oil_cum,1,70,0.07660959950485462,63641.6242943429,0.006265517052093013
Liquid-WC-time,Input-only PolyRidge,3,train,2004-01-01,oil_cum,2,70,0.04067434687002037,66004.24681890798,-0.0002814450418159161
Liquid-WC-time,Input-only PolyRidge,3,train,2004-01-01,oil_cum,3,70,0.030964884517846757,73836.71236281321,-0.00765712386936189
Liquid-WC-time,Input-only PolyRidge,3,train,2004-01-01,oil_cum,4,70,0.030701074234499658,95457.38792809733,-0.0159160400631208
Liquid-WC-time,Input-only PolyRidge,3,train,2004-01-01,oil_cum,5,70,0.03479636386825284,131520.72079709754,-0.023623503288101526
Liquid-WC-time,Input-only PolyRidge,3,train,2004-01-01,oil_cum,6,70,0.03987168486004267,175968.81178339417,-0.02990358801170705
Liquid-WC-time,Input-only PolyRidge,3,train,2004-01-01,oil_cum,7,70,0.04595637470310498,230477.05419679877,-0.03638424473912938
Liquid-WC-time,Input-only PolyRidge,3,train,2004-01-01,oil_cum,8,70,0.05381362542647811,300712.2549008597,-0.044537968282266575
Liquid-WC-time,Input-only PolyRidge,3,train,2004-01-01,oil_cum,9,70,0.06358553832055136,389665.46130399965,-0.05466531413658751
Liquid-WC-time,Input-only PolyRidge,3,train,2004-01-01,oil_cum,10,70,0.0756816001915585,504034.96990662126,-0.067153135193321
Liquid-WC-time,Input-only PolyRidge,3,train,2004-01-01,oil_cum,11,70,0.08983381222506026,645482.2193119491,-0.08166334521458737
Liquid-WC-time,Input-only PolyRidge,3,train,2004-01-01,oil_cum,12,70,0.10528390769155878,810450.7903065446,-0.09738017208408484
Liquid-WC-time,Input-only PolyRidge,3,train,2004-01-01,water_cum,1,70,0.05932925271483073,31681.887670775803,0.0066929725165629835
Liquid-WC-time,Input-only PolyRidge,3,train,2004-01-01,water_cum,2,70,0.04128654368739239,44636.85800927986,0.027859362592772524
Liquid-WC-time,Input-only PolyRidge,3,train,2004-01-01,water_cum,3,70,0.05265456120579372,86752.31773527093,0.046253902552556556
Liquid-WC-time,Input-only PolyRidge,3,train,2004-01-01,water_cum,4,70,0.06822015425423554,151995.04271558,0.06318242900404293
Liquid-WC-time,Input-only PolyRidge,3,train,2004-01-01,water_cum,5,70,0.08359262040060826,234830.81545050794,0.07879679034977914
Liquid-WC-time,Input-only PolyRidge,3,train,2004-01-01,water_cum,6,70,0.09888993081576754,337134.6336778341,0.09404046368867564
Liquid-WC-time,Input-only PolyRidge,3,train,2004-01-01,water_cum,7,70,0.11400060092286857,459124.62022503227,0.10895761631256005
Liquid-WC-time,Input-only PolyRidge,3,train,2004-01-01,water_cum,8,70,0.12863901342991715,599012.9887660295,0.1233132289779415
Liquid-WC-time,Input-only PolyRidge,3,train,2004-01-01,water_cum,9,70,0.14231196841825092,751739.9165123589,0.13665513500152726
Liquid-WC-time,Input-only PolyRidge,3,train,2004-01-01,water_cum,10,70,0.15509719752351814,919202.2576403737,0.14904745466328279
Liquid-WC-time,Input-only PolyRidge,3,train,2004-01-01,water_cum,11,70,0.16691960672795542,1099945.9483055908,0.16041831828958283
Liquid-WC-time,Input-only PolyRidge,3,train,2004-01-01,water_cum,12,70,0.1777110711069276,1290850.8898351938,0.17070526646800002
Liquid-WC-time,Input-only PolyRidge,3,train,2005-01-01,gas_cum,1,70,0.11638561063384861,28342.06341193607,0.0160846673571541
Liquid-WC-time,Input-only PolyRidge,3,train,2005-01-01,gas_cum,2,70,0.06878759037476458,32584.420396883215,0.02084139010173188
Liquid-WC-time,Input-only PolyRidge,3,train,2005-01-01,gas_cum,3,70,0.05584456779471945,38665.0378042566,0.022032707061927833
Liquid-WC-time,Input-only PolyRidge,3,train,2005-01-01,gas_cum,4,70,0.04984105152033804,44887.55851437448,0.018615054623634594
Liquid-WC-time,Input-only PolyRidge,3,train,2005-01-01,gas_cum,5,70,0.04635039911544401,50844.79847926987,0.01116251664922937
Liquid-WC-time,Input-only PolyRidge,3,train,2005-01-01,gas_cum,6,70,0.04574341218720721,59018.15758206937,2.615311170345485e-05
Liquid-WC-time,Input-only PolyRidge,3,train,2005-01-01,gas_cum,7,70,0.04962215422773644,73493.86642310455,-0.013861567785585121
Liquid-WC-time,Input-only PolyRidge,3,train,2005-01-01,gas_cum,8,70,0.05810985003684037,96886.24241655608,-0.0291866997330923
Liquid-WC-time,Input-only PolyRidge,3,train,2005-01-01,gas_cum,9,70,0.06969226175526884,128584.39278988962,-0.04499031340883268
Liquid-WC-time,Input-only PolyRidge,3,train,2005-01-01,gas_cum,10,70,0.08351155442603798,168728.41724337754,-0.061450071667188064
Liquid-WC-time,Input-only PolyRidge,3,train,2005-01-01,gas_cum,11,70,0.09874987317578295,216601.4203128953,-0.07834783997232764
Liquid-WC-time,Input-only PolyRidge,3,train,2005-01-01,gas_cum,12,70,0.11466815413335327,270866.714110661,-0.09531151437007916
Liquid-WC-time,Input-only PolyRidge,3,train,2005-01-01,oil_cum,1,70,0.11801398027781063,79134.2308539166,0.015838287849454184
Liquid-WC-time,Input-only PolyRidge,3,train,2005-01-01,oil_cum,2,70,0.06949172605904413,90640.72209964874,0.020648220900985267
Liquid-WC-time,Input-only PolyRidge,3,train,2005-01-01,oil_cum,3,70,0.056275612143988865,107277.57937245657,0.021936391902850006
Liquid-WC-time,Input-only PolyRidge,3,train,2005-01-01,oil_cum,4,70,0.050191022925077544,124445.58401974716,0.01860262070448599
Liquid-WC-time,Input-only PolyRidge,3,train,2005-01-01,oil_cum,5,70,0.04666643024916383,140927.06475733567,0.01119041506727324
Liquid-WC-time,Input-only PolyRidge,3,train,2005-01-01,oil_cum,6,70,0.04603785618771713,163521.5136653674,4.281128151977069e-05
Liquid-WC-time,Input-only PolyRidge,3,train,2005-01-01,oil_cum,7,70,0.04991148637771872,203515.41174753616,-0.013882284864402478
Liquid-WC-time,Input-only PolyRidge,3,train,2005-01-01,oil_cum,8,70,0.05836412978019898,267907.3556490641,-0.029218495562835733
Liquid-WC-time,Input-only PolyRidge,3,train,2005-01-01,oil_cum,9,70,0.0698907388385233,355012.2159808285,-0.045010965488993825
Liquid-WC-time,Input-only PolyRidge,3,train,2005-01-01,oil_cum,10,70,0.08365654889358266,465321.69219744287,-0.061456148959422995
Liquid-WC-time,Input-only PolyRidge,3,train,2005-01-01,oil_cum,11,70,0.09885458758483769,596934.600813834,-0.07834289532065267
Liquid-WC-time,Input-only PolyRidge,3,train,2005-01-01,oil_cum,12,70,0.11474617385707325,746195.3253990507,-0.0953012479603644
Liquid-WC-time,Input-only PolyRidge,3,train,2005-01-01,water_cum,1,70,0.07941225736324724,46161.0905635108,-0.009847651667708996
Liquid-WC-time,Input-only PolyRidge,3,train,2005-01-01,water_cum,2,70,0.047355141829547476,55941.084673917896,-0.002938443276061324
Liquid-WC-time,Input-only PolyRidge,3,train,2005-01-01,water_cum,3,70,0.039870442692802814,71749.38374613594,0.0015734565618224713
Liquid-WC-time,Input-only PolyRidge,3,train,2005-01-01,water_cum,4,70,0.03898809768079873,94692.99712488278,0.005395643027142123
Liquid-WC-time,Input-only PolyRidge,3,train,2005-01-01,water_cum,5,70,0.040644467751806156,124152.77698905476,0.008633058190598212
Liquid-WC-time,Input-only PolyRidge,3,train,2005-01-01,water_cum,6,70,0.04334186500142863,160318.37957542643,0.011046412595206194
Liquid-WC-time,Input-only PolyRidge,3,train,2005-01-01,water_cum,7,70,0.04645593983412117,202641.67914675496,0.012753826564237363
Liquid-WC-time,Input-only PolyRidge,3,train,2005-01-01,water_cum,8,70,0.04973356301731827,250465.20371709522,0.013927138396231612
Liquid-WC-time,Input-only PolyRidge,3,train,2005-01-01,water_cum,9,70,0.0529603711488887,302155.3997867055,0.014703879486792741
Liquid-WC-time,Input-only PolyRidge,3,train,2005-01-01,water_cum,10,70,0.056103374142967496,358659.0769461137,0.014867132670746916
Liquid-WC-time,Input-only PolyRidge,3,train,2005-01-01,water_cum,11,70,0.05913092508645565,419740.1568151075,0.014488075733410748
Liquid-WC-time,Input-only PolyRidge,3,train,2005-01-01,water_cum,12,70,0.06199225053875345,484420.749849743,0.013627258163901161
Liquid-WC-time,Input-only PolyRidge,3,validation,2003-01-01,gas_cum,1,15,0.08018527346009358,31190.103587255984,-0.00686126734692542
Liquid-WC-time,Input-only PolyRidge,3,validation,2003-01-01,gas_cum,2,15,0.0430549427561347,32497.8127144616,0.0047012263415100435
Liquid-WC-time,Input-only PolyRidge,3,validation,2003-01-01,gas_cum,3,15,0.03241632727429131,35730.56917566664,0.002698131320470609
Liquid-WC-time,Input-only PolyRidge,3,validation,2003-01-01,gas_cum,4,15,0.029595413777954122,42400.93897711684,-0.007956076703100627
Liquid-WC-time,Input-only PolyRidge,3,validation,2003-01-01,gas_cum,5,15,0.0354393139179803,61811.243316632695,-0.023686978370859244
Liquid-WC-time,Input-only PolyRidge,3,validation,2003-01-01,gas_cum,6,15,0.04927253879731821,100547.8606141318,-0.042741235975145335
Liquid-WC-time,Input-only PolyRidge,3,validation,2003-01-01,gas_cum,7,15,0.0680923084229121,158356.65379544933,-0.06430361226908371
Liquid-WC-time,Input-only PolyRidge,3,validation,2003-01-01,gas_cum,8,15,0.0897252627276486,232974.63320510194,-0.08752386547616706
Liquid-WC-time,Input-only PolyRidge,3,validation,2003-01-01,gas_cum,9,15,0.11209762052161604,319187.98266446014,-0.11085483585766445
Liquid-WC-time,Input-only PolyRidge,3,validation,2003-01-01,gas_cum,10,15,0.13460553815759363,415251.7381938438,-0.13394285777994072
Liquid-WC-time,Input-only PolyRidge,3,validation,2003-01-01,gas_cum,11,15,0.15739522657195612,521141.1211272528,-0.15704309439973552
Liquid-WC-time,Input-only PolyRidge,3,validation,2003-01-01,gas_cum,12,15,0.18057802915347068,636851.2050382491,-0.1803174825503109
Liquid-WC-time,Input-only PolyRidge,3,validation,2003-01-01,oil_cum,1,15,0.08300417871130072,88821.84106000196,-0.006793141998946138
Liquid-WC-time,Input-only PolyRidge,3,validation,2003-01-01,oil_cum,2,15,0.04485967268728245,93133.75631491192,0.005156320745930049
Liquid-WC-time,Input-only PolyRidge,3,validation,2003-01-01,oil_cum,3,15,0.03370708517882734,102205.2497649749,0.0031118510109565136
Liquid-WC-time,Input-only PolyRidge,3,validation,2003-01-01,oil_cum,4,15,0.03034688274338711,119627.00994414733,-0.007696293166681949
Liquid-WC-time,Input-only PolyRidge,3,validation,2003-01-01,oil_cum,5,15,0.035739894780354234,171543.74688337793,-0.02356603312455343
Liquid-WC-time,Input-only PolyRidge,3,validation,2003-01-01,oil_cum,6,15,0.04943333914639485,277658.7678465442,-0.042787402043664956
Liquid-WC-time,Input-only PolyRidge,3,validation,2003-01-01,oil_cum,7,15,0.0683213679633004,437432.17330164346,-0.06453174320063891
Liquid-WC-time,Input-only PolyRidge,3,validation,2003-01-01,oil_cum,8,15,0.0900016552181941,643429.3700267131,-0.08781925924010633
Liquid-WC-time,Input-only PolyRidge,3,validation,2003-01-01,oil_cum,9,15,0.11238067532903827,881067.8014016731,-0.11115520846032141
Liquid-WC-time,Input-only PolyRidge,3,validation,2003-01-01,oil_cum,10,15,0.13487612357272377,1145646.4830209923,-0.134225405225908
Liquid-WC-time,Input-only PolyRidge,3,validation,2003-01-01,oil_cum,11,15,0.15763826106736342,1437078.244613827,-0.1572899060248763
Liquid-WC-time,Input-only PolyRidge,3,validation,2003-01-01,oil_cum,12,15,0.18079897526495878,1755550.579472898,-0.18053506611445094
Liquid-WC-time,Input-only PolyRidge,3,validation,2003-01-01,water_cum,1,15,0.055111544452435095,25442.12056482063,0.0210889085442664
Liquid-WC-time,Input-only PolyRidge,3,validation,2003-01-01,water_cum,2,15,0.09768276160549087,91454.82864857707,0.09450804453790303
Liquid-WC-time,Input-only PolyRidge,3,validation,2003-01-01,water_cum,3,15,0.1707691775515893,242746.39386019472,0.1689379861764211
Liquid-WC-time,Input-only PolyRidge,3,validation,2003-01-01,water_cum,4,15,0.23990898991306378,461385.2109739624,0.23802603488169205
Liquid-WC-time,Input-only PolyRidge,3,validation,2003-01-01,water_cum,5,15,0.305851059176349,744947.7257764749,0.3039335479145615
Liquid-WC-time,Input-only PolyRidge,3,validation,2003-01-01,water_cum,6,15,0.3700117290121058,1096519.8959796594,0.3682287487899979
Liquid-WC-time,Input-only PolyRidge,3,validation,2003-01-01,water_cum,7,15,0.43295922906080747,1520446.185171553,0.43145263605597794
Liquid-WC-time,Input-only PolyRidge,3,validation,2003-01-01,water_cum,8,15,0.49329836687279505,2009996.0624186588,0.492121083199805
Liquid-WC-time,Input-only PolyRidge,3,validation,2003-01-01,water_cum,9,15,0.5493463996266262,2548226.2071412103,0.5484681718724614
Liquid-WC-time,Input-only PolyRidge,3,validation,2003-01-01,water_cum,10,15,0.6028095888605203,3147349.1387422136,0.6021636042577708
Liquid-WC-time,Input-only PolyRidge,3,validation,2003-01-01,water_cum,11,15,0.6533514224578524,3803377.9128104704,0.6528511474521875
Liquid-WC-time,Input-only PolyRidge,3,validation,2003-01-01,water_cum,12,15,0.7002090982140807,4503672.083564563,0.6997667629219729
Liquid-WC-time,Input-only PolyRidge,3,validation,2004-01-01,gas_cum,1,15,0.13519209779569452,42107.95005986669,-0.03872064140033888
Liquid-WC-time,Input-only PolyRidge,3,validation,2004-01-01,gas_cum,2,15,0.0714862103369822,43462.20077395315,-0.023765860141664954
Liquid-WC-time,Input-only PolyRidge,3,validation,2004-01-01,gas_cum,3,15,0.05178414136467558,46241.09276296264,-0.023193438689166287
Liquid-WC-time,Input-only PolyRidge,3,validation,2004-01-01,gas_cum,4,15,0.04515241472536678,52552.174204147406,-0.027008494370670155
Liquid-WC-time,Input-only PolyRidge,3,validation,2004-01-01,gas_cum,5,15,0.04459835089386775,63096.56396115949,-0.03205532356294631
Liquid-WC-time,Input-only PolyRidge,3,validation,2004-01-01,gas_cum,6,15,0.046371908985968206,76621.78860644398,-0.03665136631852622
Liquid-WC-time,Input-only PolyRidge,3,validation,2004-01-01,gas_cum,7,15,0.05018382982117748,94267.19799539691,-0.04205957114815385
Liquid-WC-time,Input-only PolyRidge,3,validation,2004-01-01,gas_cum,8,15,0.05661748226770809,118566.70022835249,-0.049517258406978876
Liquid-WC-time,Input-only PolyRidge,3,validation,2004-01-01,gas_cum,9,15,0.06555634733524532,150638.97484148436,-0.0591508867850834
Liquid-WC-time,Input-only PolyRidge,3,validation,2004-01-01,gas_cum,10,15,0.07717773797154062,192831.05756665024,-0.07124311496902086
Liquid-WC-time,Input-only PolyRidge,3,validation,2004-01-01,gas_cum,11,15,0.0910299529043234,245491.00654951125,-0.08538287848607504
Liquid-WC-time,Input-only PolyRidge,3,validation,2004-01-01,gas_cum,12,15,0.10634416763125816,307384.2823760145,-0.10083025231658664
Liquid-WC-time,Input-only PolyRidge,3,validation,2004-01-01,oil_cum,1,15,0.1383578947160939,118686.35597373628,-0.0385481009404136
Liquid-WC-time,Input-only PolyRidge,3,validation,2004-01-01,oil_cum,2,15,0.07313114450925327,122487.16523622177,-0.024156766550276577
Liquid-WC-time,Input-only PolyRidge,3,validation,2004-01-01,oil_cum,3,15,0.05303181987173458,130493.12782226065,-0.023953104435035417
Liquid-WC-time,Input-only PolyRidge,3,validation,2004-01-01,oil_cum,4,15,0.046244964550009975,148316.79918971093,-0.027803434440914508
Liquid-WC-time,Input-only PolyRidge,3,validation,2004-01-01,oil_cum,5,15,0.045538369433015875,177516.5943584207,-0.03277837094903979
Liquid-WC-time,Input-only PolyRidge,3,validation,2004-01-01,oil_cum,6,15,0.047148213204279615,214630.74751621837,-0.037285617474303874
Liquid-WC-time,Input-only PolyRidge,3,validation,2004-01-01,oil_cum,7,15,0.05081687092552628,262954.9991556114,-0.04258857926692163
Liquid-WC-time,Input-only PolyRidge,3,validation,2004-01-01,oil_cum,8,15,0.057152734544640496,329674.44176249736,-0.04996641583035951
Liquid-WC-time,Input-only PolyRidge,3,validation,2004-01-01,oil_cum,9,15,0.06602417601149688,417861.89871830115,-0.059542492362553406
Liquid-WC-time,Input-only PolyRidge,3,validation,2004-01-01,oil_cum,10,15,0.07759850820939235,533984.4651710762,-0.07159913734932119
Liquid-WC-time,Input-only PolyRidge,3,validation,2004-01-01,oil_cum,11,15,0.09143014740013282,679091.7564170959,-0.08572859020867234
Liquid-WC-time,Input-only PolyRidge,3,validation,2004-01-01,oil_cum,12,15,0.10671885669704487,849547.0833221823,-0.1011514287531105
Liquid-WC-time,Input-only PolyRidge,3,validation,2004-01-01,water_cum,1,15,0.04073154680364547,20900.358880475378,0.0054206463362646605
Liquid-WC-time,Input-only PolyRidge,3,validation,2004-01-01,water_cum,2,15,0.032220188854744536,33562.79699020173,0.025185162460258138
Liquid-WC-time,Input-only PolyRidge,3,validation,2004-01-01,water_cum,3,15,0.04644423201984323,73878.79913574793,0.042701219315328186
Liquid-WC-time,Input-only PolyRidge,3,validation,2004-01-01,water_cum,4,15,0.06270133671312869,135075.65133620726,0.05937240583314459
Liquid-WC-time,Input-only PolyRidge,3,validation,2004-01-01,water_cum,5,15,0.07851199582316108,213471.99443129278,0.07523751898101202
Liquid-WC-time,Input-only PolyRidge,3,validation,2004-01-01,water_cum,6,15,0.09432811456659713,311477.87084842584,0.09107590767614834
Liquid-WC-time,Input-only PolyRidge,3,validation,2004-01-01,water_cum,7,15,0.1101071577296611,429729.34608178993,0.10687441183705139
Liquid-WC-time,Input-only PolyRidge,3,validation,2004-01-01,water_cum,8,15,0.12561950029802135,567031.6471046176,0.12238038489204245
Liquid-WC-time,Input-only PolyRidge,3,validation,2004-01-01,water_cum,9,15,0.14024558202979798,718288.6040962279,0.13696064384394183
Liquid-WC-time,Input-only PolyRidge,3,validation,2004-01-01,water_cum,10,15,0.15404511869181334,885403.3671489119,0.150624578342202
Liquid-WC-time,Input-only PolyRidge,3,validation,2004-01-01,water_cum,11,15,0.1668561681008152,1066672.9323123344,0.16319784118811576
Liquid-WC-time,Input-only PolyRidge,3,validation,2004-01-01,water_cum,12,15,0.17858473729816132,1258938.3890497028,0.17458822835439133
Liquid-WC-time,Input-only PolyRidge,3,validation,2005-01-01,gas_cum,1,15,0.20390030233182507,51159.555968252316,-0.05788423790386852
Liquid-WC-time,Input-only PolyRidge,3,validation,2005-01-01,gas_cum,2,15,0.10728413720420606,52407.48874103813,-0.019875454295051134
Liquid-WC-time,Input-only PolyRidge,3,validation,2005-01-01,gas_cum,3,15,0.07704403240784573,55058.981134069705,-0.00824959681509541
Liquid-WC-time,Input-only PolyRidge,3,validation,2005-01-01,gas_cum,4,15,0.06410791067834014,59648.28587231254,-0.0069091979258560495
Liquid-WC-time,Input-only PolyRidge,3,validation,2005-01-01,gas_cum,5,15,0.058938845071290845,66847.66879801638,-0.011775280691428228
Liquid-WC-time,Input-only PolyRidge,3,validation,2005-01-01,gas_cum,6,15,0.05930838404823482,79173.21966274854,-0.02127929395531841
Liquid-WC-time,Input-only PolyRidge,3,validation,2005-01-01,gas_cum,7,15,0.06480682168158264,99368.908997987,-0.03398080017883904
Liquid-WC-time,Input-only PolyRidge,3,validation,2005-01-01,gas_cum,8,15,0.07440379783342072,128498.92958972554,-0.04850133469071419
Liquid-WC-time,Input-only PolyRidge,3,validation,2005-01-01,gas_cum,9,15,0.0865532852259164,165509.03700702937,-0.06381024976239114
Liquid-WC-time,Input-only PolyRidge,3,validation,2005-01-01,gas_cum,10,15,0.10067157067225062,210927.36370153172,-0.07997704919609436
Liquid-WC-time,Input-only PolyRidge,3,validation,2005-01-01,gas_cum,11,15,0.11608285658809872,264188.981692165,-0.09668817117233959
Liquid-WC-time,Input-only PolyRidge,3,validation,2005-01-01,gas_cum,12,15,0.13209470363246537,323909.46622926777,-0.11349855419913296
Liquid-WC-time,Input-only PolyRidge,3,validation,2005-01-01,oil_cum,1,15,0.20898373160083056,144411.97340260315,-0.06140218718728097
Liquid-WC-time,Input-only PolyRidge,3,validation,2005-01-01,oil_cum,2,15,0.1099190020235289,147860.8451884585,-0.021754125076852714
Liquid-WC-time,Input-only PolyRidge,3,validation,2005-01-01,oil_cum,3,15,0.07887472817481928,155194.29323654284,-0.009466938456696574
Liquid-WC-time,Input-only PolyRidge,3,validation,2005-01-01,oil_cum,4,15,0.06558184058060328,167988.36561532566,-0.007794432742060172
Liquid-WC-time,Input-only PolyRidge,3,validation,2005-01-01,oil_cum,5,15,0.06024811976881602,188113.07148791125,-0.012473765201594692
Liquid-WC-time,Input-only PolyRidge,3,validation,2005-01-01,oil_cum,6,15,0.06052242921688851,222418.03611048585,-0.021875553728910663
Liquid-WC-time,Input-only PolyRidge,3,validation,2005-01-01,oil_cum,7,15,0.06595644178895843,278419.5340847897,-0.03454107407646965
Liquid-WC-time,Input-only PolyRidge,3,validation,2005-01-01,oil_cum,8,15,0.07544884367853075,358734.791720996,-0.04900771699983004
Liquid-WC-time,Input-only PolyRidge,3,validation,2005-01-01,oil_cum,9,15,0.08745425726166565,460385.7432685444,-0.06424523187934673
Liquid-WC-time,Input-only PolyRidge,3,validation,2005-01-01,oil_cum,10,15,0.10144344880798899,585114.6244322967,-0.08035499482117897
Liquid-WC-time,Input-only PolyRidge,3,validation,2005-01-01,oil_cum,11,15,0.11676219317830262,731538.6410247921,-0.09703450911392385
Liquid-WC-time,Input-only PolyRidge,3,validation,2005-01-01,oil_cum,12,15,0.13270442365298027,895803.4528174384,-0.113824427624619
Liquid-WC-time,Input-only PolyRidge,3,validation,2005-01-01,water_cum,1,15,0.055212036427924896,31183.74089176344,-0.011193199151436434
Liquid-WC-time,Input-only PolyRidge,3,validation,2005-01-01,water_cum,2,15,0.03301120038302407,37896.753998379194,-0.0019870473627542863
Liquid-WC-time,Input-only PolyRidge,3,validation,2005-01-01,water_cum,3,15,0.028745452325091358,50271.643374146435,0.0042460920744801355
Liquid-WC-time,Input-only PolyRidge,3,validation,2005-01-01,water_cum,4,15,0.030149311441740156,71152.29045343568,0.009782041590721673
Liquid-WC-time,Input-only PolyRidge,3,validation,2005-01-01,water_cum,5,15,0.03380383062111521,100324.26873385847,0.01458588147052261
Liquid-WC-time,Input-only PolyRidge,3,validation,2005-01-01,water_cum,6,15,0.03831079926365536,137686.7343643314,0.018435165819406997
Liquid-WC-time,Input-only PolyRidge,3,validation,2005-01-01,water_cum,7,15,0.042968267686738774,182145.82543161063,0.021374372849372113
Liquid-WC-time,Input-only PolyRidge,3,validation,2005-01-01,water_cum,8,15,0.047597458479332284,233031.72886609117,0.023597310578282488
Liquid-WC-time,Input-only PolyRidge,3,validation,2005-01-01,water_cum,9,15,0.05200076335315029,288520.37173199205,0.025336493273171792
Liquid-WC-time,Input-only PolyRidge,3,validation,2005-01-01,water_cum,10,15,0.05612594876010155,349046.1066974765,0.026453793094257515
Liquid-WC-time,Input-only PolyRidge,3,validation,2005-01-01,water_cum,11,15,0.059975000799914524,414269.3941329129,0.02702455638379369
Liquid-WC-time,Input-only PolyRidge,3,validation,2005-01-01,water_cum,12,15,0.06348928499987513,482884.30128084554,0.027075376865600954
Liquid-WC-time,Input-only PolyRidge,5,train,2003-01-01,gas_cum,1,70,0.04186896090937649,15802.852488439737,0.015825563263732675
Liquid-WC-time,Input-only PolyRidge,5,train,2003-01-01,gas_cum,2,70,0.0271418952035346,19864.372493272145,0.016712804857029216
Liquid-WC-time,Input-only PolyRidge,5,train,2003-01-01,gas_cum,3,70,0.02362806799179293,25240.898129309764,0.010295722041207852
Liquid-WC-time,Input-only PolyRidge,5,train,2003-01-01,gas_cum,4,70,0.023410246551198943,32497.63408646234,-0.0032267325174401146
Liquid-WC-time,Input-only PolyRidge,5,train,2003-01-01,gas_cum,5,70,0.03228286063857188,54554.6247313185,-0.021144953268994477
Liquid-WC-time,Input-only PolyRidge,5,train,2003-01-01,gas_cum,6,70,0.04868173060715746,96268.14413430859,-0.04204313818719922
Liquid-WC-time,Input-only PolyRidge,5,train,2003-01-01,gas_cum,7,70,0.06920868287001014,156006.17455436633,-0.0650895976917675
Liquid-WC-time,Input-only PolyRidge,5,train,2003-01-01,gas_cum,8,70,0.09200267989397254,231601.21654232705,-0.08945520555461536
Liquid-WC-time,Input-only PolyRidge,5,train,2003-01-01,gas_cum,9,70,0.11504037775431211,317603.67651123006,-0.11349085757126517
Liquid-WC-time,Input-only PolyRidge,5,train,2003-01-01,gas_cum,10,70,0.13784310317669135,412274.6631507874,-0.1369197646923797
Liquid-WC-time,Input-only PolyRidge,5,train,2003-01-01,gas_cum,11,70,0.1606527206900681,515607.2102870927,-0.16007739708109972
Liquid-WC-time,Input-only PolyRidge,5,train,2003-01-01,gas_cum,12,70,0.18366364229472576,627679.7833894504,-0.18320672902381405
Liquid-WC-time,Input-only PolyRidge,5,train,2003-01-01,gas_cum,13,70,0.2064416666435514,746026.4898688195,-0.20592317888148023
Liquid-WC-time,Input-only PolyRidge,5,train,2003-01-01,gas_cum,14,70,0.22964517022436307,874213.2783434554,-0.2289271341764518
Liquid-WC-time,Input-only PolyRidge,5,train,2003-01-01,gas_cum,15,70,0.2529751321935646,1011265.7856138151,-0.2519536035870166
Liquid-WC-time,Input-only PolyRidge,5,train,2003-01-01,gas_cum,16,70,0.2757706564743792,1153696.927552216,-0.27437622993903205
Liquid-WC-time,Input-only PolyRidge,5,train,2003-01-01,gas_cum,17,70,0.2973151137132087,1296621.5673190663,-0.29551457993220265
Liquid-WC-time,Input-only PolyRidge,5,train,2003-01-01,gas_cum,18,70,0.3181976305429518,1443445.6134831207,-0.3159625590770831
Liquid-WC-time,Input-only PolyRidge,5,train,2003-01-01,gas_cum,19,70,0.338304981382186,1593132.475188247,-0.33562129592169543
Liquid-WC-time,Input-only PolyRidge,5,train,2003-01-01,gas_cum,20,70,0.35735581271920197,1743087.78129754,-0.3542259641075308
Liquid-WC-time,Input-only PolyRidge,5,train,2003-01-01,oil_cum,1,70,0.04378279276905837,45476.85407803381,0.015939693120500226
Liquid-WC-time,Input-only PolyRidge,5,train,2003-01-01,oil_cum,2,70,0.028135232068815963,56668.4339672212,0.01683924474671064
Liquid-WC-time,Input-only PolyRidge,5,train,2003-01-01,oil_cum,3,70,0.024227627381076023,71232.56574380549,0.010358661910589475
Liquid-WC-time,Input-only PolyRidge,5,train,2003-01-01,oil_cum,4,70,0.023730008760836797,90668.35054029863,-0.0031990419896422524
Liquid-WC-time,Input-only PolyRidge,5,train,2003-01-01,oil_cum,5,70,0.032415411529247706,150781.31704986372,-0.02116236469944574
Liquid-WC-time,Input-only PolyRidge,5,train,2003-01-01,oil_cum,6,70,0.04877948512775321,265532.47918026417,-0.042113174307075556
Liquid-WC-time,Input-only PolyRidge,5,train,2003-01-01,oil_cum,7,70,0.06930664867128117,430067.10126198595,-0.0651859931662059
Liquid-WC-time,Input-only PolyRidge,5,train,2003-01-01,oil_cum,8,70,0.09210732091894859,638300.1138712037,-0.08956426882751932
Liquid-WC-time,Input-only PolyRidge,5,train,2003-01-01,oil_cum,9,70,0.11515715303932754,875237.6338403829,-0.11361050533969481
Liquid-WC-time,Input-only PolyRidge,5,train,2003-01-01,oil_cum,10,70,0.13796892589820411,1136027.6479772432,-0.13704356164368459
Liquid-WC-time,Input-only PolyRidge,5,train,2003-01-01,oil_cum,11,70,0.1607730062371171,1420519.879034602,-0.16018963014983428
Liquid-WC-time,Input-only PolyRidge,5,train,2003-01-01,oil_cum,12,70,0.1837719732700735,1728983.4655473034,-0.18330182194180694
Liquid-WC-time,Input-only PolyRidge,5,train,2003-01-01,oil_cum,13,70,0.20654182336556653,2054741.1700015133,-0.206006273383934
Liquid-WC-time,Input-only PolyRidge,5,train,2003-01-01,oil_cum,14,70,0.22974789359263523,2407720.419884548,-0.22900948652961414
Liquid-WC-time,Input-only PolyRidge,5,train,2003-01-01,oil_cum,15,70,0.25308836257227435,2785231.1783956797,-0.25204285440384094
Liquid-WC-time,Input-only PolyRidge,5,train,2003-01-01,oil_cum,16,70,0.2758870537661903,3177454.868654605,-0.27446631569405616
Liquid-WC-time,Input-only PolyRidge,5,train,2003-01-01,oil_cum,17,70,0.29742684080713844,3570911.1468091677,-0.2955992677423818
Liquid-WC-time,Input-only PolyRidge,5,train,2003-01-01,oil_cum,18,70,0.31830259495443586,3975056.5882292725,-0.3160405860170461
Liquid-WC-time,Input-only PolyRidge,5,train,2003-01-01,oil_cum,19,70,0.3384037994781201,4387082.663993253,-0.335693568960889
Liquid-WC-time,Input-only PolyRidge,5,train,2003-01-01,oil_cum,20,70,0.3574502480132413,4799871.584512732,-0.3542943191409148
Liquid-WC-time,Input-only PolyRidge,5,train,2003-01-01,water_cum,1,70,0.0765427456233123,37376.99098780887,0.03172559776208355
Liquid-WC-time,Input-only PolyRidge,5,train,2003-01-01,water_cum,2,70,0.10720219653017365,106051.62642842943,0.10010903789948841
Liquid-WC-time,Input-only PolyRidge,5,train,2003-01-01,water_cum,3,70,0.17526788603957844,262853.39354980347,0.17202184144543636
Liquid-WC-time,Input-only PolyRidge,5,train,2003-01-01,water_cum,4,70,0.24216055754535262,490309.93095015915,0.23957032773039544
Liquid-WC-time,Input-only PolyRidge,5,train,2003-01-01,water_cum,5,70,0.306607747969351,784376.801436745,0.30431907877809605
Liquid-WC-time,Input-only PolyRidge,5,train,2003-01-01,water_cum,6,70,0.3695418581330291,1147369.5607281823,0.3675611635624006
Liquid-WC-time,Input-only PolyRidge,5,train,2003-01-01,water_cum,7,70,0.43102386611379995,1582168.3140983593,0.4293914149514675
Liquid-WC-time,Input-only PolyRidge,5,train,2003-01-01,water_cum,8,70,0.48947188992162505,2080568.775648048,0.4881750385766638
Liquid-WC-time,Input-only PolyRidge,5,train,2003-01-01,water_cum,9,70,0.5432531334179546,2624675.338053814,0.5422278701804467
Liquid-WC-time,Input-only PolyRidge,5,train,2003-01-01,water_cum,10,70,0.5941347269238147,3226714.2433641003,0.5932997132842631
Liquid-WC-time,Input-only PolyRidge,5,train,2003-01-01,water_cum,11,70,0.6418654544833345,3882500.339228806,0.6411306181034089
Liquid-WC-time,Input-only PolyRidge,5,train,2003-01-01,water_cum,12,70,0.6857672653079655,4579286.031270505,0.6850423442983566
Liquid-WC-time,Input-only PolyRidge,5,train,2003-01-01,water_cum,13,70,0.724909238507575,5294103.754354932,0.7241201565598808
Liquid-WC-time,Input-only PolyRidge,5,train,2003-01-01,water_cum,14,70,0.7603568840596985,6042669.807885087,0.7594450659961102
Liquid-WC-time,Input-only PolyRidge,5,train,2003-01-01,water_cum,15,70,0.7921042991557812,6819985.408960844,0.7910259085135508
Liquid-WC-time,Input-only PolyRidge,5,train,2003-01-01,water_cum,16,70,0.8200659780107762,7613344.278644219,0.818791788206783
Liquid-WC-time,Input-only PolyRidge,5,train,2003-01-01,water_cum,17,70,0.8441333320366669,8401446.414149283,0.842651135970181
Liquid-WC-time,Input-only PolyRidge,5,train,2003-01-01,water_cum,18,70,0.8651649931202815,9205380.170728924,0.8634648188937174
Liquid-WC-time,Input-only PolyRidge,5,train,2003-01-01,water_cum,19,70,0.8834021569216043,10022605.49125029,0.8814811440897673
Liquid-WC-time,Input-only PolyRidge,5,train,2003-01-01,water_cum,20,70,0.8989382235643066,10842061.801528027,0.8968017649485156
Liquid-WC-time,Input-only PolyRidge,5,validation,2003-01-01,gas_cum,1,15,0.08018527346009358,31190.103587255984,-0.00686126734692542
Liquid-WC-time,Input-only PolyRidge,5,validation,2003-01-01,gas_cum,2,15,0.0430549427561347,32497.8127144616,0.0047012263415100435
Liquid-WC-time,Input-only PolyRidge,5,validation,2003-01-01,gas_cum,3,15,0.03241632727429131,35730.56917566664,0.002698131320470609
Liquid-WC-time,Input-only PolyRidge,5,validation,2003-01-01,gas_cum,4,15,0.029595413777954122,42400.93897711684,-0.007956076703100627
Liquid-WC-time,Input-only PolyRidge,5,validation,2003-01-01,gas_cum,5,15,0.0354393139179803,61811.243316632695,-0.023686978370859244
Liquid-WC-time,Input-only PolyRidge,5,validation,2003-01-01,gas_cum,6,15,0.04927253879731821,100547.8606141318,-0.042741235975145335
Liquid-WC-time,Input-only PolyRidge,5,validation,2003-01-01,gas_cum,7,15,0.0680923084229121,158356.65379544933,-0.06430361226908371
Liquid-WC-time,Input-only PolyRidge,5,validation,2003-01-01,gas_cum,8,15,0.0897252627276486,232974.63320510194,-0.08752386547616706
Liquid-WC-time,Input-only PolyRidge,5,validation,2003-01-01,gas_cum,9,15,0.11209762052161604,319187.98266446014,-0.11085483585766445
Liquid-WC-time,Input-only PolyRidge,5,validation,2003-01-01,gas_cum,10,15,0.13460553815759363,415251.7381938438,-0.13394285777994072
Liquid-WC-time,Input-only PolyRidge,5,validation,2003-01-01,gas_cum,11,15,0.15739522657195612,521141.1211272528,-0.15704309439973552
Liquid-WC-time,Input-only PolyRidge,5,validation,2003-01-01,gas_cum,12,15,0.18057802915347068,636851.2050382491,-0.1803174825503109
Liquid-WC-time,Input-only PolyRidge,5,validation,2003-01-01,gas_cum,13,15,0.2036334490254845,759630.5693341716,-0.20328968373269699
Liquid-WC-time,Input-only PolyRidge,5,validation,2003-01-01,gas_cum,14,15,0.22718117433879081,893052.1470253423,-0.22661570883124718
Liquid-WC-time,Input-only PolyRidge,5,validation,2003-01-01,gas_cum,15,15,0.25086536880691324,1035884.1131905413,-0.2499723215744325
Liquid-WC-time,Input-only PolyRidge,5,validation,2003-01-01,gas_cum,16,15,0.2740307204534497,1184589.803219669,-0.27274092750741247
Liquid-WC-time,Input-only PolyRidge,5,validation,2003-01-01,gas_cum,17,15,0.2959504179955657,1334104.072931819,-0.29423289936403574
Liquid-WC-time,Input-only PolyRidge,5,validation,2003-01-01,gas_cum,18,15,0.3172131601975867,1487950.7719774882,-0.31504233607624915
Liquid-WC-time,Input-only PolyRidge,5,validation,2003-01-01,gas_cum,19,15,0.33768257247142514,1644922.6212018323,-0.33504687358841845
Liquid-WC-time,Input-only PolyRidge,5,validation,2003-01-01,gas_cum,20,15,0.3570548463931737,1802161.098340541,-0.3539579503403947
Liquid-WC-time,Input-only PolyRidge,5,validation,2003-01-01,oil_cum,1,15,0.08300417871130072,88821.84106000196,-0.006793141998946138
Liquid-WC-time,Input-only PolyRidge,5,validation,2003-01-01,oil_cum,2,15,0.04485967268728245,93133.75631491192,0.005156320745930049
Liquid-WC-time,Input-only PolyRidge,5,validation,2003-01-01,oil_cum,3,15,0.03370708517882734,102205.2497649749,0.0031118510109565136
Liquid-WC-time,Input-only PolyRidge,5,validation,2003-01-01,oil_cum,4,15,0.03034688274338711,119627.00994414733,-0.007696293166681949
Liquid-WC-time,Input-only PolyRidge,5,validation,2003-01-01,oil_cum,5,15,0.035739894780354234,171543.74688337793,-0.02356603312455343
Liquid-WC-time,Input-only PolyRidge,5,validation,2003-01-01,oil_cum,6,15,0.04943333914639485,277658.7678465442,-0.042787402043664956
Liquid-WC-time,Input-only PolyRidge,5,validation,2003-01-01,oil_cum,7,15,0.0683213679633004,437432.17330164346,-0.06453174320063891
Liquid-WC-time,Input-only PolyRidge,5,validation,2003-01-01,oil_cum,8,15,0.0900016552181941,643429.3700267131,-0.08781925924010633
Liquid-WC-time,Input-only PolyRidge,5,validation,2003-01-01,oil_cum,9,15,0.11238067532903827,881067.8014016731,-0.11115520846032141
Liquid-WC-time,Input-only PolyRidge,5,validation,2003-01-01,oil_cum,10,15,0.13487612357272377,1145646.4830209923,-0.134225405225908
Liquid-WC-time,Input-only PolyRidge,5,validation,2003-01-01,oil_cum,11,15,0.15763826106736342,1437078.244613827,-0.1572899060248763
Liquid-WC-time,Input-only PolyRidge,5,validation,2003-01-01,oil_cum,12,15,0.18079897526495878,1755550.579472898,-0.18053506611445094
Liquid-WC-time,Input-only PolyRidge,5,validation,2003-01-01,oil_cum,13,15,0.2038380139423155,2093511.492861133,-0.20348566146522248
Liquid-WC-time,Input-only PolyRidge,5,validation,2003-01-01,oil_cum,14,15,0.22737723258382472,2460855.6679036217,-0.22679935671088775
Liquid-WC-time,Input-only PolyRidge,5,validation,2003-01-01,oil_cum,15,15,0.25106489618267,2854281.404231808,-0.25015539048631097
Liquid-WC-time,Input-only PolyRidge,5,validation,2003-01-01,oil_cum,16,15,0.274225217013775,3263747.7380746054,-0.2729149503279592
Liquid-WC-time,Input-only PolyRidge,5,validation,2003-01-01,oil_cum,17,15,0.29613042706800957,3675254.181813195,-0.2943898433660695
Liquid-WC-time,Input-only PolyRidge,5,validation,2003-01-01,oil_cum,18,15,0.31737984557722976,4098677.7263766946,-0.3151845067517745
Liquid-WC-time,Input-only PolyRidge,5,validation,2003-01-01,oil_cum,19,15,0.33784228088382323,4530804.864293298,-0.33518111228053604
Liquid-WC-time,Input-only PolyRidge,5,validation,2003-01-01,oil_cum,20,15,0.3572098042864149,4963701.05215198,-0.35408717694786435
Liquid-WC-time,Input-only PolyRidge,5,validation,2003-01-01,water_cum,1,15,0.055111544452435095,25442.12056482063,0.0210889085442664
Liquid-WC-time,Input-only PolyRidge,5,validation,2003-01-01,water_cum,2,15,0.09768276160549087,91454.82864857707,0.09450804453790303
Liquid-WC-time,Input-only PolyRidge,5,validation,2003-01-01,water_cum,3,15,0.1707691775515893,242746.39386019472,0.1689379861764211
Liquid-WC-time,Input-only PolyRidge,5,validation,2003-01-01,water_cum,4,15,0.23990898991306378,461385.2109739624,0.23802603488169205
Liquid-WC-time,Input-only PolyRidge,5,validation,2003-01-01,water_cum,5,15,0.305851059176349,744947.7257764749,0.3039335479145615
Liquid-WC-time,Input-only PolyRidge,5,validation,2003-01-01,water_cum,6,15,0.3700117290121058,1096519.8959796594,0.3682287487899979
Liquid-WC-time,Input-only PolyRidge,5,validation,2003-01-01,water_cum,7,15,0.43295922906080747,1520446.185171553,0.43145263605597794
Liquid-WC-time,Input-only PolyRidge,5,validation,2003-01-01,water_cum,8,15,0.49329836687279505,2009996.0624186588,0.492121083199805
Liquid-WC-time,Input-only PolyRidge,5,validation,2003-01-01,water_cum,9,15,0.5493463996266262,2548226.2071412103,0.5484681718724614
Liquid-WC-time,Input-only PolyRidge,5,validation,2003-01-01,water_cum,10,15,0.6028095888605203,3147349.1387422136,0.6021636042577708
Liquid-WC-time,Input-only PolyRidge,5,validation,2003-01-01,water_cum,11,15,0.6533514224578524,3803377.9128104704,0.6528511474521875
Liquid-WC-time,Input-only PolyRidge,5,validation,2003-01-01,water_cum,12,15,0.7002090982140807,4503672.083564563,0.6997667629219729
Liquid-WC-time,Input-only PolyRidge,5,validation,2003-01-01,water_cum,13,15,0.7421957624336825,5224489.712456068,0.741735858146365
Liquid-WC-time,Input-only PolyRidge,5,validation,2003-01-01,water_cum,14,15,0.7803334072000551,5981171.795309388,0.7797912537534876
Liquid-WC-time,Input-only PolyRidge,5,validation,2003-01-01,water_cum,15,15,0.8144766832367936,6767999.062382335,0.8137979509882246
Liquid-WC-time,Input-only PolyRidge,5,validation,2003-01-01,water_cum,16,15,0.8444842740670132,7571719.441337848,0.8436281930307467
Liquid-WC-time,Input-only PolyRidge,5,validation,2003-01-01,water_cum,17,15,0.8703043468248512,8370831.0168501595,0.8692496652623073
Liquid-WC-time,Input-only PolyRidge,5,validation,2003-01-01,water_cum,18,15,0.8929141996607074,9186818.707315793,0.8916456516118229
Liquid-WC-time,Input-only PolyRidge,5,validation,2003-01-01,water_cum,19,15,0.9125757498950392,10017054.333700184,0.9110867908706279
Liquid-WC-time,Input-only PolyRidge,5,validation,2003-01-01,water_cum,20,15,0.9293602241273649,10850090.040008126,0.9276528550306724
Liquid-WC-volume,History-conditioned,3,train,2003-01-01,gas_cum,1,70,0.02246192947340738,8477.940468651574,0.01594324752492592
Liquid-WC-volume,History-conditioned,3,train,2003-01-01,gas_cum,2,70,0.027990160802869056,20485.193689141106,0.01610249741593844
Liquid-WC-volume,History-conditioned,3,train,2003-01-01,gas_cum,3,70,0.02964859957253015,31672.38564519401,0.009184859020712036
Liquid-WC-volume,History-conditioned,3,train,2003-01-01,gas_cum,4,70,0.03196919880596416,44378.99970687769,-0.004806007766964495
Liquid-WC-volume,History-conditioned,3,train,2003-01-01,gas_cum,5,70,0.040753867610916046,68869.73179839352,-0.023185855342400613
Liquid-WC-volume,History-conditioned,3,train,2003-01-01,gas_cum,6,70,0.056206594486812665,111148.56583507684,-0.04454334139469324
Liquid-WC-volume,History-conditioned,3,train,2003-01-01,gas_cum,7,70,0.07607653746362618,171487.2916355577,-0.06804170816821256
Liquid-WC-volume,History-conditioned,3,train,2003-01-01,gas_cum,8,70,0.09855031382526849,248083.77972102538,-0.09283308024869678
Liquid-WC-volume,History-conditioned,3,train,2003-01-01,gas_cum,9,70,0.12150043132811261,335438.60373895854,-0.11724991040844807
Liquid-WC-volume,History-conditioned,3,train,2003-01-01,gas_cum,10,70,0.1443479148583512,431729.891472788,-0.14102296036147527
Liquid-WC-volume,History-conditioned,3,train,2003-01-01,gas_cum,11,70,0.16724633973939362,536769.1147298897,-0.16447818166831465
Liquid-WC-volume,History-conditioned,3,train,2003-01-01,gas_cum,12,70,0.19033766013329068,650488.5767843097,-0.18784830971781027
Liquid-WC-volume,History-conditioned,3,train,2003-01-01,oil_cum,1,70,0.02273290418050339,23612.49479081395,0.01613758342134961
Liquid-WC-volume,History-conditioned,3,train,2003-01-01,oil_cum,2,70,0.02824837950585342,56896.32929961564,0.016270392810992337
Liquid-WC-volume,History-conditioned,3,train,2003-01-01,oil_cum,3,70,0.029830993323403027,87707.23437706898,0.009276302744531749
Liquid-WC-volume,History-conditioned,3,train,2003-01-01,oil_cum,4,70,0.0320776444883596,122563.25500299166,-0.0047562786134009195
Liquid-WC-volume,History-conditioned,3,train,2003-01-01,oil_cum,5,70,0.04081963459071883,189873.82774793362,-0.02318501082238763
Liquid-WC-volume,History-conditioned,3,train,2003-01-01,oil_cum,6,70,0.056285867644519684,306393.68044412014,-0.04459755471932158
Liquid-WC-volume,History-conditioned,3,train,2003-01-01,oil_cum,7,70,0.07617012997777894,472656.9186408554,-0.06812400999436642
Liquid-WC-volume,History-conditioned,3,train,2003-01-01,oil_cum,8,70,0.09864893684220098,683633.2551139938,-0.09292932342931676
Liquid-WC-volume,History-conditioned,3,train,2003-01-01,oil_cum,9,70,0.121604986907966,924243.5940403171,-0.11735766399952083
Liquid-WC-volume,History-conditioned,3,train,2003-01-01,oil_cum,10,70,0.1444555180670001,1189437.848839007,-0.14113559349770435
Liquid-WC-volume,History-conditioned,3,train,2003-01-01,oil_cum,11,70,0.16734692295462353,1478604.1283678703,-0.16457991636458655
Liquid-WC-volume,History-conditioned,3,train,2003-01-01,oil_cum,12,70,0.1904287972654195,1791612.9210415708,-0.18793351035070166
Liquid-WC-volume,History-conditioned,3,train,2003-01-01,water_cum,1,70,0.04276688462112523,20883.722527110553,0.03922941972043777
Liquid-WC-volume,History-conditioned,3,train,2003-01-01,water_cum,2,70,0.10907052831909021,107899.90595380994,0.1047426401196786
Liquid-WC-volume,History-conditioned,3,train,2003-01-01,water_cum,3,70,0.1808999389509809,271299.91649171815,0.17612068588207908
Liquid-WC-volume,History-conditioned,3,train,2003-01-01,water_cum,4,70,0.24854099161014204,503228.5920956805,0.24372124983295346
Liquid-WC-volume,History-conditioned,3,train,2003-01-01,water_cum,5,70,0.3132736042573855,801429.6745903881,0.30874472290949107
Liquid-WC-volume,History-conditioned,3,train,2003-01-01,water_cum,6,70,0.37641381656277406,1168705.9147875388,0.372347254611942
Liquid-WC-volume,History-conditioned,3,train,2003-01-01,water_cum,7,70,0.4380842501892432,1608085.0134919414,0.43455315418448065
Liquid-WC-volume,History-conditioned,3,train,2003-01-01,water_cum,8,70,0.49669906236487804,2111288.8836486605,0.4936751101280539
Liquid-WC-volume,History-conditioned,3,train,2003-01-01,water_cum,9,70,0.5506086383514777,2660212.7536900314,0.5479944602433838
Liquid-WC-volume,History-conditioned,3,train,2003-01-01,water_cum,10,70,0.6015692160420346,3267090.560119898,0.5992568736166164
Liquid-WC-volume,History-conditioned,3,train,2003-01-01,water_cum,11,70,0.6493215145575068,3927600.376261622,0.6471953762494507
Liquid-WC-volume,History-conditioned,3,train,2003-01-01,water_cum,12,70,0.693184230860102,4628813.631180163,0.691132510616738
Liquid-WC-volume,History-conditioned,3,train,2004-01-01,gas_cum,1,70,0.01138734977044555,3435.8253876846825,0.009953200559699631
Liquid-WC-volume,History-conditioned,3,train,2004-01-01,gas_cum,2,70,0.010267180450731836,6050.838389717956,0.005267537502857634
Liquid-WC-volume,History-conditioned,3,train,2004-01-01,gas_cum,3,70,0.011752639803108757,10177.662220936701,0.0004983285495314346
Liquid-WC-volume,History-conditioned,3,train,2004-01-01,gas_cum,4,70,0.015118892199401962,17072.149004714254,-0.004730230630239519
Liquid-WC-volume,History-conditioned,3,train,2004-01-01,gas_cum,5,70,0.019092256314892263,26207.640553243902,-0.00911039477500643
Liquid-WC-volume,History-conditioned,3,train,2004-01-01,gas_cum,6,70,0.022562976588934906,36164.21426665521,-0.011691368846285376
Liquid-WC-volume,History-conditioned,3,train,2004-01-01,gas_cum,7,70,0.026094803024647267,47529.366543006436,-0.014161641170444762
Liquid-WC-volume,History-conditioned,3,train,2004-01-01,gas_cum,8,70,0.030508524233691638,61919.08209886445,-0.018086565145693175
Liquid-WC-volume,History-conditioned,3,train,2004-01-01,gas_cum,9,70,0.036169826287198045,80507.55456632635,-0.023918668042647643
Liquid-WC-volume,History-conditioned,3,train,2004-01-01,gas_cum,10,70,0.04362306209981675,105522.14604485521,-0.031963980906866724
Liquid-WC-volume,History-conditioned,3,train,2004-01-01,gas_cum,11,70,0.05290878931618693,138077.1358469802,-0.041948549943549476
Liquid-WC-volume,History-conditioned,3,train,2004-01-01,gas_cum,12,70,0.06353745898271623,177640.88185730253,-0.053174001173146156
Liquid-WC-volume,History-conditioned,3,train,2004-01-01,oil_cum,1,70,0.011235678524700967,9333.775871204287,0.009790342071750547
Liquid-WC-volume,History-conditioned,3,train,2004-01-01,oil_cum,2,70,0.010150800621632525,16472.199339323335,0.005021287031733192
Liquid-WC-volume,History-conditioned,3,train,2004-01-01,oil_cum,3,70,0.011776411422866588,28081.21252301747,0.0002502594173514091
Liquid-WC-volume,History-conditioned,3,train,2004-01-01,oil_cum,4,70,0.01523648094904991,47374.064552377546,-0.004966452097612458
Liquid-WC-volume,History-conditioned,3,train,2004-01-01,oil_cum,5,70,0.019248495648017793,72754.03922870311,-0.009345377436900998
Liquid-WC-volume,History-conditioned,3,train,2004-01-01,oil_cum,6,70,0.022725449259434382,100295.99495139578,-0.01191964837599372
Liquid-WC-volume,History-conditioned,3,train,2004-01-01,oil_cum,7,70,0.02625296138695305,131661.9346825553,-0.014356116653179785
Liquid-WC-volume,History-conditioned,3,train,2004-01-01,oil_cum,8,70,0.03065614637985634,171307.52353885322,-0.01824040955057183
Liquid-WC-volume,History-conditioned,3,train,2004-01-01,oil_cum,9,70,0.03630452767532293,222481.7293000133,-0.02404533367376988
Liquid-WC-volume,History-conditioned,3,train,2004-01-01,oil_cum,10,70,0.04376074584708547,291443.97264722805,-0.032087749652781536
Liquid-WC-volume,History-conditioned,3,train,2004-01-01,oil_cum,11,70,0.05306658263140303,381298.91941359144,-0.042085557340209634
Liquid-WC-volume,History-conditioned,3,train,2004-01-01,oil_cum,12,70,0.06370858319416713,490413.70833505533,-0.05331213792294082
Liquid-WC-volume,History-conditioned,3,train,2004-01-01,water_cum,1,70,0.014296109095124061,7634.138334050801,0.01124067374309971
Liquid-WC-volume,History-conditioned,3,train,2004-01-01,water_cum,2,70,0.02830988694577466,30607.173451605548,0.024717360768666218
Liquid-WC-volume,History-conditioned,3,train,2004-01-01,water_cum,3,70,0.041875966524846174,68993.77889099746,0.037874520125077124
Liquid-WC-volume,History-conditioned,3,train,2004-01-01,water_cum,4,70,0.05439988228336854,121203.36756450185,0.05009380306642178
Liquid-WC-volume,History-conditioned,3,train,2004-01-01,water_cum,5,70,0.06584261225180943,184966.97737652814,0.0612638008877547
Liquid-WC-volume,History-conditioned,3,train,2004-01-01,water_cum,6,70,0.07695828272062213,262365.46268627053,0.07208910863465658
Liquid-WC-volume,History-conditioned,3,train,2004-01-01,water_cum,7,70,0.08780049530878817,353606.6366131814,0.08260567814326132
Liquid-WC-volume,History-conditioned,3,train,2004-01-01,water_cum,8,70,0.09821977940885263,457364.5432354808,0.0926458714244884
Liquid-WC-volume,History-conditioned,3,train,2004-01-01,water_cum,9,70,0.10787023253712912,569807.0267941756,0.1018793742065252
Liquid-WC-volume,History-conditioned,3,train,2004-01-01,water_cum,10,70,0.11675053160838128,691936.1145701219,0.11027431132528696
Liquid-WC-volume,History-conditioned,3,train,2004-01-01,water_cum,11,70,0.12482984985734454,822588.1325131684,0.11779766724659792
Liquid-WC-volume,History-conditioned,3,train,2004-01-01,water_cum,12,70,0.1321130540543211,959637.7553892166,0.12445809392202338
Liquid-WC-volume,History-conditioned,3,train,2005-01-01,gas_cum,1,70,0.021597762985618173,5259.457460081673,0.021182326285234993
Liquid-WC-volume,History-conditioned,3,train,2005-01-01,gas_cum,2,70,0.027812222989268463,13174.544436239605,0.02669362904366855
Liquid-WC-volume,History-conditioned,3,train,2005-01-01,gas_cum,3,70,0.032355129783627486,22401.683201206164,0.030007927277852352
Liquid-WC-volume,History-conditioned,3,train,2005-01-01,gas_cum,4,70,0.03360831429757869,30268.124940872443,0.02927338749893622
Liquid-WC-volume,History-conditioned,3,train,2005-01-01,gas_cum,5,70,0.032415965555632045,35559.20267443583,0.02480141707618499
Liquid-WC-volume,History-conditioned,3,train,2005-01-01,gas_cum,6,70,0.03044605754577726,39281.50822320934,0.016943979807444567
Liquid-WC-volume,History-conditioned,3,train,2005-01-01,gas_cum,7,70,0.030412106584122137,45042.44794937527,0.006584259100111505
Liquid-WC-volume,History-conditioned,3,train,2005-01-01,gas_cum,8,70,0.03435415436038251,57278.497970062665,-0.005035189410329871
Liquid-WC-volume,History-conditioned,3,train,2005-01-01,gas_cum,9,70,0.04171410333915943,76963.81941909085,-0.017075129042943372
Liquid-WC-volume,History-conditioned,3,train,2005-01-01,gas_cum,10,70,0.051485301259057814,104021.93388021499,-0.029622523407991
Liquid-WC-volume,History-conditioned,3,train,2005-01-01,gas_cum,11,70,0.06268604118529046,137497.7518235067,-0.042486733204914875
Liquid-WC-volume,History-conditioned,3,train,2005-01-01,gas_cum,12,70,0.07455465064632262,176111.435601838,-0.0553668977251458
Liquid-WC-volume,History-conditioned,3,train,2005-01-01,oil_cum,1,70,0.021377541699029508,14334.702684528535,0.02099666265498985
Liquid-WC-volume,History-conditioned,3,train,2005-01-01,oil_cum,2,70,0.02765424756313934,36070.49515672773,0.02652755366164631
Liquid-WC-volume,History-conditioned,3,train,2005-01-01,oil_cum,3,70,0.03230363842949898,61580.070009240786,0.02992770983165757
Liquid-WC-volume,History-conditioned,3,train,2005-01-01,oil_cum,4,70,0.0336405470996751,83409.68736206349,0.02927196469516214
Liquid-WC-volume,History-conditioned,3,train,2005-01-01,oil_cum,5,70,0.03248517023234019,98101.3474684644,0.02483741319978397
Liquid-WC-volume,History-conditioned,3,train,2005-01-01,oil_cum,6,70,0.03052676369123133,108427.78138368072,0.01696621987168117
Liquid-WC-volume,History-conditioned,3,train,2005-01-01,oil_cum,7,70,0.030518886491298733,124441.57049038912,0.006566549280596417
Liquid-WC-volume,History-conditioned,3,train,2005-01-01,oil_cum,8,70,0.03447596217347759,158254.11762563683,-0.005065691427487903
Liquid-WC-volume,History-conditioned,3,train,2005-01-01,oil_cum,9,70,0.041822757717557016,212440.01912818986,-0.01709526500109423
Liquid-WC-volume,History-conditioned,3,train,2005-01-01,oil_cum,10,70,0.05156998101561241,286847.0089926882,-0.029628428632206355
Liquid-WC-volume,History-conditioned,3,train,2005-01-01,oil_cum,11,70,0.06275032022915399,378918.5537270459,-0.042481820293051226
Liquid-WC-volume,History-conditioned,3,train,2005-01-01,oil_cum,12,70,0.07460467857621036,485154.8468693038,-0.05535689651983637
Liquid-WC-volume,History-conditioned,3,train,2005-01-01,water_cum,1,70,0.006874927822491296,3996.2869255810297,-0.004559421613422147
Liquid-WC-volume,History-conditioned,3,train,2005-01-01,water_cum,2,70,0.010113676027865863,11947.382801130221,-0.003815122903141122
Liquid-WC-volume,History-conditioned,3,train,2005-01-01,water_cum,3,70,0.014312714821709729,25756.635713935382,-0.0031441379904801007
Liquid-WC-volume,History-conditioned,3,train,2005-01-01,water_cum,4,70,0.01877592451245059,45602.34203860945,-0.0026697375888154636
Liquid-WC-volume,History-conditioned,3,train,2005-01-01,water_cum,5,70,0.023116654808026472,70612.23944767573,-0.002569616962163508
Liquid-WC-volume,History-conditioned,3,train,2005-01-01,water_cum,6,70,0.027418908049066795,101420.52973514437,-0.003276547144128924
Liquid-WC-volume,History-conditioned,3,train,2005-01-01,water_cum,7,70,0.03167645256518325,138173.27902828547,-0.0046925864804850895
Liquid-WC-volume,History-conditioned,3,train,2005-01-01,water_cum,8,70,0.03590424070412047,180818.79553117248,-0.0066107148738863844
Liquid-WC-volume,History-conditioned,3,train,2005-01-01,water_cum,9,70,0.039990613448047975,228158.89564180464,-0.008818039032082446
Liquid-WC-volume,History-conditioned,3,train,2005-01-01,water_cum,10,70,0.044174510752486656,282399.9357090186,-0.011610009096803259
Liquid-WC-volume,History-conditioned,3,train,2005-01-01,water_cum,11,70,0.048462261985803334,344008.7807825501,-0.014897616079156305
Liquid-WC-volume,History-conditioned,3,train,2005-01-01,water_cum,12,70,0.05280117162704133,412599.68673869444,-0.018572332283168905
Liquid-WC-volume,History-conditioned,3,validation,2003-01-01,gas_cum,1,15,0.021373706221941798,8313.847198360161,0.015072681356777189
Liquid-WC-volume,History-conditioned,3,validation,2003-01-01,gas_cum,2,15,0.026009988513608445,19632.30424455985,0.01603097592911385
Liquid-WC-volume,History-conditioned,3,validation,2003-01-01,gas_cum,3,15,0.026652366719154573,29377.301897776677,0.009970585388124087
Liquid-WC-volume,History-conditioned,3,validation,2003-01-01,gas_cum,4,15,0.027820075817405875,39857.43689622892,-0.0031609299606991685
Liquid-WC-volume,History-conditioned,3,validation,2003-01-01,gas_cum,5,15,0.03593098089030804,62668.780991533415,-0.020747598733081817
Liquid-WC-volume,History-conditioned,3,validation,2003-01-01,gas_cum,6,15,0.05106859816882658,104212.98386024628,-0.04136090896486702
Liquid-WC-volume,History-conditioned,3,validation,2003-01-01,gas_cum,7,15,0.0707843828139864,164617.3887038799,-0.06430608637771651
Liquid-WC-volume,History-conditioned,3,validation,2003-01-01,gas_cum,8,15,0.09323697798268782,242092.9188316027,-0.08875236437218638
Liquid-WC-volume,History-conditioned,3,validation,2003-01-01,gas_cum,9,15,0.11639880721815725,331435.22839852516,-0.11314130836448096
Liquid-WC-volume,History-conditioned,3,validation,2003-01-01,gas_cum,10,15,0.1396718692983687,430881.1308716499,-0.1371615122434283
Liquid-WC-volume,History-conditioned,3,validation,2003-01-01,gas_cum,11,15,0.1631605678570582,540230.3685360728,-0.16106455752191842
Liquid-WC-volume,History-conditioned,3,validation,2003-01-01,gas_cum,12,15,0.18693984364268615,659287.6511700392,-0.18500235476852653
Liquid-WC-volume,History-conditioned,3,validation,2003-01-01,oil_cum,1,15,0.021960197875550827,23499.36154579177,0.015578423701191611
Liquid-WC-volume,History-conditioned,3,validation,2003-01-01,oil_cum,2,15,0.026829527579032363,55701.134981713556,0.016711709309273293
Liquid-WC-volume,History-conditioned,3,validation,2003-01-01,oil_cum,3,15,0.027314354933356846,82821.47368489938,0.010536211157284913
Liquid-WC-volume,History-conditioned,3,validation,2003-01-01,oil_cum,4,15,0.028119708319296083,110847.5178549262,-0.002786690113467107
Liquid-WC-volume,History-conditioned,3,validation,2003-01-01,oil_cum,5,15,0.035967171908023954,172634.62782471708,-0.020534257911886854
Liquid-WC-volume,History-conditioned,3,validation,2003-01-01,oil_cum,6,15,0.05113610840444569,287222.93693326577,-0.04132917871879281
Liquid-WC-volume,History-conditioned,3,validation,2003-01-01,oil_cum,7,15,0.07098560376590826,454490.1229894896,-0.0644663379922859
Liquid-WC-volume,History-conditioned,3,validation,2003-01-01,oil_cum,8,15,0.09349450677755611,668400.0583211523,-0.08898695380369767
Liquid-WC-volume,History-conditioned,3,validation,2003-01-01,oil_cum,9,15,0.11665825950573636,914604.1872156862,-0.1133861007412813
Liquid-WC-volume,History-conditioned,3,validation,2003-01-01,oil_cum,10,15,0.13991157495614814,1188417.9314807549,-0.13739261872961064
Liquid-WC-volume,History-conditioned,3,validation,2003-01-01,oil_cum,11,15,0.1633713832329325,1489343.12676913,-0.161263388317299
Liquid-WC-volume,History-conditioned,3,validation,2003-01-01,oil_cum,12,15,0.18712922871612747,1817017.0789269102,-0.18517486578568987
Liquid-WC-volume,History-conditioned,3,validation,2003-01-01,water_cum,1,15,0.04347896355000847,20071.965749888906,0.04091760220129953
Liquid-WC-volume,History-conditioned,3,validation,2003-01-01,water_cum,2,15,0.11173544396143374,104611.55800176722,0.10872837932711737
Liquid-WC-volume,History-conditioned,3,validation,2003-01-01,water_cum,3,15,0.18569017579072034,263956.4188030692,0.18233872696863562
Liquid-WC-volume,History-conditioned,3,validation,2003-01-01,water_cum,4,15,0.2552476483708895,490884.0228825364,0.2517867329577207
Liquid-WC-volume,History-conditioned,3,validation,2003-01-01,water_cum,5,15,0.3217570652244342,783689.2722782834,0.31849903099785576
Liquid-WC-volume,History-conditioned,3,validation,2003-01-01,water_cum,6,15,0.38663871249692383,1145793.5183318625,0.3837674172794514
Liquid-WC-volume,History-conditioned,3,validation,2003-01-01,water_cum,7,15,0.45040554344997774,1581713.3447049325,0.4479905927401655
Liquid-WC-volume,History-conditioned,3,validation,2003-01-01,water_cum,8,15,0.511575139019131,2084466.6921933796,0.5095708560158454
Liquid-WC-volume,History-conditioned,3,validation,2003-01-01,water_cum,9,15,0.5683677849976502,2636459.7747617858,0.5666647832794421
Liquid-WC-volume,History-conditioned,3,validation,2003-01-01,water_cum,10,15,0.6224492086382449,3249890.2089821375,0.6209393681615601
Liquid-WC-volume,History-conditioned,3,validation,2003-01-01,water_cum,11,15,0.6734487152245561,3920370.999208928,0.6720235173917603
Liquid-WC-volume,History-conditioned,3,validation,2003-01-01,water_cum,12,15,0.7205943458574,4634787.875921345,0.7191536906415978
Liquid-WC-volume,History-conditioned,3,validation,2004-01-01,gas_cum,1,15,0.014148458298054296,4406.785493771295,0.012284988151976135
Liquid-WC-volume,History-conditioned,3,validation,2004-01-01,gas_cum,2,15,0.014099685549490185,8572.329702649306,0.009260821041397646
Liquid-WC-volume,History-conditioned,3,validation,2004-01-01,gas_cum,3,15,0.014749751884967185,13170.917334330963,0.005947514416234146
Liquid-WC-volume,History-conditioned,3,validation,2004-01-01,gas_cum,4,15,0.015970851369939327,18588.21878046922,0.002050588760131052
Liquid-WC-volume,History-conditioned,3,validation,2004-01-01,gas_cum,5,15,0.01778128290947559,25156.487446791773,-0.0014132312375332763
Liquid-WC-volume,History-conditioned,3,validation,2004-01-01,gas_cum,6,15,0.019756161709559215,32643.737971680643,-0.003389953153353375
Liquid-WC-volume,History-conditioned,3,validation,2004-01-01,gas_cum,7,15,0.021808691858234194,40966.269030212614,-0.00547342895935353
Liquid-WC-volume,History-conditioned,3,validation,2004-01-01,gas_cum,8,15,0.02441814884864177,51135.78383755632,-0.00916596520476709
Liquid-WC-volume,History-conditioned,3,validation,2004-01-01,gas_cum,9,15,0.02818627528251591,64767.971153806175,-0.01484377563251695
Liquid-WC-volume,History-conditioned,3,validation,2004-01-01,gas_cum,10,15,0.03402185884007976,85004.70722444664,-0.022780969000552685
Liquid-WC-volume,History-conditioned,3,validation,2004-01-01,gas_cum,11,15,0.04214358476299929,113653.4812222447,-0.03264313847688968
Liquid-WC-volume,History-conditioned,3,validation,2004-01-01,gas_cum,12,15,0.05208010786167532,150535.82098301203,-0.04379374710558479
Liquid-WC-volume,History-conditioned,3,validation,2004-01-01,oil_cum,1,15,0.013711176484006623,11761.73991617003,0.011803518614122687
Liquid-WC-volume,History-conditioned,3,validation,2004-01-01,oil_cum,2,15,0.013805667854603155,23123.077466526014,0.008511293187842689
Liquid-WC-volume,History-conditioned,3,validation,2004-01-01,oil_cum,3,15,0.014727198388920063,36238.58631435418,0.004923182137790579
Liquid-WC-volume,History-conditioned,3,validation,2004-01-01,oil_cum,4,15,0.016224169584014275,52034.1387570929,0.0010406013109018272
Liquid-WC-volume,History-conditioned,3,validation,2004-01-01,oil_cum,5,15,0.018163137937612272,70803.11459745708,-0.002321151827647093
Liquid-WC-volume,History-conditioned,3,validation,2004-01-01,oil_cum,6,15,0.02011855780652366,91584.83020880367,-0.0041887861166754106
Liquid-WC-volume,History-conditioned,3,validation,2004-01-01,oil_cum,7,15,0.022163663153227563,114687.22728487932,-0.006151486213425183
Liquid-WC-volume,History-conditioned,3,validation,2004-01-01,oil_cum,8,15,0.024822106872970005,143181.49939656418,-0.009752567977742543
Liquid-WC-volume,History-conditioned,3,validation,2004-01-01,oil_cum,9,15,0.028640034339323828,181260.56016667697,-0.015364133862056161
Liquid-WC-volume,History-conditioned,3,validation,2004-01-01,oil_cum,10,15,0.034493859618929895,237365.1969004096,-0.023259308151538295
Liquid-WC-volume,History-conditioned,3,validation,2004-01-01,oil_cum,11,15,0.04262166918524504,316569.8077874303,-0.03310721008215915
Liquid-WC-volume,History-conditioned,3,validation,2004-01-01,oil_cum,12,15,0.05255253992675159,418350.21848749457,-0.04422922588169756
Liquid-WC-volume,History-conditioned,3,validation,2004-01-01,water_cum,1,15,0.014018080118654326,7193.02182918598,0.007870390890469843
Liquid-WC-volume,History-conditioned,3,validation,2004-01-01,water_cum,2,15,0.026066481346516023,27152.66585264508,0.019580126468653935
Liquid-WC-volume,History-conditioned,3,validation,2004-01-01,water_cum,3,15,0.03831257061824392,60943.77247685092,0.031682572472889435
Liquid-WC-volume,History-conditioned,3,validation,2004-01-01,water_cum,4,15,0.050169987072771656,108079.73221350453,0.0435155909486399
Liquid-WC-volume,History-conditioned,3,validation,2004-01-01,water_cum,5,15,0.06143660114442077,167044.45785481378,0.054825193837335445
Liquid-WC-volume,History-conditioned,3,validation,2004-01-01,water_cum,6,15,0.0726741986956245,239975.16307131216,0.06613797355323353
Liquid-WC-volume,History-conditioned,3,validation,2004-01-01,water_cum,7,15,0.08389940053838335,327444.9660987051,0.07742871733195197
Liquid-WC-volume,History-conditioned,3,validation,2004-01-01,water_cum,8,15,0.09494661223854087,428577.83860704687,0.08851160092530876
Liquid-WC-volume,History-conditioned,3,validation,2004-01-01,water_cum,9,15,0.10532564949697469,539440.9767334865,0.09888198048553737
Liquid-WC-volume,History-conditioned,3,validation,2004-01-01,water_cum,10,15,0.11502979538046257,661155.43950517,0.10845568944668293
Liquid-WC-volume,History-conditioned,3,validation,2004-01-01,water_cum,11,15,0.12395701096469691,792428.5321385099,0.11710360168075226
Liquid-WC-volume,History-conditioned,3,validation,2004-01-01,water_cum,12,15,0.132081704687126,931113.8848563908,0.12480889496421997
Liquid-WC-volume,History-conditioned,3,validation,2005-01-01,gas_cum,1,15,0.020893508070271655,5242.280581588712,0.02048567216919302
Liquid-WC-volume,History-conditioned,3,validation,2005-01-01,gas_cum,2,15,0.026098450333201646,12748.895387883918,0.025121803570321594
Liquid-WC-volume,History-conditioned,3,validation,2005-01-01,gas_cum,3,15,0.029492003851067632,21076.255134803734,0.02748047709060478
Liquid-WC-volume,History-conditioned,3,validation,2005-01-01,gas_cum,4,15,0.029746385029232335,27677.09724302418,0.02579916867284433
Liquid-WC-volume,History-conditioned,3,validation,2005-01-01,gas_cum,5,15,0.027942108688674236,31691.574968585694,0.02051587598169256
Liquid-WC-volume,History-conditioned,3,validation,2005-01-01,gas_cum,6,15,0.02634380126291878,35167.432018457395,0.011950848357368189
Liquid-WC-volume,History-conditioned,3,validation,2005-01-01,gas_cum,7,15,0.028160743385187884,43179.13259976527,0.0010626209614289421
Liquid-WC-volume,History-conditioned,3,validation,2005-01-01,gas_cum,8,15,0.034592575815115906,59743.03857372676,-0.0110512590835611
Liquid-WC-volume,History-conditioned,3,validation,2005-01-01,gas_cum,9,15,0.044051892734005324,84236.96831046519,-0.023597532873540272
Liquid-WC-volume,History-conditioned,3,validation,2005-01-01,gas_cum,10,15,0.05540630683944953,116087.45305197261,-0.03667345673626402
Liquid-WC-volume,History-conditioned,3,validation,2005-01-01,gas_cum,11,15,0.06782774040855882,154366.82207607588,-0.05003814698745334
Liquid-WC-volume,History-conditioned,3,validation,2005-01-01,gas_cum,12,15,0.08064273002686305,197744.06482602016,-0.06334213534702615
Liquid-WC-volume,History-conditioned,3,validation,2005-01-01,oil_cum,1,15,0.020660625910311727,14276.909195687906,0.020310461052253734
Liquid-WC-volume,History-conditioned,3,validation,2005-01-01,oil_cum,2,15,0.02602085492933583,35002.734118294546,0.025090253817965702
Liquid-WC-volume,History-conditioned,3,validation,2005-01-01,oil_cum,3,15,0.029557368826609486,58157.220584145536,0.02761238144086694
Liquid-WC-volume,History-conditioned,3,validation,2005-01-01,oil_cum,4,15,0.02984772866393974,76455.1758717782,0.026011659683829118
Liquid-WC-volume,History-conditioned,3,validation,2005-01-01,oil_cum,5,15,0.028009146274295415,87453.1280914601,0.020763539434522773
Liquid-WC-volume,History-conditioned,3,validation,2005-01-01,oil_cum,6,15,0.026310836613688597,96691.50236962907,0.012194176325907179
Liquid-WC-volume,History-conditioned,3,validation,2005-01-01,oil_cum,7,15,0.028058223830215792,118441.16198765593,0.0012609914500286846
Liquid-WC-volume,History-conditioned,3,validation,2005-01-01,oil_cum,8,15,0.03446925377826628,163890.12703243204,-0.010860367324526124
Liquid-WC-volume,History-conditioned,3,validation,2005-01-01,oil_cum,9,15,0.04388920992578855,231046.11674531183,-0.02338174873823728
Liquid-WC-volume,History-conditioned,3,validation,2005-01-01,oil_cum,10,15,0.05521014835696231,318446.04654442036,-0.03643916255733991
Liquid-WC-volume,History-conditioned,3,validation,2005-01-01,oil_cum,11,15,0.06762079114052309,423657.86655291973,-0.04980561125382527
Liquid-WC-volume,History-conditioned,3,validation,2005-01-01,oil_cum,12,15,0.08043288332766918,542951.4150440311,-0.06311787386678884
Liquid-WC-volume,History-conditioned,3,validation,2005-01-01,water_cum,1,15,0.0060506121047461696,3417.383822769882,-0.003823791355357945
Liquid-WC-volume,History-conditioned,3,validation,2005-01-01,water_cum,2,15,0.008698045354777658,9985.328653673076,-0.0020372130353424537
Liquid-WC-volume,History-conditioned,3,validation,2005-01-01,water_cum,3,15,0.012500172821551164,21860.996414090023,-0.00019688599019084457
Liquid-WC-volume,History-conditioned,3,validation,2005-01-01,water_cum,4,15,0.016766750364472754,39569.48384040299,0.0016050797422967682
Liquid-WC-volume,History-conditioned,3,validation,2005-01-01,water_cum,5,15,0.02101704361881082,62375.165573328166,0.0029510630484666373
Liquid-WC-volume,History-conditioned,3,validation,2005-01-01,water_cum,6,15,0.025372856008004895,91188.53567100634,0.0033825519061037694
Liquid-WC-volume,History-conditioned,3,validation,2005-01-01,water_cum,7,15,0.02973461680373878,126047.3510613783,0.0029144955384692132
Liquid-WC-volume,History-conditioned,3,validation,2005-01-01,water_cum,8,15,0.03411168863139284,167006.93756089755,0.0017751114762727808
Liquid-WC-volume,History-conditioned,3,validation,2005-01-01,water_cum,9,15,0.038333849487087596,212691.04126069925,0.0002744581890384046
Liquid-WC-volume,History-conditioned,3,validation,2005-01-01,water_cum,10,15,0.04250012393909393,264307.38584942033,-0.0018137511171368872
Liquid-WC-volume,History-conditioned,3,validation,2005-01-01,water_cum,11,15,0.046628008301677897,322076.80685496656,-0.00439581734677754
Liquid-WC-volume,History-conditioned,3,validation,2005-01-01,water_cum,12,15,0.050695954332141226,385581.2911657426,-0.007392866191666675
Liquid-WC-volume,History-conditioned,5,train,2003-01-01,gas_cum,1,70,0.02246192947340738,8477.940468651574,0.01594324752492592
Liquid-WC-volume,History-conditioned,5,train,2003-01-01,gas_cum,2,70,0.027990160802869056,20485.193689141106,0.01610249741593844
Liquid-WC-volume,History-conditioned,5,train,2003-01-01,gas_cum,3,70,0.02964859957253015,31672.38564519401,0.009184859020712036
Liquid-WC-volume,History-conditioned,5,train,2003-01-01,gas_cum,4,70,0.03196919880596416,44378.99970687769,-0.004806007766964495
Liquid-WC-volume,History-conditioned,5,train,2003-01-01,gas_cum,5,70,0.040753867610916046,68869.73179839352,-0.023185855342400613
Liquid-WC-volume,History-conditioned,5,train,2003-01-01,gas_cum,6,70,0.056206594486812665,111148.56583507684,-0.04454334139469324
Liquid-WC-volume,History-conditioned,5,train,2003-01-01,gas_cum,7,70,0.07607653746362618,171487.2916355577,-0.06804170816821256
Liquid-WC-volume,History-conditioned,5,train,2003-01-01,gas_cum,8,70,0.09855031382526849,248083.77972102538,-0.09283308024869678
Liquid-WC-volume,History-conditioned,5,train,2003-01-01,gas_cum,9,70,0.12150043132811261,335438.60373895854,-0.11724991040844807
Liquid-WC-volume,History-conditioned,5,train,2003-01-01,gas_cum,10,70,0.1443479148583512,431729.891472788,-0.14102296036147527
Liquid-WC-volume,History-conditioned,5,train,2003-01-01,gas_cum,11,70,0.16724633973939362,536769.1147298897,-0.16447818166831465
Liquid-WC-volume,History-conditioned,5,train,2003-01-01,gas_cum,12,70,0.19033766013329068,650488.5767843097,-0.18784830971781027
Liquid-WC-volume,History-conditioned,5,train,2003-01-01,gas_cum,13,70,0.21316500705422947,770322.8934404481,-0.2107439842229057
Liquid-WC-volume,History-conditioned,5,train,2003-01-01,gas_cum,14,70,0.23638165631556776,899857.7348959424,-0.23387471809589094
Liquid-WC-volume,History-conditioned,5,train,2003-01-01,gas_cum,15,70,0.25968505980501955,1038088.6600938957,-0.256979445619828
Liquid-WC-volume,History-conditioned,5,train,2003-01-01,gas_cum,16,70,0.28242146032035376,1181520.8159272512,-0.27943812481234487
Liquid-WC-volume,History-conditioned,5,train,2003-01-01,gas_cum,17,70,0.30388347243907843,1325266.8503639987,-0.30057833582069504
Liquid-WC-volume,History-conditioned,5,train,2003-01-01,gas_cum,18,70,0.3246642641192509,1472780.3192563355,-0.32100144547714204
Liquid-WC-volume,History-conditioned,5,train,2003-01-01,gas_cum,19,70,0.3446559388511433,1623040.153612009,-0.34061393957011354
Liquid-WC-volume,History-conditioned,5,train,2003-01-01,gas_cum,20,70,0.3635829157641214,1773461.9541643145,-0.35915663313828716
Liquid-WC-volume,History-conditioned,5,train,2003-01-01,oil_cum,1,70,0.02273290418050339,23612.49479081395,0.01613758342134961
Liquid-WC-volume,History-conditioned,5,train,2003-01-01,oil_cum,2,70,0.02824837950585342,56896.32929961564,0.016270392810992337
Liquid-WC-volume,History-conditioned,5,train,2003-01-01,oil_cum,3,70,0.029830993323403027,87707.23437706898,0.009276302744531749
Liquid-WC-volume,History-conditioned,5,train,2003-01-01,oil_cum,4,70,0.0320776444883596,122563.25500299166,-0.0047562786134009195
Liquid-WC-volume,History-conditioned,5,train,2003-01-01,oil_cum,5,70,0.04081963459071883,189873.82774793362,-0.02318501082238763
Liquid-WC-volume,History-conditioned,5,train,2003-01-01,oil_cum,6,70,0.056285867644519684,306393.68044412014,-0.04459755471932158
Liquid-WC-volume,History-conditioned,5,train,2003-01-01,oil_cum,7,70,0.07617012997777894,472656.9186408554,-0.06812400999436642
Liquid-WC-volume,History-conditioned,5,train,2003-01-01,oil_cum,8,70,0.09864893684220098,683633.2551139938,-0.09292932342931676
Liquid-WC-volume,History-conditioned,5,train,2003-01-01,oil_cum,9,70,0.121604986907966,924243.5940403171,-0.11735766399952083
Liquid-WC-volume,History-conditioned,5,train,2003-01-01,oil_cum,10,70,0.1444555180670001,1189437.848839007,-0.14113559349770435
Liquid-WC-volume,History-conditioned,5,train,2003-01-01,oil_cum,11,70,0.16734692295462353,1478604.1283678703,-0.16457991636458655
Liquid-WC-volume,History-conditioned,5,train,2003-01-01,oil_cum,12,70,0.1904287972654195,1791612.9210415708,-0.18793351035070166
Liquid-WC-volume,History-conditioned,5,train,2003-01-01,oil_cum,13,70,0.21325203785202992,2121496.4340938292,-0.2108176901880312
Liquid-WC-volume,History-conditioned,5,train,2003-01-01,oil_cum,14,70,0.23647467392888244,2478215.9797018566,-0.2339480657146831
Liquid-WC-volume,History-conditioned,5,train,2003-01-01,oil_cum,15,70,0.25979089135888817,2858992.3421285255,-0.25705997955817367
Liquid-WC-volume,History-conditioned,5,train,2003-01-01,oil_cum,16,70,0.28253165996269336,3253982.3316912143,-0.2795197951265064
Liquid-WC-volume,History-conditioned,5,train,2003-01-01,oil_cum,17,70,0.303989471974312,3649702.195806837,-0.30065492629341095
Liquid-WC-volume,History-conditioned,5,train,2003-01-01,oil_cum,18,70,0.324763393020787,4055740.9380459758,-0.32107168551770815
Liquid-WC-volume,History-conditioned,5,train,2003-01-01,oil_cum,19,70,0.3447485643822826,4469336.492588235,-0.3406787113917736
Liquid-WC-volume,History-conditioned,5,train,2003-01-01,oil_cum,20,70,0.36367082011241664,4883401.942721179,-0.3592177395597494
Liquid-WC-volume,History-conditioned,5,train,2003-01-01,water_cum,1,70,0.04276688462112523,20883.722527110553,0.03922941972043777
Liquid-WC-volume,History-conditioned,5,train,2003-01-01,water_cum,2,70,0.10907052831909021,107899.90595380994,0.1047426401196786
Liquid-WC-volume,History-conditioned,5,train,2003-01-01,water_cum,3,70,0.1808999389509809,271299.91649171815,0.17612068588207908
Liquid-WC-volume,History-conditioned,5,train,2003-01-01,water_cum,4,70,0.24854099161014204,503228.5920956805,0.24372124983295346
Liquid-WC-volume,History-conditioned,5,train,2003-01-01,water_cum,5,70,0.3132736042573855,801429.6745903881,0.30874472290949107
Liquid-WC-volume,History-conditioned,5,train,2003-01-01,water_cum,6,70,0.37641381656277406,1168705.9147875388,0.372347254611942
Liquid-WC-volume,History-conditioned,5,train,2003-01-01,water_cum,7,70,0.4380842501892432,1608085.0134919414,0.43455315418448065
Liquid-WC-volume,History-conditioned,5,train,2003-01-01,water_cum,8,70,0.49669906236487804,2111288.8836486605,0.4936751101280539
Liquid-WC-volume,History-conditioned,5,train,2003-01-01,water_cum,9,70,0.5506086383514777,2660212.7536900314,0.5479944602433838
Liquid-WC-volume,History-conditioned,5,train,2003-01-01,water_cum,10,70,0.6015692160420346,3267090.560119898,0.5992568736166164
Liquid-WC-volume,History-conditioned,5,train,2003-01-01,water_cum,11,70,0.6493215145575068,3927600.376261622,0.6471953762494507
Liquid-WC-volume,History-conditioned,5,train,2003-01-01,water_cum,12,70,0.693184230860102,4628813.631180163,0.691132510616738
Liquid-WC-volume,History-conditioned,5,train,2003-01-01,water_cum,13,70,0.7322323068378901,5347585.047572736,0.7301636850807178
Liquid-WC-volume,History-conditioned,5,train,2003-01-01,water_cum,14,70,0.7675351115306261,6099716.254523559,0.7653795151093498
Liquid-WC-volume,History-conditioned,5,train,2003-01-01,water_cum,15,70,0.7990923928166618,6880152.607717942,0.7967993793101036
Liquid-WC-volume,History-conditioned,5,train,2003-01-01,water_cum,16,70,0.8268306968937565,7676146.705748077,0.8243661460285632
Liquid-WC-volume,History-conditioned,5,train,2003-01-01,water_cum,17,70,0.8506562621334042,8466367.494257277,0.8480050620726265
Liquid-WC-volume,History-conditioned,5,train,2003-01-01,water_cum,18,70,0.8714271427138124,9272009.620779283,0.8685785860690315
Liquid-WC-volume,History-conditioned,5,train,2003-01-01,water_cum,19,70,0.8893906084805978,10090547.240100447,0.8863424870388612
Liquid-WC-volume,History-conditioned,5,train,2003-01-01,water_cum,20,70,0.9046488032520696,10910936.899142394,0.9014073958536534
Liquid-WC-volume,History-conditioned,5,validation,2003-01-01,gas_cum,1,15,0.021373706221941798,8313.847198360161,0.015072681356777189
Liquid-WC-volume,History-conditioned,5,validation,2003-01-01,gas_cum,2,15,0.026009988513608445,19632.30424455985,0.01603097592911385
Liquid-WC-volume,History-conditioned,5,validation,2003-01-01,gas_cum,3,15,0.026652366719154573,29377.301897776677,0.009970585388124087
Liquid-WC-volume,History-conditioned,5,validation,2003-01-01,gas_cum,4,15,0.027820075817405875,39857.43689622892,-0.0031609299606991685
Liquid-WC-volume,History-conditioned,5,validation,2003-01-01,gas_cum,5,15,0.03593098089030804,62668.780991533415,-0.020747598733081817
Liquid-WC-volume,History-conditioned,5,validation,2003-01-01,gas_cum,6,15,0.05106859816882658,104212.98386024628,-0.04136090896486702
Liquid-WC-volume,History-conditioned,5,validation,2003-01-01,gas_cum,7,15,0.0707843828139864,164617.3887038799,-0.06430608637771651
Liquid-WC-volume,History-conditioned,5,validation,2003-01-01,gas_cum,8,15,0.09323697798268782,242092.9188316027,-0.08875236437218638
Liquid-WC-volume,History-conditioned,5,validation,2003-01-01,gas_cum,9,15,0.11639880721815725,331435.22839852516,-0.11314130836448096
Liquid-WC-volume,History-conditioned,5,validation,2003-01-01,gas_cum,10,15,0.1396718692983687,430881.1308716499,-0.1371615122434283
Liquid-WC-volume,History-conditioned,5,validation,2003-01-01,gas_cum,11,15,0.1631605678570582,540230.3685360728,-0.16106455752191842
Liquid-WC-volume,History-conditioned,5,validation,2003-01-01,gas_cum,12,15,0.18693984364268615,659287.6511700392,-0.18500235476852653
Liquid-WC-volume,History-conditioned,5,validation,2003-01-01,gas_cum,13,15,0.21047143083137274,785138.8541329696,-0.20849394423122536
Liquid-WC-volume,History-conditioned,5,validation,2003-01-01,gas_cum,14,15,0.23438589564434742,921374.0000546402,-0.23222431246745545
Liquid-WC-volume,History-conditioned,5,validation,2003-01-01,gas_cum,15,15,0.2583333261161432,1066721.124976615,-0.2558804241555224
Liquid-WC-volume,History-conditioned,5,validation,2003-01-01,gas_cum,16,15,0.28167110988073824,1217617.9520097633,-0.27885528691707784
Liquid-WC-volume,History-conditioned,5,validation,2003-01-01,gas_cum,17,15,0.30368253270959245,1368959.3902590398,-0.3004743684838154
Liquid-WC-volume,History-conditioned,5,validation,2003-01-01,gas_cum,18,15,0.32497513637814024,1524359.8492135385,-0.32135164331771243
Liquid-WC-volume,History-conditioned,5,validation,2003-01-01,gas_cum,19,15,0.3454236790053361,1682631.1744077902,-0.3413758862944655
Liquid-WC-volume,History-conditioned,5,validation,2003-01-01,gas_cum,20,15,0.36473736303096393,1840937.025237592,-0.36026901379222376
Liquid-WC-volume,History-conditioned,5,validation,2003-01-01,oil_cum,1,15,0.021960197875550827,23499.36154579177,0.015578423701191611
Liquid-WC-volume,History-conditioned,5,validation,2003-01-01,oil_cum,2,15,0.026829527579032363,55701.134981713556,0.016711709309273293
Liquid-WC-volume,History-conditioned,5,validation,2003-01-01,oil_cum,3,15,0.027314354933356846,82821.47368489938,0.010536211157284913
Liquid-WC-volume,History-conditioned,5,validation,2003-01-01,oil_cum,4,15,0.028119708319296083,110847.5178549262,-0.002786690113467107
Liquid-WC-volume,History-conditioned,5,validation,2003-01-01,oil_cum,5,15,0.035967171908023954,172634.62782471708,-0.020534257911886854
Liquid-WC-volume,History-conditioned,5,validation,2003-01-01,oil_cum,6,15,0.05113610840444569,287222.93693326577,-0.04132917871879281
Liquid-WC-volume,History-conditioned,5,validation,2003-01-01,oil_cum,7,15,0.07098560376590826,454490.1229894896,-0.0644663379922859
Liquid-WC-volume,History-conditioned,5,validation,2003-01-01,oil_cum,8,15,0.09349450677755611,668400.0583211523,-0.08898695380369767
Liquid-WC-volume,History-conditioned,5,validation,2003-01-01,oil_cum,9,15,0.11665825950573636,914604.1872156862,-0.1133861007412813
Liquid-WC-volume,History-conditioned,5,validation,2003-01-01,oil_cum,10,15,0.13991157495614814,1188417.9314807549,-0.13739261872961064
Liquid-WC-volume,History-conditioned,5,validation,2003-01-01,oil_cum,11,15,0.1633713832329325,1489343.12676913,-0.161263388317299
Liquid-WC-volume,History-conditioned,5,validation,2003-01-01,oil_cum,12,15,0.18712922871612747,1817017.0789269102,-0.18517486578568987
Liquid-WC-volume,History-conditioned,5,validation,2003-01-01,oil_cum,13,15,0.21064663027708402,2163439.158813342,-0.2086472836620138
Liquid-WC-volume,History-conditioned,5,validation,2003-01-01,oil_cum,14,15,0.2345563758117106,2538554.015720929,-0.23236742784308984
Liquid-WC-volume,History-conditioned,5,validation,2003-01-01,oil_cum,15,15,0.2585110187728077,2938934.1357199918,-0.25602474204550385
Liquid-WC-volume,History-conditioned,5,validation,2003-01-01,oil_cum,16,15,0.28184543056498673,3354441.274621842,-0.2789922078969358
Liquid-WC-volume,History-conditioned,5,validation,2003-01-01,oil_cum,17,15,0.30384175247586126,3770958.9063601946,-0.3005957596766161
Liquid-WC-volume,History-conditioned,5,validation,2003-01-01,oil_cum,18,15,0.32512015385139625,4198636.906396195,-0.3214596841753763
Liquid-WC-volume,History-conditioned,5,validation,2003-01-01,oil_cum,19,15,0.3455608713913965,4634318.928091686,-0.34147725150992975
Liquid-WC-volume,History-conditioned,5,validation,2003-01-01,oil_cum,20,15,0.36486918825785564,5070133.999460986,-0.36036649109193664
Liquid-WC-volume,History-conditioned,5,validation,2003-01-01,water_cum,1,15,0.04347896355000847,20071.965749888906,0.04091760220129953
Liquid-WC-volume,History-conditioned,5,validation,2003-01-01,water_cum,2,15,0.11173544396143374,104611.55800176722,0.10872837932711737
Liquid-WC-volume,History-conditioned,5,validation,2003-01-01,water_cum,3,15,0.18569017579072034,263956.4188030692,0.18233872696863562
Liquid-WC-volume,History-conditioned,5,validation,2003-01-01,water_cum,4,15,0.2552476483708895,490884.0228825364,0.2517867329577207
Liquid-WC-volume,History-conditioned,5,validation,2003-01-01,water_cum,5,15,0.3217570652244342,783689.2722782834,0.31849903099785576
Liquid-WC-volume,History-conditioned,5,validation,2003-01-01,water_cum,6,15,0.38663871249692383,1145793.5183318625,0.3837674172794514
Liquid-WC-volume,History-conditioned,5,validation,2003-01-01,water_cum,7,15,0.45040554344997774,1581713.3447049325,0.4479905927401655
Liquid-WC-volume,History-conditioned,5,validation,2003-01-01,water_cum,8,15,0.511575139019131,2084466.6921933796,0.5095708560158454
Liquid-WC-volume,History-conditioned,5,validation,2003-01-01,water_cum,9,15,0.5683677849976502,2636459.7747617858,0.5666647832794421
Liquid-WC-volume,History-conditioned,5,validation,2003-01-01,water_cum,10,15,0.6224492086382449,3249890.2089821375,0.6209393681615601
Liquid-WC-volume,History-conditioned,5,validation,2003-01-01,water_cum,11,15,0.6734487152245561,3920370.999208928,0.6720235173917603
Liquid-WC-volume,History-conditioned,5,validation,2003-01-01,water_cum,12,15,0.7205943458574,4634787.875921345,0.7191536906415978
Liquid-WC-volume,History-conditioned,5,validation,2003-01-01,water_cum,13,15,0.7627104555951555,5368897.439906392,0.7611725322956544
Liquid-WC-volume,History-conditioned,5,validation,2003-01-01,water_cum,14,15,0.800836243454303,6138323.8341638725,0.799136597142346
Liquid-WC-volume,History-conditioned,5,validation,2003-01-01,water_cum,15,15,0.83484257115618,6937232.035136349,0.8329326218304567
Liquid-WC-volume,History-conditioned,5,validation,2003-01-01,water_cum,16,15,0.8646146067535737,7752209.754827492,0.8624616121857597
Liquid-WC-volume,History-conditioned,5,validation,2003-01-01,water_cum,17,15,0.8901319459555951,8561538.4198395,0.8877267987039463
Liquid-WC-volume,History-conditioned,5,validation,2003-01-01,water_cum,18,15,0.9123810040607401,9387104.471504372,0.9097187371555967
Liquid-WC-volume,History-conditioned,5,validation,2003-01-01,water_cum,19,15,0.9316401930155737,10226318.674333928,0.9287244446358018
Liquid-WC-volume,History-conditioned,5,validation,2003-01-01,water_cum,20,15,0.9479991289073151,11067695.431178689,0.9448418965839823
Liquid-WC-volume,Input-only PolyRidge,3,train,2003-01-01,gas_cum,1,70,0.04183265854295203,15789.15066902204,0.01557076593833627
Liquid-WC-volume,Input-only PolyRidge,3,train,2003-01-01,gas_cum,2,70,0.02648461581263492,19383.328610556026,0.01613786690752503
Liquid-WC-volume,Input-only PolyRidge,3,train,2003-01-01,gas_cum,3,70,0.022234919699322796,23752.65481879133,0.00933843171506556
Liquid-WC-volume,Input-only PolyRidge,3,train,2003-01-01,gas_cum,4,70,0.022001041783607806,30541.404330832986,-0.004613308961235254
Liquid-WC-volume,Input-only PolyRidge,3,train,2003-01-01,gas_cum,5,70,0.03198552262941429,54052.154900978596,-0.022988240755566988
Liquid-WC-volume,Input-only PolyRidge,3,train,2003-01-01,gas_cum,6,70,0.04951732189176019,97920.52627480053,-0.04435847641437963
Liquid-WC-volume,Input-only PolyRidge,3,train,2003-01-01,gas_cum,7,70,0.07097867724868973,159995.9926024741,-0.06787980179036143
Liquid-WC-volume,Input-only PolyRidge,3,train,2003-01-01,gas_cum,8,70,0.09457166110621903,238068.19309905721,-0.09269979360772286
Liquid-WC-volume,Input-only PolyRidge,3,train,2003-01-01,gas_cum,9,70,0.11829593371589496,326591.62111529766,-0.11714740930103673
Liquid-WC-volume,Input-only PolyRidge,3,train,2003-01-01,gas_cum,10,70,0.1417120680150812,423846.3423913861,-0.14095271705881454
Liquid-WC-volume,Input-only PolyRidge,3,train,2003-01-01,gas_cum,11,70,0.16506509188093707,529768.5042303439,-0.16444071893099466
Liquid-WC-volume,Input-only PolyRidge,3,train,2003-01-01,gas_cum,12,70,0.18853645151070925,644332.855249359,-0.1878430183961106
Liquid-WC-volume,Input-only PolyRidge,3,train,2003-01-01,oil_cum,1,70,0.0437470804942121,45439.7600095822,0.015684849841808863
Liquid-WC-volume,Input-only PolyRidge,3,train,2003-01-01,oil_cum,2,70,0.027497473168946848,55383.89513648244,0.01626421841132209
Liquid-WC-volume,Input-only PolyRidge,3,train,2003-01-01,oil_cum,3,70,0.02287071527873387,67243.05703053586,0.00940130014010085
Liquid-WC-volume,Input-only PolyRidge,3,train,2003-01-01,oil_cum,4,70,0.022347771821393865,85387.05694204284,-0.004585657065664963
Liquid-WC-volume,Input-only PolyRidge,3,train,2003-01-01,oil_cum,5,70,0.03213287429059122,149467.0861038269,-0.023005602401695035
Liquid-WC-volume,Input-only PolyRidge,3,train,2003-01-01,oil_cum,6,70,0.049630658072595084,270165.8626951393,-0.04442830628525761
Liquid-WC-volume,Input-only PolyRidge,3,train,2003-01-01,oil_cum,7,70,0.07109150797494719,441142.65146682813,-0.06797584664356345
Liquid-WC-volume,Input-only PolyRidge,3,train,2003-01-01,oil_cum,8,70,0.09468983938271885,656196.8653243223,-0.09280837457973157
Liquid-WC-volume,Input-only PolyRidge,3,train,2003-01-01,oil_cum,9,70,0.11842505395807332,900074.9087491424,-0.11726643617874204
Liquid-WC-volume,Input-only PolyRidge,3,train,2003-01-01,oil_cum,10,70,0.14184907506002795,1167976.5574683547,-0.1410757736418971
Liquid-WC-volume,Input-only PolyRidge,3,train,2003-01-01,oil_cum,11,70,0.16519519320259698,1459592.38654253,-0.1645521798003517
Liquid-WC-volume,Input-only PolyRidge,3,train,2003-01-01,oil_cum,12,70,0.18865319205123526,1774907.4789546404,-0.18793736309673714
Liquid-WC-volume,Input-only PolyRidge,3,train,2003-01-01,water_cum,1,70,0.07712262408523361,37660.15449166228,0.032267673335997255
Liquid-WC-volume,Input-only PolyRidge,3,train,2003-01-01,water_cum,2,70,0.1084008025522886,107237.36815953678,0.10127978959448135
Liquid-WC-volume,Input-only PolyRidge,3,train,2003-01-01,water_cum,3,70,0.17702518393844938,265488.8547665369,0.17389870431807425
Liquid-WC-volume,Input-only PolyRidge,3,train,2003-01-01,water_cum,4,70,0.2445805073099005,495209.6776883789,0.24218698265021552
Liquid-WC-volume,Input-only PolyRidge,3,train,2003-01-01,water_cum,5,70,0.309741633427134,792394.0386648489,0.3076705517600904
Liquid-WC-volume,Input-only PolyRidge,3,train,2003-01-01,water_cum,6,70,0.37340333616987653,1159358.8449226245,0.3716201397763055
Liquid-WC-volume,Input-only PolyRidge,3,train,2003-01-01,water_cum,7,70,0.43559607606540807,1598951.6207306876,0.4341076056002207
Liquid-WC-volume,Input-only PolyRidge,3,train,2003-01-01,water_cum,8,70,0.49469435441486165,2102767.591923889,0.4934640128393255
Liquid-WC-volume,Input-only PolyRidge,3,train,2003-01-01,water_cum,9,70,0.5490260839114212,2652566.793907323,0.547979086257234
Liquid-WC-volume,Input-only PolyRidge,3,train,2003-01-01,water_cum,10,70,0.6003616182764088,3260532.160595308,0.5994130090347725
Liquid-WC-volume,Input-only PolyRidge,3,train,2003-01-01,water_cum,11,70,0.648441366355485,3922276.5569642093,0.6475030773378465
Liquid-WC-volume,Input-only PolyRidge,3,train,2003-01-01,water_cum,12,70,0.6925837782117892,4624804.04284902,0.6915735142028686
Liquid-WC-volume,Input-only PolyRidge,3,train,2004-01-01,gas_cum,1,70,0.07386862322176424,22287.862947475045,0.008523780391557613
Liquid-WC-volume,Input-only PolyRidge,3,train,2004-01-01,gas_cum,2,70,0.03943240555373712,23239.01040489387,0.004561135815577876
Liquid-WC-volume,Input-only PolyRidge,3,train,2004-01-01,gas_cum,3,70,0.02897530416957223,25092.308070974752,2.7494116057193168e-05
Liquid-WC-volume,Input-only PolyRidge,3,train,2004-01-01,gas_cum,4,70,0.02591748531956458,29265.846026774554,-0.005089279844901331
Liquid-WC-volume,Input-only PolyRidge,3,train,2004-01-01,gas_cum,5,70,0.026483967738560807,36354.12679718291,-0.009408319283152597
Liquid-WC-volume,Input-only PolyRidge,3,train,2004-01-01,gas_cum,6,70,0.028202333114646046,45203.04373660615,-0.011952202804360752
Liquid-WC-volume,Input-only PolyRidge,3,train,2004-01-01,gas_cum,7,70,0.03072669503694487,55965.94654064726,-0.01439922728009446
Liquid-WC-volume,Input-only PolyRidge,3,train,2004-01-01,gas_cum,8,70,0.0343977063283497,69812.43621760042,-0.018309632813326628
Liquid-WC-volume,Input-only PolyRidge,3,train,2004-01-01,gas_cum,9,70,0.039451182065945674,87811.26477249221,-0.02413309602021212
Liquid-WC-volume,Input-only PolyRidge,3,train,2004-01-01,gas_cum,10,70,0.04638064914817725,112192.6200840841,-0.03217356568116943
Liquid-WC-volume,Input-only PolyRidge,3,train,2004-01-01,gas_cum,11,70,0.05521724022861036,144101.54680686697,-0.04215616816261343
Liquid-WC-volume,Input-only PolyRidge,3,train,2004-01-01,gas_cum,12,70,0.06548682346642151,183091.00264417427,-0.05338193047134407
Liquid-WC-volume,Input-only PolyRidge,3,train,2004-01-01,oil_cum,1,70,0.07686676995796435,63855.26260419177,0.0084172475612071
Liquid-WC-volume,Input-only PolyRidge,3,train,2004-01-01,oil_cum,2,70,0.040959673860926846,66467.26084571141,0.004346283495291523
Liquid-WC-volume,Input-only PolyRidge,3,train,2004-01-01,oil_cum,3,70,0.029998706061530225,71532.83034028948,-0.00019758945490794993
Liquid-WC-volume,Input-only PolyRidge,3,train,2004-01-01,oil_cum,4,70,0.026665673527933,82910.30870377555,-0.005306717337475358
Liquid-WC-volume,Input-only PolyRidge,3,train,2004-01-01,oil_cum,5,70,0.02705391248577936,102256.37609674635,-0.009626978768212911
Liquid-WC-volume,Input-only PolyRidge,3,train,2004-01-01,oil_cum,6,70,0.02865500871107012,126465.38144123017,-0.012165801870350454
Liquid-WC-volume,Input-only PolyRidge,3,train,2004-01-01,oil_cum,7,70,0.031095239403355224,155946.5737567268,-0.014580212324544707
Liquid-WC-volume,Input-only PolyRidge,3,train,2004-01-01,oil_cum,8,70,0.03470461931230282,193930.519383732,-0.0184508983095702
Liquid-WC-volume,Input-only PolyRidge,3,train,2004-01-01,oil_cum,9,70,0.03970948010026434,243347.98902552287,-0.024247901498293378
Liquid-WC-volume,Input-only PolyRidge,3,train,2004-01-01,oil_cum,10,70,0.04661101130386128,310426.571589317,-0.0322860818404641
Liquid-WC-volume,Input-only PolyRidge,3,train,2004-01-01,oil_cum,11,70,0.05544325442133374,398376.00145589875,-0.04228244940537008
Liquid-WC-volume,Input-only PolyRidge,3,train,2004-01-01,oil_cum,12,70,0.06570908851518512,505813.12837920204,-0.05350980364713088
Liquid-WC-volume,Input-only PolyRidge,3,train,2004-01-01,water_cum,1,70,0.05911216305500444,31565.96154829181,0.0033456021315014664
Liquid-WC-volume,Input-only PolyRidge,3,train,2004-01-01,water_cum,2,70,0.036943801695874245,39941.71183492167,0.020913373815197162
Liquid-WC-volume,Input-only PolyRidge,3,train,2004-01-01,water_cum,3,70,0.043343682023129194,71411.94966929691,0.035457737392115815
Liquid-WC-volume,Input-only PolyRidge,3,train,2004-01-01,water_cum,4,70,0.05458246506193368,121610.163437811,0.04837679844809812
Liquid-WC-volume,Input-only PolyRidge,3,train,2004-01-01,water_cum,5,70,0.06587772432876689,185065.61524222212,0.05996492331097196
Liquid-WC-volume,Input-only PolyRidge,3,train,2004-01-01,water_cum,6,70,0.07707207220379675,262753.3927354677,0.07107796041256836
Liquid-WC-volume,Input-only PolyRidge,3,train,2004-01-01,water_cum,7,70,0.08805716480265727,354640.3441808786,0.08180602361499706
Liquid-WC-volume,Input-only PolyRidge,3,train,2004-01-01,water_cum,8,70,0.09862425684559163,459248.0094702514,0.09200772930983675
Liquid-WC-volume,Input-only PolyRidge,3,train,2004-01-01,water_cum,9,70,0.10840442593357616,572628.816863626,0.10136692377568315
Liquid-WC-volume,Input-only PolyRidge,3,train,2004-01-01,water_cum,10,70,0.11740097825995248,695791.0651439916,0.10986618751969732
Liquid-WC-volume,Input-only PolyRidge,3,train,2004-01-01,water_cum,11,70,0.12558179356996316,827543.197147347,0.11747792151948783
Liquid-WC-volume,Input-only PolyRidge,3,train,2004-01-01,water_cum,12,70,0.13295038212479254,965719.9070420063,0.12421368257680597
Liquid-WC-volume,Input-only PolyRidge,3,train,2005-01-01,gas_cum,1,70,0.11659769686817878,28393.71035926442,0.01796557324229506
Liquid-WC-volume,Input-only PolyRidge,3,train,2005-01-01,gas_cum,2,70,0.06998723766208553,33152.688762224694,0.024971772030085247
Liquid-WC-volume,Input-only PolyRidge,3,train,2005-01-01,gas_cum,3,70,0.0585273242032718,40522.49470745242,0.02878196928339087
Liquid-WC-volume,Input-only PolyRidge,3,train,2005-01-01,gas_cum,4,70,0.0536819446223708,48346.72136519436,0.02829426296357786
Liquid-WC-volume,Input-only PolyRidge,3,train,2005-01-01,gas_cum,5,70,0.05013767976504521,54999.31548642222,0.02396880273505148
Liquid-WC-volume,Input-only PolyRidge,3,train,2005-01-01,gas_cum,6,70,0.04725382420872788,60966.89140925178,0.016212295074822792
Liquid-WC-volume,Input-only PolyRidge,3,train,2005-01-01,gas_cum,7,70,0.046197536667213136,68421.76930317267,0.0059270264506767496
Liquid-WC-volume,Input-only PolyRidge,3,train,2005-01-01,gas_cum,8,70,0.04822310862242907,80402.13129289671,-0.005635489121157129
Liquid-WC-volume,Input-only PolyRidge,3,train,2005-01-01,gas_cum,9,70,0.05331646532696178,98370.53852327136,-0.01763105028100297
Liquid-WC-volume,Input-only PolyRidge,3,train,2005-01-01,gas_cum,10,70,0.061018909293304884,123283.82650444945,-0.030141516453179213
Liquid-WC-volume,Input-only PolyRidge,3,train,2005-01-01,gas_cum,11,70,0.0705855180642864,154824.7402711132,-0.04297428175644005
Liquid-WC-volume,Input-only PolyRidge,3,train,2005-01-01,gas_cum,12,70,0.08123324365848926,191887.46825676513,-0.05582743499775095
Liquid-WC-volume,Input-only PolyRidge,3,train,2005-01-01,oil_cum,1,70,0.11821948281808659,79272.03050633898,0.017718740630037463
Liquid-WC-volume,Input-only PolyRidge,3,train,2005-01-01,oil_cum,2,70,0.07066726693045117,92174.02511980185,0.024777688896365342
Liquid-WC-volume,Input-only PolyRidge,3,train,2005-01-01,oil_cum,3,70,0.05892528688943933,112328.62514498342,0.028684770436699362
Liquid-WC-volume,Input-only PolyRidge,3,train,2005-01-01,oil_cum,4,70,0.05400119332320708,133892.66943017565,0.02828137932377458
Liquid-WC-volume,Input-only PolyRidge,3,train,2005-01-01,oil_cum,5,70,0.05043191350757434,152298.3760011433,0.023996636309124356
Liquid-WC-volume,Input-only PolyRidge,3,train,2005-01-01,oil_cum,6,70,0.047536259109082414,168843.67968420195,0.016228653150279475
Liquid-WC-volume,Input-only PolyRidge,3,train,2005-01-01,oil_cum,7,70,0.04648678443666062,189551.09859580104,0.0059050986488813515
Liquid-WC-volume,Input-only PolyRidge,3,train,2005-01-01,oil_cum,8,70,0.048499899873678504,222627.83619554358,-0.005668990213396943
Liquid-WC-volume,Input-only PolyRidge,3,train,2005-01-01,oil_cum,9,70,0.05355228532867719,272020.5251985714,-0.0176532826544133
Liquid-WC-volume,Input-only PolyRidge,3,train,2005-01-01,oil_cum,10,70,0.0612030797104421,340429.0637758133,-0.030148801472246033
Liquid-WC-volume,Input-only PolyRidge,3,train,2005-01-01,oil_cum,11,70,0.07072490766383023,427073.19463218504,-0.04297016684811854
Liquid-WC-volume,Input-only PolyRidge,3,train,2005-01-01,oil_cum,12,70,0.08134006624080786,528955.1290149491,-0.055817756677761135
Liquid-WC-volume,Input-only PolyRidge,3,train,2005-01-01,water_cum,1,70,0.07960361518247677,46272.32384054869,-0.012016877865471978
Liquid-WC-volume,Input-only PolyRidge,3,train,2005-01-01,water_cum,2,70,0.047596585130919404,56226.30396889148,-0.0074979789823826715
Liquid-WC-volume,Input-only PolyRidge,3,train,2005-01-01,water_cum,3,70,0.03976187954633763,71554.01749659528,-0.005575144404231202
Liquid-WC-volume,Input-only PolyRidge,3,train,2005-01-01,water_cum,4,70,0.038145910647696187,92647.52122202875,-0.004485047229690993
Liquid-WC-volume,Input-only PolyRidge,3,train,2005-01-01,water_cum,5,70,0.03889376236360308,118805.06430740807,-0.004027586732341769
Liquid-WC-volume,Input-only PolyRidge,3,train,2005-01-01,water_cum,6,70,0.0407852566850362,150861.67293671618,-0.0044960338760626425
Liquid-WC-volume,Input-only PolyRidge,3,train,2005-01-01,water_cum,7,70,0.04330337505124181,188890.13255222497,-0.005743017944967095
Liquid-WC-volume,Input-only PolyRidge,3,train,2005-01-01,water_cum,8,70,0.046211080688315954,232725.4883096909,-0.007537451110476241
Liquid-WC-volume,Input-only PolyRidge,3,train,2005-01-01,water_cum,9,70,0.0492715765368517,281109.67849450355,-0.009653111548833858
Liquid-WC-volume,Input-only PolyRidge,3,train,2005-01-01,water_cum,10,70,0.052587985314846514,336185.8098483523,-0.01237284721713489
Liquid-WC-volume,Input-only PolyRidge,3,train,2005-01-01,water_cum,11,70,0.056122903253313344,398387.75020045735,-0.015602648315554735
Liquid-WC-volume,Input-only PolyRidge,3,train,2005-01-01,water_cum,12,70,0.059805894014662846,467336.09075712366,-0.019230998982342623
Liquid-WC-volume,Input-only PolyRidge,3,validation,2003-01-01,gas_cum,1,15,0.08014448547832717,31174.238063307344,-0.007067396596307678
Liquid-WC-volume,Input-only PolyRidge,3,validation,2003-01-01,gas_cum,2,15,0.04268106274054005,32215.60858302669,0.004231276986091886
Liquid-WC-volume,Input-only PolyRidge,3,validation,2003-01-01,gas_cum,3,15,0.031522317448173964,34745.155878672165,0.0019077324258179574
Liquid-WC-volume,Input-only PolyRidge,3,validation,2003-01-01,gas_cum,4,15,0.028535318598295705,40882.15531151676,-0.009111833805986224
Liquid-WC-volume,Input-only PolyRidge,3,validation,2003-01-01,gas_cum,5,15,0.03500701556861394,61057.25303002881,-0.02523679483681269
Liquid-WC-volume,Input-only PolyRidge,3,validation,2003-01-01,gas_cum,6,15,0.04974122806031752,101504.28997291207,-0.04470334164815664
Liquid-WC-volume,Input-only PolyRidge,3,validation,2003-01-01,gas_cum,7,15,0.0693811204518192,161353.93740935568,-0.06668465978245416
Liquid-WC-volume,Input-only PolyRidge,3,validation,2003-01-01,gas_cum,8,15,0.09172920089032639,238177.9253908567,-0.09030914891462068
Liquid-WC-volume,Input-only PolyRidge,3,validation,2003-01-01,gas_cum,9,15,0.1147184512945676,326650.56468387094,-0.11400853388557279
Liquid-WC-volume,Input-only PolyRidge,3,validation,2003-01-01,gas_cum,10,15,0.137774875794745,425028.995361446,-0.13743404189928277
Liquid-WC-volume,Input-only PolyRidge,3,validation,2003-01-01,gas_cum,11,15,0.16104961359132786,533240.9248493029,-0.16083082033022583
Liquid-WC-volume,Input-only PolyRidge,3,validation,2003-01-01,gas_cum,12,15,0.18464443365271366,651192.343977776,-0.18435019750279716
Liquid-WC-volume,Input-only PolyRidge,3,validation,2003-01-01,oil_cum,1,15,0.08295872542548371,88773.20200843642,-0.006999380599677623
Liquid-WC-volume,Input-only PolyRidge,3,validation,2003-01-01,oil_cum,2,15,0.044478012610489635,92341.38681112752,0.004686037176595844
Liquid-WC-volume,Input-only PolyRidge,3,validation,2003-01-01,oil_cum,3,15,0.03280962664075258,99484.01256659334,0.0023209907834821214
Liquid-WC-volume,Input-only PolyRidge,3,validation,2003-01-01,oil_cum,4,15,0.029275263611215283,115402.70151468951,-0.008852491452568693
Liquid-WC-volume,Input-only PolyRidge,3,validation,2003-01-01,oil_cum,5,15,0.035292038019635555,169394.13152292743,-0.025116173967235592
Liquid-WC-volume,Input-only PolyRidge,3,validation,2003-01-01,oil_cum,6,15,0.04990293277552415,280296.3964329218,-0.04474954024760584
Liquid-WC-volume,Input-only PolyRidge,3,validation,2003-01-01,oil_cum,7,15,0.0696226605810014,445763.78718513733,-0.06691232579745161
Liquid-WC-volume,Input-only PolyRidge,3,validation,2003-01-01,oil_cum,8,15,0.09201878775993858,657850.0194853095,-0.0906037405324409
Liquid-WC-volume,Input-only PolyRidge,3,validation,2003-01-01,oil_cum,9,15,0.11501286412078791,901704.238981629,-0.11430791956502832
Liquid-WC-volume,Input-only PolyRidge,3,validation,2003-01-01,oil_cum,10,15,0.13805497103977699,1172647.8182033908,-0.13771550259358994
Liquid-WC-volume,Input-only PolyRidge,3,validation,2003-01-01,oil_cum,11,15,0.161300216297937,1470461.740213022,-0.1610765590186033
Liquid-WC-volume,Input-only PolyRidge,3,validation,2003-01-01,oil_cum,12,15,0.18487130541334004,1795092.7369509405,-0.18456673886047814
Liquid-WC-volume,Input-only PolyRidge,3,validation,2003-01-01,water_cum,1,15,0.05588040575267068,25797.06365510367,0.02156696484120139
Liquid-WC-volume,Input-only PolyRidge,3,validation,2003-01-01,water_cum,2,15,0.09880734903357272,92507.71606540648,0.09555089518140572
Liquid-WC-volume,Input-only PolyRidge,3,validation,2003-01-01,water_cum,3,15,0.17230535311453213,244930.04950336766,0.17062496037592248
Liquid-WC-volume,Input-only PolyRidge,3,validation,2003-01-01,water_cum,4,15,0.242015847742869,465437.0518184804,0.24039593659436864
Liquid-WC-volume,Input-only PolyRidge,3,validation,2003-01-01,water_cum,5,15,0.30860552028384663,751656.64332378,0.3069883070441538
Liquid-WC-volume,Input-only PolyRidge,3,validation,2003-01-01,water_cum,6,15,0.37344431777871956,1106692.281291221,0.37194769599707095
Liquid-WC-volume,Input-only PolyRidge,3,validation,2003-01-01,water_cum,7,15,0.43706384962688827,1534860.601731773,0.43579287232363534
Liquid-WC-volume,Input-only PolyRidge,3,validation,2003-01-01,water_cum,8,15,0.498024258236158,2029252.2036704447,0.49700658479801546
Liquid-WC-volume,Input-only PolyRidge,3,validation,2003-01-01,water_cum,9,15,0.554601715856589,2572603.7848464753,0.5537967357184337
Liquid-WC-volume,Input-only PolyRidge,3,validation,2003-01-01,water_cum,10,15,0.6085032936570354,3177076.729707444,0.6078415118945591
Liquid-WC-volume,Input-only PolyRidge,3,validation,2003-01-01,water_cum,11,15,0.6593828492125551,3838488.872262082,0.6587811058798855
Liquid-WC-volume,Input-only PolyRidge,3,validation,2003-01-01,water_cum,12,15,0.706474161951578,4543968.321828654,0.7058532070912003
Liquid-WC-volume,Input-only PolyRidge,3,validation,2004-01-01,gas_cum,1,15,0.1347397496695288,41967.05830201377,-0.03667248556726463
Liquid-WC-volume,Input-only PolyRidge,3,validation,2004-01-01,gas_cum,2,15,0.07036134303817058,42778.30372367529,-0.01934456346329287
Liquid-WC-volume,Input-only PolyRidge,3,validation,2004-01-01,gas_cum,3,15,0.04928611452111357,44010.4582877463,-0.01604170537820567
Liquid-WC-volume,Input-only PolyRidge,3,validation,2004-01-01,gas_cum,4,15,0.04019468543687237,46781.95228333416,-0.016802302677486187
Liquid-WC-volume,Input-only PolyRidge,3,validation,2004-01-01,gas_cum,5,15,0.036395588022972596,51491.51261355853,-0.018550734250930314
Liquid-WC-volume,Input-only PolyRidge,3,validation,2004-01-01,gas_cum,6,15,0.03463751289721789,57232.67057792862,-0.019491716451066773
Liquid-WC-volume,Input-only PolyRidge,3,validation,2004-01-01,gas_cum,7,15,0.03451836934626847,64840.60641122629,-0.020915683232179648
Liquid-WC-volume,Input-only PolyRidge,3,validation,2004-01-01,gas_cum,8,15,0.036488097183100296,76412.32190713548,-0.024164729538823083
Liquid-WC-volume,Input-only PolyRidge,3,validation,2004-01-01,gas_cum,9,15,0.040632645374775025,93367.92382669724,-0.029530089101408308
Liquid-WC-volume,Input-only PolyRidge,3,validation,2004-01-01,gas_cum,10,15,0.04720444073587019,117941.81156613668,-0.03722276160696292
Liquid-WC-volume,Input-only PolyRidge,3,validation,2004-01-01,gas_cum,11,15,0.055966785873901796,150932.1070611317,-0.04688419605024035
Liquid-WC-volume,Input-only PolyRidge,3,validation,2004-01-01,gas_cum,12,15,0.0663212951278594,191699.4994950034,-0.05786642718334902
Liquid-WC-volume,Input-only PolyRidge,3,validation,2004-01-01,oil_cum,1,15,0.1379214180426842,118311.93696468131,-0.03650094623929145
Liquid-WC-volume,Input-only PolyRidge,3,validation,2004-01-01,oil_cum,2,15,0.07201317661537747,120614.68369549284,-0.019738802372261072
Liquid-WC-volume,Input-only PolyRidge,3,validation,2004-01-01,oil_cum,3,15,0.05049443909013687,124249.50360820164,-0.016808759865377484
Liquid-WC-volume,Input-only PolyRidge,3,validation,2004-01-01,oil_cum,4,15,0.04122961191507348,132231.56576246847,-0.017607712235483915
Liquid-WC-volume,Input-only PolyRidge,3,validation,2004-01-01,oil_cum,5,15,0.03728954726944633,145361.23095440108,-0.019286354565121334
Liquid-WC-volume,Input-only PolyRidge,3,validation,2004-01-01,oil_cum,6,15,0.03537299021453709,161026.9152456628,-0.020140175755530728
Liquid-WC-volume,Input-only PolyRidge,3,validation,2004-01-01,oil_cum,7,15,0.035123723705938276,181749.85136279865,-0.021459655440903596
Liquid-WC-volume,Input-only PolyRidge,3,validation,2004-01-01,oil_cum,8,15,0.03701395187688123,213507.78785402942,-0.024629481840532045
Liquid-WC-volume,Input-only PolyRidge,3,validation,2004-01-01,oil_cum,9,15,0.04110830623420653,260171.28775871068,-0.029937969604168183
Liquid-WC-volume,Input-only PolyRidge,3,validation,2004-01-01,oil_cum,10,15,0.04764213398438872,327843.4086208805,-0.03759618323589185
Liquid-WC-volume,Input-only PolyRidge,3,validation,2004-01-01,oil_cum,11,15,0.05638650179407162,418807.249363531,-0.047249402104349594
Liquid-WC-volume,Input-only PolyRidge,3,validation,2004-01-01,oil_cum,12,15,0.0667206146713989,531136.7207808526,-0.05820845503773133
Liquid-WC-volume,Input-only PolyRidge,3,validation,2004-01-01,water_cum,1,15,0.0404787433157493,20770.63919050787,0.001998294357575857
Liquid-WC-volume,Input-only PolyRidge,3,validation,2004-01-01,water_cum,2,15,0.026958577600296373,28081.935559794558,0.018081532352035374
Liquid-WC-volume,Input-only PolyRidge,3,validation,2004-01-01,water_cum,3,15,0.03634353407164484,57811.6277693017,0.031649611604024706
Liquid-WC-volume,Input-only PolyRidge,3,validation,2004-01-01,water_cum,4,15,0.048317637956030314,104089.27082046225,0.04419338990108218
Liquid-WC-volume,Input-only PolyRidge,3,validation,2004-01-01,water_cum,5,15,0.0599449505506197,162988.70021020426,0.05589409054075337
Liquid-WC-volume,Input-only PolyRidge,3,validation,2004-01-01,water_cum,6,15,0.07146799110662973,235992.18330597348,0.06743907209633267
Liquid-WC-volume,Input-only PolyRidge,3,validation,2004-01-01,water_cum,7,15,0.0828690032036081,323423.50208122,0.078860650196238
Liquid-WC-volume,Input-only PolyRidge,3,validation,2004-01-01,water_cum,8,15,0.09401498637428098,424372.5890475175,0.09000223062379313
Liquid-WC-volume,Input-only PolyRidge,3,validation,2004-01-01,water_cum,9,15,0.10443629310484853,534886.0057162275,0.10037774966988545
Liquid-WC-volume,Input-only PolyRidge,3,validation,2004-01-01,water_cum,10,15,0.11412520301084088,655956.1242866033,0.10991480619638726
Liquid-WC-volume,Input-only PolyRidge,3,validation,2004-01-01,water_cum,11,15,0.12297552258923099,786154.103716684,0.1184907998548148
Liquid-WC-volume,Input-only PolyRidge,3,validation,2004-01-01,water_cum,12,15,0.1309748557057372,923311.1202157348,0.12609531605621613
Liquid-WC-volume,Input-only PolyRidge,3,validation,2005-01-01,gas_cum,1,15,0.2033812613274914,51029.326110781025,-0.05603218225668455
Liquid-WC-volume,Input-only PolyRidge,3,validation,2005-01-01,gas_cum,2,15,0.10657226182560553,52059.7430084326,-0.015804326095087178
Liquid-WC-volume,Input-only PolyRidge,3,validation,2005-01-01,gas_cum,3,15,0.07649802291779324,54668.77925506264,-0.0015911039036002998
Liquid-WC-volume,Input-only PolyRidge,3,validation,2005-01-01,gas_cum,4,15,0.06350455225209617,59086.89967969983,0.0026474667260895316
Liquid-WC-volume,Input-only PolyRidge,3,validation,2005-01-01,gas_cum,5,15,0.05722090622555224,64899.20498206829,0.0008785735092938354
Liquid-WC-volume,Input-only PolyRidge,3,validation,2005-01-01,gas_cum,6,15,0.054731052463249545,73062.75004090657,-0.00527410371038731
Liquid-WC-volume,Input-only PolyRidge,3,validation,2005-01-01,gas_cum,7,15,0.055757610176240015,85493.6679161755,-0.01439845371861148
Liquid-WC-volume,Input-only PolyRidge,3,validation,2005-01-01,gas_cum,8,15,0.060130104884419125,103847.5768544052,-0.02518027658842851
Liquid-WC-volume,Input-only PolyRidge,3,validation,2005-01-01,gas_cum,9,15,0.067057671743163,128229.10933045851,-0.03670511625664702
Liquid-WC-volume,Input-only PolyRidge,3,validation,2005-01-01,gas_cum,10,15,0.07605122647221403,159342.74789728606,-0.04894840303828799
Liquid-WC-volume,Input-only PolyRidge,3,validation,2005-01-01,gas_cum,11,15,0.08649188243265951,196843.90112489244,-0.06162179173950522
Liquid-WC-volume,Input-only PolyRidge,3,validation,2005-01-01,gas_cum,12,15,0.0977185476992564,239615.68295752752,-0.07434920042144069
Liquid-WC-volume,Input-only PolyRidge,3,validation,2005-01-01,oil_cum,1,15,0.20844644503751117,144040.69755114187,-0.05955101890680421
Liquid-WC-volume,Input-only PolyRidge,3,validation,2005-01-01,oil_cum,2,15,0.10915324144255749,146830.75935589062,-0.017684395316628777
Liquid-WC-volume,Input-only PolyRidge,3,validation,2005-01-01,oil_cum,3,15,0.07823458556203693,153934.74556315935,-0.0028096054704957146
Liquid-WC-volume,Input-only PolyRidge,3,validation,2005-01-01,oil_cum,4,15,0.0648562456407072,166129.74885536934,0.0017614283795945758
Liquid-WC-volume,Input-only PolyRidge,3,validation,2005-01-01,oil_cum,5,15,0.058409525570554226,182372.41761884402,0.00017955378188783922
Liquid-WC-volume,Input-only PolyRidge,3,validation,2005-01-01,oil_cum,6,15,0.05586250679669482,205292.9668338963,-0.005871072481481201
Liquid-WC-volume,Input-only PolyRidge,3,validation,2005-01-01,oil_cum,7,15,0.05688099604206141,240109.6843123016,-0.014960564418591615
Liquid-WC-volume,Input-only PolyRidge,3,validation,2005-01-01,oil_cum,8,15,0.06120665528635941,291017.80313087656,-0.025689063802106088
Liquid-WC-volume,Input-only PolyRidge,3,validation,2005-01-01,oil_cum,9,15,0.06802469040965385,358102.6085574995,-0.03714204833883759
Liquid-WC-volume,Input-only PolyRidge,3,validation,2005-01-01,oil_cum,10,15,0.07690040025506671,443553.0272546601,-0.04932774508631231
Liquid-WC-volume,Input-only PolyRidge,3,validation,2005-01-01,oil_cum,11,15,0.08724679307133854,546618.7187809559,-0.061969523542012156
Liquid-WC-volume,Input-only PolyRidge,3,validation,2005-01-01,oil_cum,12,15,0.09839782972206637,664221.3815363635,-0.07467670533219327
Liquid-WC-volume,Input-only PolyRidge,3,validation,2005-01-01,water_cum,1,15,0.05564489867490751,31428.221353362664,-0.013458063396940204
Liquid-WC-volume,Input-only PolyRidge,3,validation,2005-01-01,water_cum,2,15,0.033452870767548694,38403.79020780182,-0.006755805363026695
Liquid-WC-volume,Input-only PolyRidge,3,validation,2005-01-01,water_cum,3,15,0.02823919781795023,49386.27737775409,-0.003243949293080287
Liquid-WC-volume,Input-only PolyRidge,3,validation,2005-01-01,water_cum,4,15,0.027881977590213786,65801.38892221982,-0.0005897539307061075
Liquid-WC-volume,Input-only PolyRidge,3,validation,2005-01-01,water_cum,5,15,0.029564115589286528,87741.48440460343,0.0012739875772747541
Liquid-WC-volume,Input-only PolyRidge,3,validation,2005-01-01,water_cum,6,15,0.03232682945245672,116180.70270551622,0.0020698509499657357
Liquid-WC-volume,Input-only PolyRidge,3,validation,2005-01-01,water_cum,7,15,0.03559762127394134,150901.08257599224,0.0018761469061977646
Liquid-WC-volume,Input-only PolyRidge,3,validation,2005-01-01,water_cum,8,15,0.0391923617454161,191881.33374485356,0.0009512283281470005
Liquid-WC-volume,Input-only PolyRidge,3,validation,2005-01-01,water_cum,9,15,0.04282299804527201,237598.5758284401,-0.00037897592082546913
Liquid-WC-volume,Input-only PolyRidge,3,validation,2005-01-01,water_cum,10,15,0.046525062193586174,289338.3930477691,-0.0023229159632340737
Liquid-WC-volume,Input-only PolyRidge,3,validation,2005-01-01,water_cum,11,15,0.050288347519566096,347360.1163987931,-0.0047804952599992245
Liquid-WC-volume,Input-only PolyRidge,3,validation,2005-01-01,water_cum,12,15,0.054052630062668444,411111.36312615604,-0.007669532279199643
Liquid-WC-volume,Input-only PolyRidge,5,train,2003-01-01,gas_cum,1,70,0.04183265854295203,15789.15066902204,0.01557076593833627
Liquid-WC-volume,Input-only PolyRidge,5,train,2003-01-01,gas_cum,2,70,0.02648461581263492,19383.328610556026,0.01613786690752503
Liquid-WC-volume,Input-only PolyRidge,5,train,2003-01-01,gas_cum,3,70,0.022234919699322796,23752.65481879133,0.00933843171506556
Liquid-WC-volume,Input-only PolyRidge,5,train,2003-01-01,gas_cum,4,70,0.022001041783607806,30541.404330832986,-0.004613308961235254
Liquid-WC-volume,Input-only PolyRidge,5,train,2003-01-01,gas_cum,5,70,0.03198552262941429,54052.154900978596,-0.022988240755566988
Liquid-WC-volume,Input-only PolyRidge,5,train,2003-01-01,gas_cum,6,70,0.04951732189176019,97920.52627480053,-0.04435847641437963
Liquid-WC-volume,Input-only PolyRidge,5,train,2003-01-01,gas_cum,7,70,0.07097867724868973,159995.9926024741,-0.06787980179036143
Liquid-WC-volume,Input-only PolyRidge,5,train,2003-01-01,gas_cum,8,70,0.09457166110621903,238068.19309905721,-0.09269979360772286
Liquid-WC-volume,Input-only PolyRidge,5,train,2003-01-01,gas_cum,9,70,0.11829593371589496,326591.62111529766,-0.11714740930103673
Liquid-WC-volume,Input-only PolyRidge,5,train,2003-01-01,gas_cum,10,70,0.1417120680150812,423846.3423913861,-0.14095271705881454
Liquid-WC-volume,Input-only PolyRidge,5,train,2003-01-01,gas_cum,11,70,0.16506509188093707,529768.5042303439,-0.16444071893099466
Liquid-WC-volume,Input-only PolyRidge,5,train,2003-01-01,gas_cum,12,70,0.18853645151070925,644332.855249359,-0.1878430183961106
Liquid-WC-volume,Input-only PolyRidge,5,train,2003-01-01,gas_cum,13,70,0.21168138546741086,764961.4709005934,-0.21076891172899148
Liquid-WC-volume,Input-only PolyRidge,5,train,2003-01-01,gas_cum,14,70,0.23517341257905788,895258.1924065433,-0.23392837773907227
Liquid-WC-volume,Input-only PolyRidge,5,train,2003-01-01,gas_cum,15,70,0.25871669920685764,1034217.6474272896,-0.2570598569327024
Liquid-WC-volume,Input-only PolyRidge,5,train,2003-01-01,gas_cum,16,70,0.28165786035963275,1178326.2667325488,-0.2795427137551027
Liquid-WC-volume,Input-only PolyRidge,5,train,2003-01-01,gas_cum,17,70,0.303289861928939,1322678.054320564,-0.300703970054868
Liquid-WC-volume,Input-only PolyRidge,5,train,2003-01-01,gas_cum,18,70,0.3242159824023686,1470746.770870905,-0.32114573466221163
Liquid-WC-volume,Input-only PolyRidge,5,train,2003-01-01,gas_cum,19,70,0.3443304846638627,1621507.5375895537,-0.3407744942080182
Liquid-WC-volume,Input-only PolyRidge,5,train,2003-01-01,gas_cum,20,70,0.36335956677900816,1772372.5164860697,-0.3593310004147607
Liquid-WC-volume,Input-only PolyRidge,5,train,2003-01-01,oil_cum,1,70,0.0437470804942121,45439.7600095822,0.015684849841808863
Liquid-WC-volume,Input-only PolyRidge,5,train,2003-01-01,oil_cum,2,70,0.027497473168946848,55383.89513648244,0.01626421841132209
Liquid-WC-volume,Input-only PolyRidge,5,train,2003-01-01,oil_cum,3,70,0.02287071527873387,67243.05703053586,0.00940130014010085
Liquid-WC-volume,Input-only PolyRidge,5,train,2003-01-01,oil_cum,4,70,0.022347771821393865,85387.05694204284,-0.004585657065664963
Liquid-WC-volume,Input-only PolyRidge,5,train,2003-01-01,oil_cum,5,70,0.03213287429059122,149467.0861038269,-0.023005602401695035
Liquid-WC-volume,Input-only PolyRidge,5,train,2003-01-01,oil_cum,6,70,0.049630658072595084,270165.8626951393,-0.04442830628525761
Liquid-WC-volume,Input-only PolyRidge,5,train,2003-01-01,oil_cum,7,70,0.07109150797494719,441142.65146682813,-0.06797584664356345
Liquid-WC-volume,Input-only PolyRidge,5,train,2003-01-01,oil_cum,8,70,0.09468983938271885,656196.8653243223,-0.09280837457973157
Liquid-WC-volume,Input-only PolyRidge,5,train,2003-01-01,oil_cum,9,70,0.11842505395807332,900074.9087491424,-0.11726643617874204
Liquid-WC-volume,Input-only PolyRidge,5,train,2003-01-01,oil_cum,10,70,0.14184907506002795,1167976.5574683547,-0.1410757736418971
Liquid-WC-volume,Input-only PolyRidge,5,train,2003-01-01,oil_cum,11,70,0.16519519320259698,1459592.38654253,-0.1645521798003517
Liquid-WC-volume,Input-only PolyRidge,5,train,2003-01-01,oil_cum,12,70,0.18865319205123526,1774907.4789546404,-0.18793736309673714
Liquid-WC-volume,Input-only PolyRidge,5,train,2003-01-01,oil_cum,13,70,0.21178882461397952,2106939.9417005572,-0.21085127390486214
Liquid-WC-volume,Input-only PolyRidge,5,train,2003-01-01,oil_cum,14,70,0.23528262454761512,2465723.4967810903,-0.2340099492543213
Liquid-WC-volume,Input-only PolyRidge,5,train,2003-01-01,oil_cum,15,70,0.2588358345474998,2848481.9655107213,-0.25714822661637016
Liquid-WC-volume,Input-only PolyRidge,5,train,2003-01-01,oil_cum,16,70,0.28177949029815325,3245319.4200756773,-0.279631874728299
Liquid-WC-volume,Input-only PolyRidge,5,train,2003-01-01,oil_cum,17,70,0.3034061761974646,3642699.1378925666,-0.3007877498091891
Liquid-WC-volume,Input-only PolyRidge,5,train,2003-01-01,oil_cum,18,70,0.32432495587542504,4050265.605796658,-0.3212228899279164
Liquid-WC-volume,Input-only PolyRidge,5,train,2003-01-01,oil_cum,19,70,0.3444328191654641,4465243.156848272,-0.34084593069803165
Liquid-WC-volume,Input-only PolyRidge,5,train,2003-01-01,oil_cum,20,70,0.3634571123478154,4880532.257128847,-0.3593985437543458
Liquid-WC-volume,Input-only PolyRidge,5,train,2003-01-01,water_cum,1,70,0.07712262408523361,37660.15449166228,0.032267673335997255
Liquid-WC-volume,Input-only PolyRidge,5,train,2003-01-01,water_cum,2,70,0.1084008025522886,107237.36815953678,0.10127978959448135
Liquid-WC-volume,Input-only PolyRidge,5,train,2003-01-01,water_cum,3,70,0.17702518393844938,265488.8547665369,0.17389870431807425
Liquid-WC-volume,Input-only PolyRidge,5,train,2003-01-01,water_cum,4,70,0.2445805073099005,495209.6776883789,0.24218698265021552
Liquid-WC-volume,Input-only PolyRidge,5,train,2003-01-01,water_cum,5,70,0.309741633427134,792394.0386648489,0.3076705517600904
Liquid-WC-volume,Input-only PolyRidge,5,train,2003-01-01,water_cum,6,70,0.37340333616987653,1159358.8449226245,0.3716201397763055
Liquid-WC-volume,Input-only PolyRidge,5,train,2003-01-01,water_cum,7,70,0.43559607606540807,1598951.6207306876,0.4341076056002207
Liquid-WC-volume,Input-only PolyRidge,5,train,2003-01-01,water_cum,8,70,0.49469435441486165,2102767.591923889,0.4934640128393255
Liquid-WC-volume,Input-only PolyRidge,5,train,2003-01-01,water_cum,9,70,0.5490260839114212,2652566.793907323,0.547979086257234
Liquid-WC-volume,Input-only PolyRidge,5,train,2003-01-01,water_cum,10,70,0.6003616182764088,3260532.160595308,0.5994130090347725
Liquid-WC-volume,Input-only PolyRidge,5,train,2003-01-01,water_cum,11,70,0.648441366355485,3922276.5569642093,0.6475030773378465
Liquid-WC-volume,Input-only PolyRidge,5,train,2003-01-01,water_cum,12,70,0.6925837782117892,4624804.04284902,0.6915735142028686
Liquid-WC-volume,Input-only PolyRidge,5,train,2003-01-01,water_cum,13,70,0.7318635697211656,5344892.113822795,0.7307200075521405
Liquid-WC-volume,Input-only PolyRidge,5,train,2003-01-01,water_cum,14,70,0.7673631932167223,6098349.993986398,0.7660391326183151
Liquid-WC-volume,Input-only PolyRidge,5,train,2003-01-01,water_cum,15,70,0.7990881540923619,6880116.112476206,0.7975514327538592
Liquid-WC-volume,Input-only PolyRidge,5,train,2003-01-01,water_cum,16,70,0.8269676291196079,7677417.959776656,0.8252000275524305
Liquid-WC-volume,Input-only PolyRidge,5,train,2003-01-01,water_cum,17,70,0.8509104031935395,8468896.89620994,0.8489100097524092
Liquid-WC-volume,Input-only PolyRidge,5,train,2003-01-01,water_cum,18,70,0.8717826457324623,9275792.183024101,0.8695473343879047
Liquid-WC-volume,Input-only PolyRidge,5,train,2003-01-01,water_cum,19,70,0.8898347929377919,10095586.717924811,0.8873685604837952
Liquid-WC-volume,Input-only PolyRidge,5,train,2003-01-01,water_cum,20,70,0.9051705202039138,10917229.308661226,0.9024845569694416
Liquid-WC-volume,Input-only PolyRidge,5,validation,2003-01-01,gas_cum,1,15,0.08014448547832717,31174.238063307344,-0.007067396596307678
Liquid-WC-volume,Input-only PolyRidge,5,validation,2003-01-01,gas_cum,2,15,0.04268106274054005,32215.60858302669,0.004231276986091886
Liquid-WC-volume,Input-only PolyRidge,5,validation,2003-01-01,gas_cum,3,15,0.031522317448173964,34745.155878672165,0.0019077324258179574
Liquid-WC-volume,Input-only PolyRidge,5,validation,2003-01-01,gas_cum,4,15,0.028535318598295705,40882.15531151676,-0.009111833805986224
Liquid-WC-volume,Input-only PolyRidge,5,validation,2003-01-01,gas_cum,5,15,0.03500701556861394,61057.25303002881,-0.02523679483681269
Liquid-WC-volume,Input-only PolyRidge,5,validation,2003-01-01,gas_cum,6,15,0.04974122806031752,101504.28997291207,-0.04470334164815664
Liquid-WC-volume,Input-only PolyRidge,5,validation,2003-01-01,gas_cum,7,15,0.0693811204518192,161353.93740935568,-0.06668465978245416
Liquid-WC-volume,Input-only PolyRidge,5,validation,2003-01-01,gas_cum,8,15,0.09172920089032639,238177.9253908567,-0.09030914891462068
Liquid-WC-volume,Input-only PolyRidge,5,validation,2003-01-01,gas_cum,9,15,0.1147184512945676,326650.56468387094,-0.11400853388557279
Liquid-WC-volume,Input-only PolyRidge,5,validation,2003-01-01,gas_cum,10,15,0.137774875794745,425028.995361446,-0.13743404189928277
Liquid-WC-volume,Input-only PolyRidge,5,validation,2003-01-01,gas_cum,11,15,0.16104961359132786,533240.9248493029,-0.16083082033022583
Liquid-WC-volume,Input-only PolyRidge,5,validation,2003-01-01,gas_cum,12,15,0.18464443365271366,651192.343977776,-0.18435019750279716
Liquid-WC-volume,Input-only PolyRidge,5,validation,2003-01-01,gas_cum,13,15,0.20802875531488535,776026.7411566003,-0.20751022699202948
Liquid-WC-volume,Input-only PolyRidge,5,validation,2003-01-01,gas_cum,14,15,0.23183665319534819,911352.8948772727,-0.23097546072539182
Liquid-WC-volume,Input-only PolyRidge,5,validation,2003-01-01,gas_cum,15,15,0.25571546949458657,1055911.3583763936,-0.2544258891560115
Liquid-WC-volume,Input-only PolyRidge,5,validation,2003-01-01,gas_cum,16,15,0.27901527440837864,1206137.2114038186,-0.2772479226201767
Liquid-WC-volume,Input-only PolyRidge,5,validation,2003-01-01,gas_cum,17,15,0.3010168284121564,1356942.7592823787,-0.2987596297146299
Liquid-WC-volume,Input-only PolyRidge,5,validation,2003-01-01,gas_cum,18,15,0.3223210452514262,1511910.3123203248,-0.31956254632433784
Liquid-WC-volume,Input-only PolyRidge,5,validation,2003-01-01,gas_cum,19,15,0.3427988030055617,1669844.8529868228,-0.33953929121576476
Liquid-WC-volume,Input-only PolyRidge,5,validation,2003-01-01,gas_cum,20,15,0.3621533873318783,1827894.937919663,-0.3584064851810575
Liquid-WC-volume,Input-only PolyRidge,5,validation,2003-01-01,oil_cum,1,15,0.08295872542548371,88773.20200843642,-0.006999380599677623
Liquid-WC-volume,Input-only PolyRidge,5,validation,2003-01-01,oil_cum,2,15,0.044478012610489635,92341.38681112752,0.004686037176595844
Liquid-WC-volume,Input-only PolyRidge,5,validation,2003-01-01,oil_cum,3,15,0.03280962664075258,99484.01256659334,0.0023209907834821214
Liquid-WC-volume,Input-only PolyRidge,5,validation,2003-01-01,oil_cum,4,15,0.029275263611215283,115402.70151468951,-0.008852491452568693
Liquid-WC-volume,Input-only PolyRidge,5,validation,2003-01-01,oil_cum,5,15,0.035292038019635555,169394.13152292743,-0.025116173967235592
Liquid-WC-volume,Input-only PolyRidge,5,validation,2003-01-01,oil_cum,6,15,0.04990293277552415,280296.3964329218,-0.04474954024760584
Liquid-WC-volume,Input-only PolyRidge,5,validation,2003-01-01,oil_cum,7,15,0.0696226605810014,445763.78718513733,-0.06691232579745161
Liquid-WC-volume,Input-only PolyRidge,5,validation,2003-01-01,oil_cum,8,15,0.09201878775993858,657850.0194853095,-0.0906037405324409
Liquid-WC-volume,Input-only PolyRidge,5,validation,2003-01-01,oil_cum,9,15,0.11501286412078791,901704.238981629,-0.11430791956502832
Liquid-WC-volume,Input-only PolyRidge,5,validation,2003-01-01,oil_cum,10,15,0.13805497103977699,1172647.8182033908,-0.13771550259358994
Liquid-WC-volume,Input-only PolyRidge,5,validation,2003-01-01,oil_cum,11,15,0.161300216297937,1470461.740213022,-0.1610765590186033
Liquid-WC-volume,Input-only PolyRidge,5,validation,2003-01-01,oil_cum,12,15,0.18487130541334004,1795092.7369509405,-0.18456673886047814
Liquid-WC-volume,Input-only PolyRidge,5,validation,2003-01-01,oil_cum,13,15,0.20823806139196224,2138702.032774736,-0.20770518721286885
Liquid-WC-volume,Input-only PolyRidge,5,validation,2003-01-01,oil_cum,14,15,0.2320367406080337,2511284.5371475546,-0.23115807980122585
Liquid-WC-volume,Input-only PolyRidge,5,validation,2003-01-01,oil_cum,15,15,0.25591880063647304,2909463.9862297615,-0.2546078495725926
Liquid-WC-volume,Input-only PolyRidge,5,validation,2003-01-01,oil_cum,16,15,0.2792133354404835,3323114.8539427286,-0.2774208225381314
Liquid-WC-volume,Input-only PolyRidge,5,validation,2003-01-01,oil_cum,17,15,0.3011999300407093,3738171.431433917,-0.29891551745433326
Liquid-WC-volume,Input-only PolyRidge,5,validation,2003-01-01,oil_cum,18,15,0.32249036401987413,4164675.515470731,-0.31970373020824217
Liquid-WC-volume,Input-only PolyRidge,5,validation,2003-01-01,oil_cum,19,15,0.342960764980604,4599448.885351979,-0.3396725752175504
Liquid-WC-volume,Input-only PolyRidge,5,validation,2003-01-01,oil_cum,20,15,0.362310275145172,5034575.961698929,-0.3585347761289611
Liquid-WC-volume,Input-only PolyRidge,5,validation,2003-01-01,water_cum,1,15,0.05588040575267068,25797.06365510367,0.02156696484120139
Liquid-WC-volume,Input-only PolyRidge,5,validation,2003-01-01,water_cum,2,15,0.09880734903357272,92507.71606540648,0.09555089518140572
Liquid-WC-volume,Input-only PolyRidge,5,validation,2003-01-01,water_cum,3,15,0.17230535311453213,244930.04950336766,0.17062496037592248
Liquid-WC-volume,Input-only PolyRidge,5,validation,2003-01-01,water_cum,4,15,0.242015847742869,465437.0518184804,0.24039593659436864
Liquid-WC-volume,Input-only PolyRidge,5,validation,2003-01-01,water_cum,5,15,0.30860552028384663,751656.64332378,0.3069883070441538
Liquid-WC-volume,Input-only PolyRidge,5,validation,2003-01-01,water_cum,6,15,0.37344431777871956,1106692.281291221,0.37194769599707095
Liquid-WC-volume,Input-only PolyRidge,5,validation,2003-01-01,water_cum,7,15,0.43706384962688827,1534860.601731773,0.43579287232363534
Liquid-WC-volume,Input-only PolyRidge,5,validation,2003-01-01,water_cum,8,15,0.498024258236158,2029252.2036704447,0.49700658479801546
Liquid-WC-volume,Input-only PolyRidge,5,validation,2003-01-01,water_cum,9,15,0.554601715856589,2572603.7848464753,0.5537967357184337
Liquid-WC-volume,Input-only PolyRidge,5,validation,2003-01-01,water_cum,10,15,0.6085032936570354,3177076.729707444,0.6078415118945591
Liquid-WC-volume,Input-only PolyRidge,5,validation,2003-01-01,water_cum,11,15,0.6593828492125551,3838488.872262082,0.6587811058798855
Liquid-WC-volume,Input-only PolyRidge,5,validation,2003-01-01,water_cum,12,15,0.706474161951578,4543968.321828654,0.7058532070912003
Liquid-WC-volume,Input-only PolyRidge,5,validation,2003-01-01,water_cum,13,15,0.7485955903809095,5269539.599513007,0.7478922804597328
Liquid-WC-volume,Input-only PolyRidge,5,validation,2003-01-01,water_cum,14,15,0.7867863655040404,6030633.027967097,0.7859457479820393
Liquid-WC-volume,Input-only PolyRidge,5,validation,2003-01-01,water_cum,15,15,0.820912228204318,6821476.0534399925,0.8198895190006026
Liquid-WC-volume,Input-only PolyRidge,5,validation,2003-01-01,water_cum,16,15,0.8508457788359751,7628757.246320692,0.849609348878987
Liquid-WC-volume,Input-only PolyRidge,5,validation,2003-01-01,water_cum,17,15,0.8765514455137289,8430917.362116575,0.8750893607422872
Liquid-WC-volume,Input-only PolyRidge,5,validation,2003-01-01,water_cum,18,15,0.899013592639407,9249572.796724698,0.8973181296925806
Liquid-WC-volume,Input-only PolyRidge,5,validation,2003-01-01,water_cum,19,15,0.9185031402618735,10082117.41626452,0.9165743355898239
Liquid-WC-volume,Input-only PolyRidge,5,validation,2003-01-01,water_cum,20,15,0.9351010972382341,10917113.556341289,0.9329465465203455
Separate,History-conditioned,3,train,2003-01-01,gas_cum,1,70,0.042398953967613694,16002.890940250083,0.038110220348521184
Separate,History-conditioned,3,train,2003-01-01,gas_cum,2,70,0.0706112947125657,51678.37580553183,0.06437673621889843
Separate,History-conditioned,3,train,2003-01-01,gas_cum,3,70,0.09542793492320138,101941.75778246323,0.0873161002823438
Separate,History-conditioned,3,train,2003-01-01,gas_cum,4,70,0.1160609434494671,161113.47070615174,0.10612862423996014
Separate,History-conditioned,3,train,2003-01-01,gas_cum,5,70,0.13436937627926981,227070.05368472132,0.12268823181320819
Separate,History-conditioned,3,train,2003-01-01,gas_cum,6,70,0.1517166012299708,300019.64705475915,0.1383300064447756
Separate,History-conditioned,3,train,2003-01-01,gas_cum,7,70,0.16888038202161923,380680.30287409713,0.15388329360344657
Separate,History-conditioned,3,train,2003-01-01,gas_cum,8,70,0.1857748831808868,467656.9095300979,0.16927448871823272
Separate,History-conditioned,3,train,2003-01-01,gas_cum,9,70,0.20276486141205302,559793.5847298119,0.1849457980755435
Separate,History-conditioned,3,train,2003-01-01,gas_cum,10,70,0.2213455218294487,662021.8810309115,0.20235702092820046
Separate,History-conditioned,3,train,2003-01-01,gas_cum,11,70,0.24071638096223466,772567.692132561,0.22064466456931986
Separate,History-conditioned,3,train,2003-01-01,gas_cum,12,70,0.25957042148583104,887095.0390447173,0.23842179234720864
Separate,History-conditioned,3,train,2003-01-01,oil_cum,1,70,0.04266346778009665,44314.21971943066,0.038309373999445465
Separate,History-conditioned,3,train,2003-01-01,oil_cum,2,70,0.07085124691916271,142704.67710070766,0.06455374229314535
Separate,History-conditioned,3,train,2003-01-01,oil_cum,3,70,0.09557127490640221,280992.7285041169,0.08741596829875367
Separate,History-conditioned,3,train,2003-01-01,oil_cum,4,70,0.1161357205018827,443734.9485556419,0.10618494958682616
Separate,History-conditioned,3,train,2003-01-01,oil_cum,5,70,0.134367578198086,625015.0608523883,0.12268954636286258
Separate,History-conditioned,3,train,2003-01-01,oil_cum,6,70,0.15163243180862693,825415.3449309191,0.1382648172595581
Separate,History-conditioned,3,train,2003-01-01,oil_cum,7,70,0.16874263469330836,1047095.1510880472,0.15377933325289028
Separate,History-conditioned,3,train,2003-01-01,oil_cum,8,70,0.18559775172828918,1286185.12492241,0.1691464262399851
Separate,History-conditioned,3,train,2003-01-01,oil_cum,9,70,0.2025506378942339,1539460.9571744646,0.18479477007102985
Separate,History-conditioned,3,train,2003-01-01,oil_cum,10,70,0.22110408414478167,1820557.4264924263,0.20219030642892058
Separate,History-conditioned,3,train,2003-01-01,oil_cum,11,70,0.24047732627981291,2124752.347628241,0.22048466146432902
Separate,History-conditioned,3,train,2003-01-01,oil_cum,12,70,0.25934979161745675,2440042.915797233,0.2382786147385867
Separate,History-conditioned,3,train,2003-01-01,water_cum,1,70,0.019098761612540916,9326.216806793462,0.0022367688395311283
Separate,History-conditioned,3,train,2003-01-01,water_cum,2,70,0.04569640948283723,45205.963165412984,0.026734030673620034
Separate,History-conditioned,3,train,2003-01-01,water_cum,3,70,0.07601419405772172,114000.28446462523,0.05337623383631824
Separate,History-conditioned,3,train,2003-01-01,water_cum,4,70,0.10156581608032919,205643.4324979463,0.07465561751823105
Separate,History-conditioned,3,train,2003-01-01,water_cum,5,70,0.12391769261539881,317011.4389438207,0.09324585939850527
Separate,History-conditioned,3,train,2003-01-01,water_cum,6,70,0.1445453255720102,448790.5850361536,0.11067317269693434
Separate,History-conditioned,3,train,2003-01-01,water_cum,7,70,0.16388207987946965,601565.3758842556,0.12739095751161228
Separate,History-conditioned,3,train,2003-01-01,water_cum,8,70,0.18170924978785288,772380.5986398396,0.14313544941664927
Separate,History-conditioned,3,train,2003-01-01,water_cum,9,70,0.19792324891563073,956247.1678496043,0.1577381018522465
Separate,History-conditioned,3,train,2003-01-01,water_cum,10,70,0.21348849292628275,1159444.7011812273,0.17200866859875405
Separate,History-conditioned,3,train,2003-01-01,water_cum,11,70,0.22856474525539575,1382536.9394651854,0.18609164118012694
Separate,History-conditioned,3,train,2003-01-01,water_cum,12,70,0.24313480605736382,1623559.2998072738,0.1999011928358154
Separate,History-conditioned,3,train,2004-01-01,gas_cum,1,70,0.016981507892473085,5123.711584723191,0.015946321930240072
Separate,History-conditioned,3,train,2004-01-01,gas_cum,2,70,0.020226374524612064,11920.168740154199,0.01792034099796429
Separate,History-conditioned,3,train,2004-01-01,gas_cum,3,70,0.024014426034541184,20796.23988344968,0.02051780649517787
Separate,History-conditioned,3,train,2004-01-01,gas_cum,4,70,0.027734993813641605,31318.16410795276,0.023234182027054535
Separate,History-conditioned,3,train,2004-01-01,gas_cum,5,70,0.03227458934669824,44302.822183570475,0.027169765417167386
Separate,History-conditioned,3,train,2004-01-01,gas_cum,6,70,0.03886065198468861,62286.327310440196,0.033564485816801416
Separate,History-conditioned,3,train,2004-01-01,gas_cum,7,70,0.04603379031472602,83846.46134963834,0.04065516997130856
Separate,History-conditioned,3,train,2004-01-01,gas_cum,8,70,0.05217129457946753,105885.11746833853,0.046630713377359995
Separate,History-conditioned,3,train,2004-01-01,gas_cum,9,70,0.056464671261402276,125680.24426083504,0.05067460545142152
Separate,History-conditioned,3,train,2004-01-01,gas_cum,10,70,0.05882027168028104,142283.4849246117,0.052677860262194336
Separate,History-conditioned,3,train,2004-01-01,gas_cum,11,70,0.059430122250885,155095.99008963833,0.05282345244656427
Separate,History-conditioned,3,train,2004-01-01,gas_cum,12,70,0.05880145561124615,164399.75089523557,0.05164807253184881
Separate,History-conditioned,3,train,2004-01-01,oil_cum,1,70,0.016793029499694384,13950.41458369252,0.015782312526381428
Separate,History-conditioned,3,train,2004-01-01,oil_cum,2,70,0.019952728322972985,32378.26557236776,0.017670566603576555
Separate,History-conditioned,3,train,2004-01-01,oil_cum,3,70,0.02373398616884191,56594.41452015558,0.02026399522904288
Separate,History-conditioned,3,train,2004-01-01,oil_cum,4,70,0.0274531096634938,85358.64637713169,0.022990085367327287
Separate,History-conditioned,3,train,2004-01-01,oil_cum,5,70,0.031976474075960847,120862.3100661707,0.02692438631813014
Separate,History-conditioned,3,train,2004-01-01,oil_cum,6,70,0.03855266952056384,170147.49866791145,0.03332333450891229
Separate,History-conditioned,3,train,2004-01-01,oil_cum,7,70,0.045753560363326895,229459.91453156396,0.04044690767208771
Separate,History-conditioned,3,train,2004-01-01,oil_cum,8,70,0.051929381748725856,290183.0411445092,0.04646329252319922
Separate,History-conditioned,3,train,2004-01-01,oil_cum,9,70,0.0562435240316306,344672.0640574406,0.050534351015556096
Separate,History-conditioned,3,train,2004-01-01,oil_cum,10,70,0.058591531914762386,390216.1285000698,0.052538717563383776
Separate,History-conditioned,3,train,2004-01-01,oil_cum,11,70,0.05917669407020004,425201.8574507441,0.05266752323789554
Separate,History-conditioned,3,train,2004-01-01,oil_cum,12,70,0.05854546226385014,450669.216226323,0.051488699449909546
Separate,History-conditioned,3,train,2004-01-01,water_cum,1,70,0.00888579005518767,4745.021882336643,-0.0007386257608896167
Separate,History-conditioned,3,train,2004-01-01,water_cum,2,70,0.014623783906311577,15810.472553161531,0.0005747231849129109
Separate,History-conditioned,3,train,2004-01-01,water_cum,3,70,0.02012683037465141,33160.45454906457,0.0014112783568134744
Separate,History-conditioned,3,train,2004-01-01,water_cum,4,70,0.025287952616536585,56341.758240768024,0.0014488716060399372
Separate,History-conditioned,3,train,2004-01-01,water_cum,5,70,0.030184534984808224,84795.27176570389,0.000957683306910678
Separate,History-conditioned,3,train,2004-01-01,water_cum,6,70,0.03507551838145019,119579.1314954068,0.00033174846683460204
Separate,History-conditioned,3,train,2004-01-01,water_cum,7,70,0.03998315271287685,161027.6582411995,-0.0003055330019767752
Separate,History-conditioned,3,train,2004-01-01,water_cum,8,70,0.04482948928415829,208750.40662207946,-0.0009269182446742793
Separate,History-conditioned,3,train,2004-01-01,water_cum,9,70,0.04944572966804818,261189.05602730924,-0.0015867123638203696
Separate,History-conditioned,3,train,2004-01-01,water_cum,10,70,0.05397855181170599,319910.4012305208,-0.00258041302483902
Separate,History-conditioned,3,train,2004-01-01,water_cum,11,70,0.05844374885524504,385125.3068304165,-0.003882826956313119
Separate,History-conditioned,3,train,2004-01-01,water_cum,12,70,0.06281897829554357,456302.0948905815,-0.005362935291427053
Separate,History-conditioned,3,train,2005-01-01,gas_cum,1,70,0.02468031269365156,6010.115714308493,0.024413380538281383
Separate,History-conditioned,3,train,2005-01-01,gas_cum,2,70,0.03401995725876898,16115.124590995983,0.03349200176771247
Separate,History-conditioned,3,train,2005-01-01,gas_cum,3,70,0.04161835052195781,28815.248462437943,0.04067082073126095
Separate,History-conditioned,3,train,2005-01-01,gas_cum,4,70,0.04550157995538797,40979.368822315606,0.04398259993671107
Separate,History-conditioned,3,train,2005-01-01,gas_cum,5,70,0.045874256588481294,50322.48645406958,0.04357412955568551
Separate,History-conditioned,3,train,2005-01-01,gas_cum,6,70,0.04332839803006224,55902.305937552774,0.0398660384432929
Separate,History-conditioned,3,train,2005-01-01,gas_cum,7,70,0.03893135591450319,57660.049543990855,0.03369729167249419
Separate,History-conditioned,3,train,2005-01-01,gas_cum,8,70,0.03416819650675082,56968.451434495975,0.026240953218543108
Separate,History-conditioned,3,train,2005-01-01,gas_cum,9,70,0.030196983389721464,55714.37452968252,0.018224077342687054
Separate,History-conditioned,3,train,2005-01-01,gas_cum,10,70,0.02794909070573671,56468.9026636081,0.009673503519643708
Separate,History-conditioned,3,train,2005-01-01,gas_cum,11,70,0.02828780363004113,62047.456333359536,0.0007594244703208728
Separate,History-conditioned,3,train,2005-01-01,gas_cum,12,70,0.031310294033850404,73960.52135734928,-0.008275966084160235
Separate,History-conditioned,3,train,2005-01-01,oil_cum,1,70,0.02443760593703799,16386.627628237162,0.02422695315901164
Separate,History-conditioned,3,train,2005-01-01,oil_cum,2,70,0.033817873269408716,44109.94843341755,0.03332445028787867
Separate,History-conditioned,3,train,2005-01-01,oil_cum,3,70,0.041512829769909075,79135.44999247765,0.040589247578838944
Separate,History-conditioned,3,train,2005-01-01,oil_cum,4,70,0.0454777653058924,112759.34885513256,0.043980544493829474
Separate,History-conditioned,3,train,2005-01-01,oil_cum,5,70,0.0458855385626222,138568.86481167583,0.043610089671575196
Separate,History-conditioned,3,train,2005-01-01,oil_cum,6,70,0.04332910612751249,153900.3247859427,0.039887918985392436
Separate,History-conditioned,3,train,2005-01-01,oil_cum,7,70,0.03890648108474063,158642.21028575636,0.03367799306953885
Separate,History-conditioned,3,train,2005-01-01,oil_cum,8,70,0.03414175064924874,156719.99510859087,0.02620825961860459
Separate,History-conditioned,3,train,2005-01-01,oil_cum,9,70,0.030184342033677865,153322.3189707184,0.018201976969678586
Separate,History-conditioned,3,train,2005-01-01,oil_cum,10,70,0.027948313373143636,155456.526056303,0.00966615725073733
Separate,History-conditioned,3,train,2005-01-01,oil_cum,11,70,0.028292656014973924,170845.53926005142,0.0007633970815449727
Separate,History-conditioned,3,train,2005-01-01,oil_cum,12,70,0.03131415952264724,203636.24048767504,-0.008266593633110685
Separate,History-conditioned,3,train,2005-01-01,water_cum,1,70,0.011022406013423027,6407.150471570486,-0.009348731556725403
Separate,History-conditioned,3,train,2005-01-01,water_cum,2,70,0.017088011375429254,20186.232251242207,-0.013149450163990575
Separate,History-conditioned,3,train,2005-01-01,water_cum,3,70,0.023433722006205214,42170.46511818634,-0.01672257123139908
Separate,History-conditioned,3,train,2005-01-01,water_cum,4,70,0.029770349843117834,72305.23723370745,-0.020103311931124496
Separate,History-conditioned,3,train,2005-01-01,water_cum,5,70,0.03593150027441443,109756.52498865104,-0.02337037828398988
Separate,History-conditioned,3,train,2005-01-01,water_cum,6,70,0.04230769162138104,156493.04809779374,-0.02704740857149662
Separate,History-conditioned,3,train,2005-01-01,water_cum,7,70,0.04878645228384783,212807.41807640117,-0.031011051884033206
Separate,History-conditioned,3,train,2005-01-01,water_cum,8,70,0.05519535025196697,277971.53082077275,-0.035018360764161975
Separate,History-conditioned,3,train,2005-01-01,water_cum,9,70,0.061273435928971116,349584.02155782183,-0.038831047117638545
Separate,History-conditioned,3,train,2005-01-01,water_cum,10,70,0.06738938110561515,430808.54926333285,-0.042803424876840454
Separate,History-conditioned,3,train,2005-01-01,water_cum,11,70,0.0734757811520768,521566.9441631909,-0.04684335068781275
Separate,History-conditioned,3,train,2005-01-01,water_cum,12,70,0.07942188340500825,620619.6416353977,-0.05084111567982736
Separate,History-conditioned,3,validation,2003-01-01,gas_cum,1,15,0.0411287952044127,15998.092012283225,0.03689138350217475
Separate,History-conditioned,3,validation,2003-01-01,gas_cum,2,15,0.06930366240501085,52310.31089789123,0.06369417254611529
Separate,History-conditioned,3,validation,2003-01-01,gas_cum,3,15,0.09462033502180998,104294.30815263286,0.08738832896364238
Separate,History-conditioned,3,validation,2003-01-01,gas_cum,4,15,0.11615494523114961,166413.5795359299,0.10718442784870183
Separate,History-conditioned,3,validation,2003-01-01,gas_cum,5,15,0.13567209295969468,236631.57725392052,0.12492806840552838
Separate,History-conditioned,3,validation,2003-01-01,gas_cum,6,15,0.1545188095549936,315318.35185733705,0.14200232935027424
Separate,History-conditioned,3,validation,2003-01-01,gas_cum,7,15,0.1733231227977385,403083.2613451557,0.15908777073723893
Separate,History-conditioned,3,validation,2003-01-01,gas_cum,8,15,0.19193880016055073,498375.48763679777,0.17606207948528946
Separate,History-conditioned,3,validation,2003-01-01,gas_cum,9,15,0.21049470244932325,599364.9028740926,0.1931437077347025
Separate,History-conditioned,3,validation,2003-01-01,gas_cum,10,15,0.23051515689904734,711128.3896082101,0.21182065360666388
Separate,History-conditioned,3,validation,2003-01-01,gas_cum,11,15,0.2512269115015233,831821.1242409336,0.23126417379807485
Separate,History-conditioned,3,validation,2003-01-01,gas_cum,12,15,0.2713070274982661,956828.5145629263,0.2501086466336421
Separate,History-conditioned,3,validation,2003-01-01,oil_cum,1,15,0.04174444068606942,44670.25797162583,0.03740930310044142
Separate,History-conditioned,3,validation,2003-01-01,oil_cum,2,15,0.07015575507756373,145651.2855773643,0.06441003258939057
Separate,History-conditioned,3,validation,2003-01-01,oil_cum,3,15,0.09535148119501184,289120.8747150273,0.08800100960644683
Separate,History-conditioned,3,validation,2003-01-01,oil_cum,4,15,0.1166465892791793,459819.31039332156,0.10760328638020256
Separate,History-conditioned,3,validation,2003-01-01,oil_cum,5,15,0.1359405014883314,652484.9365626099,0.12517500333796977
Separate,History-conditioned,3,validation,2003-01-01,oil_cum,6,15,0.15455415145863327,868104.7244752418,0.14204079531511152
Separate,History-conditioned,3,validation,2003-01-01,oil_cum,7,15,0.1731009592609737,1108290.5841522492,0.15888817792093798
Separate,History-conditioned,3,validation,2003-01-01,oil_cum,8,15,0.19159410698189414,1369722.3151877094,0.17575607163717513
Separate,History-conditioned,3,validation,2003-01-01,oil_cum,9,15,0.21010604279242093,1647237.5579014805,0.19280845996610269
Separate,History-conditioned,3,validation,2003-01-01,oil_cum,10,15,0.2301127192610632,1954592.2624154354,0.2114868597577395
Separate,History-conditioned,3,validation,2003-01-01,oil_cum,11,15,0.2508505906637598,2286830.1391460346,0.230960709372504
Separate,History-conditioned,3,validation,2003-01-01,oil_cum,12,15,0.2709585437894832,2630996.264584212,0.24983073352189636
Separate,History-conditioned,3,validation,2003-01-01,water_cum,1,15,0.01633309262453838,7540.135481206373,0.001108360457995604
Separate,History-conditioned,3,validation,2003-01-01,water_cum,2,15,0.041669984616137294,39013.24287133444,0.024459714786420502
Separate,History-conditioned,3,validation,2003-01-01,water_cum,3,15,0.07101828392960313,100951.66217476543,0.049275783737514935
Separate,History-conditioned,3,validation,2003-01-01,water_cum,4,15,0.09545384210042518,183573.74224175248,0.0679704823089416
Separate,History-conditioned,3,validation,2003-01-01,water_cum,5,15,0.1165175123368577,283796.4859831571,0.0836023036241654
Separate,History-conditioned,3,validation,2003-01-01,water_cum,6,15,0.13562840604284443,401931.16602831014,0.09790517372792745
Separate,History-conditioned,3,validation,2003-01-01,water_cum,7,15,0.15347331053985105,538960.4698857055,0.11169695836567801
Separate,History-conditioned,3,validation,2003-01-01,water_cum,8,15,0.17001828719335946,692757.3873074251,0.12491942585785334
Separate,History-conditioned,3,validation,2003-01-01,water_cum,9,15,0.1852152481002915,859148.8894659322,0.13746679107677057
Separate,History-conditioned,3,validation,2003-01-01,water_cum,10,15,0.19992342688650144,1043826.8352947766,0.1499982898131942
Separate,History-conditioned,3,validation,2003-01-01,water_cum,11,15,0.2142998701005811,1247511.4687781716,0.1626258342793369
Separate,History-conditioned,3,validation,2003-01-01,water_cum,12,15,0.22831245856921878,1468481.9843254988,0.175272973960614
Separate,History-conditioned,3,validation,2004-01-01,gas_cum,1,15,0.019665078563163692,6125.033634084366,0.01820309646641666
Separate,History-conditioned,3,validation,2004-01-01,gas_cum,2,15,0.024653378039718232,14988.765820253362,0.021796270025962593
Separate,History-conditioned,3,validation,2004-01-01,gas_cum,3,15,0.02985028054998,26655.063800162945,0.025844383783316976
Separate,History-conditioned,3,validation,2004-01-01,gas_cum,4,15,0.03486232791129951,40575.706541945954,0.029930841886719742
Separate,History-conditioned,3,validation,2004-01-01,gas_cum,5,15,0.04034309207266435,57076.336643286486,0.03485653470346173
Separate,History-conditioned,3,validation,2004-01-01,gas_cum,6,15,0.047639466611020295,78716.2146181619,0.04196472354362881
Separate,History-conditioned,3,validation,2004-01-01,gas_cum,7,15,0.05534744107853226,103966.72006262088,0.049589985841071514
Separate,History-conditioned,3,validation,2004-01-01,gas_cum,8,15,0.061851944079451826,129528.55935086169,0.05598405355031498
Separate,History-conditioned,3,validation,2004-01-01,gas_cum,9,15,0.06641860749489635,152620.32358613375,0.060404343898846705
Separate,History-conditioned,3,validation,2004-01-01,gas_cum,10,15,0.06899667689825893,172390.4136680173,0.06278006239598523
Separate,History-conditioned,3,validation,2004-01-01,gas_cum,11,15,0.06984130704443095,188349.1336427629,0.06335937275661442
Separate,History-conditioned,3,validation,2004-01-01,gas_cum,12,15,0.06942304071601398,200664.9920364826,0.06260731212046478
Separate,History-conditioned,3,validation,2004-01-01,oil_cum,1,15,0.019156682246558764,16433.0110186792,0.01771847856759145
Separate,History-conditioned,3,validation,2004-01-01,oil_cum,2,15,0.024006048117508685,40207.66804854154,0.02103675785277949
Separate,History-conditioned,3,validation,2004-01-01,oil_cum,3,15,0.02900452704451808,71370.19744370157,0.024798654072713405
Separate,History-conditioned,3,validation,2004-01-01,oil_cum,4,15,0.03399162920408463,109017.91561200896,0.028891089483258185
Separate,History-conditioned,3,validation,2004-01-01,oil_cum,5,15,0.03950390777231389,153993.19867843328,0.033913347389291776
Separate,History-conditioned,3,validation,2004-01-01,oil_cum,6,15,0.04683287851412937,213195.26320695088,0.041126483882421745
Separate,History-conditioned,3,validation,2004-01-01,oil_cum,7,15,0.05462024170945136,282635.7733367135,0.04887073502914307
Separate,History-conditioned,3,validation,2004-01-01,oil_cum,8,15,0.06120436361348616,353045.47662447946,0.05535477479615118
Separate,History-conditioned,3,validation,2004-01-01,oil_cum,9,15,0.06583126049987668,416640.9513798021,0.059839670290484516
Separate,History-conditioned,3,validation,2004-01-01,oil_cum,10,15,0.06843696511732565,470940.4479464401,0.06225462263095596
Separate,History-conditioned,3,validation,2004-01-01,oil_cum,11,15,0.0692697091022387,514496.4736289185,0.062842978791293
Separate,History-conditioned,3,validation,2004-01-01,oil_cum,12,15,0.06886400321222529,548199.3987333954,0.06211612274279159
Separate,History-conditioned,3,validation,2004-01-01,water_cum,1,15,0.012388648856676484,6356.920555876251,-0.004545857156856901
Separate,History-conditioned,3,validation,2004-01-01,water_cum,2,15,0.018593477081376195,19368.26315443227,-0.005461778218698668
Separate,History-conditioned,3,validation,2004-01-01,water_cum,3,15,0.02414911596193234,38413.97757842623,-0.0061927247307254395
Separate,History-conditioned,3,validation,2004-01-01,water_cum,4,15,0.02930229641306513,63125.07804658385,-0.0071160137405532125
Separate,History-conditioned,3,validation,2004-01-01,water_cum,5,15,0.034057843928873156,92602.35704492789,-0.00809735933489437
Separate,History-conditioned,3,validation,2004-01-01,water_cum,6,15,0.038606035800609874,127479.76452537147,-0.008939154946289397
Separate,History-conditioned,3,validation,2004-01-01,water_cum,7,15,0.04301659478455374,167886.3893010283,-0.009579913964749267
Separate,History-conditioned,3,validation,2004-01-01,water_cum,8,15,0.04723812777947946,213227.3519428936,-0.010001629523714643
Separate,History-conditioned,3,validation,2004-01-01,water_cum,9,15,0.051172128304199566,262085.6648478735,-0.010396767354146555
Separate,History-conditioned,3,validation,2004-01-01,water_cum,10,15,0.05516712233744106,317083.4382049272,-0.01112372804975216
Separate,History-conditioned,3,validation,2004-01-01,water_cum,11,15,0.05927994012499421,378962.96121472697,-0.012236012654447698
Separate,History-conditioned,3,validation,2004-01-01,water_cum,12,15,0.06344072661715636,447227.27919463546,-0.013608222214862705
Separate,History-conditioned,3,validation,2005-01-01,gas_cum,1,15,0.024133790727565236,6055.282916862319,0.02386879274068322
Separate,History-conditioned,3,validation,2005-01-01,gas_cum,2,15,0.032695939294496525,15971.718793734353,0.032254811685379976
Separate,History-conditioned,3,validation,2005-01-01,gas_cum,3,15,0.03942386544286319,28173.99084409374,0.038689035996056775
Separate,History-conditioned,3,validation,2005-01-01,gas_cum,4,15,0.042501459512678405,39544.873326519046,0.04128695397887974
Separate,History-conditioned,3,validation,2005-01-01,gas_cum,5,15,0.04221308652199231,47877.53175941811,0.04031338185625087
Separate,History-conditioned,3,validation,2005-01-01,gas_cum,6,15,0.03922076964644697,52357.43074764531,0.03616112122603349
Separate,History-conditioned,3,validation,2005-01-01,gas_cum,7,15,0.034731015795000056,53253.39305941919,0.02974422317095494
Separate,History-conditioned,3,validation,2005-01-01,gas_cum,8,15,0.0302215629304661,52194.08955155592,0.022082872449621094
Separate,History-conditioned,3,validation,2005-01-01,gas_cum,9,15,0.0269700482843759,51572.70123172125,0.013847416381151542
Separate,History-conditioned,3,validation,2005-01-01,gas_cum,10,15,0.026031843033039927,54541.99220877662,0.0050615448388181055
Separate,History-conditioned,3,validation,2005-01-01,gas_cum,11,15,0.028129987412439772,64020.071076264365,-0.0040545831389562055
Separate,History-conditioned,3,validation,2005-01-01,gas_cum,12,15,0.03278677510316628,80396.46201557117,-0.013212851373237555
Separate,History-conditioned,3,validation,2005-01-01,oil_cum,1,15,0.023887011219270195,16506.40651519126,0.023692938123104773
Separate,History-conditioned,3,validation,2005-01-01,oil_cum,2,15,0.03259442045156985,43845.363109878504,0.032222884110977096
Separate,History-conditioned,3,validation,2005-01-01,oil_cum,3,15,0.03947897594822852,77679.02231508183,0.038822261057887456
Separate,History-conditioned,3,validation,2005-01-01,oil_cum,4,15,0.04262339307293908,109180.13395037843,0.04150268650154673
Separate,History-conditioned,3,validation,2005-01-01,oil_cum,5,15,0.042349040732627886,132226.6679416716,0.040566039392547014
Separate,History-conditioned,3,validation,2005-01-01,oil_cum,6,15,0.03931713563872855,144489.2448536317,0.03641053383048486
Separate,History-conditioned,3,validation,2005-01-01,oil_cum,7,15,0.03475158780210043,146695.61641190917,0.029948409766029253
Separate,History-conditioned,3,validation,2005-01-01,oil_cum,8,15,0.030196566896144417,143574.88608218307,0.02228020311819895
Separate,History-conditioned,3,validation,2005-01-01,oil_cum,9,15,0.02689644151916043,141591.02835929533,0.014071673603736774
Separate,History-conditioned,3,validation,2005-01-01,oil_cum,10,15,0.02588237485994917,149286.6836010255,0.005306436014591706
Separate,History-conditioned,3,validation,2005-01-01,oil_cum,11,15,0.027911974250478137,174874.13653093387,-0.0038101017758072346
Separate,History-conditioned,3,validation,2005-01-01,oil_cum,12,15,0.03252943984085318,219585.63042219277,-0.012975636870461821
Separate,History-conditioned,3,validation,2005-01-01,water_cum,1,15,0.00976902812850999,5517.544029035802,-0.007795180831238966
Separate,History-conditioned,3,validation,2005-01-01,water_cum,2,15,0.014962584649992403,17177.000020643973,-0.009718396338153228
Separate,History-conditioned,3,validation,2005-01-01,water_cum,3,15,0.020642741237279303,36101.17224836515,-0.011271462758391894
Separate,History-conditioned,3,validation,2005-01-01,water_cum,4,15,0.026532752842199324,62617.22230059737,-0.012468881496385862
Separate,History-conditioned,3,validation,2005-01-01,water_cum,5,15,0.032498539190256304,96450.37616371602,-0.013645430006839097
Separate,History-conditioned,3,validation,2005-01-01,water_cum,6,15,0.038891089480484906,139772.26289609002,-0.015321697394360907
Separate,History-conditioned,3,validation,2005-01-01,water_cum,7,15,0.04552271654834702,192974.3326409918,-0.01745420322934029
Separate,History-conditioned,3,validation,2005-01-01,water_cum,8,15,0.052208759496616214,255608.1327899738,-0.019786700860044762
Separate,History-conditioned,3,validation,2005-01-01,water_cum,9,15,0.05862798366088349,325290.7563079168,-0.02200423335877867
Separate,History-conditioned,3,validation,2005-01-01,water_cum,10,15,0.06501071169790942,404300.2624112135,-0.024365246482040546
Separate,History-conditioned,3,validation,2005-01-01,water_cum,11,15,0.07128271284115857,492375.9210837602,-0.026772048003494833
Separate,History-conditioned,3,validation,2005-01-01,water_cum,12,15,0.07735418314900457,588337.3971077338,-0.02915334917247421
Separate,History-conditioned,5,train,2003-01-01,gas_cum,1,70,0.042398953967613694,16002.890940250083,0.038110220348521184
Separate,History-conditioned,5,train,2003-01-01,gas_cum,2,70,0.0706112947125657,51678.37580553183,0.06437673621889843
Separate,History-conditioned,5,train,2003-01-01,gas_cum,3,70,0.09542793492320138,101941.75778246323,0.0873161002823438
Separate,History-conditioned,5,train,2003-01-01,gas_cum,4,70,0.1160609434494671,161113.47070615174,0.10612862423996014
Separate,History-conditioned,5,train,2003-01-01,gas_cum,5,70,0.13436937627926981,227070.05368472132,0.12268823181320819
Separate,History-conditioned,5,train,2003-01-01,gas_cum,6,70,0.1517166012299708,300019.64705475915,0.1383300064447756
Separate,History-conditioned,5,train,2003-01-01,gas_cum,7,70,0.16888038202161923,380680.30287409713,0.15388329360344657
Separate,History-conditioned,5,train,2003-01-01,gas_cum,8,70,0.1857748831808868,467656.9095300979,0.16927448871823272
Separate,History-conditioned,5,train,2003-01-01,gas_cum,9,70,0.20276486141205302,559793.5847298119,0.1849457980755435
Separate,History-conditioned,5,train,2003-01-01,gas_cum,10,70,0.2213455218294487,662021.8810309115,0.20235702092820046
Separate,History-conditioned,5,train,2003-01-01,gas_cum,11,70,0.24071638096223466,772567.692132561,0.22064466456931986
Separate,History-conditioned,5,train,2003-01-01,gas_cum,12,70,0.25957042148583104,887095.0390447173,0.23842179234720864
Separate,History-conditioned,5,train,2003-01-01,gas_cum,13,70,0.2768800060689654,1000572.3282555179,0.2546445625553692
Separate,History-conditioned,5,train,2003-01-01,gas_cum,14,70,0.29287147210488285,1114903.176548152,0.26948554184334633
Separate,History-conditioned,5,train,2003-01-01,gas_cum,15,70,0.3075320026484991,1229356.378087647,0.2829181170440846
Separate,History-conditioned,5,train,2003-01-01,gas_cum,16,70,0.3210035854786123,1342930.5896232186,0.2951038109333798
Separate,History-conditioned,5,train,2003-01-01,gas_cum,17,70,0.3332385260199859,1453287.236234885,0.3060228208579717
Separate,History-conditioned,5,train,2003-01-01,gas_cum,18,70,0.34479490301774374,1564099.2972294283,0.31620004857582595
Separate,History-conditioned,5,train,2003-01-01,gas_cum,19,70,0.3557721942443719,1675388.38507193,0.3257282313315333
Separate,History-conditioned,5,train,2003-01-01,gas_cum,20,70,0.3661576855736988,1786021.0049338476,0.33460875424160247
Separate,History-conditioned,5,train,2003-01-01,oil_cum,1,70,0.04266346778009665,44314.21971943066,0.038309373999445465
Separate,History-conditioned,5,train,2003-01-01,oil_cum,2,70,0.07085124691916271,142704.67710070766,0.06455374229314535
Separate,History-conditioned,5,train,2003-01-01,oil_cum,3,70,0.09557127490640221,280992.7285041169,0.08741596829875367
Separate,History-conditioned,5,train,2003-01-01,oil_cum,4,70,0.1161357205018827,443734.9485556419,0.10618494958682616
Separate,History-conditioned,5,train,2003-01-01,oil_cum,5,70,0.134367578198086,625015.0608523883,0.12268954636286258
Separate,History-conditioned,5,train,2003-01-01,oil_cum,6,70,0.15163243180862693,825415.3449309191,0.1382648172595581
Separate,History-conditioned,5,train,2003-01-01,oil_cum,7,70,0.16874263469330836,1047095.1510880472,0.15377933325289028
Separate,History-conditioned,5,train,2003-01-01,oil_cum,8,70,0.18559775172828918,1286185.12492241,0.1691464262399851
Separate,History-conditioned,5,train,2003-01-01,oil_cum,9,70,0.2025506378942339,1539460.9571744646,0.18479477007102985
Separate,History-conditioned,5,train,2003-01-01,oil_cum,10,70,0.22110408414478167,1820557.4264924263,0.20219030642892058
Separate,History-conditioned,5,train,2003-01-01,oil_cum,11,70,0.24047732627981291,2124752.347628241,0.22048466146432902
Separate,History-conditioned,5,train,2003-01-01,oil_cum,12,70,0.25934979161745675,2440042.915797233,0.2382786147385867
Separate,History-conditioned,5,train,2003-01-01,oil_cum,13,70,0.2766728467322468,2752426.0197706847,0.25451223099597037
Separate,History-conditioned,5,train,2003-01-01,oil_cum,14,70,0.29265683856133523,3066995.893648403,0.26934619168559115
Separate,History-conditioned,5,train,2003-01-01,oil_cum,15,70,0.3072934917431152,3381757.285962074,0.2827578650158915
Separate,History-conditioned,5,train,2003-01-01,oil_cum,16,70,0.32075608648291104,3694221.87352607,0.2949335765585283
Separate,History-conditioned,5,train,2003-01-01,oil_cum,17,70,0.33299667437767344,3997963.1063514883,0.30585514461884
Separate,History-conditioned,5,train,2003-01-01,oil_cum,18,70,0.34456249415684087,4302997.946500948,0.3160384665036562
Separate,History-conditioned,5,train,2003-01-01,oil_cum,19,70,0.35554757758403566,4609335.404180563,0.3255718409927785
Separate,History-conditioned,5,train,2003-01-01,oil_cum,20,70,0.36593751016449694,4913839.24478587,0.334454592920763
Separate,History-conditioned,5,train,2003-01-01,water_cum,1,70,0.019098761612540916,9326.216806793462,0.0022367688395311283
Separate,History-conditioned,5,train,2003-01-01,water_cum,2,70,0.04569640948283723,45205.963165412984,0.026734030673620034
Separate,History-conditioned,5,train,2003-01-01,water_cum,3,70,0.07601419405772172,114000.28446462523,0.05337623383631824
Separate,History-conditioned,5,train,2003-01-01,water_cum,4,70,0.10156581608032919,205643.4324979463,0.07465561751823105
Separate,History-conditioned,5,train,2003-01-01,water_cum,5,70,0.12391769261539881,317011.4389438207,0.09324585939850527
Separate,History-conditioned,5,train,2003-01-01,water_cum,6,70,0.1445453255720102,448790.5850361536,0.11067317269693434
Separate,History-conditioned,5,train,2003-01-01,water_cum,7,70,0.16388207987946965,601565.3758842556,0.12739095751161228
Separate,History-conditioned,5,train,2003-01-01,water_cum,8,70,0.18170924978785288,772380.5986398396,0.14313544941664927
Separate,History-conditioned,5,train,2003-01-01,water_cum,9,70,0.19792324891563073,956247.1678496043,0.1577381018522465
Separate,History-conditioned,5,train,2003-01-01,water_cum,10,70,0.21348849292628275,1159444.7011812273,0.17200866859875405
Separate,History-conditioned,5,train,2003-01-01,water_cum,11,70,0.22856474525539575,1382536.9394651854,0.18609164118012694
Separate,History-conditioned,5,train,2003-01-01,water_cum,12,70,0.24313480605736382,1623559.2998072738,0.1999011928358154
Separate,History-conditioned,5,train,2003-01-01,water_cum,13,70,0.2569557375260661,1876580.2151182983,0.2131249979999744
Separate,History-conditioned,5,train,2003-01-01,water_cum,14,70,0.27033878717175447,2148422.749092616,0.22597581207521897
Separate,History-conditioned,5,train,2003-01-01,water_cum,15,70,0.2833039267704365,2439235.1473599332,0.23845353170269476
Separate,History-conditioned,5,train,2003-01-01,water_cum,16,70,0.2958028049911869,2746179.7628153414,0.25051935131048636
Separate,History-conditioned,5,train,2003-01-01,water_cum,17,70,0.3077069623910216,3062529.8844099226,0.2620369257872926
Separate,History-conditioned,5,train,2003-01-01,water_cum,18,70,0.3192707930989092,3397050.3328918135,0.27323459281234064
Separate,History-conditioned,5,train,2003-01-01,water_cum,19,70,0.33055418512305706,3750289.904786958,0.28416655411258585
Separate,History-conditioned,5,train,2003-01-01,water_cum,20,70,0.3414945509833085,4118753.5801577037,0.2947680697607352
Separate,History-conditioned,5,validation,2003-01-01,gas_cum,1,15,0.0411287952044127,15998.092012283225,0.03689138350217475
Separate,History-conditioned,5,validation,2003-01-01,gas_cum,2,15,0.06930366240501085,52310.31089789123,0.06369417254611529
Separate,History-conditioned,5,validation,2003-01-01,gas_cum,3,15,0.09462033502180998,104294.30815263286,0.08738832896364238
Separate,History-conditioned,5,validation,2003-01-01,gas_cum,4,15,0.11615494523114961,166413.5795359299,0.10718442784870183
Separate,History-conditioned,5,validation,2003-01-01,gas_cum,5,15,0.13567209295969468,236631.57725392052,0.12492806840552838
Separate,History-conditioned,5,validation,2003-01-01,gas_cum,6,15,0.1545188095549936,315318.35185733705,0.14200232935027424
Separate,History-conditioned,5,validation,2003-01-01,gas_cum,7,15,0.1733231227977385,403083.2613451557,0.15908777073723893
Separate,History-conditioned,5,validation,2003-01-01,gas_cum,8,15,0.19193880016055073,498375.48763679777,0.17606207948528946
Separate,History-conditioned,5,validation,2003-01-01,gas_cum,9,15,0.21049470244932325,599364.9028740926,0.1931437077347025
Separate,History-conditioned,5,validation,2003-01-01,gas_cum,10,15,0.23051515689904734,711128.3896082101,0.21182065360666388
Separate,History-conditioned,5,validation,2003-01-01,gas_cum,11,15,0.2512269115015233,831821.1242409336,0.23126417379807485
Separate,History-conditioned,5,validation,2003-01-01,gas_cum,12,15,0.2713070274982661,956828.5145629263,0.2501086466336421
Separate,History-conditioned,5,validation,2003-01-01,gas_cum,13,15,0.28975680353392536,1080903.5877469184,0.2673426808670893
Separate,History-conditioned,5,validation,2003-01-01,gas_cum,14,15,0.3068434614859636,1206205.6324793722,0.2831922395169832
Separate,History-conditioned,5,validation,2003-01-01,gas_cum,15,15,0.3226061396325402,1332119.2018348791,0.2976842967279187
Separate,History-conditioned,5,validation,2003-01-01,gas_cum,16,15,0.3371485709549452,1457437.9057298258,0.3109219590304462
Separate,History-conditioned,5,validation,2003-01-01,gas_cum,17,15,0.35038075240367567,1579468.5880986415,0.322838159376354
Separate,History-conditioned,5,validation,2003-01-01,gas_cum,18,15,0.3629064514103977,1702284.1492306415,0.3339941217278685
Separate,History-conditioned,5,validation,2003-01-01,gas_cum,19,15,0.3748486642746749,1825966.4479572175,0.34451305067257537
Separate,History-conditioned,5,validation,2003-01-01,gas_cum,20,15,0.386218094301063,1949356.6102115263,0.3544198043626618
Separate,History-conditioned,5,validation,2003-01-01,oil_cum,1,15,0.04174444068606942,44670.25797162583,0.03740930310044142
Separate,History-conditioned,5,validation,2003-01-01,oil_cum,2,15,0.07015575507756373,145651.2855773643,0.06441003258939057
Separate,History-conditioned,5,validation,2003-01-01,oil_cum,3,15,0.09535148119501184,289120.8747150273,0.08800100960644683
Separate,History-conditioned,5,validation,2003-01-01,oil_cum,4,15,0.1166465892791793,459819.31039332156,0.10760328638020256
Separate,History-conditioned,5,validation,2003-01-01,oil_cum,5,15,0.1359405014883314,652484.9365626099,0.12517500333796977
Separate,History-conditioned,5,validation,2003-01-01,oil_cum,6,15,0.15455415145863327,868104.7244752418,0.14204079531511152
Separate,History-conditioned,5,validation,2003-01-01,oil_cum,7,15,0.1731009592609737,1108290.5841522492,0.15888817792093798
Separate,History-conditioned,5,validation,2003-01-01,oil_cum,8,15,0.19159410698189414,1369722.3151877094,0.17575607163717513
Separate,History-conditioned,5,validation,2003-01-01,oil_cum,9,15,0.21010604279242093,1647237.5579014805,0.19280845996610269
Separate,History-conditioned,5,validation,2003-01-01,oil_cum,10,15,0.2301127192610632,1954592.2624154354,0.2114868597577395
Separate,History-conditioned,5,validation,2003-01-01,oil_cum,11,15,0.2508505906637598,2286830.1391460346,0.230960709372504
Separate,History-conditioned,5,validation,2003-01-01,oil_cum,12,15,0.2709585437894832,2630996.264584212,0.24983073352189636
Separate,History-conditioned,5,validation,2003-01-01,oil_cum,13,15,0.2894287284660404,2972568.058769013,0.26708219528563454
Separate,History-conditioned,5,validation,2003-01-01,oil_cum,14,15,0.3065195788638347,3317396.532620824,0.28293558361188087
Separate,History-conditioned,5,validation,2003-01-01,oil_cum,15,15,0.32225949520999253,3663671.4192244867,0.2974107864590235
Separate,History-conditioned,5,validation,2003-01-01,oil_cum,16,15,0.33679575722208077,4008443.872510359,0.310647174080834
Separate,History-conditioned,5,validation,2003-01-01,oil_cum,17,15,0.3500466522570519,4344404.711380699,0.3225808610694748
Separate,History-conditioned,5,validation,2003-01-01,oil_cum,18,15,0.3625917402515565,4682549.034688425,0.33375299597069863
Separate,History-conditioned,5,validation,2003-01-01,oil_cum,19,15,0.37454108226803806,5022972.710752139,0.344276338169107
Separate,History-conditioned,5,validation,2003-01-01,oil_cum,20,15,0.38591302389977317,5362554.050264928,0.3541828291717672
Separate,History-conditioned,5,validation,2003-01-01,water_cum,1,15,0.01633309262453838,7540.135481206373,0.001108360457995604
Separate,History-conditioned,5,validation,2003-01-01,water_cum,2,15,0.041669984616137294,39013.24287133444,0.024459714786420502
Separate,History-conditioned,5,validation,2003-01-01,water_cum,3,15,0.07101828392960313,100951.66217476543,0.049275783737514935
Separate,History-conditioned,5,validation,2003-01-01,water_cum,4,15,0.09545384210042518,183573.74224175248,0.0679704823089416
Separate,History-conditioned,5,validation,2003-01-01,water_cum,5,15,0.1165175123368577,283796.4859831571,0.0836023036241654
Separate,History-conditioned,5,validation,2003-01-01,water_cum,6,15,0.13562840604284443,401931.16602831014,0.09790517372792745
Separate,History-conditioned,5,validation,2003-01-01,water_cum,7,15,0.15347331053985105,538960.4698857055,0.11169695836567801
Separate,History-conditioned,5,validation,2003-01-01,water_cum,8,15,0.17001828719335946,692757.3873074251,0.12491942585785334
Separate,History-conditioned,5,validation,2003-01-01,water_cum,9,15,0.1852152481002915,859148.8894659322,0.13746679107677057
Separate,History-conditioned,5,validation,2003-01-01,water_cum,10,15,0.19992342688650144,1043826.8352947766,0.1499982898131942
Separate,History-conditioned,5,validation,2003-01-01,water_cum,11,15,0.2142998701005811,1247511.4687781716,0.1626258342793369
Separate,History-conditioned,5,validation,2003-01-01,water_cum,12,15,0.22831245856921878,1468481.9843254988,0.175272973960614
Separate,History-conditioned,5,validation,2003-01-01,water_cum,13,15,0.2416446497825398,1700993.2564411997,0.18753269857383856
Separate,History-conditioned,5,validation,2003-01-01,water_cum,14,15,0.2544950945575911,1950677.579054637,0.199507261103484
Separate,History-conditioned,5,validation,2003-01-01,water_cum,15,15,0.2668374141452458,2217319.913403222,0.21111224089817893
Separate,History-conditioned,5,validation,2003-01-01,water_cum,16,15,0.27862213475863706,2498150.290447702,0.22229754072157962
Separate,History-conditioned,5,validation,2003-01-01,water_cum,17,15,0.2898101486639406,2787475.1979404883,0.23299394407933743
Separate,History-conditioned,5,validation,2003-01-01,water_cum,18,15,0.3007043232403165,3093820.328050092,0.24343216378751062
Separate,History-conditioned,5,validation,2003-01-01,water_cum,19,15,0.3113778626517668,3417895.9597084695,0.25366980830127295
Separate,History-conditioned,5,validation,2003-01-01,water_cum,20,15,0.32176237164382476,3756509.707632601,0.2636303788626797
Separate,Input-only PolyRidge,3,train,2003-01-01,gas_cum,1,70,0.05388398054057057,20337.753253912193,0.03708248577952826
Separate,Input-only PolyRidge,3,train,2003-01-01,gas_cum,2,70,0.06840737338774167,50065.38917309987,0.0638074932668966
Separate,Input-only PolyRidge,3,train,2003-01-01,gas_cum,3,70,0.09197770359943808,98256.01684943763,0.08692685611332786
Separate,Input-only PolyRidge,3,train,2003-01-01,gas_cum,4,70,0.1124597299735246,156114.33848631516,0.1058494230285516
Separate,Input-only PolyRidge,3,train,2003-01-01,gas_cum,5,70,0.13078360502854444,221010.47900372345,0.12248992086226983
Separate,Input-only PolyRidge,3,train,2003-01-01,gas_cum,6,70,0.1481724620989038,293011.11033171514,0.13819820146436917
Separate,Input-only PolyRidge,3,train,2003-01-01,gas_cum,7,70,0.16538435099541368,372799.75373048615,0.1538099581747049
Separate,Input-only PolyRidge,3,train,2003-01-01,gas_cum,8,70,0.18231893389415352,458957.14056642825,0.1692537802157824
Separate,Input-only PolyRidge,3,train,2003-01-01,gas_cum,9,70,0.1993446422919216,550351.0377890528,0.18497249235607807
Separate,Input-only PolyRidge,3,train,2003-01-01,gas_cum,10,70,0.21796346395248054,651906.4908528754,0.20242858053448673
Separate,Input-only PolyRidge,3,train,2003-01-01,gas_cum,11,70,0.23736742746056116,761819.3863151307,0.22075908593668614
Separate,Input-only PolyRidge,3,train,2003-01-01,gas_cum,12,70,0.25623894067627284,875709.534941766,0.23857681818372545
Separate,Input-only PolyRidge,3,train,2003-01-01,oil_cum,1,70,0.05543476917789654,57579.67341302851,0.037201256229621976
Separate,Input-only PolyRidge,3,train,2003-01-01,oil_cum,2,70,0.06891173378246701,138798.2166227357,0.06394284873104336
Separate,Input-only PolyRidge,3,train,2003-01-01,oil_cum,3,70,0.092199597067462,271079.5306679624,0.0869980939147756
Separate,Input-only PolyRidge,3,train,2003-01-01,oil_cum,4,70,0.11255799083523586,430065.04852217383,0.10588364318436592
Separate,Input-only PolyRidge,3,train,2003-01-01,oil_cum,5,70,0.13078434896016344,608347.556159503,0.12247302512648421
Separate,Input-only PolyRidge,3,train,2003-01-01,oil_cum,6,70,0.14808241186151494,806090.7129626388,0.13811740955229684
Separate,Input-only PolyRidge,3,train,2003-01-01,oil_cum,7,70,0.16523744713216237,1025344.4838331424,0.15369227095470714
Separate,Input-only PolyRidge,3,train,2003-01-01,oil_cum,8,70,0.1821332816723774,1262176.4835991235,0.16911339106841722
Separate,Input-only PolyRidge,3,train,2003-01-01,oil_cum,9,70,0.1991244000412211,1513420.262069566,0.18481019444155974
Separate,Input-only PolyRidge,3,train,2003-01-01,oil_cum,10,70,0.21771907559801254,1792685.474364552,0.20225143584346802
Separate,Input-only PolyRidge,3,train,2003-01-01,oil_cum,11,70,0.23712674529124192,2095148.0812655108,0.2205893402667867
Separate,Input-only PolyRidge,3,train,2003-01-01,oil_cum,12,70,0.2560161499360954,2408678.985571254,0.23842447396833769
Separate,Input-only PolyRidge,3,train,2003-01-01,water_cum,1,70,0.06916845837636265,33776.0139686777,-0.005873838575444635
Separate,Input-only PolyRidge,3,train,2003-01-01,water_cum,2,70,0.04704423792040443,46539.32575104114,0.021478589080014356
Separate,Input-only PolyRidge,3,train,2003-01-01,water_cum,3,70,0.06758913288268052,101365.02097873947,0.04871084441247669
Separate,Input-only PolyRidge,3,train,2003-01-01,water_cum,4,70,0.09151418552773583,185291.5868789274,0.07004669922629235
Separate,Input-only PolyRidge,3,train,2003-01-01,water_cum,5,70,0.11362157645588421,290671.48271665926,0.08849290180114612
Separate,Input-only PolyRidge,3,train,2003-01-01,water_cum,6,70,0.1342918421931513,416955.125909085,0.10568379869376657
Separate,Input-only PolyRidge,3,train,2003-01-01,water_cum,7,70,0.15372160375680338,564269.1038184504,0.12211605638361511
Separate,Input-only PolyRidge,3,train,2003-01-01,water_cum,8,70,0.17161976868149986,729493.8470518572,0.1375527880421975
Separate,Input-only PolyRidge,3,train,2003-01-01,water_cum,9,70,0.1878661794655554,907657.4027199869,0.1518448592249526
Separate,Input-only PolyRidge,3,train,2003-01-01,water_cum,10,70,0.20342342380458525,1104781.843711881,0.16579754067296948
Separate,Input-only PolyRidge,3,train,2003-01-01,water_cum,11,70,0.21844552858201075,1321328.0647816716,0.17955883139398127
Separate,Input-only PolyRidge,3,train,2003-01-01,water_cum,12,70,0.23292114924645396,1555356.4876748133,0.19304868532031147
Separate,Input-only PolyRidge,3,train,2004-01-01,gas_cum,1,70,0.07385537259023725,22283.864927117276,0.01423104754390286
Separate,Input-only PolyRidge,3,train,2004-01-01,gas_cum,2,70,0.0412902305580631,24333.897059657233,0.016931373239771997
Separate,Input-only PolyRidge,3,train,2004-01-01,gas_cum,3,70,0.03335757955081152,28887.31237099442,0.01976739270658236
Separate,Input-only PolyRidge,3,train,2004-01-01,gas_cum,4,70,0.03209562979245967,36242.164239962745,0.022598333265851686
Separate,Input-only PolyRidge,3,train,2004-01-01,gas_cum,5,70,0.03429978138388297,47082.77150367411,0.026597268505451858
Separate,Input-only PolyRidge,3,train,2004-01-01,gas_cum,6,70,0.03963020545090694,63519.77699879448,0.03303057364898087
Separate,Input-only PolyRidge,3,train,2004-01-01,gas_cum,7,70,0.046161286259026824,84078.68389079705,0.04014577526415762
Separate,Input-only PolyRidge,3,train,2004-01-01,gas_cum,8,70,0.05194213513929607,105420.0231202469,0.04613734764199271
Separate,Input-only PolyRidge,3,train,2004-01-01,gas_cum,9,70,0.05601324016466078,124675.43949994748,0.05019179161211531
Separate,Input-only PolyRidge,3,train,2004-01-01,gas_cum,10,70,0.058209082419788886,140805.0467017486,0.052202333458185084
Separate,Input-only PolyRidge,3,train,2004-01-01,gas_cum,11,70,0.05867518770826793,153125.8221696435,0.05235281225279397
Separate,Input-only PolyRidge,3,train,2004-01-01,gas_cum,12,70,0.05790038897711983,161880.50832461382,0.051180334878647725
Separate,Input-only PolyRidge,3,train,2004-01-01,oil_cum,1,70,0.07682890019602114,63823.803189480255,0.014123452145239272
Separate,Input-only PolyRidge,3,train,2004-01-01,oil_cum,2,70,0.04264709011832948,69205.51352118173,0.01671314781221447
Separate,Input-only PolyRidge,3,train,2004-01-01,oil_cum,3,70,0.03404760916125657,81187.56337787246,0.019536762278570183
Separate,Input-only PolyRidge,3,train,2004-01-01,oil_cum,4,70,0.03241769345127596,100794.790302002,0.022373260147344455
Separate,Input-only PolyRidge,3,train,2004-01-01,oil_cum,5,70,0.03439314692358281,129996.67123256845,0.026368501733654386
Separate,Input-only PolyRidge,3,train,2004-01-01,oil_cum,6,70,0.03958063228982386,174684.28680965188,0.032804443784593684
Separate,Input-only PolyRidge,3,train,2004-01-01,oil_cum,7,70,0.04606062075614329,230999.8613888615,0.03995139143261864
Separate,Input-only PolyRidge,3,train,2004-01-01,oil_cum,8,70,0.05183777506919485,289671.14009812113,0.04598294043241603
Separate,Input-only PolyRidge,3,train,2004-01-01,oil_cum,9,70,0.05590695772789957,342609.51544235175,0.05006388240506268
Separate,Input-only PolyRidge,3,train,2004-01-01,oil_cum,10,70,0.05808086646978167,386815.12691524974,0.052074986848972646
Separate,Input-only PolyRidge,3,train,2004-01-01,oil_cum,11,70,0.05851341567325986,420436.00814440474,0.05220821617519529
Separate,Input-only PolyRidge,3,train,2004-01-01,oil_cum,12,70,0.05773033191113004,444394.5342445312,0.051031890980643715
Separate,Input-only PolyRidge,3,train,2004-01-01,water_cum,1,70,0.06658560167414573,35556.786175464054,-0.009647013387391629
Separate,Input-only PolyRidge,3,train,2004-01-01,water_cum,2,70,0.048412250104466065,52340.80019351894,-0.004485228556921651
Separate,Input-only PolyRidge,3,train,2004-01-01,water_cum,3,70,0.05173399176058899,85235.61089774447,-0.0021505135853639966
Separate,Input-only PolyRidge,3,train,2004-01-01,water_cum,4,70,0.05826284154996854,129810.07133340983,-0.0010526248067849024
Separate,Input-only PolyRidge,3,train,2004-01-01,water_cum,5,70,0.06480130823790009,182041.71591748626,-0.0006095903660405413
Separate,Input-only PolyRidge,3,train,2004-01-01,water_cum,6,70,0.07104685626170659,242212.28250604757,-0.0003191163021948964
Separate,Input-only PolyRidge,3,train,2004-01-01,water_cum,7,70,0.07696755830604324,309978.1991572061,-4.2709840857463716e-05
Separate,Input-only PolyRidge,3,train,2004-01-01,water_cum,8,70,0.0824737170024982,384042.339870905,0.00023516814815276185
Separate,Input-only PolyRidge,3,train,2004-01-01,water_cum,9,70,0.08741759478415219,461769.2814958076,0.0004350135636614763
Separate,Input-only PolyRidge,3,train,2004-01-01,water_cum,10,70,0.09198564054023521,545163.9991255086,0.00028308968076103705
Separate,Input-only PolyRidge,3,train,2004-01-01,water_cum,11,70,0.09619947201914551,633923.2493463247,-0.0002023871433743754
Separate,Input-only PolyRidge,3,train,2004-01-01,water_cum,12,70,0.10007500973201819,726921.0328776502,-0.0009040584711496213
Separate,Input-only PolyRidge,3,train,2005-01-01,gas_cum,1,70,0.11768853933817679,28659.3508133441,0.020946069473290713
Separate,Input-only PolyRidge,3,train,2005-01-01,gas_cum,2,70,0.07234223247809758,34268.24086543616,0.03151451303858907
Separate,Input-only PolyRidge,3,train,2005-01-01,gas_cum,3,70,0.06314351628152083,43718.60219409834,0.0391834018465724
Separate,Input-only PolyRidge,3,train,2005-01-01,gas_cum,4,70,0.06040412370499518,54400.8112712285,0.04273600439769726
Separate,Input-only PolyRidge,3,train,2005-01-01,gas_cum,5,70,0.05793221757577004,63549.656190895286,0.04246807365130652
Separate,Input-only PolyRidge,3,train,2005-01-01,gas_cum,6,70,0.05424557457666662,69987.64883112379,0.03885481822506075
Separate,Input-only PolyRidge,3,train,2005-01-01,gas_cum,7,70,0.049603280937707356,73465.91376611195,0.032754192076939505
Separate,Input-only PolyRidge,3,train,2005-01-01,gas_cum,8,70,0.04504113947133636,75096.85113231598,0.025348105593642953
Separate,Input-only PolyRidge,3,train,2005-01-01,gas_cum,9,70,0.04140550244950297,76394.44116946193,0.017368701147784014
Separate,Input-only PolyRidge,3,train,2005-01-01,gas_cum,10,70,0.03924497945108412,79291.34253386274,0.008847723256396886
Separate,Input-only PolyRidge,3,train,2005-01-01,gas_cum,11,70,0.039090925585009956,85743.4012901123,-4.26398591784792e-05
Separate,Input-only PolyRidge,3,train,2005-01-01,gas_cum,12,70,0.0410686572386039,97011.52271293082,-0.009059023453961144
Separate,Input-only PolyRidge,3,train,2005-01-01,oil_cum,1,70,0.11930118780244696,79997.36738377248,0.020698712675123455
Separate,Input-only PolyRidge,3,train,2005-01-01,oil_cum,2,70,0.07297580087567067,95185.13443673632,0.03131921400842371
Separate,Input-only PolyRidge,3,train,2005-01-01,oil_cum,3,70,0.06347714268542878,121005.77769548474,0.03908511202586452
Separate,Input-only PolyRidge,3,train,2005-01-01,oil_cum,4,70,0.060660185255614125,150403.2343024675,0.042722759358368
Separate,Input-only PolyRidge,3,train,2005-01-01,oil_cum,5,70,0.05816693514231687,175657.22065668207,0.042496160103084844
Separate,Input-only PolyRidge,3,train,2005-01-01,oil_cum,6,70,0.05445948957692933,193434.24969120763,0.03887113910228878
Separate,Input-only PolyRidge,3,train,2005-01-01,oil_cum,7,70,0.049804260208841974,203078.19419516923,0.03273104057964178
Separate,Input-only PolyRidge,3,train,2005-01-01,oil_cum,8,70,0.04524427194712405,207683.6115139591,0.025312812666201105
Separate,Input-only PolyRidge,3,train,2005-01-01,oil_cum,9,70,0.04161217545508448,211370.35987305798,0.017344930910703136
Separate,Input-only PolyRidge,3,train,2005-01-01,oil_cum,10,70,0.03944234318438077,219389.61285786718,0.008839449562533956
Separate,Input-only PolyRidge,3,train,2005-01-01,oil_cum,11,70,0.03926580104945885,237107.00583297192,-3.898560112656902e-05
Separate,Input-only PolyRidge,3,train,2005-01-01,oil_cum,12,70,0.04121408207840338,268015.519417876,-0.00904946508865643
Separate,Input-only PolyRidge,3,train,2005-01-01,water_cum,1,70,0.0782833383773959,45504.86779293296,-0.017546942641495623
Separate,Input-only PolyRidge,3,train,2005-01-01,water_cum,2,70,0.05144971884975421,60778.04790413556,-0.01771837000728941
Separate,Input-only PolyRidge,3,train,2005-01-01,water_cum,3,70,0.0525256085893168,94523.15531611907,-0.019949649127332224
Separate,Input-only PolyRidge,3,train,2005-01-01,water_cum,4,70,0.05943422453482941,144351.87115497503,-0.02245535335715199
Separate,Input-only PolyRidge,3,train,2005-01-01,water_cum,5,70,0.06724988312365345,205421.8004028339,-0.024997195459866207
Separate,Input-only PolyRidge,3,train,2005-01-01,water_cum,6,70,0.07517030465560691,278049.44328493485,-0.027986466733356734
Separate,Input-only PolyRidge,3,train,2005-01-01,water_cum,7,70,0.08286235884476013,361447.16034848476,-0.031276941881006916
Separate,Input-only PolyRidge,3,train,2005-01-01,water_cum,8,70,0.09014351738352694,453975.40565067733,-0.0346280812573982
Separate,Input-only PolyRidge,3,train,2005-01-01,water_cum,9,70,0.09680552727623146,552305.6610287052,-0.03781604661970135
Separate,Input-only PolyRidge,3,train,2005-01-01,water_cum,10,70,0.10321289891501265,659822.0449176171,-0.0411767841938054
Separate,Input-only PolyRidge,3,train,2005-01-01,water_cum,11,70,0.10935723955973851,776271.0428520931,-0.04462153441992121
Separate,Input-only PolyRidge,3,train,2005-01-01,water_cum,12,70,0.11520103198006908,900205.5871542075,-0.048049525096736434
Separate,Input-only PolyRidge,3,validation,2003-01-01,gas_cum,1,15,0.08176177056228921,31803.32227194329,0.014274712655245984
Separate,Input-only PolyRidge,3,validation,2003-01-01,gas_cum,2,15,0.06802644433855781,51346.26842420327,0.05109801713077969
Separate,Input-only PolyRidge,3,validation,2003-01-01,gas_cum,3,15,0.08704472698184808,95944.17074103699,0.07814749563125505
Separate,Input-only PolyRidge,3,validation,2003-01-01,gas_cum,4,15,0.10745492525638024,153949.18154448562,0.09962605146540764
Separate,Input-only PolyRidge,3,validation,2003-01-01,gas_cum,5,15,0.12664352464231368,220884.45996045225,0.11837153100456849
Separate,Input-only PolyRidge,3,validation,2003-01-01,gas_cum,6,15,0.1453672347740563,296643.21783879993,0.13611321329789602
Separate,Input-only PolyRidge,3,validation,2003-01-01,gas_cum,7,15,0.16413967396782111,381726.0734235003,0.15367617034123499
Separate,Input-only PolyRidge,3,validation,2003-01-01,gas_cum,8,15,0.18274735408415602,474509.59175447037,0.171002930583212
Separate,Input-only PolyRidge,3,validation,2003-01-01,gas_cum,9,15,0.20130061893687667,573185.5695828877,0.18834542441123026
Separate,Input-only PolyRidge,3,validation,2003-01-01,gas_cum,10,15,0.22131949759398672,682760.2142527937,0.20722225667914815
Separate,Input-only PolyRidge,3,validation,2003-01-01,gas_cum,11,15,0.2420179786080539,801330.0241166597,0.22682184423152343
Separate,Input-only PolyRidge,3,validation,2003-01-01,gas_cum,12,15,0.26206621341213593,924238.5942172745,0.2457905948606004
Separate,Input-only PolyRidge,3,validation,2003-01-01,oil_cum,1,15,0.08459012507276051,90518.94448099022,0.014354733957200154
Separate,Input-only PolyRidge,3,validation,2003-01-01,oil_cum,2,15,0.06959528830196939,144487.69313511255,0.05158752890212696
Separate,Input-only PolyRidge,3,validation,2003-01-01,oil_cum,3,15,0.08800702382127976,266851.31042941514,0.07860744744281394
Separate,Input-only PolyRidge,3,validation,2003-01-01,oil_cum,4,15,0.10802007239324546,425813.69505473005,0.09992988348735186
Separate,Input-only PolyRidge,3,validation,2003-01-01,oil_cum,5,15,0.12692238800384437,609199.9468765521,0.11852597820175359
Separate,Input-only PolyRidge,3,validation,2003-01-01,oil_cum,6,15,0.1453720495312749,816530.3993049051,0.13607457628238653
Separate,Input-only PolyRidge,3,validation,2003-01-01,oil_cum,7,15,0.16386614080409886,1049164.0351960454,0.15341085043580238
Separate,Input-only PolyRidge,3,validation,2003-01-01,oil_cum,8,15,0.18234811024386746,1303621.9102341025,0.17063927040105514
Separate,Input-only PolyRidge,3,validation,2003-01-01,oil_cum,9,15,0.20086030208756991,1574750.6787178302,0.1879584113431731
Separate,Input-only PolyRidge,3,validation,2003-01-01,oil_cum,10,15,0.22087047241328486,1876088.0222586521,0.20684132650203918
Separate,Input-only PolyRidge,3,validation,2003-01-01,oil_cum,11,15,0.24159866283461104,2202486.756302416,0.22647495429484846
Separate,Input-only PolyRidge,3,validation,2003-01-01,oil_cum,12,15,0.2616771291662762,2540874.1120873815,0.24547238482485523
Separate,Input-only PolyRidge,3,validation,2003-01-01,water_cum,1,15,0.05188907279586688,23954.47377107335,-0.01856233453802998
Separate,Input-only PolyRidge,3,validation,2003-01-01,water_cum,2,15,0.029511477763895407,27629.922595386925,0.010880357052071153
Separate,Input-only PolyRidge,3,validation,2003-01-01,water_cum,3,15,0.05462276682650768,77645.62586708792,0.03713548895734258
Separate,Input-only PolyRidge,3,validation,2003-01-01,water_cum,4,15,0.07962855712446322,153139.06595053404,0.05616786933853198
Separate,Input-only PolyRidge,3,validation,2003-01-01,water_cum,5,15,0.10153054432208612,247293.39925540585,0.07170277726301381
Separate,Input-only PolyRidge,3,validation,2003-01-01,water_cum,6,15,0.12132148024894535,359532.97280022013,0.0856950791040589
Separate,Input-only PolyRidge,3,validation,2003-01-01,water_cum,7,15,0.13961294875044727,490286.2927501102,0.09904975559909347
Separate,Input-only PolyRidge,3,validation,2003-01-01,water_cum,8,15,0.156369835413556,637145.3354990517,0.11176117665985844
Separate,Input-only PolyRidge,3,validation,2003-01-01,water_cum,9,15,0.17158990874517735,795945.6959081099,0.12376229658591648
Separate,Input-only PolyRidge,3,validation,2003-01-01,water_cum,10,15,0.18619473606904335,972147.5123064645,0.13570809312132792
Separate,Input-only PolyRidge,3,validation,2003-01-01,water_cum,11,15,0.20036272368032165,1166378.661776684,0.1477181952655772
Separate,Input-only PolyRidge,3,validation,2003-01-01,water_cum,12,15,0.2140685508514453,1376866.6515441572,0.15972837461144523
Separate,Input-only PolyRidge,3,validation,2004-01-01,gas_cum,1,15,0.1335372636930716,41592.522953646956,-0.03129214451066145
Separate,Input-only PolyRidge,3,validation,2004-01-01,gas_cum,2,15,0.06785994488248184,41257.503161641616,-0.007327837205495762
Separate,Input-only PolyRidge,3,validation,2004-01-01,gas_cum,3,15,0.046141569500119994,41202.509866064735,0.0033509118042336873
Separate,Input-only PolyRidge,3,validation,2004-01-01,gas_cum,4,15,0.03707131348448638,43146.70956277326,0.010581776278151121
Separate,Input-only PolyRidge,3,validation,2004-01-01,gas_cum,5,15,0.034519143956905425,48836.76931787257,0.01722256495371975
Separate,Input-only PolyRidge,3,validation,2004-01-01,gas_cum,6,15,0.03688647414740695,60948.701193537156,0.025355915709646286
Separate,Input-only PolyRidge,3,validation,2004-01-01,gas_cum,7,15,0.04194463923692839,78790.39176329346,0.033618936028261506
Separate,Input-only PolyRidge,3,validation,2004-01-01,gas_cum,8,15,0.04714706105872248,98734.0169731583,0.040423291948691334
Separate,Input-only PolyRidge,3,validation,2004-01-01,gas_cum,9,15,0.05107888420415523,117371.8650493516,0.04511203120611137
Separate,Input-only PolyRidge,3,validation,2004-01-01,gas_cum,10,15,0.053334695354621965,133258.4496583628,0.04767594641471876
Separate,Input-only PolyRidge,3,validation,2004-01-01,gas_cum,11,15,0.05400080110624537,145630.20846539972,0.048386727440659145
Separate,Input-only PolyRidge,3,validation,2004-01-01,gas_cum,12,15,0.05346437041623884,154536.98589343656,0.04772130211239706
Separate,Input-only PolyRidge,3,validation,2004-01-01,oil_cum,1,15,0.1367661451085072,117320.91917712455,-0.031123263391954828
Separate,Input-only PolyRidge,3,validation,2004-01-01,oil_cum,2,15,0.06950116142428223,116407.3159337501,-0.007731268763377085
Separate,Input-only PolyRidge,3,validation,2004-01-01,oil_cum,3,15,0.04707589831620793,115837.6467408177,0.0025635704168552155
Separate,Input-only PolyRidge,3,validation,2004-01-01,oil_cum,4,15,0.03752068029445282,120336.28436833785,0.009747900901995243
Separate,Input-only PolyRidge,3,validation,2004-01-01,oil_cum,5,15,0.03457899002773912,134795.0008422494,0.016453136674726254
Separate,Input-only PolyRidge,3,validation,2004-01-01,oil_cum,6,15,0.036635758947428,166775.36208300517,0.024669684893200223
Separate,Input-only PolyRidge,3,validation,2004-01-01,oil_cum,7,15,0.04157023101681161,215107.69677149417,0.03303558847537685
Separate,Input-only PolyRidge,3,validation,2004-01-01,oil_cum,8,15,0.04674723313705386,269652.3291700441,0.03991788509569951
Separate,Input-only PolyRidge,3,validation,2004-01-01,oil_cum,9,15,0.050684431575092,320777.84370588453,0.04466207019576749
Separate,Input-only PolyRidge,3,validation,2004-01-01,oil_cum,10,15,0.05293600588857191,364272.5284927661,0.047257889722268846
Separate,Input-only PolyRidge,3,validation,2004-01-01,oil_cum,11,15,0.05356874145902152,397878.50901361863,0.047971917742312006
Separate,Input-only PolyRidge,3,validation,2004-01-01,oil_cum,12,15,0.053028951234418295,422142.7425963212,0.04732652111845113
Separate,Input-only PolyRidge,3,validation,2004-01-01,water_cum,1,15,0.04707191781119157,24153.759251737847,-0.010468228257935617
Separate,Input-only PolyRidge,3,validation,2004-01-01,water_cum,2,15,0.03325158972481503,34637.17610615766,-0.006407496203164142
Separate,Input-only PolyRidge,3,validation,2004-01-01,water_cum,3,15,0.035567782721851265,56577.640777629655,-0.004907572759629585
Separate,Input-only PolyRidge,3,validation,2004-01-01,water_cum,4,15,0.0403608618038414,86948.22124107937,-0.004239585094549301
Separate,Input-only PolyRidge,3,validation,2004-01-01,water_cum,5,15,0.045298302723782664,123164.8606740133,-0.0038873119574777738
Separate,Input-only PolyRidge,3,validation,2004-01-01,water_cum,6,15,0.05001392881880164,165149.405697562,-0.003485014556047682
Separate,Input-only PolyRidge,3,validation,2004-01-01,water_cum,7,15,0.05441032781243802,212354.17454278868,-0.002929606148604148
Separate,Input-only PolyRidge,3,validation,2004-01-01,water_cum,8,15,0.05854303033016376,264256.35220530495,-0.0021987596720730623
Separate,Input-only PolyRidge,3,validation,2004-01-01,water_cum,9,15,0.0623829205561896,319503.40450817737,-0.001502944932312701
Separate,Input-only PolyRidge,3,validation,2004-01-01,water_cum,10,15,0.06620801748212182,380543.0649717826,-0.0011646334834124
Separate,Input-only PolyRidge,3,validation,2004-01-01,water_cum,11,15,0.06998694139124768,447410.3465702742,-0.0012393216735687063
Separate,Input-only PolyRidge,3,validation,2004-01-01,water_cum,12,15,0.07369046380176893,519483.1047181521,-0.0016131328650214108
Separate,Input-only PolyRidge,3,validation,2005-01-01,gas_cum,1,15,0.20443991699483371,51294.947854570135,-0.05339806382384641
Separate,Input-only PolyRidge,3,validation,2005-01-01,gas_cum,2,15,0.10678710445207644,52164.69200481999,-0.009400352697795673
Separate,Input-only PolyRidge,3,validation,2005-01-01,gas_cum,3,15,0.0768618307348864,54928.77197755829,0.008910757903853228
Separate,Input-only PolyRidge,3,validation,2005-01-01,gas_cum,4,15,0.06430692237109428,59833.45344704279,0.01745405545177755
Separate,Input-only PolyRidge,3,validation,2005-01-01,gas_cum,5,15,0.057579745309516275,65306.1955874593,0.020022449083901682
Separate,Input-only PolyRidge,3,validation,2005-01-01,gas_cum,6,15,0.05259250881092201,70207.91949609856,0.018312527804277612
Separate,Input-only PolyRidge,3,validation,2005-01-01,gas_cum,7,15,0.0485035835813863,74371.00073594181,0.013691100000042684
Separate,Input-only PolyRidge,3,validation,2005-01-01,gas_cum,8,15,0.04560681400664064,78765.15651757008,0.007393907614289505
Separate,Input-only PolyRidge,3,validation,2005-01-01,gas_cum,9,15,0.04426180042174487,84638.35826542143,0.00021139032549509276
Separate,Input-only PolyRidge,3,validation,2005-01-01,gas_cum,10,15,0.044735918577080126,93730.82495106895,-0.007710138017382343
Separate,Input-only PolyRidge,3,validation,2005-01-01,gas_cum,11,15,0.04711865008582879,107235.7155118527,-0.016103262708971926
Separate,Input-only PolyRidge,3,validation,2005-01-01,gas_cum,12,15,0.05111306167927982,125334.35535722827,-0.02465376225527401
Separate,Input-only PolyRidge,3,validation,2005-01-01,oil_cum,1,15,0.2094650219793071,144744.55476098487,-0.056917422446883005
Separate,Input-only PolyRidge,3,validation,2005-01-01,oil_cum,2,15,0.1092570531081603,146970.40473415895,-0.01128202211157224
Separate,Input-only PolyRidge,3,validation,2005-01-01,oil_cum,3,15,0.07840557118807683,154271.17770056153,0.007690867042324519
Separate,Input-only PolyRidge,3,validation,2005-01-01,oil_cum,4,15,0.06539619267440999,167512.8271420956,0.01656703681301267
Separate,Input-only PolyRidge,3,validation,2005-01-01,oil_cum,5,15,0.05846496862660844,182545.52781061523,0.019322700010435193
Separate,Input-only PolyRidge,3,validation,2005-01-01,oil_cum,6,15,0.05341313467685942,196291.60083377632,0.01771439856877795
Separate,Input-only PolyRidge,3,validation,2005-01-01,oil_cum,7,15,0.04934221759219056,208286.51243323772,0.013126033568986494
Separate,Input-only PolyRidge,3,validation,2005-01-01,oil_cum,8,15,0.046495489093868414,221070.97713945425,0.006881229740757732
Separate,Input-only PolyRidge,3,validation,2005-01-01,oil_cum,9,15,0.04516940012602055,237785.42636057126,-0.00022893878044771569
Separate,Input-only PolyRidge,3,validation,2005-01-01,oil_cum,10,15,0.04562495109583955,263159.6859025724,-0.008092291614978958
Separate,Input-only PolyRidge,3,validation,2005-01-01,oil_cum,11,15,0.04796282857752496,300496.7745315327,-0.016453977748797484
Separate,Input-only PolyRidge,3,validation,2005-01-01,oil_cum,12,15,0.05189648431820093,350320.2723889483,-0.024984731014568336
Separate,Input-only PolyRidge,3,validation,2005-01-01,water_cum,1,15,0.05476455100107138,30931.001262750542,-0.018686311112962165
Separate,Input-only PolyRidge,3,validation,2005-01-01,water_cum,2,15,0.036984297873267784,42457.857395175786,-0.016069569490228183
Separate,Input-only PolyRidge,3,validation,2005-01-01,water_cum,3,15,0.039080847750861465,68346.75685989145,-0.016202065452914624
Separate,Input-only PolyRidge,3,validation,2005-01-01,water_cum,4,15,0.0455312177985751,107453.5463193938,-0.016700776835698008
Separate,Input-only PolyRidge,3,validation,2005-01-01,water_cum,5,15,0.052704163367718784,156417.3808690608,-0.017438930350923653
Separate,Input-only PolyRidge,3,validation,2005-01-01,water_cum,6,15,0.06012698165975509,216092.7965752346,-0.0187776700925254
Separate,Input-only PolyRidge,3,validation,2005-01-01,water_cum,7,15,0.06753181524912374,286272.61217800964,-0.020623710589401694
Separate,Input-only PolyRidge,3,validation,2005-01-01,water_cum,8,15,0.07474084298865308,365922.64408650476,-0.02270281870287852
Separate,Input-only PolyRidge,3,validation,2005-01-01,water_cum,9,15,0.08154225664022932,452428.01606448303,-0.024695648727314338
Separate,Input-only PolyRidge,3,validation,2005-01-01,water_cum,10,15,0.08815770648847122,548250.941052316,-0.02684809480555249
Separate,Input-only PolyRidge,3,validation,2005-01-01,water_cum,11,15,0.09452707898338572,652933.3091673258,-0.029061711265820196
Separate,Input-only PolyRidge,3,validation,2005-01-01,water_cum,12,15,0.10058037277443097,764990.2346489426,-0.03126718466433016
Separate,Input-only PolyRidge,5,train,2003-01-01,gas_cum,1,70,0.05388398054057057,20337.753253912193,0.03708248577952826
Separate,Input-only PolyRidge,5,train,2003-01-01,gas_cum,2,70,0.06840737338774167,50065.38917309987,0.0638074932668966
Separate,Input-only PolyRidge,5,train,2003-01-01,gas_cum,3,70,0.09197770359943808,98256.01684943763,0.08692685611332786
Separate,Input-only PolyRidge,5,train,2003-01-01,gas_cum,4,70,0.1124597299735246,156114.33848631516,0.1058494230285516
Separate,Input-only PolyRidge,5,train,2003-01-01,gas_cum,5,70,0.13078360502854444,221010.47900372345,0.12248992086226983
Separate,Input-only PolyRidge,5,train,2003-01-01,gas_cum,6,70,0.1481724620989038,293011.11033171514,0.13819820146436917
Separate,Input-only PolyRidge,5,train,2003-01-01,gas_cum,7,70,0.16538435099541368,372799.75373048615,0.1538099581747049
Separate,Input-only PolyRidge,5,train,2003-01-01,gas_cum,8,70,0.18231893389415352,458957.14056642825,0.1692537802157824
Separate,Input-only PolyRidge,5,train,2003-01-01,gas_cum,9,70,0.1993446422919216,550351.0377890528,0.18497249235607807
Separate,Input-only PolyRidge,5,train,2003-01-01,gas_cum,10,70,0.21796346395248054,651906.4908528754,0.20242858053448673
Separate,Input-only PolyRidge,5,train,2003-01-01,gas_cum,11,70,0.23736742746056116,761819.3863151307,0.22075908593668614
Separate,Input-only PolyRidge,5,train,2003-01-01,gas_cum,12,70,0.25623894067627284,875709.534941766,0.23857681818372545
Separate,Input-only PolyRidge,5,train,2003-01-01,gas_cum,13,70,0.27354869095389367,988533.8218708788,0.25483717594650857
Separate,Input-only PolyRidge,5,train,2003-01-01,gas_cum,14,70,0.28952359554482265,1102158.4794130023,0.2697139720502914
Separate,Input-only PolyRidge,5,train,2003-01-01,gas_cum,15,70,0.3041534955843775,1215850.8268867228,0.2831804873994423
Separate,Input-only PolyRidge,5,train,2003-01-01,gas_cum,16,70,0.31758401421103355,1328624.6844359569,0.29539785884549746
Separate,Input-only PolyRidge,5,train,2003-01-01,gas_cum,17,70,0.3297689395794242,1438156.0155164872,0.3063456777854584
Separate,Input-only PolyRidge,5,train,2003-01-01,gas_cum,18,70,0.34126548358549175,1548088.7286122665,0.3165498455133083
Separate,Input-only PolyRidge,5,train,2003-01-01,gas_cum,19,70,0.35217158393835296,1658432.5330310287,0.32610303106413563
Separate,Input-only PolyRidge,5,train,2003-01-01,gas_cum,20,70,0.36247592987484856,1768062.367788546,0.33500632112646844
Separate,Input-only PolyRidge,5,train,2003-01-01,oil_cum,1,70,0.05543476917789654,57579.67341302851,0.037201256229621976
Separate,Input-only PolyRidge,5,train,2003-01-01,oil_cum,2,70,0.06891173378246701,138798.2166227357,0.06394284873104336
Separate,Input-only PolyRidge,5,train,2003-01-01,oil_cum,3,70,0.092199597067462,271079.5306679624,0.0869980939147756
Separate,Input-only PolyRidge,5,train,2003-01-01,oil_cum,4,70,0.11255799083523586,430065.04852217383,0.10588364318436592
Separate,Input-only PolyRidge,5,train,2003-01-01,oil_cum,5,70,0.13078434896016344,608347.556159503,0.12247302512648421
Separate,Input-only PolyRidge,5,train,2003-01-01,oil_cum,6,70,0.14808241186151494,806090.7129626388,0.13811740955229684
Separate,Input-only PolyRidge,5,train,2003-01-01,oil_cum,7,70,0.16523744713216237,1025344.4838331424,0.15369227095470714
Separate,Input-only PolyRidge,5,train,2003-01-01,oil_cum,8,70,0.1821332816723774,1262176.4835991235,0.16911339106841722
Separate,Input-only PolyRidge,5,train,2003-01-01,oil_cum,9,70,0.1991244000412211,1513420.262069566,0.18481019444155974
Separate,Input-only PolyRidge,5,train,2003-01-01,oil_cum,10,70,0.21771907559801254,1792685.474364552,0.20225143584346802
Separate,Input-only PolyRidge,5,train,2003-01-01,oil_cum,11,70,0.23712674529124192,2095148.0812655108,0.2205893402667867
Separate,Input-only PolyRidge,5,train,2003-01-01,oil_cum,12,70,0.2560161499360954,2408678.985571254,0.23842447396833769
Separate,Input-only PolyRidge,5,train,2003-01-01,oil_cum,13,70,0.2733378573420088,2719248.5262733432,0.2546961617959693
Separate,Input-only PolyRidge,5,train,2003-01-01,oil_cum,14,70,0.2893038150317254,3031856.754419082,0.26956636585075844
Separate,Input-only PolyRidge,5,train,2003-01-01,oil_cum,15,70,0.3039087318557855,3344508.0870113256,0.2830123582190392
Separate,Input-only PolyRidge,5,train,2003-01-01,oil_cum,16,70,0.31732968357088204,3654759.200427877,0.29522008634539487
Separate,Input-only PolyRidge,5,train,2003-01-01,oil_cum,17,70,0.32952015850529653,3956224.004234677,0.3061707639013598
Separate,Input-only PolyRidge,5,train,2003-01-01,oil_cum,18,70,0.34102646296531763,4258838.947149841,0.3163813016908181
Separate,Input-only PolyRidge,5,train,2003-01-01,oil_cum,19,70,0.35194087172135546,4562577.9008999,0.3259399323516281
Separate,Input-only PolyRidge,5,train,2003-01-01,oil_cum,20,70,0.3622501453556798,4864325.0042280685,0.3348456818635213
Separate,Input-only PolyRidge,5,train,2003-01-01,water_cum,1,70,0.06916845837636265,33776.0139686777,-0.005873838575444635
Separate,Input-only PolyRidge,5,train,2003-01-01,water_cum,2,70,0.04704423792040443,46539.32575104114,0.021478589080014356
Separate,Input-only PolyRidge,5,train,2003-01-01,water_cum,3,70,0.06758913288268052,101365.02097873947,0.04871084441247669
Separate,Input-only PolyRidge,5,train,2003-01-01,water_cum,4,70,0.09151418552773583,185291.5868789274,0.07004669922629235
Separate,Input-only PolyRidge,5,train,2003-01-01,water_cum,5,70,0.11362157645588421,290671.48271665926,0.08849290180114612
Separate,Input-only PolyRidge,5,train,2003-01-01,water_cum,6,70,0.1342918421931513,416955.125909085,0.10568379869376657
Separate,Input-only PolyRidge,5,train,2003-01-01,water_cum,7,70,0.15372160375680338,564269.1038184504,0.12211605638361511
Separate,Input-only PolyRidge,5,train,2003-01-01,water_cum,8,70,0.17161976868149986,729493.8470518572,0.1375527880421975
Separate,Input-only PolyRidge,5,train,2003-01-01,water_cum,9,70,0.1878661794655554,907657.4027199869,0.1518448592249526
Separate,Input-only PolyRidge,5,train,2003-01-01,water_cum,10,70,0.20342342380458525,1104781.843711881,0.16579754067296948
Separate,Input-only PolyRidge,5,train,2003-01-01,water_cum,11,70,0.21844552858201075,1321328.0647816716,0.17955883139398127
Separate,Input-only PolyRidge,5,train,2003-01-01,water_cum,12,70,0.23292114924645396,1555356.4876748133,0.19304868532031147
Separate,Input-only PolyRidge,5,train,2003-01-01,water_cum,13,70,0.2466184488966697,1801085.6902376278,0.20596336751959093
Separate,Input-only PolyRidge,5,train,2003-01-01,water_cum,14,70,0.25985012175950833,2065067.7573245503,0.21850768166136697
Separate,Input-only PolyRidge,5,train,2003-01-01,water_cum,15,70,0.27264488545805765,2347461.2404370545,0.230682396964681
Separate,Input-only PolyRidge,5,train,2003-01-01,water_cum,16,70,0.2849606531241171,2645523.1850536643,0.24245197397988943
Separate,Input-only PolyRidge,5,train,2003-01-01,water_cum,17,70,0.2966753397920713,2952734.923579999,0.2536858064904147
Separate,Input-only PolyRidge,5,train,2003-01-01,water_cum,18,70,0.30804302907564585,3277586.6038652705,0.2646038745944145
Separate,Input-only PolyRidge,5,train,2003-01-01,water_cum,19,70,0.31912642552373255,3620636.693941286,0.27526024842284824
Separate,Input-only PolyRidge,5,train,2003-01-01,water_cum,20,70,0.3298687860448417,3978535.6445434913,0.28559288488741685
Separate,Input-only PolyRidge,5,validation,2003-01-01,gas_cum,1,15,0.08176177056228921,31803.32227194329,0.014274712655245984
Separate,Input-only PolyRidge,5,validation,2003-01-01,gas_cum,2,15,0.06802644433855781,51346.26842420327,0.05109801713077969
Separate,Input-only PolyRidge,5,validation,2003-01-01,gas_cum,3,15,0.08704472698184808,95944.17074103699,0.07814749563125505
Separate,Input-only PolyRidge,5,validation,2003-01-01,gas_cum,4,15,0.10745492525638024,153949.18154448562,0.09962605146540764
Separate,Input-only PolyRidge,5,validation,2003-01-01,gas_cum,5,15,0.12664352464231368,220884.45996045225,0.11837153100456849
Separate,Input-only PolyRidge,5,validation,2003-01-01,gas_cum,6,15,0.1453672347740563,296643.21783879993,0.13611321329789602
Separate,Input-only PolyRidge,5,validation,2003-01-01,gas_cum,7,15,0.16413967396782111,381726.0734235003,0.15367617034123499
Separate,Input-only PolyRidge,5,validation,2003-01-01,gas_cum,8,15,0.18274735408415602,474509.59175447037,0.171002930583212
Separate,Input-only PolyRidge,5,validation,2003-01-01,gas_cum,9,15,0.20130061893687667,573185.5695828877,0.18834542441123026
Separate,Input-only PolyRidge,5,validation,2003-01-01,gas_cum,10,15,0.22131949759398672,682760.2142527937,0.20722225667914815
Separate,Input-only PolyRidge,5,validation,2003-01-01,gas_cum,11,15,0.2420179786080539,801330.0241166597,0.22682184423152343
Separate,Input-only PolyRidge,5,validation,2003-01-01,gas_cum,12,15,0.26206621341213593,924238.5942172745,0.2457905948606004
Separate,Input-only PolyRidge,5,validation,2003-01-01,gas_cum,13,15,0.28046544466592294,1046243.269117706,0.2631240256760187
Separate,Input-only PolyRidge,5,validation,2003-01-01,gas_cum,14,15,0.29748520850750576,1169418.2184731623,0.2790574396610392
Separate,Input-only PolyRidge,5,validation,2003-01-01,gas_cum,15,15,0.31316519688979866,1293135.25340366,0.29362024688535926
Separate,Input-only PolyRidge,5,validation,2003-01-01,gas_cum,16,15,0.32760699218471717,1416191.227623349,0.3069161743980965
Separate,Input-only PolyRidge,5,validation,2003-01-01,gas_cum,17,15,0.34072789839002376,1535954.840281525,0.31887866992691777
Separate,Input-only PolyRidge,5,validation,2003-01-01,gas_cum,18,15,0.353129354175309,1656422.7500075211,0.33007180251747553
Separate,Input-only PolyRidge,5,validation,2003-01-01,gas_cum,19,15,0.36493497912330697,1777674.8087245245,0.3406193114140748
Separate,Input-only PolyRidge,5,validation,2003-01-01,gas_cum,20,15,0.3761561510533105,1898571.015566937,0.3505462529633611
Separate,Input-only PolyRidge,5,validation,2003-01-01,oil_cum,1,15,0.08459012507276051,90518.94448099022,0.014354733957200154
Separate,Input-only PolyRidge,5,validation,2003-01-01,oil_cum,2,15,0.06959528830196939,144487.69313511255,0.05158752890212696
Separate,Input-only PolyRidge,5,validation,2003-01-01,oil_cum,3,15,0.08800702382127976,266851.31042941514,0.07860744744281394
Separate,Input-only PolyRidge,5,validation,2003-01-01,oil_cum,4,15,0.10802007239324546,425813.69505473005,0.09992988348735186
Separate,Input-only PolyRidge,5,validation,2003-01-01,oil_cum,5,15,0.12692238800384437,609199.9468765521,0.11852597820175359
Separate,Input-only PolyRidge,5,validation,2003-01-01,oil_cum,6,15,0.1453720495312749,816530.3993049051,0.13607457628238653
Separate,Input-only PolyRidge,5,validation,2003-01-01,oil_cum,7,15,0.16386614080409886,1049164.0351960454,0.15341085043580238
Separate,Input-only PolyRidge,5,validation,2003-01-01,oil_cum,8,15,0.18234811024386746,1303621.9102341025,0.17063927040105514
Separate,Input-only PolyRidge,5,validation,2003-01-01,oil_cum,9,15,0.20086030208756991,1574750.6787178302,0.1879584113431731
Separate,Input-only PolyRidge,5,validation,2003-01-01,oil_cum,10,15,0.22087047241328486,1876088.0222586521,0.20684132650203918
Separate,Input-only PolyRidge,5,validation,2003-01-01,oil_cum,11,15,0.24159866283461104,2202486.756302416,0.22647495429484846
Separate,Input-only PolyRidge,5,validation,2003-01-01,oil_cum,12,15,0.2616771291662762,2540874.1120873815,0.24547238482485523
Separate,Input-only PolyRidge,5,validation,2003-01-01,oil_cum,13,15,0.28009800740949653,2876737.2007717215,0.26282590711108067
Separate,Input-only PolyRidge,5,validation,2003-01-01,oil_cum,14,15,0.2971220069955763,3215688.6011197674,0.27876556781828754
Separate,Input-only PolyRidge,5,validation,2003-01-01,oil_cum,15,15,0.31277877073959764,3555887.909996638,0.29331376518091096
Separate,Input-only PolyRidge,5,validation,2003-01-01,oil_cum,16,15,0.32721510320263236,3894417.7511136555,0.3066103787486354
Separate,Input-only PolyRidge,5,validation,2003-01-01,oil_cum,17,15,0.34035677118001934,4224144.269715724,0.31859202665362274
Separate,Input-only PolyRidge,5,validation,2003-01-01,oil_cum,18,15,0.3527797511245853,4555835.943587683,0.32980285981698404
Separate,Input-only PolyRidge,5,validation,2003-01-01,oil_cum,19,15,0.36459449176128494,4889578.925541969,0.3403562223421289
Separate,Input-only PolyRidge,5,validation,2003-01-01,oil_cum,20,15,0.3758199436005944,5222303.047354833,0.3502842313257476
Separate,Input-only PolyRidge,5,validation,2003-01-01,water_cum,1,15,0.05188907279586688,23954.47377107335,-0.01856233453802998
Separate,Input-only PolyRidge,5,validation,2003-01-01,water_cum,2,15,0.029511477763895407,27629.922595386925,0.010880357052071153
Separate,Input-only PolyRidge,5,validation,2003-01-01,water_cum,3,15,0.05462276682650768,77645.62586708792,0.03713548895734258
Separate,Input-only PolyRidge,5,validation,2003-01-01,water_cum,4,15,0.07962855712446322,153139.06595053404,0.05616786933853198
Separate,Input-only PolyRidge,5,validation,2003-01-01,water_cum,5,15,0.10153054432208612,247293.39925540585,0.07170277726301381
Separate,Input-only PolyRidge,5,validation,2003-01-01,water_cum,6,15,0.12132148024894535,359532.97280022013,0.0856950791040589
Separate,Input-only PolyRidge,5,validation,2003-01-01,water_cum,7,15,0.13961294875044727,490286.2927501102,0.09904975559909347
Separate,Input-only PolyRidge,5,validation,2003-01-01,water_cum,8,15,0.156369835413556,637145.3354990517,0.11176117665985844
Separate,Input-only PolyRidge,5,validation,2003-01-01,water_cum,9,15,0.17158990874517735,795945.6959081099,0.12376229658591648
Separate,Input-only PolyRidge,5,validation,2003-01-01,water_cum,10,15,0.18619473606904335,972147.5123064645,0.13570809312132792
Separate,Input-only PolyRidge,5,validation,2003-01-01,water_cum,11,15,0.20036272368032165,1166378.661776684,0.1477181952655772
Separate,Input-only PolyRidge,5,validation,2003-01-01,water_cum,12,15,0.2140685508514453,1376866.6515441572,0.15972837461144523
Separate,Input-only PolyRidge,5,validation,2003-01-01,water_cum,13,15,0.227012536912657,1597994.3887172285,0.17135214124695433
Separate,Input-only PolyRidge,5,validation,2003-01-01,water_cum,14,15,0.23940677844839595,1835027.255848759,0.1826782706963672
Separate,Input-only PolyRidge,5,validation,2003-01-01,water_cum,15,15,0.25124134196224374,2087722.3397907708,0.19362578956803106
Separate,Input-only PolyRidge,5,validation,2003-01-01,water_cum,16,15,0.26247807989316807,2353401.290566153,0.20415269620842952
Separate,Input-only PolyRidge,5,validation,2003-01-01,water_cum,17,15,0.2731027127121682,2626778.3984962823,0.214203174534189
Separate,Input-only PolyRidge,5,validation,2003-01-01,water_cum,18,15,0.2834093120487709,2915879.2308896915,0.22398951601184178
Separate,Input-only PolyRidge,5,validation,2003-01-01,water_cum,19,15,0.29347302465744796,3221360.2364593917,0.23356930027924117
Separate,Input-only PolyRidge,5,validation,2003-01-01,water_cum,20,15,0.3032356537639826,3540214.075515503,0.2428733796471455
