method,case_num,date,midpoint,interval_days,water_rate
Separate,80,2008-04-01,2008-02-15 12:00:00,91.0,8657.727113231975
Separate,80,2008-07-01,2008-05-16 12:00:00,91.0,8734.920597748851
Separate,80,2008-10-01,2008-08-16 00:00:00,92.0,8896.241530667465
Separate,80,2009-01-01,2008-11-16 00:00:00,92.0,9056.425720850411
Separate,80,2009-04-01,2009-02-15 00:00:00,90.0,9212.904336632746
Separate,80,2009-07-01,2009-05-16 12:00:00,91.0,9366.600773352802
Separate,80,2009-10-01,2009-08-16 00:00:00,92.0,9520.075940407245
Separate,80,2010-01-01,2009-11-16 00:00:00,92.0,9672.469649661332
Separate,80,2010-04-01,2010-02-15 00:00:00,90.0,9821.33800334086
Separate,80,2010-07-01,2010-05-16 12:00:00,91.0,9967.559487896633
Separate,80,2010-10-01,2010-08-16 00:00:00,92.0,10113.570464130491
Separate,80,2011-01-01,2010-11-16 00:00:00,92.0,10258.552578743142
Separate,80,2011-04-01,2011-02-15 00:00:00,90.0,10400.180791751212
Separate,80,2011-07-01,2011-05-16 12:00:00,91.0,10539.29086484056
Separate,80,2011-10-01,2011-08-16 00:00:00,92.0,10678.200667578565
Separate,80,2012-01-01,2011-11-16 00:00:00,92.0,10816.131646884929
Separate,80,2012-04-01,2012-02-15 12:00:00,91.0,10951.60602137037
Separate,80,2012-07-01,2012-05-16 12:00:00,91.0,11084.669629322958
Separate,80,2012-10-01,2012-08-16 00:00:00,92.0,11216.8055704479
Separate,80,2013-01-01,2012-11-16 00:00:00,92.0,11348.010419937498
Separate,80,2013-04-01,2013-02-15 00:00:00,90.0,11476.180080180615
Separate,80,2013-07-01,2013-05-16 12:00:00,91.0,11602.070892650758
Separate,80,2013-10-01,2013-08-16 00:00:00,92.0,11727.780465928756
Separate,80,2014-01-01,2013-11-16 00:00:00,92.0,11852.60423076493
Separate,80,2014-04-01,2014-02-15 00:00:00,90.0,11974.540421321657
Separate,80,2014-07-01,2014-05-16 12:00:00,91.0,12094.30859476852
Separate,80,2014-10-01,2014-08-16 00:00:00,92.0,12213.90434350462
Separate,80,2015-01-01,2014-11-16 00:00:00,92.0,12332.657364665733
Separate,80,2015-04-01,2015-02-15 00:00:00,90.0,12448.663247331066
Separate,80,2015-07-01,2015-05-16 12:00:00,91.0,12562.606553354924
Separate,80,2015-10-01,2015-08-16 00:00:00,92.0,12676.385820460384
Separate,80,2016-01-01,2015-11-16 00:00:00,92.0,12789.363345640671
Separate,80,2016-04-01,2016-02-15 12:00:00,91.0,12900.328696801604
Separate,80,2016-07-01,2016-05-16 12:00:00,91.0,13009.31941950698
Separate,80,2016-10-01,2016-08-16 00:00:00,92.0,13117.550302015456
Separate,80,2017-01-01,2016-11-16 00:00:00,92.0,13225.018539111414
Separate,80,2017-04-01,2017-02-15 00:00:00,90.0,13330.000690984312
Separate,80,2017-07-01,2017-05-16 12:00:00,91.0,13433.116267392677
Separate,80,2017-10-01,2017-08-16 00:00:00,92.0,13536.083393066068
Separate,80,2018-01-01,2017-11-16 00:00:00,92.0,13638.324964218004
Separate,80,2018-04-01,2018-02-15 00:00:00,90.0,13738.201359703557
Separate,80,2018-07-01,2018-05-16 12:00:00,91.0,13836.301959724462
Separate,80,2018-10-01,2018-08-16 00:00:00,92.0,13934.26132883998
Separate,80,2019-01-01,2018-11-16 00:00:00,92.0,14031.53043042917
Separate,80,2019-04-01,2019-02-15 00:00:00,90.0,14126.549385530667
Separate,80,2019-07-01,2019-05-16 12:00:00,91.0,14219.878910124875
Separate,80,2019-10-01,2019-08-16 00:00:00,92.0,14313.074072510248
Separate,80,2020-01-01,2019-11-16 00:00:00,92.0,14405.612538197603
Separate,80,2020-04-01,2020-02-15 12:00:00,91.0,14496.502857529364
Separate,80,2020-07-01,2020-05-16 12:00:00,91.0,14585.775783603009
Separate,80,2020-10-01,2020-08-16 00:00:00,92.0,14674.426334156939
Separate,80,2021-01-01,2020-11-16 00:00:00,92.0,14762.452211473137
Separate,80,2021-04-01,2021-02-15 00:00:00,90.0,14848.441767745217
Separate,80,2021-07-01,2021-05-16 12:00:00,91.0,14932.902435600594
Separate,80,2021-10-01,2021-08-16 00:00:00,92.0,15017.24150933066
Separate,80,2022-01-01,2021-11-16 00:00:00,92.0,15100.986290506371
Separate,80,2022-04-01,2022-02-15 00:00:00,90.0,15182.793786129521
Separate,80,2022-07-01,2022-05-16 12:00:00,91.0,15263.14675008874
Separate,80,2022-10-01,2022-08-16 00:00:00,92.0,15343.38403359428
Separate,80,2023-01-01,2022-11-16 00:00:00,92.0,15423.05592767781
Separate,80,2023-04-01,2023-02-15 00:00:00,90.0,15500.8847551571
Separate,80,2023-07-01,2023-05-16 12:00:00,91.0,15577.329791420763
Separate,80,2023-10-01,2023-08-16 00:00:00,92.0,15653.664773294135
Separate,80,2024-01-01,2023-11-16 00:00:00,92.0,15729.461863185077
Separate,80,2024-04-01,2024-02-15 12:00:00,91.0,15803.90897718858
Separate,80,2024-07-01,2024-05-16 12:00:00,91.0,15877.031304776996
Separate,80,2024-10-01,2024-08-16 00:00:00,92.0,15949.643852426954
Separate,80,2025-01-01,2024-11-16 00:00:00,92.0,16021.744738109734
Separate,80,2025-04-01,2025-02-15 00:00:00,90.0,16092.177698912885
Separate,80,2025-07-01,2025-05-16 12:00:00,91.0,16161.358366499235
Separate,80,2025-10-01,2025-08-16 00:00:00,92.0,16230.439437873014
Separate,80,2026-01-01,2025-11-16 00:00:00,92.0,16299.033731710975
Separate,80,2026-04-01,2026-02-15 00:00:00,90.0,16366.041219392087
Separate,80,2026-07-01,2026-05-16 12:00:00,91.0,16431.857318536266
Separate,80,2026-10-01,2026-08-16 00:00:00,92.0,16497.578665278852
Separate,80,2027-01-01,2026-11-16 00:00:00,92.0,16562.836908678968
Separate,80,2027-04-01,2027-02-15 00:00:00,90.0,16626.585519473752
Separate,80,2027-07-01,2027-05-16 12:00:00,91.0,16689.200684339135
Separate,80,2027-10-01,2027-08-16 00:00:00,92.0,16751.725705042158
Separate,80,2028-01-01,2027-11-16 00:00:00,92.0,16813.810145208045
Separate,84,2008-04-01,2008-02-15 12:00:00,91.0,8265.109630077053
Separate,84,2008-07-01,2008-05-16 12:00:00,91.0,8781.444252900246
Separate,84,2008-10-01,2008-08-16 00:00:00,92.0,8931.011086982959
Separate,84,2009-01-01,2008-11-16 00:00:00,92.0,9079.663334278308
Separate,84,2009-04-01,2009-02-15 00:00:00,90.0,9225.012526901523
Separate,84,2009-07-01,2009-05-16 12:00:00,91.0,9367.910390557865
Separate,84,2009-10-01,2009-08-16 00:00:00,92.0,9510.735423957038
Separate,84,2010-01-01,2009-11-16 00:00:00,92.0,9652.687096030857
Separate,84,2010-04-01,2010-02-15 00:00:00,90.0,9791.484600292188
Separate,84,2010-07-01,2010-05-16 12:00:00,91.0,9927.941270479625
Separate,84,2010-10-01,2010-08-16 00:00:00,92.0,10064.328393270463
Separate,84,2011-01-01,2010-11-16 00:00:00,92.0,10199.881521939422
Separate,84,2011-04-01,2011-02-15 00:00:00,90.0,10332.422658505042
Separate,84,2011-07-01,2011-05-16 12:00:00,91.0,10462.728475276423
Separate,84,2011-10-01,2011-08-16 00:00:00,92.0,10592.967879535307
Separate,84,2012-01-01,2011-11-16 00:00:00,92.0,10722.41088237913
Separate,84,2012-04-01,2012-02-15 12:00:00,91.0,10849.667737083408
Separate,84,2012-07-01,2012-05-16 12:00:00,91.0,10974.776899174962
Separate,84,2012-10-01,2012-08-16 00:00:00,92.0,11099.129981628417
Separate,84,2013-01-01,2012-11-16 00:00:00,92.0,11222.722656957723
Separate,84,2013-04-01,2013-02-15 00:00:00,90.0,11343.569101597037
Separate,84,2013-07-01,2013-05-16 12:00:00,91.0,11462.377458614472
Separate,84,2013-10-01,2013-08-16 00:00:00,92.0,11581.125262990108
Separate,84,2014-01-01,2013-11-16 00:00:00,92.0,11699.146935977366
Separate,84,2014-04-01,2014-02-15 00:00:00,90.0,11814.546166011112
Separate,84,2014-07-01,2014-05-16 12:00:00,91.0,11927.999176253985
Separate,84,2014-10-01,2014-08-16 00:00:00,92.0,12041.394363295369
Separate,84,2015-01-01,2014-11-16 00:00:00,92.0,12154.096149687857
Separate,84,2015-04-01,2015-02-15 00:00:00,90.0,12264.293701069553
Separate,84,2015-07-01,2015-05-16 12:00:00,91.0,12372.632759501483
Separate,84,2015-10-01,2015-08-16 00:00:00,92.0,12480.91660114232
Separate,84,2016-01-01,2015-11-16 00:00:00,92.0,12588.538297518926
Separate,84,2016-04-01,2016-02-15 12:00:00,91.0,12694.342383316913
Separate,84,2016-07-01,2016-05-16 12:00:00,91.0,12798.360831288519
Separate,84,2016-10-01,2016-08-16 00:00:00,92.0,12901.75065838821
Separate,84,2017-01-01,2016-11-16 00:00:00,92.0,13004.508266652085
Separate,84,2017-04-01,2017-02-15 00:00:00,90.0,13104.982599658768
Separate,84,2017-07-01,2017-05-16 12:00:00,91.0,13203.762422785654
Separate,84,2017-10-01,2017-08-16 00:00:00,92.0,13302.491901144385
Separate,84,2018-01-01,2017-11-16 00:00:00,92.0,13400.617658249548
Separate,84,2018-04-01,2018-02-15 00:00:00,90.0,13496.5630598858
Separate,84,2018-07-01,2018-05-16 12:00:00,91.0,13590.890332531635
Separate,84,2018-10-01,2018-08-16 00:00:00,92.0,13685.169529725352
Separate,84,2019-01-01,2018-11-16 00:00:00,92.0,13778.8722187062
Separate,84,2019-04-01,2019-02-15 00:00:00,90.0,13870.4928328428
Separate,84,2019-07-01,2019-05-16 12:00:00,91.0,13960.568255972405
Separate,84,2019-10-01,2019-08-16 00:00:00,92.0,14050.597770674236
Separate,84,2020-01-01,2019-11-16 00:00:00,92.0,14140.076763563344
Separate,84,2020-04-01,2020-02-15 12:00:00,91.0,14228.044555927207
Separate,84,2020-07-01,2020-05-16 12:00:00,91.0,14314.527730599864
Separate,84,2020-10-01,2020-08-16 00:00:00,92.0,14400.488256361821
Separate,84,2021-01-01,2020-11-16 00:00:00,92.0,14485.923141785775
Separate,84,2021-04-01,2021-02-15 00:00:00,90.0,14569.459663057658
Separate,84,2021-07-01,2021-05-16 12:00:00,91.0,14651.58733237281
Separate,84,2021-10-01,2021-08-16 00:00:00,92.0,14733.673143964423
Separate,84,2022-01-01,2021-11-16 00:00:00,92.0,14815.257008723105
Separate,84,2022-04-01,2022-02-15 00:00:00,90.0,14895.02807905376
Separate,84,2022-07-01,2022-05-16 12:00:00,91.0,14973.453802142005
Separate,84,2022-10-01,2022-08-16 00:00:00,92.0,15051.839554264818
Separate,84,2023-01-01,2022-11-16 00:00:00,92.0,15129.74598506174
Separate,84,2023-04-01,2023-02-15 00:00:00,90.0,15205.921334056557
Separate,84,2023-07-01,2023-05-16 12:00:00,91.0,15280.811978015598
Separate,84,2023-10-01,2023-08-16 00:00:00,92.0,15355.664452720595
Separate,84,2024-01-01,2023-11-16 00:00:00,92.0,15430.059211750393
Separate,84,2024-04-01,2024-02-15 12:00:00,91.0,15503.197526165908
Separate,84,2024-07-01,2024-05-16 12:00:00,91.0,15575.10149750359
Separate,84,2024-10-01,2024-08-16 00:00:00,92.0,15646.570927296158
Separate,84,2025-01-01,2024-11-16 00:00:00,92.0,15717.60332840843
Separate,84,2025-04-01,2025-02-15 00:00:00,90.0,15787.057388738129
Separate,84,2025-07-01,2025-05-16 12:00:00,91.0,15855.340099249896
Separate,84,2025-10-01,2025-08-16 00:00:00,92.0,15923.58800835292
Separate,84,2026-01-01,2025-11-16 00:00:00,92.0,15991.418588062666
Separate,84,2026-04-01,2026-02-15 00:00:00,90.0,16057.741971498397
Separate,84,2026-07-01,2026-05-16 12:00:00,91.0,16122.946804304536
Separate,84,2026-10-01,2026-08-16 00:00:00,92.0,16188.118404390047
Separate,84,2027-01-01,2026-11-16 00:00:00,92.0,16252.891486416693
Separate,84,2027-04-01,2027-02-15 00:00:00,90.0,16316.225309804579
Separate,84,2027-07-01,2027-05-16 12:00:00,91.0,16378.491001797574
Separate,84,2027-10-01,2027-08-16 00:00:00,92.0,16440.724959050993
Separate,84,2028-01-01,2027-11-16 00:00:00,92.0,16502.57836164842
Separate,85,2008-04-01,2008-02-15 12:00:00,91.0,8480.043718462093
Separate,85,2008-07-01,2008-05-16 12:00:00,91.0,9220.61309998986
Separate,85,2008-10-01,2008-08-16 00:00:00,92.0,9362.787531251332
Separate,85,2009-01-01,2008-11-16 00:00:00,92.0,9503.31307561566
Separate,85,2009-04-01,2009-02-15 00:00:00,90.0,9639.96085171923
Separate,85,2009-07-01,2009-05-16 12:00:00,91.0,9773.568286609887
Separate,85,2009-10-01,2009-08-16 00:00:00,92.0,9906.376323424362
Separate,85,2010-01-01,2009-11-16 00:00:00,92.0,10037.644101348342
Separate,85,2010-04-01,2010-02-15 00:00:00,90.0,10165.28957682761
Separate,85,2010-07-01,2010-05-16 12:00:00,91.0,10290.095007552469
Separate,85,2010-10-01,2010-08-16 00:00:00,92.0,10414.153704225168
Separate,85,2011-01-01,2010-11-16 00:00:00,92.0,10536.773613644966
Separate,85,2011-04-01,2011-02-15 00:00:00,90.0,10656.009856450723
Separate,85,2011-07-01,2011-05-16 12:00:00,91.0,10772.593155509905
Separate,85,2011-10-01,2011-08-16 00:00:00,92.0,10888.4789150567
Separate,85,2012-01-01,2011-11-16 00:00:00,92.0,11003.020674076985
Separate,85,2012-04-01,2012-02-15 12:00:00,91.0,11115.006724273848
Separate,85,2012-07-01,2012-05-16 12:00:00,91.0,11224.497634709945
Separate,85,2012-10-01,2012-08-16 00:00:00,92.0,11332.728677008383
Separate,85,2013-01-01,2012-11-16 00:00:00,92.0,11439.70449538294
Separate,85,2013-04-01,2013-02-15 00:00:00,90.0,11543.728342035412
Separate,85,2013-07-01,2013-05-16 12:00:00,91.0,11645.437712762217
Separate,85,2013-10-01,2013-08-16 00:00:00,92.0,11746.538537450135
Separate,85,2014-01-01,2013-11-16 00:00:00,92.0,11846.466831861631
Separate,85,2014-04-01,2014-02-15 00:00:00,90.0,11943.637629263434
Separate,85,2014-07-01,2014-05-16 12:00:00,91.0,12038.646427484167
Separate,85,2014-10-01,2014-08-16 00:00:00,92.0,12133.08677043458
Separate,85,2015-01-01,2014-11-16 00:00:00,92.0,12226.431828932431
Separate,85,2015-04-01,2015-02-15 00:00:00,90.0,12317.201053216557
Separate,85,2015-07-01,2015-05-16 12:00:00,91.0,12405.950709957342
Separate,85,2015-10-01,2015-08-16 00:00:00,92.0,12494.169361032546
Separate,85,2016-01-01,2015-11-16 00:00:00,92.0,12581.364884555664
Separate,85,2016-04-01,2016-02-15 12:00:00,91.0,12666.614861138574
Separate,85,2016-07-01,2016-05-16 12:00:00,91.0,12749.96539930197
Separate,85,2016-10-01,2016-08-16 00:00:00,92.0,12832.356856141401
Separate,85,2017-01-01,2016-11-16 00:00:00,92.0,12913.792767090317
Separate,85,2017-04-01,2017-02-15 00:00:00,90.0,12992.981473858654
Separate,85,2017-07-01,2017-05-16 12:00:00,91.0,13070.408273513664
Separate,85,2017-10-01,2017-08-16 00:00:00,92.0,13147.371814257263
Separate,85,2018-01-01,2017-11-16 00:00:00,92.0,13223.442760090304
Separate,85,2018-04-01,2018-02-15 00:00:00,90.0,13297.414546651808
Separate,85,2018-07-01,2018-05-16 12:00:00,91.0,13369.740499832473
Separate,85,2018-10-01,2018-08-16 00:00:00,92.0,13441.633713414001
Separate,85,2019-01-01,2018-11-16 00:00:00,92.0,13512.693135878477
Separate,85,2019-04-01,2019-02-15 00:00:00,90.0,13581.791690841814
Separate,85,2019-07-01,2019-05-16 12:00:00,91.0,13649.352839267025
Separate,85,2019-10-01,2019-08-16 00:00:00,92.0,13716.509756803513
Separate,85,2020-01-01,2019-11-16 00:00:00,92.0,13782.887813047708
Separate,85,2020-04-01,2020-02-15 12:00:00,91.0,13847.784811330203
Separate,85,2020-07-01,2020-05-16 12:00:00,91.0,13911.235852009975
Separate,85,2020-10-01,2020-08-16 00:00:00,92.0,13973.956786928942
Separate,85,2021-01-01,2020-11-16 00:00:00,92.0,14035.950307453133
Separate,85,2021-04-01,2021-02-15 00:00:00,90.0,14096.233131838508
Separate,85,2021-07-01,2021-05-16 12:00:00,91.0,14155.174695058839
Separate,85,2021-10-01,2021-08-16 00:00:00,92.0,14213.763599967828
Separate,85,2022-01-01,2021-11-16 00:00:00,92.0,14271.673012251764
Separate,85,2022-04-01,2022-02-15 00:00:00,90.0,14327.98442837066
Separate,85,2022-07-01,2022-05-16 12:00:00,91.0,14383.042945071236
Separate,85,2022-10-01,2022-08-16 00:00:00,92.0,14437.772036449254
Separate,85,2023-01-01,2022-11-16 00:00:00,92.0,14491.86639990285
Separate,85,2023-04-01,2023-02-15 00:00:00,90.0,14544.468042536742
Separate,85,2023-07-01,2023-05-16 12:00:00,91.0,14595.899326263876
Separate,85,2023-10-01,2023-08-16 00:00:00,92.0,14647.022887076373
Separate,85,2024-01-01,2023-11-16 00:00:00,92.0,14697.553535585332
Separate,85,2024-04-01,2024-02-15 12:00:00,91.0,14746.9567208408
Separate,85,2024-07-01,2024-05-16 12:00:00,91.0,14795.259163176293
Separate,85,2024-10-01,2024-08-16 00:00:00,92.0,14843.005808616948
Separate,85,2025-01-01,2024-11-16 00:00:00,92.0,14890.198705979987
Separate,85,2025-04-01,2025-02-15 00:00:00,90.0,14936.089326804711
Separate,85,2025-07-01,2025-05-16 12:00:00,91.0,14980.958905429467
Separate,85,2025-10-01,2025-08-16 00:00:00,92.0,15025.56002103926
Separate,85,2026-01-01,2025-11-16 00:00:00,92.0,15069.643869272231
Separate,85,2026-04-01,2026-02-15 00:00:00,90.0,15112.511234422029
Separate,85,2026-07-01,2026-05-16 12:00:00,91.0,15154.424823223726
Separate,85,2026-10-01,2026-08-16 00:00:00,92.0,15196.087635244688
Separate,85,2027-01-01,2026-11-16 00:00:00,92.0,15237.267257256677
Separate,85,2027-04-01,2027-02-15 00:00:00,90.0,15277.310537602172
Separate,85,2027-07-01,2027-05-16 12:00:00,91.0,15316.46287600123
Separate,85,2027-10-01,2027-08-16 00:00:00,92.0,15355.380958694317
Separate,85,2028-01-01,2027-11-16 00:00:00,92.0,15393.84768374151
Separate,83,2008-04-01,2008-02-15 12:00:00,91.0,8948.683777821589
Separate,83,2008-07-01,2008-05-16 12:00:00,91.0,8657.984393454188
Separate,83,2008-10-01,2008-08-16 00:00:00,92.0,8809.819727803217
Separate,83,2009-01-01,2008-11-16 00:00:00,92.0,8960.752025779944
Separate,83,2009-04-01,2009-02-15 00:00:00,90.0,9108.35537885684
Separate,83,2009-07-01,2009-05-16 12:00:00,91.0,9253.493655730039
Separate,83,2009-10-01,2009-08-16 00:00:00,92.0,9398.58222005581
Separate,83,2010-01-01,2009-11-16 00:00:00,92.0,9542.807874233908
Separate,83,2010-04-01,2010-02-15 00:00:00,90.0,9683.852504453973
Separate,83,2010-07-01,2010-05-16 12:00:00,91.0,9822.541593594702
Separate,83,2010-10-01,2010-08-16 00:00:00,92.0,9961.183179154345
Separate,83,2011-01-01,2010-11-16 00:00:00,92.0,10099.000197790807
Separate,83,2011-04-01,2011-02-15 00:00:00,90.0,10233.77754057621
Separate,83,2011-07-01,2011-05-16 12:00:00,91.0,10366.30401023731
Separate,83,2011-10-01,2011-08-16 00:00:00,92.0,10498.785087128615
Separate,83,2012-01-01,2011-11-16 00:00:00,92.0,10630.478236548279
Separate,83,2012-04-01,2012-02-15 12:00:00,91.0,10759.969046879027
Separate,83,2012-07-01,2012-05-16 12:00:00,91.0,10887.295831530795
Separate,83,2012-10-01,2012-08-16 00:00:00,92.0,11013.874377218845
Separate,83,2013-01-01,2012-11-16 00:00:00,92.0,11139.70010057359
Separate,83,2013-04-01,2013-02-15 00:00:00,90.0,11262.750626666844
Separate,83,2013-07-01,2013-05-16 12:00:00,91.0,11383.746125435846
Separate,83,2013-10-01,2013-08-16 00:00:00,92.0,11504.700181006008
Separate,83,2014-01-01,2013-11-16 00:00:00,92.0,11624.93486573871
Separate,83,2014-04-01,2014-02-15 00:00:00,90.0,11742.517668496486
Separate,83,2014-07-01,2014-05-16 12:00:00,91.0,11858.136758621495
Separate,83,2014-10-01,2014-08-16 00:00:00,92.0,11973.71624706718
Separate,83,2015-01-01,2014-11-16 00:00:00,92.0,12088.60832976242
Separate,83,2015-04-01,2015-02-15 00:00:00,90.0,12200.96636628045
Separate,83,2015-07-01,2015-05-16 12:00:00,91.0,12311.447947308994
Separate,83,2015-10-01,2015-08-16 00:00:00,92.0,12421.891686350269
Separate,83,2016-01-01,2015-11-16 00:00:00,92.0,12531.678564366115
Separate,83,2016-04-01,2016-02-15 12:00:00,91.0,12639.629447616964
Separate,83,2016-07-01,2016-05-16 12:00:00,91.0,12745.776276334056
Separate,83,2016-10-01,2016-08-16 00:00:00,92.0,12851.299330616856
Separate,83,2017-01-01,2016-11-16 00:00:00,92.0,12956.19478950779
Separate,83,2017-04-01,2017-02-15 00:00:00,90.0,13058.776686573028
Separate,83,2017-07-01,2017-05-16 12:00:00,91.0,13159.64539631448
Separate,83,2017-10-01,2017-08-16 00:00:00,92.0,13260.479556655917
Separate,83,2018-01-01,2017-11-16 00:00:00,92.0,13360.714008669329
Separate,83,2018-04-01,2018-02-15 00:00:00,90.0,13458.737701473303
Separate,83,2018-07-01,2018-05-16 12:00:00,91.0,13555.12433205938
Separate,83,2018-10-01,2018-08-16 00:00:00,92.0,13651.477948439671
Separate,83,2019-01-01,2018-11-16 00:00:00,92.0,13747.258504401892
Separate,83,2019-04-01,2019-02-15 00:00:00,90.0,13840.926535758044
Separate,83,2019-07-01,2019-05-16 12:00:00,91.0,13933.03024739993
Separate,83,2019-10-01,2019-08-16 00:00:00,92.0,14025.10241181533
Separate,83,2020-01-01,2019-11-16 00:00:00,92.0,14116.626979627363
Separate,83,2020-04-01,2020-02-15 12:00:00,91.0,14206.620958079513
Separate,83,2020-07-01,2020-05-16 12:00:00,91.0,14295.110974359315
Separate,83,2020-10-01,2020-08-16 00:00:00,92.0,14383.080976895017
Separate,83,2021-01-01,2020-11-16 00:00:00,92.0,14470.527780319524
Separate,83,2021-04-01,2021-02-15 00:00:00,90.0,14556.045867398216
Separate,83,2021-07-01,2021-05-16 12:00:00,91.0,14640.13574436438
Separate,83,2021-10-01,2021-08-16 00:00:00,92.0,14724.196818990715
Separate,83,2022-01-01,2021-11-16 00:00:00,92.0,14807.757942744895
Separate,83,2022-04-01,2022-02-15 00:00:00,90.0,14889.476052243677
Separate,83,2022-07-01,2022-05-16 12:00:00,91.0,14969.829413835165
Separate,83,2022-10-01,2022-08-16 00:00:00,92.0,15050.15525291277
Separate,83,2023-01-01,2022-11-16 00:00:00,92.0,15130.003356326533
Separate,83,2023-04-01,2023-02-15 00:00:00,90.0,15208.090339421398
Separate,83,2023-07-01,2023-05-16 12:00:00,91.0,15284.87321688595
Separate,83,2023-10-01,2023-08-16 00:00:00,92.0,15361.629794793933
Separate,83,2024-01-01,2023-11-16 00:00:00,92.0,15437.92986511666
Separate,83,2024-04-01,2024-02-15 12:00:00,91.0,15512.95394934632
Separate,83,2024-07-01,2024-05-16 12:00:00,91.0,15586.724245414956
Separate,83,2024-10-01,2024-08-16 00:00:00,92.0,15660.061028534628
Separate,83,2025-01-01,2024-11-16 00:00:00,92.0,15732.961643204255
Separate,83,2025-04-01,2025-02-15 00:00:00,90.0,15804.254370544852
Separate,83,2025-07-01,2025-05-16 12:00:00,91.0,15874.356460938741
Separate,83,2025-10-01,2025-08-16 00:00:00,92.0,15944.434540068974
Separate,83,2026-01-01,2025-11-16 00:00:00,92.0,16014.095831797498
Separate,83,2026-04-01,2026-02-15 00:00:00,90.0,16082.220682321158
Separate,83,2026-07-01,2026-05-16 12:00:00,91.0,16149.207801591236
Separate,83,2026-10-01,2026-08-16 00:00:00,92.0,16216.171976533435
Separate,83,2027-01-01,2026-11-16 00:00:00,92.0,16282.737883930944
Separate,83,2027-04-01,2027-02-15 00:00:00,90.0,16347.835621553493
Separate,83,2027-07-01,2027-05-16 12:00:00,91.0,16411.84618276505
Separate,83,2027-10-01,2027-08-16 00:00:00,92.0,16475.83481917239
Separate,83,2028-01-01,2027-11-16 00:00:00,92.0,16539.442884967702
Separate,82,2008-04-01,2008-02-15 12:00:00,91.0,8346.53837076022
Separate,82,2008-07-01,2008-05-16 12:00:00,91.0,7016.333083446475
Separate,82,2008-10-01,2008-08-16 00:00:00,92.0,7180.292306881621
Separate,82,2009-01-01,2008-11-16 00:00:00,92.0,7343.862344884759
Separate,82,2009-04-01,2009-02-15 00:00:00,90.0,7504.39773039346
Separate,82,2009-07-01,2009-05-16 12:00:00,91.0,7662.815466083504
Separate,82,2009-10-01,2009-08-16 00:00:00,92.0,7821.744128306396
Separate,82,2010-01-01,2009-11-16 00:00:00,92.0,7980.295546000095
Separate,82,2010-04-01,2010-02-15 00:00:00,90.0,8135.905419746704
Separate,82,2010-07-01,2010-05-16 12:00:00,91.0,8289.462616945606
Separate,82,2010-10-01,2010-08-16 00:00:00,92.0,8443.515064540643
Separate,82,2011-01-01,2010-11-16 00:00:00,92.0,8597.201842141054
Separate,82,2011-04-01,2011-02-15 00:00:00,90.0,8748.037327605485
Separate,82,2011-07-01,2011-05-16 12:00:00,91.0,8896.883116297506
Separate,82,2011-10-01,2011-08-16 00:00:00,92.0,9046.208960220663
Separate,82,2012-01-01,2011-11-16 00:00:00,92.0,9195.180353556436
Separate,82,2012-04-01,2012-02-15 12:00:00,91.0,9342.187100289655
Separate,82,2012-07-01,2012-05-16 12:00:00,91.0,9487.25490693486
Separate,82,2012-10-01,2012-08-16 00:00:00,92.0,9631.986810620227
Separate,82,2013-01-01,2012-11-16 00:00:00,92.0,9776.375168225606
Separate,82,2013-04-01,2013-02-15 00:00:00,90.0,9918.084743732836
Separate,82,2013-07-01,2013-05-16 12:00:00,91.0,10057.925003912054
Separate,82,2013-10-01,2013-08-16 00:00:00,92.0,10198.216274825289
Separate,82,2014-01-01,2013-11-16 00:00:00,92.0,10338.174540264694
Separate,82,2014-04-01,2014-02-15 00:00:00,90.0,10475.536213415779
Separate,82,2014-07-01,2014-05-16 12:00:00,91.0,10611.08592516454
Separate,82,2014-10-01,2014-08-16 00:00:00,92.0,10747.072809833628
Separate,82,2015-01-01,2014-11-16 00:00:00,92.0,10882.73690623118
Separate,82,2015-04-01,2015-02-15 00:00:00,90.0,11015.884078419456
Separate,82,2015-07-01,2015-05-16 12:00:00,91.0,11147.274883410924
Separate,82,2015-10-01,2015-08-16 00:00:00,92.0,11279.089448079061
Separate,82,2016-01-01,2015-11-16 00:00:00,92.0,11410.591128194057
Separate,82,2016-04-01,2016-02-15 12:00:00,91.0,11540.358553676733
Separate,82,2016-07-01,2016-05-16 12:00:00,91.0,11668.414416465785
Separate,82,2016-10-01,2016-08-16 00:00:00,92.0,11796.173767269387
Separate,82,2017-01-01,2016-11-16 00:00:00,92.0,11923.629859268342
Separate,82,2017-04-01,2017-02-15 00:00:00,90.0,12048.721307031064
Separate,82,2017-07-01,2017-05-16 12:00:00,91.0,12172.162652040493
Separate,82,2017-10-01,2017-08-16 00:00:00,92.0,12296.002118246712
Separate,82,2018-01-01,2017-11-16 00:00:00,92.0,12419.547630167444
Separate,82,2018-04-01,2018-02-15 00:00:00,90.0,12540.801049353347
Separate,82,2018-07-01,2018-05-16 12:00:00,91.0,12660.45499387883
Separate,82,2018-10-01,2018-08-16 00:00:00,92.0,12780.494844532612
Separate,82,2019-01-01,2018-11-16 00:00:00,92.0,12900.249759943346
Separate,82,2019-04-01,2019-02-15 00:00:00,90.0,13017.782908108997
Separate,82,2019-07-01,2019-05-16 12:00:00,91.0,13133.765656348194
Separate,82,2019-10-01,2019-08-16 00:00:00,92.0,13250.122470427305
Separate,82,2020-01-01,2019-11-16 00:00:00,92.0,13366.203091584794
Separate,82,2020-04-01,2020-02-15 12:00:00,91.0,13480.752832263954
Separate,82,2020-07-01,2020-05-16 12:00:00,91.0,13593.791723344599
Separate,82,2020-10-01,2020-08-16 00:00:00,92.0,13706.568874077548
Separate,82,2021-01-01,2020-11-16 00:00:00,92.0,13819.078328835656
Separate,82,2021-04-01,2021-02-15 00:00:00,90.0,13929.50043861543
Separate,82,2021-07-01,2021-05-16 12:00:00,91.0,14038.46595139556
Separate,82,2021-10-01,2021-08-16 00:00:00,92.0,14147.782898132164
Separate,82,2022-01-01,2021-11-16 00:00:00,92.0,14256.84036228425
Separate,82,2022-04-01,2022-02-15 00:00:00,90.0,14363.87452492151
Separate,82,2022-07-01,2022-05-16 12:00:00,91.0,14469.496781552558
Separate,82,2022-10-01,2022-08-16 00:00:00,92.0,14575.459689519004
Separate,82,2023-01-01,2022-11-16 00:00:00,92.0,14681.171076289662
Separate,82,2023-04-01,2023-02-15 00:00:00,90.0,14784.921240041487
Separate,82,2023-07-01,2023-05-16 12:00:00,91.0,14887.302817580301
Separate,82,2023-10-01,2023-08-16 00:00:00,92.0,14990.014594665203
Separate,82,2024-01-01,2023-11-16 00:00:00,92.0,15092.48256767201
Separate,82,2024-04-01,2024-02-15 12:00:00,91.0,15193.599184887258
Separate,82,2024-07-01,2024-05-16 12:00:00,91.0,15293.382128192829
Separate,82,2024-10-01,2024-08-16 00:00:00,92.0,15392.934025158376
Separate,82,2025-01-01,2024-11-16 00:00:00,92.0,15492.249618562992
Separate,82,2025-04-01,2025-02-15 00:00:00,90.0,15589.722647664614
Separate,82,2025-07-01,2025-05-16 12:00:00,91.0,15685.90989331246
Separate,82,2025-10-01,2025-08-16 00:00:00,92.0,15782.40736063829
Separate,82,2026-01-01,2025-11-16 00:00:00,92.0,15878.675774619793
Separate,82,2026-04-01,2026-02-15 00:00:00,90.0,15973.158157454596
Separate,82,2026-07-01,2026-05-16 12:00:00,91.0,16066.394206964053
Separate,82,2026-10-01,2026-08-16 00:00:00,92.0,16159.930959997293
Separate,82,2027-01-01,2026-11-16 00:00:00,92.0,16253.245687453158
Separate,82,2027-04-01,2027-02-15 00:00:00,90.0,16344.829182377955
Separate,82,2027-07-01,2027-05-16 12:00:00,91.0,16435.204583706927
Separate,82,2027-10-01,2027-08-16 00:00:00,92.0,16525.871462440362
Separate,82,2028-01-01,2027-11-16 00:00:00,92.0,16616.323127733947
Liquid-WC-time,85,2008-04-01,2008-02-15 12:00:00,91.0,8441.238289998537
Liquid-WC-time,85,2008-07-01,2008-05-16 12:00:00,91.0,9135.38815927661
Liquid-WC-time,85,2008-10-01,2008-08-16 00:00:00,92.0,9229.013070086989
Liquid-WC-time,85,2009-01-01,2008-11-16 00:00:00,92.0,9318.775530280182
Liquid-WC-time,85,2009-04-01,2009-02-15 00:00:00,90.0,9403.250938825351
Liquid-WC-time,85,2009-07-01,2009-05-16 12:00:00,91.0,9483.002306536904
Liquid-WC-time,85,2009-10-01,2009-08-16 00:00:00,92.0,9559.352354257813
Liquid-WC-time,85,2010-01-01,2009-11-16 00:00:00,92.0,9631.818308501099
Liquid-WC-time,85,2010-04-01,2010-02-15 00:00:00,90.0,9699.303596236061
Liquid-WC-time,85,2010-07-01,2010-05-16 12:00:00,91.0,9762.318526303334
Liquid-WC-time,85,2010-10-01,2010-08-16 00:00:00,92.0,9821.94945097164
Liquid-WC-time,85,2011-01-01,2010-11-16 00:00:00,92.0,9877.846961477042
Liquid-WC-time,85,2011-04-01,2011-02-15 00:00:00,90.0,9929.215682471378
Liquid-WC-time,85,2011-07-01,2011-05-16 12:00:00,91.0,9976.501474888606
Liquid-WC-time,85,2011-10-01,2011-08-16 00:00:00,92.0,10020.558170940525
Liquid-WC-time,85,2012-01-01,2011-11-16 00:00:00,92.0,10061.152822222035
Liquid-WC-time,85,2012-04-01,2012-02-15 12:00:00,91.0,10097.944752928566
Liquid-WC-time,85,2012-07-01,2012-05-16 12:00:00,91.0,10131.08888314427
Liquid-WC-time,85,2012-10-01,2012-08-16 00:00:00,92.0,10161.055320640378
Liquid-WC-time,85,2013-01-01,2012-11-16 00:00:00,92.0,10187.903755404379
Liquid-WC-time,85,2013-04-01,2013-02-15 00:00:00,90.0,10211.33421374667
Liquid-WC-time,85,2013-07-01,2013-05-16 12:00:00,91.0,10231.646173084911
Liquid-WC-time,85,2013-10-01,2013-08-16 00:00:00,92.0,10249.269060114237
Liquid-WC-time,85,2014-01-01,2013-11-16 00:00:00,92.0,10264.147807718538
Liquid-WC-time,85,2014-04-01,2014-02-15 00:00:00,90.0,10276.173709590319
Liquid-WC-time,85,2014-07-01,2014-05-16 12:00:00,91.0,10285.573221934448
Liquid-WC-time,85,2014-10-01,2014-08-16 00:00:00,92.0,10292.594091127101
Liquid-WC-time,85,2015-01-01,2014-11-16 00:00:00,92.0,10297.244790053563
Liquid-WC-time,85,2015-04-01,2015-02-15 00:00:00,90.0,10299.573677199747
Liquid-WC-time,85,2015-07-01,2015-05-16 12:00:00,91.0,10299.738668430473
Liquid-WC-time,85,2015-10-01,2015-08-16 00:00:00,92.0,10297.82887740498
Liquid-WC-time,85,2016-01-01,2015-11-16 00:00:00,92.0,10293.902465362264
Liquid-WC-time,85,2016-04-01,2016-02-15 12:00:00,91.0,10288.096335214246
Liquid-WC-time,85,2016-07-01,2016-05-16 12:00:00,91.0,10280.528846602354
Liquid-WC-time,85,2016-10-01,2016-08-16 00:00:00,92.0,10271.205285653634
Liquid-WC-time,85,2017-01-01,2016-11-16 00:00:00,92.0,10260.187031788184
Liquid-WC-time,85,2017-04-01,2017-02-15 00:00:00,90.0,10247.750680456393
Liquid-WC-time,85,2017-07-01,2017-05-16 12:00:00,91.0,10233.93737035302
Liquid-WC-time,85,2017-10-01,2017-08-16 00:00:00,92.0,10218.586714990113
Liquid-WC-time,85,2018-01-01,2017-11-16 00:00:00,92.0,10201.824341833268
Liquid-WC-time,85,2018-04-01,2018-02-15 00:00:00,90.0,10184.00629561113
Liquid-WC-time,85,2018-07-01,2018-05-16 12:00:00,91.0,10165.126918269056
Liquid-WC-time,85,2018-10-01,2018-08-16 00:00:00,92.0,10144.932219957527
Liquid-WC-time,85,2019-01-01,2018-11-16 00:00:00,92.0,10123.56968661673
Liquid-WC-time,85,2019-04-01,2019-02-15 00:00:00,90.0,10101.457043435175
Liquid-WC-time,85,2019-07-01,2019-05-16 12:00:00,91.0,10078.54931625298
Liquid-WC-time,85,2019-10-01,2019-08-16 00:00:00,92.0,10054.516620756653
Liquid-WC-time,85,2020-01-01,2019-11-16 00:00:00,92.0,10029.522647848758
Liquid-WC-time,85,2020-04-01,2020-02-15 12:00:00,91.0,10003.889600800125
Liquid-WC-time,85,2020-07-01,2020-05-16 12:00:00,91.0,9977.676506714342
Liquid-WC-time,85,2020-10-01,2020-08-16 00:00:00,92.0,9950.641071149836
Liquid-WC-time,85,2021-01-01,2020-11-16 00:00:00,92.0,9922.817372328562
Liquid-WC-time,85,2021-04-01,2021-02-15 00:00:00,90.0,9894.705993418893
Liquid-WC-time,85,2021-07-01,2021-05-16 12:00:00,91.0,9866.203140438094
Liquid-WC-time,85,2021-10-01,2021-08-16 00:00:00,92.0,9836.870668138337
Liquid-WC-time,85,2022-01-01,2021-11-16 00:00:00,92.0,9806.892529688614
Liquid-WC-time,85,2022-04-01,2022-02-15 00:00:00,90.0,9776.795490167373
Liquid-WC-time,85,2022-07-01,2022-05-16 12:00:00,91.0,9746.454743718054
Liquid-WC-time,85,2022-10-01,2022-08-16 00:00:00,92.0,9715.39547780059
Liquid-WC-time,85,2023-01-01,2022-11-16 00:00:00,92.0,9683.807447977688
Liquid-WC-time,85,2023-04-01,2023-02-15 00:00:00,90.0,9652.236151362624
Liquid-WC-time,85,2023-07-01,2023-05-16 12:00:00,91.0,9620.54026306003
Liquid-WC-time,85,2023-10-01,2023-08-16 00:00:00,92.0,9588.217284237398
Liquid-WC-time,85,2024-01-01,2023-11-16 00:00:00,92.0,9555.460756824392
Liquid-WC-time,85,2024-04-01,2024-02-15 12:00:00,91.0,9522.648908990424
Liquid-WC-time,85,2024-07-01,2024-05-16 12:00:00,91.0,9489.805930558141
Liquid-WC-time,85,2024-10-01,2024-08-16 00:00:00,92.0,9456.590685839887
Liquid-WC-time,85,2025-01-01,2024-11-16 00:00:00,92.0,9423.019242880622
Liquid-WC-time,85,2025-04-01,2025-02-15 00:00:00,90.0,9389.658071202206
Liquid-WC-time,85,2025-07-01,2025-05-16 12:00:00,91.0,9356.343394707847
Liquid-WC-time,85,2025-10-01,2025-08-16 00:00:00,92.0,9322.537959856994
Liquid-WC-time,85,2026-01-01,2025-11-16 00:00:00,92.0,9288.438578399142
Liquid-WC-time,85,2026-04-01,2026-02-15 00:00:00,90.0,9254.616160881686
Liquid-WC-time,85,2026-07-01,2026-05-16 12:00:00,91.0,9220.899806373067
Liquid-WC-time,85,2026-10-01,2026-08-16 00:00:00,92.0,9186.742689785911
Liquid-WC-time,85,2027-01-01,2026-11-16 00:00:00,92.0,9152.341734745904
Liquid-WC-time,85,2027-04-01,2027-02-15 00:00:00,90.0,9118.269397254619
Liquid-WC-time,85,2027-07-01,2027-05-16 12:00:00,91.0,9084.349703676098
Liquid-WC-time,85,2027-10-01,2027-08-16 00:00:00,92.0,9050.030095372673
Liquid-WC-time,85,2028-01-01,2027-11-16 00:00:00,92.0,9015.506899832222
Liquid-WC-volume,85,2008-04-01,2008-02-15 12:00:00,91.0,8440.926463060287
Liquid-WC-volume,85,2008-07-01,2008-05-16 12:00:00,91.0,9134.120313070756
Liquid-WC-volume,85,2008-10-01,2008-08-16 00:00:00,92.0,9226.31859203752
Liquid-WC-volume,85,2009-01-01,2008-11-16 00:00:00,92.0,9314.227849020705
Liquid-WC-volume,85,2009-04-01,2009-02-15 00:00:00,90.0,9396.506905370496
Liquid-WC-volume,85,2009-07-01,2009-05-16 12:00:00,91.0,9473.761993120905
Liquid-WC-volume,85,2009-10-01,2009-08-16 00:00:00,92.0,9547.319832805342
Liquid-WC-volume,85,2010-01-01,2009-11-16 00:00:00,92.0,9616.752446740218
Liquid-WC-volume,85,2010-04-01,2010-02-15 00:00:00,90.0,9681.057960381235
Liquid-WC-volume,85,2010-07-01,2010-05-16 12:00:00,91.0,9740.77335883501
Liquid-WC-volume,85,2010-10-01,2010-08-16 00:00:00,92.0,9796.968050031355
Liquid-WC-volume,85,2011-01-01,2010-11-16 00:00:00,92.0,9849.345361677686
Liquid-WC-volume,85,2011-04-01,2011-02-15 00:00:00,90.0,9897.20102193488
Liquid-WC-volume,85,2011-07-01,2011-05-16 12:00:00,91.0,9940.992309303565
Liquid-WC-volume,85,2011-10-01,2011-08-16 00:00:00,92.0,9981.54278762177
Liquid-WC-volume,85,2012-01-01,2011-11-16 00:00:00,92.0,10018.664534255215
Liquid-WC-volume,85,2012-04-01,2012-02-15 12:00:00,91.0,10052.07706279545
Liquid-WC-volume,85,2012-07-01,2012-05-16 12:00:00,91.0,10081.953820956687
Liquid-WC-volume,85,2012-10-01,2012-08-16 00:00:00,92.0,10108.746185841524
Liquid-WC-volume,85,2013-01-01,2012-11-16 00:00:00,92.0,10132.530348607217
Liquid-WC-volume,85,2013-04-01,2013-02-15 00:00:00,90.0,10153.067493503293
Liquid-WC-volume,85,2013-07-01,2013-05-16 12:00:00,91.0,10170.64854224583
Liquid-WC-volume,85,2013-10-01,2013-08-16 00:00:00,92.0,10185.666680333892
Liquid-WC-volume,85,2014-01-01,2013-11-16 00:00:00,92.0,10198.091220371587
Liquid-WC-volume,85,2014-04-01,2014-02-15 00:00:00,90.0,10207.856615239878
Liquid-WC-volume,85,2014-07-01,2014-05-16 12:00:00,91.0,10215.176582802702
Liquid-WC-volume,85,2014-10-01,2014-08-16 00:00:00,92.0,10220.266982419173
Liquid-WC-volume,85,2015-01-01,2014-11-16 00:00:00,92.0,10223.151293351923
Liquid-WC-volume,85,2015-04-01,2015-02-15 00:00:00,90.0,10223.904318939067
Liquid-WC-volume,85,2015-07-01,2015-05-16 12:00:00,91.0,10222.670093941655
Liquid-WC-volume,85,2015-10-01,2015-08-16 00:00:00,92.0,10219.51277684971
Liquid-WC-volume,85,2016-01-01,2015-11-16 00:00:00,92.0,10214.49780238193
Liquid-WC-volume,85,2016-04-01,2016-02-15 12:00:00,91.0,10207.769725636139
Liquid-WC-volume,85,2016-07-01,2016-05-16 12:00:00,91.0,10199.43985871553
Liquid-WC-volume,85,2016-10-01,2016-08-16 00:00:00,92.0,10189.499896931664
Liquid-WC-volume,85,2017-01-01,2016-11-16 00:00:00,92.0,10178.007758529371
Liquid-WC-volume,85,2017-04-01,2017-02-15 00:00:00,90.0,10165.240586166829
Liquid-WC-volume,85,2017-07-01,2017-05-16 12:00:00,91.0,10151.22888760105
Liquid-WC-volume,85,2017-10-01,2017-08-16 00:00:00,92.0,10135.803434611014
Liquid-WC-volume,85,2018-01-01,2017-11-16 00:00:00,92.0,10119.086784601535
Liquid-WC-volume,85,2018-04-01,2018-02-15 00:00:00,90.0,10101.42671328634
Liquid-WC-volume,85,2018-07-01,2018-05-16 12:00:00,91.0,10082.809778755674
Liquid-WC-volume,85,2018-10-01,2018-08-16 00:00:00,92.0,10062.98049768514
Liquid-WC-volume,85,2019-01-01,2018-11-16 00:00:00,92.0,10042.080295168673
Liquid-WC-volume,85,2019-04-01,2019-02-15 00:00:00,90.0,10020.512248085935
Liquid-WC-volume,85,2019-07-01,2019-05-16 12:00:00,91.0,9998.22654384571
Liquid-WC-volume,85,2019-10-01,2019-08-16 00:00:00,92.0,9974.89805513507
Liquid-WC-volume,85,2020-01-01,2019-11-16 00:00:00,92.0,9950.682506088977
Liquid-WC-volume,85,2020-04-01,2020-02-15 12:00:00,91.0,9925.887927661557
Liquid-WC-volume,85,2020-07-01,2020-05-16 12:00:00,91.0,9900.566944638123
Liquid-WC-volume,85,2020-10-01,2020-08-16 00:00:00,92.0,9874.481771716604
Liquid-WC-volume,85,2021-01-01,2020-11-16 00:00:00,92.0,9847.66213423046
Liquid-WC-volume,85,2021-04-01,2021-02-15 00:00:00,90.0,9820.586976381474
Liquid-WC-volume,85,2021-07-01,2021-05-16 12:00:00,91.0,9793.152759944509
Liquid-WC-volume,85,2021-10-01,2021-08-16 00:00:00,92.0,9764.93485862616
Liquid-WC-volume,85,2022-01-01,2021-11-16 00:00:00,92.0,9736.107706390807
Liquid-WC-volume,85,2022-04-01,2022-02-15 00:00:00,90.0,9707.175065493419
Liquid-WC-volume,85,2022-07-01,2022-05-16 12:00:00,91.0,9678.014291087677
Liquid-WC-volume,85,2022-10-01,2022-08-16 00:00:00,92.0,9648.166703771962
Liquid-WC-volume,85,2023-01-01,2022-11-16 00:00:00,92.0,9617.81249916602
Liquid-WC-volume,85,2023-04-01,2023-02-15 00:00:00,90.0,9587.473784249027
Liquid-WC-volume,85,2023-07-01,2023-05-16 12:00:00,91.0,9557.012850563277
Liquid-WC-volume,85,2023-10-01,2023-08-16 00:00:00,92.0,9525.944965199122
Liquid-WC-volume,85,2024-01-01,2023-11-16 00:00:00,92.0,9494.454363123068
Liquid-WC-volume,85,2024-04-01,2024-02-15 12:00:00,91.0,9462.903095159721
Liquid-WC-volume,85,2024-07-01,2024-05-16 12:00:00,91.0,9431.313103941116
Liquid-WC-volume,85,2024-10-01,2024-08-16 00:00:00,92.0,9399.354950581393
Liquid-WC-volume,85,2025-01-01,2024-11-16 00:00:00,92.0,9367.042730523517
Liquid-WC-volume,85,2025-04-01,2025-02-15 00:00:00,90.0,9334.920675244763
Liquid-WC-volume,85,2025-07-01,2025-05-16 12:00:00,91.0,9302.830352666286
Liquid-WC-volume,85,2025-10-01,2025-08-16 00:00:00,92.0,9270.25328303501
Liquid-WC-volume,85,2026-01-01,2025-11-16 00:00:00,92.0,9237.37797570018
Liquid-WC-volume,85,2026-04-01,2026-02-15 00:00:00,90.0,9204.754260086682
Liquid-WC-volume,85,2026-07-01,2026-05-16 12:00:00,91.0,9172.216966777549
Liquid-WC-volume,85,2026-10-01,2026-08-16 00:00:00,92.0,9139.237740713455
Liquid-WC-volume,85,2027-01-01,2026-11-16 00:00:00,92.0,9106.005822907486
Liquid-WC-volume,85,2027-04-01,2027-02-15 00:00:00,90.0,9073.073948048883
Liquid-WC-volume,85,2027-07-01,2027-05-16 12:00:00,91.0,9040.272026391147
Liquid-WC-volume,85,2027-10-01,2027-08-16 00:00:00,92.0,9007.06531166496
Liquid-WC-volume,85,2028-01-01,2027-11-16 00:00:00,92.0,8973.64309057804
Liquid-WC-time,84,2008-04-01,2008-02-15 12:00:00,91.0,8253.686374995734
Liquid-WC-time,84,2008-07-01,2008-05-16 12:00:00,91.0,8717.19858936593
Liquid-WC-time,84,2008-10-01,2008-08-16 00:00:00,92.0,8811.265270629816
Liquid-WC-time,84,2009-01-01,2008-11-16 00:00:00,92.0,8901.652744317265
Liquid-WC-time,84,2009-04-01,2009-02-15 00:00:00,90.0,8986.907460947376
Liquid-WC-time,84,2009-07-01,2009-05-16 12:00:00,91.0,9067.576709750343
Liquid-WC-time,84,2009-10-01,2009-08-16 00:00:00,92.0,9144.982597634398
Liquid-WC-time,84,2010-01-01,2009-11-16 00:00:00,92.0,9218.623237037384
Liquid-WC-time,84,2010-04-01,2010-02-15 00:00:00,90.0,9287.366272881627
Liquid-WC-time,84,2010-07-01,2010-05-16 12:00:00,91.0,9351.712144869287
Liquid-WC-time,84,2010-10-01,2010-08-16 00:00:00,92.0,9412.755381575422
Liquid-WC-time,84,2011-01-01,2010-11-16 00:00:00,92.0,9470.126686057278
Liquid-WC-time,84,2011-04-01,2011-02-15 00:00:00,90.0,9522.993395840791
Liquid-WC-time,84,2011-07-01,2011-05-16 12:00:00,91.0,9571.796945580742
Liquid-WC-time,84,2011-10-01,2011-08-16 00:00:00,92.0,9617.405336723217
Liquid-WC-time,84,2012-01-01,2011-11-16 00:00:00,92.0,9659.567122008206
Liquid-WC-time,84,2012-04-01,2012-02-15 12:00:00,91.0,9697.915044700174
Liquid-WC-time,84,2012-07-01,2012-05-16 12:00:00,91.0,9732.59544070724
Liquid-WC-time,84,2012-10-01,2012-08-16 00:00:00,92.0,9764.087458314536
Liquid-WC-time,84,2013-01-01,2012-11-16 00:00:00,92.0,9792.443408369816
Liquid-WC-time,84,2013-04-01,2013-02-15 00:00:00,90.0,9817.332767154276
Liquid-WC-time,84,2013-07-01,2013-05-16 12:00:00,91.0,9839.058254148196
Liquid-WC-time,84,2013-10-01,2013-08-16 00:00:00,92.0,9858.067741853469
Liquid-WC-time,84,2014-01-01,2013-11-16 00:00:00,92.0,9874.293414259411
Liquid-WC-time,84,2014-04-01,2014-02-15 00:00:00,90.0,9887.601555569967
Liquid-WC-time,84,2014-07-01,2014-05-16 12:00:00,91.0,9898.22381134233
Liquid-WC-time,84,2014-10-01,2014-08-16 00:00:00,92.0,9906.425558823039
Liquid-WC-time,84,2015-01-01,2014-11-16 00:00:00,92.0,9912.20564033998
Liquid-WC-time,84,2015-04-01,2015-02-15 00:00:00,90.0,9915.593153141854
Liquid-WC-time,84,2015-07-01,2015-05-16 12:00:00,91.0,9916.752069850054
Liquid-WC-time,84,2015-10-01,2015-08-16 00:00:00,92.0,9915.787095570451
Liquid-WC-time,84,2016-01-01,2015-11-16 00:00:00,92.0,9912.749593280985
Liquid-WC-time,84,2016-04-01,2016-02-15 12:00:00,91.0,9907.766915973809
Liquid-WC-time,84,2016-07-01,2016-05-16 12:00:00,91.0,9900.958699459885
Liquid-WC-time,84,2016-10-01,2016-08-16 00:00:00,92.0,9892.339223118823
Liquid-WC-time,84,2017-01-01,2016-11-16 00:00:00,92.0,9881.969880058146
Liquid-WC-time,84,2017-04-01,2017-02-15 00:00:00,90.0,9870.118275737514
Liquid-WC-time,84,2017-07-01,2017-05-16 12:00:00,91.0,9856.831122124342
Liquid-WC-time,84,2017-10-01,2017-08-16 00:00:00,92.0,9841.957814957217
Liquid-WC-time,84,2018-01-01,2017-11-16 00:00:00,92.0,9825.621581729501
Liquid-WC-time,84,2018-04-01,2018-02-15 00:00:00,90.0,9808.17358852211
Liquid-WC-time,84,2018-07-01,2018-05-16 12:00:00,91.0,9789.612893849448
Liquid-WC-time,84,2018-10-01,2018-08-16 00:00:00,92.0,9769.692247520485
Liquid-WC-time,84,2019-01-01,2018-11-16 00:00:00,92.0,9748.558295003584
Liquid-WC-time,84,2019-04-01,2019-02-15 00:00:00,90.0,9726.6272679468
Liquid-WC-time,84,2019-07-01,2019-05-16 12:00:00,91.0,9703.857898847578
Liquid-WC-time,84,2019-10-01,2019-08-16 00:00:00,92.0,9679.924207995606
Liquid-WC-time,84,2020-01-01,2019-11-16 00:00:00,92.0,9654.990243276176
Liquid-WC-time,84,2020-04-01,2020-02-15 12:00:00,91.0,9629.379412003434
Liquid-WC-time,84,2020-07-01,2020-05-16 12:00:00,91.0,9603.153110172067
Liquid-WC-time,84,2020-10-01,2020-08-16 00:00:00,92.0,9576.070709824562
Liquid-WC-time,84,2021-01-01,2020-11-16 00:00:00,92.0,9548.167597242833
Liquid-WC-time,84,2021-04-01,2021-02-15 00:00:00,90.0,9519.947677443093
Liquid-WC-time,84,2021-07-01,2021-05-16 12:00:00,91.0,9491.308847367272
Liquid-WC-time,84,2021-10-01,2021-08-16 00:00:00,92.0,9461.812215555783
Liquid-WC-time,84,2022-01-01,2021-11-16 00:00:00,92.0,9431.64363844061
Liquid-WC-time,84,2022-04-01,2022-02-15 00:00:00,90.0,9401.334786650374
Liquid-WC-time,84,2022-07-01,2022-05-16 12:00:00,91.0,9370.761672579161
Liquid-WC-time,84,2022-10-01,2022-08-16 00:00:00,92.0,9339.446991137513
Liquid-WC-time,84,2023-01-01,2022-11-16 00:00:00,92.0,9307.582854886094
Liquid-WC-time,84,2023-04-01,2023-02-15 00:00:00,90.0,9275.720814353062
Liquid-WC-time,84,2023-07-01,2023-05-16 12:00:00,91.0,9243.719617326673
Liquid-WC-time,84,2023-10-01,2023-08-16 00:00:00,92.0,9211.072895200841
Liquid-WC-time,84,2024-01-01,2023-11-16 00:00:00,92.0,9177.976847022772
Liquid-WC-time,84,2024-04-01,2024-02-15 12:00:00,91.0,9144.814584180222
Liquid-WC-time,84,2024-07-01,2024-05-16 12:00:00,91.0,9111.611615009197
Liquid-WC-time,84,2024-10-01,2024-08-16 00:00:00,92.0,9078.023939005545
Liquid-WC-time,84,2025-01-01,2024-11-16 00:00:00,92.0,9044.068524761693
Liquid-WC-time,84,2025-04-01,2025-02-15 00:00:00,90.0,9010.319177487989
Liquid-WC-time,84,2025-07-01,2025-05-16 12:00:00,91.0,8976.611092915411
Liquid-WC-time,84,2025-10-01,2025-08-16 00:00:00,92.0,8942.40135907236
Liquid-WC-time,84,2026-01-01,2025-11-16 00:00:00,92.0,8907.889712952077
Liquid-WC-time,84,2026-04-01,2026-02-15 00:00:00,90.0,8873.65465672281
Liquid-WC-time,84,2026-07-01,2026-05-16 12:00:00,91.0,8839.523890975248
Liquid-WC-time,84,2026-10-01,2026-08-16 00:00:00,92.0,8804.94444069412
Liquid-WC-time,84,2027-01-01,2026-11-16 00:00:00,92.0,8770.116170807054
Liquid-WC-time,84,2027-04-01,2027-02-15 00:00:00,90.0,8735.61919546591
Liquid-WC-time,84,2027-07-01,2027-05-16 12:00:00,91.0,8701.275874155726
Liquid-WC-time,84,2027-10-01,2027-08-16 00:00:00,92.0,8666.527219860774
Liquid-WC-time,84,2028-01-01,2027-11-16 00:00:00,92.0,8631.572462795708
Liquid-WC-time,80,2008-04-01,2008-02-15 12:00:00,91.0,8646.245913467237
Liquid-WC-time,80,2008-07-01,2008-05-16 12:00:00,91.0,8657.129632893704
Liquid-WC-time,80,2008-10-01,2008-08-16 00:00:00,92.0,8749.881974327418
Liquid-WC-time,80,2009-01-01,2008-11-16 00:00:00,92.0,8839.151514594565
Liquid-WC-time,80,2009-04-01,2009-02-15 00:00:00,90.0,8923.497765962615
Liquid-WC-time,80,2009-07-01,2009-05-16 12:00:00,91.0,9003.454802800175
Liquid-WC-time,80,2009-10-01,2009-08-16 00:00:00,92.0,9080.328805423464
Liquid-WC-time,80,2010-01-01,2009-11-16 00:00:00,92.0,9153.619229337484
Liquid-WC-time,80,2010-04-01,2010-02-15 00:00:00,90.0,9222.191137742044
Liquid-WC-time,80,2010-07-01,2010-05-16 12:00:00,91.0,9286.533364654979
Liquid-WC-time,80,2010-10-01,2010-08-16 00:00:00,92.0,9347.733593146195
Liquid-WC-time,80,2011-01-01,2010-11-16 00:00:00,92.0,9405.417285019654
Liquid-WC-time,80,2011-04-01,2011-02-15 00:00:00,90.0,9458.736906857084
Liquid-WC-time,80,2011-07-01,2011-05-16 12:00:00,91.0,9508.124968728316
Liquid-WC-time,80,2011-10-01,2011-08-16 00:00:00,92.0,9554.451153310907
Liquid-WC-time,80,2012-01-01,2011-11-16 00:00:00,92.0,9597.45418351597
Liquid-WC-time,80,2012-04-01,2012-02-15 12:00:00,91.0,9636.74877079785
Liquid-WC-time,80,2012-07-01,2012-05-16 12:00:00,91.0,9672.47091485777
Liquid-WC-time,80,2012-10-01,2012-08-16 00:00:00,92.0,9705.102555060637
Liquid-WC-time,80,2013-01-01,2012-11-16 00:00:00,92.0,9734.688790753362
Liquid-WC-time,80,2013-04-01,2013-02-15 00:00:00,90.0,9760.870084402959
Liquid-WC-time,80,2013-07-01,2013-05-16 12:00:00,91.0,9783.946879332701
Liquid-WC-time,80,2013-10-01,2013-08-16 00:00:00,92.0,9804.382145555446
Liquid-WC-time,80,2014-01-01,2013-11-16 00:00:00,92.0,9822.094239583645
Liquid-WC-time,80,2014-04-01,2014-02-15 00:00:00,90.0,9836.917718081673
Liquid-WC-time,80,2014-07-01,2014-05-16 12:00:00,91.0,9849.085035367163
Liquid-WC-time,80,2014-10-01,2014-08-16 00:00:00,92.0,9858.881059037603
Liquid-WC-time,80,2015-01-01,2014-11-16 00:00:00,92.0,9866.290639414006
Liquid-WC-time,80,2015-04-01,2015-02-15 00:00:00,90.0,9871.310471755514
Liquid-WC-time,80,2015-07-01,2015-05-16 12:00:00,91.0,9874.107899499382
Liquid-WC-time,80,2015-10-01,2015-08-16 00:00:00,92.0,9874.809986754766
Liquid-WC-time,80,2016-01-01,2015-11-16 00:00:00,92.0,9873.45464852663
Liquid-WC-time,80,2016-04-01,2016-02-15 12:00:00,91.0,9870.14672801308
Liquid-WC-time,80,2016-07-01,2016-05-16 12:00:00,91.0,9865.00198529456
Liquid-WC-time,80,2016-10-01,2016-08-16 00:00:00,92.0,9858.049435844889
Liquid-WC-time,80,2017-01-01,2016-11-16 00:00:00,92.0,9849.347131732042
Liquid-WC-time,80,2017-04-01,2017-02-15 00:00:00,90.0,9839.132675745752
Liquid-WC-time,80,2017-07-01,2017-05-16 12:00:00,91.0,9827.45941622408
Liquid-WC-time,80,2017-10-01,2017-08-16 00:00:00,92.0,9814.201066520875
Liquid-WC-time,80,2018-01-01,2017-11-16 00:00:00,92.0,9799.46950715351
Liquid-WC-time,80,2018-04-01,2018-02-15 00:00:00,90.0,9783.588061035922
Liquid-WC-time,80,2018-07-01,2018-05-16 12:00:00,91.0,9766.56319865699
Liquid-WC-time,80,2018-10-01,2018-08-16 00:00:00,92.0,9748.171586893175
Liquid-WC-time,80,2019-01-01,2018-11-16 00:00:00,92.0,9728.5497173177
Liquid-WC-time,80,2019-04-01,2019-02-15 00:00:00,90.0,9708.088364062292
Liquid-WC-time,80,2019-07-01,2019-05-16 12:00:00,91.0,9686.754002888534
Liquid-WC-time,80,2019-10-01,2019-08-16 00:00:00,92.0,9664.243586197577
Liquid-WC-time,80,2020-01-01,2019-11-16 00:00:00,92.0,9640.712161617677
Liquid-WC-time,80,2020-04-01,2020-02-15 12:00:00,91.0,9616.467460357471
Liquid-WC-time,80,2020-07-01,2020-05-16 12:00:00,91.0,9591.570992280167
Liquid-WC-time,80,2020-10-01,2020-08-16 00:00:00,92.0,9565.796548780298
Liquid-WC-time,80,2021-01-01,2020-11-16 00:00:00,92.0,9539.178997038742
Liquid-WC-time,80,2021-04-01,2021-02-15 00:00:00,90.0,9512.201548298448
Liquid-WC-time,80,2021-07-01,2021-05-16 12:00:00,91.0,9484.76959286098
Liquid-WC-time,80,2021-10-01,2021-08-16 00:00:00,92.0,9456.464239568651
Liquid-WC-time,80,2022-01-01,2021-11-16 00:00:00,92.0,9427.464372359378
Liquid-WC-time,80,2022-04-01,2022-02-15 00:00:00,90.0,9398.28314904852
Liquid-WC-time,80,2022-07-01,2022-05-16 12:00:00,91.0,9368.803676698399
Liquid-WC-time,80,2022-10-01,2022-08-16 00:00:00,92.0,9338.567000480125
Liquid-WC-time,80,2023-01-01,2022-11-16 00:00:00,92.0,9307.759105549234
Liquid-WC-time,80,2023-04-01,2023-02-15 00:00:00,90.0,9276.915020588205
Liquid-WC-time,80,2023-07-01,2023-05-16 12:00:00,91.0,9245.900099981945
Liquid-WC-time,80,2023-10-01,2023-08-16 00:00:00,92.0,9214.224682164904
Liquid-WC-time,80,2024-01-01,2023-11-16 00:00:00,92.0,9182.079574906793
Liquid-WC-time,80,2024-04-01,2024-02-15 12:00:00,91.0,9149.838099487208
Liquid-WC-time,80,2024-07-01,2024-05-16 12:00:00,91.0,9117.52668190461
Liquid-WC-time,80,2024-10-01,2024-08-16 00:00:00,92.0,9084.811686108456
Liquid-WC-time,80,2025-01-01,2024-11-16 00:00:00,92.0,9051.710313107495
Liquid-WC-time,80,2025-04-01,2025-02-15 00:00:00,90.0,9018.783228757646
Liquid-WC-time,80,2025-07-01,2025-05-16 12:00:00,91.0,8985.871169774415
Liquid-WC-time,80,2025-10-01,2025-08-16 00:00:00,92.0,8952.444874850951
Liquid-WC-time,80,2026-01-01,2025-11-16 00:00:00,92.0,8918.699874211912
Liquid-WC-time,80,2026-04-01,2026-02-15 00:00:00,90.0,8885.20293111735
Liquid-WC-time,80,2026-07-01,2026-05-16 12:00:00,91.0,8851.786768277596
Liquid-WC-time,80,2026-10-01,2026-08-16 00:00:00,92.0,8817.910707636373
Liquid-WC-time,80,2027-01-01,2026-11-16 00:00:00,92.0,8783.770876328097
Liquid-WC-time,80,2027-04-01,2027-02-15 00:00:00,90.0,8749.936877192722
Liquid-WC-time,80,2027-07-01,2027-05-16 12:00:00,91.0,8716.235603505274
Liquid-WC-time,80,2027-10-01,2027-08-16 00:00:00,92.0,8682.119139797338
Liquid-WC-time,80,2028-01-01,2027-11-16 00:00:00,92.0,8647.783380404115
Liquid-WC-volume,84,2008-04-01,2008-02-15 12:00:00,91.0,8253.19682991087
Liquid-WC-volume,84,2008-07-01,2008-05-16 12:00:00,91.0,8715.385169077419
Liquid-WC-volume,84,2008-10-01,2008-08-16 00:00:00,92.0,8807.637245399392
Liquid-WC-volume,84,2009-01-01,2008-11-16 00:00:00,92.0,8895.764361693442
Liquid-WC-volume,84,2009-04-01,2009-02-15 00:00:00,90.0,8978.404639850101
Liquid-WC-volume,84,2009-07-01,2009-05-16 12:00:00,91.0,9056.148282371543
Liquid-WC-volume,84,2009-10-01,2009-08-16 00:00:00,92.0,9130.3161044763
Liquid-WC-volume,84,2010-01-01,2009-11-16 00:00:00,92.0,9200.465256015892
Liquid-WC-volume,84,2010-04-01,2010-02-15 00:00:00,90.0,9265.567812534215
Liquid-WC-volume,84,2010-07-01,2010-05-16 12:00:00,91.0,9326.150742152644
Liquid-WC-volume,84,2010-10-01,2010-08-16 00:00:00,92.0,9383.286217413397
Liquid-WC-volume,84,2011-01-01,2010-11-16 00:00:00,92.0,9436.662516914592
Liquid-WC-volume,84,2011-04-01,2011-02-15 00:00:00,90.0,9485.548102909575
Liquid-WC-volume,84,2011-07-01,2011-05-16 12:00:00,91.0,9530.395421754856
Liquid-WC-volume,84,2011-10-01,2011-08-16 00:00:00,92.0,9572.0367149032
Liquid-WC-volume,84,2012-01-01,2011-11-16 00:00:00,92.0,9610.270283558932
Liquid-WC-volume,84,2012-04-01,2012-02-15 12:00:00,91.0,9644.795943591129
Liquid-WC-volume,84,2012-07-01,2012-05-16 12:00:00,91.0,9675.78019284285
Liquid-WC-volume,84,2012-10-01,2012-08-16 00:00:00,92.0,9703.680376541193
Liquid-WC-volume,84,2013-01-01,2012-11-16 00:00:00,92.0,9728.566996791116
Liquid-WC-volume,84,2013-04-01,2013-02-15 00:00:00,90.0,9750.178464764025
Liquid-WC-volume,84,2013-07-01,2013-05-16 12:00:00,91.0,9768.807641930305
Liquid-WC-volume,84,2013-10-01,2013-08-16 00:00:00,92.0,9784.861180093869
Liquid-WC-volume,84,2014-01-01,2013-11-16 00:00:00,92.0,9798.298826615852
Liquid-WC-volume,84,2014-04-01,2014-02-15 00:00:00,90.0,9809.035955704583
Liquid-WC-volume,84,2014-07-01,2014-05-16 12:00:00,91.0,9817.289878891801
Liquid-WC-volume,84,2014-10-01,2014-08-16 00:00:00,92.0,9823.28977720075
Liquid-WC-volume,84,2015-01-01,2014-11-16 00:00:00,92.0,9827.051704294494
Liquid-WC-volume,84,2015-04-01,2015-02-15 00:00:00,90.0,9828.63521824206
Liquid-WC-volume,84,2015-07-01,2015-05-16 12:00:00,91.0,9828.188719961096
Liquid-WC-volume,84,2015-10-01,2015-08-16 00:00:00,92.0,9825.788529453393
Liquid-WC-volume,84,2016-01-01,2015-11-16 00:00:00,92.0,9821.494573592492
Liquid-WC-volume,84,2016-04-01,2016-02-15 12:00:00,91.0,9815.443363457918
Liquid-WC-volume,84,2016-07-01,2016-05-16 12:00:00,91.0,9807.746794414717
Liquid-WC-volume,84,2016-10-01,2016-08-16 00:00:00,92.0,9798.403701018218
Liquid-WC-volume,84,2017-01-01,2016-11-16 00:00:00,92.0,9787.471762678788
Liquid-WC-volume,84,2017-04-01,2017-02-15 00:00:00,90.0,9775.219826339433
Liquid-WC-volume,84,2017-07-01,2017-05-16 12:00:00,91.0,9761.682606219427
Liquid-WC-volume,84,2017-10-01,2017-08-16 00:00:00,92.0,9746.699234788346
Liquid-WC-volume,84,2018-01-01,2017-11-16 00:00:00,92.0,9730.389766293538
Liquid-WC-volume,84,2018-04-01,2018-02-15 00:00:00,90.0,9713.096546379395
Liquid-WC-volume,84,2018-07-01,2018-05-16 12:00:00,91.0,9694.809798430282
Liquid-WC-volume,84,2018-10-01,2018-08-16 00:00:00,92.0,9675.280311312203
Liquid-WC-volume,84,2019-01-01,2018-11-16 00:00:00,92.0,9654.648110192269
Liquid-WC-volume,84,2019-04-01,2019-02-15 00:00:00,90.0,9633.31326970839
Liquid-WC-volume,84,2019-07-01,2019-05-16 12:00:00,91.0,9611.228980629818
Liquid-WC-volume,84,2019-10-01,2019-08-16 00:00:00,92.0,9588.07439613488
Liquid-WC-volume,84,2020-01-01,2019-11-16 00:00:00,92.0,9564.004719961596
Liquid-WC-volume,84,2020-04-01,2020-02-15 12:00:00,91.0,9539.327536344856
Liquid-WC-volume,84,2020-07-01,2020-05-16 12:00:00,91.0,9514.097001568301
Liquid-WC-volume,84,2020-10-01,2020-08-16 00:00:00,92.0,9488.077454952117
Liquid-WC-volume,84,2021-01-01,2020-11-16 00:00:00,92.0,9461.299384787031
Liquid-WC-volume,84,2021-04-01,2021-02-15 00:00:00,90.0,9434.242379511727
Liquid-WC-volume,84,2021-07-01,2021-05-16 12:00:00,91.0,9406.804539325472
Liquid-WC-volume,84,2021-10-01,2021-08-16 00:00:00,92.0,9378.562129529599
Liquid-WC-volume,84,2022-01-01,2021-11-16 00:00:00,92.0,9349.690288170525
Liquid-WC-volume,84,2022-04-01,2022-02-15 00:00:00,90.0,9320.694716000557
Liquid-WC-volume,84,2022-07-01,2022-05-16 12:00:00,91.0,9291.45379596654
Liquid-WC-volume,84,2022-10-01,2022-08-16 00:00:00,92.0,9261.508407112697
Liquid-WC-volume,84,2023-01-01,2022-11-16 00:00:00,92.0,9231.039852134236
Liquid-WC-volume,84,2023-04-01,2023-02-15 00:00:00,90.0,9200.573178455565
Liquid-WC-volume,84,2023-07-01,2023-05-16 12:00:00,91.0,9169.971170139346
Liquid-WC-volume,84,2023-10-01,2023-08-16 00:00:00,92.0,9138.747559724457
Liquid-WC-volume,84,2024-01-01,2023-11-16 00:00:00,92.0,9107.087986108887
Liquid-WC-volume,84,2024-04-01,2024-02-15 12:00:00,91.0,9075.357171174262
Liquid-WC-volume,84,2024-07-01,2024-05-16 12:00:00,91.0,9043.578024516066
Liquid-WC-volume,84,2024-10-01,2024-08-16 00:00:00,92.0,9011.419805667647
Liquid-WC-volume,84,2025-01-01,2024-11-16 00:00:00,92.0,8978.89722298361
Liquid-WC-volume,84,2025-04-01,2025-02-15 00:00:00,90.0,8946.558738661972
Liquid-WC-volume,84,2025-07-01,2025-05-16 12:00:00,91.0,8914.245585027304
Liquid-WC-volume,84,2025-10-01,2025-08-16 00:00:00,92.0,8881.436214643167
Liquid-WC-volume,84,2026-01-01,2025-11-16 00:00:00,92.0,8848.320890515719
Liquid-WC-volume,84,2026-04-01,2026-02-15 00:00:00,90.0,8815.454030531479
Liquid-WC-volume,84,2026-07-01,2026-05-16 12:00:00,91.0,8782.6698322735
Liquid-WC-volume,84,2026-10-01,2026-08-16 00:00:00,92.0,8749.43639080194
Liquid-WC-volume,84,2027-01-01,2026-11-16 00:00:00,92.0,8715.944782208813
Liquid-WC-volume,84,2027-04-01,2027-02-15 00:00:00,90.0,8682.75253683461
Liquid-WC-volume,84,2027-07-01,2027-05-16 12:00:00,91.0,8649.688703288744
Liquid-WC-volume,84,2027-10-01,2027-08-16 00:00:00,92.0,8616.214660814761
Liquid-WC-volume,84,2028-01-01,2027-11-16 00:00:00,92.0,8582.521565585033
Liquid-WC-time,83,2008-04-01,2008-02-15 12:00:00,91.0,8950.027433107842
Liquid-WC-time,83,2008-07-01,2008-05-16 12:00:00,91.0,8605.26260996442
Liquid-WC-time,83,2008-10-01,2008-08-16 00:00:00,92.0,8700.60622191085
Liquid-WC-time,83,2009-01-01,2008-11-16 00:00:00,92.0,8792.52415818717
Liquid-WC-time,83,2009-04-01,2009-02-15 00:00:00,90.0,8879.52147834773
Liquid-WC-time,83,2009-07-01,2009-05-16 12:00:00,91.0,8962.135628854303
Liquid-WC-time,83,2009-10-01,2009-08-16 00:00:00,92.0,9041.706564400993
Liquid-WC-time,83,2010-01-01,2009-11-16 00:00:00,92.0,9117.709105344975
Liquid-WC-time,83,2010-04-01,2010-02-15 00:00:00,90.0,9188.954507760496
Liquid-WC-time,83,2010-07-01,2010-05-16 12:00:00,91.0,9255.937442894943
Liquid-WC-time,83,2010-10-01,2010-08-16 00:00:00,92.0,9319.780632723245
Liquid-WC-time,83,2011-01-01,2010-11-16 00:00:00,92.0,9380.08626174785
Liquid-WC-time,83,2011-04-01,2011-02-15 00:00:00,90.0,9435.956850604216
Liquid-WC-time,83,2011-07-01,2011-05-16 12:00:00,91.0,9487.832903368664
Liquid-WC-time,83,2011-10-01,2011-08-16 00:00:00,92.0,9536.618707088835
Liquid-WC-time,83,2012-01-01,2011-11-16 00:00:00,92.0,9582.03237399374
Liquid-WC-time,83,2012-04-01,2012-02-15 12:00:00,91.0,9623.657182217381
Liquid-WC-time,83,2012-07-01,2012-05-16 12:00:00,91.0,9661.625512134775
Liquid-WC-time,83,2012-10-01,2012-08-16 00:00:00,92.0,9696.439939919414
Liquid-WC-time,83,2013-01-01,2012-11-16 00:00:00,92.0,9728.140941710899
Liquid-WC-time,83,2013-04-01,2013-02-15 00:00:00,90.0,9756.332299403184
Liquid-WC-time,83,2013-07-01,2013-05-16 12:00:00,91.0,9781.324755517991
Liquid-WC-time,83,2013-10-01,2013-08-16 00:00:00,92.0,9803.610645187937
Liquid-WC-time,83,2014-01-01,2013-11-16 00:00:00,92.0,9823.094682484541
Liquid-WC-time,83,2014-04-01,2014-02-15 00:00:00,90.0,9839.582307858765
Liquid-WC-time,83,2014-07-01,2014-05-16 12:00:00,91.0,9853.316282721175
Liquid-WC-time,83,2014-10-01,2014-08-16 00:00:00,92.0,9864.606706356468
Liquid-WC-time,83,2015-01-01,2014-11-16 00:00:00,92.0,9873.42823707531
Liquid-WC-time,83,2015-04-01,2015-02-15 00:00:00,90.0,9879.755785149171
Liquid-WC-time,83,2015-07-01,2015-05-16 12:00:00,91.0,9883.766367206697
Liquid-WC-time,83,2015-10-01,2015-08-16 00:00:00,92.0,9885.607642273297
Liquid-WC-time,83,2016-01-01,2015-11-16 00:00:00,92.0,9885.310445101526
Liquid-WC-time,83,2016-04-01,2016-02-15 12:00:00,91.0,9882.969545514947
Liquid-WC-time,83,2016-07-01,2016-05-16 12:00:00,91.0,9878.703544972772
Liquid-WC-time,83,2016-10-01,2016-08-16 00:00:00,92.0,9872.55288591244
Liquid-WC-time,83,2017-01-01,2016-11-16 00:00:00,92.0,9864.576355375026
Liquid-WC-time,83,2017-04-01,2017-02-15 00:00:00,90.0,9855.002461149792
Liquid-WC-time,83,2017-07-01,2017-05-16 12:00:00,91.0,9843.89171586022
Liquid-WC-time,83,2017-10-01,2017-08-16 00:00:00,92.0,9831.128936939023
Liquid-WC-time,83,2018-01-01,2017-11-16 00:00:00,92.0,9816.823843004588
Liquid-WC-time,83,2018-04-01,2018-02-15 00:00:00,90.0,9801.295751007894
Liquid-WC-time,83,2018-07-01,2018-05-16 12:00:00,91.0,9784.556761126596
Liquid-WC-time,83,2018-10-01,2018-08-16 00:00:00,92.0,9766.390273656858
Liquid-WC-time,83,2019-01-01,2018-11-16 00:00:00,92.0,9746.932428498792
Liquid-WC-time,83,2019-04-01,2019-02-15 00:00:00,90.0,9726.574249499043
Liquid-WC-time,83,2019-07-01,2019-05-16 12:00:00,91.0,9705.286296567583
Liquid-WC-time,83,2019-10-01,2019-08-16 00:00:00,92.0,9682.768317052365
Liquid-WC-time,83,2020-01-01,2019-11-16 00:00:00,92.0,9659.176445220151
Liquid-WC-time,83,2020-04-01,2020-02-15 12:00:00,91.0,9634.821370088137
Liquid-WC-time,83,2020-07-01,2020-05-16 12:00:00,91.0,9609.767574339614
Liquid-WC-time,83,2020-10-01,2020-08-16 00:00:00,92.0,9583.789331490256
Liquid-WC-time,83,2021-01-01,2020-11-16 00:00:00,92.0,9556.923026417746
Liquid-WC-time,83,2021-04-01,2021-02-15 00:00:00,90.0,9529.658418051567
Liquid-WC-time,83,2021-07-01,2021-05-16 12:00:00,91.0,9501.90217024792
Liquid-WC-time,83,2021-10-01,2021-08-16 00:00:00,92.0,9473.231794557656
Liquid-WC-time,83,2022-01-01,2021-11-16 00:00:00,92.0,9443.829246363886
Liquid-WC-time,83,2022-04-01,2022-02-15 00:00:00,90.0,9414.216444095639
Liquid-WC-time,83,2022-07-01,2022-05-16 12:00:00,91.0,9384.276590288995
Liquid-WC-time,83,2022-10-01,2022-08-16 00:00:00,92.0,9353.54468487527
Liquid-WC-time,83,2023-01-01,2022-11-16 00:00:00,92.0,9322.210431516009
Liquid-WC-time,83,2023-04-01,2023-02-15 00:00:00,90.0,9290.819332546493
Liquid-WC-time,83,2023-07-01,2023-05-16 12:00:00,91.0,9259.235828592718
Liquid-WC-time,83,2023-10-01,2023-08-16 00:00:00,92.0,9226.962217767601
Liquid-WC-time,83,2024-01-01,2023-11-16 00:00:00,92.0,9194.193502315522
Liquid-WC-time,83,2024-04-01,2024-02-15 12:00:00,91.0,9161.311199860258
Liquid-WC-time,83,2024-07-01,2024-05-16 12:00:00,91.0,9128.343384800868
Liquid-WC-time,83,2024-10-01,2024-08-16 00:00:00,92.0,9094.950508237209
Liquid-WC-time,83,2025-01-01,2024-11-16 00:00:00,92.0,9061.150767403777
Liquid-WC-time,83,2025-04-01,2025-02-15 00:00:00,90.0,9027.517549304996
Liquid-WC-time,83,2025-07-01,2025-05-16 12:00:00,91.0,8993.8891413726
Liquid-WC-time,83,2025-10-01,2025-08-16 00:00:00,92.0,8959.725415455583
Liquid-WC-time,83,2026-01-01,2025-11-16 00:00:00,92.0,8925.22666772698
Liquid-WC-time,83,2026-04-01,2026-02-15 00:00:00,90.0,8890.973049079379
Liquid-WC-time,83,2026-07-01,2026-05-16 12:00:00,91.0,8856.794281850149
Liquid-WC-time,83,2026-10-01,2026-08-16 00:00:00,92.0,8822.137892348936
Liquid-WC-time,83,2027-01-01,2026-11-16 00:00:00,92.0,8787.204919483998
Liquid-WC-time,83,2027-04-01,2027-02-15 00:00:00,90.0,8752.578790401916
Liquid-WC-time,83,2027-07-01,2027-05-16 12:00:00,91.0,8718.082968237635
Liquid-WC-time,83,2027-10-01,2027-08-16 00:00:00,92.0,8683.157070612617
Liquid-WC-time,83,2028-01-01,2027-11-16 00:00:00,92.0,8648.001982349255
Liquid-WC-volume,80,2008-04-01,2008-02-15 12:00:00,91.0,8645.754566772257
Liquid-WC-volume,80,2008-07-01,2008-05-16 12:00:00,91.0,8655.319574293364
Liquid-WC-volume,80,2008-10-01,2008-08-16 00:00:00,92.0,8746.273520340455
Liquid-WC-volume,80,2009-01-01,2008-11-16 00:00:00,92.0,8833.307157169014
Liquid-WC-volume,80,2009-04-01,2009-02-15 00:00:00,90.0,8915.068412285009
Liquid-WC-volume,80,2009-07-01,2009-05-16 12:00:00,91.0,8992.131735949726
Liquid-WC-volume,80,2009-10-01,2009-08-16 00:00:00,92.0,9065.800136011985
Liquid-WC-volume,80,2010-01-01,2009-11-16 00:00:00,92.0,9135.629703445644
Liquid-WC-volume,80,2010-04-01,2010-02-15 00:00:00,90.0,9200.587491247057
Liquid-WC-volume,80,2010-07-01,2010-05-16 12:00:00,91.0,9261.187390944828
Liquid-WC-volume,80,2010-10-01,2010-08-16 00:00:00,92.0,9318.493581251323
Liquid-WC-volume,80,2011-01-01,2010-11-16 00:00:00,92.0,9372.187634768652
Liquid-WC-volume,80,2011-04-01,2011-02-15 00:00:00,90.0,9421.522175617682
Liquid-WC-volume,80,2011-07-01,2011-05-16 12:00:00,91.0,9466.940179318517
Liquid-WC-volume,80,2011-10-01,2011-08-16 00:00:00,92.0,9509.274792856253
Liquid-WC-volume,80,2012-01-01,2011-11-16 00:00:00,92.0,9548.31408827189
Liquid-WC-volume,80,2012-04-01,2012-02-15 12:00:00,91.0,9583.740148872792
Liquid-WC-volume,80,2012-07-01,2012-05-16 12:00:00,91.0,9615.70938579603
Liquid-WC-volume,80,2012-10-01,2012-08-16 00:00:00,92.0,9644.68156085795
Liquid-WC-volume,80,2013-01-01,2012-11-16 00:00:00,92.0,9670.720201888891
Liquid-WC-volume,80,2013-04-01,2013-02-15 00:00:00,90.0,9693.536577133835
Liquid-WC-volume,80,2013-07-01,2013-05-16 12:00:00,91.0,9713.4215823082
Liquid-WC-volume,80,2013-10-01,2013-08-16 00:00:00,92.0,9730.796017328845
Liquid-WC-volume,80,2014-01-01,2013-11-16 00:00:00,92.0,9745.606932278237
Liquid-WC-volume,80,2014-04-01,2014-02-15 00:00:00,90.0,9757.740679583947
Liquid-WC-volume,80,2014-07-01,2014-05-16 12:00:00,91.0,9767.415679918377
Liquid-WC-volume,80,2014-10-01,2014-08-16 00:00:00,92.0,9774.879360691522
Liquid-WC-volume,80,2015-01-01,2014-11-16 00:00:00,92.0,9780.135235628519
Liquid-WC-volume,80,2015-04-01,2015-02-15 00:00:00,90.0,9783.213554446978
Liquid-WC-volume,80,2015-07-01,2015-05-16 12:00:00,91.0,9784.266225480935
Liquid-WC-volume,80,2015-10-01,2015-08-16 00:00:00,92.0,9783.390414186713
Liquid-WC-volume,80,2016-01-01,2015-11-16 00:00:00,92.0,9780.634127866153
Liquid-WC-volume,80,2016-04-01,2016-02-15 12:00:00,91.0,9776.113693050467
Liquid-WC-volume,80,2016-07-01,2016-05-16 12:00:00,91.0,9769.937842113632
Liquid-WC-volume,80,2016-10-01,2016-08-16 00:00:00,92.0,9762.119246742162
Liquid-WC-volume,80,2017-01-01,2016-11-16 00:00:00,92.0,9752.71289149283
Liquid-WC-volume,80,2017-04-01,2017-02-15 00:00:00,90.0,9741.960483609637
Liquid-WC-volume,80,2017-07-01,2017-05-16 12:00:00,91.0,9729.903091239896
Liquid-WC-volume,80,2017-10-01,2017-08-16 00:00:00,92.0,9716.402435241349
Liquid-WC-volume,80,2018-01-01,2017-11-16 00:00:00,92.0,9701.56845891581
Liquid-WC-volume,80,2018-04-01,2018-02-15 00:00:00,90.0,9685.718118285553
Liquid-WC-volume,80,2018-07-01,2018-05-16 12:00:00,91.0,9668.848618898664
Liquid-WC-volume,80,2018-10-01,2018-08-16 00:00:00,92.0,9650.733016740125
Liquid-WC-volume,80,2019-01-01,2018-11-16 00:00:00,92.0,9631.502176323096
Liquid-WC-volume,80,2019-04-01,2019-02-15 00:00:00,90.0,9611.53268110421
Liquid-WC-volume,80,2019-07-01,2019-05-16 12:00:00,91.0,9590.784953809456
Liquid-WC-volume,80,2019-10-01,2019-08-16 00:00:00,92.0,9568.9596086947
Liquid-WC-volume,80,2020-01-01,2019-11-16 00:00:00,92.0,9546.20359181556
Liquid-WC-volume,80,2020-04-01,2020-02-15 12:00:00,91.0,9522.809842790712
Liquid-WC-volume,80,2020-07-01,2020-05-16 12:00:00,91.0,9498.832583803396
Liquid-WC-volume,80,2020-10-01,2020-08-16 00:00:00,92.0,9474.049739722162
Liquid-WC-volume,80,2021-01-01,2020-11-16 00:00:00,92.0,9448.491345296168
Liquid-WC-volume,80,2021-04-01,2021-02-15 00:00:00,90.0,9422.617276935858
Liquid-WC-volume,80,2021-07-01,2021-05-16 12:00:00,91.0,9396.332627269838
Liquid-WC-volume,80,2021-10-01,2021-08-16 00:00:00,92.0,9369.23272290834
Liquid-WC-volume,80,2022-01-01,2021-11-16 00:00:00,92.0,9341.486029221554
Liquid-WC-volume,80,2022-04-01,2022-02-15 00:00:00,90.0,9313.580284335465
Liquid-WC-volume,80,2022-07-01,2022-05-16 12:00:00,91.0,9285.400529601417
Liquid-WC-volume,80,2022-10-01,2022-08-16 00:00:00,92.0,9256.50534966167
Liquid-WC-volume,80,2023-01-01,2022-11-16 00:00:00,92.0,9227.070045450459
Liquid-WC-volume,80,2023-04-01,2023-02-15 00:00:00,90.0,9197.603320832384
Liquid-WC-volume,80,2023-07-01,2023-05-16 12:00:00,91.0,9167.974215423013
Liquid-WC-volume,80,2023-10-01,2023-08-16 00:00:00,92.0,9137.712808286366
Liquid-WC-volume,80,2024-01-01,2023-11-16 00:00:00,92.0,9106.999331644696
Liquid-WC-volume,80,2024-04-01,2024-02-15 12:00:00,91.0,9076.188597216056
Liquid-WC-volume,80,2024-07-01,2024-05-16 12:00:00,91.0,9045.30419932879
Liquid-WC-volume,80,2024-10-01,2024-08-16 00:00:00,92.0,9014.02562192212
Liquid-WC-volume,80,2025-01-01,2024-11-16 00:00:00,92.0,8982.367683419228
Liquid-WC-volume,80,2025-04-01,2025-02-15 00:00:00,90.0,8950.865327726138
Liquid-WC-volume,80,2025-07-01,2025-05-16 12:00:00,91.0,8919.365165595662
Liquid-WC-volume,80,2025-10-01,2025-08-16 00:00:00,92.0,8887.359428072266
Liquid-WC-volume,80,2026-01-01,2025-11-16 00:00:00,92.0,8855.033962454647
Liquid-WC-volume,80,2026-04-01,2026-02-15 00:00:00,90.0,8822.930877339011
Liquid-WC-volume,80,2026-07-01,2026-05-16 12:00:00,91.0,8790.889318065165
Liquid-WC-volume,80,2026-10-01,2026-08-16 00:00:00,92.0,8758.38999591282
Liquid-WC-volume,80,2027-01-01,2026-11-16 00:00:00,92.0,8725.61998036115
Liquid-WC-volume,80,2027-04-01,2027-02-15 00:00:00,90.0,8693.125578249494
Liquid-WC-volume,80,2027-07-01,2027-05-16 12:00:00,91.0,8660.740376186568
Liquid-WC-volume,80,2027-10-01,2027-08-16 00:00:00,92.0,8627.937299005363
Liquid-WC-volume,80,2028-01-01,2027-11-16 00:00:00,92.0,8594.903857470206
Liquid-WC-volume,83,2008-04-01,2008-02-15 12:00:00,91.0,8949.414308832733
Liquid-WC-volume,83,2008-07-01,2008-05-16 12:00:00,91.0,8603.073876256267
Liquid-WC-volume,83,2008-10-01,2008-08-16 00:00:00,92.0,8696.341324646835
Liquid-WC-volume,83,2009-01-01,2008-11-16 00:00:00,92.0,8785.72560722798
Liquid-WC-volume,83,2009-04-01,2009-02-15 00:00:00,90.0,8869.826569902896
Liquid-WC-volume,83,2009-07-01,2009-05-16 12:00:00,91.0,8949.222171036343
Liquid-WC-volume,83,2009-10-01,2009-08-16 00:00:00,92.0,9025.245395391004
Liquid-WC-volume,83,2010-01-01,2009-11-16 00:00:00,92.0,9097.4310544841
Liquid-WC-volume,83,2010-04-01,2010-02-15 00:00:00,90.0,9164.700182182176
Liquid-WC-volume,83,2010-07-01,2010-05-16 12:00:00,91.0,9227.572637101246
Liquid-WC-volume,83,2010-10-01,2010-08-16 00:00:00,92.0,9287.143465669096
Liquid-WC-volume,83,2011-01-01,2010-11-16 00:00:00,92.0,9343.07489533528
Liquid-WC-volume,83,2011-04-01,2011-02-15 00:00:00,90.0,9394.577878235405
Liquid-WC-volume,83,2011-07-01,2011-05-16 12:00:00,91.0,9442.103237612766
Liquid-WC-volume,83,2011-10-01,2011-08-16 00:00:00,92.0,9486.514292082264
Liquid-WC-volume,83,2012-01-01,2011-11-16 00:00:00,92.0,9527.582463174209
Liquid-WC-volume,83,2012-04-01,2012-02-15 12:00:00,91.0,9564.964282972882
Liquid-WC-volume,83,2012-07-01,2012-05-16 12:00:00,91.0,9598.814082875602
Liquid-WC-volume,83,2012-10-01,2012-08-16 00:00:00,92.0,9629.60975593458
Liquid-WC-volume,83,2013-01-01,2012-11-16 00:00:00,92.0,9657.41173348422
Liquid-WC-volume,83,2013-04-01,2013-02-15 00:00:00,90.0,9681.901501051667
Liquid-WC-volume,83,2013-07-01,2013-05-16 12:00:00,91.0,9703.379302617368
Liquid-WC-volume,83,2013-10-01,2013-08-16 00:00:00,92.0,9722.29101956255
Liquid-WC-volume,83,2014-01-01,2013-11-16 00:00:00,92.0,9738.5729661098
Liquid-WC-volume,83,2014-04-01,2014-02-15 00:00:00,90.0,9752.08790034536
Liquid-WC-volume,83,2014-07-01,2014-05-16 12:00:00,91.0,9763.063313362936
Liquid-WC-volume,83,2014-10-01,2014-08-16 00:00:00,92.0,9771.76803436025
Liquid-WC-volume,83,2015-01-01,2014-11-16 00:00:00,92.0,9778.197533891414
Liquid-WC-volume,83,2015-04-01,2015-02-15 00:00:00,90.0,9782.364287448923
Liquid-WC-volume,83,2015-07-01,2015-05-16 12:00:00,91.0,9784.428509208035
Liquid-WC-volume,83,2015-10-01,2015-08-16 00:00:00,92.0,9784.504782432123
Liquid-WC-volume,83,2016-01-01,2015-11-16 00:00:00,92.0,9782.635437405628
Liquid-WC-volume,83,2016-04-01,2016-02-15 12:00:00,91.0,9778.92848839398
Liquid-WC-volume,83,2016-07-01,2016-05-16 12:00:00,91.0,9773.495091630944
Liquid-WC-volume,83,2016-10-01,2016-08-16 00:00:00,92.0,9766.35760457101
Liquid-WC-volume,83,2017-01-01,2016-11-16 00:00:00,92.0,9757.571676551324
Liquid-WC-volume,83,2017-04-01,2017-02-15 00:00:00,90.0,9747.371136391577
Liquid-WC-volume,83,2017-07-01,2017-05-16 12:00:00,91.0,9735.803018582474
Liquid-WC-volume,83,2017-10-01,2017-08-16 00:00:00,92.0,9722.73857325931
Liquid-WC-volume,83,2018-01-01,2017-11-16 00:00:00,92.0,9708.28577118286
Liquid-WC-volume,83,2018-04-01,2018-02-15 00:00:00,90.0,9692.757665491767
Liquid-WC-volume,83,2018-07-01,2018-05-16 12:00:00,91.0,9676.15612170002
Liquid-WC-volume,83,2018-10-01,2018-08-16 00:00:00,92.0,9658.260156760398
Liquid-WC-volume,83,2019-01-01,2018-11-16 00:00:00,92.0,9639.200045394833
Liquid-WC-volume,83,2019-04-01,2019-02-15 00:00:00,90.0,9619.35183203684
Liquid-WC-volume,83,2019-07-01,2019-05-16 12:00:00,91.0,9598.679323149252
Liquid-WC-volume,83,2019-10-01,2019-08-16 00:00:00,92.0,9576.885887962644
Liquid-WC-volume,83,2020-01-01,2019-11-16 00:00:00,92.0,9554.119006082092
Liquid-WC-volume,83,2020-04-01,2020-02-15 12:00:00,91.0,9530.673458653328
Liquid-WC-volume,83,2020-07-01,2020-05-16 12:00:00,91.0,9506.605740570269
Liquid-WC-volume,83,2020-10-01,2020-08-16 00:00:00,92.0,9481.694434144736
Liquid-WC-volume,83,2021-01-01,2020-11-16 00:00:00,92.0,9455.970656495541
Liquid-WC-volume,83,2021-04-01,2021-02-15 00:00:00,90.0,9429.898871919513
Liquid-WC-volume,83,2021-07-01,2021-05-16 12:00:00,91.0,9403.385284524042
Liquid-WC-volume,83,2021-10-01,2021-08-16 00:00:00,92.0,9376.02273566454
Liquid-WC-volume,83,2022-01-01,2021-11-16 00:00:00,92.0,9347.9818504592
Liquid-WC-volume,83,2022-04-01,2022-02-15 00:00:00,90.0,9319.756838332116
Liquid-WC-volume,83,2022-07-01,2022-05-16 12:00:00,91.0,9291.232903650338
Liquid-WC-volume,83,2022-10-01,2022-08-16 00:00:00,92.0,9261.964100517494
Liquid-WC-volume,83,2023-01-01,2022-11-16 00:00:00,92.0,9232.128458203992
Liquid-WC-volume,83,2023-04-01,2023-02-15 00:00:00,90.0,9202.24266630378
Liquid-WC-volume,83,2023-07-01,2023-05-16 12:00:00,91.0,9172.175109598498
Liquid-WC-volume,83,2023-10-01,2023-08-16 00:00:00,92.0,9141.449635850184
Liquid-WC-volume,83,2024-01-01,2023-11-16 00:00:00,92.0,9110.249649295016
Liquid-WC-volume,83,2024-04-01,2024-02-15 12:00:00,91.0,9078.936336372744
Liquid-WC-volume,83,2024-07-01,2024-05-16 12:00:00,91.0,9047.534601311598
Liquid-WC-volume,83,2024-10-01,2024-08-16 00:00:00,92.0,9015.719247965224
Liquid-WC-volume,83,2025-01-01,2024-11-16 00:00:00,92.0,8983.505828629855
Liquid-WC-volume,83,2025-04-01,2025-02-15 00:00:00,90.0,8951.439409540262
Liquid-WC-volume,83,2025-07-01,2025-05-16 12:00:00,91.0,8919.364675941702
Liquid-WC-volume,83,2025-10-01,2025-08-16 00:00:00,92.0,8886.765115263022
Liquid-WC-volume,83,2026-01-01,2025-11-16 00:00:00,92.0,8853.830344966735
Liquid-WC-volume,83,2026-04-01,2026-02-15 00:00:00,90.0,8821.11330582367
Liquid-WC-volume,83,2026-07-01,2026-05-16 12:00:00,91.0,8788.450745441429
Liquid-WC-volume,83,2026-10-01,2026-08-16 00:00:00,92.0,8755.313751222484
Liquid-WC-volume,83,2027-01-01,2026-11-16 00:00:00,92.0,8721.893349910237
Liquid-WC-volume,83,2027-04-01,2027-02-15 00:00:00,90.0,8688.747202830678
Liquid-WC-volume,83,2027-07-01,2027-05-16 12:00:00,91.0,8655.706118621178
Liquid-WC-volume,83,2027-10-01,2027-08-16 00:00:00,92.0,8622.232722191222
Liquid-WC-volume,83,2028-01-01,2027-11-16 00:00:00,92.0,8588.518611762996
Constant,85,2008-04-01,2008-02-15 12:00:00,91.0,8407.31097735657
Constant,85,2008-07-01,2008-05-16 12:00:00,91.0,9004.050939995099
Constant,85,2008-10-01,2008-08-16 00:00:00,92.0,9004.050939994986
Constant,85,2009-01-01,2008-11-16 00:00:00,92.0,9004.050939994864
Constant,85,2009-04-01,2009-02-15 00:00:00,90.0,9004.050939994884
Constant,85,2009-07-01,2009-05-16 12:00:00,91.0,9004.050939994853
Constant,85,2009-10-01,2009-08-16 00:00:00,92.0,9004.050939994864
Constant,85,2010-01-01,2009-11-16 00:00:00,92.0,9004.050939994864
Constant,85,2010-04-01,2010-02-15 00:00:00,90.0,9004.050939994844
Constant,85,2010-07-01,2010-05-16 12:00:00,91.0,9004.050939994895
Constant,85,2010-10-01,2010-08-16 00:00:00,92.0,9004.050939995552
Constant,85,2011-01-01,2010-11-16 00:00:00,92.0,9004.050939995795
Constant,85,2011-04-01,2011-02-15 00:00:00,90.0,9004.050939995795
Constant,85,2011-07-01,2011-05-16 12:00:00,91.0,9004.050939995837
Constant,85,2011-10-01,2011-08-16 00:00:00,92.0,9004.050939995795
Constant,85,2012-01-01,2011-11-16 00:00:00,92.0,9004.050939995795
Constant,85,2012-04-01,2012-02-15 12:00:00,91.0,9004.050939995754
Constant,85,2012-07-01,2012-05-16 12:00:00,91.0,9004.050939995837
Constant,85,2012-10-01,2012-08-16 00:00:00,92.0,9004.050939995795
Constant,85,2013-01-01,2012-11-16 00:00:00,92.0,9004.050939995795
Constant,85,2013-04-01,2013-02-15 00:00:00,90.0,9004.050939995795
Constant,85,2013-07-01,2013-05-16 12:00:00,91.0,9004.050939995754
Constant,85,2013-10-01,2013-08-16 00:00:00,92.0,9004.050939995795
Constant,85,2014-01-01,2013-11-16 00:00:00,92.0,9004.050939995795
Constant,85,2014-04-01,2014-02-15 00:00:00,90.0,9004.050939995795
Constant,85,2014-07-01,2014-05-16 12:00:00,91.0,9004.050939995837
Constant,85,2014-10-01,2014-08-16 00:00:00,92.0,9004.050939995795
Constant,85,2015-01-01,2014-11-16 00:00:00,92.0,9004.050939995795
Constant,85,2015-04-01,2015-02-15 00:00:00,90.0,9004.050939995712
Constant,85,2015-07-01,2015-05-16 12:00:00,91.0,9004.050939995837
Constant,85,2015-10-01,2015-08-16 00:00:00,92.0,9004.050939995795
Constant,85,2016-01-01,2015-11-16 00:00:00,92.0,9004.050939995795
Constant,85,2016-04-01,2016-02-15 12:00:00,91.0,9004.050939995837
Constant,85,2016-07-01,2016-05-16 12:00:00,91.0,9004.050939995754
Constant,85,2016-10-01,2016-08-16 00:00:00,92.0,9004.050939995795
Constant,85,2017-01-01,2016-11-16 00:00:00,92.0,9004.050939995795
Constant,85,2017-04-01,2017-02-15 00:00:00,90.0,9004.050939995795
Constant,85,2017-07-01,2017-05-16 12:00:00,91.0,9004.050939995837
Constant,85,2017-10-01,2017-08-16 00:00:00,92.0,9004.050939995795
Constant,85,2018-01-01,2017-11-16 00:00:00,92.0,9004.050939995795
Constant,85,2018-04-01,2018-02-15 00:00:00,90.0,9004.05093999505
Constant,85,2018-07-01,2018-05-16 12:00:00,91.0,9004.05093999207
Constant,85,2018-10-01,2018-08-16 00:00:00,92.0,9004.05093999207
Constant,85,2019-01-01,2018-11-16 00:00:00,92.0,9004.05093999207
Constant,85,2019-04-01,2019-02-15 00:00:00,90.0,9004.05093999207
Constant,85,2019-07-01,2019-05-16 12:00:00,91.0,9004.05093999207
Constant,85,2019-10-01,2019-08-16 00:00:00,92.0,9004.05093999207
Constant,85,2020-01-01,2019-11-16 00:00:00,92.0,9004.05093999207
Constant,85,2020-04-01,2020-02-15 12:00:00,91.0,9004.05093999207
Constant,85,2020-07-01,2020-05-16 12:00:00,91.0,9004.05093999207
Constant,85,2020-10-01,2020-08-16 00:00:00,92.0,9004.05093999207
Constant,85,2021-01-01,2020-11-16 00:00:00,92.0,9004.05093999207
Constant,85,2021-04-01,2021-02-15 00:00:00,90.0,9004.05093999207
Constant,85,2021-07-01,2021-05-16 12:00:00,91.0,9004.05093999207
Constant,85,2021-10-01,2021-08-16 00:00:00,92.0,9004.05093999207
Constant,85,2022-01-01,2021-11-16 00:00:00,92.0,9004.05093999207
Constant,85,2022-04-01,2022-02-15 00:00:00,90.0,9004.05093999207
Constant,85,2022-07-01,2022-05-16 12:00:00,91.0,9004.05093999207
Constant,85,2022-10-01,2022-08-16 00:00:00,92.0,9004.05093999207
Constant,85,2023-01-01,2022-11-16 00:00:00,92.0,9004.05093999207
Constant,85,2023-04-01,2023-02-15 00:00:00,90.0,9004.05093999207
Constant,85,2023-07-01,2023-05-16 12:00:00,91.0,9004.05093999207
Constant,85,2023-10-01,2023-08-16 00:00:00,92.0,9004.05093999207
Constant,85,2024-01-01,2023-11-16 00:00:00,92.0,9004.05093999207
Constant,85,2024-04-01,2024-02-15 12:00:00,91.0,9004.05093999207
Constant,85,2024-07-01,2024-05-16 12:00:00,91.0,9004.05093999207
Constant,85,2024-10-01,2024-08-16 00:00:00,92.0,9004.05093999207
Constant,85,2025-01-01,2024-11-16 00:00:00,92.0,9004.05093999207
Constant,85,2025-04-01,2025-02-15 00:00:00,90.0,9004.05093999207
Constant,85,2025-07-01,2025-05-16 12:00:00,91.0,9004.05093999207
Constant,85,2025-10-01,2025-08-16 00:00:00,92.0,9004.05093999207
Constant,85,2026-01-01,2025-11-16 00:00:00,92.0,9004.05093999207
Constant,85,2026-04-01,2026-02-15 00:00:00,90.0,9004.05093999207
Constant,85,2026-07-01,2026-05-16 12:00:00,91.0,9004.05093999207
Constant,85,2026-10-01,2026-08-16 00:00:00,92.0,9004.05093999207
Constant,85,2027-01-01,2026-11-16 00:00:00,92.0,9004.05093999207
Constant,85,2027-04-01,2027-02-15 00:00:00,90.0,9004.05093999207
Constant,85,2027-07-01,2027-05-16 12:00:00,91.0,9004.05093999207
Constant,85,2027-10-01,2027-08-16 00:00:00,92.0,9004.05093999207
Constant,85,2028-01-01,2027-11-16 00:00:00,92.0,9004.05093999207
Constant,84,2008-04-01,2008-02-15 12:00:00,91.0,8189.293096948661
Constant,84,2008-07-01,2008-05-16 12:00:00,91.0,8555.151503826522
Constant,84,2008-10-01,2008-08-16 00:00:00,92.0,8555.151503826492
Constant,84,2009-01-01,2008-11-16 00:00:00,92.0,8555.151503826492
Constant,84,2009-04-01,2009-02-15 00:00:00,90.0,8555.151503826472
Constant,84,2009-07-01,2009-05-16 12:00:00,91.0,8555.151503826522
Constant,84,2009-10-01,2009-08-16 00:00:00,92.0,8555.151503826452
Constant,84,2010-01-01,2009-11-16 00:00:00,92.0,8555.151503826532
Constant,84,2010-04-01,2010-02-15 00:00:00,90.0,8555.151503826472
Constant,84,2010-07-01,2010-05-16 12:00:00,91.0,8555.15150382648
Constant,84,2010-10-01,2010-08-16 00:00:00,92.0,8555.151503826735
Constant,84,2011-01-01,2010-11-16 00:00:00,92.0,8555.151503827423
Constant,84,2011-04-01,2011-02-15 00:00:00,90.0,8555.151503827423
Constant,84,2011-07-01,2011-05-16 12:00:00,91.0,8555.151503827423
Constant,84,2011-10-01,2011-08-16 00:00:00,92.0,8555.151503827423
Constant,84,2012-01-01,2011-11-16 00:00:00,92.0,8555.151503827423
Constant,84,2012-04-01,2012-02-15 12:00:00,91.0,8555.151503827423
Constant,84,2012-07-01,2012-05-16 12:00:00,91.0,8555.151503827423
Constant,84,2012-10-01,2012-08-16 00:00:00,92.0,8555.151503827423
Constant,84,2013-01-01,2012-11-16 00:00:00,92.0,8555.151503827423
Constant,84,2013-04-01,2013-02-15 00:00:00,90.0,8555.151503827381
Constant,84,2013-07-01,2013-05-16 12:00:00,91.0,8555.151503827465
Constant,84,2013-10-01,2013-08-16 00:00:00,92.0,8555.151503827423
Constant,84,2014-01-01,2013-11-16 00:00:00,92.0,8555.151503827423
Constant,84,2014-04-01,2014-02-15 00:00:00,90.0,8555.151503827423
Constant,84,2014-07-01,2014-05-16 12:00:00,91.0,8555.151503827381
Constant,84,2014-10-01,2014-08-16 00:00:00,92.0,8555.151503827423
Constant,84,2015-01-01,2014-11-16 00:00:00,92.0,8555.151503827423
Constant,84,2015-04-01,2015-02-15 00:00:00,90.0,8555.151503827507
Constant,84,2015-07-01,2015-05-16 12:00:00,91.0,8555.151503827381
Constant,84,2015-10-01,2015-08-16 00:00:00,92.0,8555.151503827423
Constant,84,2016-01-01,2015-11-16 00:00:00,92.0,8555.151503827423
Constant,84,2016-04-01,2016-02-15 12:00:00,91.0,8555.151503827381
Constant,84,2016-07-01,2016-05-16 12:00:00,91.0,8555.151503827465
Constant,84,2016-10-01,2016-08-16 00:00:00,92.0,8555.151503827423
Constant,84,2017-01-01,2016-11-16 00:00:00,92.0,8555.151503827423
Constant,84,2017-04-01,2017-02-15 00:00:00,90.0,8555.151503827423
Constant,84,2017-07-01,2017-05-16 12:00:00,91.0,8555.151503827381
Constant,84,2017-10-01,2017-08-16 00:00:00,92.0,8555.151503827423
Constant,84,2018-01-01,2017-11-16 00:00:00,92.0,8555.151503827423
Constant,84,2018-04-01,2018-02-15 00:00:00,90.0,8555.151503827507
Constant,84,2018-07-01,2018-05-16 12:00:00,91.0,8555.151503827381
Constant,84,2018-10-01,2018-08-16 00:00:00,92.0,8555.151503827261
Constant,84,2019-01-01,2018-11-16 00:00:00,92.0,8555.151503823698
Constant,84,2019-04-01,2019-02-15 00:00:00,90.0,8555.151503823698
Constant,84,2019-07-01,2019-05-16 12:00:00,91.0,8555.15150382378
Constant,84,2019-10-01,2019-08-16 00:00:00,92.0,8555.151503823698
Constant,84,2020-01-01,2019-11-16 00:00:00,92.0,8555.151503823698
Constant,84,2020-04-01,2020-02-15 12:00:00,91.0,8555.151503823616
Constant,84,2020-07-01,2020-05-16 12:00:00,91.0,8555.15150382378
Constant,84,2020-10-01,2020-08-16 00:00:00,92.0,8555.151503823698
Constant,84,2021-01-01,2020-11-16 00:00:00,92.0,8555.151503823698
Constant,84,2021-04-01,2021-02-15 00:00:00,90.0,8555.151503823698
Constant,84,2021-07-01,2021-05-16 12:00:00,91.0,8555.151503823616
Constant,84,2021-10-01,2021-08-16 00:00:00,92.0,8555.151503823698
Constant,84,2022-01-01,2021-11-16 00:00:00,92.0,8555.151503823698
Constant,84,2022-04-01,2022-02-15 00:00:00,90.0,8555.151503823698
Constant,84,2022-07-01,2022-05-16 12:00:00,91.0,8555.15150382378
Constant,84,2022-10-01,2022-08-16 00:00:00,92.0,8555.151503823698
Constant,84,2023-01-01,2022-11-16 00:00:00,92.0,8555.151503823698
Constant,84,2023-04-01,2023-02-15 00:00:00,90.0,8555.151503823698
Constant,84,2023-07-01,2023-05-16 12:00:00,91.0,8555.151503823616
Constant,84,2023-10-01,2023-08-16 00:00:00,92.0,8555.151503823698
Constant,84,2024-01-01,2023-11-16 00:00:00,92.0,8555.151503823698
Constant,84,2024-04-01,2024-02-15 12:00:00,91.0,8555.15150382378
Constant,84,2024-07-01,2024-05-16 12:00:00,91.0,8555.151503823616
Constant,84,2024-10-01,2024-08-16 00:00:00,92.0,8555.151503823698
Constant,84,2025-01-01,2024-11-16 00:00:00,92.0,8555.151503823698
Constant,84,2025-04-01,2025-02-15 00:00:00,90.0,8555.151503823698
Constant,84,2025-07-01,2025-05-16 12:00:00,91.0,8555.15150382378
Constant,84,2025-10-01,2025-08-16 00:00:00,92.0,8555.151503823698
Constant,84,2026-01-01,2025-11-16 00:00:00,92.0,8555.151503823698
Constant,84,2026-04-01,2026-02-15 00:00:00,90.0,8555.151503823698
Constant,84,2026-07-01,2026-05-16 12:00:00,91.0,8555.151503823616
Constant,84,2026-10-01,2026-08-16 00:00:00,92.0,8555.151503823698
Constant,84,2027-01-01,2026-11-16 00:00:00,92.0,8555.151503823698
Constant,84,2027-04-01,2027-02-15 00:00:00,90.0,8555.151503823698
Constant,84,2027-07-01,2027-05-16 12:00:00,91.0,8555.15150382378
Constant,84,2027-10-01,2027-08-16 00:00:00,92.0,8555.151503823698
Constant,84,2028-01-01,2027-11-16 00:00:00,92.0,8555.151503823698
Liquid-WC-time,75,2008-04-01,2008-02-15 12:00:00,91.0,7328.374135980669
Liquid-WC-time,75,2008-07-01,2008-05-16 12:00:00,91.0,8092.1765325259585
Liquid-WC-time,75,2008-10-01,2008-08-16 00:00:00,92.0,8187.802393662177
Liquid-WC-time,75,2009-01-01,2008-11-16 00:00:00,92.0,8280.184503294488
Liquid-WC-time,75,2009-04-01,2009-02-15 00:00:00,90.0,8367.779617656188
Liquid-WC-time,75,2009-07-01,2009-05-16 12:00:00,91.0,8451.087152349057
Liquid-WC-time,75,2009-10-01,2009-08-16 00:00:00,92.0,8531.420710065686
Liquid-WC-time,75,2010-01-01,2009-11-16 00:00:00,92.0,8608.214407611638
Liquid-WC-time,75,2010-04-01,2010-02-15 00:00:00,90.0,8680.230081248448
Liquid-WC-time,75,2010-07-01,2010-05-16 12:00:00,91.0,8747.93230353128
Liquid-WC-time,75,2010-10-01,2010-08-16 00:00:00,92.0,8812.422132863177
Liquid-WC-time,75,2011-01-01,2010-11-16 00:00:00,92.0,8873.264398650388
Liquid-WC-time,75,2011-04-01,2011-02-15 00:00:00,90.0,8929.52442377367
Liquid-WC-time,75,2011-07-01,2011-05-16 12:00:00,91.0,8981.620573764483
Liquid-WC-time,75,2011-10-01,2011-08-16 00:00:00,92.0,9030.43464595128
Liquid-WC-time,75,2012-01-01,2011-11-16 00:00:00,92.0,9075.656748604515
Liquid-WC-time,75,2012-04-01,2012-02-15 12:00:00,91.0,9116.851402515893
Liquid-WC-time,75,2012-07-01,2012-05-16 12:00:00,91.0,9154.136151374532
Liquid-WC-time,75,2012-10-01,2012-08-16 00:00:00,92.0,9187.989971352863
Liquid-WC-time,75,2013-01-01,2012-11-16 00:00:00,92.0,9218.435436833488
Liquid-WC-time,75,2013-04-01,2013-02-15 00:00:00,90.0,9245.08796416372
Liquid-WC-time,75,2013-07-01,2013-05-16 12:00:00,91.0,9268.24659847726
Liquid-WC-time,75,2013-10-01,2013-08-16 00:00:00,92.0,9288.364365913783
Liquid-WC-time,75,2014-01-01,2013-11-16 00:00:00,92.0,9305.34504579696
Liquid-WC-time,75,2014-04-01,2014-02-15 00:00:00,90.0,9319.034439187413
Liquid-WC-time,75,2014-07-01,2014-05-16 12:00:00,91.0,9329.664811469042
Liquid-WC-time,75,2014-10-01,2014-08-16 00:00:00,92.0,9337.493083882753
Liquid-WC-time,75,2015-01-01,2014-11-16 00:00:00,92.0,9342.50671574279
Liquid-WC-time,75,2015-04-01,2015-02-15 00:00:00,90.0,9344.748618189826
Liquid-WC-time,75,2015-07-01,2015-05-16 12:00:00,91.0,9344.383985001225
Liquid-WC-time,75,2015-10-01,2015-08-16 00:00:00,92.0,9341.491652854273
Liquid-WC-time,75,2016-01-01,2015-11-16 00:00:00,92.0,9336.127504369568
Liquid-WC-time,75,2016-04-01,2016-02-15 12:00:00,91.0,9328.448851881529
Liquid-WC-time,75,2016-07-01,2016-05-16 12:00:00,91.0,9318.586853834298
Liquid-WC-time,75,2016-10-01,2016-08-16 00:00:00,92.0,9306.5294367539
Liquid-WC-time,75,2017-01-01,2016-11-16 00:00:00,92.0,9292.340978285622
Liquid-WC-time,75,2017-04-01,2017-02-15 00:00:00,90.0,9276.363752701216
Liquid-WC-time,75,2017-07-01,2017-05-16 12:00:00,91.0,9258.638639973251
Liquid-WC-time,75,2017-10-01,2017-08-16 00:00:00,92.0,9238.95025801683
Liquid-WC-time,75,2018-01-01,2017-11-16 00:00:00,92.0,9217.451700052165
Liquid-WC-time,75,2018-04-01,2018-02-15 00:00:00,90.0,9194.592852679143
Liquid-WC-time,75,2018-07-01,2018-05-16 12:00:00,91.0,9170.361090714623
Liquid-WC-time,75,2018-10-01,2018-08-16 00:00:00,92.0,9144.425905543581
Liquid-WC-time,75,2019-01-01,2018-11-16 00:00:00,92.0,9116.97284432533
Liquid-WC-time,75,2019-04-01,2019-02-15 00:00:00,90.0,9088.536277392175
Liquid-WC-time,75,2019-07-01,2019-05-16 12:00:00,91.0,9059.056929431446
Liquid-WC-time,75,2019-10-01,2019-08-16 00:00:00,92.0,9028.109029124045
Liquid-WC-time,75,2020-01-01,2019-11-16 00:00:00,92.0,8995.902350929202
Liquid-WC-time,75,2020-04-01,2020-02-15 12:00:00,91.0,8962.852084306734
Liquid-WC-time,75,2020-07-01,2020-05-16 12:00:00,91.0,8929.035099636721
Liquid-WC-time,75,2020-10-01,2020-08-16 00:00:00,92.0,8894.13971762092
Liquid-WC-time,75,2021-01-01,2020-11-16 00:00:00,92.0,8858.210948321886
Liquid-WC-time,75,2021-04-01,2021-02-15 00:00:00,90.0,8821.89689563637
Liquid-WC-time,75,2021-07-01,2021-05-16 12:00:00,91.0,8785.065556999009
Liquid-WC-time,75,2021-10-01,2021-08-16 00:00:00,92.0,8747.152747891114
Liquid-WC-time,75,2022-01-01,2021-11-16 00:00:00,92.0,8708.398274235346
Liquid-WC-time,75,2022-04-01,2022-02-15 00:00:00,90.0,8669.485560295814
Liquid-WC-time,75,2022-07-01,2022-05-16 12:00:00,91.0,8630.255812864463
Liquid-WC-time,75,2022-10-01,2022-08-16 00:00:00,92.0,8590.097703130024
Liquid-WC-time,75,2023-01-01,2022-11-16 00:00:00,92.0,8549.259296581393
Liquid-WC-time,75,2023-04-01,2023-02-15 00:00:00,90.0,8508.448519725602
Liquid-WC-time,75,2023-07-01,2023-05-16 12:00:00,91.0,8467.48528591961
Liquid-WC-time,75,2023-10-01,2023-08-16 00:00:00,92.0,8425.722979150956
Liquid-WC-time,75,2024-01-01,2023-11-16 00:00:00,92.0,8383.414718417936
Liquid-WC-time,75,2024-04-01,2024-02-15 12:00:00,91.0,8341.051785860744
Liquid-WC-time,75,2024-07-01,2024-05-16 12:00:00,91.0,8298.667879017172
Liquid-WC-time,75,2024-10-01,2024-08-16 00:00:00,92.0,8255.825445112974
Liquid-WC-time,75,2025-01-01,2024-11-16 00:00:00,92.0,8212.548185029107
Liquid-WC-time,75,2025-04-01,2025-02-15 00:00:00,90.0,8169.56867498027
Liquid-WC-time,75,2025-07-01,2025-05-16 12:00:00,91.0,8126.677857194792
Liquid-WC-time,75,2025-10-01,2025-08-16 00:00:00,92.0,8083.186635279623
Liquid-WC-time,75,2026-01-01,2025-11-16 00:00:00,92.0,8039.351341377296
Liquid-WC-time,75,2026-04-01,2026-02-15 00:00:00,90.0,7995.907859495117
Liquid-WC-time,75,2026-07-01,2026-05-16 12:00:00,91.0,7952.638134333786
Liquid-WC-time,75,2026-10-01,2026-08-16 00:00:00,92.0,7908.842726895181
Liquid-WC-time,75,2027-01-01,2026-11-16 00:00:00,92.0,7864.777137849318
Liquid-WC-time,75,2027-04-01,2027-02-15 00:00:00,90.0,7821.176215396159
Liquid-WC-time,75,2027-07-01,2027-05-16 12:00:00,91.0,7777.815742388368
Liquid-WC-time,75,2027-10-01,2027-08-16 00:00:00,92.0,7733.991399339359
Liquid-WC-time,75,2028-01-01,2027-11-16 00:00:00,92.0,7689.956729501162
Constant,80,2008-04-01,2008-02-15 12:00:00,91.0,8575.82518902769
Constant,80,2008-07-01,2008-05-16 12:00:00,91.0,8490.565179137942
Constant,80,2008-10-01,2008-08-16 00:00:00,92.0,8490.565179137999
Constant,80,2009-01-01,2008-11-16 00:00:00,92.0,8490.565179137959
Constant,80,2009-04-01,2009-02-15 00:00:00,90.0,8490.565179137968
Constant,80,2009-07-01,2009-05-16 12:00:00,91.0,8490.565179137697
Constant,80,2009-10-01,2009-08-16 00:00:00,92.0,8490.565179137513
Constant,80,2010-01-01,2009-11-16 00:00:00,92.0,8490.565179137513
Constant,80,2010-04-01,2010-02-15 00:00:00,90.0,8490.565179137555
Constant,80,2010-07-01,2010-05-16 12:00:00,91.0,8490.565179137493
Constant,80,2010-10-01,2010-08-16 00:00:00,92.0,8490.565179137513
Constant,80,2011-01-01,2010-11-16 00:00:00,92.0,8490.565179137513
Constant,80,2011-04-01,2011-02-15 00:00:00,90.0,8490.565179137513
Constant,80,2011-07-01,2011-05-16 12:00:00,91.0,8490.565179137533
Constant,80,2011-10-01,2011-08-16 00:00:00,92.0,8490.565179137513
Constant,80,2012-01-01,2011-11-16 00:00:00,92.0,8490.565179137513
Constant,80,2012-04-01,2012-02-15 12:00:00,91.0,8490.565179137493
Constant,80,2012-07-01,2012-05-16 12:00:00,91.0,8490.565179137493
Constant,80,2012-10-01,2012-08-16 00:00:00,92.0,8490.565179137513
Constant,80,2013-01-01,2012-11-16 00:00:00,92.0,8490.565179137513
Constant,80,2013-04-01,2013-02-15 00:00:00,90.0,8490.565179137555
Constant,80,2013-07-01,2013-05-16 12:00:00,91.0,8490.565179138148
Constant,80,2013-10-01,2013-08-16 00:00:00,92.0,8490.565179139376
Constant,80,2014-01-01,2013-11-16 00:00:00,92.0,8490.565179139376
Constant,80,2014-04-01,2014-02-15 00:00:00,90.0,8490.565179139376
Constant,80,2014-07-01,2014-05-16 12:00:00,91.0,8490.565179139376
Constant,80,2014-10-01,2014-08-16 00:00:00,92.0,8490.565179139376
Constant,80,2015-01-01,2014-11-16 00:00:00,92.0,8490.565179139376
Constant,80,2015-04-01,2015-02-15 00:00:00,90.0,8490.565179139376
Constant,80,2015-07-01,2015-05-16 12:00:00,91.0,8490.565179139376
Constant,80,2015-10-01,2015-08-16 00:00:00,92.0,8490.565179139376
Constant,80,2016-01-01,2015-11-16 00:00:00,92.0,8490.565179139376
Constant,80,2016-04-01,2016-02-15 12:00:00,91.0,8490.565179139376
Constant,80,2016-07-01,2016-05-16 12:00:00,91.0,8490.565179139376
Constant,80,2016-10-01,2016-08-16 00:00:00,92.0,8490.565179139376
Constant,80,2017-01-01,2016-11-16 00:00:00,92.0,8490.565179139376
Constant,80,2017-04-01,2017-02-15 00:00:00,90.0,8490.565179139376
Constant,80,2017-07-01,2017-05-16 12:00:00,91.0,8490.565179139376
Constant,80,2017-10-01,2017-08-16 00:00:00,92.0,8490.565179139376
Constant,80,2018-01-01,2017-11-16 00:00:00,92.0,8490.565179139376
Constant,80,2018-04-01,2018-02-15 00:00:00,90.0,8490.565179139376
Constant,80,2018-07-01,2018-05-16 12:00:00,91.0,8490.565179139376
Constant,80,2018-10-01,2018-08-16 00:00:00,92.0,8490.565179139376
Constant,80,2019-01-01,2018-11-16 00:00:00,92.0,8490.565179139376
Constant,80,2019-04-01,2019-02-15 00:00:00,90.0,8490.565179139376
Constant,80,2019-07-01,2019-05-16 12:00:00,91.0,8490.565179139376
Constant,80,2019-10-01,2019-08-16 00:00:00,92.0,8490.565179139376
Constant,80,2020-01-01,2019-11-16 00:00:00,92.0,8490.565179139376
Constant,80,2020-04-01,2020-02-15 12:00:00,91.0,8490.565179139376
Constant,80,2020-07-01,2020-05-16 12:00:00,91.0,8490.565179139376
Constant,80,2020-10-01,2020-08-16 00:00:00,92.0,8490.565179139376
Constant,80,2021-01-01,2020-11-16 00:00:00,92.0,8490.565179139376
Constant,80,2021-04-01,2021-02-15 00:00:00,90.0,8490.565179139376
Constant,80,2021-07-01,2021-05-16 12:00:00,91.0,8490.565179139376
Constant,80,2021-10-01,2021-08-16 00:00:00,92.0,8490.565179139376
Constant,80,2022-01-01,2021-11-16 00:00:00,92.0,8490.565179139376
Constant,80,2022-04-01,2022-02-15 00:00:00,90.0,8490.565179139376
Constant,80,2022-07-01,2022-05-16 12:00:00,91.0,8490.565179139376
Constant,80,2022-10-01,2022-08-16 00:00:00,92.0,8490.565179139376
Constant,80,2023-01-01,2022-11-16 00:00:00,92.0,8490.565179139376
Constant,80,2023-04-01,2023-02-15 00:00:00,90.0,8490.565179139376
Constant,80,2023-07-01,2023-05-16 12:00:00,91.0,8490.565179139376
Constant,80,2023-10-01,2023-08-16 00:00:00,92.0,8490.565179139376
Constant,80,2024-01-01,2023-11-16 00:00:00,92.0,8490.565179139376
Constant,80,2024-04-01,2024-02-15 12:00:00,91.0,8490.565179139376
Constant,80,2024-07-01,2024-05-16 12:00:00,91.0,8490.565179139376
Constant,80,2024-10-01,2024-08-16 00:00:00,92.0,8490.565179139376
Constant,80,2025-01-01,2024-11-16 00:00:00,92.0,8490.565179139376
Constant,80,2025-04-01,2025-02-15 00:00:00,90.0,8490.565179139376
Constant,80,2025-07-01,2025-05-16 12:00:00,91.0,8490.565179139376
Constant,80,2025-10-01,2025-08-16 00:00:00,92.0,8490.565179139376
Constant,80,2026-01-01,2025-11-16 00:00:00,92.0,8490.565179139376
Constant,80,2026-04-01,2026-02-15 00:00:00,90.0,8490.565179139376
Constant,80,2026-07-01,2026-05-16 12:00:00,91.0,8490.565179139376
Constant,80,2026-10-01,2026-08-16 00:00:00,92.0,8490.565179139376
Constant,80,2027-01-01,2026-11-16 00:00:00,92.0,8490.565179139376
Constant,80,2027-04-01,2027-02-15 00:00:00,90.0,8490.565179139376
Constant,80,2027-07-01,2027-05-16 12:00:00,91.0,8490.565179139376
Constant,80,2027-10-01,2027-08-16 00:00:00,92.0,8490.565179139376
Constant,80,2028-01-01,2027-11-16 00:00:00,92.0,8490.565179139376
Constant,83,2008-04-01,2008-02-15 12:00:00,91.0,8871.738803787464
Constant,83,2008-07-01,2008-05-16 12:00:00,91.0,8428.306546609358
Constant,83,2008-10-01,2008-08-16 00:00:00,92.0,8428.306546609363
Constant,83,2009-01-01,2008-11-16 00:00:00,92.0,8428.306546609403
Constant,83,2009-04-01,2009-02-15 00:00:00,90.0,8428.306546609352
Constant,83,2009-07-01,2009-05-16 12:00:00,91.0,8428.306546609152
Constant,83,2009-10-01,2009-08-16 00:00:00,92.0,8428.306546608917
Constant,83,2010-01-01,2009-11-16 00:00:00,92.0,8428.306546608917
Constant,83,2010-04-01,2010-02-15 00:00:00,90.0,8428.306546608897
Constant,83,2010-07-01,2010-05-16 12:00:00,91.0,8428.306546608948
Constant,83,2010-10-01,2010-08-16 00:00:00,92.0,8428.306546608957
Constant,83,2011-01-01,2010-11-16 00:00:00,92.0,8428.306546609849
Constant,83,2011-04-01,2011-02-15 00:00:00,90.0,8428.306546609849
Constant,83,2011-07-01,2011-05-16 12:00:00,91.0,8428.30654660989
Constant,83,2011-10-01,2011-08-16 00:00:00,92.0,8428.306546609849
Constant,83,2012-01-01,2011-11-16 00:00:00,92.0,8428.306546609849
Constant,83,2012-04-01,2012-02-15 12:00:00,91.0,8428.306546609807
Constant,83,2012-07-01,2012-05-16 12:00:00,91.0,8428.30654660989
Constant,83,2012-10-01,2012-08-16 00:00:00,92.0,8428.306546609849
Constant,83,2013-01-01,2012-11-16 00:00:00,92.0,8428.306546609849
Constant,83,2013-04-01,2013-02-15 00:00:00,90.0,8428.306546609849
Constant,83,2013-07-01,2013-05-16 12:00:00,91.0,8428.306546609807
Constant,83,2013-10-01,2013-08-16 00:00:00,92.0,8428.306546609849
Constant,83,2014-01-01,2013-11-16 00:00:00,92.0,8428.306546609849
Constant,83,2014-04-01,2014-02-15 00:00:00,90.0,8428.306546609849
Constant,83,2014-07-01,2014-05-16 12:00:00,91.0,8428.30654660989
Constant,83,2014-10-01,2014-08-16 00:00:00,92.0,8428.306546609849
Constant,83,2015-01-01,2014-11-16 00:00:00,92.0,8428.306546609849
Constant,83,2015-04-01,2015-02-15 00:00:00,90.0,8428.306546609765
Constant,83,2015-07-01,2015-05-16 12:00:00,91.0,8428.30654660989
Constant,83,2015-10-01,2015-08-16 00:00:00,92.0,8428.306546609849
Constant,83,2016-01-01,2015-11-16 00:00:00,92.0,8428.306546609849
Constant,83,2016-04-01,2016-02-15 12:00:00,91.0,8428.30654660989
Constant,83,2016-07-01,2016-05-16 12:00:00,91.0,8428.306546609807
Constant,83,2016-10-01,2016-08-16 00:00:00,92.0,8428.306546609849
Constant,83,2017-01-01,2016-11-16 00:00:00,92.0,8428.306546609849
Constant,83,2017-04-01,2017-02-15 00:00:00,90.0,8428.306546609849
Constant,83,2017-07-01,2017-05-16 12:00:00,91.0,8428.30654660989
Constant,83,2017-10-01,2017-08-16 00:00:00,92.0,8428.306546609849
Constant,83,2018-01-01,2017-11-16 00:00:00,92.0,8428.306546609849
Constant,83,2018-04-01,2018-02-15 00:00:00,90.0,8428.306546609765
Constant,83,2018-07-01,2018-05-16 12:00:00,91.0,8428.30654660989
Constant,83,2018-10-01,2018-08-16 00:00:00,92.0,8428.306546609849
Constant,83,2019-01-01,2018-11-16 00:00:00,92.0,8428.30654660831
Constant,83,2019-04-01,2019-02-15 00:00:00,90.0,8428.306546606123
Constant,83,2019-07-01,2019-05-16 12:00:00,91.0,8428.306546606205
Constant,83,2019-10-01,2019-08-16 00:00:00,92.0,8428.306546606123
Constant,83,2020-01-01,2019-11-16 00:00:00,92.0,8428.306546606123
Constant,83,2020-04-01,2020-02-15 12:00:00,91.0,8428.306546606042
Constant,83,2020-07-01,2020-05-16 12:00:00,91.0,8428.306546606205
Constant,83,2020-10-01,2020-08-16 00:00:00,92.0,8428.306546606123
Constant,83,2021-01-01,2020-11-16 00:00:00,92.0,8428.306546606123
Constant,83,2021-04-01,2021-02-15 00:00:00,90.0,8428.306546606123
Constant,83,2021-07-01,2021-05-16 12:00:00,91.0,8428.306546606042
Constant,83,2021-10-01,2021-08-16 00:00:00,92.0,8428.306546606123
Constant,83,2022-01-01,2021-11-16 00:00:00,92.0,8428.306546606123
Constant,83,2022-04-01,2022-02-15 00:00:00,90.0,8428.306546606123
Constant,83,2022-07-01,2022-05-16 12:00:00,91.0,8428.306546606205
Constant,83,2022-10-01,2022-08-16 00:00:00,92.0,8428.306546606123
Constant,83,2023-01-01,2022-11-16 00:00:00,92.0,8428.306546606123
Constant,83,2023-04-01,2023-02-15 00:00:00,90.0,8428.306546606123
Constant,83,2023-07-01,2023-05-16 12:00:00,91.0,8428.306546606042
Constant,83,2023-10-01,2023-08-16 00:00:00,92.0,8428.306546606123
Constant,83,2024-01-01,2023-11-16 00:00:00,92.0,8428.306546606123
Constant,83,2024-04-01,2024-02-15 12:00:00,91.0,8428.306546606205
Constant,83,2024-07-01,2024-05-16 12:00:00,91.0,8428.306546606042
Constant,83,2024-10-01,2024-08-16 00:00:00,92.0,8428.306546606123
Constant,83,2025-01-01,2024-11-16 00:00:00,92.0,8428.306546606123
Constant,83,2025-04-01,2025-02-15 00:00:00,90.0,8428.306546606123
Constant,83,2025-07-01,2025-05-16 12:00:00,91.0,8428.306546606205
Constant,83,2025-10-01,2025-08-16 00:00:00,92.0,8428.306546606123
Constant,83,2026-01-01,2025-11-16 00:00:00,92.0,8428.306546606123
Constant,83,2026-04-01,2026-02-15 00:00:00,90.0,8428.306546606123
Constant,83,2026-07-01,2026-05-16 12:00:00,91.0,8428.306546606042
Constant,83,2026-10-01,2026-08-16 00:00:00,92.0,8428.306546606123
Constant,83,2027-01-01,2026-11-16 00:00:00,92.0,8428.306546606123
Constant,83,2027-04-01,2027-02-15 00:00:00,90.0,8428.306546606123
Constant,83,2027-07-01,2027-05-16 12:00:00,91.0,8428.306546606205
Constant,83,2027-10-01,2027-08-16 00:00:00,92.0,8428.306546606123
Constant,83,2028-01-01,2027-11-16 00:00:00,92.0,8428.306546606123
Liquid-WC-volume,75,2008-04-01,2008-02-15 12:00:00,91.0,7327.0337945022675
Liquid-WC-volume,75,2008-07-01,2008-05-16 12:00:00,91.0,8087.63209030986
Liquid-WC-volume,75,2008-10-01,2008-08-16 00:00:00,92.0,8179.29417829912
Liquid-WC-volume,75,2009-01-01,2008-11-16 00:00:00,92.0,8267.011314370791
Liquid-WC-volume,75,2009-04-01,2009-02-15 00:00:00,90.0,8349.391779761554
Liquid-WC-volume,75,2009-07-01,2009-05-16 12:00:00,91.0,8426.987579495124
Liquid-WC-volume,75,2009-10-01,2009-08-16 00:00:00,92.0,8501.084452861272
Liquid-WC-volume,75,2010-01-01,2009-11-16 00:00:00,92.0,8571.209356008989
Liquid-WC-volume,75,2010-04-01,2010-02-15 00:00:00,90.0,8636.303738637476
Liquid-WC-volume,75,2010-07-01,2010-05-16 12:00:00,91.0,8696.865417941504
Liquid-WC-volume,75,2010-10-01,2010-08-16 00:00:00,92.0,8753.938713148236
Liquid-WC-volume,75,2011-01-01,2010-11-16 00:00:00,92.0,8807.185294774037
Liquid-WC-volume,75,2011-04-01,2011-02-15 00:00:00,90.0,8855.852578459515
Liquid-WC-volume,75,2011-07-01,2011-05-16 12:00:00,91.0,8900.371938508413
Liquid-WC-volume,75,2011-10-01,2011-08-16 00:00:00,92.0,8941.549562072098
Liquid-WC-volume,75,2012-01-01,2011-11-16 00:00:00,92.0,8979.16482503376
Liquid-WC-volume,75,2012-04-01,2012-02-15 12:00:00,91.0,9012.907907700677
Liquid-WC-volume,75,2012-07-01,2012-05-16 12:00:00,91.0,9042.933406012686
Liquid-WC-volume,75,2012-10-01,2012-08-16 00:00:00,92.0,9069.675543745818
Liquid-WC-volume,75,2013-01-01,2012-11-16 00:00:00,92.0,9093.19107839044
Liquid-WC-volume,75,2013-04-01,2013-02-15 00:00:00,90.0,9113.23359842495
Liquid-WC-volume,75,2013-07-01,2013-05-16 12:00:00,91.0,9130.08425097229
Liquid-WC-volume,75,2013-10-01,2013-08-16 00:00:00,92.0,9144.113075391915
Liquid-WC-volume,75,2014-01-01,2013-11-16 00:00:00,92.0,9155.280952119552
Liquid-WC-volume,75,2014-04-01,2014-02-15 00:00:00,90.0,9163.539231672552
Liquid-WC-volume,75,2014-07-01,2014-05-16 12:00:00,91.0,9169.094429926394
Liquid-WC-volume,75,2014-10-01,2014-08-16 00:00:00,92.0,9172.128971807253
Liquid-WC-volume,75,2015-01-01,2014-11-16 00:00:00,92.0,9172.66982670347
Liquid-WC-volume,75,2015-04-01,2015-02-15 00:00:00,90.0,9170.832539623561
Liquid-WC-volume,75,2015-07-01,2015-05-16 12:00:00,91.0,9166.753610908576
Liquid-WC-volume,75,2015-10-01,2015-08-16 00:00:00,92.0,9160.450884471122
Liquid-WC-volume,75,2016-01-01,2015-11-16 00:00:00,92.0,9152.00392216517
Liquid-WC-volume,75,2016-04-01,2016-02-15 12:00:00,91.0,9141.59878887711
Liquid-WC-volume,75,2016-07-01,2016-05-16 12:00:00,91.0,9129.35557287825
Liquid-WC-volume,75,2016-10-01,2016-08-16 00:00:00,92.0,9115.228617610815
Liquid-WC-volume,75,2017-01-01,2016-11-16 00:00:00,92.0,9099.278465531199
Liquid-WC-volume,75,2017-04-01,2017-02-15 00:00:00,90.0,9081.863889669876
Liquid-WC-volume,75,2017-07-01,2017-05-16 12:00:00,91.0,9063.001717447825
Liquid-WC-volume,75,2017-10-01,2017-08-16 00:00:00,92.0,9042.448575537652
Liquid-WC-volume,75,2018-01-01,2017-11-16 00:00:00,92.0,9020.357639609067
Liquid-WC-volume,75,2018-04-01,2018-02-15 00:00:00,90.0,8997.174318047695
Liquid-WC-volume,75,2018-07-01,2018-05-16 12:00:00,91.0,8972.867135988814
Liquid-WC-volume,75,2018-10-01,2018-08-16 00:00:00,92.0,8947.09357515107
Liquid-WC-volume,75,2019-01-01,2018-11-16 00:00:00,92.0,8920.03156895636
Liquid-WC-volume,75,2019-04-01,2019-02-15 00:00:00,90.0,8892.194822981954
Liquid-WC-volume,75,2019-07-01,2019-05-16 12:00:00,91.0,8863.511007413268
Liquid-WC-volume,75,2019-10-01,2019-08-16 00:00:00,92.0,8833.556546657872
Liquid-WC-volume,75,2020-01-01,2019-11-16 00:00:00,92.0,8802.528201454683
Liquid-WC-volume,75,2020-04-01,2020-02-15 12:00:00,91.0,8770.816520294564
Liquid-WC-volume,75,2020-07-01,2020-05-16 12:00:00,91.0,8738.484475524052
Liquid-WC-volume,75,2020-10-01,2020-08-16 00:00:00,92.0,8705.225457109593
Liquid-WC-volume,75,2021-01-01,2020-11-16 00:00:00,92.0,8671.075535261032
Liquid-WC-volume,75,2021-04-01,2021-02-15 00:00:00,90.0,8636.642099594243
Liquid-WC-volume,75,2021-07-01,2021-05-16 12:00:00,91.0,8601.790987752214
Liquid-WC-volume,75,2021-10-01,2021-08-16 00:00:00,92.0,8565.981647531866
Liquid-WC-volume,75,2022-01-01,2021-11-16 00:00:00,92.0,8529.435263937257
Liquid-WC-volume,75,2022-04-01,2022-02-15 00:00:00,90.0,8492.789409219722
Liquid-WC-volume,75,2022-07-01,2022-05-16 12:00:00,91.0,8455.88754245377
Liquid-WC-volume,75,2022-10-01,2022-08-16 00:00:00,92.0,8418.149087682285
Liquid-WC-volume,75,2023-01-01,2022-11-16 00:00:00,92.0,8379.802515292622
Liquid-WC-volume,75,2023-04-01,2023-02-15 00:00:00,90.0,8341.507153959572
Liquid-WC-volume,75,2023-07-01,2023-05-16 12:00:00,91.0,8303.088731670936
Liquid-WC-volume,75,2023-10-01,2023-08-16 00:00:00,92.0,8263.936367235186
Liquid-WC-volume,75,2024-01-01,2023-11-16 00:00:00,92.0,8224.283406702316
Liquid-WC-volume,75,2024-04-01,2024-02-15 12:00:00,91.0,8184.586265182102
Liquid-WC-volume,75,2024-07-01,2024-05-16 12:00:00,91.0,8144.872682971613
Liquid-WC-volume,75,2024-10-01,2024-08-16 00:00:00,92.0,8104.729174088201
Liquid-WC-volume,75,2025-01-01,2024-11-16 00:00:00,92.0,8064.174657121301
Liquid-WC-volume,75,2025-04-01,2025-02-15 00:00:00,90.0,8023.892655056053
Liquid-WC-volume,75,2025-07-01,2025-05-16 12:00:00,91.0,7983.684613688143
Liquid-WC-volume,75,2025-10-01,2025-08-16 00:00:00,92.0,7942.901924893746
Liquid-WC-volume,75,2026-01-01,2025-11-16 00:00:00,92.0,7901.78228888029
Liquid-WC-volume,75,2026-04-01,2026-02-15 00:00:00,90.0,7861.013969951206
Liquid-WC-volume,75,2026-07-01,2026-05-16 12:00:00,91.0,7820.390710320119
Liquid-WC-volume,75,2026-10-01,2026-08-16 00:00:00,92.0,7779.253951504665
Liquid-WC-volume,75,2027-01-01,2026-11-16 00:00:00,92.0,7737.841558551497
Liquid-WC-volume,75,2027-04-01,2027-02-15 00:00:00,90.0,7696.842863570485
Liquid-WC-volume,75,2027-07-01,2027-05-16 12:00:00,91.0,7656.046189060414
Liquid-WC-volume,75,2027-10-01,2027-08-16 00:00:00,92.0,7614.787552190864
Liquid-WC-volume,75,2028-01-01,2027-11-16 00:00:00,92.0,7573.303993641683
Constant,75,2008-04-01,2008-02-15 12:00:00,91.0,7266.916382574466
Constant,75,2008-07-01,2008-05-16 12:00:00,91.0,7931.987494346409
Constant,75,2008-10-01,2008-08-16 00:00:00,92.0,7931.987494346423
Constant,75,2009-01-01,2008-11-16 00:00:00,92.0,7931.98749434624
Constant,75,2009-04-01,2009-02-15 00:00:00,90.0,7931.98749434621
Constant,75,2009-07-01,2009-05-16 12:00:00,91.0,7931.987494346327
Constant,75,2009-10-01,2009-08-16 00:00:00,92.0,7931.987494346645
Constant,75,2010-01-01,2009-11-16 00:00:00,92.0,7931.987494346727
Constant,75,2010-04-01,2010-02-15 00:00:00,90.0,7931.987494346665
Constant,75,2010-07-01,2010-05-16 12:00:00,91.0,7931.987494346696
Constant,75,2010-10-01,2010-08-16 00:00:00,92.0,7931.987494346686
Constant,75,2011-01-01,2010-11-16 00:00:00,92.0,7931.987494346281
Constant,75,2011-04-01,2011-02-15 00:00:00,90.0,7931.987494345754
Constant,75,2011-07-01,2011-05-16 12:00:00,91.0,7931.987494345754
Constant,75,2011-10-01,2011-08-16 00:00:00,92.0,7931.987494345754
Constant,75,2012-01-01,2011-11-16 00:00:00,92.0,7931.987494345754
Constant,75,2012-04-01,2012-02-15 12:00:00,91.0,7931.987494345754
Constant,75,2012-07-01,2012-05-16 12:00:00,91.0,7931.987494345754
Constant,75,2012-10-01,2012-08-16 00:00:00,92.0,7931.987494345754
Constant,75,2013-01-01,2012-11-16 00:00:00,92.0,7931.987494345754
Constant,75,2013-04-01,2013-02-15 00:00:00,90.0,7931.987494345754
Constant,75,2013-07-01,2013-05-16 12:00:00,91.0,7931.987494345754
Constant,75,2013-10-01,2013-08-16 00:00:00,92.0,7931.987494345754
Constant,75,2014-01-01,2013-11-16 00:00:00,92.0,7931.987494345754
Constant,75,2014-04-01,2014-02-15 00:00:00,90.0,7931.987494345754
Constant,75,2014-07-01,2014-05-16 12:00:00,91.0,7931.987494345795
Constant,75,2014-10-01,2014-08-16 00:00:00,92.0,7931.987494345754
Constant,75,2015-01-01,2014-11-16 00:00:00,92.0,7931.987494345754
Constant,75,2015-04-01,2015-02-15 00:00:00,90.0,7931.987494345754
Constant,75,2015-07-01,2015-05-16 12:00:00,91.0,7931.9874943457135
Constant,75,2015-10-01,2015-08-16 00:00:00,92.0,7931.987494345754
Constant,75,2016-01-01,2015-11-16 00:00:00,92.0,7931.987494345754
Constant,75,2016-04-01,2016-02-15 12:00:00,91.0,7931.987494345795
Constant,75,2016-07-01,2016-05-16 12:00:00,91.0,7931.9874943457135
Constant,75,2016-10-01,2016-08-16 00:00:00,92.0,7931.987494345754
Constant,75,2017-01-01,2016-11-16 00:00:00,92.0,7931.987494345754
Constant,75,2017-04-01,2017-02-15 00:00:00,90.0,7931.987494345754
Constant,75,2017-07-01,2017-05-16 12:00:00,91.0,7931.987494345795
Constant,75,2017-10-01,2017-08-16 00:00:00,92.0,7931.987494345754
Constant,75,2018-01-01,2017-11-16 00:00:00,92.0,7931.987494345754
Constant,75,2018-04-01,2018-02-15 00:00:00,90.0,7931.987494345754
Constant,75,2018-07-01,2018-05-16 12:00:00,91.0,7931.9874943457135
Constant,75,2018-10-01,2018-08-16 00:00:00,92.0,7931.987494345754
Constant,75,2019-01-01,2018-11-16 00:00:00,92.0,7931.987494345754
Constant,75,2019-04-01,2019-02-15 00:00:00,90.0,7931.987494345754
Constant,75,2019-07-01,2019-05-16 12:00:00,91.0,7931.987494345795
Constant,75,2019-10-01,2019-08-16 00:00:00,92.0,7931.987494348184
Constant,75,2020-01-01,2019-11-16 00:00:00,92.0,7931.98749434948
Constant,75,2020-04-01,2020-02-15 12:00:00,91.0,7931.98749434948
Constant,75,2020-07-01,2020-05-16 12:00:00,91.0,7931.98749434948
Constant,75,2020-10-01,2020-08-16 00:00:00,92.0,7931.98749434948
Constant,75,2021-01-01,2020-11-16 00:00:00,92.0,7931.98749434948
Constant,75,2021-04-01,2021-02-15 00:00:00,90.0,7931.98749434948
Constant,75,2021-07-01,2021-05-16 12:00:00,91.0,7931.98749434948
Constant,75,2021-10-01,2021-08-16 00:00:00,92.0,7931.98749434948
Constant,75,2022-01-01,2021-11-16 00:00:00,92.0,7931.98749434948
Constant,75,2022-04-01,2022-02-15 00:00:00,90.0,7931.98749434948
Constant,75,2022-07-01,2022-05-16 12:00:00,91.0,7931.98749434948
Constant,75,2022-10-01,2022-08-16 00:00:00,92.0,7931.98749434948
Constant,75,2023-01-01,2022-11-16 00:00:00,92.0,7931.98749434948
Constant,75,2023-04-01,2023-02-15 00:00:00,90.0,7931.98749434948
Constant,75,2023-07-01,2023-05-16 12:00:00,91.0,7931.98749434948
Constant,75,2023-10-01,2023-08-16 00:00:00,92.0,7931.98749434948
Constant,75,2024-01-01,2023-11-16 00:00:00,92.0,7931.98749434948
Constant,75,2024-04-01,2024-02-15 12:00:00,91.0,7931.98749434948
Constant,75,2024-07-01,2024-05-16 12:00:00,91.0,7931.98749434948
Constant,75,2024-10-01,2024-08-16 00:00:00,92.0,7931.98749434948
Constant,75,2025-01-01,2024-11-16 00:00:00,92.0,7931.98749434948
Constant,75,2025-04-01,2025-02-15 00:00:00,90.0,7931.98749434948
Constant,75,2025-07-01,2025-05-16 12:00:00,91.0,7931.98749434948
Constant,75,2025-10-01,2025-08-16 00:00:00,92.0,7931.98749434948
Constant,75,2026-01-01,2025-11-16 00:00:00,92.0,7931.987494349561
Constant,75,2026-04-01,2026-02-15 00:00:00,90.0,7931.98749434948
Constant,75,2026-07-01,2026-05-16 12:00:00,91.0,7931.98749434948
Constant,75,2026-10-01,2026-08-16 00:00:00,92.0,7931.98749434948
Constant,75,2027-01-01,2026-11-16 00:00:00,92.0,7931.98749434948
Constant,75,2027-04-01,2027-02-15 00:00:00,90.0,7931.98749434948
Constant,75,2027-07-01,2027-05-16 12:00:00,91.0,7931.98749434948
Constant,75,2027-10-01,2027-08-16 00:00:00,92.0,7931.98749434948
Constant,75,2028-01-01,2027-11-16 00:00:00,92.0,7931.98749434948
